{
  "schema_version": 1,
  "paper": "Physical Review Letters 136, 090202 (2026)",
  "source": "source-derived numeric tables embedded in backflow_audit.py",
  "protocol": {
    "matrix": "paper-exact symmetric Nystrom matrix",
    "theta_zero": 0.5,
    "fixed_window_fit": "unweighted lambda(L,N)=a(L)+b(L)/N",
    "final_fit": "uncertainty-weighted a(L)=a+b/L"
  },
  "fixed_window_refits": {
    "10": {
      "half_intervals": [
        100,
        200,
        300,
        400,
        500,
        600,
        700,
        800,
        900,
        1000
      ],
      "top_eigenvalues": [
        0.1089941477648881,
        0.1139918526091255,
        0.1156769692627627,
        0.1165224285063283,
        0.1170305983268448,
        0.1173697450068959,
        0.1176121707518563,
        0.1177940869441254,
        0.1179356345180387,
        0.1180489085192777
      ],
      "fit": {
        "intercept": 0.11904578115476115,
        "slope": -1.006541101888913,
        "residual_sum": 1.1048085990914178e-09,
        "intercept_std": 5.561804879448593e-06
      },
      "published_intercept": 0.1190457811547612,
      "published_intercept_std": 5.561804879449029e-06,
      "intercept_difference": -4.163336342344337e-17
    },
    "15": {
      "half_intervals": [
        150,
        300,
        450,
        600,
        750,
        900,
        1050,
        1200,
        1350,
        1500
      ],
      "top_eigenvalues": [
        0.1119434239699512,
        0.1169883703222082,
        0.1186785116904098,
        0.1195264258732301,
        0.1200361158663618,
        0.1203763059276854,
        0.120619494212111,
        0.1208019926220471,
        0.1209439994908275,
        0.1210576451546305
      ],
      "fit": {
        "intercept": 0.122063842435806,
        "slope": -1.5192793155954254,
        "residual_sum": 4.0705380131098514e-10,
        "intercept_std": 3.3759665374524566e-06
      },
      "published_intercept": 0.122063842435806,
      "published_intercept_std": 3.375966537451888e-06,
      "intercept_difference": 0.0
    },
    "20": {
      "half_intervals": [
        400,
        600,
        800,
        1000,
        1200,
        1400,
        1600,
        1800,
        2000,
        2200
      ],
      "top_eigenvalues": [
        0.1184799591245791,
        0.1201715170800806,
        0.1210211077144216,
        0.12153204630868,
        0.121873155366299,
        0.1221170385559465,
        0.122300077843297,
        0.1224425165250773,
        0.1225565144042943,
        0.1226498163346949
      ],
      "fit": {
        "intercept": 0.12357399927576238,
        "slope": -2.0393558601454314,
        "residual_sum": 6.927385804408818e-11,
        "intercept_std": 1.7945818382753796e-06
      },
      "published_intercept": 0.1235739992757623,
      "published_intercept_std": 1.794581838275372e-06,
      "intercept_difference": 6.938893903907228e-17
    },
    "25": {
      "half_intervals": [
        500,
        750,
        1000,
        1250,
        1500,
        1750,
        2000,
        2250,
        2500,
        2750
      ],
      "top_eigenvalues": [
        0.1193720192594545,
        0.121070092011453,
        0.1219223352025476,
        0.1224346215338796,
        0.1227765382427701,
        0.1230209570947946,
        0.1232043766828351,
        0.123347098871649,
        0.1234613160028462,
        0.1235547924141025
      ],
      "fit": {
        "intercept": 0.12448228624676982,
        "slope": -2.5569269346675187,
        "residual_sum": 4.6927620421587265e-11,
        "intercept_std": 1.4770420076562562e-06
      },
      "published_intercept": 0.1244822862467697,
      "published_intercept_std": 1.47704200765679e-06,
      "intercept_difference": 1.249000902703301e-16
    },
    "30": {
      "half_intervals": [
        600,
        900,
        1200,
        1500,
        1800,
        2100,
        2400,
        2700,
        3000,
        3300
      ],
      "top_eigenvalues": [
        0.1199705773485895,
        0.1216727154735607,
        0.1225237102038637,
        0.1230354498337929,
        0.1233770750757993,
        0.1236213172702387,
        0.1238046200925763,
        0.1239472601723789,
        0.124061416829827,
        0.1241548470766964
      ],
      "fit": {
        "intercept": 0.1250829195703286,
        "slope": -3.068533796622806,
        "residual_sum": 1.8757859597194986e-11,
        "intercept_std": 9.338351587048977e-07
      },
      "published_intercept": 0.1250829195703286,
      "published_intercept_std": 9.338351587060546e-07,
      "intercept_difference": 0.0
    },
    "35": {
      "half_intervals": [
        800,
        1200,
        1600,
        2000,
        2400,
        2800,
        3200,
        3600,
        4000,
        4400
      ],
      "top_eigenvalues": [
        0.1210457163111231,
        0.1225236257266571,
        0.1232707319394567,
        0.123719661701017,
        0.1240192405176445,
        0.1242333716554072,
        0.1243940508807573,
        0.1245190718418926,
        0.1246191191181317,
        0.1247009962047494
      ],
      "fit": {
        "intercept": 0.1255108771862946,
        "slope": -3.57708571006448,
        "residual_sum": 1.2742898453997247e-10,
        "intercept_std": 2.4339558249002547e-06
      },
      "published_intercept": 0.1255108771862945,
      "published_intercept_std": 2.433955824900637e-06,
      "intercept_difference": 1.1102230246251565e-16
    },
    "40": {
      "half_intervals": [
        1200,
        1800,
        2400,
        3000,
        3600,
        4200,
        4800,
        5400
      ],
      "top_eigenvalues": [
        0.1224211080034019,
        0.1235567482529446,
        0.12412652657885,
        0.1244689068130608,
        0.1246973635442337,
        0.1248606442986848,
        0.1249831574822948,
        0.1250784764658047
      ],
      "fit": {
        "intercept": 0.12583657313146648,
        "slope": -4.10055896334026,
        "residual_sum": 1.1187237792238783e-11,
        "intercept_std": 1.0170189842942605e-06
      },
      "published_intercept": 0.1258365731314665,
      "published_intercept_std": 1.017018984296298e-06,
      "intercept_difference": -2.7755575615628914e-17
    }
  },
  "independent_matrix_calibration": [
    {
      "window": 10,
      "half_intervals": 100,
      "computed": 0.10899414776488844,
      "published": 0.1089941477648881,
      "difference": 3.469446951953614e-16
    },
    {
      "window": 10,
      "half_intervals": 200,
      "computed": 0.11399185260912506,
      "published": 0.1139918526091255,
      "difference": -4.440892098500626e-16
    },
    {
      "window": 10,
      "half_intervals": 300,
      "computed": 0.11567696926276247,
      "published": 0.1156769692627627,
      "difference": -2.3592239273284576e-16
    },
    {
      "window": 10,
      "half_intervals": 400,
      "computed": 0.1165224285063289,
      "published": 0.1165224285063283,
      "difference": 6.106226635438361e-16
    }
  ],
  "final_fit": {
    "intercept": 0.12809975893286568,
    "slope": -0.09050752023369778,
    "weighted_residual_sum": 6.146631367404612,
    "intercept_std": 1.9958739106857365e-06
  },
  "published_final": {
    "intercept": 0.1280997589328653,
    "slope": -0.09050752023369246,
    "intercept_std": 1.995873910685532e-06,
    "rounded_result": "0.128100 +/- 0.000002"
  },
  "provenance": {
    "refits": "author_table_validation",
    "matrix_calibration": "independent_numerics"
  },
  "status": "passed"
}
