k,direction,omega_khz,input_power_w,cutoff,delta_l_over_u,delta_f_over_u,mean_n,g1,g2,g3,g4,analytic_g2,analytic_g3,f,f2,one_photon_blockade,two_photon_blockade,pit_2_to_4,residual_norm,trace_error,hermiticity_error,minimum_eigenvalue,tail_probability
0.0,-1,29.0,2e-15,12,1.0,-0.5075771768883085,0.0006864284142321632,1.0,0.10924941677592792,0.00428039951599034,0.0,0.10912630694973573,0.004270518422234,0.9993138071238553,0.9993167453117073,True,False,False,5.595269970852892e-17,2.915225990039273e-35,1.4123985836343572e-18,-1.7356592917534037e-28,0.0
0.01,-1,29.0,2e-15,12,0.99,-0.5075771768883085,0.0007150611953202024,1.0,0.10629389903160545,0.004030110606290846,0.0,0.10616841670204778,0.0040203703747410035,0.9992851944000106,0.999288076175718,True,False,False,2.7491122998668045e-17,0.0,5.815572522217559e-19,-1.3047516017734698e-32,0.0
0.02,-1,29.0,2e-15,12,0.98,-0.5075771768883085,0.0007455208146459237,1.0,0.10333999089602734,0.003788488548000615,0.0,0.10321208157399736,0.003778894397372799,0.9992547570169492,0.9992575814140178,True,False,False,9.597494164026061e-17,8.651638422052036e-36,1.5354149818079315e-18,-2.307524297755489e-28,0.0
0.03,-1,29.0,2e-15,12,0.97,-0.5075771768883085,0.0007779657999079521,1.0,0.10038858730416664,0.0035555015165839136,0.0,0.10025819514171706,0.0035460587067062026,0.9992223367370254,0.9992251027956068,True,False,False,5.678130256885396e-17,1.7115197747972506e-35,7.591143292775709e-19,-1.2944730941054658e-33,0.0
0.04,-1,29.0,2e-15,12,0.96,-0.5075771768883085,0.000812572225912338,1.0,0.0974406317097766,0.0033311114547922853,0.0,0.09730769946970866,0.00332182527966702,0.9991877578214969,0.9991904645901465,True,False,False,2.4283655540268418e-17,7.711242941394206e-36,1.0648526223782354e-18,-2.004254546739122e-28,0.0
0.05,-1,29.0,2e-15,12,0.95,-0.5075771768883085,0.0008495360937706012,1.0,0.09449711859893209,0.003115273846737974,0.0,0.094361587624335,0.0031061496268742594,0.9991508246598517,0.9991534711974265,True,False,False,9.202438672024052e-18,8.087401133657338e-36,1.1672639018193904e-18,-2.855254014277091e-28,0.0
0.06,-1,29.0,2e-15,12,0.94,-0.5075771768883085,0.0008890760944297502,1.0,0.09155909614384915,0.0029079374907198716,0.0,0.0914209063276727,0.0028989805646816667,0.9991113190166179,0.999113904394325,True,False,False,1.7924441333019086e-17,2.2945649728051052e-35,1.7012765925082846e-18,-5.0049801088600496e-39,0.0
0.07,-1,29.0,2e-15,12,0.9299999999999999,-0.5075771768883085,0.0009314368290181701,1.0,0.08862766900561274,0.0027090442715235704,0.0,0.08848675876036875,0.0027002599866347266,0.9990689968236146,0.9990715201272206,True,False,False,7.100566597795372e-17,6.58276836460481e-35,2.5169992527478846e-18,-2.6115403811184778e-33,0.0
0.08,-1,29.0,2e-15,12,0.9200000000000002,-0.5075771768883085,0.0009768925742079332,1.0,0.08570400129503154,0.002518528933020015,0.0,0.08556030752273294,0.002509922635163449,0.9990235844300029,0.9990260447622156,True,False,False,1.4209568121572732e-16,1.6550960459577808e-35,3.2341099408297804e-18,-1.3797153947818398e-32,0.0
0.09,-1,29.0,2e-15,12,0.9100000000000001,-0.5075771768883085,0.0010257517003818897,1.0,0.08278931970147098,0.0023363188520002915,0.0,0.08264277776392889,0.0023278958744445653,0.9989747742030627,0.9989771706860978,True,False,False,8.125525805658804e-17,5.679988703173293e-35,2.948457121282478e-18,-1.0344692824069294e-33,0.0
0.1,-1,29.0,2e-15,12,0.9000000000000001,-0.5075771768883085,0.0010783618749254588,1.0,0.07988491680019172,0.0021623338143107514,0.0,0.07973546048980948,0.002154099465492841,0.9989222193482994,0.9989245511266456,True,False,False,1.285580255808583e-16,1.316553672920962e-35,1.2587310627808286e-18,-3.696475495274922e-33,0.0
0.11,-1,29.0,2e-15,12,0.89,-0.5075771768883085,0.0011351162138428393,1.0,0.07699215454945404,0.001996485794492374,0.0,0.07683971606067069,0.0019884453446808435,0.9988655277868717,0.9988677940302677,True,False,False,5.134852220775566e-17,4.513898307157584e-36,1.3471769448033517e-18,-4.584817962053721e-28,0.0
0.12,-1,29.0,2e-15,12,0.88,-0.5075771768883085,0.001196460583975307,1.0,0.07411246798943233,0.001838678740283932,0.0,0.07395697789098968,0.0018308374070417242,0.9988042548896154,0.9988064547962547,True,False,False,5.994049472331988e-17,1.1102230246251565e-16,7.917024634782611e-18,-1.625018127339751e-30,0.0
0.13,-1,29.0,2e-15,12,0.87,-0.5075771768883085,0.0012629023078276076,1.0,0.07124736915583177,0.0016888083635203614,0.0,0.07108875636405895,0.0016811712958815462,0.9987378948176927,0.9987400276176724,True,False,False,1.2638784409051e-16,2.256949153578792e-36,3.506455950243063e-18,-4.183882272199984e-28,0.0
0.14,-1,29.0,2e-15,12,0.86,-0.5075771768883085,0.0013350205866595503,1.0,0.06839845122201223,0.0015467619391493432,0.0,0.0682366429753437,0.0015393342004184436,0.9986658701568928,0.9986679351159242,True,False,False,5.602084149846248e-17,3.423039549594501e-35,3.1339874606972687e-18,-6.641971452544649e-43,0.0
0.15,-1,29.0,2e-15,12,0.85,-0.5075771768883085,0.0014134790394701583,1.0,0.06556739288440497,0.0014124181143003877,0.0,0.06540231471937681,0.001405204663377506,0.9985875194515232,0.9985895158749227,True,False,False,6.2414748926367035e-18,1.0532429383367696e-35,1.3204228106255415e-18,-4.1237057538442977e-29,0.0
0.16,-1,29.0,2e-15,12,0.84,-0.5075771768883085,0.0014990408617418995,1.0,0.06275596300707259,0.001285646729575785,0.0,0.06258753873606726,0.0012786524007046356,0.9985020821387993,0.9985040093757808,True,False,False,4.751461557930755e-17,5.491909607041727e-35,2.5745826294479918e-18,-2.811781510770135e-28,0.0
0.17,-1,29.0,2e-15,12,0.83,-0.5075771768883085,0.0015925872464369413,1.0,0.0599660255424046,0.0011663086549927773,0.0,0.05979417723344742,0.0011595381358226154,0.9984086802476776,0.998410537695967,True,False,False,2.4330556560259334e-17,7.52316384526264e-37,6.074477592584479e-19,-1.877407266093911e-32,0.0
0.18,-1,29.0,2e-15,12,0.8200000000000001,-0.5075771768883085,0.0016951398919006792,1.0,0.057199544746177326,0.001054255643294714,0.0,0.057024192705124,0.0010477134511406533,0.9983062960462392,0.9983080831570365,True,False,False,8.344452859220125e-17,8.425943506694157e-35,4.566128315276263e-18,-7.674666138182046e-33,0.0
0.19,-1,29.0,2e-15,12,0.81,-0.5075771768883085,0.001807888662491522,1.0,0.05445859070654437,0.000949330203668438,0.0,0.05427965346203576,0.0009430206598478835,0.9981937445838257,0.9981954608671378,True,False,False,1.0300976541910853e-16,2.9340338996524296e-35,2.229743917535303e-18,-7.2558296739351615e-34,0.0
0.2,-1,29.0,2e-15,12,0.8,-0.5075771768883085,0.0019322257895413955,1.0,0.05174534520796452,0.0008513654992592001,0.0,0.05156273949957036,0.0008452927013751577,0.9980696397569637,0.9980712847873378,True,False,False,6.987463523097983e-17,3.8368135610839464e-35,1.4281740890032099e-18,-8.319202518774371e-51,0.0
0.21,-1,29.0,2e-15,12,0.79,-0.5075771768883085,0.0020697884331738123,1.0,0.04906210795263684,0.0007601852722666701,0.0,0.04887574872265657,0.0007543530643015094,0.9979323521018324,0.997933925524516,True,False,False,8.167108671027064e-17,1.6550960459577808e-35,3.710056535150305e-18,-1.396044721654164e-32,0.0
0.22,-1,29.0,2e-15,12,0.78,-0.5075771768883085,0.002222512013054438,1.0,0.04641130316370159,0.0006756038008405748,0.0,0.046221103553145015,0.000670015740916339,0.9977799559380808,0.9977814574756442,True,False,False,7.676903380126691e-17,2.7083389842945504e-35,1.5419455805971206e-18,-5.036578009626876e-28,0.0
0.23,-1,29.0,2e-15,12,0.77,-0.5075771768883085,0.002392697520939256,1.0,0.043795486596294814,0.0005974258924762313,0.0,0.043601357945622976,0.0005920852181300098,0.9976101626981063,0.9976115921575582,True,False,False,1.496002484238211e-17,8.57640678359941e-35,3.544717476938536e-18,-4.881440083207015e-34,0.0
0.24,-1,29.0,2e-15,12,0.76,-0.5075771768883085,0.0025830971410534275,1.0,0.041217352984524315,0.0005254469191444106,0.0,0.04101920483979933,0.0005203565099596017,0.9974202361836484,0.997421593464083,True,False,False,8.355213852315286e-17,2.5578757073892976e-35,4.024358875627971e-18,-2.358754451705604e-27,0.0
0.25,-1,29.0,2e-15,12,0.75,-0.5075771768883085,0.0027970240600442954,1.0,0.03867974395458469,0.0004594528999821186,0.0,0.03847748407974833,0.00045461523740855284,0.9972068839672873,0.9972081690681031,True,False,False,5.891133021333958e-17,4.2129717533470784e-35,2.1238386201697057e-18,-6.838467309968732e-43,0.0
0.26,-1,29.0,2e-15,12,0.74,-0.5075771768883085,0.0030384945464027014,1.0,0.03618565643655862,0.00039922063802739756,0.0,0.035979190832641054,0.0003946377622154561,0.9969661170062433,0.9969673300359747,True,False,False,1.9328667154017222e-17,1.3541694921472752e-35,1.4155607351202018e-18,-6.20573206782173e-38,0.0
0.27,-1,29.0,2e-15,12,0.73,-0.5075771768883085,0.0033124135214765036,1.0,0.033738251609976504,0.00034451791820915397,0.0,0.033527484542128644,0.000340191381675326,0.9966930664678587,0.9966942076536693,True,False,False,4.930995299432798e-17,1.8506983059346095e-34,5.107617297548802e-18,-6.997976857266892e-28,0.0
0.28,-1,29.0,2e-15,12,0.72,-0.5075771768883085,0.0036248193918035684,1.0,0.031340864420957584,0.0002951037746106926,0.0,0.031125698454298887,0.00029103459254435925,0.9963817423352552,0.99638281203314,True,False,False,3.0198026128729344e-17,1.1102230246251565e-16,5.954502539406879e-19,-4.6274640885349536e-33,0.0
0.29,-1,29.0,2e-15,12,0.71,-0.5075771768883085,0.003983210580943772,1.0,0.028997013711733115,0.00025072883592136016,0.0,0.02877734975712099,0.00024691743293535866,0.9960247118798884,0.9960257105856406,True,False,False,1.1423260660773359e-17,3.851859888774472e-34,1.1226849720793937e-17,-1.3325918855550642e-27,0.0
0.3,-1,29.0,2e-15,12,0.7,-0.5075771768883085,0.004396986114594304,1.0,0.026710413006601427,0.00021113575898496,0.0,0.026486150377551008,0.0002075819121056141,0.9956126664762334,0.9956135948372339,True,False,False,2.1648931547572902e-17,6.018531076210112e-36,9.355087347529757e-18,-1.1540807357494515e-33,0.0
0.31,-1,29.0,2e-15,12,0.69,-0.5075771768883085,0.004878047576367796,1.0,0.024484982001889605,0.00017605976145710264,0.0,0.024256018484013094,0.0001727625391432087,0.9951338307754736,0.9951346896033663,True,False,False,2.8386374532708404e-17,3.912045199536573e-35,4.26993401782214e-18,-5.839748216970269e-48,0.0
0.32,-1,29.0,2e-15,12,0.6799999999999999,-0.5075771768883085,0.005441632689677818,1.0,0.022324858811342344,0.0001452292658090251,0.0,0.02209109074583095,0.00014218696278392332,0.9945731461742854,0.9945739364586057,True,False,False,1.0367301479385979e-16,3.912045199536573e-35,2.252844172133991e-18,-2.028748969629939e-37,0.0
0.33,-1,29.0,2e-15,12,0.6699999999999999,-0.5075771768883085,0.0061074865299725134,1.0,0.020234413022541867,0.00011836666827640794,0.0,0.01999573540538675,0.00011557673595303622,0.9939111262541638,0.9939118491769958,True,False,False,6.961297025399422e-17,6.018531076210112e-36,2.396296533386857e-19,-4.2795819008202443e-32,0.0
0.34,-1,29.0,2e-15,12,0.6599999999999999,-0.5075771768883085,0.006901533061448918,1.0,0.01821825962452976,9.518924786399199e-05,0.0,0.01797456622336976,9.264822014000589e-05,0.9931222278242475,0.9931228847759888,True,False,False,5.282590475245873e-17,1.0833355937178202e-34,1.0077169139630556e-17,-3.47120773165706e-27,0.0
0.35000000000000003,-1,29.0,2e-15,12,0.6499999999999999,-0.5075771768883085,0.007858301226149304,1.0,0.016281273871776747,7.541023219764636e-05,0.0,0.016032457362476712,7.311364639671112e-05,0.9921724945027617,0.9921730870990818,True,False,False,7.871918345884114e-17,4.81482486096809e-35,3.640261877733558e-18,-6.173467706570748e-27,0.0
0.36,-1,29.0,2e-15,12,0.64,-0.5075771768883085,0.009024510351014616,1.0,0.014428607155085066,5.874003888463885e-05,0.0,0.014174559280387569,5.6682351621261686e-05,0.9910160883230152,0.9910166184231042,True,False,False,4.902070762465571e-17,7.824090399073146e-35,2.217173976837777e-17,-5.519746869619618e-27,0.0
0.37,-1,29.0,2e-15,12,0.63,-0.5075771768883085,0.010464471746797398,1.0,0.01266570395594394,4.4887713122003356e-05,0.0,0.012406315708805427,4.3062210871349884e-05,0.9895900903506449,0.9895905600768506,True,False,False,4.6618715119740387e-17,2.2268564981977415e-34,2.3299115231437365e-17,-2.5523727384208735e-33,0.0
0.38,-1,29.0,2e-15,12,0.62,-0.5075771768883085,0.012268392691929546,1.0,0.010998319967351917,3.356258460678919e-05,0.0,0.010733481801873994,3.1961288768439554e-05,0.9878065572196061,0.9878069689785738,True,False,False,6.981191525289031e-17,1.2037062152420224e-35,4.967716848267608e-18,-1.1028678443521314e-32,0.0
0.39,-1,29.0,2e-15,12,0.61,-0.5075771768883085,0.014565409579723862,1.0,0.009432541471221731,2.4476169378242305e-05,0.0,0.009162143544423107,2.3089735634535457e-05,0.9855401528568631,0.9855405093622951,True,False,False,3.714423420740093e-17,2.1666711874356403e-34,1.5912763481390647e-17,-1.8046124034019576e-26,0.0
0.4,-1,29.0,2e-15,12,0.6,-0.5075771768883085,0.017544459891326632,1.0,0.007974806070260748,1.7344345091726047e-05,0.0,0.007698738518310776,1.6161956878123713e-05,0.9826085480246447,0.9826088523218115,True,False,False,8.391482173464682e-17,0.0,5.213927354995703e-19,-1.034177247501806e-47,0.0
0.41000000000000003,-1,29.0,2e-15,12,0.59,-0.5075771768883085,0.021488289944266246,1.0,0.00663192488074133,1.1889831422459818e-05,0.0,0.006350078133695774,1.0899087350277822e-05,0.9787409385129816,0.9787411940051266,True,False,False,6.634354394223783e-17,5.055566104016494e-34,4.63209742034604e-17,-5.885190207618514e-27,0.0
0.42,-1,29.0,2e-15,12,0.5800000000000001,-0.5075771768883085,0.02682938165753052,1.0,0.005411106301919934,7.845010863384223e-06,0.0,0.005123371441470601,7.03180596554342e-06,0.9735273289743696,0.9735275394511601,True,False,False,2.2381607646938206e-17,1.6851887013388314e-34,3.976351579978735e-17,-8.5373634881355e-55,0.0
0.43,-1,29.0,2e-15,12,0.5700000000000001,-0.5075771768883085,0.034240922513577694,1.0,0.004319981488119295,4.955129160116873e-06,0.0,0.004026250653397148,4.3035298697308634e-06,0.9663386638504768,0.9663388335186704,True,False,False,6.95052313586485e-17,4.81482486096809e-35,8.095723326298419e-17,-1.389924764252414e-26,0.0
0.44,-1,29.0,2e-15,12,0.56,-0.5075771768883085,0.044775362611492266,1.0,0.0033666316607522243,2.981919067220163e-06,0.0,0.003066798507816058,2.474031888604305e-06,0.9562122587333967,0.9562123922499042,True,False,False,7.379298336866616e-17,9.62964972193618e-35,4.399408895180166e-17,-4.0138566606430754e-42,0.0
0.45,-1,29.0,2e-15,12,0.55,-0.5075771768883085,0.060026808388766444,1.0,0.0025596174099471562,1.7076960705179534e-06,0.0,0.0022535776312556555,1.323529964629941e-06,0.9417392867329212,0.941739389240466,True,False,False,8.205574649102031e-17,1.4444474582904269e-34,8.845422961864342e-17,-1.3076621291038006e-30,0.0
0.46,-1,29.0,2e-15,12,0.54,-0.5075771768883085,0.08209277670620284,1.0,0.0019080101490586096,9.399802640134911e-07,0.0,0.0015956620599715946,6.573028478460526e-07,0.9211864900833133,0.9211865672489032,True,False,False,8.614255745214939e-17,0.0,1.4153215626107515e-16,-1.3754922028194893e-33,0.0
0.47000000000000003,-1,29.0,2e-15,12,0.53,-0.5075771768883085,0.11235903266415222,1.0,0.0014214259003452361,5.167047695155707e-07,0.0,0.0011026711005415668,3.108925244207374e-07,0.8937233240249647,0.8937233820814128,True,False,False,6.954808997126073e-17,9.62964972193618e-35,4.3734019877512644e-17,-5.592261772060743e-26,0.0
0.48,-1,29.0,2e-15,12,0.52,-0.5075771768883085,0.14672853785683046,1.0,0.0011100616066294859,3.1207802440415135e-07,0.0,0.0007848057252763306,1.559608251150859e-07,0.863528360861291,0.8635284066520432,True,False,False,7.121217710816364e-17,1.1102230246251565e-16,8.797830292814019e-17,-2.4858200968292565e-36,0.0
0.49,-1,29.0,2e-15,12,0.51,-0.5075771768883085,0.1687161359125087,1.0,0.000984734181987069,2.431750310228271e-07,0.0,0.00065288771656293,1.068754492430455e-07,0.8447486631632575,0.844748704190809,True,False,False,1.41500798987894e-16,0.0,2.3735012210454835e-16,-9.102360336010961e-26,0.0
0.5,-1,29.0,2e-15,12,0.5,-0.5075771768883085,0.16037350952211793,1.0,0.001056922534646576,2.773413654380705e-07,0.0,0.0007184017945240432,1.2810937399696953e-07,0.8518255645804376,0.8518256090586457,True,False,False,1.336020575758383e-16,0.0,1.6791732707055158e-16,-1.1519635642363846e-25,0.0
0.51,-1,29.0,2e-15,12,0.49,-0.5075771768883085,0.12919449910389147,1.0,0.001338812817526208,4.405035035097938e-07,0.0,0.0009935409847791734,2.4254741479853396e-07,0.878803022521612,0.8788030794322416,True,False,False,8.055744929263257e-17,1.925929944387236e-34,6.846832826536795e-18,-1.1265035974868565e-41,0.0
0.52,-1,29.0,2e-15,12,0.48,-0.5075771768883085,0.09577112013786866,1.0,0.0018433471864420026,8.264899745016938e-07,0.0,0.0014912555078768809,5.408046967718564e-07,0.9086719689846647,0.9086720481385354,True,False,False,6.373527433983755e-17,0.0,4.4147587539622946e-17,-2.3855414214806784e-25,0.0
0.53,-1,29.0,2e-15,12,0.47,-0.5075771768883085,0.06973842789861344,1.0,0.002584276373266082,1.6074801517135054e-06,0.0,0.0022253054994121183,1.1916741466033583e-06,0.9326377400166981,0.9326378521198367,True,False,False,1.0581508646251218e-16,2.220446049250313e-16,1.111583417739912e-16,-1.8286267674903576e-31,0.0
0.54,-1,29.0,2e-15,12,0.45999999999999996,-0.5075771768883085,0.051457680613363706,1.0,0.0035762164115066787,3.0457113122683344e-06,0.0,0.0032103179002646197,2.45383399579285e-06,0.949843845920619,0.9498440026458589,True,False,False,7.55518532910463e-17,9.62964972193618e-35,4.407326567080122e-17,-1.5281381671346872e-41,0.0
0.55,-1,29.0,2e-15,12,0.44999999999999996,-0.5075771768883085,0.03887424099051669,1.0,0.004834709885276275,5.506590145410934e-06,0.0,0.00446184789015003,4.688961903464614e-06,0.9618716655684394,0.9618718796329517,True,False,False,2.2252908287725597e-17,3.3703774026776627e-34,1.450970011481608e-17,-7.503424303294572e-32,0.0
0.56,-1,29.0,2e-15,12,0.43999999999999995,-0.5075771768883085,0.030110638310398907,1.0,0.006376292109809127,9.473372390111105e-06,0.0,0.005996445275168653,8.376419891132529e-06,0.9703381710336554,0.970338456282945,True,False,False,8.020815815388375e-17,1.925929944387236e-34,7.360600574721168e-18,-5.997813329109911e-37,0.0
0.5700000000000001,-1,29.0,2e-15,12,0.42999999999999994,-0.5075771768883085,0.02386974054067369,1.0,0.008218562693036443,1.556359400085932e-05,0.0,0.007831726281724828,1.4129694097906214e-05,0.976412888489547,0.9764132599884977,True,False,False,8.617473605147778e-17,1.925929944387236e-34,4.069245962018534e-17,-1.770249381237957e-26,0.0
0.58,-1,29.0,2e-15,12,0.42000000000000004,-0.5075771768883085,0.01931489538723523,1.0,0.01038026297373834,2.4547459475547654e-05,0.0,0.009986451255591656,2.27147957156638e-05,0.9808704420289133,0.980870916160525,True,False,False,6.383423211479556e-17,3.3703774026776627e-34,4.761410577710319e-17,-8.381908681716027e-27,0.0
0.59,-1,29.0,2e-15,12,0.41000000000000003,-0.5075771768883085,0.015911097036401443,1.0,0.01288135988304853,3.7368418075189524e-05,0.0,0.012480608816600788,3.507085469699803e-05,0.9842148157798534,0.9842154103523795,True,False,False,3.379336841263526e-17,9.62964972193618e-35,2.725025946446365e-18,-5.372149782212708e-37,0.0
0.6,-1,29.0,2e-15,12,0.4,-0.5075771768883085,0.013311836504575975,1.0,0.015743136833250515,5.5166187016383174e-05,0.0,0.015335507077114107,5.23331663427086e-05,0.9867763741419326,0.9867771085051947,True,False,False,7.721997281950505e-17,2.407412430484045e-35,4.070831990675976e-17,-3.7511695075411503e-32,0.0
0.61,-1,29.0,2e-15,12,0.39,-0.5075771768883085,0.011288062757969553,1.0,0.018988292301628018,7.930251277680952e-05,0.0,0.018573872596849603,7.585898312798286e-05,0.9887754083759129,0.988776303547654,True,False,False,6.14469598815103e-17,1.1102230246251565e-16,2.2788562773938953e-17,-1.2444662284543962e-31,0.0
0.62,-1,29.0,2e-15,12,0.38,-0.5075771768883085,0.009684920018806104,1.0,0.02264104684847129,0.0001113899979423839,0.0,0.022219957818653407,0.00010725638064361453,0.9903618277811225,0.9903629065843434,True,False,False,3.700020326828553e-17,1.4444474582904269e-34,2.0495881934194766e-17,-5.675631065555474e-37,0.0
0.63,-1,29.0,2e-15,12,0.37,-0.5075771768883085,0.008395354194772634,1.0,0.026727259388178333,0.0001533243621414547,0.0,0.026299657810432517,0.00014841656791698371,0.9916397883777094,0.9916410755900362,True,False,False,5.888227651251527e-17,1.1102230246251565e-16,1.9937008309092904e-17,-7.707569575581495e-27,0.0
0.64,-1,29.0,2e-15,12,0.36,-0.5075771768883085,0.007343778609629391,1.0,0.03127455362184434,0.0002073205522476868,0.0,0.030840637228821237,0.0002015500593362847,0.9926831210438594,0.9926846435600963,True,False,False,2.2482449924861705e-17,0.0,2.6712015319773277e-19,-6.769105419853079e-31,0.0
0.65,-1,29.0,2e-15,12,0.35,-0.5075771768883085,0.006475769592104388,1.0,0.03631245564008161,0.00027595316998659707,0.0,0.03587246852155306,0.0002692271787381364,0.9935451530161089,0.9935469400252559,True,False,False,4.227776699209725e-17,1.1102230246251565e-16,2.4169342187712485e-17,-3.1148330890628596e-30,0.0
0.66,-1,29.0,2e-15,12,0.33999999999999997,-0.5075771768883085,0.005751430462536153,1.0,0.04187254381753478,0.00036220174527324745,0.0,0.04142678249944013,0.00035442342686708734,0.9942650773506375,0.9942671605287888,True,False,False,7.012448190380503e-17,1.2037062152420224e-35,7.251754009216198e-18,-5.682830301218727e-37,0.0
0.67,-1,29.0,2e-15,12,0.32999999999999996,-0.5075771768883085,0.0051410292373275214,1.0,0.04798861224732519,0.0004695014521074337,0.0,0.04753743253704127,0.00046057031245713524,0.9948721632361691,0.9948745769568613,True,False,False,9.888177594153433e-17,1.2037062152420224e-35,3.2911798847646966e-18,-3.319355466420933e-27,0.0
0.68,-1,29.0,2e-15,12,0.31999999999999995,-0.5075771768883085,0.004622073812482333,1.0,0.054696849106432535,0.000601799941895331,0.0,0.054240673805499545,0.0005916123258746343,0.9953885915323508,0.9953913730961026,True,False,False,7.087331206278253e-17,9.62964972193618e-35,7.103865869929983e-18,-1.230050020223076e-37,0.0
0.6900000000000001,-1,29.0,2e-15,12,0.30999999999999994,-0.5075771768883085,0.004177314053134149,1.0,0.06203603150401613,0.0007636210580890765,0.0,0.06157535910392612,0.0007520708240559524,0.9958313987869033,0.9958345886718806,True,False,False,3.1532422028595544e-17,1.4444474582904269e-34,7.374395975512106e-18,-4.30483408074166e-27,0.0
0.7000000000000001,-1,29.0,2e-15,12,0.29999999999999993,-0.5075771768883085,0.0037933530542809293,1.0,0.07004773854648932,0.0009601362977086675,0.0,0.06958315303972418,0.0009471156980672571,0.9962138326206109,0.9962174747565684,True,False,False,7.97854166503415e-17,1.2037062152420224e-35,2.5854427865603523e-18,-1.538546138357307e-27,0.0
0.71,-1,29.0,2e-15,12,0.29000000000000004,-0.5075771768883085,0.0034596660566501764,1.0,0.0787765845587546,0.0011972450015786554,0.0,0.07830876651641976,0.0011826458119832584,0.9965463116923029,0.9965504537601964,True,False,False,9.304297423749618e-17,0.0,3.9968442650588645e-18,-2.430897008206987e-31,0.0
0.72,-1,29.0,2e-15,12,0.28,-0.5075771768883085,0.0031678968424848643,1.0,0.08827047463384291,0.0014816643882446464,0.0,0.0878002137234128,0.0014653793362324511,0.9968371156483026,0.9968418094082397,True,False,False,1.4769956170955676e-16,3.76158192263132e-37,3.076399130462174e-19,-7.17421477762581e-27,0.0
0.73,-1,29.0,2e-15,12,0.27,-0.5075771768883085,0.0029113460356545756,1.0,0.09858088494726648,0.0018210306991820993,0.0,0.09810909408965501,0.0018029552527839593,0.9970928878224764,0.9970981894729832,True,False,False,3.474448002233125e-17,1.2037062152420224e-35,1.9370289433201197e-18,-2.387227047894664e-35,0.0
0.74,-1,29.0,2e-15,12,0.26,-0.5075771768883085,0.0026845941107411595,1.0,0.10976317057235373,0.0022240128981757534,0.0,0.10929090196735354,0.00220404748671313,0.9973190061895263,0.9973249767614549,True,False,False,1.332019084368986e-16,1.2037062152420224e-34,7.255140820750572e-18,-2.161178580007182e-34,0.0
0.75,-1,29.0,2e-15,12,0.25,-0.5075771768883085,0.002483220283762823,1.0,0.12187690387407533,0.002700440569269242,0.0,0.12140536715789643,0.0026784933224833487,0.9975198603572284,0.9975265661460251,True,False,False,6.215777724398841e-17,0.0,1.8674812657855698e-19,-2.1001386738502374e-27,0.0
0.76,-1,29.0,2e-15,12,0.24,-0.5075771768883085,0.0023035905380532472,1.0,0.13498624694770395,0.0032614478897340397,0.0,0.1345168297867516,0.0032374379980745537,0.9976990606904579,0.9977065737309571,True,False,False,6.163914211872809e-17,3.611118645726067e-35,4.686973677824414e-18,-1.1096243283720697e-31,0.0
0.77,-1,29.0,2e-15,12,0.22999999999999998,-0.5075771768883085,0.0021426961063240576,1.0,0.1491603620124504,0.003919635822112534,0.0,0.14869465348462907,0.0038934976410017995,0.9978595978282839,0.9978679964166982,True,False,False,9.102373012591628e-18,6.018531076210112e-35,2.5141965724892743e-18,-1.0857428957054227e-31,0.0
0.78,-1,29.0,2e-15,12,0.21999999999999997,-0.5075771768883085,0.001998029195203427,1.0,0.16447386417758694,0.004689254978478622,0.0,0.16401368134753389,0.0046609430233492235,0.9980039655363971,0.9980133348047479,True,False,False,5.63790016883665e-17,8.425943506694157e-35,4.3773853831998235e-18,-2.9601619129287483e-27,0.0
0.79,-1,29.0,2e-15,12,0.20999999999999996,-0.5075771768883085,0.0018674864912931759,1.0,0.18100732157962254,0.005586411967631634,0.0,0.18055473973882902,0.005555906975347987,0.9981342561766327,0.998144688725517,True,False,False,1.0035105762228754e-17,6.018531076210112e-36,3.4354852231373897e-18,-3.4184755498107215e-43,0.0
0.8,-1,29.0,2e-15,12,0.19999999999999996,-0.5075771768883085,0.00174929359761058,1.0,0.19884780855572096,0.006629302450282443,0.0,0.198405195674244,0.006596618717222658,0.9982522355246768,0.9982638321210097,True,False,False,1.474485751519912e-16,3.611118645726067e-35,2.1341757312016e-18,-5.650236794954843e-43,0.0
0.81,-1,29.0,2e-15,12,0.18999999999999995,-0.5075771768883085,0.0016419453861291837,1.0,0.21808951828472808,0.007838474608230603,0.0,0.21765957431025604,0.007803668857076205,0.9983594018687225,0.9983722722159398,True,False,False,8.309489474676668e-18,6.018531076210112e-36,2.1192372834290137e-18,-3.5856697691529956e-37,0.0
0.8200000000000001,-1,29.0,2e-15,12,0.17999999999999994,-0.5075771768883085,0.001544158559610866,1.0,0.23883444220942648,0.00923712729274879,0.0,0.23842024395438544,0.00920030937044272,0.9984570330397994,0.9984712966289747,True,False,False,9.684397048662488e-17,1.2037062152420224e-35,6.355844687585259e-19,-3.269069070009478e-44,0.0
0.8300000000000001,-1,29.0,2e-15,12,0.16999999999999993,-0.5075771768883085,0.0014548336565411886,1.0,0.26119312457149335,0.010851447768794717,0.0,0.26079817705275427,0.010812793539073537,0.998546224100927,0.9985620111523632,True,False,False,1.267277937099455e-17,8.425943506694157e-35,2.9165166929867322e-18,-7.524369937123687e-27,0.0
0.84,-1,29.0,2e-15,12,0.16000000000000003,-0.5075771768883085,0.0013730244165013276,1.0,0.2852855015672606,0.012710994731869001,0.0,0.2849137968095729,0.012670761599581241,0.9986279177502675,0.9986453702563923,True,False,False,9.193951415280895e-18,1.1102230246251565e-16,2.539855108627035e-19,-4.355796326380214e-43,0.0
0.85,-1,29.0,2e-15,12,0.15000000000000002,-0.5075771768883085,0.0012979129247354835,1.0,0.3112418359953063,0.014849133163193255,0.0,0.31089792048337594,0.014807678757164053,0.9987029289999569,0.9987222018818106,True,False,False,7.048366545298741e-17,1.2037062152420224e-35,1.1143454039282627e-18,-8.015249921246076e-27,0.0
0.86,-1,29.0,2e-15,12,0.14,-0.5075771768883085,0.0012287893258260288,1.0,0.3392037598489225,0.017303528630228108,0.0,0.3388928120196052,0.017261333280282242,0.998771965326643,0.998793227717923,True,False,False,5.648235332323547e-17,1.8055593228630336e-35,9.245276207695897e-19,5.954194492580737e-68,0.0
0.87,-1,29.0,2e-15,12,0.13,-0.5075771768883085,0.0011650351734556498,1.0,0.36932543914677607,0.020116709862019255,0.0,0.36905335855894933,0.020074403638366746,0.998835643216547,0.9988590798911106,True,False,False,3.4185341272727534e-17,1.8055593228630336e-35,2.234481256781679e-18,-2.4660801613831743e-27,0.0
0.88,-1,29.0,2e-15,12,0.12,-0.5075771768883085,0.0011061096917366383,1.0,0.4017748774405533,0.023336709866984405,0.0,0.4015483875540896,0.023295105112010904,0.9988945018221005,0.9989203147830577,True,False,False,5.166246325687389e-17,1.8055593228630336e-35,8.467301627480528e-19,-9.849029179371104e-28,0.0
0.89,-1,29.0,2e-15,12,0.10999999999999999,-0.5075771768883085,0.0010515383816917514,1.0,0.43673537694526116,0.02701779755622815,0.0,0.4365621437923985,0.026977928036713825,0.9989490142910565,0.9989774245421756,True,False,False,8.051805820939678e-17,4.2129717533470784e-35,1.3739024432884558e-18,-1.1725589855473396e-32,0.0
0.9,-1,29.0,2e-15,12,0.09999999999999998,-0.5075771768883085,0.001000903527231596,1.0,0.47440717917408676,0.031221313838844394,0.0,0.47429594862883373,0.03118448188937542,0.9989995972096268,0.999030846732773,True,False,False,1.405025950138212e-17,1.1102230246251565e-16,1.292748262405044e-18,-1.6085039511004525e-27,0.0
0.91,-1,29.0,2e-15,12,0.08999999999999997,-0.5075771768883085,0.0009538362478483432,1.0,0.5150093104069798,0.036016628528308746,0.0,0.5149700672665614,0.03598446185498333,0.9990466185093461,0.9990809724751617,True,False,False,6.154907955487923e-17,1.1102230246251565e-16,1.819058817839933e-18,-2.25266952044085e-37,0.0
0.92,-1,29.0,2e-15,12,0.07999999999999996,-0.5075771768883085,0.0009100098171436443,1.0,0.5587816613796283,0.04148223721577047,0.0,0.5588258140855468,0.04145675739687936,0.9990904041162193,0.9991281533593227,True,False,False,5.920157938995317e-17,1.1102230246251565e-16,2.710340335466014e-19,-3.3799849330662356e-27,0.0
0.93,-1,29.0,2e-15,12,0.06999999999999995,-0.5075771768883085,0.0008691340223166122,1.0,0.6059873353675007,0.047707020618190876,0.0,0.6061279309364827,0.047690725792619,0.9991312435652584,0.999172707359981,True,False,False,9.327179950965115e-18,1.1102230246251565e-16,2.315875253602452e-18,-1.4056978909668949e-27,0.0
0.9400000000000001,-1,29.0,2e-15,12,0.05999999999999995,-0.5075771768883085,0.000830950383628022,1.0,0.6569153045047192,0.054791692908817094,0.0,0.6571672791415056,0.054787657705337264,0.9991693947600363,0.9992149239382785,True,False,False,7.758910507143342e-17,1.2037062152420224e-35,2.41050916119991e-18,-2.1772883208509307e-54,0.0
0.9500000000000001,-1,29.0,2e-15,12,0.04999999999999993,-0.5075771768883085,0.000795228087447428,1.0,0.7118834208988742,0.0628504703220814,0.0,0.7122638928608495,0.06286246678131202,0.9992050880226093,0.9992550684819187,True,False,False,6.884841347119722e-17,3.611118645726067e-35,1.5808885729500168e-18,-1.6548258023419997e-43,0.0
0.96,-1,29.0,2e-15,12,0.040000000000000036,-0.5075771768883085,0.0007617605138997688,1.0,0.7712418370999585,0.07201299706441489,0.0,0.7717704497251097,0.07204564117552117,0.9992385295519822,0.9992933862096335,True,False,False,6.19832555627147e-17,1.2037062152420224e-35,1.0504177501823654e-18,-4.017965919974363e-37,0.0
0.97,-1,29.0,2e-15,12,0.03000000000000003,-0.5075771768883085,0.0007303622619610397,1.0,0.8353769000246934,0.08242657246672055,0.0,0.8360762244786767,0.08248550202847135,0.999269904387635,0.9993301056455475,True,False,False,7.189235529255887e-17,1.8055593228630336e-35,1.1836362793177118e-18,-1.8177212774767417e-48,0.0
0.98,-1,29.0,2e-15,12,0.020000000000000018,-0.5075771768883085,0.0007008665923302457,1.0,0.90471559385995,0.09425873164412203,0.0,0.9056116031804188,0.09435082252323738,0.9992993789572907,0.9993654417533355,True,False,False,6.600400776464076e-17,6.018531076210112e-36,1.5438614163275518e-18,-1.0023516321814636e-27,0.0
0.99,-1,29.0,2e-15,12,0.010000000000000009,-0.5075771768883085,0.0006731232224629089,1.0,0.9797306211840459,0.10770024200904493,0.0,0.980853249696638,0.10783387158350312,0.9993271032741505,0.9993995988081117,True,False,False,1.21679105210941e-17,2.407412430484045e-35,8.2122869947925745e-19,-6.3530676142363095e-28,0.0
1.0,-1,29.0,2e-15,12,0.0,-0.5075771768883085,0.0006469964195107823,1.0,1.0609462280661484,0.12296859022101657,0.0,1.0623300333390662,0.12315395896021242,0.9993532128375406,0.9994327730751259,False,True,False,8.112763628031114e-17,2.407412430484045e-35,1.8939101383910786e-18,-1.8276791815932418e-41,0.0
1.01,-1,29.0,2e-15,12,-0.010000000000000009,-0.5075771768883085,0.0006223633461317411,1.0,1.1489448988733786,0.14031204906090072,0.0,1.1506298472234624,0.14056157393597013,0.9993778302817645,0.9994651553581206,False,True,False,5.185596760045887e-17,4.81482486096809e-35,1.9485754419237526e-18,-4.152773313499e-27,0.0
1.02,-1,29.0,2e-15,12,-0.020000000000000018,-0.5075771768883085,0.0005991126216479325,1.0,1.244375070736578,0.160014431931458,0.0,1.2464074721017968,0.1603432288347746,0.9994010668104837,0.9994969334762996,False,True,False,1.3493553056639342e-16,3.611118645726067e-35,1.3377820351681969e-18,-6.111354387781354e-43,0.0
1.03,-1,29.0,2e-15,12,-0.03000000000000003,-0.5075771768883085,0.0005771430671796977,1.0,1.3479600471110902,0.18240066502361568,0.0,1.3503936711250655,0.182827141825981,0.9994230234478444,0.9995282947271117,False,True,False,1.3401805583803953e-17,0.0,2.953875386465785e-19,-1.3356103162192067e-37,0.0
1.04,-1,29.0,2e-15,12,-0.040000000000000036,-0.5075771768883085,0.000556362608435199,1.0,1.460508325898063,0.20784333468243682,0.0,1.4634057385832864,0.2083899222596997,0.9994437921325421,0.9995594283923719,False,True,False,7.854278369521052e-17,2.407412430484045e-35,2.3358734242252534e-18,-2.1957027994906264e-37,0.0
1.05,-1,29.0,2e-15,12,-0.050000000000000044,-0.5075771768883085,0.0005366873140027922,1.0,1.5829256017889854,0.23677040147787398,0.0,1.58635977187437,0.2374644573803966,0.9994634566768732,0.9995905283476777,False,True,False,1.8409652994687926e-17,2.407412430484045e-35,8.416371057046464e-19,-1.095676853115345e-27,0.0
1.06,-1,29.0,2e-15,12,-0.06000000000000006,-0.5075771768883085,0.0005180405504428452,1.0,1.7162287569346393,0.2696743146248512,0.0,1.7202849929884216,0.2705492435565916,0.9994820936093953,0.9996217958397838,False,True,False,7.75642928699286e-17,1.2037062152420224e-35,8.508803937179039e-19,-1.0753673956799627e-42,0.0
1.07,-1,29.0,2e-15,12,-0.07000000000000006,-0.5075771768883085,0.0005003522383419891,1.0,1.861562221376165,0.3071228128844696,0.0,1.8663405165057823,0.3082194604918849,0.9994997729169645,0.9996534425038371,False,True,False,8.585337034131745e-18,1.2037062152420224e-35,1.3202888622249566e-18,-6.369785066749703e-28,0.0
1.08,-1,29.0,2e-15,12,-0.08000000000000007,-0.5075771768883085,0.00048355819588291165,1.0,2.020217168334046,0.34977176373476154,0.0,2.0258350491768145,0.3511401563078964,0.9995165586995388,0.9996856937025812,False,True,False,1.0319730796066306e-16,3.611118645726067e-35,1.420126776432232e-18,-3.016050619810665e-27,0.0
1.09,-1,29.0,2e-15,12,-0.09000000000000008,-0.5075771768883085,0.0004675995584831765,1.0,2.1936541138641843,0.3983804750970349,0.0,2.2002501163638972,0.40008199891613605,0.9995325097491523,0.999718792283416,False,True,False,1.5676757412673083e-16,1.1102230246251565e-16,1.780410077805866e-18,-3.2752295426108916e-32,0.0
1.1,-1,29.0,2e-15,12,-0.10000000000000009,-0.5075771768883085,0.0004524222647369415,1.0,2.383529621332567,0.453830018045456,0.0,2.3912675492367934,0.4559401599868818,0.9995476800627835,0.9997530028673532,False,True,False,2.5291268405110484e-17,0.0,6.1265129532041245e-19,-1.161907977462115e-27,0.0
1.11,-1,29.0,2e-15,12,-0.1100000000000001,-0.5075771768883085,0.0004379766003106071,1.0,2.5917279761920846,0.5171452310312765,0.0,2.60080214184838,0.5197570390409542,0.9995621192974398,0.9997886168075937,False,True,False,5.805282276576803e-18,8.425943506694157e-35,2.8174025820862497e-18,-6.9555409136273504e-37,0.0
1.12,-1,29.0,2e-15,12,-0.12000000000000012,-0.5075771768883085,0.0004242167926436794,1.0,2.8203989056274503,0.5895212445779062,0.0,2.8310406099659526,0.5927497160011406,0.9995758731745776,0.9998259579861478,False,True,False,1.3454494863299638e-16,0.0,2.4472335709311626e-18,-1.0961517053814867e-37,0.0
1.1300000000000001,-1,29.0,2e-15,12,-0.13000000000000012,-0.5075771768883085,0.0004111006503276775,1.0,3.0720026839687566,0.6723555812746199,0.0,3.0844882682961736,0.6763432533574224,0.9995889838399663,0.9998653896566797,False,True,False,7.354500789552783e-17,1.2037062152420224e-35,4.761390159209622e-19,-1.6062724100303017e-27,0.0
1.1400000000000001,-1,29.0,2e-15,12,-0.14000000000000012,-0.5075771768883085,0.0003985892419104131,1.0,3.3493643059723,0.7672871641159188,0.0,3.364025208968986,0.7722112706674701,0.9996014901842283,0.9999073225933008,False,True,False,8.142825227924105e-17,2.407412430484045e-35,2.813383497797155e-18,-9.127804986391976e-32,0.0
1.1500000000000001,-1,29.0,2e-15,12,-0.15000000000000013,-0.5075771768883085,0.0003866466096271092,1.0,3.6557388497808327,0.8762439268881831,0.0,3.6729742381101653,0.8823256071766054,0.9996134281285405,0.9999522248720781,False,True,False,3.489720163792177e-18,1.1102230246251565e-16,1.0967377397203389e-18,-5.537070647644022e-32,0.0
1.16,-1,29.0,2e-15,12,-0.15999999999999992,-0.5075771768883085,0.0003752395142163991,1.0,3.994890721590341,1.001501190659933,0.0,4.015183444790221,1.009017404031864,0.9996248308793251,1.0000006336995955,False,False,False,2.2075482044838497e-18,2.407412430484045e-35,8.818574936041895e-19,-3.2250667573898014e-39,0.0
1.17,-1,29.0,2e-15,12,-0.16999999999999993,-0.5075771768883085,0.00036433720755836086,1.0,4.371190218343302,1.1457535877561373,0.0,4.395127086638812,1.1550526188318735,0.9996357291551823,1.0000531698178954,False,False,False,8.893685164889842e-17,0.0,7.259574612050569e-19,-1.122348652516926e-34,0.0
1.18,-1,29.0,2e-15,12,-0.17999999999999994,-0.5075771768883085,0.00035391123039164337,1.0,4.7897318229605395,1.312204130213554,0.0,4.8180295468039755,1.3237258918428767,0.9996461513888004,1.0001105551670493,False,False,False,7.442078574734847e-17,1.1102230246251565e-16,1.863269602403315e-18,-3.700315956262128e-27,0.0
1.19,-1,29.0,2e-15,12,-0.18999999999999995,-0.5075771768883085,0.0003439352328449725,1.0,5.256479941500329,1.5046751048489821,0.0,5.290018542382952,1.5189778989618175,0.999656123906097,1.0001736346886394,False,False,False,6.632784660891376e-17,4.81482486096809e-35,1.4769141759389202e-18,-8.47467005179344e-38,0.0
1.2,-1,29.0,2e-15,12,-0.19999999999999996,-0.5075771768883085,0.00033438481597282833,1.0,5.778449518718657,1.7277469313691094,0.0,5.818315678272996,1.7455429701635925,0.9996656710843989,1.0002434034240923,False,False,False,6.165447138983823e-17,2.407412430484045e-35,1.0384462497931121e-18,-6.489741622208082e-27,0.0
1.21,-1,29.0,2e-15,12,-0.20999999999999996,-0.5075771768883085,0.00032523739293552166,1.0,6.363931290439151,1.9869330839902128,0.0,6.411475032170278,2.0091359935592767,0.9996748154910119,1.0003210404271863,False,False,False,7.75347653528998e-17,0.0,1.8194473362036715e-19,-1.3348112602190013e-26,0.0
1.22,-1,29.0,2e-15,12,-0.21999999999999997,-0.5075771768883085,0.0003164720689336397,1.0,7.022774579005142,2.2889018508955656,0.0,7.079683998563596,2.3166907097206373,0.9996835780030693,1.0004079515074082,False,False,False,5.571930153877008e-17,0.0,8.324438622909196e-19,-1.04767508764231e-27,0.0
1.23,-1,29.0,2e-15,12,-0.22999999999999998,-0.5075771768883085,0.0003080695395254617,1.0,7.766744843384066,2.6417593769066205,0.0,7.835145507653274,2.6766657871077113,0.9996919779090225,1.0005058235038031,False,False,False,6.581487726295908e-17,2.407412430484045e-35,2.1393556874237192e-18,-2.1260387516017327e-32,0.0
1.24,-1,29.0,2e-15,12,-0.24,-0.5075771768883085,0.00030001200756319226,1.0,8.60997913861251,3.055413519653932,0.0,8.692567550478682,3.0994410871317037,0.999700032991539,1.000616693735506,False,False,False,3.159614404429512e-17,0.0,3.086824507643476e-19,-2.5487161903668202e-27,0.0
1.25,-1,29.0,2e-15,12,-0.25,-0.5075771768883085,0.00029228311973544466,1.0,9.569570923723058,3.5420451584365464,0.0,9.669795548815989,3.597835069395928,0.9997077595908143,1.000743039599966,False,False,False,5.728833610291134e-17,0.0,1.9802785613321102e-18,-6.5144148142987405e-37,0.0
1.26,-1,29.0,2e-15,12,-0.26,-0.5075771768883085,0.00028486792468019375,1.0,10.666327324767488,4.116723630376854,0.0,10.788636810590237,4.187786555845767,0.9997151726463345,1.000887895163402,False,False,False,6.169690721907234e-17,2.407412430484045e-35,3.488282318711874e-18,-2.6748821325876572e-31,0.0
1.27,-1,29.0,2e-15,12,-0.27,-0.5075771768883085,0.0002777528559550076,1.0,11.925758570260252,4.798217279438533,0.0,12.075946099543225,4.889261914511634,0.9997222857137984,1.001055004266655,False,False,False,2.7749081040158463e-17,1.1102230246251565e-16,1.3016894910997397e-18,-7.633184326214645e-31,0.0
1.28,-1,29.0,2e-15,12,-0.28,-0.5075771768883085,0.000270925745003735,1.0,13.379383235149128,5.610070728297388,0.0,13.565070309034441,5.727475022088141,0.9997291109520617,1.0012490235436493,False,False,False,4.412908895361508e-18,0.0,9.83007589670869e-19,-1.1600469638576108e-31,0.0
1.29,-1,29.0,2e-15,12,-0.29000000000000004,-0.5075771768883085,0.00026437587192740166,1.0,15.066467785040762,6.582050532512661,0.0,15.297793227759591,6.734546690053793,0.9997356590722939,1.0014757944208972,False,False,False,1.7931603397241498e-17,9.62964972193618e-35,2.7167392494226432e-18,-5.228885659822727e-27,0.0
1.3,-1,29.0,2e-15,12,-0.30000000000000004,-0.5075771768883085,0.0002580940658064885,1.0,17.036370343513408,7.75210515177744,0.0,17.326986211988224,7.951789961247454,0.9997419392376017,1.0017427115747835,False,False,False,8.294113732064821e-18,1.1102230246251565e-16,1.640584656850101e-19,-2.0225056293044223e-36,0.0
1.31,-1,29.0,2e-15,12,-0.31000000000000005,-0.5075771768883085,0.00025207287226780025,1.0,19.351735485608565,9.169051155246512,0.0,19.720269945600013,9.432899905648474,0.9997479588954293,1.0020592279561027,False,False,False,1.868889191722766e-17,0.0,1.6031755293102944e-18,-2.2326498659188472e-36,0.0
1.32,-1,29.0,2e-15,12,-0.32000000000000006,-0.5075771768883085,0.00024630681515626314,1.0,22.092903330503482,10.89629702705623,0.0,22.56514751416888,11.24847153318504,0.999753723515877,1.0024375557336078,False,False,False,1.9882572723431035e-17,4.81482486096809e-35,3.6308859044412275e-18,-2.889373339386721e-26,0.0
1.33,-1,29.0,2e-15,12,-0.33000000000000007,-0.5075771768883085,0.00024079279360691449,1.0,25.36407506791698,13.01706746287413,0.0,25.976315628630044,13.492501856634021,0.999759236194651,1.002893652233606,False,False,False,1.2459161412038475e-17,1.1102230246251565e-16,7.167844046709647e-19,-2.469915006095272e-31,0.0
1.34,-1,29.0,2e-15,12,-0.3400000000000001,-0.5075771768883085,0.00023553067904032155,1.0,29.302055457357348,15.641824172169308,0.0,30.106261287846802,16.291912593474574,0.9997644970561326,1.003448626524833,False,False,False,6.704871943129413e-17,0.0,1.3695877920560596e-18,-1.2870372670750124e-41,0.0
1.35,-1,29.0,2e-15,12,-0.3500000000000001,-0.5075771768883085,0.0002305242148387234,1.0,34.08883176574601,18.918940546721313,0.0,35.16091612297545,19.820767075100758,0.9997695023538264,1.0041307762689398,False,False,False,9.749616279476e-17,0.0,8.45704892290624e-19,-8.714826768479286e-31,0.0
1.36,-1,29.0,2e-15,12,-0.3600000000000001,-0.5075771768883085,0.0002257823859180089,1.0,39.96994831128899,23.050249380136183,0.0,41.42327167573522,24.321948184615145,0.9997742431010067,1.004978583402059,False,False,False,9.744729956019409e-17,0.0,7.867492194729639e-19,-2.3963282438076586e-31,0.0
1.37,-1,29.0,2e-15,12,-0.3700000000000001,-0.5075771768883085,0.00022132153685786984,1.0,47.281759514034626,28.313951745858105,0.0,49.289832744167754,30.140990324459054,0.9997787029529467,1.0060451902678595,False,False,False,5.367671894047179e-17,0.0,1.0585280686311183e-18,-8.530474058580617e-43,0.0
1.3800000000000001,-1,29.0,2e-15,12,-0.3800000000000001,-0.5075771768883085,0.00021716871510896155,1.0,56.49244923690918,35.098689465155424,0.0,59.32832621716878,37.780249051613325,0.9997828548643095,1.0074051921574658,False,False,False,1.3967168640764148e-16,0.0,1.0352731435677662e-18,-3.784413987077287e-36,0.0
1.3900000000000001,-1,29.0,2e-15,12,-0.3900000000000001,-0.5075771768883085,0.00021336707670070908,1.0,68.26455942434968,43.95445446491046,0.0,72.37161564699471,47.988108019482134,0.9997866556844351,1.0091650891415875,False,False,False,1.3531152831715993e-16,0.0,2.157127834053237e-18,-1.7327175912429875e-26,0.0
1.4000000000000001,-1,29.0,2e-15,12,-0.40000000000000013,-0.5075771768883085,0.00020998486774891987,1.0,83.55106711478604,55.66824928371184,0.0,89.67517403326171,61.91045927417496,0.9997900371775303,1.0114795271411845,False,False,False,5.578685754462167e-17,0.0,8.42660580303994e-19,-6.230150420244889e-27,0.0
1.41,-1,29.0,2e-15,12,-0.4099999999999999,-0.5075771768883085,0.0002071307894093757,1.0,103.74261559515678,71.37629240157337,13.275389651605874,113.18962655559818,81.35651244514075,0.9997928906606915,1.0145771184509438,False,False,True,8.262632753988194e-17,0.0,1.4421424910007633e-18,-4.034926986857555e-31,0.0
1.42,-1,29.0,2e-15,12,-0.41999999999999993,-0.5075771768883085,0.000204981059353473,1.0,130.88712509625014,92.70004030646041,17.590749133109917,146.04773778361718,109.28121421401885,0.9997950399478285,1.0187967924119563,False,False,True,1.4358458985039982e-16,0.0,8.730354990580258e-19,-2.5765534009934035e-30,0.0
1.43,-1,29.0,2e-15,12,-0.42999999999999994,-0.5075771768883085,0.00020382822923059398,1.0,167.98910787647947,121.91134793332508,23.490829366561076,193.45925913277685,150.68840946095546,0.9997961925423317,1.024645166714696,False,False,True,6.135941668899394e-17,0.0,1.005681078386095e-18,-2.4147966461691526e-40,0.0
1.44,-1,29.0,2e-15,12,-0.43999999999999995,-0.5075771768883085,0.00020416974209225806,1.0,219.30459426933868,161.91648341240864,31.451331886761803,264.3765692326303,214.3537908014905,0.9997958510991312,1.032854297757928,False,False,True,8.250132790297719e-17,0.0,8.690401239943938e-19,-1.5733389870984194e-30,0.0
1.45,-1,29.0,2e-15,12,-0.44999999999999996,-0.5075771768883085,0.0002068601863861221,1.0,290.1805766991217,215.53198775190887,41.72684966141957,374.48576666951703,316.04080177407985,0.999793161207707,1.0443781483662382,False,False,True,4.487191846837266e-17,0.0,9.332593081753605e-19,-9.314101826847125e-31,0.0
1.46,-1,29.0,2e-15,12,-0.45999999999999996,-0.5075771768883085,0.00021330473162104022,1.0,384.86148813120536,282.61134358950585,53.58362600812622,550.4930210206163,483.55352542965085,0.9997867180162158,1.060069054813637,False,False,True,2.0766049201587837e-17,0.0,4.799867912060375e-19,-3.240733466686361e-36,0.0
1.47,-1,29.0,2e-15,12,-0.47,-0.5075771768883085,0.00022527634692225753,1.0,498.76089459704053,353.59736069456176,64.10909634891797,829.1257359311286,758.0306812759788,0.9997747490258887,1.0794318707245114,False,False,True,8.62489771778468e-18,0.0,2.0044928011846537e-18,-5.686984375604267e-30,0.0
1.48,-1,29.0,2e-15,12,-0.48,-0.5075771768883085,0.0002422074948545202,1.0,605.7968500864822,407.381312706227,69.38158541617871,1212.4675071377258,1153.7252039623347,0.9997578218350127,1.0984286290361338,False,False,True,2.214889423437516e-17,0.0,8.471167645622295e-19,-2.044962824941055e-35,0.0
1.49,-1,29.0,2e-15,12,-0.49,-0.5075771768883085,0.00025312793659287397,1.0,666.5251482905029,437.47384493949204,72.00598561254107,1516.8944266530468,1502.2742014776247,0.9997469040975803,1.1104837557804648,False,False,True,6.698345737867094e-17,0.0,4.353122042625071e-18,-2.856326092501064e-30,0.0
1.5,-1,29.0,2e-15,12,-0.5,-0.5075771768883085,0.00024204104242576095,1.0,662.5880779868982,464.0132602212716,80.67621231550905,1434.7861921362996,1478.9101363046386,0.9997579882471442,1.1120682414504768,False,False,True,1.3314243918289796e-17,0.0,3.744307974023365e-18,-3.9086528230048095e-34,0.0
1.51,-1,29.0,2e-15,12,-0.51,-0.5075771768883085,0.00021736643023794537,1.0,594.3627016676885,472.9584154251324,92.49196589116309,1079.7722859617236,1158.377570788739,0.999782657192133,1.1025879396040892,False,False,True,1.6295522630394523e-17,0.0,1.3714102480566717e-18,-6.77042164059989e-30,0.0
1.52,-1,29.0,2e-15,12,-0.52,-0.5075771768883085,0.00019554253595303547,1.0,489.77128872455205,442.1745931567381,97.09962584380483,748.7474504253761,836.0317556042681,0.9998044765812426,1.0862684178611128,False,False,True,1.86948868792798e-17,0.0,1.5417939609065553e-18,-4.350389284488782e-30,0.0
1.53,-1,29.0,2e-15,12,-0.53,-0.5075771768883085,0.00018019498167677614,1.0,387.01648078265293,387.0774539933723,93.18242258887328,522.248004617566,606.9364495971786,0.9998198212524638,1.0695692359822928,False,False,True,1.0041398659283792e-17,0.0,2.1504714072209757e-18,3.842735933346615e-65,0.0
1.54,-1,29.0,2e-15,12,-0.54,-0.5075771768883085,0.00016957232936594052,1.0,303.45564411789,329.31706093101315,85.10878578900605,376.79961125884915,455.7943448408074,0.9998304420472088,1.0556735031692261,False,False,True,6.364094867542415e-17,0.0,6.553594739016311e-19,-1.1324344587313184e-30,0.0
1.55,-1,29.0,2e-15,12,-0.55,-0.5075771768883085,0.00016184477149305097,1.0,240.19460431918924,278.93108300648265,76.30842586868395,282.19695503638445,355.3197985423503,0.9998381683246654,1.0449817057161588,False,False,True,3.4853028406798315e-17,0.0,1.4988471286241525e-18,-1.0622758400530767e-34,0.0
1.56,-1,29.0,2e-15,12,-0.56,-0.5075771768883085,0.00015586839825350394,1.0,193.1798782614191,237.95343620210426,68.29521448929042,218.57569460641048,286.48217746898393,0.9998441437485942,1.0369335647083335,False,False,True,1.3420418242000014e-16,0.0,1.7655331492288487e-18,-2.471229193390974e-35,0.0
1.57,-1,29.0,2e-15,12,-0.5700000000000001,-0.5075771768883085,0.00015098668121799733,1.0,158.0916956314842,205.4064077230271,61.49461198789388,174.2169886017726,237.7051032316159,0.9998490247166973,1.030862656519708,False,False,True,7.270200650244975e-17,0.0,1.0328027896184187e-18,-3.6386458076476067e-31,0.0
1.58,-1,29.0,2e-15,12,-0.5800000000000001,-0.5075771768883085,0.00014682111983322204,1.0,131.55392995467233,179.6453618416601,55.88793084859427,142.23820163329768,202.042945825156,0.99985318965786,1.0262289228562969,False,False,True,4.76845373868211e-18,0.0,8.423521768434081e-19,-8.846164582650625e-31,0.0
1.59,-1,29.0,2e-15,12,-0.5900000000000001,-0.5075771768883085,0.00014314682367899329,1.0,111.15228750586606,159.1396802734194,0.0,118.49550708094408,175.24253978230252,0.9998568634213387,1.0226372031737692,False,False,False,7.388540268182737e-17,0.0,5.502647971834012e-19,-6.166626254603012e-48,0.0
1.6,-1,29.0,2e-15,12,-0.6000000000000001,-0.5075771768883085,0.00013982517542306225,1.0,95.20343063185855,142.68430766034678,0.0,100.41166109024046,154.6202759131484,0.9998601845996612,1.0198110429483873,False,False,False,5.596386806269831e-17,0.0,7.23696737461334e-19,-7.487160798458977e-41,0.0
1.61,-1,29.0,2e-15,12,-0.6100000000000001,-0.5075771768883085,0.00013676752223796364,1.0,82.53467250973348,129.3416220525343,0.0,86.3301654949241,138.42916816653496,0.9998632418300133,1.0175529750003776,False,False,False,3.5817586506504575e-17,0.0,1.432674986610377e-18,-9.59788104462447e-32,0.0
1.62,-1,29.0,2e-15,12,-0.6200000000000001,-0.5075771768883085,0.0001339151449914587,1.0,72.32131908412411,118.41548320504197,0.0,75.15301121667262,125.49776837022371,0.9998660938212414,1.0157237204238783,False,False,False,6.131570947027046e-17,0.0,1.2431118105452542e-18,-7.380038584577787e-31,0.0
1.6300000000000001,-1,29.0,2e-15,12,-0.6300000000000001,-0.5075771768883085,0.0001312278613169811,1.0,63.975393890493706,109.38542374605959,0.0,66.13170515134038,115.0189872770021,0.9998687807486821,1.0142231959661292,False,False,False,7.249669734594306e-17,0.0,8.61039406907017e-19,-2.1240388105983418e-35,0.0
1.6400000000000001,-1,29.0,2e-15,12,-0.6400000000000001,-0.5075771768883085,0.0001286773290216236,1.0,57.071269633354014,101.86032323163957,0.0,58.74300233433844,106.42303048028336,0.9998713309495508,1.0129784452762773,False,False,False,4.993478343658205e-18,0.0,4.2895852287676146e-19,-4.015153283771094e-31,0.0
1.6500000000000001,-1,29.0,2e-15,12,-0.6500000000000001,-0.5075771768883085,0.00012624298741216192,1.0,51.29607325040595,95.54379618329943,0.0,52.61277969473532,99.29874466894115,0.9998737649808984,1.0119354992397769,False,False,False,8.798513686087237e-17,0.0,3.244677320347361e-19,-3.624851269918026e-31,0.0
1.6600000000000001,-1,29.0,2e-15,12,-0.6600000000000001,-0.5075771768883085,0.00012390952522443484,1.0,46.41637029461778,90.20904730377787,0.0,47.468080563645714,93.34359986505804,0.9998760981512437,1.0110538583736033,False,False,False,1.48774537245406e-17,0.0,1.1925440055139716e-18,-2.5253276441638572e-31,0.0
1.67,-1,29.0,2e-15,12,-0.6699999999999999,-0.5075771768883085,0.00012166525833407225,1.0,42.25552352348781,85.68076300023472,0.0,43.106116448682464,88.33107536853512,0.9998783421425833,1.0103027143072674,False,False,False,1.378779192134052e-16,0.0,4.611758211482983e-19,-1.0892438803326541e-36,0.0
1.68,-1,29.0,2e-15,12,-0.6799999999999999,-0.5075771768883085,0.00011950106471423112,1.0,38.67809693500757,81.82206260442202,0.0,39.373751313038746,84.08889853855806,0.9998805060752536,1.0096583296735966,False,False,False,7.772864134659294e-17,0.0,6.187025437799322e-19,-5.95930930657152e-31,0.0
1.69,-1,29.0,2e-15,12,-0.69,-0.5075771768883085,0.00011740966945875011,1.0,35.578960645657084,78.52504533415478,0.0,36.153627734653504,80.48421583927933,0.9998825972227867,1.0091021968397031,False,False,False,1.0997417306983465e-16,0.0,1.1287161358297784e-18,-4.408636481657428e-36,0.0
1.7,-1,29.0,2e-15,12,-0.7,-0.5075771768883085,0.00011538515489525089,1.0,32.87557239739027,75.70388881950532,0.0,33.35459828290546,77.41329143664768,0.9998846215017158,1.0086197264393273,False,False,False,7.541152187632193e-17,4.81482486096809e-35,1.2644165170134188e-18,-5.055117444845328e-36,0.0
1.71,-1,29.0,2e-15,12,-0.71,-0.5075771768883085,0.00011342261855576498,1.0,30.502434721271065,73.28976526745514,0.0,30.905006476878476,74.79422407392613,0.9998865838135462,1.0081993009035184,False,False,False,2.0239153612367735e-17,0.0,3.6379974865156493e-19,-4.962774898377017e-31,0.0
1.72,-1,29.0,2e-15,12,-0.72,-0.5075771768883085,0.00011151793019855163,1.0,28.407062442508003,71.22706121101706,0.0,28.74789045257165,72.56171447036952,0.9998884882876947,1.0078315827280728,False,False,False,5.910423124889326e-17,0.0,1.884407701963894e-18,-5.426525642447195e-32,0.0
1.73,-1,29.0,2e-15,12,-0.73,-0.5075771768883085,0.00010966755639592909,1.0,26.547012603649524,69.4705399367145,0.0,26.83750708204706,70.66325027809224,0.9998903384568707,1.007509002813236,False,False,False,6.993320180403396e-18,0.0,5.146111404570211e-19,-6.514483525565618e-32,0.0
1.74,-1,29.0,2e-15,12,-0.74,-0.5075771768883085,0.00010786843198664618,1.0,24.88767129852283,67.98319178813144,0.0,25.136777820077295,69.05628692886387,0.9998921373856035,1.0072253776852367,False,False,False,5.124220982707111e-17,0.0,1.7496940779951124e-18,-1.2794820725859093e-41,0.0
1.75,-1,29.0,2e-15,12,-0.75,-0.5075771768883085,0.00010611786454003738,1.0,23.400586359093506,66.73459112918789,0.0,23.61538769267025,67.70613864693459,0.9998938877657614,1.0069756200673434,False,False,False,8.535828417136581e-17,4.81482486096809e-35,2.30953296220346e-18,-3.110333290105672e-53,0.0
1.76,-1,29.0,2e-15,12,-0.76,-0.5075771768883085,0.00010441346240992024,1.0,22.06219826420017,65.69963001874054,0.0,22.248353580884114,66.58438294787923,0.9998955919884859,1.0067555178377934,False,False,False,6.943041314250233e-17,1.1102230246251565e-16,2.6700197403135434e-19,-3.9985094231144433e-42,0.0
1.77,-1,29.0,2e-15,12,-0.77,-0.5075771768883085,0.00010275307987218171,1.0,20.85286476428589,64.85753460322307,0.0,21.014934071794517,65.66764124805489,0.9998972521990447,1.0065615636324425,False,False,False,1.4167055268515405e-16,4.81482486096809e-35,1.4260490938087524e-18,-9.918388835800038e-33,0.0
1.78,-1,29.0,2e-15,12,-0.78,-0.5075771768883085,0.00010113477478993956,1.0,19.756104394923963,64.19109564565356,0.0,19.897790902390504,64.9366383260327,0.999898870339159,1.0063908223408016,False,False,False,1.2673716606895717e-16,1.1102230246251565e-16,1.4776603956529695e-18,-1.1762819229801327e-31,0.0
1.79,-1,29.0,2e-15,12,-0.79,-0.5075771768883085,9.955677557359723e-05,1.0,18.758004716947845,63.68606271955371,0.0,18.88233779635278,64.37547091155143,0.9999004481800378,1.0062408272333745,False,False,False,1.1348631928169501e-17,7.346839692639297e-40,4.3929787306713886e-20,-1.7593783909813825e-47,0.0
1.8,-1,29.0,2e-15,12,-0.8,-0.5075771768883085,9.801745511386795e-05,1.0,17.846755672313076,63.33066461487098,0.0,17.9562303317529,63.97103483457242,0.9999019873484399,1.0061094979246594,False,False,False,1.8019398953583668e-17,1.1102230246251565e-16,6.233161520363326e-19,-2.0494314325866468e-42,0.0
1.81,-1,29.0,2e-15,12,-0.81,-0.5075771768883085,9.651531000075024e-05,1.0,17.012278801737164,63.11522794347169,0.0,17.108962982113557,63.71257366715588,0.999903489347452,1.005995075138184,False,False,False,1.9691366194344615e-17,1.1102230246251565e-16,1.3427881715416769e-18,-1.369515216945398e-31,0.0
1.82,-1,29.0,2e-15,12,-0.8200000000000001,-0.5075771768883085,9.50489437894641e-05,1.0,16.245930517598573,63.03187283775289,0.0,16.331548344316356,63.591321420152866,0.9999049555732182,1.0058960685115184,False,False,False,7.981232037674236e-17,0.0,1.30089508577052e-19,-6.059204314345529e-42,0.0
1.83,-1,29.0,2e-15,12,-0.8300000000000001,-0.5075771768883085,9.361705339410359e-05,1.0,15.540263033343427,63.07426973214487,0.0,15.616259931267495,63.60021880430676,0.9999063873285455,1.0058112146058538,False,False,False,9.044373075815875e-17,0.0,2.1719083757136115e-19,-1.2694084739990398e-37,0.0
1.84,-1,29.0,2e-15,12,-0.8400000000000001,-0.5075771768883085,9.221841792043386e-05,1.0,14.888830513991797,63.23744501107367,0.0,14.956424521689284,63.733687633628755,0.9999077858340671,1.005739442966319,False,False,False,8.238657989819511e-17,0.0,1.1982584564186588e-18,-1.7531893505571144e-41,0.0
1.85,-1,29.0,2e-15,12,-0.8500000000000001,-0.5075771768883085,9.085188941733344e-05,1.0,14.286030942821474,63.51762615631707,0.0,14.346253438392665,63.98745168602237,0.9999091522374906,1.0056798485850957,False,False,False,1.4171028240543336e-17,2.407412430484045e-35,1.1695760432286895e-18,-7.086085486991098e-32,0.0
1.86,-1,29.0,2e-15,12,-0.8600000000000001,-0.5075771768883085,8.951638515003783e-05,1.0,13.726976384391781,63.91211918638323,0.0,13.780704623910667,64.35839512108969,0.9999104876213221,1.0056316694981655,False,False,False,7.180666779771714e-17,4.81482486096809e-35,1.7748304976804324e-18,-9.512211695236246e-36,0.0
1.87,-1,29.0,2e-15,12,-0.8700000000000001,-0.5075771768883085,8.821088109011611e-05,1.0,13.207385966425798,64.41921283338087,0.0,13.255369244714256,64.84445165292712,0.9999117930093753,1.0055942685325394,False,False,False,6.785846479495261e-18,0.0,5.930486528024293e-19,-1.2204224139591377e-31,0.0
1.8800000000000001,-1,29.0,2e-15,12,-0.8800000000000001,-0.5075771768883085,8.693440638583112e-05,1.0,12.72349714693848,65.03810518119414,0.0,12.766377955551913,65.44451927397267,0.9999130693723002,1.0055671184386865,False,False,False,2.970487118735265e-17,0.0,3.4796639480609483e-19,-3.551611721690334e-33,0.0
1.8900000000000001,-1,29.0,2e-15,12,-0.89,-0.5075771768883085,8.568603862838806e-05,1.0,12.271991781916112,65.76884948934254,0.0,12.310323016700305,66.15839655866124,0.9999143176323154,1.005549789810204,False,False,False,2.136862099932918e-17,1.1102230246251565e-16,6.646261247313295e-19,-1.199397897715628e-31,0.0
1.9000000000000001,-1,29.0,2e-15,12,-0.9000000000000001,-0.5075771768883085,8.446489976902007e-05,1.0,11.849934237784067,66.61231672106122,0.0,11.884193267222072,66.98673753974087,0.9999155386672902,1.0055419413225168,False,False,False,1.0457539485061682e-16,0.0,1.3113686885247336e-18,-7.420295758123814e-48,0.0
1.9100000000000001,-1,29.0,2e-15,12,-0.9100000000000001,-0.5075771768883085,8.327015257207907e-05,1.0,11.454719356541913,67.57017293514434,0.0,11.485319580429339,67.93102291659447,0.9999167333142909,1.005543311923922,False,False,False,6.443894490147152e-17,0.0,2.090723991554057e-19,-1.1996505225000172e-31,0.0
1.92,-1,29.0,2e-15,12,-0.9199999999999999,-0.5075771768883085,8.210099751261272e-05,1.0,11.08402852003547,68.64487022929175,0.0,11.111328910137534,68.99354597648777,0.9999179023726821,1.0055537146926308,False,False,False,5.3135964649272204e-18,0.0,5.702882782521125e-19,-7.484067783221731e-32,0.0
1.93,-1,29.0,2e-15,12,-0.9299999999999999,-0.5075771768883085,8.095667004502176e-05,1.0,10.735792403170288,69.83965036904814,0.0,10.760105412138632,70.17741212608348,0.9999190466068577,1.0055730321378444,False,False,False,5.711985776664971e-17,0.0,4.879314938385227e-19,3.9597809018495013e-66,0.0
1.94,-1,29.0,2e-15,12,-0.94,-0.5075771768883085,7.983643818354845e-05,1.0,10.408159276189695,71.15856062536457,0.0,10.429757419949032,71.48655137243244,0.99992016674866,1.0056012127752572,False,False,False,6.140437616336145e-17,0.0,5.942592437222126e-19,-1.1119307207357525e-32,0.0
1.95,-1,29.0,2e-15,12,-0.95,-0.5075771768883085,7.873960034648102e-05,1.0,10.099467930146693,72.6064816950479,0.0,10.118589286191066,72.92574348418658,0.9999212634995345,1.0056382688507666,False,False,False,8.52742059557042e-17,0.0,6.566870126231035e-19,-8.41083658179963e-43,0.0
1.96,-1,29.0,2e-15,12,-0.96,-0.5075771768883085,7.766548342477655e-05,1.0,9.808224470013176,74.18916790847892,0.0,9.825077285151583,74.5006559247909,0.9999223375324608,1.0056842751229549,False,False,False,8.37162874324454e-17,0.0,7.685480958557043e-20,-9.405749788297104e-37,0.0
1.97,-1,29.0,2e-15,12,-0.97,-0.5075771768883085,7.661344104281275e-05,1.0,9.533082356104813,75.91330025258269,0.0,9.547848918867974,76.21789499685067,0.9999233894936919,1.0057393686469585,False,False,False,1.0906381497366848e-16,0.0,4.657646382926821e-19,-2.2917298078808014e-32,0.0
1.98,-1,29.0,2e-15,12,-0.98,-0.5075771768883085,7.558285198459569e-05,1.0,9.272825183998401,77.78655306765748,0.0,9.285665086702025,78.08507098604052,0.9999244200043272,1.005803749531232,False,False,False,7.061454948139165e-17,2.407412430484045e-35,8.267382568318064e-19,-1.0112864054951534e-42,0.0
1.99,-1,29.0,2e-15,12,-0.99,-0.5075771768883085,7.457311876326447e-05,1.0,9.026351781543136,79.8176756276908,0.0,9.037404673039,80.1108784584659,0.9999254296617427,1.0058776826657343,False,False,False,5.593421755308983e-17,0.0,6.041063451877572e-19,-9.528300407236093e-38,0.0
2.0,-1,29.0,2e-15,12,-1.0,-0.5075771768883085,7.35836663153876e-05,1.0,8.7926632732923,82.01659019916633,0.0,8.80205118432019,82.30519326222674,0.9999264190408962,1.0059615004464375,False,False,False,1.140679384589834e-17,0.0,1.4012955997027488e-19,-5.655532658567896e-32,0.0
2.0100000000000002,-1,29.0,2e-15,12,-1.0100000000000002,-0.5075771768883085,7.261394080451401e-05,1.0,8.570851821115632,84.39450860841863,0.0,8.578681128820893,84.67918822812796,0.9999273886955239,1.0060556065478417,False,False,False,6.827319068604024e-18,0.0,5.09009555696119e-19,-9.103777549942639e-33,0.0
2.02,-1,29.0,2e-15,12,-1.02,-0.5075771768883085,7.166340852086845e-05,1.0,8.36009079755692,86.96406984993813,0.0,8.36645388333448,87.24547007418164,0.9999283391592398,1.0061604808235334,False,False,False,1.2731216477114137e-17,2.407412430484045e-35,1.0520377224341323e-18,-3.6263968682181965e-32,0.0
2.0300000000000002,-1,29.0,2e-15,12,-1.0300000000000002,-0.5075771768883085,7.073155486607103e-05,1.0,8.159626187769645,89.7395018585023,0.0,8.16460283249636,90.01824061503258,0.9999292709465514,1.00627668544591,False,False,False,1.4520998376544548e-16,0.0,2.087778224022988e-19,-9.708252586779141e-32,0.0
2.04,-1,29.0,2e-15,12,-1.04,-0.5075771768883085,6.981788341340439e-05,1.0,7.968769048251998,92.73681127200227,0.0,7.972427600673607,93.01348608640619,0.9999301845537983,1.006404872431318,False,False,False,8.582136710963878e-17,2.407412430484045e-35,2.5581507539427855e-18,-2.3422437861456717e-32,0.0
2.05,-1,29.0,2e-15,12,-1.0499999999999998,-0.5075771768883085,6.892191503551067e-05,1.0,7.786888877416184,95.97400586071765,0.0,7.789287224572778,96.24919924779444,0.9999310804600251,1.0065457927375752,False,False,False,1.2994433927176837e-17,2.407412430484045e-35,1.270988848132551e-18,-1.0799799972775287e-32,0.0
2.06,-1,29.0,2e-15,12,-1.06,-0.5075771768883085,6.804318709253516e-05,1.0,7.613407775321183,99.47135533202474,0.0,7.614594138107756,99.74563996350305,0.9999319591277926,1.0067003071689977,False,False,False,1.0575362582237973e-16,0.0,5.432919872643741e-19,-1.512934499123891e-36,0.0
2.07,-1,29.0,2e-15,12,-1.0699999999999998,-0.5075771768883085,6.718125267467852e-05,1.0,7.447795288501703,103.25169748717649,0.0,7.447808860516871,103.52564123315427,0.9999328210039351,1.0068693993819107,False,False,False,8.794241843194813e-17,2.407412430484045e-35,8.424129740359494e-19,-8.754928175759554e-35,0.0
2.08,-1,29.0,2e-15,12,-1.08,-0.5075771768883085,6.633567989391563e-05,1.0,7.289563851421507,107.34079827302384,0.0,7.2884352949445175,107.61496921209215,0.9999336665202686,1.0070541913540654,False,False,False,9.039370492749224e-17,0.0,2.2123851384492836e-19,-3.519649836589124e-32,0.0
2.09,-1,29.0,2e-15,12,-1.0899999999999999,-0.5075771768883085,6.550605122030855e-05,1.0,7.13826474920902,111.76777621925118,0.0,7.136016558284595,112.04274771289367,0.9999344960942542,1.0072559617680525,False,False,False,1.6574876452416064e-17,1.1102230246251565e-16,7.347807722910895e-19,-4.348230734261345e-37,0.0
2.1,-1,29.0,2e-15,12,-1.1,-0.5075771768883085,6.469196285890946e-05,1.0,6.993484537446267,116.56560418867195,0.0,6.990131274487722,116.84196011934037,0.999935310129621,1.0074761678664208,False,False,False,1.5906307367341818e-16,0.0,7.936620594766009e-19,-3.424667032401501e-42,0.0
2.11,-1,29.0,2e-15,12,-1.1099999999999999,-0.5075771768883085,6.389302416373222e-05,1.0,6.854841864241269,121.77170443562703,0.0,6.850390273140391,122.05004471512298,0.9999361090169521,1.0077164714709164,False,False,False,5.589525007560981e-17,2.407412430484045e-35,1.5282410566950295e-18,-2.985081246483142e-32,0.0
2.12,-1,29.0,2e-15,12,-1.12,-0.5075771768883085,6.310885708568328e-05,1.0,6.72198464793272,127.42865685187049,0.0,6.716433643238517,127.70960331777104,0.9999368931342364,1.0079787700281218,False,False,False,4.4137068748449634e-17,2.407412430484045e-35,9.162427451726274e-19,-3.298451916843017e-37,0.0
2.13,-1,29.0,2e-15,12,-1.13,-0.5075771768883085,6.233909565169545e-05,1.0,6.594587570800471,133.58504522791475,0.0,6.587928098952523,133.86924806143622,0.9999376628473894,1.0082652337594884,False,False,False,9.171450774549283e-17,0.0,6.856816296494212e-19,-7.637620765738275e-33,0.0
2.14,-1,29.0,2e-15,12,-1.1400000000000001,-0.5075771768883085,6.158338547261545e-05,1.0,6.47234985531902,140.29647270165248,0.0,6.464564620020471,140.5846175215098,0.9999384185107452,1.0085783502695793,False,False,False,8.168239847978727e-17,0.0,1.2697824842201738e-18,-1.1383710922888133e-32,0.0
2.15,-1,29.0,2e-15,12,-1.15,-0.5075771768883085,6.084138327765555e-05,1.0,6.354993294984897,147.62678575106207,0.0,6.346056334380086,147.91960156585736,0.9999391604675217,1.0089209783214503,False,False,False,6.11563680342967e-17,1.1102230246251565e-16,1.3880304553844616e-19,-6.058044443164112e-38,0.0
2.16,-1,29.0,2e-15,12,-1.1600000000000001,-0.5075771768883085,6.011275647345165e-05,1.0,6.242260516760749,155.6495567193783,0.0,6.23213661489783,155.94782495764608,0.9999398890502621,1.009296412948535,False,False,False,5.999810195382456e-17,2.407412430484045e-35,8.236763173835417e-19,-1.7656856216614413e-32,0.0
2.17,-1,29.0,2e-15,12,-1.17,-0.5075771768883085,5.939718272596972e-05,1.0,6.133913456886464,164.44988876767013,0.0,6.1225573656898264,164.75445365235714,0.9999406045812518,1.0097084646736505,False,False,False,2.029519148758469e-16,0.0,4.554703989326116e-19,-5.743843815987797e-37,0.0
2.18,-1,29.0,2e-15,12,-1.1800000000000002,-0.5075771768883085,5.8694349563676004e-05,1.0,6.0297320364011755,174.12662547452143,0.0,6.017087476649761,174.4384060707102,0.999941307372916,1.010161556396861,False,False,False,6.046192997882163e-17,0.0,2.917391654494793e-19,-4.473750599352611e-32,0.0
2.19,-1,29.0,2e-15,12,-1.19,-0.5075771768883085,5.800395400054458e-05,1.0,5.929513027411294,184.79507163662447,0.0,5.915511427483515,185.11507598227405,0.9999419977281963,1.0106608425629344,False,False,False,8.116071426442595e-17,0.0,1.2854803985386923e-19,-1.381601061130471e-31,0.0
2.2,-1,29.0,2e-15,12,-1.2000000000000002,-0.5075771768883085,5.732570217761127e-05,1.0,5.833069106179053,196.5903644030803,0.0,5.817628024864308,196.91970623872444,0.999942675940909,1.011212356621668,False,False,False,1.7667840916855178e-16,1.1102230246251565e-16,1.2975964713013127e-19,-1.1085410287019197e-34,0.0
2.21,-1,29.0,2e-15,12,-1.21,-0.5075771768883085,5.6659309021910065e-05,1.0,5.740228094827132,209.67167787111882,0.0,5.723249258322058,210.0115966245002,0.9999433422960864,1.0118231946857286,False,False,False,1.551319958967781e-17,0.0,1.707095809026745e-19,-1.9703858827038402e-36,0.0
2.22,-1,29.0,2e-15,12,-1.2200000000000002,-0.5075771768883085,5.600449792173845e-05,1.0,5.65083240027608,224.22750422665425,0.0,5.632199262212035,224.57938909435381,0.9999439970703009,1.0125017458647592,False,False,False,1.428460360160618e-16,0.0,2.7946846432174883e-19,-4.3632684396264366e-42,0.0
2.23,-1,29.0,2e-15,12,-1.23,-0.5075771768883085,5.5361000417306435e-05,1.0,5.564738667557545,240.4823370140703,0.0,5.544313372610657,240.84775623153777,0.9999446405319746,1.0132579832917654,False,False,False,1.5008925565089014e-16,0.0,2.5069638622836333e-19,-3.4251307343769894e-35,0.0
2.24,-1,29.0,2e-15,12,-1.2400000000000002,-0.5075771768883085,5.472855590592172e-05,1.0,5.4818176757383625,258.7051968163716,0.0,5.459437269292457,259.08593354489693,0.9999452729416741,1.0141038347687914,False,False,False,2.676679293857169e-18,0.0,3.9445944175686496e-19,-1.111319325161809e-31,0.0
2.25,-1,29.0,2e-15,12,-1.25,-0.5075771768883085,5.410691136096408e-05,1.0,5.401954519571872,279.22060083604555,0.0,5.377426194080695,279.61869755573036,0.9999458945523916,1.0150536588519827,False,False,False,1.0442504736576999e-16,0.0,3.383268966344645e-20,-1.3523717854648617e-36,0.0
2.2600000000000002,-1,29.0,2e-15,12,-1.2600000000000002,-0.5075771768883085,5.3495821064001445e-05,1.0,5.325049140527626,302.42280710629376,0.0,5.298144237857342,302.8406210400625,0.9999465056098119,1.0161248619844432,False,False,False,4.5329254796838655e-17,0.0,1.021422790863815e-19,-1.5921799700107648e-41,0.0
2.27,-1,29.0,2e-15,12,-1.27,-0.5075771768883085,5.289504634951248e-05,1.0,5.251017299834697,328.7944941202012,0.0,5.221463689387169,329.2347671026221,0.9999471063525688,1.0173387063585213,False,False,False,6.139925556254616e-17,0.0,9.686855390038507e-19,-1.8597229951193875e-32,0.0
2.2800000000000002,-1,29.0,2e-15,12,-1.2800000000000002,-0.5075771768883085,5.230435536180623e-05,1.0,5.179792127902783,358.9315182456514,0.0,5.147264439871712,359.3974657083218,0.9999476970124871,1.0187213786933602,False,False,False,6.456185516994988e-17,1.1102230246251565e-16,1.3081850561849167e-18,-5.438073640666197e-42,0.0
2.29,-1,29.0,2e-15,12,-1.29,-0.5075771768883085,5.1723522823888016e-05,1.0,5.111326445719937,393.57610404218394,0.0,5.075433437817012,394.07152959301885,0.9999482778148144,1.0203054204151774,False,False,False,8.445027317841512e-17,0.0,1.7124573739267867e-19,-2.4313287782567377e-32,0.0
2.3000000000000003,-1,29.0,2e-15,12,-1.3000000000000003,-0.5075771768883085,5.115232981822724e-05,1.0,5.045596145295401,433.66189373449464,0.0,5.005864189386182,434.1913384389228,0.9999488489784399,1.022131665196344,False,False,False,9.011071457594691e-17,1.1102230246251565e-16,9.239272468553144e-19,-4.7551549734438034e-32,0.0
2.31,-1,29.0,2e-15,12,-1.31,-0.5075771768883085,5.0590563579670645e-05,1.0,4.982605055382552,480.375918510227,0.0,4.938456299925338,480.9448578780315,0.9999494107161013,1.0242518991636356,False,False,False,1.4502669020042992e-16,1.1102230246251565e-16,7.331381663744408e-19,-1.4236475592610442e-36,0.0
2.32,-1,29.0,2e-15,12,-1.3199999999999998,-0.5075771768883085,5.003801730116716e-05,1.0,4.922391934411254,535.2450989253688,0.0,4.873115052807291,535.8602064792376,0.9999499632345795,1.026732566754972,False,False,False,1.287064103722885e-16,0.0,1.6799069169933466e-19,-2.2762440302791837e-31,0.0
2.33,-1,29.0,2e-15,12,-1.33,-0.5075771768883085,4.949448995360699e-05,1.0,4.865040573531517,600.2589146860277,0.0,4.8097510221407465,600.9284200116862,0.9999505067348785,1.0296600155573692,False,False,False,9.647820270208206e-17,0.0,2.00919169446132e-19,-2.8746333328516355e-47,0.0
2.34,-1,29.0,2e-15,12,-1.3399999999999999,-0.5075771768883085,4.8959786122086416e-05,1.0,4.810694543014097,678.0464085983272,0.0,4.748279716249255,678.7805919379471,0.9999510414123887,1.0331480485582116,False,False,False,7.700740285000357e-17,0.0,1.2290968952447184e-19,-1.7906615803180095e-46,0.0
2.35,-1,29.0,2e-15,12,-1.35,-0.5075771768883085,4.843371586254031e-05,1.0,4.759579023467858,772.1364807934743,0.0,4.688621249140209,772.9483689873742,0.999951567457031,1.0373490063748838,False,False,False,3.830218234869586e-17,0.0,6.369075790535282e-19,-5.701216396938185e-42,0.0
2.36,-1,29.0,2e-15,12,-1.3599999999999999,-0.5075771768883085,4.791609458541398e-05,1.0,4.71203369824163,887.348706862232,0.0,4.63070003746482,888.25507290288,0.9999520850533723,1.0424703696216278,False,False,False,1.6810887792060826e-17,0.0,8.214648647447836e-19,-4.474960940063919e-36,0.0
2.37,-1,29.0,2e-15,12,-1.37,-0.5075771768883085,4.740674297772944e-05,1.0,4.668563343643892,1030.3936665467281,0.0,4.5744445207191236,1031.4164984398778,0.9999525943807042,1.0488002020965652,False,False,False,1.4010127996971367e-17,0.0,9.307665663300585e-20,-1.366930603658972e-31,0.0
2.38,-1,29.0,2e-15,12,-1.38,-0.5075771768883085,4.6905486983183324e-05,1.0,4.629917488856102,1210.8184332014375,0.0,4.519786902658177,1211.9871485555186,0.999953095613062,1.0567471238705906,False,False,False,6.848610587471453e-17,0.0,2.231180729884199e-19,-7.532316387894859e-36,0.0
2.39,-1,29.0,2e-15,12,-1.3900000000000001,-0.5075771768883085,4.641215787495448e-05,1.0,4.597219180181588,1442.5368350792676,0.0,4.4666629120931844,1443.8917176588684,0.9999535889191525,1.0669048362492886,False,False,False,3.7175413392964735e-17,0.0,1.2341560810299195e-19,-8.972000011015535e-36,0.0
2.4,-1,29.0,2e-15,12,-1.4,-0.5075771768883085,4.592659248395393e-05,1.0,4.572179163355804,1746.3801314685704,0.0,4.415011581417976,1747.9778397174034,0.9999540744621258,1.0801593630821567,False,False,False,5.6519952597611546e-18,0.0,2.191902338743022e-19,-6.823018512386427e-36,0.0
2.41,-1,29.0,2e-15,12,-1.4100000000000001,-0.5075771768883085,4.544863370352513e-05,1.0,4.55747008611705,2154.78947639283,6756.297027231447,4.36477504136885,2156.4051363123945,0.9999545523990699,1.0978867900198583,False,False,True,2.5898539544910905e-17,1.1102230246251565e-16,4.63924210206909e-19,-8.546931998653093e-31,0.0
2.42,-1,29.0,2e-15,12,-1.42,-0.5075771768883085,4.497813146200668e-05,1.0,4.557349357097979,2718.4513901358246,8774.047800459113,4.3158983306630745,2720.4280571548966,0.999955022880039,1.122225886878643,False,False,True,3.706394093355691e-17,1.1102230246251565e-16,7.459731817982193e-19,-2.1424423394437545e-35,0.0
2.43,-1,29.0,2e-15,12,-1.4300000000000002,-0.5075771768883085,4.451494464174207e-05,1.0,4.57887188248295,3522.0710032043708,11703.144097597777,4.268329219287637,3524.563498775493,0.9999554860461337,1.1567402817780612,False,False,True,7.095740160118697e-17,0.0,9.259495708009474e-19,-2.2836656829556927e-31,0.0
2.44,-1,29.0,2e-15,12,-1.44,-0.5075771768883085,4.4058944585265865e-05,1.0,4.634013436616868,4709.364507742442,16111.860973386776,4.222018044323462,4712.627711674396,0.9999559420259958,1.207445571904438,False,False,True,5.772735919508666e-17,0.0,2.9446774368399484e-19,-1.030843133521798e-34,0.0
2.45,-1,29.0,2e-15,12,-1.4500000000000002,-0.5075771768883085,4.3610021178037816e-05,1.0,4.743409424656154,6529.043511746743,23002.030681307937,4.176917557291973,6533.518461218139,0.9999563909297251,1.284688116749331,False,False,True,1.6614498498059569e-18,1.1102230246251565e-16,6.540877169960886e-20,-9.740899917504755e-35,0.0
2.46,-1,29.0,2e-15,12,-1.46,-0.5075771768883085,4.316809032694819e-05,1.0,4.941259365745574,9396.79505806677,34094.55118064814,4.132982782102693,9403.272234013,0.9999568328414017,1.4055985306918484,False,False,True,9.610176692718816e-18,0.0,3.60084735469146e-19,-2.4060007500975028e-35,0.0
2.47,-1,29.0,2e-15,12,-1.4700000000000002,-0.5075771768883085,4.273308489593581e-05,1.0,5.271708007089446,13861.016777631356,51801.85586844745,4.090170882762837,13870.857216806184,0.9999572678281493,1.5922812745306607,False,False,True,1.1817857521131454e-17,1.1102230246251565e-16,4.979337901237584e-19,-4.945420098243724e-52,0.0
2.48,-1,29.0,2e-15,12,-1.48,-0.5075771768883085,4.230483931197625e-05,1.0,5.725290475654546,19857.385268933947,76449.69672063018,4.048441040084339,19872.19070778863,0.9999576960555251,1.8400211890137799,False,False,True,8.172821630992356e-17,0.0,8.39091329896031e-19,-5.751679315461811e-35,0.0
2.49,-1,29.0,2e-15,12,-1.4900000000000002,-0.5075771768883085,4.1882756773802285e-05,1.0,6.043726696023218,24345.919050662862,96571.3830033186,4.007754336690671,24364.502117780266,0.9999581181202966,2.0196323241538887,False,False,True,5.621362150840762e-17,1.1102230246251565e-16,5.70435370108008e-19,-2.2329307257591865e-34,0.0
2.5,-1,29.0,2e-15,12,-1.5,-0.5075771768883085,4.146605371116861e-05,1.0,5.837088882697437,22575.440332054666,92278.60833592468,3.968073649686461,22591.581647283434,0.9999585348059937,1.9360729561682546,False,False,True,3.1876082858016137e-17,0.0,7.83791657729468e-19,-6.721020975921267e-35,0.0
2.5100000000000002,-1,29.0,2e-15,12,-1.5100000000000002,-0.5075771768883085,4.1054978399162486e-05,1.0,5.294520606445066,16661.144592713226,70191.48427912944,3.929363550407578,16671.573862669316,0.999958945864345,1.6839818772235093,False,False,True,1.5169702610024874e-17,1.1102230246251565e-16,3.852165361187346e-19,-9.428209348991964e-40,0.0
2.52,-1,29.0,2e-15,12,-1.52,-0.5075771768883085,4.065009377614175e-05,1.0,4.810383368192899,11333.203839314398,49216.894241267815,3.891590210719029,11339.386571195388,0.9999593507324277,1.4606551495846878,False,False,True,1.6697718805879607e-16,0.0,3.1656262019302303e-19,-4.559495657901308e-32,0.0
2.5300000000000002,-1,29.0,2e-15,12,-1.5300000000000002,-0.5075771768883085,4.025142321985209e-05,1.0,4.4767356391701725,7756.259961016863,34726.68953465206,3.8547213153727515,7760.018560780428,0.9999597493868578,1.312160251680941,False,False,True,1.5189037715594203e-16,0.0,1.6330292339212209e-19,-5.4242395206453964e-46,0.0
2.54,-1,29.0,2e-15,12,-1.54,-0.5075771768883085,3.9858773078062995e-05,1.0,4.254328859774867,5492.338985287883,25356.445404135702,3.818725979978258,5494.743675025446,0.9999601420212723,1.2188780353036608,False,False,True,6.155684988463314e-17,1.2037062152420224e-35,3.0577904995060573e-19,-4.4429610050890305e-31,0.0
2.5500000000000003,-1,29.0,2e-15,12,-1.5500000000000003,-0.5075771768883085,3.947195237346353e-05,1.0,4.100247417949532,4038.1586127350593,19226.838369065932,3.783574674175923,4039.77282032568,0.9999605288266338,1.1593545332650037,False,False,True,1.1455037081186923e-16,0.0,9.41802065528062e-19,-1.5146109866692927e-35,0.0
2.56,-1,29.0,2e-15,12,-1.56,-0.5075771768883085,3.909080263757386e-05,1.0,3.9873419598000477,3071.34676381768,15084.224966217203,3.749239149636389,3072.473556459263,0.9999609099613979,1.120022320137346,False,False,True,7.4747317004996e-17,1.2037062152420224e-35,3.049958628061426e-19,-1.4397358183698795e-40,0.0
2.57,-1,29.0,2e-15,12,-1.5699999999999998,-0.5075771768883085,3.8715188747252356e-05,1.0,3.8999339917558076,2404.4932858748734,12183.33330210993,3.715692372540024,2405.30417135933,0.999961285560676,1.0930516969648227,False,False,True,1.4242843737935456e-16,0.0,3.921516235508631e-20,-5.788697032982769e-35,0.0
2.58,-1,29.0,2e-15,12,-1.58,-0.5075771768883085,3.83449898476771e-05,1.0,3.8289444216275217,1928.308666736956,0.0,3.682908460218246,1929.2926139628555,0.999961655745312,1.0739026319945284,False,False,False,5.55197041068849e-17,0.0,8.51727987309277e-20,-9.141493614451947e-35,0.0
2.59,-1,29.0,2e-15,12,-1.5899999999999999,-0.5075771768883085,3.798009402340302e-05,1.0,3.7689898720873067,1578.6314310393025,0.0,3.650862621663834,1579.402663838069,0.9999620206272113,1.0599185908063833,False,False,False,1.788613909078317e-17,0.0,5.470459307281541e-19,-6.567741513020009e-36,0.0
2.6,-1,29.0,2e-15,12,-1.6,-0.5075771768883085,3.762039537216335e-05,1.0,3.7167333956990762,1314.8784552565094,0.0,3.619531101640416,1315.4937137386858,0.999962380312266,1.0494286276653553,False,False,False,2.822099965247343e-17,0.0,5.649175594985941e-19,-2.953538086794549e-31,0.0
2.61,-1,29.0,2e-15,12,-1.6099999999999999,-0.5075771768883085,3.7265792434329076e-05,1.0,3.6700509318829875,1111.446526828429,0.0,3.588891128142518,1111.9445771932712,0.9999627349019267,1.041381670472571,False,False,False,9.630348872039423e-17,6.018531076210112e-36,1.556653296612641e-19,-1.1855000216717408e-31,0.0
2.62,-1,29.0,2e-15,12,-1.62,-0.5075771768883085,3.69161872872436e-05,1.0,3.627541523485501,951.4737458407322,0.0,3.558920862976695,951.8818556487277,0.9999630844941069,1.0350878674944586,False,False,False,7.536502915340368e-17,0.0,3.570186825928527e-19,-3.130490296003957e-31,0.0
2.63,-1,29.0,2e-15,12,-1.63,-0.5075771768883085,3.657148500749604e-05,1.0,3.5882529018332887,823.5356816362867,0.0,3.529599355252001,823.8735183739141,0.9999634291837212,1.0300813520178207,False,False,False,7.42869912177531e-17,0.0,2.263057840320876e-19,-3.6346835927872974e-32,0.0
2.64,-1,29.0,2e-15,12,-1.6400000000000001,-0.5075771768883085,3.623159333121068e-05,1.0,3.5515197696488254,719.6925171850015,0.0,3.5009064975840847,719.9745795948812,0.9999637690630251,1.0260393756691875,False,False,False,6.849360917062329e-17,0.0,1.1551677749730682e-19,-3.6837655050490874e-36,0.0
2.65,-1,29.0,2e-15,12,-1.65,-0.5075771768883085,3.589642242597154e-05,1.0,3.516865533317119,634.2992199457043,0.0,3.4728229848320358,634.5364023589887,0.9999641042218429,1.0227331769654782,False,False,False,8.255141671475339e-17,0.0,3.1931545403746194e-19,-1.270643168118222e-36,0.0
2.66,-1,29.0,2e-15,12,-1.6600000000000001,-0.5075771768883085,3.556588472795854e-05,1.0,3.4839408572354444,563.259763145038,0.0,3.445330275200563,563.4603901897792,0.9999644347477307,1.0199972665556443,False,False,False,7.158211731074672e-18,0.0,1.179117836087365e-19,-1.1980622141707987e-31,0.0
2.67,-1,29.0,2e-15,12,-1.67,-0.5075771768883085,3.523989481857541e-05,1.0,3.4524842179225494,503.5473196487939,0.0,3.4184105535525773,503.7178476636996,0.9999647607260992,1.0177097153066983,False,False,False,1.8736162213874203e-17,0.0,1.6891559656386932e-19,-5.533448853109413e-32,0.0
2.68,-1,29.0,2e-15,12,-1.6800000000000002,-0.5075771768883085,3.491836932587607e-05,1.0,3.422295964422325,452.888123317105,0.0,3.392046696788565,453.0336263638279,0.9999650822403133,1.015779196993603,False,False,False,1.3908880637746932e-16,0.0,2.0480571187430706e-20,-9.663373062259166e-42,0.0
2.69,-1,29.0,2e-15,12,-1.69,-0.5075771768883085,3.4601226842152094e-05,1.0,3.3932208816348237,409.548590395982,0.0,3.3662222411596843,409.67310369588097,0.9999653993717734,1.0141362830509484,False,False,False,8.670093959995951e-17,2.407412430484045e-35,6.2453419177690415e-19,-1.2915102083465435e-42,0.0
2.7,-1,29.0,2e-15,12,-1.7000000000000002,-0.5075771768883085,3.4288387852455516e-05,1.0,3.3651362318308986,372.18910309321524,0.0,3.3409213513910556,372.2958700400241,0.9999657121999876,1.0127274765213055,False,False,False,5.981593043296252e-17,0.0,1.303405189023787e-20,-5.663947710742723e-32,0.0
2.71,-1,29.0,2e-15,12,-1.71,-0.5075771768883085,3.3979774670815086e-05,1.0,3.337943401293029,339.7617460956016,0.0,3.3161287915006556,339.8533987753901,0.9999660208026352,1.0115110483767265,False,False,False,1.0394135335576961e-16,0.0,3.7833823122205964e-19,-5.074087970912409e-36,0.0
2.72,-1,29.0,2e-15,12,-1.7200000000000002,-0.5075771768883085,3.3675311382078174e-05,1.0,3.311561966097242,311.43758967190064,0.0,3.2918298972072866,311.5162827143859,0.9999663252556249,1.0104540830639102,False,False,False,7.364303320587323e-17,0.0,1.3232281945237716e-19,-1.0574451141116938e-36,0.0
2.73,-1,29.0,2e-15,12,-1.73,-0.5075771768883085,3.33749237880303e-05,1.0,3.2859254105572444,286.55419163860705,0.0,3.2680105498286927,286.6217027828875,0.9999666256331485,1.0095303499402277,False,False,False,9.092147181502145e-17,0.0,5.73474584829344e-20,-2.152459281424325e-32,0.0
2.74,-1,29.0,2e-15,12,-1.7400000000000002,-0.5075771768883085,3.30785393568893e-05,1.0,3.2609779934950436,264.57716375214653,0.0,3.24465715157772,264.63497032059917,0.999966922007732,1.0087187481318416,False,False,False,6.098082868604313e-17,0.0,2.4120756115680738e-19,-1.606525881371481e-36,0.0
2.75,-1,29.0,2e-15,12,-1.75,-0.5075771768883085,3.27860871755549e-05,1.0,3.236672423931778,245.07167042098575,0.0,3.2217566021709017,245.12100811942418,0.9999672144502824,1.0080021556009637,False,False,False,6.386553670421157e-17,0.0,1.585719096796208e-19,-5.173587916717125e-32,0.0
2.7600000000000002,-1,29.0,2e-15,12,-1.7600000000000002,-0.5075771768883085,3.2497497904178774e-05,1.0,3.212968115696095,227.6810403087386,0.0,3.199296276669647,227.72294889917606,0.9999675030301338,1.0073665671603882,False,False,False,6.154319689340787e-17,0.0,3.0376887432151424e-19,-5.666907831590011e-37,0.0
2.77,-1,29.0,2e-15,12,-1.77,-0.5075771768883085,3.221270373274178e-05,1.0,3.1898298615309253,212.11053807941022,0.0,3.1772640044797686,212.1458971900651,0.9999677878150909,1.0068004417368355,False,False,False,2.7174771031678813e-17,0.0,8.046788795286044e-20,-1.4152587385314243e-32,0.0
2.7800000000000002,-1,29.0,2e-15,12,-1.78,-0.5075771768883085,3.193163833940607e-05,1.0,3.1672268149054355,198.11492488391065,0.0,3.155648049439987,198.14448233031013,0.9999680688714699,1.0062942030025015,False,False,False,6.522902444817625e-17,0.0,8.074952400219757e-20,-1.3906436112180973e-37,0.0
2.79,-1,29.0,2e-15,12,-1.79,-0.5075771768883085,3.165423685046621e-05,1.0,3.1451317001183163,185.4888319331628,0.0,3.1344370909348402,185.51322629647873,0.9999683462641396,1.0058398536832682,False,False,False,6.047067037960217e-17,1.1102230246251565e-16,2.7171855083968326e-19,-1.1167568000049598e-36,0.0
2.8000000000000003,-1,29.0,2e-15,12,-1.8000000000000003,-0.5075771768883085,3.138043580176266e-05,1.0,3.123520193582076,174.05924463227495,0.0,3.113620205971641,174.07902339330093,0.999968620056559,1.0054306750084454,False,False,False,6.59232611788382e-17,2.407412430484045e-35,1.2384746329396607e-18,-1.2238682345620196e-32,0.0
2.81,-1,29.0,2e-15,12,-1.81,-0.5075771768883085,3.111017310144765e-05,1.0,3.102370434751072,163.6795856913931,0.0,3.093186852165162,163.6952198953732,0.9999688903108149,1.0050609905548473,False,False,False,5.576994355925065e-17,0.0,3.345181656871724e-19,-8.997249407572478e-37,0.0
2.82,-1,29.0,2e-15,12,-1.8199999999999998,-0.5075771768883085,3.084338799401357e-05,1.0,3.081662636163383,154.22502072762404,0.0,3.0731268515773977,154.2369169192634,0.9999691570876584,1.0047259792403453,False,False,False,2.503593312250529e-17,6.018531076210112e-36,6.487902544916035e-19,-6.384614078240907e-37,0.0
2.83,-1,29.0,2e-15,12,-1.83,-0.5075771768883085,3.058002102550959e-05,1.0,3.0613787699291204,145.5887065438163,0.0,3.053430375363234,145.5972165379044,0.9999694204465386,1.0044215261537253,False,False,False,4.2227954872251387e-17,0.0,4.626807720455116e-19,-4.0667510788985e-37,0.0
2.84,-1,29.0,2e-15,12,-1.8399999999999999,-0.5075771768883085,3.0320014009881198e-05,1.0,3.0415023136789476,137.6787721801556,0.0,3.034087929175968,137.68420110372708,0.999969680445637,1.0041441027470026,False,False,False,5.799167286474448e-17,6.018531076210112e-36,4.810947851140894e-19,-2.933320727153067e-36,0.0
2.85,-1,29.0,2e-15,12,-1.85,-0.5075771768883085,3.00633099963774e-05,1.0,3.02201804312649,130.4158738972954,0.0,3.015090339289637,130.41848684207324,0.9999699371419004,1.0038906699873233,False,False,False,6.934480691935981e-17,1.2037062152420224e-35,5.399257478060634e-19,-5.593303797775847e-37,0.0
2.86,-1,29.0,2e-15,12,-1.8599999999999999,-0.5075771768883085,2.9809853237975213e-05,1.0,3.0029118614544648,123.73120289786735,0.0,2.996428739397822,123.73123044799448,0.9999701905910713,1.0036585995904148,False,False,False,9.003924241147553e-17,0.0,5.25218437659405e-20,-1.1257771941188765e-32,0.0
2.87,-1,29.0,2e-15,12,-1.87,-0.5075771768883085,2.955958916077695e-05,1.0,2.984170657997982,117.5648525971707,0.0,2.9780945580511506,117.5624954409754,0.9999704408477196,1.0034456095902393,False,False,False,8.218348431500183e-17,1.2037062152420224e-35,7.005635645252248e-19,-4.097986677442793e-37,0.0
2.88,-1,29.0,2e-15,12,-1.88,-0.5075771768883085,2.9312464334339895e-05,1.0,2.965782190397054,111.86447325913615,0.0,2.9600795066981123,111.85990605040806,0.9999706879652718,1.00324971134796,False,False,False,1.23210050525476e-16,1.2037062152420224e-35,3.2148602196326746e-19,-2.0942597577014913e-32,0.0
2.89,-1,29.0,2e-15,12,-1.8900000000000001,-0.5075771768883085,2.9068426442900357e-05,1.0,2.9477349856766866,106.5841576945642,0.0,2.942375568295973,106.57753229516233,0.9999709319960397,1.0030691657439625,False,False,False,7.19813468566314e-17,1.2037062152420224e-35,3.148634777493836e-19,-5.399713708971124e-33,0.0
2.9,-1,29.0,2e-15,12,-1.9,-0.5075771768883085,2.8827424257457965e-05,1.0,2.9300182566851665,101.68351381531537,0.0,2.9249749864606724,101.67496202475886,0.9999711729912487,1.002902446783992,False,False,False,1.954603100544732e-18,0.0,6.826540488698275e-20,-1.8273227810073395e-32,0.0
2.91,-1,29.0,2e-15,12,-1.9100000000000001,-0.5075771768883085,2.8589407608687187e-05,1.0,2.9126218310719523,97.12688911834367,0.0,2.907870255126443,97.11652497540229,0.9999714110010646,1.0027482112238326,False,False,False,3.55547872323517e-18,0.0,5.741069497551742e-20,-1.060731737230012e-36,0.0
2.92,-1,29.0,2e-15,12,-1.92,-0.5075771768883085,2.835432736064632e-05,1.0,2.895536090564089,92.8827193410941,0.0,2.891054108687737,92.87064106604355,0.9999716460746195,1.002605273104964,False,False,False,1.5880149781898362e-17,6.018531076210112e-36,5.272648852834864e-19,-7.930005826532406e-33,0.0
2.93,-1,29.0,2e-15,12,-1.9300000000000002,-0.5075771768883085,2.8122135385254835e-05,1.0,2.878751918747198,88.92297910132838,0.0,2.8745195125976646,88.90927073455842,0.9999718782600383,1.002472582317186,False,False,False,1.2735182582648511e-16,6.018531076210112e-36,5.507798607074091e-19,-2.0298095608486942e-32,0.0
2.94,-1,29.0,2e-15,12,-1.94,-0.5075771768883085,2.7892784537511917e-05,1.0,2.862260655909338,85.2227166920947,0.0,2.8582596543987164,85.20744947428958,0.9999721076044625,1.0023492064788566,False,False,False,7.270895837938365e-17,0.0,4.168624904172594e-20,-1.8990246412847917e-36,0.0
2.95,-1,29.0,2e-15,12,-1.9500000000000002,-0.5075771768883085,2.7666228631430536e-05,1.0,2.8460540597807675,81.75965863053173,0.0,2.842267935162967,81.74289216119853,0.9999723341540752,1.0022343155625753,False,False,False,6.095595043498081e-17,0.0,4.732427394431765e-20,-5.640641149950018e-33,0.0
2.96,-1,29.0,2e-15,12,-1.96,-0.5075771768883085,2.744242241666253e-05,1.0,2.8301242712222314,78.51387227103714,0.0,2.8265379613203603,78.4956554752268,0.9999725579541232,1.0021271688025528,False,False,False,4.2914045831757155e-17,0.0,6.107553762765237e-20,-3.7167357298215505e-37,0.0
2.97,-1,29.0,2e-15,12,-1.9700000000000002,-0.5075771768883085,2.7221321555791114e-05,1.0,2.8144637840847895,75.46747694984812,0.0,2.811063536854869,75.44784887730667,0.999972779048941,1.002027103505997,False,False,False,1.502223745614864e-17,0.0,2.065530799860534e-19,-2.1269151657418226e-36,0.0
2.98,-1,29.0,2e-15,12,-1.98,-0.5075771768883085,2.7002882602268428e-05,1.0,2.7990654186066632,72.60439585210707,0.0,2.7958386558495674,72.58338632829901,0.9999729974819723,1.0019335254595754,False,False,False,1.667909621066115e-17,9.027796614315168e-36,3.227356981892808e-19,-6.482765480350278e-37,0.0
2.99,-1,29.0,2e-15,12,-1.9900000000000002,-0.5075771768883085,2.678706297897673e-05,1.0,2.7839222978198817,69.91014217701782,0.0,2.7808574953626986,69.88777232154754,0.9999732132957911,1.001845900677156,False,False,False,6.493773198343696e-17,1.504632769052528e-35,6.246065971051969e-19,-1.9013777560126842e-32,0.0
3.0,-1,29.0,2e-15,12,-2.0,-0.5075771768883085,2.6573820957392766e-05,1.0,2.7690278265331765,67.37163429425341,0.0,2.766114408617913,67.34791691874351,0.9999734265321235,1.001763748279466,False,False,False,1.2557889315565382e-16,0.0,1.0536005795437158e-19,-1.6698642096520206e-46,0.0
0.0,0,29.0,2e-15,12,1.0,0.0,0.00016694582073734681,1.0,0.2501729990182394,0.027819297171422647,0.0,0.2501219695204833,0.027807401064783042,0.9998330681139407,0.9998377124293393,True,False,False,8.214188859762799e-17,1.1754943508222875e-38,3.0103980910868825e-21,-4.301861249526246e-29,0.0
0.01,0,29.0,2e-15,12,0.99,0.0,0.00017033223785933686,1.0,0.24766920125428854,0.02717416817824526,0.0,0.2476173600680985,0.02716224705374214,0.9998296822678527,0.9998343109047305,True,False,False,1.4649084784442814e-17,1.1102230246251565e-16,1.9591578285419162e-18,-1.9509020601649946e-34,0.0
0.02,0,29.0,2e-15,12,0.98,0.0,0.00017382271092532435,1.0,0.24515295076161375,0.026535132684421,0.0,0.24510028192064012,0.026523188052466312,0.9998261923953669,0.9998308048040648,True,False,False,1.0168383002521022e-16,9.65080862025098e-36,9.44742229682687e-19,-2.411941399380609e-34,0.0
0.03,0,29.0,2e-15,12,0.97,0.0,0.0001774215456272177,1.0,0.24262425440865049,0.025902270875093447,0.0,0.24257074157687816,0.025890304298953625,0.9998225941926444,0.9998271898135783,True,False,False,5.770592987433765e-17,2.3216013428740178e-35,1.0347226678939954e-18,-2.2963013929803712e-29,0.0
0.04,0,29.0,2e-15,12,0.96,0.0,0.0001811332726046873,1.0,0.240083123233559,0.02527566294454985,0.0,0.24002874969565519,0.025263676041579853,0.9998188831310361,0.9998234613945824,True,False,False,7.28381173187715e-18,2.1158898314801175e-37,1.4436388470004614e-19,-1.647226031885613e-29,0.0
0.05,0,29.0,2e-15,12,0.95,0.0,0.0001849626616912928,1.0,0.2375295726549271,0.02465538905580373,0.0,0.23747432130631613,0.02464338349869362,0.9998150544428472,0.9998196147692321,True,False,False,3.959710069487276e-17,1.1637394073140646e-36,1.25615603607265e-19,-3.0858732238524207e-35,0.0
0.06,0,29.0,2e-15,12,0.94,0.0,0.0001889147372240148,1.0,0.2349636226922108,0.024041529298201362,0.0,0.23490747602887024,0.024029506816234943,0.9998111031060413,0.9998156449052311,True,False,False,6.871173330572122e-17,4.279974931343949e-35,2.144662268455433e-18,-6.936059722714672e-35,0.0
0.07,0,29.0,2e-15,12,0.9299999999999999,0.0,0.00019299479450784595,1.0,0.23238529819638365,0.023434163642979546,0.0,0.23232823830435545,0.023422126023304204,0.9998070238277895,0.9998115464993863,True,False,False,6.635302509968147e-17,1.316553672920962e-36,4.2440972458132045e-20,-5.871125684068406e-29,0.0
0.08,0,29.0,2e-15,12,0.9200000000000002,0.0,0.0001972084175360796,1.0,0.22979462909129567,0.022833371896700635,0.0,0.22973663763590096,0.022821320985606713,0.9998028110267657,0.9998073139599045,True,False,False,4.0844358635360634e-18,1.7162217522005398e-36,1.4136392068282653e-19,-1.191982355773396e-40,0.0
0.09,0,29.0,2e-15,12,0.9100000000000001,0.0,0.00020156149807690955,1.0,0.22719165062625232,0.022239233652486885,0.0,0.22713270884100709,0.02222717135669577,0.9997984588140771,0.9998029413873282,True,False,False,5.572261217686975e-17,1.5563545204887087e-35,6.503132256199092e-19,-1.1622945899510028e-33,0.0
0.1,0,29.0,2e-15,12,0.9000000000000001,0.0,0.00020606025624802152,1.0,0.22457640364037595,0.02165182823897753,0.0,0.22451649231559276,0.021639756526935568,0.9997939609727085,0.9997984225539837,True,False,False,7.336984319054038e-17,6.394689268473244e-36,9.044521033227338e-19,-3.316835026984978e-29,0.0
0.11,0,29.0,2e-15,12,0.89,0.0,0.00021071126271319255,1.0,0.22194893483931175,0.02107123466692416,0.0,0.22188803431038615,0.021059155570102604,0.9997893109353457,0.9997937508818093,True,False,False,7.1831698335775e-17,2.3274788146281293e-36,5.399673798159834e-19,-5.747387328713602e-30,0.0
0.12,0,29.0,2e-15,12,0.88,0.0,0.00021552146264863136,1.0,0.21930929708489982,0.020497531573345218,0.0,0.21924738722026654,0.020485447187542673,0.9997845017604334,0.9997889194184189,True,False,False,8.388653211173623e-17,1.5445995769804858e-35,8.08875513602908e-19,-2.71893816554124e-40,0.0
0.13,0,29.0,2e-15,12,0.87,0.0,0.00022049820164210586,1.0,0.2166575496984435,0.01993079716315241,0.0,0.21659460988719906,0.019918709649798576,0.9997795261062997,0.9997839208112315,True,False,False,5.563069874065437e-17,2.8141334758685563e-35,1.3071439228529299e-18,-1.6156783906005178e-29,0.0
0.14,0,29.0,2e-15,12,0.86,0.0,0.00022564925370498762,1.0,0.21399375877825505,0.019371109148163704,0.0,0.21392976791743398,0.019359020735621277,0.999774376203173,0.9997787472794957,True,False,False,6.133049476885826e-17,1.1754943508222875e-37,2.1293123254039585e-20,-8.628656540656478e-29,0.0
0.15,0,29.0,2e-15,12,0.85,0.0,0.00023098285159644076,1.0,0.21131799753218541,0.018818544683412177,0.0,0.21125293401368422,0.018806457668275947,0.9997690438228886,0.9997733905840024,True,False,False,5.774129061757956e-17,4.191812855032277e-35,1.6437128021566474e-18,-6.139469381270056e-35,0.0
0.16,0,29.0,2e-15,12,0.84,0.0,0.0002365077196803648,1.0,0.20863034662588864,0.01827318030066324,0.0,0.20856418832302712,0.018261097049051846,0.9997635202460656,0.9997678419942698,True,False,False,1.3473519537226504e-18,9.850642659890769e-36,1.2180331951917388e-18,-6.861651355313792e-29,0.0
0.17,0,29.0,2e-15,12,0.83,0.0,0.00024223310955964462,1.0,0.2059308945476122,0.017735091839044977,0.0,0.2058636188013223,0.017723014787883736,0.9997577962265113,0.9997620922529558,True,False,False,4.576675279573539e-17,3.6322775440408684e-35,1.9702251108104673e-18,-1.2553397010394739e-29,0.0
0.18,0,29.0,2e-15,12,0.8200000000000001,0.0,0.0002481688387591491,1.0,0.20321973799034296,0.01720435437270007,0.0,0.2031513215949777,0.01719228603099063,0.9997518619525799,0.9997561315372262,True,False,False,1.0831229126747967e-17,1.1102230246251565e-16,4.694995985499134e-19,-7.910760265849115e-40,0.0
0.19,0,29.0,2e-15,12,0.81,0.0,0.0002543253327591047,1.0,0.20049698225218782,0.016681042135361743,0.0,0.20042740144094046,0.01666898508543598,0.9997457070051868,0.9997499494167786,True,False,False,5.639376182884911e-17,3.5382379959750854e-35,1.9410201202095504e-18,-2.936032406558156e-45,0.0
0.2,0,29.0,2e-15,12,0.8,0.0,0.0002607136707144536,1.0,0.1977627416559197,0.016165228441759105,0.0,0.1976919720858414,0.016153185340512206,0.9997393203121413,0.9997435348081863,True,False,False,4.254449918770297e-18,4.7654540982335536e-35,1.8085840961883003e-18,-2.310073613155762e-40,0.0
0.21,0,29.0,2e-15,12,0.79,0.0,0.0002673456352340839,1.0,0.19501713998865614,0.015656985605750923,0.0,0.19494515672526933,0.01564495918585116,0.9997326900984258,0.9997368759251885,True,False,False,1.3061320659019494e-16,4.419858759091801e-35,1.3315748999696608e-18,-7.501394398733496e-34,0.0
0.22,0,29.0,2e-15,12,0.78,0.0,0.00027423376663700104,1.0,0.19226031096271734,0.015156384855091947,0.0,0.1921870884642069,0.015144377926160654,0.9997258038320054,0.9997299602245128,True,False,False,5.919647708980792e-17,1.1472824864025526e-35,1.045256362188646e-18,-1.375964061164005e-51,0.0
0.23,0,29.0,2e-15,12,0.77,0.0,0.000281391422151318,1.0,0.1894923986987389,0.014663496242728296,0.0,0.18941791079971884,0.014651511692486872,0.9997186481647017,0.9997227743467632,True,False,False,1.0277920582463502e-16,2.9622457640721645e-36,2.8883141704603077e-19,-6.800200341540744e-29,0.0
0.24,0,29.0,2e-15,12,0.76,0.0,0.0002888328405771634,1.0,0.18671355823219907,0.014178388554523863,0.0,0.18663777812704085,0.014166429349901156,0.9997112088676121,0.9997153040518532,True,False,False,2.9850711026854234e-18,7.052966104933725e-36,1.1190728659994494e-18,-3.6488136492879e-29,0.0
0.25,0,29.0,2e-15,12,0.75,0.0,0.00029657321299719644,1.0,0.18392395604456876,0.013701129213314355,0.0,0.18384685627028732,0.013689198401509929,0.9997034707604909,0.9997075341484034,True,False,False,3.500725706682564e-18,2.2710550857886595e-35,9.014058023031628e-19,-6.989298531800476e-30,0.0
0.26,0,29.0,2e-15,12,0.74,0.0,0.0003046287601894687,1.0,0.18112377062037677,0.013231784179189939,0.0,0.18104532303905838,0.013219884888685734,0.9996954176344401,0.9996994484164498,True,False,False,4.0274440503300914e-18,3.0891991539609716e-35,1.2833692970778896e-18,-1.7106143798917555e-28,0.0
0.27,0,29.0,2e-15,12,0.73,0.0,0.0003130168174781655,1.0,0.17831319303153745,0.012770417845903808,0.0,0.17823336881230736,0.012758553287418298,0.9996870321671747,0.9996910295227267,True,False,False,2.71696343260962e-17,4.010786725005645e-35,1.8071283235117355e-18,-4.418439951693143e-29,0.0
0.28,0,29.0,2e-15,12,0.72,0.0,0.0003217559278497615,1.0,0.17549242755038227,0.012317092933307024,0.0,0.17541119715089926,0.012305266400684564,0.9996782958300375,0.9996822589277027,True,False,False,1.5926384123863547e-16,2.82118644197349e-37,1.7955657847548893e-18,-2.56782195335018e-29,0.0
0.29,0,29.0,2e-15,12,0.71,0.0,0.0003308659442670984,1.0,0.17266169229290942,0.011871870375711217,0.0,0.17257902544038073,0.011860085246738265,0.9996691887858332,0.9996731167834353,True,False,False,1.0799436676351847e-16,1.5516525430854195e-35,1.1420246690284503e-18,-6.264944263708439e-29,0.0
0.3,0,29.0,2e-15,12,0.7,0.0,0.0003403681422338557,1.0,0.1698212198938551,0.011434809206080608,0.0,0.1697370855655635,0.011423068943220782,0.9996596897764308,0.9996635818211971,True,False,False,5.585813118474453e-17,1.946618644961708e-35,2.029879513887632e-18,-3.549693422686136e-29,0.0
0.31,0,29.0,2e-15,12,0.69,0.0,0.00035028534379923256,1.0,0.1669712582152847,0.011005966435958763,0.0,0.16688562461862116,0.010994274586997616,0.9996497759989491,0.999653631227686,True,False,False,2.119101189767156e-17,2.1535056507064307e-35,3.3869213675008508e-18,-6.6271389697471e-29,0.0
0.32,0,29.0,2e-15,12,0.6799999999999999,0.0,0.0003606420543502,1.0,0.1641120710905015,0.01058539693103775,0.0,0.1640249056424939,0.010573757129627076,0.9996394229691785,0.9996432405084739,True,False,False,1.0929494526419251e-16,1.222514124855179e-36,8.966500637328745e-20,-6.443275856515789e-35,0.0
0.33,0,29.0,2e-15,12,0.6699999999999999,0.0,0.00037146461371972744,1.0,0.16124393910516957,0.010173153282280287,0.0,0.1611552084115054,0.010161569248371994,0.9996286043707179,0.9996323833371722,True,False,False,1.7568709900803187e-17,4.363435030252331e-35,1.7683205633054984e-18,-5.768670376622217e-29,0.0
0.34,0,29.0,2e-15,12,0.6599999999999999,0.0,0.00038278136334784986,1.0,0.15836716041767146,0.009769285672511374,0.0,0.15827683025120426,0.009757761212668838,0.9996172918880915,0.9996210313885802,True,False,False,4.2874892132770144e-17,1.1102230246251565e-16,8.981521339044882e-19,-6.419824566006573e-29,0.0
0.35000000000000003,0,29.0,2e-15,12,0.6499999999999999,0.0,0.0003946228314729596,1.0,0.1554820516208264,0.00937384173839932,0.0,0.15539008689956516,0.009362380745974461,0.9996054550218754,0.999609154153844,True,False,False,1.1198082449926174e-16,1.1102230246251565e-16,1.1499640520831684e-18,-1.5279750416261643e-30,0.0
0.36,0,29.0,2e-15,12,0.64,0.0,0.0004070219386087683,1.0,0.15258894864723416,0.008986866427753709,0.0,0.15249531341180847,0.008975472882916427,0.9995930608835832,0.9995967187353787,True,False,False,1.892868688137442e-17,1.1102230246251565e-16,2.3195598872137713e-18,-3.140035029999177e-33,0.0
0.37,0,29.0,2e-15,12,0.63,0.0,0.0004200142258845545,1.0,0.1496882077206352,0.008608401852074607,0.0,0.1495928651112361,0.008597079821680459,0.9995800739677425,0.9995836896189825,True,False,False,9.898771857858967e-17,1.1102230246251565e-16,3.6611834431053895e-19,-1.695969182895925e-43,0.0
0.38,0,29.0,2e-15,12,0.62,0.0,0.0004336381092003775,1.0,0.14678020635583025,0.008238487134296096,0.0,0.14668311858862293,0.00822724077157697,0.9995664558982156,0.9995700284201992,True,False,False,8.353266557620795e-17,4.664361584062837e-35,1.834387386757663e-18,-1.2671423540037045e-28,0.0
0.39,0,29.0,2e-15,12,0.61,0.0,0.000447935162584267,1.0,0.14386534440984675,0.007877158251677039,0.0,0.14376647275285762,0.007865991795738448,0.9995521651453929,0.999555693601555,True,False,False,1.988118694191468e-17,1.1102230246251565e-16,3.541148893202985e-18,-1.7214487867418835e-29,0.0
0.4,0,29.0,2e-15,12,0.6,0.0,0.00046295043464615983,1.0,0.14094404518721537,0.007524447873803653,0.0,0.14084334993569178,0.007513365648911171,0.9995371567103714,0.999540640156785,True,False,False,1.2015603229613508e-16,1.1190706219828177e-35,7.746264324905038e-19,-2.0619369494225145e-28,0.0
0.41000000000000003,0,29.0,2e-15,12,0.59,0.0,0.00047873280261706244,1.0,0.13801675660238225,0.007180385195681732,0.0,0.137914197053629,0.0071693916103174075,0.9995213817716468,0.9995248192575754,True,False,False,6.999135604893217e-17,1.1102230246251565e-16,1.605428912011264e-18,-1.5383400051862036e-33,0.0
0.42,0,29.0,2e-15,12,0.5800000000000001,0.0,0.0004953353691578023,1.0,0.13508395240247442,0.006844995765910586,0.0,0.13497948683017533,0.006834095311579745,0.999504787289153,0.9995081778576577,True,False,False,8.748250542305e-17,1.0062231643038781e-35,2.8867237473157966e-18,-1.136122030077647e-33,0.0
0.43,0,29.0,2e-15,12,0.5700000000000001,0.0,0.0005128159079394394,1.0,0.13214613345384132,0.0065183013099498295,0.0,0.13203971908186765,0.006507498559715734,0.9994873155596644,0.9994906582482689,True,False,False,5.942608640132975e-17,1.1102230246251565e-16,2.082219549418293e-18,-4.9069642652962475e-45,0.0
0.44,0,29.0,2e-15,12,0.56,0.0,0.0005312373649608543,1.0,0.12920382909599373,0.006200319548507079,0.0,0.12909542207171434,0.006189619155230892,0.9994689037166244,0.9994721975580433,True,False,False,6.273904919693466e-17,1.3353615825341186e-35,1.6032060226723549e-18,-1.3987213707186226e-45,0.0
0.45,0,29.0,2e-15,12,0.55,0.0,0.0005506684237071716,1.0,0.12625759856680233,0.005891064011099059,0.0,0.12614715393390535,0.005880470705359653,0.9994494831663226,0.9994527271892556,True,False,False,1.1972911770219864e-16,1.1102230246251565e-16,1.0859803822967043e-18,-1.64585273743366e-28,0.0
0.46,0,29.0,2e-15,12,0.54,0.0,0.0005711841436010635,1.0,0.12330803250305067,0.005590543844861616,0.0,0.12319550417389447,0.005580062432528807,0.999428978951008,0.9994321721810063,True,False,False,1.42429723145948e-17,7.52316384526264e-37,3.1107070908202925e-19,-2.3195180505993585e-33,0.0
0.47000000000000003,0,29.0,2e-15,12,0.53,0.0,0.0005928666828009823,1.0,0.12035575452070468,0.005298763618713439,0.0,0.12024109524821613,0.005288398978145802,0.9994073090279247,0.9994104504883343,True,False,False,1.130582265034962e-16,1.1102230246251565e-16,5.779725273632152e-19,-3.6586525269966326e-33,0.0
0.48,0,29.0,2e-15,12,0.52,0.0,0.0006158061183094924,1.0,0.11740142287953119,0.005015723123008889,0.0,0.11728458422867613,0.005005480201845636,0.9993843834513635,0.9993874721643504,True,False,False,1.1451069853059315e-17,6.394689268473244e-36,8.356848257484969e-19,-2.0115591252184052e-63,0.0
0.49,0,29.0,2e-15,12,0.51,0.0,0.0006401013786369427,1.0,0.11444573223700132,0.004741417164851418,0.0,0.11432666455585336,0.0047313009763652455,0.9993601034425461,0.9993631384302101,True,False,False,7.026328029060869e-17,3.949661018762886e-36,3.0421510402095015e-19,-3.983587505840624e-28,0.0
0.5,0,29.0,2e-15,12,0.5,0.0,0.0006658613070024871,1.0,0.11148941549672586,0.004475835359277658,0.0,0.11136806788716863,0.004465850978253762,0.9993343603294418,0.999337340615024,True,False,False,1.532055038116821e-16,3.629926555339224e-35,1.860067351278498e-18,-1.1707238166093393e-28,0.0
0.51,0,29.0,2e-15,12,0.49,0.0,0.0006932058763473278,1.0,0.1085332457570174,0.004218961916567761,0.0,0.10840956604511619,0.004209114474671069,0.9993070343353376,0.9993099589445302,True,False,False,1.3038057616196692e-16,1.88079096131566e-36,8.082728781579058e-19,-9.746461914798213e-29,0.0
0.52,0,29.0,2e-15,12,0.48,0.0,0.0007222675814107799,1.0,0.10557803836553122,0.003970775425985848,0.0,0.10545197307162005,0.0039610701065765095,0.9992779931910325,0.9992808611533958,True,False,False,2.353484359002642e-17,4.7207853129023066e-35,1.7314003211351155e-18,-9.45998124250661e-29,0.0
0.53,0,29.0,2e-15,12,0.47,0.0,0.0007531930379371096,1.0,0.10262465308633273,0.003731248636310597,0.0,0.10249614739486783,0.0037216906686645744,0.9992470905407381,0.9992499008912338,True,False,False,5.337857867846185e-18,1.504632769052528e-36,1.2798421157202789e-19,-2.2960196182092443e-37,0.0
0.54,0,29.0,2e-15,12,0.45999999999999996,0.0,0.0007861448249399487,1.0,0.09967399638615695,0.0035003482335769676,0.0,0.09954299411539456,0.0034909428864658525,0.9992141641059429,0.9992169158865922,True,False,False,6.395009100919553e-17,2.2757570631919486e-35,1.3315330918813963e-18,-5.43571849017628e-29,0.0
0.55,0,29.0,2e-15,12,0.44999999999999996,0.0,0.0008213036131041502,1.0,0.09672702384707277,0.0032780346165190307,0.0,0.09659346741863949,0.0032687871910999445,0.9991790335643936,0.999181725826068,True,False,False,5.661232558992614e-17,5.64237288394698e-37,7.88970008177997e-19,-1.8231377560666437e-28,0.0
0.56,0,29.0,2e-15,12,0.43999999999999995,0.0,0.0008588706311731703,1.0,0.0937847427132498,0.0030642616702799934,0.0,0.09364857312168152,0.0030551774922432306,0.9991414980926377,0.9991441298969925,True,False,False,1.0275862052141944e-16,5.830451980078546e-36,1.834043328499976e-18,-3.68950167367292e-28,0.0
0.5700000000000001,0,29.0,2e-15,12,0.42999999999999994,0.0,0.0008990705329630835,1.0,0.09084821458004126,0.002858976539040717,0.0,0.09070937136237793,0.0028500609499591575,0.9991013335098518,0.9991039039314125,True,False,False,6.857362557673039e-17,8.275480229788904e-36,4.554111524607546e-19,-7.666243467574625e-29,0.0
0.58,0,29.0,2e-15,12,0.42000000000000004,0.0,0.0009421547409874888,1.0,0.0879185582341538,0.0026621193983124387,0.0,0.08777697943968821,0.002653377746132975,0.9990582889474385,0.9990607970758507,True,False,False,4.865450144412769e-17,1.128474576789396e-36,3.83149496901836e-19,-2.6686255695529612e-28,0.0
0.59,0,29.0,2e-15,12,0.41000000000000003,0.0,0.000988405359248242,1.0,0.08499695265427158,0.0024736232277441945,0.0,0.0848525748145631,0.002465060856357557,0.9990120829524323,0.9990145278948873,True,False,False,1.3550345790961607e-17,1.0908587575630828e-35,4.731154136475632e-19,-1.9963475655232868e-34,0.0
0.6,0,29.0,2e-15,12,0.4,0.0,0.0010381397684230077,1.0,0.0820846401821449,0.0022934135854121972,0.0,0.08193739828142364,0.0022850358232333603,0.9989623989122417,0.9989647797960901,True,False,False,1.3402766072192567e-16,6.958926556867942e-35,4.1120976807022085e-18,-1.9726035190965805e-50,0.0
0.61,0,29.0,2e-15,12,0.39,0.0,0.001091716042606625,1.0,0.07918292987484192,0.0021214083846877976,0.0,0.07903275732094599,0.002113220532174649,0.9989088796625522,0.9989111956381186,True,False,False,6.53223125146899e-17,4.2505875725733916e-35,2.236555901874176e-18,-1.916561824987596e-32,0.0
0.62,0,29.0,2e-15,12,0.38,0.0,0.001149539359439599,1.0,0.07629320104961304,0.0019575176749243063,0.0,0.07614002964561423,0.0019495249909575333,0.9988511211078279,0.998853371351442,True,False,False,1.302185345689939e-16,1.1102230246251565e-16,1.8880166837404905e-20,-1.3684799542064574e-33,0.0
0.63,0,29.0,2e-15,12,0.37,0.0,0.0012120696168633391,1.0,0.07341690703360564,0.0018016434273619645,0.0,0.07326066695030486,0.001793851114404402,0.9987886646428268,0.9987908483600855,True,False,False,5.60268528851863e-17,2.7459548035208636e-35,4.596795205466232e-18,-2.4148351331177715e-28,0.0
0.64,0,29.0,2e-15,12,0.36,0.0,0.0012798305225060788,1.0,0.07055557913154191,0.0016536793278274955,0.0,0.07039619888103117,0.0016460925157756854,0.9987209881113024,0.9987231045405806,True,False,False,2.2190966536607953e-16,5.905683618531172e-35,3.923447438962194e-18,-3.269087372550854e-33,0.0
0.65,0,29.0,2e-15,12,0.35,0.0,0.001353420489338602,1.0,0.06771083082539094,0.0015135105780000962,0.0,0.06754823723590678,0.0015061343066355717,0.9986474949711244,0.9986495433873515,True,False,False,1.0192949832052e-16,1.0532429383367696e-35,7.70965046872543e-19,-3.2092255961935313e-28,0.0
0.66,0,29.0,2e-15,12,0.33999999999999997,0.0,0.0014335257584726993,1.0,0.06488436222107537,0.0013810137072330995,0.0,0.06471848041339211,0.0013738529071750745,0.9985675012487717,0.9985694809674938,True,False,False,3.202126602441277e-17,3.009265538105056e-35,1.745245906498024e-18,-6.442844519806324e-32,0.0
0.67,0,29.0,2e-15,12,0.32999999999999996,0.0,0.00152093628321822,1.0,0.06207796475832806,0.0012560563971611943,0.0,0.061908718123970904,0.0012491158692163377,0.9984802197542099,0.9984821301359581,True,False,False,5.666460940811185e-17,1.2789378536946488e-35,2.4443327729115648e-18,-5.182391204340624e-38,0.0
0.68,0,29.0,2e-15,12,0.31999999999999995,0.0,0.0016165650565248715,1.0,0.05929352620098494,0.00113849732158972,0.0,0.0591208363825734,0.0011317817143884554,0.9983847408809604,0.9983865813359475,True,False,False,1.0025865914719255e-17,4.4386666687049576e-35,1.3024692110920133e-18,-3.9748496014022347e-32,0.0
0.6900000000000001,0,29.0,2e-15,12,0.30999999999999994,0.0,0.0017214717587759351,1.0,0.056533035926256206,0.0010281860044582868,0.0,0.05635682280032554,0.0010216997902604444,0.9982800091238444,0.9982817791170139,True,False,False,6.911327077483771e-17,9.027796614315168e-36,4.009550830486684e-19,-6.707202600175795e-28,0.0
0.7000000000000001,0,29.0,2e-15,12,0.29999999999999993,0.0,0.0018368918613291677,1.0,0.05379859053288016,0.0009249626989983096,0.0,0.05361877219556854,0.0009187101475442691,0.9981647941920021,0.998166493248456,True,False,False,8.008288095867754e-17,4.513898307157584e-36,2.1778788013675127e-18,-2.453831161101873e-28,0.0
0.71,0,29.0,2e-15,12,0.29000000000000004,0.0,0.001964272666698612,1.0,0.05109239978953493,0.0008286582915672541,0.0,0.05090889254556854,0.0008226434418435768,0.9980376552543285,0.9980392829651606,True,False,False,7.886981624065072e-17,4.664361584062837e-35,2.1790292045712297e-18,-2.8171456501461638e-30,0.0
0.72,0,29.0,2e-15,12,0.28,0.0,0.0021053182320597418,1.0,0.0484167929464757,0.0007390942340444421,0.0,0.048229511301931594,0.0007333208638257605,0.9978968963959312,0.9978984524244973,True,False,False,1.5217670846655534e-17,1.1102230246251565e-16,4.938269531191128e-18,-3.656844158034637e-28,0.0
0.73,0,29.0,2e-15,12,0.27,0.0,0.002262045756298041,1.0,0.04577422543508326,0.0006560825091191259,0.0,0.045583082094467944,0.0006505541021405954,0.9977405107412023,0.9977419948298578,True,False,False,5.906656580349174e-17,7.52316384526264e-36,1.2849899203911347e-18,-1.820244058467054e-27,0.0
0.74,0,29.0,2e-15,12,0.26,0.0,0.0024368568806154853,1.0,0.043167285981879654,0.0005794256332955374,0.0,0.042972191850118566,0.0005741453439025063,0.9975661098447951,0.9975675218221364,True,False,False,6.511359761134828e-17,1.3541694921472752e-35,2.3464892094846837e-18,-2.1420107011983835e-27,0.0
0.75,0,29.0,2e-15,12,0.25,0.0,0.0026326285587410536,1.0,0.040598704165582686,0.0005089167029872793,0.0,0.04039956835558542,0.0005038873181010818,0.9973708337688159,0.9973721735574622,True,False,False,1.4694290150486486e-17,3.4606553688208144e-35,4.647456682684934e-18,-5.940887605997064e-44,0.0
0.76,0,29.0,2e-15,12,0.24,0.0,0.002852829842666434,1.0,0.038071358447963485,0.0004443394896805078,0.0,0.037868088294504734,0.0004395633879114788,0.9971512356094558,0.9971525032344123,True,False,False,6.99944658129174e-17,1.3541694921472752e-35,1.7453933900776587e-18,-9.266906008541222e-28,0.0
0.77,0,29.0,2e-15,12,0.22999999999999998,0.0,0.003101673324134476,1.0,0.03558828471164778,0.00038546859081852147,0.0,0.03538078579238602,0.0003809476985494829,0.996903131895213,0.9969043274928584,True,False,False,4.3911666634543157e-17,9.027796614315168e-36,1.353863217090405e-18,-1.173198366576014e-27,0.0
0.78,0,29.0,2e-15,12,0.21999999999999997,0.0,0.0033843134047643673,1.0,0.03315268534057913,0.00033206964380685716,0.0,0.03294086150512955,0.0003278053880626385,0.996621406928893,0.9966225307566399,True,False,False,7.99930794967167e-17,2.5578757073892976e-35,2.9330569462822316e-18,-4.5851526207754843e-38,0.0
0.79,0,29.0,2e-15,12,0.20999999999999996,0.0,0.003707108551078187,1.0,0.030767938881664684,0.0002838996113660665,0.0,0.030551692289745084,0.00027989286927708435,0.9962997542927716,0.9963008067394485,True,False,False,7.011824356231874e-17,6.018531076210112e-36,2.708233423746677e-19,-1.6777594695616445e-27,0.0
0.8,0,29.0,2e-15,12,0.19999999999999996,0.0,0.004077972022306513,1.0,0.028437610329168594,0.00024070714737811966,0.0,0.028216841498952178,0.00023695819203882384,0.9959303316144333,0.9959313132114459,True,False,False,4.8863441650986124e-17,1.2638915260041235e-34,7.811224137512434e-18,-1.0780491551956644e-42,0.0
0.81,0,29.0,2e-15,12,0.18999999999999995,0.0,0.004506846498796948,1.0,0.02616546207672714,0.00020223305339188706,0.0,0.02594006994466446,0.00019874149590822432,0.9955032940941333,0.9955042055274619,True,False,False,4.5394144947074147e-17,3.069450848867157e-34,2.2608628693638245e-17,-2.6982182772071765e-43,0.0
0.8200000000000001,0,29.0,2e-15,12,0.17999999999999994,0.0,0.005006354609716227,1.0,0.023955465585464557,0.0001682108370851327,0.0,0.023725347578978886,0.00016497556459911018,0.9950061562968041,0.9950069984199038,True,False,False,1.5954238810072925e-16,3.009265538105056e-36,1.9776508096769036e-19,-6.483117748256057e-38,0.0
0.8300000000000001,0,29.0,2e-15,12,0.16999999999999993,0.0,0.005592702860614123,1.0,0.02181181382060895,0.00013836738523723512,0.0,0.021576865945229062,0.00013538649471158968,0.9944229071876846,0.9944236810353558,True,False,False,1.2980632271324466e-16,3.3101920919155616e-35,3.3770984623032003e-18,-1.1170906974390489e-32,0.0
0.84,0,29.0,2e-15,12,0.16000000000000003,0.0,0.006286956370562549,1.0,0.019738934513284467,0.00011242376516308711,0.0,0.019499051455955024,0.00010969449270511925,0.9937327651884691,0.9937334719917756,True,False,False,9.693354157431554e-17,3.611118645726067e-35,8.779335518524928e-18,-1.6102729646986757e-27,0.0
0.85,0,29.0,2e-15,12,0.15000000000000002,0.0,0.007116865389610237,1.0,0.017741504308814788,9.009617011000711e-05,0.0,0.017496579559322677,8.761481561124973e-05,0.9929083995256803,0.9929090407279951,True,False,False,5.94188938951727e-17,6.018531076210112e-35,4.594080384944305e-18,-2.5281973009730386e-55,0.0
0.86,0,29.0,2e-15,12,0.14,0.0,0.008119527652168982,1.0,0.0158244638679591,7.109702584411267e-05,0.0,0.015574389860635108,6.88588727120188e-05,0.9919133466776315,0.9919139239518988,True,False,False,6.31463045200154e-17,2.407412430484045e-35,2.0772246975334136e-17,-1.1870257188397909e-27,0.0
0.87,0,29.0,2e-15,12,0.13,0.0,0.00934534091300958,1.0,0.013993033993054972,5.513627757046673e-05,0.0,0.013737702271155533,5.313550733019147e-05,0.990698191072756,0.9906987063400666,True,False,False,3.008722340324862e-17,2.7083389842945504e-34,1.573107314735469e-17,-3.4683099014086915e-27,0.0
0.88,0,29.0,2e-15,12,0.12,0.0,0.010863986414414953,1.0,0.012252732857109027,4.1922878464966334e-05,0.0,0.011992034262558833,4.015248001416532e-05,0.9891948135593165,0.9891952690088985,True,False,False,7.460918754221614e-17,1.2037062152420224e-35,6.184280955911509e-18,-6.532407044607924e-27,0.0
0.89,0,29.0,2e-15,12,0.10999999999999999,0.0,0.01277367351102913,1.0,0.010609394420511046,3.116650347073181e-05,0.0,0.01034321931199514,2.9618176778751702e-05,0.9873075635898336,0.9873079617005734,True,False,False,6.76644169410512e-17,3.611118645726067e-35,2.0453295735283287e-17,-5.451860391583939e-27,0.0
0.9,0,29.0,2e-15,12,0.09999999999999998,0.0,0.015215721806377527,1.0,0.009069188127308048,2.2579514656144838e-05,0.0,0.008797426630045591,2.124356871181144e-05,0.9848994523958535,0.9848997959594671,True,False,False,3.7646383083781355e-17,3.611118645726067e-35,5.082527036762758e-18,-5.534628359849851e-27,0.0
0.91,0,29.0,2e-15,12,0.08999999999999997,0.0,0.018398020919614275,1.0,0.0076386399809236435,1.5879207377641208e-05,0.0,0.007361182271841996,1.4744452208025913e-05,0.9817701895079674,0.9817704816539569,True,False,False,4.050255985156416e-17,3.611118645726067e-35,2.296915738854849e-18,-2.0005738925231623e-37,0.0
0.92,0,29.0,2e-15,12,0.07999999999999996,0.0,0.02263338002383535,1.0,0.006324655107923137,1.0790369774001788e-05,0.0,0.006041391740381882,9.844002381124168e-06,0.9776208334068379,0.9776210776293777,True,False,False,3.1239720596384217e-17,4.81482486096809e-35,3.569452647901423e-18,-3.301549431030345e-27,0.0
0.93,0,29.0,2e-15,12,0.06999999999999995,0.0,0.02840259093430857,1.0,0.005134541927980158,7.0481917807411834e-06,0.0,0.00484536420067935,6.275675875475215e-06,0.9719969708516626,0.9719971710385705,True,False,False,8.130861542594455e-17,3.1296361596292583e-34,5.92226800611537e-17,-2.1844359038666597e-26,0.0
0.9400000000000001,0,29.0,2e-15,12,0.05999999999999995,0.0,0.036456125601375886,1.0,0.004076038058692311,4.401563939096632e-06,0.0,0.0037808384339415935,3.7865033931089932e-06,0.9642003966808701,0.9642005571448379,True,False,False,9.558947404292281e-17,4.81482486096809e-35,8.093522734637953e-17,-1.588517992374179e-61,0.0
0.9500000000000001,0,29.0,2e-15,12,0.04999999999999993,0.0,0.04796382841682882,1.0,0.0031573380954166073,2.616810835715563e-06,0.0,0.002856010672551769,2.1408168248981475e-06,0.953168264059097,0.953168389571363,True,False,False,7.985100459897504e-17,0.0,8.250678271663785e-17,-1.4612628030527798e-30,0.0
0.96,0,29.0,2e-15,12,0.040000000000000036,0.0,0.06466433657046027,1.0,0.0023871234189670972,1.481909104801662e-06,0.0,0.0020795644693850316,1.124460983502193e-06,0.9373820554514443,0.9373821512781134,True,False,False,7.326713545330819e-17,0.0,8.779164121054852e-17,-8.136374096122245e-37,0.0
0.97,0,29.0,2e-15,12,0.03000000000000003,0.0,0.08867996384879052,1.0,0.0017745941979596881,8.112456201744462e-07,0.0,0.001460702769012482,5.495456471070309e-07,0.9151384040864454,0.9151384760276777,True,False,False,8.730704094793256e-17,2.8888949165808538e-34,8.98830131942856e-17,-7.18126922751094e-42,0.0
0.98,0,29.0,2e-15,12,0.020000000000000018,0.0,0.1206983994947513,1.0,0.0013295037679455235,4.509778750802937e-07,0.0,0.0010091823638004181,2.5980001209230396e-07,0.8863012281849015,0.8863012826172093,True,False,False,8.177017760914495e-17,5.7777898331617076e-34,4.5653514493767085e-17,-2.0119038900450885e-28,0.0
0.99,0,29.0,2e-15,12,0.010000000000000009,0.0,0.15407648736288332,1.0,0.0010621955864012086,2.850656772075546e-07,0.0,0.0007353509349482406,1.3659880460818188e-07,0.8572064530428891,0.8572064969648073,True,False,False,1.1168345539953546e-16,0.0,1.7577194464309188e-16,-1.3008682545766065e-26,0.0
1.0,0,29.0,2e-15,12,0.0,0.0,0.16972196537636802,1.0,0.0009836429813199104,2.4205127104692354e-07,0.0,0.0006501868973080202,1.0573731211892971e-07,0.8438994172381769,0.8438994583195943,True,False,False,4.887626167690865e-17,0.0,7.852945901136452e-17,-1.1159880221780442e-25,0.0
1.01,0,29.0,2e-15,12,-0.010000000000000009,0.0,0.15407822728455103,1.0,0.0011054919317705577,3.0267394825110506e-07,0.0,0.0007653422875923837,1.450415757724154e-07,0.8572049615721052,0.8572050082075706,True,False,False,7.54342525324958e-17,0.0,1.67927789185466e-16,-2.4990331415178755e-25,0.0
1.02,0,29.0,2e-15,12,-0.020000000000000018,0.0,0.12070123475865145,1.0,0.0014401071415874528,5.084152425064994e-07,0.0,0.0010931889585323487,2.929100573915527e-07,0.886298715290587,0.8862987766569346,True,False,False,8.722557571245319e-17,1.1102230246251565e-16,1.1116548107658181e-16,-1.069140005238307e-25,0.0
1.03,0,29.0,2e-15,12,-0.03000000000000003,0.0,0.08868320558465619,1.0,0.0020006216925721556,9.710820690736666e-07,0.0,0.0016468683669480589,6.578944024439785e-07,0.9151354374542674,0.9151355235729381,True,False,False,5.391627534391299e-17,0.0,1.9906986693125745e-18,-8.871131087272017e-31,0.0
1.04,0,29.0,2e-15,12,-0.040000000000000036,0.0,0.06466757595264849,1.0,0.0028009905915181267,1.8835478204214047e-06,0.0,0.002440345271831067,1.4294396236121834e-06,0.9373790189176285,0.9373791407221003,True,False,False,1.143027238510012e-16,1.1102230246251565e-16,3.9973119686688495e-17,-4.0606210010084584e-31,0.0
1.05,0,29.0,2e-15,12,-0.050000000000000044,0.0,0.04796689102496813,1.0,0.0038560485563276002,3.5317856503817497e-06,0.0,0.003488465689732017,2.8899183121421143e-06,0.9531653448826836,0.953165514291461,True,False,False,4.447767867356976e-17,0.0,4.3910549684535727e-17,-9.387715572556664e-31,0.0
1.06,0,29.0,2e-15,12,-0.06000000000000006,0.0,0.036458958991414436,1.0,0.005181572420842786,6.30834417769912e-06,0.0,0.004807019489369829,5.428109555451933e-06,0.9641976647289413,0.9641978947246029,True,False,False,7.490550490119841e-17,4.81482486096809e-35,4.0656658157229536e-17,-5.004806321280215e-26,0.0
1.07,0,29.0,2e-15,12,-0.07000000000000006,0.0,0.028405194626617142,1.0,0.006794348576170938,1.0727433852904255e-05,0.0,0.006412808045843896,9.554291338779518e-06,0.9719944400739202,0.9719947447887667,True,False,False,6.41674391354678e-17,4.81482486096809e-34,6.063895891877143e-17,-4.845305047705575e-27,0.0
1.08,0,29.0,2e-15,12,-0.08000000000000007,0.0,0.022635772536958296,1.0,0.008712245908710026,1.7441812531223055e-05,0.0,0.0083237174176108,1.591713560951844e-05,0.9776184944389626,0.9776188892478638,True,False,False,8.622385947572524e-17,1.4444474582904269e-34,1.4497421324647153e-17,-6.452138884988634e-48,0.0
1.09,0,29.0,2e-15,12,-0.09000000000000008,0.0,0.018400225841780287,1.0,0.010954294742307616,2.7261681689002537e-05,0.0,0.010558797557016646,2.5322618198548094e-05,0.9817680247835011,0.981768526404601,True,False,False,3.0227675517342556e-17,7.222237291452134e-35,5.9975983727075835e-18,-4.14920904944707e-31,0.0
1.1,0,29.0,2e-15,12,-0.10000000000000009,0.0,0.015217762333013772,1.0,0.01354077234460924,4.117583056740986e-05,0.0,0.013138348118263208,3.8755181782315455e-05,0.9848974426843373,0.9848980692883408,True,False,False,4.481335243399783e-17,2.407412430484045e-35,9.886807345873266e-18,-3.0960855905482034e-27,0.0
1.11,0,29.0,2e-15,12,-0.1100000000000001,0.0,0.01277557055242792,1.0,0.016493295616356717,6.037529473276734e-05,0.0,0.016084011485922128,5.740141944468528e-05,0.9873056906282888,0.9873064619571262,True,False,False,3.342896231752977e-17,0.0,1.9700545352546264e-17,-7.262543211014996e-27,0.0
1.12,0,29.0,2e-15,12,-0.12000000000000012,0.0,0.010865758157586126,1.0,0.019834921647957467,8.627982857626773e-05,0.0,0.01941887371328445,8.267657963207836e-05,0.9891930609617131,0.9891939984574643,True,False,False,6.579798643900593e-17,1.4444474582904269e-34,2.0720067449885054e-17,-3.430687649265599e-27,0.0
1.1300000000000001,0,29.0,2e-15,12,-0.13000000000000012,0.0,0.009347002942652654,1.0,0.02359025690095073,0.00012056752867572693,0.0,0.023167574133840907,0.00011625423093387103,0.9906965445043635,0.9906976714494088,True,False,False,7.230034777510235e-17,4.81482486096809e-35,2.1334978438539787e-17,-2.141260418272456e-26,0.0
1.1400000000000001,0,29.0,2e-15,12,-0.14000000000000012,0.0,0.008121093256969667,1.0,0.027785575854053522,0.00016520798732884556,0.0,0.027356424492059515,0.00016009946778998877,0.9919117937345497,0.9919131354040216,True,False,False,6.184147408108022e-17,2.407412430484045e-35,2.0305467798726988e-17,-7.336651609255508e-27,0.0
1.1500000000000001,0,29.0,2e-15,12,-0.15000000000000013,0.0,0.007118345901849013,1.0,0.03244895004543966,0.000222499403656594,0.0,0.032013538532533664,0.00021650608665303494,0.992906929513731,0.9929085133414493,True,False,False,8.78902951792809e-17,1.8055593228630336e-34,4.18526628217943e-17,-8.124573935001358e-27,0.0
1.16,0,29.0,2e-15,12,-0.15999999999999992,0.0,0.006288361481367579,1.0,0.03761038854610995,0.0002951101342928292,0.0,0.03716897309086437,0.00028813821714950396,0.9937313688848044,0.9937332246440056,True,False,False,4.692146658136947e-17,1.1102230246251565e-16,2.1172111581954924e-17,-6.293297435267481e-27,0.0
1.17,0,29.0,2e-15,12,-0.16999999999999993,0.0,0.005594040892933418,1.0,0.04330199101517248,0.0003861252277772599,0.0,0.04285488184685655,0.00037807695536115073,0.9944215766185859,0.9944237366188998,True,False,False,1.6924882300577318e-17,2.407412430484045e-35,1.1260869119485043e-18,-8.352248226550433e-27,0.0
1.18,0,29.0,2e-15,12,-0.17999999999999994,0.0,0.005007632747260228,1.0,0.049558114618310174,0.0004990985574593855,0.0,0.04910568303252409,0.000489872617604309,0.9950048845428919,0.9950073838451724,True,False,False,8.40241111814252e-17,2.407412430484045e-35,7.564332721933728e-18,-1.1302673731270377e-32,0.0
1.19,0,29.0,2e-15,12,-0.18999999999999995,0.0,0.004508070975206549,1.0,0.05641555623768506,0.0006381112482837992,0.0,0.05595824253606261,0.0006276033143225757,0.9955020751245802,0.9955049517753776,True,False,False,1.3454041140916113e-17,2.407412430484045e-35,1.819570174988786e-18,-3.5767057397297643e-32,0.0
1.2,0,29.0,2e-15,12,-0.19999999999999996,0.0,0.004079148276485461,1.0,0.06391375156731595,0.0008078371847517182,0.0,0.06345207401070205,0.0007959406364379273,0.9959291601479078,0.9959324554355676,True,False,False,2.5401516894398335e-17,1.925929944387236e-34,6.5286564176119605e-18,-4.8048602534811996e-32,0.0
1.21,0,29.0,2e-15,12,-0.20999999999999996,0.0,0.003708241354561911,1.0,0.07209499287524665,0.0010136164923726248,0.0,0.07162955778692819,0.001000223352486242,0.9962986256815785,0.9963023844161731,True,False,False,5.883552316163891e-17,2.407412430484045e-35,3.952441515314263e-18,-2.286857284729793e-27,0.0
1.22,0,29.0,2e-15,12,-0.21999999999999997,0.0,0.003385406966304318,1.0,0.08100466742568357,0.001261538005052322,0.0,0.08053618060109584,0.001246540136145717,0.9966203170626484,0.996624587882199,True,False,False,4.080869825203852e-17,2.407412430484045e-35,4.6127364935379196e-18,-7.765470615103523e-27,0.0
1.23,0,29.0,2e-15,12,-0.22999999999999998,0.0,0.0031027313758362233,1.0,0.09069151879429134,0.0015585318684650192,0.0,0.09022079839659737,0.0015418224827452706,0.9969020771207158,0.9969069128264443,True,False,False,4.634476268328547e-17,1.2037062152420224e-35,1.1519037718948782e-18,-6.368323121719325e-38,0.0
1.24,0,29.0,2e-15,12,-0.24,0.0,0.002853855711223401,1.0,0.10120793358214682,0.0019124735872810342,0.0,0.1007359247297249,0.001893949132815182,0.9971502126638814,0.997155670587551,True,False,False,1.1136689718105215e-17,8.425943506694157e-35,2.846087856135336e-18,-2.247721810047269e-27,0.0
1.25,0,29.0,2e-15,12,-0.25,0.0,0.0026336252246180374,1.0,0.1126102563432808,0.0023323010053924237,0.0,0.11213804762609189,0.002311863503995318,0.9973698397238345,0.9973759821305938,True,False,False,1.2921807774947323e-17,2.407412430484045e-35,1.2736348807651885e-18,-4.3586806816264275e-27,0.0
1.26,0,29.0,2e-15,12,-0.26,0.0,0.0024378270274681628,1.0,0.12495913589289466,0.00282814591677787,0.0,0.12448797809069127,0.0028057058434988445,0.9975651420596428,0.9975720365901963,True,False,False,2.0762026182527946e-17,2.407412430484045e-35,1.2089305298272336e-18,-1.244160388596343e-31,0.0
1.27,0,29.0,2e-15,12,-0.27,0.0,0.0022629918124563585,1.0,0.1383199065647731,0.0034114822448194056,0.0,0.1378512338820479,0.003386962056370554,0.9977395668230943,0.9977472869794827,True,False,False,9.206071141999205e-17,0.0,5.237261318163429e-19,-5.652443028354934e-27,0.0
1.28,0,29.0,2e-15,12,-0.28,0.0,0.0021062424055376633,1.0,0.15276300844476418,0.004095293004957866,0.0,0.1522984626262982,0.004068631445314636,0.997895974166512,0.9979045998463021,True,False,False,2.2460374452046482e-17,1.2037062152420224e-35,2.2253320584574983e-18,-1.0138686550427787e-43,0.0
1.29,0,29.0,2e-15,12,-0.29000000000000004,0.0,0.001965176974902984,1.0,0.16836445113143458,0.0048942585857218715,0.0,0.16790590887956228,0.004865415922195838,0.9980367527210967,0.9980463708053786,True,False,False,1.3694833296081481e-16,6.018531076210112e-36,5.089910171203632e-19,-8.094781263655004e-27,0.0
1.3,0,29.0,2e-15,12,-0.30000000000000004,0.0,0.001837778156411376,1.0,0.18520632617563368,0.005824969253677553,0.0,0.18475593035742857,0.005793933626890084,0.9981639095238458,0.998174614525102,True,False,False,6.298365543631636e-17,0.0,1.7588499631105837e-19,-7.336747459719154e-32,0.0
1.31,0,29.0,2e-15,12,-0.31000000000000005,0.0,0.0017223417493888167,1.0,0.20337737404005704,0.006906165217357379,0.0,0.2029375692514141,0.0068729603248057925,0.9982791406299852,0.9982910354066673,True,False,False,1.2002859994277438e-16,2.407412430484045e-35,7.146850020361923e-19,-2.8187435419954815e-27,0.0
1.32,0,29.0,2e-15,12,-0.32000000000000006,0.0,0.0016174203266037875,1.0,0.22297361221260112,0.008159008083982648,0.0,0.22254718535882909,0.008123702460601484,0.9983838869927294,0.9983970835382494,True,False,False,5.715210779427276e-17,1.2037062152420224e-35,2.4906955445945335e-18,-1.1220619531107998e-48,0.0
1.33,0,29.0,2e-15,12,-0.33000000000000007,0.0,0.0015217783082912483,1.0,0.24409903202045807,0.009607388122974202,0.0,0.24368915868221946,0.009570106334871563,0.9984793790091839,0.9984939993240288,True,False,False,8.881142236359461e-17,6.018531076210112e-36,1.6598899757650453e-18,-6.284444556494595e-27,0.0
1.34,0,29.0,2e-15,12,-0.3400000000000001,0.0,0.0014343559199141282,1.0,0.26686637274597863,0.011278272426373569,0.0,0.266476670228398,0.011239208557749517,0.9985666722768796,0.9985828493337008,True,False,False,9.814668575464618e-17,4.2129717533470784e-35,5.6031218146190715e-18,-2.5765414541834216e-27,0.0
1.35,0,29.0,2e-15,12,-0.3500000000000001,0.0,0.0013542400869075199,1.0,0.2913979828643464,0.013202099845701741,0.0,0.29103257097983654,0.013161533736289917,0.9986466764824007,0.9986645552952431,True,False,False,1.7330013778072953e-17,3.611118645726067e-35,1.976777302387625e-18,-1.6489325296979543e-27,0.0
1.36,0,29.0,2e-15,12,-0.3600000000000001,0.0,0.0012806407854538066,1.0,0.3178267796359171,0.015413229508233279,0.0,0.31749035045243634,0.015371546292473228,0.9987201788850184,0.9987399176953622,True,False,False,3.262014703131153e-18,6.018531076210112e-36,1.4057788717762602e-18,-2.2728351308085193e-27,0.0
1.37,0,29.0,2e-15,12,-0.3700000000000001,0.0,0.001212871713846949,1.0,0.3462973199267759,0.017950450798055594,0.0,0.3459952179287028,0.01790816441136507,0.9987878635177729,0.9988096351117967,True,False,False,1.3097103696306606e-16,9.027796614315168e-35,2.8398572393460185e-18,-5.111490747386808e-32,0.0
1.3800000000000001,0,29.0,2e-15,12,-0.3800000000000001,0.0,0.0011503344074413426,1.0,0.37696699704066955,0.020857563958586,0.0,0.3767053114063067,0.02081534541522564,0.9988503269735557,0.9988743201470327,True,False,False,5.688582482905141e-17,3.611118645726067e-35,2.8521951846370012e-18,-4.057921577945391e-32,0.0
1.3900000000000001,0,29.0,2e-15,12,-0.3900000000000001,0.0,0.0010925051150290357,1.0,0.41000738057290875,0.02418404196955815,0.0,0.4097930515795514,0.024142753386486634,0.9989080914514138,0.9989345126409677,True,False,False,1.0118370916822384e-16,1.7453740121009325e-34,4.942463434271703e-18,-6.222749598963744e-43,0.0
1.4000000000000001,0,29.0,2e-15,12,-0.40000000000000013,0.0,0.0010389239025052673,1.0,0.44560571890108464,0.027985786116553286,0.0,0.4454466608362519,0.027946521665626903,0.9989616155920849,0.9989906906942118,True,False,False,4.658049325698088e-17,1.1102230246251565e-16,1.2561568451853218e-19,6.477590446082996e-68,0.0
1.41,0,29.0,2e-15,12,-0.4099999999999999,0.0,0.0009891855629300776,1.0,0.48396662697931003,0.03232598975788807,0.0,0.4838718703784053,0.03229012498388305,0.999011303519831,0.999043279922207,True,False,False,5.600150151394697e-17,0.0,2.360786833547618e-18,-5.9803402547404094e-55,0.0
1.42,0,29.0,2e-15,12,-0.41999999999999993,0.0,0.0009429319993314929,1.0,0.5253139856880521,0.03727612726647396,0.0,0.5252938422506226,0.03724537852214508,0.9990575124213491,0.9990926612745599,True,False,False,1.600340661240026e-16,1.1102230246251565e-16,3.946829117506432e-18,-8.949968606172442e-43,0.0
1.43,0,29.0,2e-15,12,-0.42999999999999994,0.0,0.0008998458142343089,1.0,0.569893083214094,0.04291708806159124,0.0,0.5699593373933382,0.04289358419777627,0.9991005589256001,0.9991391776876515,True,False,False,1.0492399018335869e-17,6.018531076210112e-36,1.6193140898901611e-18,-5.062638914587057e-27,0.0
1.44,0,29.0,2e-15,12,-0.43999999999999995,0.0,0.0008596448926655757,1.0,0.6179730339211572,0.049340479143360705,0.0,0.6181391659595362,0.04932684807024912,0.9991407244961499,0.9991831397870471,True,False,False,3.2461821563930797e-17,1.2037062152420224e-35,6.642847295605296e-19,-7.860445195193901e-32,0.0
1.45,0,29.0,2e-15,12,-0.44999999999999996,0.0,0.0008220778067966364,1.0,0.6698495160748502,0.05665012371870144,0.0,0.670130962204155,0.056649597046990706,0.9991782600065876,0.9992248308160491,True,False,False,6.501298654062314e-17,0.0,3.119066736706987e-19,-5.109247011429298e-38,0.0
1.46,0,29.0,2e-15,12,-0.45999999999999996,0.0,0.0007869199030600455,1.0,0.7258478767941452,0.06496378850653642,0.0,0.7262623334706747,0.06498032821380398,0.9992133896372071,0.9992645109353611,True,False,False,6.435194961960582e-17,1.8055593228630336e-35,6.532429663790751e-19,-5.655958447050434e-27,0.0
1.47,0,29.0,2e-15,12,-0.47,0.0,0.0007539699585075954,1.0,0.786326660946294,0.07441517831061802,0.0,0.7868944414006441,0.07445363029655548,0.9992463142054201,0.9993024210143233,True,False,False,1.8486330988847189e-16,7.824090399073146e-35,2.7216899160927033e-18,-8.003659197748983e-37,0.0
1.48,0,29.0,2e-15,12,-0.48,0.0,0.0007230473138536052,1.0,0.8516816306671383,0.08515624367186958,0.0,0.8524260837764129,0.08522252421443409,0.9992772140218656,0.9993387860151105,True,False,False,7.3918906891914e-17,6.018531076210112e-36,9.43291124632049e-19,-2.1797323381834616e-27,0.0
1.49,0,29.0,2e-15,12,-0.49,0.0,0.0006939894072200497,1.0,0.9223503541253447,0.09735985613355594,0.0,0.9232983577430834,0.09746117869885766,0.9993062513477317,0.9993738180565768,True,False,False,6.323777123195099e-17,0.0,8.286396974967544e-20,-7.368344576661862e-28,0.0
1.5,0,29.0,2e-15,12,-0.5,0.0,0.0006666496459450753,1.0,0.9988174564925774,0.11122291621477494,0.0,1.0,0.11136806788716863,0.9993335725155594,0.999407719233275,True,False,False,2.2885114047673297e-17,3.611118645726067e-35,2.0431331923472893e-18,-3.319031510347954e-29,0.0
1.51,0,29.0,2e-15,12,-0.51,0.0,0.0006408955646113254,1.0,1.0816206433740216,0.12696997201994054,0.0,1.0830735174753332,0.12716965110982079,0.9993593097650837,0.9994406842569901,False,True,False,7.429088747588501e-17,1.1102230246251565e-16,1.0327372683477682e-18,-1.2152225383439636e-37,0.0
1.52,0,29.0,2e-15,12,-0.52,0.0,0.0006166072262207659,1.0,1.1713576278723643,0.1448574420533865,0.0,1.1731222437138549,0.14512467134485282,0.9993835828369482,0.9994729029824901,False,True,False,1.6277586917737953e-16,1.1102230246251565e-16,1.3199101678001013e-18,-3.473910976765362e-27,0.0
1.53,0,29.0,2e-15,12,-0.53,0.0,0.0005936758305980123,1.0,1.2686941178531217,0.165178554939291,0.0,1.2708184826163411,0.16552918873657219,0.9994065003600294,0.99950456287583,False,True,False,2.696554207749303e-17,2.407412430484045e-35,1.5740531630134054e-18,-1.9831936685316494e-37,0.0
1.54,0,29.0,2e-15,12,-0.54,0.0,0.000572002499965589,1.0,1.3743730509209793,0.1882691422295814,0.0,1.3769129334040817,0.18872249008462108,0.9994281610622769,0.9995358514822986,False,True,False,7.643159498200284e-17,3.611118645726067e-35,2.1019094749637978e-18,-6.328098199698084e-28,0.0
1.55,0,29.0,2e-15,12,-0.55,0.0,0.0005514972164549224,1.0,1.4892253024605802,0.2145144494125721,0.0,1.4922456301837768,0.21509404547681715,0.9994486548301825,0.9995669589519229,False,True,False,5.797281321506934e-18,4.81482486096809e-35,2.127580187830313e-18,-6.586403221136005e-31,0.0
1.56,0,29.0,2e-15,12,-0.56,0.0,0.0005320778902961348,1.0,1.6141821385639588,0.24435716601360635,0.0,1.6177586780926623,0.24509172076715308,0.9994680636380421,0.9995980806834134,False,True,False,2.6125328254454273e-17,1.2037062152420224e-35,1.0176404121493473e-18,-1.055608669254517e-27,0.0
1.57,0,29.0,2e-15,12,-0.5700000000000001,0.0,0.0005136695407268821,1.0,1.750289742960501,0.27830692010396446,0.0,1.7545111280629548,0.27923150132560215,0.9994864623648854,0.9996294201527163,False,True,False,6.390071520226171e-18,1.1102230246251565e-16,2.2273502533098156e-18,-2.412185202827454e-31,0.0
1.58,0,29.0,2e-15,12,-0.5800000000000001,0.0,0.0004962035744023997,1.0,1.8987262180083804,0.31695153792489744,0.0,1.9036964067872906,0.3181090409170472,0.9995039195142313,0.999661192000262,False,True,False,6.651148545788438e-17,2.407412430484045e-35,1.4283999675856985e-18,-2.871949664701715e-42,0.0
1.59,0,29.0,2e-15,12,-0.5900000000000001,0.0,0.00047961714837741517,1.0,2.060821548041368,0.3609704386958819,0.0,2.0666628114132033,0.36241342296830553,0.9995204978495413,0.9996936254619972,False,True,False,2.3770118818189213e-17,3.611118645726067e-35,3.585332709076566e-18,-3.454458769036217e-27,0.0
1.6,0,29.0,2e-15,12,-0.6000000000000001,0.0,0.00046385260664754026,1.0,2.2380811236166056,0.41115062192662644,0.0,2.244937694947962,0.41294361413015807,0.999536254956341,0.9997269682440464,False,True,False,6.341450116196801e-17,1.2037062152420224e-35,3.7169437370578703e-19,-9.600103034959717e-32,0.0
1.61,0,29.0,2e-15,12,-0.6100000000000001,0.0,0.00044885698084963114,1.0,2.4322135636368,0.4684058148211983,0.0,2.4402561149963176,0.47062820756495816,0.9995512437403746,0.9997614909602277,False,True,False,5.388161628185319e-17,0.0,5.126191937939376e-19,-2.889782150159125e-27,0.0
1.62,0,29.0,2e-15,12,-0.6200000000000001,0.0,0.0004345815470812705,1.0,2.6451637470038145,0.5337994874078327,0.0,2.654594904082523,0.5365492032469287,0.9995655128698014,0.9997974922768703,False,True,False,7.649231209386646e-17,2.407412430484045e-35,6.417738066830317e-19,-5.0303269699334226e-27,0.0
1.6300000000000001,0,29.0,2e-15,12,-0.6300000000000001,0.0,0.00042098143195326635,1.0,2.8791521870571537,0.6085726218029803,0.0,2.890213356087673,0.6119707646921697,0.9995791071682963,0.9998353049420705,False,True,False,9.922242824919988e-17,1.2037062152420224e-35,1.091704908059179e-18,-3.8975552495985184e-27,0.0
1.6400000000000001,0,29.0,2e-15,12,-0.6400000000000001,0.0,0.0004080152619722879,1.0,3.1367221647086505,0.6941773514576541,0.0,3.1497020258252326,0.6983741392770216,0.999592067964935,0.9998753029188453,False,True,False,1.170839910535157e-16,1.1102230246251565e-16,2.243772755644089e-18,-7.631520810198168e-42,0.0
1.6500000000000001,0,29.0,2e-15,12,-0.6500000000000001,0.0,0.0003956448511937961,1.0,3.4207963988080548,0.7923178823479111,0.0,3.4360415283871593,0.7975002506781423,0.9996044334059093,0.999917909896569,False,True,False,5.3657480170799136e-18,1.2037062152420224e-35,1.2078702409740654e-18,-2.136727847827164e-37,0.0
1.6600000000000001,0,29.0,2e-15,12,-0.6600000000000001,0.0,0.00038383492281396977,1.0,3.734745500292176,0.9050004924761252,0.0,3.7526737299100104,0.9114018915009335,0.9996162387323859,0.999963609526562,False,True,False,7.261296945488828e-17,4.81482486096809e-35,1.3819878007574978e-18,-6.666229576610059e-27,0.0
1.67,0,29.0,2e-15,12,-0.6699999999999999,0.0,0.0003725528610053752,1.0,4.082471064534407,1.0345949081360803,0.0,4.103588380408997,1.042507995486298,0.9996275165281945,1.0000129578212023,False,False,False,1.412025421268886e-17,1.2037062152420224e-35,1.1437604544369087e-18,-4.463876413840198e-43,0.0
1.68,0,29.0,2e-15,12,-0.6799999999999999,0.0,0.00036176848986425517,1.0,4.4685070510410885,1.1839100154083833,0.0,4.493429105327156,1.1937031982876116,0.9996382969404655,1.000066598278875,False,False,False,1.362499312312531e-16,1.2037062152420224e-35,1.2838495471361052e-18,-2.618039058206902e-27,0.0
1.69,0,29.0,2e-15,12,-0.69,0.0,0.0003514538768455213,1.0,4.898144145908398,1.3562877388174785,0.0,4.927623818934807,1.3684268684933873,0.9996486078758337,1.0001252804597591,False,False,False,1.698814833612947e-17,9.62964972193618e-35,3.4328778342213565e-18,-4.897840847722202e-37,0.0
1.7,0,29.0,2e-15,12,-0.7,0.0,0.0003415831585323313,1.0,5.3775831899339135,1.5557200832012832,0.0,5.4125461524585505,1.5707970974746448,0.9996584751743527,1.0001898829541647,False,False,False,1.4214463304289528e-17,0.0,1.285943848752206e-19,-1.211583241373861e-31,0.0
1.71,0,29.0,2e-15,12,-0.71,0.0,0.00033213238703873484,1.0,5.914125609374072,1.786995897843444,0.0,5.955716547874995,1.8057669071379434,0.9996679227628167,1.0002614419759959,False,False,False,8.412335680404467e-17,0.0,1.9592584599650994e-18,-5.245361185431757e-28,0.0
1.72,0,29.0,2e-15,12,-0.72,0.0,0.00032307939579665455,1.0,6.516411283986696,2.0558860368012914,0.0,6.566054461454062,2.0793223542567434,0.9996769727887312,1.0003411872073278,False,False,False,3.935564360445335e-17,0.0,3.782766095710004e-19,-9.504877150866968e-28,0.0
1.73,0,29.0,2e-15,12,-0.73,0.0,0.00031440368395704464,1.0,7.194717680162415,2.3693784743651323,0.0,7.254196947236959,2.3987355474690704,0.9996856457357018,1.0004305870567307,False,False,False,8.522582919745048e-17,0.0,9.89702406746027e-19,-3.278689943974748e-27,0.0
1.74,0,29.0,2e-15,12,-0.74,0.0,0.0003060863191710084,1.0,7.96133872796836,2.7359789038654077,0.0,8.032904183498632,2.772890241943253,0.9996939605204672,1.0005314062324808,False,False,False,3.303812376882957e-17,2.407412430484045e-35,6.593526498760596e-19,-4.067356649245683e-27,0.0
1.75,0,29.0,2e-15,12,-0.75,0.0,0.00029810985915301605,1.0,8.831068356185874,3.166097858193224,0.0,8.917579904140613,3.2127042206493535,0.9997019345711758,1.0006457795577466,False,False,False,1.4362765756540025e-16,0.0,3.9288488400427784e-19,-6.362500152456868e-32,0.0
1.76,0,29.0,2e-15,12,-0.76,0.0,0.0002904582932258479,1.0,9.821822591829537,3.6725531116263057,0.0,9.926945155693028,3.7316819859357073,0.9997095838857004,1.0007763073942846,False,False,False,2.669228271139314e-17,0.0,3.6594411919515065e-19,-1.128261052556232e-31,0.0
1.77,0,29.0,2e-15,12,-0.77,0.0,0.0002831170060944824,1.0,10.955446827757713,4.2712270487321895,0.0,11.083918761216752,4.3466447027763015,0.9997169230677432,1.00092618008213,False,False,False,7.413510036467778e-17,2.407412430484045e-35,8.082388153800485e-19,-7.555897167024769e-32,0.0
1.78,0,29.0,2e-15,12,-0.78,0.0,0.00027607276752709926,1.0,12.258772987531936,4.981934306630536,0.0,12.416779545991943,5.078703910608352,0.9997239653370528,1.0010993417287224,False,False,False,1.6466454849357802e-16,0.0,3.4171588043580465e-19,-7.358914245139297e-37,0.0
1.79,0,29.0,2e-15,12,-0.79,0.0,0.0002693137536401779,1.0,13.765017491008491,5.829577567499384,0.0,13.960717208036314,5.954574472633582,0.9997307225080534,1.0013007079248932,False,False,False,5.583249204305204e-17,0.0,1.2439714534072275e-18,-1.9167605891746662e-37,0.0
1.8,0,29.0,2e-15,12,-0.8,0.0,0.000262829608411075,1.0,15.515649180273,6.845702351928875,0.0,15.75992614254558,7.008365682804911,0.9997372049282647,1.001536458196721,False,False,False,1.7919078361193873e-17,0.0,9.001561884196804e-19,-1.122621018020885e-26,0.0
1.81,0,29.0,2e-15,12,-0.81,0.0,0.00025661155838548305,1.0,17.56291298956365,8.070610381400243,0.0,17.870468311358145,8.28405569817164,0.9997434213635443,1.0018144332706376,False,False,False,5.940516641127182e-17,0.0,1.3702905209147583e-18,-3.8485396546603e-36,0.0
1.82,0,29.0,2e-15,12,-0.8200000000000001,0.0,0.0002506526001379788,1.0,19.97328005769392,9.556263881098394,0.0,20.364241738327348,9.83895719573155,0.9997493788106006,1.0021446812000026,False,False,False,8.272634062499934e-17,0.0,6.458990037896607e-19,-1.7939312130731766e-36,0.0
1.83,0,29.0,2e-15,12,-0.8300000000000001,0.0,0.00024494779025702293,1.0,22.832224046519265,11.37032321904751,0.0,23.33456439276944,11.748644403975483,0.9997550822070036,1.0025402177540175,False,False,False,1.0047081145887116e-17,1.4693679385278594e-39,9.06109270735437e-19,-1.7883507848303977e-26,0.0
1.84,0,29.0,2e-15,12,-0.8400000000000001,0.0,0.00023949468379135127,1.0,26.250922286677817,13.601828333912726,0.0,26.904160024958735,14.114073031381622,0.9997605339927711,1.0030180995685858,False,False,False,1.3931119116082623e-17,0.0,7.858777982881128e-19,-6.699811317883047e-36,0.0
1.85,0,29.0,2e-15,12,-0.8500000000000001,0.0,0.0002342939932480867,1.0,30.37579089090477,16.369293497996335,0.0,31.236784368080922,17.07205475952367,0.9997657334514461,1.0036009605917418,False,False,False,5.101303589442395e-17,0.0,8.724376340758016e-19,-5.20541359741701e-31,0.0
1.86,0,29.0,2e-15,12,-0.8600000000000001,0.0,0.00022935058352719715,1.0,35.402253951122105,19.832387067447307,0.0,36.554484680198776,20.81097241817109,0.9997706757153073,1.0043192452619636,False,False,False,1.2153067618426067e-16,1.1102230246251565e-16,1.4404587586548534e-18,-7.993324973924977e-31,0.0
1.87,0,29.0,2e-15,12,-0.8700000000000001,0.0,0.000224674991604671,1.0,41.59493136227549,24.208992885884165,0.0,43.16377684702444,25.594872894217517,0.9997753502459311,1.0052145055193247,False,False,False,1.0099094607253942e-17,0.0,6.79298742477865e-19,-2.015180450318931e-30,0.0
1.8800000000000001,0,29.0,2e-15,12,-0.8800000000000001,0.0,0.00022028578753678649,1.0,49.317690748172346,29.800413438108645,0.0,51.496292460870436,31.801293561276296,0.9997797384735958,1.0063443460167314,False,False,False,5.99542488905197e-17,0.0,3.609855631319698e-19,-2.6512004146894567e-36,0.0
1.8900000000000001,0,29.0,2e-15,12,-0.89,0.0,0.000216213321662758,1.0,59.07903052245309,37.02891787398556,0.0,62.173544260104165,39.98222733483872,0.999783810050753,1.007789955381865,False,False,False,1.1679997421344873e-16,5.877471754111438e-39,8.754073590890972e-19,-1.5407875442313093e-40,0.0
1.9000000000000001,0,29.0,2e-15,12,-0.9000000000000001,0.0,0.00021250582205528605,1.0,71.60143454797202,46.49383903007374,0.0,76.11306923812857,50.96524587282239,0.9997875167557075,1.0096677282392994,False,False,False,6.014137263271037e-17,0.0,4.816744385273191e-19,-7.549722096558691e-31,0.0
1.9100000000000001,0,29.0,2e-15,12,-0.9100000000000001,0.0,0.00020923959595991253,1.0,87.9280076821747,59.05462271427902,0.0,94.70775385171326,66.02655604434086,0.9997907822931177,1.0121473476894185,False,False,False,3.613227281153992e-17,0.0,1.0464250123895663e-18,-1.9379210784000469e-31,0.0
1.92,0,29.0,2e-15,12,-0.9199999999999999,0.0,0.00020653660752392201,1.0,109.58531860494189,75.95241668764983,14.200166985101271,120.13862915195342,87.19716028847918,0.9997934847196929,1.0154804391956034,False,False,True,5.560583721143412e-17,0.0,9.81246516909455e-19,-1.7882537144014113e-31,0.0
1.93,0,29.0,2e-15,12,-0.9299999999999999,0.0,0.00020459564079267087,1.0,138.82304979328245,98.95206614319034,18.856559505806803,155.9379281043807,117.82296444297329,0.9997954252874681,1.0200405866677928,False,False,True,2.542345998421699e-17,1.88079096131566e-37,6.324660752789533e-19,-4.7057904716412645e-46,0.0
1.94,0,29.0,2e-15,12,-0.94,0.0,0.00020374873387795988,1.0,178.9268810409634,130.4936604273553,25.213537929478907,208.02911288614172,163.61998679597818,0.9997962720214857,1.0263841901126598,False,False,True,7.619767657069849e-17,0.0,7.618779021967546e-19,-1.7480645939879222e-30,0.0
1.95,0,29.0,2e-15,12,-0.95,0.0,0.00020456306674702883,1.0,234.4696381878296,173.5778545317079,33.731229303776196,286.6589753035006,234.68801635610944,0.9997954578548505,1.0353030760972264,False,False,True,1.446514712330665e-16,0.0,3.580821258781834e-19,2.1539259719930847e-65,0.0
1.96,0,29.0,2e-15,12,-0.96,0.0,0.000208010176715541,1.0,310.8710226138758,230.69349936761134,44.520731489547344,409.77807998852086,349.1964622028846,0.9997920114559014,1.0477786070264847,False,False,True,1.9619647806647334e-17,0.0,1.1652969845698741e-18,-4.0211766031064474e-29,0.0
1.97,0,29.0,2e-15,12,-0.97,0.0,0.00021563922796322127,1.0,411.2422605120821,300.1197198462082,56.4216233775598,607.21307183353,538.5723796805349,0.999784384020504,1.0645019687046786,False,False,True,3.5234521030789773e-17,0.0,1.1633121391021808e-18,-3.55673910962953e-30,0.0
1.98,0,29.0,2e-15,12,-0.98,0.0,0.00022909132723023922,1.0,526.8571298394378,369.0415752336686,65.95288838093951,914.7549398436488,844.4601871289443,0.999770934912184,1.0843151591856033,False,False,True,1.501629524985541e-16,0.0,1.2477371703248433e-18,-5.8637697054236006e-46,0.0
1.99,0,29.0,2e-15,12,-0.99,0.0,0.00024614189660615603,1.0,625.9661157616964,416.2038967403784,69.91935350399115,1306.6049220222799,1255.4031922626225,0.9997538883938252,1.1021991049123747,False,False,True,6.976743890635501e-17,0.0,1.609815159301954e-18,-6.018456311245903e-37,0.0
2.0,0,29.0,2e-15,12,-1.0,0.0,0.0002526708211029289,1.0,671.7117718451486,443.81647092289705,73.35948007781525,1538.0193051264444,1538.0193051264444,0.9997473610974806,1.1118868332245733,False,False,True,1.3247803725607864e-17,2.350988701644575e-38,3.3547303480361046e-19,-4.4742186153181414e-29,0.0
2.0100000000000002,0,29.0,2e-15,12,-1.0100000000000002,0.0,0.00023650071707247714,1.0,651.491584354099,469.21641494186053,83.69537723584027,1359.8949188395093,1415.3583528701813,0.9997635272470176,1.1107335458429446,False,False,True,1.3692774117399511e-17,7.52316384526264e-37,3.081504133628639e-19,-1.7533977316355597e-34,0.0
2.02,0,29.0,2e-15,12,-1.02,0.0,0.0002114939313021394,1.0,570.707791265555,469.0535278994036,94.50612715995426,990.9011848306195,1073.3860133803169,0.9997885284319628,1.0989905030385454,False,False,True,1.7226017609404975e-17,1.1102230246251565e-16,1.5843856853830004e-18,-1.52788826447219e-35,0.0
2.0300000000000002,0,29.0,2e-15,12,-1.0300000000000002,0.0,0.00019127207692553038,1.0,463.6495129032667,430.0753871264832,96.78885627913556,684.6019746207843,771.8540416784232,0.999808746214412,1.082070158744646,False,False,True,8.044183887650834e-17,0.0,1.1374250151532071e-18,-4.370840913290977e-35,0.0
2.04,0,29.0,2e-15,12,-1.04,0.0,0.00017726875039920017,1.0,364.79963663189557,372.7523962005083,91.44076305798518,480.86991998652456,564.2953863084239,0.9998227469607773,1.065900098443549,False,False,True,1.3945811468899635e-17,0.0,6.742091012711261e-19,-4.040186077766017e-36,0.0
2.05,0,29.0,2e-15,12,-1.0499999999999998,0.0,0.0001674883724110975,1.0,286.3893783453348,316.2687683851987,82.95929594024777,350.1387475931695,427.67592550106815,0.9998325256529833,1.0528038669142825,False,False,True,2.0424816356095344e-18,0.0,1.22134769672967e-18,-7.668805885459542e-52,0.0
2.06,0,29.0,2e-15,12,-1.06,0.0,0.00016026726864313602,1.0,227.4884894933143,268.15162086838785,74.2666203408381,264.49159821872587,336.2789205690843,0.9998397455734696,1.0428156734322758,False,False,True,8.999319551070772e-17,0.0,2.0362538753698873e-18,-4.579545497313084e-36,0.0
2.07,0,29.0,2e-15,12,-1.0699999999999998,0.0,0.00015460300479337393,1.0,183.72989942531885,229.35462307801322,66.53273199488274,206.3828349290638,273.1463414394333,0.9998454089456353,1.0353043228367478,False,False,True,8.329294063407297e-17,0.0,1.2091255374707469e-18,-2.1270169391020034e-31,0.0
2.08,0,29.0,2e-15,12,-1.08,0.0,0.00014992216679985426,1.0,150.98349320428585,198.60449030209998,60.03161422716026,165.5247735907929,228.05696107643456,0.9998500890709666,1.029625304593238,False,False,True,1.4322480031260648e-16,0.0,1.3383343951979937e-18,-7.613189070363911e-58,0.0
2.09,0,29.0,2e-15,12,-1.0899999999999999,0.0,0.0001458921706215754,1.0,126.1220920483518,174.24757952947158,54.69229409547962,135.84774334758734,194.8584843594421,0.9998541184711236,1.0252754760742337,False,False,True,9.29921319562866e-17,0.0,5.535603878122277e-19,-3.438124378730566e-36,0.0
2.1,0,29.0,2e-15,12,-1.1,0.0,0.00014231369109518914,1.0,106.93111875496793,154.82160459302222,0.0,113.66960385719244,169.75769037281833,0.9998576964350178,1.0218909304459307,False,False,False,1.0549461656077095e-16,0.0,9.994913363747677e-19,-1.213103770889599e-37,0.0
2.11,0,29.0,2e-15,12,-1.1099999999999999,0.0,0.00013906275253260182,1.0,91.86910375534853,139.19578855793952,0.0,96.6816974324706,150.34289470966908,0.9998609469162437,1.0192178964140568,False,False,False,2.4626640558035086e-17,0.0,1.0885750232783435e-18,-3.7250268967552515e-47,0.0
2.12,0,29.0,2e-15,12,-1.12,0.0,0.00013605937383083224,1.0,79.86041501456674,126.49492207244765,0.0,83.38868769931452,135.03250241748194,0.999863949881826,1.0170747697717832,False,False,False,6.025313803576177e-17,0.0,1.0745511827423297e-18,-3.014566344087509e-31,0.0
2.13,0,29.0,2e-15,12,-1.13,0.0,0.00013325014719006638,1.0,70.14628542412856,116.07034721362224,0.0,72.792376793582,122.75872285314395,0.9998667587302165,1.0153331495808338,False,False,False,6.486709661119786e-17,0.0,1.931239717308761e-19,-1.4434486024475564e-41,0.0
2.14,0,29.0,2e-15,12,-1.1400000000000001,0.0,0.00013059824818548846,1.0,62.183783430051875,107.43671476868838,0.0,64.20797276479756,112.78134003618476,0.9998694102793945,1.0139004570189891,False,False,False,9.403952816868776e-17,0.0,2.382262915520142e-19,-7.989928700014943e-42,0.0
2.15,0,29.0,2e-15,12,-1.15,0.0,0.00012807752069918796,1.0,55.578416848129166,100.22863108192388,0.0,57.154028112150186,104.57487848148648,0.9998719306808763,1.0127089652529226,False,False,False,4.9381504947036367e-17,0.0,1.4385904613330427e-18,-7.173963951640927e-35,0.0
2.16,0,29.0,2e-15,12,-1.1600000000000001,0.0,0.0001256688659560456,1.0,50.03913556916548,94.16857379529209,0.0,51.284545930802075,97.7582890113884,0.9998743390300451,1.0117083969075977,False,False,False,3.594753571621079e-17,0.0,1.8631253055087038e-19,-6.300945362548571e-31,0.0
2.17,0,29.0,2e-15,12,-1.17,0.0,0.00012335797470693787,1.0,45.34802756605609,89.0436616218309,0.0,46.34593376713788,92.04995390501084,0.9998766496335751,1.0108608953917342,False,False,False,1.0168203127204694e-16,0.0,4.647497442379054e-19,-7.634855045889526e-32,0.0
2.18,0,29.0,2e-15,12,-1.1800000000000002,0.0,0.00012113386534657054,1.0,41.3396590804992,84.68893275693645,0.0,42.149013693945484,87.23817847972228,0.9998788734710639,1.0101375712479874,False,False,False,6.528033977700365e-17,0.0,9.175106657814425e-20,-2.0108171237518795e-35,0.0
2.19,0,29.0,2e-15,12,-1.19,0.0,0.00011898791880306375,1.0,37.88679534732966,80.97528380254855,0.0,38.55039720915195,83.16139784869729,0.9998810191599786,1.0095160996541312,False,False,False,6.78759347748907e-17,1.1102230246251565e-16,8.249657385569968e-19,-2.2493991134256807e-41,0.0
2.2,0,29.0,2e-15,12,-1.2000000000000002,0.0,0.00011691322732373847,1.0,34.89039116114188,77.80071724867368,0.0,35.43982766593959,79.69462379654482,0.9998830936067613,1.0089790265484053,False,False,False,1.2526246642627663e-16,1.1102230246251565e-16,5.438217552321644e-19,-2.884557810868342e-31,0.0
2.21,0,29.0,2e-15,12,-1.21,0.0,0.00011490414617605536,1.0,32.272476126586206,75.08393806613142,0.0,32.731411095537155,76.73998809232718,0.9998851024550525,1.0085125582500771,False,False,False,4.341620049029993e-17,1.1102230246251565e-16,1.644590114235113e-19,-3.181118033510881e-41,0.0
2.22,0,29.0,2e-15,12,-1.2200000000000002,0.0,0.00011295597929596564,1.0,29.971028977561215,72.75962612209176,0.0,30.35743311826492,74.22002960722686,0.9998870503999905,1.0081056852218198,False,False,False,3.490995491186239e-17,0.0,7.779475836584651e-19,-1.0121852119174773e-31,0.0
2.23,0,29.0,2e-15,12,-1.23,0.0,0.00011106475507518997,1.0,27.936237183323055,70.77491275838193,0.0,28.263928502548975,72.07285361856138,0.9998889414123864,1.007749539763364,False,False,False,6.423861808104918e-17,0.0,7.667592389689731e-19,-5.611911354518203e-41,0.0
2.24,0,29.0,2e-15,12,-1.2400000000000002,0.0,0.00010922706389179111,1.0,26.127734063369903,69.08673001697673,0.0,26.4074592892801,70.24859059637909,0.9998907789011667,1.007436919574806,False,False,False,7.349597140471125e-17,0.0,2.4103466184163834e-19,-8.317147699939194e-32,0.0
2.25,0,29.0,2e-15,12,-1.25,0.0,0.00010743993863182702,1.0,24.51253441313801,67.65979807251217,0.0,24.75273971242182,68.70677132776987,0.9998925658328317,1.0071619303855843,False,False,False,6.163511653762265e-17,1.1102230246251565e-16,6.975841879403839e-19,-8.200383692419541e-42,0.0
2.2600000000000002,0,29.0,2e-15,12,-1.2600000000000002,0.0,0.00010570076560263978,1.0,23.063475307695732,66.46508381380801,0.0,23.27086324774563,67.41435773723144,0.9998943048205264,1.0069197150654896,False,False,False,3.133095437909329e-18,0.0,3.574063325523438e-19,-5.069216018116997e-47,0.0
2.27,0,29.0,2e-15,12,-1.27,0.0,0.0001040072172358693,1.0,21.75802645247035,65.47861053037718,0.0,21.93796369292375,66.34424933491115,0.9998959981913272,1.006706246261063,False,False,False,1.338484233399891e-16,0.0,1.1534278609258246e-18,-2.0971976830706162e-32,0.0
2.2800000000000002,0,29.0,2e-15,12,-1.2800000000000002,0.0,0.00010235720061962768,1.0,20.57737379920411,64.68053169083377,0.0,20.73419309060982,65.47413909562515,0.9998976480376999,1.0065181661961626,False,False,False,6.723179068216951e-17,0.0,7.636061360237291e-19,-1.88844627675454e-36,0.0
2.29,0,29.0,2e-15,12,-1.29,0.0,0.00010074881767210111,1.0,19.505707303282204,64.0544051912538,0.0,19.642933680101184,64.78562914457756,0.9998992562573196,1.006352661847028,False,False,False,7.509044309931205e-17,2.407412430484045e-35,1.353058530947363e-18,-3.204862244222255e-32,0.0
2.3000000000000003,0,29.0,2e-15,12,-1.3000000000000003,0.0,9.918033397622047e-05,1.0,18.529662660764803,63.58662115641433,0.0,18.650184609834188,64.26354181255371,0.9999008245842305,1.0062073669069431,False,False,False,2.1160529916006048e-16,4.81482486096809e-35,1.5797956415491438e-18,-5.967053651412195e-37,0.0
2.31,0,29.0,2e-15,12,-1.31,0.0,9.765015412860177e-05,1.0,17.637880251106438,63.2659484105219,0.0,17.744080491248404,63.8953792028635,0.9999023546134925,1.0060802842268721,False,False,False,1.91418017167125e-17,0.0,1.853664852567233e-19,-4.1034309010320636e-32,0.0
2.32,0,29.0,2e-15,12,-1.3199999999999998,0.0,9.615680203880751e-05,1.0,16.820654064325005,63.08317347886795,0.0,16.91451036871263,63.67089683780735,0.9999038478208783,1.0059697240450656,False,False,False,6.447971045534378e-17,0.0,4.471905017338491e-19,-2.695289071332203e-42,0.0
2.33,0,29.0,2e-15,12,-1.33,0.0,9.469890502742957e-05,1.0,16.069650277136155,63.03081239248789,0.0,16.152813857291,63.58176584033685,0.9999053055787723,1.0058742544953303,False,False,False,2.1406123298395472e-16,0.0,1.5373498847155375e-19,-1.3849513171297938e-42,0.0
2.34,0,29.0,2e-15,12,-1.3399999999999999,0.0,9.327518086663413e-05,1.0,15.377680153954872,63.10288030862434,0.0,15.451537082027533,63.62130453664492,0.9999067291691278,1.0057926617431203,False,False,False,1.5830434344433617e-17,0.0,8.875627855323383e-19,-3.3948200609905677e-32,0.0
2.35,0,29.0,2e-15,12,-1.35,0.0,9.188442712025646e-05,1.0,14.738515629518627,63.29470749647109,0.0,14.804235327527204,63.78426506843727,0.9999081197941244,1.005723917732182,False,False,False,1.6863699862370762e-16,0.0,8.911857716577927e-20,-6.600539404425138e-41,0.0
2.36,0,29.0,2e-15,12,-1.3599999999999999,0.0,9.052551229643182e-05,1.0,14.146738657153247,63.60279289973329,0.0,14.205312444354984,64.06666408035112,0.9999094785850141,1.0056671539957462,False,False,False,1.0406017614821577e-16,1.1102230246251565e-16,1.8465572699103623e-18,-1.9167817461993188e-32,0.0
2.37,0,29.0,2e-15,12,-1.37,0.0,8.919736844069048e-05,1.0,13.597617444271904,64.0246885098646,0.0,13.649889383048244,64.46564914559256,0.9999108066095262,1.005621640339841,False,False,False,5.779698509727333e-17,0.0,2.023714968507868e-19,-3.136308540626142e-38,0.0
2.38,0,29.0,2e-15,12,-1.38,0.0,8.789898488294547e-05,1.0,13.087004231063732,64.55890933536595,0.0,13.133695963271823,64.97939455484627,0.9999121048781197,1.0055867674738483,False,False,False,8.00726426081357e-17,2.407412430484045e-35,1.1749454531373024e-18,-1.431267401406802e-32,0.0
2.39,0,29.0,2e-15,12,-1.3900000000000001,0.0,8.662940291593728e-05,1.0,12.611250432483647,65.20486495580207,0.0,12.652981294061096,65.60702159252732,0.9999133743493024,1.0055620328676378,False,False,False,1.714735044648147e-18,0.0,3.256777313453374e-19,-1.8977046676528715e-31,0.0
2.4,0,29.0,2e-15,12,-1.4,0.0,8.538771123120109e-05,1.0,12.167135853284108,65.96280959399269,0.0,12.204439254531644,66.34853958430483,0.9999146159341956,1.005547029271806,False,False,False,5.859613731894933e-17,0.0,2.726213341612527e-19,-3.287532071590214e-36,0.0
2.41,0,29.0,2e-15,12,-1.4100000000000001,0.0,8.417304197557007e-05,1.0,11.751809370320013,66.8338083925531,0.0,11.785146204289036,67.20480491033486,0.9999158305004755,1.005541435459689,False,False,False,6.083480108096792e-17,0.0,5.240748778952315e-19,-1.3299507401552434e-32,0.0
2.42,0,29.0,2e-15,12,-1.42,0.0,8.298456731959347e-05,1.0,11.362739006467535,67.8197181913515,0.0,11.39250867805383,68.17749590575018,0.9999170188758044,1.0055450088456506,False,False,False,2.4148734460730613e-17,0.0,2.2502474675109977e-19,-2.208058639429517e-32,0.0
2.43,0,29.0,2e-15,12,-1.4300000000000002,0.0,8.18214964511614e-05,1.0,10.997669733598284,68.92318160825036,0.0,11.024219272836381,69.26910216280858,0.9999181818508361,1.0055575797101983,False,False,False,6.215169797476249e-17,2.407412430484045e-35,1.0575196395630162e-18,-8.275855855986146e-36,0.0
2.44,0,29.0,2e-15,12,-1.44,0.0,8.068307292468468e-05,1.0,10.65458766589474,70.14763365591288,0.0,10.678219290118367,70.48292724492799,0.9999193201818669,1.005579046823621,False,False,False,1.1230508163538816e-17,0.0,2.5854588464055323e-19,-1.6464878331515323e-41,0.0
2.45,0,29.0,2e-15,12,-1.4500000000000002,0.0,7.956857230952305e-05,1.0,10.33168956011057,71.49732050559115,0.0,10.352666973491736,71.82310425048948,0.9999204345931854,1.0056093743097716,False,False,False,1.2770268945578625e-17,2.407412430484045e-35,1.3401458944146323e-18,-3.671881711061279e-53,0.0
2.46,0,29.0,2e-15,12,-1.46,0.0,7.847730009187718e-05,1.0,10.027356741769726,72.97733035349621,0.0,10.045910401697949,73.29462404673778,0.9999215257791709,1.0056485896332263,False,False,False,2.947289836351685e-17,0.0,1.061926253817548e-18,-1.7760392502598156e-37,0.0
2.47,0,29.0,2e-15,12,-1.4700000000000002,0.0,7.740858979269025e-05,1.0,9.740132737572331,74.5936366726122,0.0,9.756464271261684,74.90337635036056,0.9999225944061749,1.0056967826285101,False,False,False,1.1043788419270427e-16,1.1102230246251565e-16,5.099973548432365e-19,-1.5168606744431552e-41,0.0
2.48,0,29.0,2e-15,12,-1.48,0.0,7.636180127074693e-05,1.0,9.468704023428325,76.35315445688781,0.0,9.482989941978875,76.65620417782078,0.9999236411142174,1.0057541055212489,False,False,False,9.43255765739199e-18,0.0,4.8825040703877317e-20,-1.6141025762238856e-36,0.0
2.49,0,29.0,2e-15,12,-1.4900000000000002,0.0,7.533631918548216e-05,1.0,9.21188340146947,78.26381039907224,0.0,9.224278230057994,78.5609725403149,0.9999246665185237,1.0058207739194203,False,False,False,1.1347621546960305e-17,0.0,4.934913273732194e-19,-5.0469241744748506e-37,0.0
2.5,0,29.0,2e-15,12,-1.5,0.0,7.433155159829558e-05,1.0,8.968595603407655,80.33462830148737,0.0,8.979234523608143,80.62665262995635,0.999925671210923,1.005897068779645,False,False,False,6.692728458130725e-17,2.407412430484045e-35,7.4230070062462135e-19,-7.14446797733372e-32,0.0
2.5100000000000002,0,29.0,2e-15,12,-1.5100000000000002,0.0,7.334692869464473e-05,1.0,8.73786478583167,82.57583141496153,0.0,8.746865867948571,82.86342315056172,0.9999266557611256,1.0059833393798199,False,False,False,1.4699871111402206e-16,0.0,7.141611968937861e-19,-1.986399401437044e-31,0.0
2.52,0,29.0,2e-15,12,-1.52,0.0,7.238190161201085e-05,1.0,8.518803638671839,84.99896385078314,0.0,8.526269727402926,85.28279090471344,0.9999276207178946,1.0060800073564649,False,False,False,3.66197584131992e-18,2.407412430484045e-35,8.5864021583250855e-19,-1.1568975314024033e-36,0.0
2.5300000000000002,0,29.0,2e-15,12,-1.5300000000000002,0.0,7.143594136114748e-05,1.0,8.31060387362606,87.61703373217013,0.0,8.316624178577873,87.89773327740473,0.999928566610125,1.006187571894054,False,False,False,7.394945124961291e-17,0.0,4.805256334122815e-19,-4.109944530333729e-32,0.0
2.54,0,29.0,2e-15,12,-1.54,0.0,7.05085378299177e-05,1.0,8.112527896803268,90.4446813671993,0.0,8.117179329762452,90.72286587775143,0.9999294939478386,1.0063066161855325,False,False,False,5.903738719650944e-18,0.0,1.209218260351963e-19,-7.680685566695743e-36,0.0
2.5500000000000003,0,29.0,2e-15,12,-1.5500000000000003,0.0,6.959919886059663e-05,1.0,7.923901500770088,93.4983764610841,0.0,7.927249793712733,93.77463934098019,0.9999304032231074,1.0064378153195654,False,False,False,6.058391157789022e-17,4.81482486096809e-35,1.817315671312587e-18,-1.8925138402029974e-33,0.0
2.56,0,29.0,2e-15,12,-1.56,0.0,6.870744939281641e-05,1.0,7.744107436817526,96.7966492752621,0.0,7.746208068048189,97.07157018654719,0.9999312949109099,1.0065819457923841,False,False,False,5.396345324931498e-17,0.0,5.145325194635801e-19,-9.848630682470413e-36,0.0
2.57,0,29.0,2e-15,12,-1.5699999999999998,0.0,6.783283066541305e-05,1.0,7.572579749594211,100.36036172572109,0.0,7.573478699844686,100.63451171678528,0.999932169469929,1.0067398968923895,False,False,False,4.833722719479126e-17,0.0,2.0796195818426245e-19,-4.3601333228383896e-32,0.0
2.58,0,29.0,2e-15,12,-1.58,0.0,6.697489947134535e-05,1.0,7.408798774071306,104.21302574646138,0.0,7.408533129616589,104.48697227720362,0.9999330273432971,1.006912684266271,False,False,False,9.741553875875208e-18,0.0,5.24531360617399e-19,-1.1355520413790399e-36,0.0
2.59,0,29.0,2e-15,12,-1.5899999999999999,0.0,6.613322746061405e-05,1.0,7.252286709755632,108.38117789422057,0.0,7.25088512541709,108.65548985287971,0.999933868959293,1.0071014660494209,False,False,False,6.666455226940811e-17,0.0,9.183543540570263e-20,-1.7523315345985013e-48,0.0
2.6,0,29.0,2e-15,12,-1.6,0.0,6.53074004867572e-05,1.0,7.102603699672442,112.89482122582156,0.0,7.100086730801233,113.17007403369271,0.9999346947319951,1.0073075620346708,False,False,False,1.8505272575125802e-17,0.0,1.1635909493625606e-19,-1.0144408499149907e-31,0.0
2.61,0,29.0,2e-15,12,-1.6099999999999999,0.0,6.449701799304098e-05,1.0,6.959344352318821,117.78794805478263,0.0,6.9557246613336225,118.06472895964302,0.9999355050618949,1.0075324764669475,False,False,False,1.740291753100976e-16,2.407412430484045e-35,1.3316189925287366e-18,-2.1781627108197258e-48,0.0
2.62,0,29.0,2e-15,12,-1.62,0.0,6.370169243492933e-05,1.0,6.822134653898139,123.09916044013042,0.0,6.817417093541139,123.37807410731637,0.9999363003364748,1.0077779251938301,False,False,False,9.767754087074117e-17,0.0,1.0831310345654179e-18,-3.615774712880342e-32,0.0
2.63,0,29.0,2e-15,12,-1.63,0.0,6.292104873581614e-05,1.0,6.69062922597771,128.8724093770672,0.0,6.684810798004356,129.1540838992866,0.9999370809307518,1.0080458680818682,False,False,False,2.2906043491630242e-17,0.0,2.325042765124329e-19,-9.084683985087963e-34,0.0
2.64,0,29.0,2e-15,12,-1.6400000000000001,0.0,6.21547237733393e-05,1.0,6.564508890507342,135.15787891165908,0.0,6.557578574887304,135.44297237551237,0.9999378472077914,1.0083385478373361,False,False,False,6.427125899400731e-17,0.0,2.797528137569959e-19,-1.0658432737492592e-36,0.0
2.65,0,29.0,2e-15,12,-1.65,0.0,6.140236589389623e-05,1.0,6.443478510121623,142.01304814547998,0.0,6.435416955821254,142.30225591533883,0.9999385995191928,1.008658536663129,False,False,False,9.166186571658793e-17,0.0,5.11277290616373e-20,-7.356065388220973e-32,0.0
2.66,0,29.0,2e-15,12,-1.6600000000000001,0.0,6.066363445322864e-05,1.0,6.327265077008525,149.50397281110392,0.0,6.318044140844114,149.79803572087997,0.9999393382055478,1.0090087925614661,False,False,False,3.452299705924905e-17,2.407412430484045e-35,1.3684187819182052e-18,-1.6045342059741254e-36,0.0
2.67,0,29.0,2e-15,12,-1.67,0.0,5.9938199381171174e-05,1.0,6.215616028549019,157.70683943815763,0.0,6.205198143187079,158.0065531205014,0.9999400635968768,1.0093927275828956,False,False,False,2.2325449535817064e-17,0.0,1.6974102923234481e-18,-7.549899524961187e-32,0.0
2.68,0,29.0,2e-15,12,-1.6800000000000002,0.0,5.922574076884816e-05,1.0,6.108297772592462,166.709859987301,0.0,6.0966351182032295,167.01608562057874,0.9999407760130408,1.0098142909642596,False,False,False,5.973367062169262e-17,0.0,3.3835237830326314e-19,-3.0510548555633167e-32,0.0
2.69,0,29.0,2e-15,12,-1.69,0.0,5.8525948476776285e-05,1.0,6.005094409833004,176.6155944435357,0.0,5.992127855741144,176.92927126305761,0.9999414757641332,1.0102780709447308,False,False,False,6.175952391364275e-17,0.0,4.858250448949019e-19,-1.7379897010239945e-41,0.0
2.7,0,29.0,2e-15,12,-1.7000000000000002,0.0,5.78385217624785e-05,1.0,5.905806645497673,187.5438149569336,0.0,5.891464417855427,187.8659749633369,0.9999421631508526,1.0107894201736574,False,False,False,7.394302061938188e-17,1.88079096131566e-37,2.0036363408608613e-20,-2.2890501729274715e-32,0.0
2.71,0,29.0,2e-15,12,-1.71,0.0,5.716316892635241e-05,1.0,5.810250887731229,199.63506012911182,0.0,5.794446905979665,199.96684554026564,0.9999428384648564,1.0113546111306393,False,False,False,1.2784949277142425e-17,0.0,2.305940540018917e-19,-1.4629476079920083e-31,0.0
2.72,0,29.0,2e-15,12,-1.7200000000000002,0.0,5.649960697465472e-05,1.0,5.7182585360059015,213.0550754243221,0.0,5.7008903436177985,213.39775956702778,0.9999435019890981,1.0119810300145278,False,False,False,8.09727361347371e-17,0.0,4.961722688107859e-20,-8.820439382045553e-36,0.0
2.73,0,29.0,2e-15,12,-1.73,0.0,5.584756129857751e-05,1.0,5.62967547005296,228.0004004015744,0.0,5.610621662282961,228.35541293895017,0.9999441539981474,1.0126774203356745,False,False,False,7.828164938593598e-17,0.0,2.570495904063449e-19,-1.0972494576481814e-31,0.0
2.74,0,29.0,2e-15,12,-1.7400000000000002,0.0,5.520676536849239e-05,1.0,5.5443617588746,244.7054527347628,0.0,5.523478779864759,245.07441039318894,0.999944794758497,1.0134541912720156,False,False,False,1.2234544331415668e-16,0.0,3.1694013552389938e-19,-9.49910259608974e-42,0.0
2.75,0,29.0,2e-15,12,-1.75,0.0,5.457696044254196e-05,1.0,5.462191621267194,263.45158341693656,0.0,5.439309761869541,263.83632773971414,0.9999454245288527,1.014323811175524,False,False,False,2.1846124655276676e-17,0.0,4.82870422369241e-19,-7.810832354078013e-32,0.0
2.7600000000000002,0,29.0,2e-15,12,-1.7600000000000002,0.0,5.395789528885317e-05,1.0,5.383053685343278,284.57875291592916,0.0,5.3579720570790235,284.9813970682563,0.9999460435604122,1.0153013141116822,False,False,False,1.39125442990104e-16,0.0,6.150185641432377e-19,-2.8424853474802112e-36,0.0
2.77,0,29.0,2e-15,12,-1.77,0.0,5.3349325920752755e-05,1.0,5.306851616818048,308.5007281596525,0.0,5.279331800134523,308.9237154984293,0.9999466520971292,1.0164049579905081,False,False,False,7.145174371456651e-17,0.0,1.2191533301731774e-19,-1.576338873759231e-31,0.0
2.7800000000000002,0,29.0,2e-15,12,-1.78,0.0,5.275101534447683e-05,1.0,5.23350521742694,335.72506147135414,0.0,5.203263174394988,336.17123955896477,0.9999472503759659,1.0176570882451668,False,False,False,4.0262119512129997e-17,0.0,1.0238004106240526e-19,-2.1796021311783836e-41,0.0
2.79,0,29.0,2e-15,12,-1.79,0.0,5.2162733319001435e-05,1.0,5.162952140558945,366.87964143038727,0.0,5.129647829154699,367.3523565428662,0.9999478386271328,1.019085283523237,False,False,False,1.0243040959896309e-17,1.1102230246251565e-16,4.966233056987856e-19,-4.3694132694328205e-32,0.0
2.8000000000000003,0,29.0,2e-15,12,-1.8000000000000003,0.0,5.158425612778636e-05,1.0,5.095150438565523,402.7483911781,0.0,5.058374345953622,403.2516103332753,0.999948417074317,1.020723893239902,False,False,False,7.88931084076443e-18,0.0,5.193430750814523e-19,-4.3421818586692914e-42,0.0
2.81,0,29.0,2e-15,12,-1.81,0.0,5.101536636245041e-05,1.0,5.03008225729514,444.3198748074049,0.0,4.98933774928309,444.858345227309,0.9999489859348992,1.0226161271303171,False,False,False,9.518036442649018e-17,0.0,2.0238600801716815e-19,-1.6691345353537117e-31,0.0
2.82,0,29.0,2e-15,12,-1.8199999999999998,0.0,5.04558527187074e-05,1.0,4.967759147885694,492.8543905784799,0.0,4.922439057490839,493.43385079610283,0.9999495454201565,1.0248169339629525,False,False,False,7.632102408690142e-17,0.0,9.816784579279819e-20,-1.6248968439757581e-31,0.0
2.83,0,29.0,2e-15,12,-1.83,0.0,4.990550980536055e-05,1.0,4.9082297064056535,549.9779695603205,0.0,4.857584870132365,550.6054328853468,0.9999500957354539,1.0273970266880788,False,False,False,6.627821945474843e-17,0.0,3.554108827664388e-19,-2.4295848303378914e-53,0.0
2.84,0,29.0,2e-15,12,-1.8399999999999999,0.0,4.9364137967860136e-05,1.0,4.851590634099892,617.8162210296279,0.0,4.7946869884065935,618.500362132571,0.9999506370804212,1.0304486022541097,False,False,False,2.958145914955889e-17,0.0,5.56789845121175e-19,-4.4791235706330265e-36,0.0
2.85,0,29.0,2e-15,12,-1.85,0.0,4.883154312905998e-05,1.0,4.798002931036623,699.188321002798,0.0,4.733662065660226,699.9400122263612,0.9999511696491113,1.0340936143014945,False,False,False,1.7079119467872132e-17,0.0,9.106876315754268e-20,-6.769349591456229e-32,0.0
2.86,0,29.0,2e-15,12,-1.8599999999999999,0.0,4.830753665165294e-05,1.0,4.747715965018617,797.8936736042212,0.0,4.67443128525222,798.7267432148154,0.9999516936301386,1.0384959715118964,False,False,False,3.9767733203938006e-17,0.0,1.2944476672186207e-19,7.352447116977542e-65,0.0
2.87,0,29.0,2e-15,12,-1.87,0.0,4.7791935229864096e-05,1.0,4.701103907097935,919.1446196529124,0.0,4.616920063342264,920.0769466905969,0.9999522092067865,1.0438799093361166,False,False,False,1.330522769189328e-16,0.0,6.304623893051006e-19,-3.7066267535748835e-31,0.0
2.88,0,29.0,2e-15,12,-1.88,0.0,4.728456082334895e-05,1.0,4.658722076597324,1070.2350114789965,0.0,4.561057774409653,1071.2901442513232,0.9999527165570739,1.05055830905263,False,False,False,5.616740749301862e-17,0.0,4.741452850824257e-20,-2.3266511981397323e-35,0.0
2.89,0,29.0,2e-15,12,-1.8900000000000001,0.0,4.678524065578591e-05,1.0,4.621396206158387,1261.5999439427048,0.0,4.506777497524534,1262.8095565569097,0.9999532158537565,1.058977472842442,False,False,False,6.967929503065916e-17,0.0,1.3411283380491096e-19,-5.598581277815499e-31,0.0
2.9,0,29.0,2e-15,12,-1.9,0.0,4.6293807318107804e-05,1.0,4.590367706501942,1508.5428637422842,0.0,4.45401578158608,1509.950596836547,0.9999537072642236,1.0697898999294155,False,False,False,6.673090878207321e-17,0.0,8.761884219281773e-20,-2.775852192358453e-31,0.0
2.91,0,29.0,2e-15,12,-1.9100000000000001,0.0,4.581009905318919e-05,1.0,4.567542953067916,1834.3935437667783,5627.322690665082,4.4027124279136745,1835.8034253648905,0.9999541909502134,1.0839879408927002,False,False,True,5.796574262629738e-17,0.0,3.7535137993154733e-19,-7.299204109367031e-35,0.0
2.92,0,29.0,2e-15,12,-1.92,0.0,4.5333960333471675e-05,1.0,4.55589154696153,2274.569062933586,7181.992683449301,4.352810288730935,2276.2614897996286,0.999954667067235,1.103069890742008,False,False,True,1.797985168709768e-17,0.0,6.154948105231276e-20,-3.5680625775784507e-31,0.0
2.93,0,29.0,2e-15,12,-1.9300000000000002,0.0,4.4865243044867745e-05,1.0,4.560225824145595,2886.9168768093114,9383.545912745789,4.304255080219635,2889.0014581995188,0.9999551357633851,1.1294773630917654,False,False,True,8.183048062155052e-17,0.0,5.527374579683384e-19,-1.6214508236899827e-31,0.0
2.94,0,29.0,2e-15,12,-1.94,0.0,4.440380867976419e-05,1.0,4.588541818189787,3767.254659566991,12606.55429490756,4.256995208943881,3769.9052914276467,0.9999555971771548,1.1672360523285177,False,False,True,5.647801276871968e-17,0.0,4.052614451698348e-19,-2.8486036242522835e-36,0.0
2.95,0,29.0,2e-15,12,-1.9500000000000002,0.0,4.394953240454551e-05,1.0,4.654499255546729,5079.635418189147,17502.33320183854,4.210981610555307,5083.141902937068,0.999956051433362,1.223203652848343,False,False,True,8.735692108307395e-17,0.0,1.1336540415520078e-19,-7.628740207537968e-35,0.0
2.96,0,29.0,2e-15,12,-1.96,0.0,4.350230979779126e-05,1.0,4.781589224753603,7107.629304269899,25219.39801313545,4.166167599789406,7112.4986574180775,0.999956498636414,1.3091547905586227,False,False,True,1.4107572266826388e-17,0.0,9.095963201627807e-20,-3.3698202578877565e-31,0.0
2.97,0,29.0,2e-15,12,-1.9700000000000002,0.0,4.3062063344652124e-05,1.0,5.007638050736829,10312.49138046878,37685.624741324966,4.12250873085231,10319.633661704596,0.9999569388638126,1.4440340959307383,False,False,True,6.010610459714966e-17,0.0,1.084479385778701e-19,-2.485146767777448e-44,0.0
2.98,0,29.0,2e-15,12,-1.98,0.0,4.262872043232592e-05,1.0,5.374107497530084,15216.177290360854,57276.5121210848,4.079962667377859,15227.09796625198,0.9999573721881586,1.6486035399476582,False,False,True,1.4526904426545034e-16,0.0,4.784439273368371e-19,-1.7523089258588282e-41,0.0
2.99,0,29.0,2e-15,12,-1.9900000000000002,0.0,4.2202046102214237e-05,1.0,5.832463542299403,21293.884313828086,82574.18266104926,4.038489061207117,21309.934341660086,0.9999577988443916,1.898603286351781,False,False,True,2.7111671013414472e-17,0.0,4.736867325322907e-19,-2.032583608136316e-44,0.0
3.0,0,29.0,2e-15,12,-2.0,0.0,4.178131559990621e-05,1.0,6.047459638330813,24565.68712401663,98153.14386917143,3.998049439308076,24584.314733705185,0.9999582195572271,2.0263449462143184,False,False,True,9.223026442097593e-17,0.0,3.2234337928636367e-19,-9.508425781336298e-31,0.0
0.0,1,29.0,2e-15,12,1.0,0.5075771768883085,7.349242764302903e-05,1.0,0.361542483082931,0.06680944211267723,0.0,0.361517946215265,0.06679990365463077,0.9999265102728593,0.9999314202609496,True,False,False,3.886510819485089e-17,8.27841896566596e-36,1.192797032687109e-18,-6.0268352115144455e-30,0.0
0.01,1,29.0,2e-15,12,0.99,0.5075771768883085,7.447678841205644e-05,1.0,0.3596261747678777,0.06595247992046095,0.0,0.35960131062723627,0.06594288606774214,0.9999255259849151,0.9999304379138074,True,False,False,8.73317094993913e-18,1.948088012900236e-35,1.3451092719266496e-18,-4.190967565095096e-35,0.0
0.02,1,29.0,2e-15,12,0.98,0.5075771768883085,7.548105628424955e-05,1.0,0.3576996277131336,0.06509806365088103,0.0,0.35767443085735984,0.06508841445186922,0.999924521792339,0.9999294354629454,True,False,False,2.2978617260119076e-17,1.0726385951253374e-36,5.7823153944835935e-19,-7.221502939431554e-35,0.0
0.03,1,29.0,2e-15,12,0.97,0.5075771768883085,7.650577160212672e-05,1.0,0.35576278078959483,0.06424624900014225,0.0,0.35573724566853443,0.06423654451591522,0.9999234971548898,0.9999284123637421,True,False,False,8.012540944796771e-17,6.873703216433326e-36,3.1416458441241845e-19,-3.610225055991344e-30,0.0
0.04,1,29.0,2e-15,12,0.96,0.5075771768883085,7.755149316376692e-05,1.0,0.3538155729001817,0.06339709227991594,0.0,0.35378969385320774,0.06338733258466879,0.9999224515138756,0.9999273680530442,True,False,False,6.302784655962957e-17,2.7300856297847627e-36,3.168215022612441e-19,-9.551315187632725e-46,0.0
0.05,1,29.0,2e-15,12,0.95,0.5075771768883085,7.861879898431378e-05,1.0,0.351857943001388,0.0625506504190622,0.0,0.35183171425485715,0.06254083560053482,0.9999213842913924,0.999926301948404,True,False,False,9.39466378211837e-18,1.1102230246251565e-16,1.9512319243223361e-19,-1.2303162534490506e-29,0.0
0.06,1,29.0,2e-15,12,0.94,0.5075771768883085,7.970828709438584e-05,1.0,0.3498898301258624,0.06170698096512749,0.0,0.34986324579051126,0.061697111125045924,0.9999202948895267,0.9999252134472812,True,False,False,6.132307871926459e-17,3.84386652718888e-36,2.4123917652914475e-19,-1.5768433178168034e-29,0.0
0.07,1,29.0,2e-15,12,0.9299999999999999,0.5075771768883085,8.08205763774498e-05,1.0,0.34791117340608263,0.060866142085614444,0.0,0.3478842274743556,0.060856217340142904,0.9999191826895173,0.9999241019262025,True,False,False,6.309822692256085e-17,1.8223101173622512e-35,6.312280160553821e-19,-5.6804296780605686e-30,0.0
0.08,1,29.0,2e-15,12,0.9200000000000002,0.5075771768883085,8.195630744834457e-05,1.0,0.3459219120991691,0.06002819256900893,0.0,0.3458945984424709,0.060018213049211885,0.9999180470508781,0.9999229667398838,True,False,False,1.116074829734397e-16,1.1102230246251565e-16,1.301951212457756e-18,-4.8418104238156575e-42,0.0
0.09,1,29.0,2e-15,12,0.9100000000000001,0.5075771768883085,8.311614357528498e-05,1.0,0.3439219856128672,0.05919319182554499,0.0,0.3438942979787512,0.05918315767786475,0.9999168873104757,0.9999218072203061,True,False,False,9.422890596990895e-17,7.699487997885983e-37,1.5709373242305933e-19,-5.3853914770618166e-30,0.0
0.1,1,29.0,2e-15,12,0.9000000000000001,0.5075771768883085,8.430077164781931e-05,1.0,0.3419113335327739,0.058361199887706584,0.0,0.341883265542054,0.058351111274450466,0.9999157027815624,0.9999206226757472,True,False,False,4.689073601463232e-17,7.549612468156142e-36,1.0171780655459305e-18,-9.243512290265227e-30,0.0
0.11,1,29.0,2e-15,12,0.89,0.5075771768883085,8.551090319337769e-05,1.0,0.3398898956508486,0.05753227741044052,0.0,0.33986144079463415,0.05752213451028213,0.9999144927527597,0.9999194123897638,True,False,False,1.4815244784860836e-16,9.113019954749784e-36,3.9418092736368434e-19,-2.1877545363708699e-41,0.0
0.12,1,29.0,2e-15,12,0.88,0.5075771768883085,8.674727544521883e-05,1.0,0.3378576119952635,0.056706485671073836,0.0,0.3378287636319177,0.0566962886795663,0.9999132564869909,0.999918175620123,True,False,False,8.741958772086961e-17,1.1102230246251565e-16,8.24688851921307e-19,-2.7641933999447775e-52,0.0
0.13,1,29.0,2e-15,12,0.87,0.5075771768883085,8.801065246476592e-05,1.0,0.3358144228616547,0.055883886568915894,0.0,0.33578517421367404,0.05587363569901884,0.9999119932203591,0.9999169115976783,True,False,False,2.059937656376736e-18,3.120937501433173e-36,3.3375913436959374e-19,-5.634354633351385e-35,0.0
0.14,1,29.0,2e-15,12,0.86,0.5075771768883085,8.930182632151958e-05,1.0,0.3337602688458345,0.05506454262453146,0.0,0.3337306129966452,0.055054238107151925,0.9999107021609679,0.9999156195251898,True,False,False,3.699812460312697e-17,3.773924613314954e-35,1.2773995776616173e-18,-2.3508943375780448e-35,0.0
0.15,1,29.0,2e-15,12,0.85,0.5075771768883085,9.062161833394852e-05,1.0,0.3316950908780316,0.05424851697867059,0.0,0.33166502076869847,0.05423815906321576,0.9999093824876809,0.9999142985760817,True,False,False,9.076234389529856e-17,3.0562853121379475e-36,2.7875451574093467e-19,-6.112988484118907e-30,0.0
0.16,1,29.0,2e-15,12,0.84,0.5075771768883085,9.197088037498518e-05,1.0,0.3296188302587102,0.053435873390831355,0.0,0.3295883386845653,0.05342546234577826,0.9999080333488167,0.9999129478931361,True,False,False,1.3593941022149321e-16,1.0770466989409209e-35,5.169512600160287e-19,-1.9159238915070796e-42,0.0
0.17,1,29.0,2e-15,12,0.83,0.5075771768883085,9.335049624599878e-05,1.0,0.3275314286960628,0.052626676237448156,0.0,0.3275005083032362,0.052616212350924445,0.999906653860776,0.9999115665871185,True,False,False,1.2968885860077096e-16,1.4631965931860424e-35,7.927007026139631e-19,-1.8199991468724673e-29,0.0
0.18,1,29.0,2e-15,12,0.8200000000000001,0.5075771768883085,9.476138312338027e-05,1.0,0.32543282834522275,0.051820990509677076,0.0,0.32540147162708644,0.05181047409005813,0.9999052431065947,0.9999101537353302,True,False,False,7.049610719405884e-18,3.6205226005326455e-36,1.7321700712693927e-19,-6.813944764035995e-30,0.0
0.19,1,29.0,2e-15,12,0.81,0.5075771768883085,9.620449308215776e-05,1.0,0.32332297184928793,0.051018881810764985,0.0,0.3232911711428044,0.051008313187286144,0.9999038001344217,0.9999087083800839,True,False,False,1.581902347794274e-17,7.2880649750981825e-37,9.6640065165903e-20,-1.1167440472278103e-33,0.0
0.2,1,29.0,2e-15,12,0.8,0.5075771768883085,9.768081470136598e-05,1.0,0.3212018023822316,0.05022041635298303,0.0,0.3211695498642032,0.05020979587636548,0.999902323955914,0.9999072295270981,True,False,False,5.916827543681026e-17,3.7792143378936543e-36,5.96897753432615e-19,-1.837012092057153e-29,0.0
0.21,1,29.0,2e-15,12,0.79,0.5075771768883085,9.91913747562188e-05,1.0,0.31906926369377786,0.04942566095409937,0.0,0.3190365513769977,0.04941498899719299,0.9999008135445455,0.9999057161438037,True,False,False,6.689643749522414e-17,2.088853461411205e-35,1.2246594657938297e-18,-1.3184337178248894e-29,0.0
0.22,1,29.0,2e-15,12,0.78,0.5075771768883085,0.00010073724000249187,1.0,0.3169253001563383,0.048634683033376265,0.0,0.3168921198856329,0.0486239599918157,0.9998992678338229,0.99990416715756,True,False,False,6.068199694127322e-17,1.1102230246251565e-16,7.361954141341927e-19,-3.2281713681908733e-40,0.0
0.23,1,29.0,2e-15,12,0.77,0.5075771768883085,0.00010231951905889978,1.0,0.3147698568140814,0.04784755060706064,0.0,0.3147362002622554,0.04783677689994063,0.9998976857154046,0.9999025814537709,True,False,False,6.705357368013849e-17,5.4072740137825225e-37,7.514546752810401e-20,-2.3554832066002156e-40,0.0
0.24,1,29.0,2e-15,12,0.76,0.5075771768883085,0.00010393936439366708,1.0,0.3126028794342545,0.04706433228335594,0.0,0.3125687380979182,0.04705350835391945,0.9998960660371149,0.999900957873898,True,False,False,2.791751676159581e-17,4.150670552753497e-35,1.4234588151336385e-18,-4.5378625585586157e-35,0.0
0.25,1,29.0,2e-15,12,0.75,0.5075771768883085,0.00010559797442193387,1.0,0.310424314560835,0.04628509725684108,0.0,0.31038967975612275,0.04627422357318578,0.9998944076008479,0.9998992952133642,True,False,False,1.997567194973107e-17,2.057115113939003e-37,1.578386842945064e-19,-2.4898770095842237e-46,0.0
0.26,1,29.0,2e-15,12,0.74,0.5075771768883085,0.00010729659572112038,1.0,0.30823410957062414,0.04550991530231784,0.0,0.30819897242879674,0.045498992358118766,0.9998927091603528,0.9998975922193363,True,False,False,3.554013167590157e-17,3.585257770007977e-36,5.215235084481018e-19,-6.730134127603617e-30,0.0
0.27,1,29.0,2e-15,12,0.73,0.5075771768883085,0.00010903652537188878,1.0,0.3060322127318921,0.04473885676805926,0.0,0.3059965641948186,0.04472788508330816,0.999890969418894,0.9998958475883851,True,False,False,7.094077515813779e-17,1.488763595316427e-35,1.1155358647073273e-18,-7.593916334929695e-30,0.0
0.28,1,29.0,2e-15,12,0.72,0.5075771768883085,0.00011081911343290913,1.0,0.30381857326568085,0.043971992568431484,0.0,0.30378240408120016,0.0439609726901935,0.9998891870267782,0.9998940599640105,True,False,False,1.895091658959399e-17,1.83964865903688e-36,2.7133824041704306e-19,-9.495078164989132e-53,0.0
0.29,1,29.0,2e-15,12,0.71,0.5075771768883085,0.00011264576555823455,1.0,0.3015931414098936,0.04320939417586217,0.0,0.30155644212704646,0.04319832667904998,0.9998873605787378,0.9998922279340241,True,False,False,1.5359397013319642e-16,1.1102230246251565e-16,1.5006507969987483e-19,-3.651149849102913e-46,0.0
0.3,1,29.0,2e-15,12,0.7,0.5075771768883085,0.00011451794576675848,1.0,0.2993558684862825,0.04245113361212654,0.0,0.2993186294504151,0.042440019100291666,0.9998854886111629,0.9998903500277796,True,False,False,5.985042258668147e-17,4.449246117862358e-36,4.55959783860964e-19,-7.807921055145431e-36,0.0
0.31,1,29.0,2e-15,12,0.69,0.5075771768883085,0.00011643717937393062,1.0,0.29710670697047187,0.04169728343892012,0.0,0.2970689183182076,0.0416861225450629,0.9998835695991714,0.9998884247132426,True,False,False,6.371141368583946e-17,6.629788138637702e-36,4.700909931690197e-19,-2.992539244979528e-29,0.0
0.32,1,29.0,2e-15,12,0.6799999999999999,0.5075771768883085,0.00011840505609668877,1.0,0.2948456105651571,0.04094791674769024,0.0,0.29480726221922415,0.04093671013508578,0.9998816019535053,0.9998864503938848,True,False,False,1.6973552972319392e-17,1.5869173736100881e-37,1.3616198595387803e-20,-1.9598474858893273e-35,0.0
0.33,1,29.0,2e-15,12,0.6699999999999999,0.5075771768883085,0.00012042323334339624,1.0,0.2925725342766027,0.04020310714868742,0.0,0.2925336159405288,0.040191855511732745,0.9998795840172431,0.9998844254053963,True,False,False,7.834627252483457e-17,3.408933617384634e-36,4.3234430959199705e-19,-2.2077992401039291e-29,0.0
0.34,1,29.0,2e-15,12,0.6599999999999999,0.5075771768883085,0.00012249343970149187,1.0,0.29028743449461464,0.03946292875921259,0.0,0.29024793564726875,0.039451632824289644,0.9998775140623136,0.999882348012198,True,False,False,6.141700087464727e-17,2.8799611595146044e-36,1.155708910674798e-19,-2.905071712279194e-52,0.0
0.35000000000000003,1,29.0,2e-15,12,0.6499999999999999,0.5075771768883085,0.0001246174786365409,1.0,0.28799026907612135,0.03872745619101756,0.0,0.2879501789661086,0.03871611671737574,0.999875390285799,0.9998802164037435,True,False,False,1.260466906501832e-17,1.1102230246251565e-16,5.135061335486976e-19,-9.857044904698196e-39,0.0
0.36,1,29.0,2e-15,12,0.64,0.5075771768883085,0.00012679723241746033,1.0,0.28568099743253866,0.03799676453682663,0.0,0.28564030507243837,0.037985382317483884,0.9998732108060119,0.9998780286905959,True,False,False,2.7963133353640584e-17,1.6574470346594254e-36,3.948623577977178e-19,-2.2578202593005864e-29,0.0
0.37,1,29.0,2e-15,12,0.63,0.5075771768883085,0.00012903466628385444,1.0,0.2833595806210833,0.03727092935594203,0.0,0.2833182747815307,0.03725950521860454,0.9998709736583307,0.9998757829002622,True,False,False,9.221205579720152e-17,5.289724578700294e-37,1.0676620336783138e-18,-3.999310851087466e-29,0.0
0.38,1,29.0,2e-15,12,0.62,0.5075771768883085,0.00013133183287267718,1.0,0.2810259814402196,0.03655002665889353,0.0,0.2809840506438224,0.03653856146689421,0.999868676790775,0.9998734769727676,True,False,False,1.1929944295358115e-16,4.408103815583578e-37,5.406862423081904e-19,-4.190217951938115e-29,0.0
0.39,1,29.0,2e-15,12,0.61,0.5075771768883085,0.0001336908769228226,1.0,0.2786801645294273,0.03583413289109276,0.0,0.27863759704451224,0.035822627544349187,0.9998663180593043,0.9998711087559542,True,False,False,8.613351400884271e-17,1.1102230246251565e-16,5.461722508679251e-19,-2.5041841358437972e-29,0.0
0.4,1,29.0,2e-15,12,0.6,0.5075771768883085,0.000136114040277762,1.0,0.27632209647348077,0.03512332491545227,0.0,0.2762788803076696,0.03511178035144291,0.9998638952228179,0.9998686760004801,True,False,False,1.1387628730156304e-16,2.8799611595146044e-36,2.766558431911158e-19,-1.366461678054451e-29,0.0
0.41000000000000003,1,29.0,2e-15,12,0.59,0.5075771768883085,0.00013860366720799765,1.0,0.2739517459114563,0.034417679993924165,0.0,0.27390786880506146,0.03440609718868399,0.9998614059378366,0.9998661763545005,True,False,False,3.0814948969275165e-17,2.362743645152798e-36,1.4007211452896995e-19,-5.993003961017879e-35,0.0
0.42,1,29.0,2e-15,12,0.5800000000000001,0.5075771768883085,0.00014116221007690736,1.0,0.2715690836506791,0.03371727576791643,0.0,0.2715245330699153,0.03370565573705115,0.9998588477528391,0.9998636073580043,True,False,False,6.936976198172796e-17,2.1041348879718946e-36,7.94456471563587e-20,-1.041116794277308e-34,0.0
0.43,1,29.0,2e-15,12,0.5700000000000001,0.5075771768883085,0.00014379223537552951,1.0,0.2691740827858355,0.033022190237539335,0.0,0.26912884591584385,0.03301053403725864,0.9998562181022325,0.9998609664367837,True,False,False,7.656733859876803e-17,1.5281426560689738e-37,3.9471291530205405e-19,-3.877665549272417e-34,0.0
0.44,1,29.0,2e-15,12,0.56,0.5075771768883085,0.00014649643015399077,1.0,0.2667667188234946,0.03233250173963463,0.0,0.2667207825611718,0.03232081046780527,0.9998535142999241,0.9998582508960069,True,False,False,6.886093498767429e-17,3.095076625715083e-35,1.2547051972732388e-18,-4.009248211058671e-29,0.0
0.45,1,29.0,2e-15,12,0.55,0.5075771768883085,0.0001492776088796472,1.0,0.2643469698122897,0.03164828892454299,0.0,0.2643003207589139,0.031636563721757625,0.9998507335324682,0.999855457913364,True,False,False,6.362756322553278e-17,1.250725989274914e-35,7.460970979018852e-19,-5.653296831686427e-40,0.0
0.46,1,29.0,2e-15,12,0.54,0.5075771768883085,0.00015213872075459212,1.0,0.26191481647901144,0.030969630731548986,0.0,0.2618674409326677,0.030957872782217028,0.9998478728517537,0.9998525845317554,True,False,False,6.659673915960272e-17,6.817867234769268e-36,8.667164465480172e-19,-3.3470086993152966e-40,0.0
0.47000000000000003,1,29.0,2e-15,12,0.53,0.5075771768883085,0.0001550828575280236,1.0,0.25947024237090704,0.03029660636296313,0.0,0.259422126318696,0.03028481689641771,0.9998449291671967,0.9998496276514849,True,False,False,6.927677401266569e-17,4.502143363649361e-36,7.015669943475081e-19,-2.2748508396076853e-34,0.0
0.48,1,29.0,2e-15,12,0.52,0.5075771768883085,0.00015811326184208077,1.0,0.25701323400445886,0.029629295256779275,0.0,0.25696436311449017,0.029617475548402192,0.999841899237401,0.9998465840219201,True,False,False,8.473183997098402e-17,5.172175143618065e-37,7.899985468613025e-20,-1.3856100530092236e-29,0.0
0.49,1,29.0,2e-15,12,0.51,0.5075771768883085,0.00016123333615317292,1.0,0.2545437810209578,0.02896777705785318,0.0,0.25449414063411707,0.02895592843021779,0.9998387796612426,0.9998434502325786,True,False,False,5.8573259782800924e-18,1.4987552972984166e-35,8.577261864614043e-19,-1.7270800600843412e-36,0.0
0.5,1,29.0,2e-15,12,0.5,0.5075771768883085,0.0001644466522745944,1.0,0.2520618763491814,0.028312131587544753,0.0,0.252011451470669,0.028300255411576786,0.999835566868335,0.9998402227035933,True,False,False,6.036162469849185e-17,4.252938561275036e-35,1.414666049694399e-18,-9.366041405561107e-30,0.0
0.51,1,29.0,2e-15,12,0.49,0.5075771768883085,0.00016775696159034882,1.0,0.24956751637552316,0.027662438811766756,0.0,0.24951629166615322,0.027650536507920338,0.999832257108822,0.9998368976755072,True,False,False,5.596272817385978e-17,1.4670169498262148e-35,1.0969491943505396e-18,-4.2527461916855114e-30,0.0
0.52,1,29.0,2e-15,12,0.48,0.5075771768883085,0.00017116820599466926,1.0,0.24706070112191586,0.027018778807374272,0.0,0.24700866088917217,0.0270068518468249,0.999828846442447,0.9998334711983435,True,False,False,5.602694934040768e-17,2.0453601704307803e-35,7.480717076701054e-19,-6.434518591645019e-35,0.0
0.53,1,29.0,2e-15,12,0.47,0.5075771768883085,0.0001746845296167415,1.0,0.24454143443192633,0.026381231726835413,0.0,0.24448856262076699,0.02636928163268788,0.9998253307268373,0.9998299391198923,True,False,False,6.682698774812908e-17,3.644032487549091e-36,4.338199545289773e-19,-7.959826860129709e-40,0.0
0.54,1,29.0,2e-15,12,0.45999999999999996,0.5075771768883085,0.00017831029139568833,1.0,0.2420097241654057,0.02574987776111487,0.0,0.24195600434881095,0.025737906109626833,0.9998217056049394,0.9998262970731464,True,False,False,1.4051509487818615e-16,6.112570624275895e-37,5.91669194319854e-19,-5.299847616294469e-30,0.0
0.55,1,29.0,2e-15,12,0.44999999999999996,0.5075771768883085,0.00018205007857698897,1.0,0.23946558240211271,0.025124797100706926,0.0,0.23941099777136407,0.025112805522525178,0.999817966491533,0.9998225404628194,True,False,False,5.60139412414861e-17,2.7036370068912613e-37,2.3626048895839663e-20,-3.976046908990667e-30,0.0
0.56,1,29.0,2e-15,12,0.43999999999999995,0.5075771768883085,0.00018590872120828792,1.0,0.23690902565472902,0.02450606989474503,0.0,0.23685355900941926,0.024494060076155098,0.9998141085587472,0.9998186644508632,True,False,False,6.01906104210192e-17,2.832941385481713e-36,1.767005580716735e-19,-1.751573152847337e-29,0.0
0.5700000000000001,1,29.0,2e-15,12,0.42999999999999994,0.5075771768883085,0.00018989130772003706,1.0,0.23434007509173188,0.023893776208118105,0.0,0.2342837088294924,0.023881749892306313,0.9998101267204932,0.9998146639409037,True,False,False,9.347856994172673e-18,5.054625708535836e-37,1.060702700583316e-18,-1.7922407181589232e-29,0.0
0.58,1,29.0,2e-15,12,0.42000000000000004,0.5075771768883085,0.00019400320168471978,1.0,0.23175875677059124,0.023287995976522056,0.0,0.23170147287653198,0.02327595496484721,0.9998060156157195,0.9998105335614997,True,False,False,2.6972128773760678e-17,0.0,4.807097649289381e-20,-3.0140440435520617e-40,0.0
0.59,1,29.0,2e-15,12,0.41000000000000003,0.5075771768883085,0.00019825005985762078,1.0,0.22916510188179737,0.02268880895936779,0.0,0.2291068819176502,0.02267675511264315,0.9998017695903869,0.9998062676481212,True,False,False,7.187548930207955e-17,1.2695338988880705e-36,5.485235796447749e-20,-8.581352149171776e-46,0.0
0.6,1,29.0,2e-15,12,0.4,0.5075771768883085,0.00020263785161232063,1.0,0.22655914700424493,0.02209629469047184,0.0,0.22649997209720318,0.022084229930254537,0.9997973826780504,0.9998018602237351,True,False,False,6.586569519045167e-17,5.8774717541114375e-37,5.363752112134519e-19,-3.93751920571538e-30,0.0
0.61,1,29.0,2e-15,12,0.39,0.5075771768883085,0.00020717287989547488,1.0,0.22394093437252854,0.02151053242644811,0.0,0.22388078520377447,0.02149845873633496,0.9997928485789237,0.9997973049778746,True,False,False,1.4796410231995965e-16,1.88079096131566e-36,3.0492218711576895e-19,-3.0395608962669348e-52,0.0
0.62,1,29.0,2e-15,12,0.38,0.5075771768883085,0.00021186180383807494,1.0,0.2213105121567357,0.020931601092719982,0.0,0.22124936894964672,0.02091952051964813,0.999788160637289,0.9997925952440537,True,False,False,8.849228512055784e-17,1.1102230246251565e-16,8.026733632871655e-19,-1.526174876294655e-64,0.0
0.63,1,29.0,2e-15,12,0.37,0.5075771768883085,0.00021671166317448415,1.0,0.21866793475535254,0.020359579227070452,0.0,0.218605777263377,0.020347493882619905,0.9997833118171018,0.9997877239753776,True,False,False,6.045371781439024e-17,5.383764126766077e-36,1.6544079376912784e-19,-1.6580673095912734e-34,0.0
0.64,1,29.0,2e-15,12,0.36,0.5075771768883085,0.000221729904636264,1.0,0.21601326310192567,0.019794544920642483,0.0,0.2159500705961237,0.019782456982340164,0.9997782946756223,0.9997826837181799,True,False,False,1.3113028119384821e-17,5.8774717541114375e-37,6.350428975843515e-19,-1.7082166122988366e-51,0.0
0.65,1,29.0,2e-15,12,0.35,0.5075771768883085,0.00022692441050534853,1.0,0.21334656498617513,0.019236575756305746,0.0,0.21328231624240884,0.019224487468926785,0.9997731013348913,0.999777466583505,True,False,False,8.602316164742573e-17,3.0445303686297246e-35,1.4886553954803697e-18,-2.885527645648286e-29,0.0
0.66,1,29.0,2e-15,12,0.33999999999999997,0.5075771768883085,0.00023230352953076201,1.0,0.2106679153902627,0.01868574874429724,0.0,0.2106025886760346,0.01867366242116257,0.9997677234508449,0.9997720642162301,True,False,False,1.1528609879401362e-17,1.1102230246251565e-16,7.658442843732491e-20,-5.209536157392876e-52,0.0
0.67,1,29.0,2e-15,12,0.32999999999999996,0.5075771768883085,0.00023787611043503458,1.0,0.2079773968409891,0.018142140255047644,0.0,0.207910969901913,0.01813005827931392,0.9997621521798437,0.9997664677616025,True,False,False,6.630737948132298e-17,1.1102230246251565e-16,7.54258206142016e-19,-3.0504254916877148e-40,0.0
0.68,1,29.0,2e-15,12,0.31999999999999995,0.5075771768883085,0.0002436515382611066,1.0,0.20527509977870995,0.017605825949099162,0.0,0.20520754982460823,0.01759375077503829,0.9997563781423643,0.9997606678289391,True,False,False,6.42103191116543e-17,2.522610876864629e-35,1.798863130238734e-18,-6.150835633008709e-50,0.0
0.6900000000000001,1,29.0,2e-15,12,0.30999999999999994,0.5075771768883085,0.00024963977383815156,1.0,0.20256112294381565,0.01707688070401987,0.0,0.20249242663443606,0.01706481485828588,0.9997503913835775,0.9997546544522142,True,False,False,7.022946476095867e-17,1.7961553680564553e-35,1.942005266988896e-18,-1.8514526562221875e-57,0.0
0.7000000000000001,1,29.0,2e-15,12,0.29999999999999993,0.5075771768883085,0.00025585139667581446,1.0,0.19983557378167163,0.016555378538221685,0.0,0.19976570721200873,0.01654332462109943,0.9997441813305016,0.9997484170472231,True,False,False,9.967929197579325e-17,3.92615113174644e-36,3.367434231316209e-19,-1.7855372955002499e-40,0.0
0.71,1,29.0,2e-15,12,0.29000000000000004,0.5075771768883085,0.00026229765163132994,1.0,0.19709856886694793,0.016041392531581492,0.0,0.19702750755216464,0.016029353218214595,0.9997377367453902,0.9997419443649802,True,False,False,1.5532060698264393e-16,2.5531737299860085e-35,1.3364840639126309e-18,-1.7852642523046756e-29,0.0
0.72,1,29.0,2e-15,12,0.28,0.5075771768883085,0.0002689904997333988,1.0,0.1943502343483338,0.01553499474276807,0.0,0.19427795320827204,0.015522972784362049,0.9997310456749674,0.9997352244409666,True,False,False,5.706212078584607e-17,1.1102230246251565e-16,3.1983010508151353e-19,-3.7692963791103532e-34,0.0
0.73,1,29.0,2e-15,12,0.27,0.5075771768883085,0.0002759426735911668,1.0,0.19159070641468398,0.01503625612317709,0.0,0.19151717975795557,0.0150242543481717,0.9997240953950867,0.9997282445398021,True,False,False,1.6625095568603145e-16,1.6362881363446242e-35,1.7909881997742114e-18,-1.4864110467376488e-29,0.0
0.74,1,29.0,2e-15,12,0.26,0.5075771768883085,0.00028316773786694666,1.0,0.188820131783699,0.014545246427371036,0.0,0.18874533329134438,0.01453326774257794,0.9997168723503329,0.9997209910948605,True,False,False,5.765323182514088e-17,1.0203290965137456e-35,9.675626953321785e-19,-5.0688845535156496e-39,0.0
0.75,1,29.0,2e-15,12,0.25,0.5075771768883085,0.00029068015534822525,1.0,0.1860386682142988,0.014062034119924342,0.0,0.18596257092301313,0.014050081511625089,0.999709362088035,0.9997134496422975,True,False,False,8.408847513338216e-17,3.2161525438497786e-35,2.7274313551764683e-18,-9.619590311966717e-35,0.0
0.76,1,29.0,2e-15,12,0.24,0.5075771768883085,0.0002984953592190413,1.0,0.18324648504393776,0.013586686278574348,0.0,0.18316906132884267,0.013574762813570932,0.9997015491860884,0.9997056047488898,True,False,False,9.881233407891818e-17,2.0124463286077562e-35,1.0177412793355296e-18,-4.267024024085695e-29,0.0
0.77,1,29.0,2e-15,12,0.22999999999999998,0.5075771768883085,0.0003066298322041023,1.0,0.18044376375214324,0.01311926849357364,0.0,0.1803649853091058,0.013107377320187142,0.9996934171739182,0.9996974399330151,True,False,False,1.508352944830569e-17,4.796016951354933e-36,8.239931058436333e-19,-1.3691819061574086e-28,0.0
0.78,1,29.0,2e-15,12,0.21999999999999997,0.5075771768883085,0.0003151011933423684,1.0,0.1776306985516634,0.012659844763144966,0.0,0.17755053637914994,0.012647989112154897,0.9996849484458248,0.9996889375780171,True,False,False,1.4340197931859774e-16,1.1102230246251565e-16,1.1961359096993617e-18,-1.4737482707440885e-28,0.0
0.79,1,29.0,2e-15,12,0.20999999999999996,0.5075771768883085,0.00032392829324181453,1.0,0.17480749700867934,0.012208477384939248,0.0,0.17472592138913412,0.012196660570455492,0.9996761241658633,0.9996800788371056,True,False,False,5.579515977725648e-17,3.756879945228031e-35,1.9163473621710907e-18,-1.0690595146108665e-29,0.0
0.8,1,29.0,2e-15,12,0.19999999999999996,0.5075771768883085,0.00033313131877547755,1.0,0.17197438069361135,0.01176522684339558,0.0,0.17189136117435486,0.011753452263656334,0.9996669241633012,0.9996708435288352,True,False,False,4.60649410721137e-17,6.046742940629847e-35,3.1318220107492473e-18,-9.221540029070014e-29,0.0
0.81,1,29.0,2e-15,12,0.18999999999999995,0.5075771768883085,0.00034273190830284665,1.0,0.16913158586415553,0.011330151692909761,0.0,0.16904709123779083,0.01131842283099497,0.9996573268175684,0.9996612100220794,True,False,False,5.4043388989317055e-18,1.1754943508222875e-36,1.4818392107007849e-19,-3.1344833273979566e-40,0.0
0.8200000000000001,1,29.0,2e-15,12,0.17999999999999994,0.5075771768883085,0.00035275327864260923,1.0,0.16627936418225922,0.010903308436712465,0.0,0.1661933624665844,0.010891628861165655,0.99964730893148,0.9996511551092792,True,False,False,6.0980810973896e-17,1.7021158199906723e-35,7.268449258195277e-19,-5.88193044494337e-29,0.0
0.8300000000000001,1,29.0,2e-15,12,0.16999999999999993,0.5075771768883085,0.000363220365185683,1.0,0.16341798346686917,0.010484751401369728,0.0,0.16333044188428444,0.010473124766716385,0.9996368455913454,0.9996406538665783,True,False,False,3.214858444265296e-17,1.4011892661801667e-35,1.7548313676386412e-18,-7.443760826845016e-34,0.0
0.84,1,29.0,2e-15,12,0.16000000000000003,0.5075771768883085,0.0003741599767247651,1.0,0.1605477284843724,0.01007453260681485,0.0,0.1604586134407764,0.010062962653967542,0.99962591001239,0.9996296794992756,True,False,False,1.5785430276050552e-16,1.4341031080031908e-35,2.4871379676493235e-18,-2.841491694726011e-28,0.0
0.85,1,29.0,2e-15,12,0.15000000000000002,0.5075771768883085,0.0003856009667924007,1.0,0.15766890177877166,0.009672701631829799,0.0,0.1575781788419445,0.009661192188368292,0.9996144733677056,0.9996182031708063,True,False,False,2.853258157725006e-17,1.1102230246251565e-16,7.453120152323348e-20,-2.2686112310849112e-39,0.0
0.86,1,29.0,2e-15,12,0.14,0.5075771768883085,0.0003975744235486481,1.0,0.15478182454376252,0.009279305474898055,0.0,0.15468945842122822,0.009267860455211992,0.9996025045986897,0.9996061938132148,True,False,False,1.6680028244160048e-17,1.8901949161222383e-35,1.0681947242879906e-18,-7.265536095568742e-39,0.0
0.87,1,29.0,2e-15,12,0.13,0.5075771768883085,0.00041011388054752263,1.0,0.1518868375390009,0.008894388410358032,0.0,0.15179279205536553,0.008883011815638336,0.9995899702046548,0.9995936179168009,True,False,False,1.0577827389299273e-16,4.2787994369931265e-35,1.788898974074772e-18,-6.418210640523452e-29,0.0
0.88,1,29.0,2e-15,12,0.12,0.5075771768883085,0.00042325555104536904,1.0,0.14898430205298976,0.008517991839792715,0.0,0.14888854012675415,0.008506687757857767,0.9995768340089494,0.9995804392962793,True,False,False,5.587952989777818e-17,1.1102230246251565e-16,2.8205015430064796e-18,-2.230471146805994e-29,0.0
0.89,1,29.0,2e-15,12,0.10999999999999999,0.5075771768883085,0.0004370385889023039,1.0,0.14607460091516028,0.008150154138601031,0.0,0.14597708453500632,0.008138926743542316,0.9995630568985507,0.9995666188304148,True,False,False,7.698076455644622e-17,9.07481638834806e-35,2.8490047881778745e-18,-5.114939662638943e-29,0.0
0.9,1,29.0,2e-15,12,0.09999999999999998,0.5075771768883085,0.0004515053795796342,1.0,0.14315813955988188,0.007790910497707625,0.0,0.14305882976043047,0.00777976404933734,0.9995485965336356,0.9995521141716371,True,False,False,2.082826122890471e-17,1.1102230246251565e-16,4.3317160806423717e-19,-2.723775641809244e-33,0.0
0.91,1,29.0,2e-15,12,0.08999999999999997,0.5075771768883085,0.00046670186526342187,1.0,0.14023534714529473,0.007440292760376896,0.0,0.1401342039823387,0.007429231603460475,0.999533407023112,0.9995368794216214,True,False,False,7.366818515592669e-18,3.949661018762886e-36,2.0032734079222544e-19,-2.475389148415229e-28,0.0
0.92,1,29.0,2e-15,12,0.07999999999999996,0.5075771768883085,0.0004826779087611976,1.0,0.13730667773004218,0.007098329254113667,0.0,0.13720366025525815,0.007087357817367755,0.9995174385614807,0.9995208647682008,True,False,False,1.3623307437256226e-16,5.64237288394698e-37,4.886803684815717e-19,-9.839567851015649e-35,0.0
0.93,1,29.0,2e-15,12,0.06999999999999995,0.5075771768883085,0.0004994877015422985,1.0,0.1343726115111673,0.006765044617646752,0.0,0.13426767774631115,0.006754167412481989,0.9995006370216729,0.9995040160782598,True,False,False,7.888478425554744e-17,9.497994354644083e-36,5.149656167810984e-19,-3.371391116495677e-28,0.0
0.9400000000000001,1,29.0,2e-15,12,0.05999999999999995,0.5075771768883085,0.000517190222142941,1.0,0.1314336561266412,0.006440459623010021,0.0,0.13132676303723553,0.00642968124199657,0.9994829434976662,0.9994862744404093,True,False,False,6.64996485403703e-17,3.009265538105056e-35,1.9405319516320617e-18,-2.684011101819364e-28,0.0
0.9500000000000001,1,29.0,2e-15,12,0.04999999999999993,0.5075771768883085,0.0005358497521600253,1.0,0.1284903480262044,0.006124590992755089,0.0,0.1283814514947287,0.006113916107787397,0.9994642937896783,0.9994675756502438,True,False,False,3.247367770553099e-17,4.7866129965483547e-35,1.5704565130460957e-18,-2.3577604798865274e-39,0.0
0.96,1,29.0,2e-15,12,0.040000000000000036,0.5075771768883085,0.0005555364582432179,1.0,0.12554325391443627,0.005817451212353357,0.0,0.1254323087130334,0.005806884572488508,0.999444617823564,0.9994478496298065,True,False,False,8.20892099730547e-17,1.88079096131566e-37,5.0406971904269446e-20,-3.610229976882481e-28,0.0
0.97,1,29.0,2e-15,12,0.03000000000000003,0.5075771768883085,0.0005763270499003795,1.0,0.12259297227021282,0.00551904833786965,0.0,0.12247993203292726,0.005508594766812257,0.9994238389946336,0.9994270197714804,True,False,False,7.442925471154986e-17,1.4011892661801667e-35,1.6954654102650618e-18,-2.0357441622235547e-33,0.0
0.98,1,29.0,2e-15,12,0.020000000000000018,0.5075771768883085,0.0005983055246024471,1.0,0.1196401349469738,0.005229385799019063,0.0,0.11952495214154536,0.005219050192223807,0.9994018734244574,0.9994050021948713,True,False,False,1.7819620273996978e-17,1.1660903960157092e-35,2.421109198942327e-18,-1.2867728648296344e-28,0.0
0.99,1,29.0,2e-15,12,0.010000000000000009,0.5075771768883085,0.0006215640136668136,1.0,0.11668540885851131,0.00494846219775163,0.0,0.11656803475774434,0.004938249519111685,0.9993786291172283,0.9993817049032534,True,False,False,9.169121708647055e-17,1.128474576789396e-36,1.318574192271932e-19,-7.681295206218078e-33,0.0
1.0,1,29.0,2e-15,12,0.0,0.5075771768883085,0.0006462037447822879,1.0,0.11372949775528002,0.004676271102544019,0.0,0.11360988240802115,0.004666186380632561,0.9993540049998914,0.9993570268237895,True,False,False,2.1011236383462395e-17,1.504632769052528e-36,1.1327371961634e-19,-6.483276499865849e-29,0.0
1.01,1,29.0,2e-15,12,-0.010000000000000009,0.5075771768883085,0.0006723361399000439,1.0,0.11077314409656644,0.004412800838620119,0.0,0.11065123629832224,0.004402849162448808,0.9993278898273976,0.9993308567128796,True,False,False,2.6170575043032267e-17,3.76158192263132e-37,6.1819668518275e-20,-3.8116002450270217e-29,0.0
1.02,1,29.0,2e-15,12,-0.020000000000000018,0.5075771768883085,0.000700084070660569,1.0,0.10781713102418984,0.004158034274366401,0.0,0.10769287828742577,0.004148220788622764,0.9993001609310151,0.9993030719045759,True,False,False,2.320547669669242e-17,1.504632769052528e-36,1.2947696323197983e-19,-8.070527231908006e-29,0.0
1.03,1,29.0,2e-15,12,-0.03000000000000003,0.5075771768883085,0.0007295832976902754,1.0,0.10486228444378506,0.0039119486042594985,0.0,0.1047356329679506,0.003902278503982317,0.9992706827834905,0.9992735368758536,True,False,False,4.3725621891517697e-17,1.1102230246251565e-16,1.1594438984227443e-18,-7.218287110520679e-34,0.0
1.04,1,29.0,2e-15,12,-0.040000000000000036,0.5075771768883085,0.000760984125151008,1.0,0.10190947522010994,0.003674515128679879,0.0,0.10178036986144398,0.003664993653328903,0.9992393053498351,0.9992421015975156,True,False,False,6.377043980712811e-18,2.1817175151261656e-35,9.47364398838107e-19,-1.750596483560827e-44,0.0
1.05,1,29.0,2e-15,12,-0.050000000000000044,0.5075771768883085,0.0007944533080725827,1.0,0.0989596214932511,0.003445699031048946,0.0,0.09882800573442677,0.0034363314579221333,0.9992058621864027,0.9992085996333966,True,False,False,8.661769457277464e-17,3.423039549594501e-35,1.354521398445797e-18,-4.860761828314637e-29,0.0
1.06,1,29.0,2e-15,12,-0.06000000000000006,0.5075771768883085,0.0008301762575104396,1.0,0.09601369112305218,0.003225459152796893,0.0,0.095879507042733,0.00321625078974547,0.99917016824346,0.9991728459430683,True,False,False,7.100947581005867e-17,1.974830509381443e-35,6.6410200997272225e-19,-2.9011148877275565e-29,0.0
1.07,1,29.0,2e-15,12,-0.07000000000000006,0.5075771768883085,0.0008683595977877914,1.0,0.09307270426958819,0.0030137477667475637,0.0,0.09293589251197162,0.003004703944135529,0.9991320173173006,0.9991346343340992,True,False,False,2.9367563074996132e-18,8.35071186824153e-35,3.539956417143654e-18,-6.972887060384058e-28,0.0
1.08,1,29.0,2e-15,12,-0.08000000000000007,0.5075771768883085,0.0009092341414392176,1.0,0.09013773611802663,0.002810510349593384,0.0,0.08999823586246644,0.0028016364114446224,0.9990911790866729,0.9990937344986376,True,False,False,6.901702183954657e-17,4.513898307157584e-36,1.6372482442227884e-19,-6.253408608188294e-50,0.0
1.09,1,29.0,2e-15,12,-0.09000000000000008,0.5075771768883085,0.0009530583615288946,1.0,0.08720991975678874,0.0026156853542303646,0.0,0.0870676686875976,0.002606986648502868,0.9990473956543453,0.9990498885551433,True,False,False,9.083256035279603e-17,3.949661018762886e-35,1.2710503800700823e-18,-5.503395375926977e-28,0.0
1.1,1,29.0,2e-15,12,-0.10000000000000009,0.5075771768883085,0.0010001224584925154,1.0,0.08429044921853,0.0024292039828312196,0.0,0.08414538349507583,0.0024206858507535398,0.9990003774972872,0.9990028069987467,True,False,False,1.520269812615065e-16,1.9936384189945996e-35,8.508458029241524e-19,-4.702714131421049e-28,0.0
1.11,1,29.0,2e-15,12,-0.1100000000000001,0.5075771768883085,0.0010507531404831336,1.0,0.08138058269411193,0.0022509899616535633,0.0,0.08123263692133748,0.002242657726054797,0.9989497987072958,0.9989521639420672,True,False,False,9.715482673451646e-17,5.64237288394698e-36,1.0645904980381558e-18,-4.116229591930059e-28,0.0
1.12,1,29.0,2e-15,12,-0.12000000000000012,0.5075771768883085,0.0011053192636090224,1.0,0.07848164593044064,0.0020809593187135172,0.0,0.07833075312995207,0.0020728182712732982,0.9988952913767233,0.998897591501145,True,False,False,5.589523549002811e-17,1.1102230246251565e-16,3.874528804517335e-18,-1.3647039151703981e-33,0.0
1.1300000000000001,1,29.0,2e-15,12,-0.13000000000000012,0.5075771768883085,0.0011642385130399932,1.0,0.07559503582380693,0.0019190201656018944,0.0,0.07544112740569345,0.0019110755529423045,0.9988364389496828,0.9988386731468669,True,False,False,7.416178965200135e-17,6.319457630020618e-35,3.0325070735288867e-18,-1.5372987206423605e-33,0.0
1.1400000000000001,1,29.0,2e-15,12,-0.14000000000000012,0.5075771768883085,0.0012279853498464444,1.0,0.07272222422117246,0.0017650724848836197,0.0,0.07256522995674086,0.0017573294934198583,0.998772768315635,0.9987749357987878,True,False,False,4.0130114207782525e-17,1.128474576789396e-35,7.250965660379622e-19,-3.872737344372148e-44,0.0
1.1500000000000001,1,29.0,2e-15,12,-0.15000000000000013,0.5075771768883085,0.001297100504440418,1.0,0.06986476194273049,0.001619007924702194,0.0,0.06970460993835875,0.001611471664163625,0.9987037403668148,0.9987058403828106,True,False,False,5.776794643225293e-17,3.009265538105056e-36,2.73930948071357e-19,-2.456836925154103e-33,0.0
1.16,1,29.0,2e-15,12,-0.15999999999999992,0.5075771768883085,0.001372202369382632,1.0,0.0670242830400107,0.0014807096024118964,0.0,0.06686089971235007,0.0014733850879394422,0.9986287386698074,0.9986307705030322,True,False,False,7.036903479126388e-18,8.57640678359941e-35,3.276896388273429e-18,-4.329671328627708e-28,0.0
1.17,1,29.0,2e-15,12,-0.16999999999999993,0.5075771768883085,0.0014540007371901015,1.0,0.0642025093048188,0.0013500519192826996,0.0,0.06403581935760175,0.00134294405200302,0.9985470558097463,0.9985490187862323,True,False,False,7.411887756380991e-17,4.513898307157584e-36,4.653780311555785e-19,-5.7521886698033367e-33,0.0
1.18,1,29.0,2e-15,12,-0.17999999999999994,0.5075771768883085,0.00154331344953443,1.0,0.06140125504540667,0.0012269003885702454,0.0,0.06123118144814584,0.0012200139345407471,0.9984578768462554,0.9984597703381264,True,False,False,1.3818189888534503e-16,3.6863502841786936e-35,1.650230497822735e-18,-3.729030787757568e-40,0.0
1.19,1,29.0,2e-15,12,-0.18999999999999995,0.5075771768883085,0.0016410866823189547,1.0,0.05862243214744936,0.0011111114795160138,0.0,0.05844889611634804,0.0011044510469286166,0.998360259164113,0.9983620825943645,True,False,False,1.2255310734034047e-16,9.027796614315168e-36,4.457649541178731e-19,-1.7084998384765613e-28,0.0
1.2,1,29.0,2e-15,12,-0.19999999999999996,0.5075771768883085,0.0017484197996159878,1.0,0.055868055438695025,0.0010025324801463005,0.0,0.05569097642012594,0.0009961024946712046,0.9982531077958594,0.9982548606434974,True,False,False,6.422043592644246e-17,3.009265538105056e-36,4.0226158065505765e-18,-2.0122520132536865e-27,0.0
1.21,1,29.0,2e-15,12,-0.20999999999999996,0.5075771768883085,0.0018665959865028679,1.0,0.053140248377536836,0.0009010013820742358,0.0,0.052959544034486786,0.0008948060602180551,0.9981351450203649,0.9981368268259285,True,False,False,5.247831632437364e-17,1.1102230246251565e-16,2.4223492528090505e-18,-1.0545328030064542e-27,0.0
1.22,1,29.0,2e-15,12,-0.21999999999999997,0.5075771768883085,0.0019971202419766993,1.0,0.05044124908725673,0.0008063467908811758,0.0,0.050256835289180846,0.0008003901112267834,0.9980048726757342,0.9980064830472324,True,False,False,1.330622611809721e-17,2.7083389842945504e-35,4.7635494619371915e-18,-5.766697623464297e-28,0.0
1.23,1,29.0,2e-15,12,-0.22999999999999998,0.5075771768883085,0.0021417668145379946,1.0,0.04777341675931189,0.0007183878660662994,0.0,0.047585207575890666,0.0007126735382542935,0.9978605251314426,0.9978620637507342,True,False,False,7.41282280931275e-17,7.52316384526264e-37,3.267418514232221e-19,-6.798020228576838e-44,0.0
1.24,1,29.0,2e-15,12,-0.24,0.5075771768883085,0.0023026388465353102,1.0,0.04513923845079003,0.0006369342950100756,0.0,0.04494714615014053,0.0006314657263143806,0.9977000101926432,0.9977014768222936,True,False,False,1.51924480590017e-16,1.8055593228630336e-35,1.229737319662686e-18,-1.0045872416727127e-54,0.0
1.25,1,29.0,2e-15,12,-0.25,0.5075771768883085,0.0024822439339581364,1.0,0.04254133630306226,0.0005617863059039333,0.0,0.04234527135501483,0.0005565665652462971,0.9975208342860247,0.9975222287766747,True,False,False,6.574168111665529e-17,1.1102230246251565e-16,3.1248491917833247e-18,-1.795228683842654e-27,0.0
1.26,1,29.0,2e-15,12,-0.26,0.5075771768883085,0.0026835906158118542,1.0,0.03998247521072103,0.0004927347251598713,0.0,0.039782346295843804,0.0004877665044002809,0.997320006994594,0.9973213292928785,True,False,False,7.2520484562917e-18,1.504632769052528e-36,1.0288274834462313e-18,-1.2731310338634602e-31,0.0
1.27,1,29.0,2e-15,12,-0.27,0.5075771768883085,0.0029103126440167353,1.0,0.03746557097212454,0.00042956108543620007,0.0,0.037261284997254784,0.00042484665776841633,0.9970939182104612,0.9970951683675195,True,False,False,1.0011255566484498e-16,7.222237291452134e-35,3.574705044296213e-18,-2.580930690320359e-27,0.0
1.28,1,29.0,2e-15,12,-0.28,0.5075771768883085,0.003166830494546068,1.0,0.0349936989552942,0.000372037791105907,0.0,0.03478516107642068,0.0003675789663794823,0.9968381786240729,0.9968393568046948,True,False,False,9.834500980213442e-17,1.1102230246251565e-16,2.5109811188991696e-19,-9.594787501641014e-28,0.0
1.29,1,29.0,2e-15,12,-0.29000000000000004,0.5075771768883085,0.0034585633332040754,1.0,0.03257010331554085,0.0003199283487595096,0.0,0.03235721696897709,0.0003157264255420135,0.9965474106078918,0.9965485171003481,True,False,False,8.098177198594409e-17,2.1064858766735392e-35,2.0979045134310013e-18,-1.037969996961846e-27,0.0
1.3,1,29.0,2e-15,12,-0.30000000000000004,0.5075771768883085,0.0037922101146288037,1.0,0.03019820680405476,0.0002729876711835255,0.0,0.029980873746949317,0.0002690433853692066,0.9962149712335528,0.9962160064601607,True,False,False,1.2034226685202816e-16,3.009265538105056e-36,1.2163159272560463e-18,-1.2685185006931392e-27,0.0
1.31,1,29.0,2e-15,12,-0.31000000000000005,0.5075771768883085,0.00417612656051992,1.0,0.027881621209800835,0.0002309624641977971,0.0,0.02765974157114784,0.00022727593396183952,0.9958325813300365,0.9958335458585177,True,False,False,5.297763159864255e-17,5.416677968589101e-35,7.83676079469979e-18,-2.225632420905125e-38,0.0
1.32,1,29.0,2e-15,12,-0.32000000000000006,0.5075771768883085,0.004620836843830908,1.0,0.02562415848043915,0.00019359170678066292,0.0,0.025397630823884635,0.00019016237367163277,0.995389822797596,0.9953907173532873,True,False,False,5.983656235297307e-17,1.504632769052528e-35,1.219315710093053e-18,-1.5875154915901452e-27,0.0
1.33,1,29.0,2e-15,12,-0.33000000000000007,0.5075771768883085,0.005139737173559715,1.0,0.02342984257166849,0.00016060723607187638,0.0,0.023198563971553596,0.00015743380202912398,0.9948734486752753,0.9948742741542569,True,False,False,4.6774352636805434e-17,3.009265538105056e-35,4.8521374297078965e-18,-6.724951153657192e-27,0.0
1.34,1,29.0,2e-15,12,-0.3400000000000001,0.5075771768883085,0.0057500768549168906,1.0,0.021302922078395042,0.00013173445013242975,0.0,0.021066788210641608,0.00012881481021037748,0.9942664231963326,0.9942671806795453,True,False,False,6.393993291154407e-17,1.8055593228630336e-35,1.1470701671604875e-18,-2.047562312217973e-27,0.0
1.35,1,29.0,2e-15,12,-0.3500000000000001,0.5075771768883085,0.006474346999250575,1.0,0.019247883705494857,0.00010669314277270111,0.0,0.01900678895511886,0.00010402431335033928,0.9935465664273488,0.9935472571957776,True,False,False,1.6960194568092967e-17,7.222237291452134e-35,4.220101657938073e-18,-3.809607102131694e-27,0.0
1.36,1,29.0,2e-15,12,-0.3600000000000001,0.5075771768883085,0.007342278399201646,1.0,0.017269466640695987,8.519848635198113e-05,0.0,0.017023304227939393,8.277652860393739e-05,0.992684610278546,0.992685235829552,True,False,False,5.834931600726823e-17,9.027796614315168e-35,2.2916109552877662e-17,-1.2488879681385206e-31,0.0
1.37,1,29.0,2e-15,12,-0.3700000000000001,0.5075771768883085,0.008393766304091348,1.0,0.015372677897303356,6.696218022194281e-05,0.0,0.01512134002459981,6.47821186275231e-05,0.9916413629945386,0.9916419250594306,True,False,False,6.421933267831887e-17,7.824090399073146e-35,9.408230519034665e-18,-2.3443089069146274e-29,0.0
1.3800000000000001,1,29.0,2e-15,12,-0.3800000000000001,0.5075771768883085,0.009683232671042749,1.0,0.01356280870016031,5.169378445458619e-05,0.0,0.01330618672240438,4.974952012374938e-05,0.9903634988673474,0.99036399943029,True,False,False,4.275709145340413e-17,6.018531076210112e-36,4.047176534074827e-17,-9.269033004430456e-27,0.0
1.3900000000000001,1,29.0,2e-15,12,-0.3900000000000001,0.5075771768883085,0.011286262138304831,1.0,0.011845451994442157,3.910226068484416e-05,0.0,0.011583436615313714,3.7386479285716066e-05,0.9887771887859601,0.9887776301043244,True,False,False,4.973766206025818e-17,1.5648180798146291e-34,2.1418845082407288e-17,-3.631380185448808e-38,0.0
1.4000000000000001,1,29.0,2e-15,12,-0.40000000000000013,0.5075771768883085,0.013309906420932662,1.0,0.010226521163656055,2.8897744335389665e-05,0.0,0.009959002661068332,2.7401818417367853e-05,0.98677827870471,0.9867786633309829,True,False,False,3.1699926580534356e-17,1.1102230246251565e-16,2.049144098875235e-17,-2.9149866068093904e-37,0.0
1.41,1,29.0,2e-15,12,-0.4099999999999999,0.5075771768883085,0.01590901863844949,1.0,0.008712270050643539,2.0793575205565198e-05,0.0,0.008439138534737024,1.950746072609717e-05,0.9842168613720365,0.984217192177412,True,False,False,3.943361383098134e-17,1.925929944387236e-34,2.553158180123418e-17,-8.768707425383957e-27,0.0
1.42,1,29.0,2e-15,12,-0.41999999999999993,0.5075771768883085,0.019312647133449178,1.0,0.0073093143835102166,1.450861643065498e-05,0.0,0.007030460091010473,1.342074331338715e-05,0.9808726472770771,0.9808729274768666,True,False,False,1.127925768887853e-16,2.8888949165808538e-34,2.2975813011600356e-17,-5.398139506304353e-27,0.0
1.43,1,29.0,2e-15,12,-0.42999999999999994,0.5075771768883085,0.023867298875986678,1.0,0.006024654717316943,9.769895189075275e-06,0.0,0.005739968346518793,8.867051767397841e-06,0.9764152725653273,0.9764155057463358,True,False,False,6.070510859498709e-17,1.925929944387236e-34,4.552138834466959e-17,-4.122557673347289e-27,0.0
1.44,1,29.0,2e-15,12,-0.43999999999999995,0.5075771768883085,0.03010798015813303,1.0,0.004865701012141144,6.315602295242985e-06,0.0,0.004575074103278964,5.582813529652753e-06,0.9703407503436915,0.9703409404937201,True,False,False,1.1259745986487612e-16,4.81482486096809e-35,8.108445428719208e-17,-2.6821109734552046e-26,0.0
1.45,1,29.0,2e-15,12,-0.44999999999999996,0.5075771768883085,0.03887135065891634,1.0,0.003840298978848524,3.898492012053572e-06,0.0,0.0035436243451707947,3.3188914138247214e-06,0.9618744457005276,0.9618745972401777,True,False,False,4.863283611450329e-17,9.62964972193618e-35,3.665284322468691e-18,-4.0285682312769384e-26,0.0
1.46,1,29.0,2e-15,12,-0.45999999999999996,0.5075771768883085,0.051454567073163114,1.0,0.0029567583357064673,2.289728102261415e-06,0.0,0.00265393055119962,1.844423351536425e-06,0.9498468033022215,0.9498469211191897,True,False,False,5.288842785488743e-17,0.0,8.092399843293592e-17,-6.213944726283121e-26,0.0
1.47,1,29.0,2e-15,12,-0.47,0.5075771768883085,0.0697351648728737,1.0,0.0022238831319375163,1.2832273727258844e-06,0.0,0.0019147990823484029,9.511596885461847e-07,0.9326407832426147,0.9326408727286871,True,False,False,4.5877827903040625e-17,9.62964972193618e-35,3.143864817797037e-18,-3.1152433427546336e-31,0.0
1.48,1,29.0,2e-15,12,-0.48,0.5075771768883085,0.09576792764367094,1.0,0.0016510043085832494,7.005578174411643e-07,0.0,0.0013355638131814448,4.5835522305679517e-07,0.908674869919284,0.9086749370102544,True,False,False,6.244180036190771e-17,6.7407548053553255e-34,2.2306117949624124e-17,-4.491379537973912e-37,0.0
1.49,1,29.0,2e-15,12,-0.49,0.5075771768883085,0.12919185782542658,1.0,0.0012480146827703112,3.9645501143374884e-07,0.0,0.0009261211951826744,2.18279743567535e-07,0.8788053436881758,0.8788053949069352,True,False,False,1.9056361498982305e-16,0.0,8.779069967653085e-17,-3.7347822922275983e-37,0.0
1.5,1,29.0,2e-15,12,-0.5,0.5075771768883085,0.16037214717925194,1.0,0.001025406558804047,2.650277351360679e-07,0.0,0.000696967956257697,1.2241817439260835e-07,0.851826725059709,0.851826767562776,True,False,False,1.1136611325576706e-16,1.1102230246251565e-16,1.619304599089325e-16,-1.076660104674788e-35,0.0
1.51,1,29.0,2e-15,12,-0.51,0.5075771768883085,0.16871658899845732,1.0,0.0009943121886435557,2.4673201654040066e-07,0.0,0.0006592416600847107,1.0843967216566168e-07,0.8447482804195948,0.844748322047379,True,False,False,8.63315656453389e-17,0.0,7.851812240697934e-17,-1.0698188802919064e-25,0.0
1.52,1,29.0,2e-15,12,-0.52,0.5075771768883085,0.14673061394359618,1.0,0.0011665473254397494,3.3620197845153953e-07,0.0,0.0008247643702722408,1.6802424926914456e-07,0.8635265681033502,0.8635266174344729,True,False,False,8.658495675719933e-17,1.1102230246251565e-16,1.1104941402745632e-16,-2.6021584697650094e-25,0.0
1.53,1,29.0,2e-15,12,-0.53,0.5075771768883085,0.11236202010240934,1.0,0.0015546581371762033,5.910361979019278e-07,0.0,0.0012060896878046796,3.556458585041311e-07,0.8937206540857034,0.8937207204957246,True,False,False,1.4678226230487403e-16,0.0,7.64139729689142e-18,-1.4671138084936674e-31,0.0
1.54,1,29.0,2e-15,12,-0.54,0.5075771768883085,0.08209604416397372,1.0,0.0021719717733010473,1.1416498691665622e-06,0.0,0.0018165534562926808,7.984225034419445e-07,0.9211834801502753,0.9211835738752133,True,False,False,1.2188113630153304e-16,9.62964972193618e-35,4.454355111271018e-18,-9.498441670276248e-26,0.0
1.55,1,29.0,2e-15,12,-0.55,0.5075771768883085,0.060030014478520216,1.0,0.003032650905869957,2.202316075772193e-06,0.0,0.0026703284583910448,1.7071570070241275e-06,0.9417362674370833,0.9417363996421492,True,False,False,9.806626021410347e-17,0.0,9.878715786498519e-17,-5.702323329159994e-26,0.0
1.56,1,29.0,2e-15,12,-0.56,0.5075771768883085,0.04477837154111438,1.0,0.004151752598466429,4.083534108424116e-06,0.0,0.003782483458736768,3.388706766626302e-06,0.9562093815623349,0.9562095644163424,True,False,False,3.081806408100958e-17,4.81482486096809e-35,4.3920914049734045e-17,-3.1383098778229215e-26,0.0
1.57,1,29.0,2e-15,12,-0.5700000000000001,0.5075771768883085,0.034243699089757204,1.0,0.005545291891400512,7.2058792293447685e-06,0.0,0.00516904698427316,6.2598373632675674e-06,0.9663359807412865,0.9663362274972465,True,False,False,6.142678614092561e-17,3.851859888774472e-34,4.06817146641927e-17,-1.0488567485384285e-26,0.0
1.58,1,29.0,2e-15,12,-0.5800000000000001,0.5075771768883085,0.0268319320466275,1.0,0.007230310530833664,1.2115506824084262e-05,0.0,0.006847076272291116,1.0862733523050625e-05,0.9735248461040502,0.973525171186506,True,False,False,2.8863824613200005e-17,0.0,4.04691372869136e-17,-7.05716699941816e-26,0.0
1.59,1,29.0,2e-15,12,-0.5900000000000001,0.5075771768883085,0.021490634721561375,1.0,0.009224951313016904,1.9501504779515857e-05,0.0,0.0088347318604219,1.7882361932924616e-05,0.9787386435861417,0.9787390626858574,True,False,False,1.997864930629955e-17,0.0,1.8201428885674822e-17,-6.121235113449884e-54,0.0
1.6,1,29.0,2e-15,12,-0.6000000000000001,0.5075771768883085,0.0175466228575531,1.0,0.011548538563304301,3.021531150210192e-05,0.0,0.011151358341708835,2.81659041141769e-05,0.98260642267784,0.9826069528545155,True,False,False,1.5394866376961536e-16,1.6851887013388314e-34,7.896683191025192e-17,-1.3697992899249632e-26,0.0
1.61,1,29.0,2e-15,12,-0.6100000000000001,0.5075771768883085,0.014567413469052966,1.0,0.014221665323635358,4.529244361110711e-05,0.0,0.013817571862395335,4.2744504326830226e-05,0.9855381779454462,0.9855388377391993,True,False,False,1.1690710842823487e-16,2.407412430484045e-35,4.1760415855188095e-17,-1.1178153873055485e-26,0.0
1.62,1,29.0,2e-15,12,-0.6200000000000001,0.5075771768883085,0.012270257761851205,1.0,0.017266287882469655,6.597680742894595e-05,0.0,0.0168553550009071,6.285760774241753e-05,0.9878047148930258,0.9878055244454592,True,False,False,1.0826755784775347e-16,1.1102230246251565e-16,2.0248372260307892e-17,-1.4925281745928603e-26,0.0
1.6300000000000001,1,29.0,2e-15,12,-0.6300000000000001,0.5075771768883085,0.010466215529946116,1.0,0.020705828348508544,9.37479024298162e-05,0.0,0.020288159734490663,8.998019837116776e-05,0.9895883647216258,0.9895893459073781,True,False,False,3.005836331343228e-17,9.62964972193618e-35,3.3608373349450682e-18,-1.0627319852007588e-26,0.0
1.6400000000000001,1,29.0,2e-15,12,-0.6400000000000001,0.5075771768883085,0.009026147843523315,1.0,0.024565286044865266,0.00013035126335559808,0.0,0.024141019276026424,0.00012585328502611026,0.9910144655429233,0.9910156421126979,True,False,False,1.0877826759234686e-16,1.4444474582904269e-34,4.1536314708313106e-17,-4.7377020428117155e-31,0.0
1.6500000000000001,1,29.0,2e-15,12,-0.6500000000000001,0.5075771768883085,0.007859845210884543,1.0,0.02887135858469275,0.00017783253140679853,0.0,0.028440669648723004,0.0001725180276005708,0.9921709626047581,0.9921723603409285,True,False,False,8.698666297838048e-17,2.407412430484045e-35,3.996055112323854e-17,-4.070981790800464e-31,0.0
1.6600000000000001,1,29.0,2e-15,12,-0.6600000000000001,0.5075771768883085,0.0069029944448225815,1.0,0.033652573583841126,0.00023857559450677287,0.0,0.03321568196193393,0.00023235394587660136,0.9931207764929962,0.9931224233789998,True,False,False,1.0465042726205673e-16,6.018531076210112e-35,2.1234873633688563e-17,-6.863044728137577e-37,0.0
1.67,1,29.0,2e-15,12,-0.6699999999999999,0.5075771768883085,0.006108874647664387,1.0,0.03893943207226472,0.00031534529297503255,0.0,0.03849660645860957,0.0003081217098363337,0.9939097465895029,0.9939116729943684,True,False,False,4.3965324629065726e-17,6.018531076210112e-35,2.1356323976393006e-17,-1.926925234353793e-27,0.0
1.68,1,29.0,2e-15,12,-0.6799999999999999,0.5075771768883085,0.0054429555687193565,1.0,0.04476456478520389,0.00041133525101980345,0.0,0.044316129525503435,0.00040301107501860206,0.9945718304751853,0.9945740693546804,True,False,False,1.4557169215631858e-16,0.0,5.769382489302789e-18,-2.1893724458707548e-37,0.0
1.69,1,29.0,2e-15,12,-0.69,0.5075771768883085,0.004879312153916574,1.0,0.05116290264942842,0.0005302214674172852,0.0,0.050709244993024045,0.0005206946000112244,0.9951325723523688,0.9951351594684191,True,False,False,1.414634190415644e-17,1.2037062152420224e-35,1.67838182079587e-18,-8.205915549834677e-32,0.0
1.7,1,29.0,2e-15,12,-0.7,0.5075771768883085,0.004398198418321469,1.0,0.058171862931137124,0.0006762223819152727,0.0,0.05771344120468672,0.0006653878670438435,0.9956114594920187,0.9956144336522292,True,False,False,1.731218556475883e-17,0.0,2.4901682387236014e-18,-5.099314530611325e-33,0.0
1.71,1,29.0,2e-15,12,-0.71,0.5075771768883085,0.00398437587705658,1.0,0.0658315526828432,0.0008541662288266935,0.0,0.065368905508893,0.0008419170224146371,0.9960235512168396,0.9960269545361568,True,False,False,1.1038970997113015e-17,2.407412430484045e-35,8.478092944888308e-18,-1.2371164456070943e-48,0.0
1.72,1,29.0,2e-15,12,-0.72,0.5075771768883085,0.003625942306437689,1.0,0.07418499131950812,0.001069566597762135,0.0,0.07371874802108415,0.001055794562972082,0.9963806234842437,0.9963845016710201,True,False,False,4.7052802545358266e-17,0.0,4.655253840097357e-19,-2.6389087710593946e-33,0.0
1.73,1,29.0,2e-15,12,-0.73,0.5075771768883085,0.003313498140435306,1.0,0.08327835437252318,0.0013287072455850344,0.0,0.08280924672542428,0.0013133044202088531,0.9966919854362489,0.9966963881052363,True,False,False,2.879871025127882e-17,4.81482486096809e-35,3.1407640957999418e-18,-1.899613268280154e-32,0.0
1.74,1,29.0,2e-15,12,-0.74,0.5075771768883085,0.003039544497380174,1.0,0.09316124071756648,0.0016387373459047594,0.0,0.09269011623585194,0.0016215975371954518,0.9969650702412437,0.9969700512563261,True,False,False,6.48061360956298e-17,4.81482486096809e-35,4.819879310859018e-18,-4.18884665266953e-27,0.0
1.75,1,29.0,2e-15,12,-0.75,0.5075771768883085,0.0027980425806952616,1.0,0.10388696585319905,0.0020077785256119333,0.0,0.10341480282098046,0.0019887992984961053,0.997205868292,0.9972114861418072,True,False,False,2.9273922151652806e-17,3.611118645726067e-35,4.770774771149233e-18,-6.639550616619446e-27,0.0
1.76,1,29.0,2e-15,12,-0.76,0.5075771768883085,0.0025840871356163733,1.0,0.11551288412629729,0.00244504522545764,0.0,0.11504080862103074,0.0024241303627792737,0.9974192487435264,0.9974255669534395,True,False,False,3.228528686439941e-17,0.0,1.233303256706547e-18,-2.526020681044806e-32,0.0
1.77,1,29.0,2e-15,12,-0.77,0.5075771768883085,0.0023936616075771852,1.0,0.12810074316387568,0.0029609801374152816,0.0,0.127630048353692,0.0029380426660651645,0.9976092009159422,0.997616288500418,True,False,False,1.6288528634687806e-17,8.425943506694157e-35,4.185179378476369e-18,-7.397627959121883e-33,0.0
1.78,1,29.0,2e-15,12,-0.78,0.5075771768883085,0.002223452563645042,1.0,0.14171707418532806,0.0035674067201628187,0.0,0.14124924222647378,0.0035423726151544575,0.9977790174759952,0.9977869494356126,True,False,False,6.41806559774468e-17,6.018531076210112e-36,1.129680293010829e-18,-1.961933536227195e-49,0.0
1.79,1,29.0,2e-15,12,-0.79,0.5075771768883085,0.002070707606934712,1.0,0.15643362234255445,0.004277701080927903,0.0,0.15597034925385977,0.0042505137813101486,0.9979314348290207,0.9979402926971892,True,False,False,7.143611154362323e-17,6.018531076210112e-36,4.355150546357475e-19,-7.756881568832671e-38,0.0
1.8,1,29.0,2e-15,12,-0.8,0.5075771768883085,0.0019331255616025645,1.0,0.172327821777154,0.005106985843572255,0.0,0.1718710457279317,0.005077611740276529,0.9980687417221907,0.9980786141670677,True,False,False,6.057238174670312e-17,1.1102230246251565e-16,3.400485417585833e-18,-1.0612289530581084e-27,0.0
1.81,1,29.0,2e-15,12,-0.81,0.5075771768883085,0.0018087708483106272,1.0,0.18948332070477597,0.006072349006749771,0.0,0.18903525422229203,0.0060407840939778416,0.9981928639918479,0.9982038474797121,True,False,False,1.1734826461280344e-16,6.018531076210112e-36,4.1680109344755486e-19,-4.496675269138675e-27,0.0
1.82,1,29.0,2e-15,12,-0.8200000000000001,0.5075771768883085,0.0016960061682458115,1.0,0.20799056254968856,0.007193091241252392,0.0,0.20755372923425652,0.0071593691609470565,0.9983054312374844,0.9983176307645983,True,False,False,7.064211209531394e-17,6.018531076210112e-36,4.8805652303960535e-18,-5.838403375332628e-32,0.0
1.83,1,29.0,2e-15,12,-0.8300000000000001,0.5075771768883085,0.0015934391695255272,1.0,0.22794742997281972,0.00849100559294212,0.0,0.2275247064049639,0.008455207347629707,0.9984078296806334,0.9984213595815338,True,False,False,6.225592142616173e-17,6.620384183831123e-35,2.752577026711223e-18,-3.623025887131597e-27,0.0
1.84,1,29.0,2e-15,12,-0.8400000000000001,0.5075771768883085,0.0014998798830168137,1.0,0.2494599595818309,0.00999069415966296,0.0,0.24905462321964883,0.009952959824212402,0.9985012443746608,0.9985162292158483,True,False,False,3.48388032477999e-17,0.0,6.445279209873527e-19,-1.082445932009871e-29,0.0
1.85,1,29.0,2e-15,12,-0.8500000000000001,0.5075771768883085,0.0014143065194081258,1.0,0.2726431362034291,0.01171992701238813,0.0,0.2722589202026439,0.011680469842086665,0.9985866931407265,0.998603268709907,True,False,False,7.393579868400547e-17,1.8055593228630336e-35,1.5546503524619495e-18,-5.143232254602936e-32,0.0
1.86,1,29.0,2e-15,12,-0.8600000000000001,0.5075771768883085,0.0013358378069383327,1.0,0.29762177686129476,0.013710049450691562,0.0,0.2972629329096154,0.01366917286407242,0.9986650540272254,0.9986833684296166,True,False,False,6.00899147486404e-17,0.0,5.831526199666669e-19,-1.0995647292311973e-27,0.0
1.87,1,29.0,2e-15,12,-0.8700000000000001,0.5075771768883085,0.0012637104821234966,1.0,0.3245315160676169,0.015996444642127933,0.0,0.32420288651393964,0.015954562655394258,0.998737087663724,0.998757302538495,True,False,False,5.68595041308573e-17,2.407412430484045e-35,2.4699390951198073e-18,-4.5558072592423944e-27,0.0
1.8800000000000001,1,29.0,2e-15,12,-0.8800000000000001,0.5075771768883085,0.0011972608676183135,1.0,0.3535199057380724,0.01861905982030561,0.0,0.35322700652182765,0.018576721629934866,0.9988034555632275,0.9988257474349421,True,False,False,2.2762546232805578e-17,3.611118645726067e-35,4.7940209466589734e-18,-3.4895322798013103e-31,0.0
1.8900000000000001,1,29.0,2e-15,12,-0.89,0.5075771768883085,0.0011359097125215056,1.0,0.38474764502181874,0.021623005538680976,0.0,0.38449676117588305,0.021580925094793393,0.9988647351887097,0.9988892969707149,True,False,False,4.086598627246782e-17,1.1102230246251565e-16,4.670516652846029e-18,-4.538114014085334e-27,0.0
1.9000000000000001,1,29.0,2e-15,12,-0.9000000000000001,0.5075771768883085,0.0010791496526046634,1.0,0.4183899576510319,0.025059239034222094,0.0,0.4181882534721661,0.0250183306256887,0.9989214324199818,0.9989484750890801,True,False,False,6.528344437480102e-17,4.2129717533470784e-35,2.287020240924311e-18,-2.9757798980996354e-37,0.0
1.9100000000000001,1,29.0,2e-15,12,-0.9100000000000001,0.5075771768883085,0.0010265347865741849,1.0,0.4546381371201219,0.02898534459282791,0.0,0.4544937834852102,0.028946765683564576,0.9989739919200169,0.9990037463845423,True,False,False,1.9978460618155815e-17,6.018531076210112e-36,4.434846201951549e-19,-4.4408999145345626e-43,0.0
1.92,1,29.0,2e-15,12,-0.9199999999999999,0.5075771768883085,0.0009776719707205767,1.0,0.4937012831774667,0.03346642598227276,0.0,0.49362360494569574,0.033431628806336156,0.9990228057948086,0.9990555249814517,True,False,False,6.268261135851695e-17,4.81482486096809e-35,2.6451814339191937e-18,-2.911134267304532e-27,0.0
1.93,1,29.0,2e-15,12,-0.9299999999999999,0.5075771768883085,0.000932213516283553,1.0,0.5358082568418598,0.03857612859598505,0.0,0.5358079038396646,0.03854692234906946,0.9990682208597489,0.9991041820482319,True,False,False,5.586104994597918e-17,6.018531076210112e-36,4.937989183971507e-19,-5.0475610486306555e-27,0.0
1.94,1,29.0,2e-15,12,-0.94,0.5075771768883085,0.0008898510375155785,1.0,0.5812098855508273,0.04439781201454543,0.0,0.5812990313092445,0.04437643788655519,0.9991105447625092,0.9991500522015937,True,False,False,4.916880604773609e-17,1.1102230246251565e-16,2.4656040972787806e-18,-2.2537096438592087e-27,0.0
1.95,1,29.0,2e-15,12,-0.95,0.5075771768883085,0.0008503102481575367,1.0,0.6301814552408358,0.051025897342203204,0.0,0.6303740284705063,0.05101511913908523,0.999150051163157,0.9991934390065885,True,False,False,6.183458385632139e-17,0.0,2.0119758943915023e-19,-2.8624527948150084e-49,0.0
1.96,1,29.0,2e-15,12,-0.96,0.5075771768883085,0.0008133465431205182,1.0,0.6830255323116765,0.05856741803665727,0.0,0.6833374870923313,0.0585706317641829,0.9991869841335215,0.9992346197405211,True,False,False,7.344144513962276e-17,1.1102230246251565e-16,2.0033075798280842e-18,-3.330387684569722e-28,0.0
1.97,1,29.0,2e-15,12,-0.97,0.5075771768883085,0.00077874123304959,1.0,0.7400751657365141,0.06714380817413468,0.0,0.7405247976072497,0.06716517473313387,0.99922156190721,0.9992738495591792,True,False,False,8.978306717038588e-17,0.0,1.0691778790374324e-18,-5.45839804376649e-27,0.0
1.98,1,29.0,2e-15,12,-0.98,0.5075771768883085,0.0007462983239788977,1.0,0.801697528288028,0.07689296836656068,0.0,0.8023058449045689,0.07693757447826718,0.9992539800873517,0.9993113651807694,True,False,False,9.34251099852029e-17,0.0,6.850130484924724e-19,-3.4246093045746206e-32,0.0
1.99,1,29.0,2e-15,12,-0.99,0.5075771768883085,0.0007158417538770275,1.0,0.868298066258657,0.08797165710649231,0.0,0.869089223100773,0.08804571079957135,0.9992844143997058,0.9993473881850204,True,False,False,2.1872956854445356e-17,0.0,3.0025898241094576e-19,-4.7803515625122933e-32,0.0
2.0,1,29.0,2e-15,12,-1.0,0.5075771768883085,0.0006872130136000448,1.0,0.9403252395290881,0.10055826444847382,0.0,0.9413270533798679,0.10066933296221915,0.9993130230631816,0.9993821280111356,True,False,False,6.985489045143867e-17,6.018531076210112e-36,2.199773162721426e-18,-2.768044566756546e-48,0.0
2.0100000000000002,1,29.0,2e-15,12,-1.0100000000000002,0.5075771768883085,0.0006602690924410095,1.0,1.0182759488427255,0.11485603600449984,0.0,1.0195205045293834,0.11501333588134238,0.9993399488372295,0.9994157847278836,False,True,False,5.958541419231099e-17,0.0,6.703256108324903e-19,-4.195117458030145e-37,0.0
2.02,1,29.0,2e-15,12,-1.02,0.5075771768883085,0.0006348806987258701,1.0,1.1027017652467952,0.13109682868979344,0.0,1.104226134568173,0.13131158025606018,0.9993653207953811,0.9994485516415804,False,True,False,6.000904331156323e-17,2.407412430484045e-35,1.0392705087058582e-18,-4.487539446769488e-32,0.0
2.0300000000000002,1,29.0,2e-15,12,-1.0300000000000002,0.5075771768883085,0.0006109307142507197,1.0,1.1942160985785018,0.14954549607346954,0.0,1.196063194625032,0.14983135758564659,0.9993892558659203,0.9994806178026494,False,True,False,7.978774640182261e-17,4.81482486096809e-35,1.5881207263666027e-18,-8.392904005098542e-43,0.0
2.04,1,29.0,2e-15,12,-1.04,0.5075771768883085,0.0005883128481707238,1.0,1.2935024685053023,0.17050502128694042,0.0,1.295722063932587,0.17087862194213987,0.9994118601739009,0.9995121704686016,False,True,False,3.603636671896376e-17,1.2037062152420224e-35,1.0474554093500836e-18,-1.7991792361337307e-37,0.0
2.05,1,29.0,2e-15,12,-1.0499999999999998,0.5075771768883085,0.0005669304615391839,1.0,1.4013240741057655,0.1943225401343938,0.0,1.4039740186512064,0.1948041361593415,0.9994332302131697,0.9995433975805356,False,True,False,1.497943520175129e-16,3.611118645726067e-35,1.8620987535512316e-18,-1.851076508939865e-27,0.0
2.06,1,29.0,2e-15,12,-1.06,0.5075771768883085,0.0005466955382952153,1.0,1.5185348977365662,0.22139642749706345,0.0,1.5216825787588766,0.22201071197201247,0.999453453872482,0.9995744903115891,False,True,False,5.0620017771247604e-17,1.2037062152420224e-35,3.7190725037697883e-19,-2.9461795754216665e-27,0.0
2.07,1,29.0,2e-15,12,-1.0699999999999998,0.5075771768883085,0.0005275277822992631,1.0,1.6460926277997516,0.25218465781391336,0.0,1.6498167283843446,0.2529617631985477,0.9994726113360173,0.9996056457492838,False,True,False,1.906398907395857e-17,4.81482486096809e-35,1.5528114617770808e-18,-5.3587266706124244e-27,0.0
2.08,1,29.0,2e-15,12,-1.08,0.5075771768883085,0.000509353823167723,1.0,1.7850737453385361,0.28721469726729576,0.0,1.7894663682213479,0.28819144036621486,0.9994907758754691,0.9996370697795921,False,True,False,5.626609836307308e-18,0.0,5.469792823990317e-19,-6.984567418416288e-28,0.0
2.09,1,29.0,2e-15,12,-1.0899999999999999,0.5075771768883085,0.0004921065162815381,1.0,1.9366911941517067,0.32709524377147886,0.0,1.9418604372637738,0.3283166769025416,0.9995080145482704,0.999668980249175,False,True,False,5.490422437600793e-18,1.2037062152420224e-35,8.735864737820658e-19,-3.3689823183261303e-37,0.0
2.1,1,29.0,2e-15,12,-1.1,0.5075771768883085,0.0004757243245351757,1.0,2.102315147204837,0.372530204158391,0.0,2.1083882392226885,0.3740515546438631,0.9995243888143396,0.9997016104940818,False,True,False,1.269016980250585e-16,1.1102230246251565e-16,2.730291457548206e-18,-1.1617470076198874e-36,0.0
2.11,1,29.0,2e-15,12,-1.1099999999999999,0.5075771768883085,0.0004601507712299418,1.0,2.283497498565102,0.42433539025730777,0.0,2.2906246320696484,0.4262244945097,0.9995399550818994,0.9997352133389865,False,True,False,2.517775374309349e-18,1.2037062152420224e-35,1.4896359624945365e-18,-1.8559549418875086e-27,0.0
2.12,1,29.0,2e-15,12,-1.12,0.5075771768883085,0.00044533395506197624,1.0,2.4820008564720606,0.48345853235557434,0.0,2.4903598943360192,0.4857989027827732,0.9995547651913855,0.9997700656917079,False,True,False,6.767876741052192e-17,0.0,2.2348511458084308e-19,-1.4143349008820345e-42,0.0
2.13,1,29.0,2e-15,12,-1.13,0.5075771768883085,0.0004312261194621334,1.0,2.6998329981124622,0.5510033570359573,0.0,2.7096352784993516,0.5538980625089728,0.9995688668451576,0.9998064738846227,False,True,False,9.310271981997849e-17,1.1102230246251565e-16,4.38685786219029e-19,-6.503693305469489e-37,0.0
2.14,1,29.0,2e-15,12,-1.1400000000000001,0.5075771768883085,0.00041778326965425945,1.0,2.939287981602967,0.628258666207061,0.0,2.950785512506387,0.6318352637578468,0.9995823039896237,0.9998447799493803,False,True,False,1.7776075071664504e-17,8.425943506694157e-35,2.474712819519843e-18,-6.69260515412727e-37,0.0
2.15,1,29.0,2e-15,12,-1.15,0.5075771768883085,0.0004049648317450619,1.0,3.202995410767296,0.7167335980835614,0.0,3.2164898319204767,0.721150430199492,0.9995951171554447,0.9998853690563987,False,True,False,4.624103467256654e-18,6.018531076210112e-35,3.406155899143331e-18,-2.790635943897449e-42,0.0
2.16,1,29.0,2e-15,12,-1.1600000000000001,0.5075771768883085,0.00039273334897186284,1.0,3.4939797338244074,0.8182005661404165,0.0,3.5098335398210603,0.823654842063913,0.999607343760675,0.9999286784091459,False,True,False,9.783408155886675e-17,0.0,5.347587194522881e-19,-2.373208401425352e-27,0.0
2.17,1,29.0,2e-15,12,-1.17,0.5075771768883085,0.0003810542109387608,1.0,3.81573195543278,0.9347477819314359,0.0,3.8343826298974504,0.9414860035098012,0.9996190183809963,0.9999752079594669,False,True,False,5.632796314235572e-17,0.0,3.070529379830379e-19,-3.791667272955238e-36,0.0
2.18,1,29.0,2e-15,12,-1.1800000000000002,0.5075771768883085,0.00036989541228835734,1.0,4.17229678978689,1.068843803823323,0.0,4.1942747118039305,1.0771752920904285,0.9996301729905854,1.0000255334100725,False,False,False,1.2363903047508104e-17,1.2037062152420224e-35,8.725055851644303e-19,-9.282799970593656e-28,0.0
2.19,1,29.0,2e-15,12,-1.19,0.5075771768883085,0.0003592273378044543,1.0,4.56837913139075,1.2234172596293067,0.0,4.594330404113454,1.233731809708651,0.9996408371766103,1.000080322101811,False,False,False,1.5762406554505693e-16,1.1102230246251565e-16,4.0666531931791565e-18,-1.6639194603898936e-30,0.0
2.2,1,29.0,2e-15,12,-1.2000000000000002,0.5075771768883085,0.0003490225714386073,1.0,5.00947483969207,1.4019558269294254,0.0,5.040190588768024,1.4147468985282183,0.9996510383298536,1.0001403525576118,False,False,False,9.606089107572601e-17,1.1102230246251565e-16,1.302513451615288e-18,-1.1633613331008672e-36,0.0
2.21,1,29.0,2e-15,12,-1.21,0.5075771768883085,0.0003392557272178949,1.0,5.502032321134197,1.6086298042597795,0.0,5.538486563390653,1.624525190878842,0.9996608018134991,1.0002065386875676,False,False,False,2.770398196407627e-17,0.0,9.491499693552622e-19,-3.1902043633540025e-36,0.0
2.22,1,29.0,2e-15,12,-1.2200000000000002,0.5075771768883085,0.0003299033004411118,1.0,6.053653383573452,1.8484472869438198,0.0,6.097052342121817,1.8682499703073587,0.999670151111669,1.000279959972323,False,False,False,1.4882605695457757e-16,1.1102230246251565e-16,5.316642526767149e-19,-1.8116580205343502e-27,0.0
2.23,1,29.0,2e-15,12,-1.23,0.5075771768883085,0.00032094353802719546,1.0,6.673344526000611,2.127450239737535,0.0,6.72519136744465,2.152193234308341,0.9996791079588407,1.0003618993657588,False,False,False,7.48713914713256e-18,2.407412430484045e-35,3.38583069736133e-18,-6.977376342849487e-27,0.0
2.24,1,29.0,2e-15,12,-1.2400000000000002,0.5075771768883085,0.000312356327368888,1.0,7.3718334860014485,2.45296387283879,0.0,7.434014030700058,2.4839844623886607,0.9996876924507899,1.0004538912372785,False,False,False,6.146946258027382e-17,1.1102230246251565e-16,3.385055203009188e-18,-4.8868612039037196e-27,0.0
2.25,1,29.0,2e-15,12,-1.25,0.5075771768883085,0.00030412310360044523,1.0,8.16197089465918,2.833916021806454,0.0,8.236868133675086,2.8729571385613997,0.9996959231371428,1.0005577824730376,False,False,False,1.4309502483931833e-17,0.0,3.5756912573911985e-19,-1.3649259451159271e-60,0.0
2.2600000000000002,1,29.0,2e-15,12,-1.2600000000000002,0.5075771768883085,0.00029622677585712325,1.0,9.05924386079921,3.281249206172507,0.0,9.149892461302173,3.330599198220418,0.9997038170949623,1.0006758109680904,False,False,False,1.5357974972952347e-17,0.0,1.0016808219109389e-18,-1.6109272663280394e-41,0.0
2.27,1,29.0,2e-15,12,-1.27,0.5075771768883085,0.0002886516739527794,1.0,10.082438073294167,3.8084564326511594,0.0,10.192735029090874,3.871143733866197,0.9997113899819335,1.0008107073063945,False,False,False,8.163246090959959e-17,0.0,1.2351138297831732e-18,-3.7515734433431265e-43,0.0
2.2800000000000002,1,29.0,2e-15,12,-1.2800000000000002,0.5075771768883085,0.00028138351802795973,1.0,11.254498836673662,4.432283712006992,0.0,11.389493915700383,4.51235097997153,0.9997186560666013,1.0009658276503839,False,False,False,7.14196002592322e-18,2.407412430484045e-35,1.492056996705823e-18,-1.086172771127247e-31,0.0
2.29,1,29.0,2e-15,12,-1.29,0.5075771768883085,0.0002744094152720272,1.0,12.603661247180295,5.173659319191377,0.0,12.769962348855532,5.276554092075337,0.999725628231548,1.001145329060144,False,False,False,5.97282741100267e-17,0.0,3.91972555851992e-18,-1.4617863084516215e-31,0.0
2.3000000000000003,1,29.0,2e-15,12,-1.3000000000000003,0.5075771768883085,0.00026771789002652036,1.0,14.164948379284246,6.0589345427520955,0.0,14.371294721713996,6.192073135661626,0.99973231794321,1.0013544031148045,False,False,False,5.023901041006604e-17,1.1102230246251565e-16,2.2411847291597414e-18,-1.1707082117492916e-30,0.0
2.31,1,29.0,2e-15,12,-1.31,0.5075771768883085,0.0002612989567905838,1.0,15.98217837214078,7.121556876038301,0.0,16.240262575037736,7.295149754871454,0.9997387351788085,1.001599590561242,False,False,False,8.558491911960073e-17,4.81482486096809e-35,1.926803864713437e-18,-2.0497711938833454e-36,0.0
2.32,1,29.0,2e-15,12,-1.3199999999999998,0.5075771768883085,0.0002551442504455488,1.0,18.11068369470718,8.404350244359604,0.0,18.436349142451224,8.632628549919357,0.9997448882960807,1.0018892099396597,False,False,False,5.595270893191173e-17,0.0,9.543851669361083e-19,-3.1903703441451995e-52,0.0
2.33,1,29.0,2e-15,12,-1.33,0.5075771768883085,0.0002492472353303296,1.0,20.62103973155562,9.962657244117443,0.0,21.036054044795083,10.265725753846358,0.9997507838241813,1.0022339485988212,False,False,False,4.7042026948891844e-17,4.81482486096809e-35,2.2724931273359463e-18,-1.8071223439898583e-36,0.0
2.34,1,29.0,2e-15,12,-1.3399999999999999,0.5075771768883085,0.00024360352619193728,1.0,23.60424296813547,11.868720171506682,0.0,24.13897338065085,12.275407578161778,0.9997564261427379,1.0026476882279023,False,False,False,7.910646230830812e-17,0.0,1.1387404371545028e-18,-1.1642642110309575e-26,0.0
2.35,1,29.0,2e-15,12,-1.35,0.5075771768883085,0.00023821137216239677,1.0,27.179000317962487,14.217864112846074,0.0,27.876531535575143,14.770194902507196,0.9997618169979138,1.0031486739174533,False,False,False,8.627277231138942e-17,1.1102230246251565e-16,4.9580406234799235e-19,-1.5306006140602192e-52,0.0
2.36,1,29.0,2e-15,12,-1.3599999999999999,0.5075771768883085,0.0002330723844002624,1.0,31.50213772817659,17.13733344137643,0.0,32.424751556867186,17.897697968188155,0.9997669547748579,1.003761193942302,False,False,False,2.953988611528518e-17,0.0,3.841320201464479e-19,-1.5907424907077771e-26,0.0
2.37,1,29.0,2e-15,12,-1.37,0.5075771768883085,0.0002281926371289578,1.0,36.783685738463554,20.799080577662778,0.0,38.02330840986539,21.862009744390104,0.9997718333968306,1.0045180304437051,False,False,False,3.0043856621576754e-18,0.0,1.1611872472435179e-18,-3.6399004797637294e-29,0.0
2.38,1,29.0,2e-15,12,-1.38,0.5075771768883085,0.00022358435557583487,1.0,43.30907940975677,25.438500872021418,0.0,45.004585884519926,26.9505202499164,0.9997764406375435,1.0054640914618296,False,False,False,2.378814551104981e-17,0.0,8.063543667748206e-20,-9.843182648405804e-54,0.0
2.39,1,29.0,2e-15,12,-1.3900000000000001,0.5075771768883085,0.00021926855100630742,1.0,51.472324759959555,31.382173999329172,0.0,53.83906855103633,33.57627413112755,0.9997807554865855,1.0066618793068463,False,False,False,5.554333742084071e-17,0.0,3.597546459027625e-19,-6.2652524619276255e-46,0.0
2.4,1,29.0,2e-15,12,-1.4,0.5075771768883085,0.00021527922690739996,1.0,61.82624551106122,39.08924997493752,0.0,65.20814701278078,42.34669948362916,0.9997847439440026,1.0081998474589973,False,False,False,3.365722118018511e-17,0.0,1.3041981273587776e-18,-1.3911851671625294e-40,0.0
2.41,1,29.0,2e-15,12,-1.4100000000000001,0.5075771768883085,0.00021167026796660733,1.0,75.1594387309728,49.21323305121375,0.0,80.12429639408893,54.17844972183094,0.999788352132604,1.0102053303600576,False,False,False,6.660327261101457e-17,0.0,2.1643501070614289e-19,-1.3627426073170326e-30,0.0
2.42,1,29.0,2e-15,12,-1.42,0.5075771768883085,0.0002085270473132469,1.0,92.61459008580454,62.69296546540657,0.0,100.13567126160777,70.49549659565888,0.9997914946929403,1.0128646736687528,False,False,False,6.704430902072489e-17,0.0,7.609511698088952e-19,-2.620132512089082e-30,0.0
2.43,1,29.0,2e-15,12,-1.4300000000000002,0.5075771768883085,0.0002059865698773024,1.0,115.86822772509822,80.88367774277191,15.197879512828333,127.68576990918137,93.58246843864029,0.9997940346438996,1.0164549859811942,False,False,True,1.8519216932232292e-18,0.0,1.0075162641814316e-18,-4.308446131555894e-30,0.0
2.44,1,29.0,2e-15,12,-1.44,0.5075771768883085,0.0002042734057265389,1.0,147.3906010431624,105.70243658257456,20.222001733811254,166.76546755809,127.2361102177768,0.999795747456665,1.021387944170981,False,False,True,7.974291110109975e-18,0.0,1.6375813583404613e-18,-3.7725151166535793e-41,0.0
2.45,1,29.0,2e-15,12,-1.4500000000000002,0.5075771768883085,0.00020376493079876898,1.0,190.76565513970684,139.7543753515568,27.06432584290822,224.12238709607402,177.99924308597085,0.9997962558278648,1.0282732964502,False,False,True,6.010307178035706e-17,0.0,9.455820355267202e-19,-1.8275073390379475e-41,0.0
2.46,1,29.0,2e-15,12,-1.46,0.5075771768883085,0.00020510807402910494,1.0,250.86563332866675,186.07934574835522,36.149927039905094,311.4956309833279,257.50962905066655,0.9997949129591939,1.037961289182235,False,False,True,1.3404968780913444e-17,0.0,1.86293890291075e-18,-8.317072516552233e-36,0.0
2.47,1,29.0,2e-15,12,-1.4700000000000002,0.5075771768883085,0.00020940352464309138,1.0,333.0181034745313,246.63099037968107,47.39222995835751,449.3765014575248,386.6730715612409,0.9997906183987447,1.0514360170704662,False,False,True,5.574665965894372e-17,0.0,2.399559274893392e-18,-8.020653759365778e-35,0.0
2.48,1,29.0,2e-15,12,-1.48,0.5075771768883085,0.00021832789239107148,1.0,438.64265940179786,317.665417515704,59.12573884479641,670.5758971000969,600.5656961050531,0.9997816959394088,1.0691369170311422,False,False,True,5.881936290897906e-17,0.0,2.0464945160469144e-18,-3.794525340851431e-30,0.0
2.49,1,29.0,2e-15,12,-1.4900000000000002,0.5075771768883085,0.00023318314144641635,1.0,554.0360107007406,383.0854712149574,67.42297189420718,1006.5010053131023,938.2017735285618,0.9997668440436293,1.0890959176640138,False,False,True,1.1646814692461446e-16,0.0,2.1690433363557827e-18,-3.2932889780526757e-40,0.0
2.5,1,29.0,2e-15,12,-1.5,0.5075771768883085,0.0002494810002562205,1.0,642.8230870778455,423.72005762793486,70.39887555964971,1391.9787055411266,1350.448399419699,0.9997505501175407,1.1054606539231813,False,False,True,7.234671530455926e-17,0.0,1.8745980940934955e-18,-1.461687798272364e-34,0.0
2.5100000000000002,1,29.0,2e-15,12,-1.5100000000000002,0.5075771768883085,0.00025068937561377263,1.0,673.010526062002,450.3669122996421,75.21268233933995,1531.6569367615173,1546.563116528784,0.9997493420443422,1.112651542085842,False,False,True,1.420612349579164e-17,0.0,1.3869071974805262e-18,-1.947490822489865e-29,0.0
2.52,1,29.0,2e-15,12,-1.52,0.5075771768883085,0.00023047806593673838,1.0,636.6359112768403,472.80779394250544,86.75083458800799,1274.2006942519429,1339.0770471572791,0.9997695484920923,1.108741374399777,False,False,True,1.0358300851826286e-16,0.0,1.1924961842485754e-18,-1.023119419052039e-29,0.0
2.5300000000000002,1,29.0,2e-15,12,-1.5300000000000002,0.5075771768883085,0.00020596732861583665,1.0,545.5332188645764,462.6763554332259,95.95722547261181,906.8887354614192,991.945060761128,0.9997940538811982,1.0950902668234912,False,False,True,2.0442025103967097e-18,1.1102230246251565e-16,1.763455492235439e-18,-7.743600307060856e-41,0.0
2.54,1,29.0,2e-15,12,-1.54,0.5075771768883085,0.00018737664121543665,1.0,438.1338216029748,416.9344068139811,96.0181357808235,626.6991144840541,713.4546035968524,0.999812640912691,1.0779364096686452,False,False,True,5.553283955348205e-17,0.0,1.326574556997792e-18,-3.106882234925699e-34,0.0
2.5500000000000003,1,29.0,2e-15,12,-1.5500000000000003,0.5075771768883085,0.00017458727609448264,1.0,343.83957189902173,358.53712805211575,89.52559597279087,443.7388737492972,525.7988569965162,0.9998254279633771,1.0624214485287347,False,False,True,2.4606514854652646e-17,0.0,8.545233247176452e-19,-2.8585520073660343e-30,0.0
2.56,1,29.0,2e-15,12,-1.56,0.5075771768883085,0.0001655514562132537,1.0,270.48008157377586,303.74003836884725,80.80571052363914,326.0729380986051,402.16711060616154,0.9998344622466729,1.0501190679089052,False,False,True,5.727735341221337e-17,2.350988701644575e-38,1.2017411324152204e-18,-1.485558895307039e-30,0.0
2.57,1,29.0,2e-15,12,-1.5699999999999998,0.5075771768883085,0.00015877923659923628,1.0,215.66862077238238,257.92790651430545,72.28494613850525,248.37003109984104,318.866476720029,0.9998412333681567,1.0407948294621372,False,False,True,1.42146877415733e-17,0.0,8.858003112900032e-19,-4.92723539214347e-31,0.0
2.58,1,29.0,2e-15,12,-1.58,0.5075771768883085,0.00015339428092684274,1.0,174.92133203997645,221.22922688374874,64.84401745098012,195.1839743465803,260.8515846932893,0.9998466174833743,1.0337819156612083,False,False,True,5.606037106279946e-17,0.0,4.577172480057716e-19,-3.6577148627862155e-35,0.0
2.59,1,29.0,2e-15,12,-1.5899999999999999,0.5075771768883085,0.00014889527233069775,1.0,144.3338952573642,192.1767070861171,58.637186085926785,157.47837726494203,219.09639655731112,0.9998511158120202,1.0284653189492243,False,False,True,3.681026129973736e-17,0.0,7.388028762167354e-19,-3.8102689449785575e-31,0.0
2.6,1,29.0,2e-15,12,-1.6,0.5075771768883085,0.00014498939384241738,1.0,121.02004322522833,169.13041013244234,0.0,129.89140982273727,188.1432461952111,0.9998550211166117,1.024377136762034,False,False,False,6.648653205156724e-17,0.0,6.312746154298973e-19,-1.633996300531649e-41,0.0
2.61,1,29.0,2e-15,12,-1.6099999999999999,0.5075771768883085,0.00014149959070252995,1.0,102.95021541468121,150.724839047968,0.0,109.14476455770992,164.60292510897693,0.9998585104198924,1.0211860134538846,False,False,False,8.245071266935692e-17,0.0,4.2910747267905333e-19,-8.423154460277834e-36,0.0
2.62,1,29.0,2e-15,12,-1.62,0.5075771768883085,0.0001383147434443081,1.0,88.71257935820152,135.87796453296505,0.0,93.16641314148454,146.3041533630516,0.9998616948215988,1.0186556206257107,False,False,False,5.132553460067903e-17,0.0,1.7072248874007086e-18,-1.170704066111314e-30,0.0
2.63,1,29.0,2e-15,12,-1.63,0.5075771768883085,0.0001353625482572506,1.0,77.31987592543842,123.78109787036828,0.0,80.60410709121697,131.8126217569918,0.9998646466128391,1.0166199714466524,False,False,False,7.116233522937416e-17,0.0,5.016999333344112e-19,-7.583934331042279e-31,0.0
2.64,1,29.0,2e-15,12,-1.6400000000000001,0.5075771768883085,0.00013259433683556962,1.0,68.0734032567978,113.82979541100693,0.0,70.5489306735366,120.1535131783178,0.999867414453405,1.014960600688056,False,False,False,6.171700838087377e-17,0.0,3.8761081889263005e-19,-1.9616600747543006e-36,0.0
2.65,1,29.0,2e-15,12,-1.65,0.5075771768883085,0.00012997630319759758,1.0,60.471370119910326,105.57128724618896,0.0,62.373470104492924,110.64699677531748,0.9998700321433561,1.0135917977834275,False,False,False,5.981512371848024e-17,0.0,5.71621670543438e-19,7.132021356277337e-66,0.0
2.66,1,29.0,2e-15,12,-1.6600000000000001,0.5075771768883085,0.00012748426954313318,1.0,54.14781293183094,98.66403514448729,0.0,55.634165941642586,102.80786413262405,0.999872523856231,1.012450636306804,False,False,False,2.031843708592199e-17,0.0,7.251672037012095e-19,-1.025426905873074e-31,0.0
2.67,1,29.0,2e-15,12,-1.67,0.5075771768883085,0.00012510046825639823,1.0,48.8317483800584,92.84802721772192,0.0,50.01066376036381,96.28257238280536,0.9998749073564809,1.0114902390381006,False,False,False,6.642030118657039e-17,0.0,3.517579204502868e-19,-1.1499712327520799e-36,0.0
2.68,1,29.0,2e-15,12,-1.6800000000000002,0.5075771768883085,0.00012281150765586338,1.0,44.31958876158504,87.92332310368637,0.0,45.26711747760659,90.80870946865231,0.9998771960333687,1.010675191901846,False,False,False,9.598336674127374e-17,0.0,5.469712244828163e-20,-8.279698878814933e-43,0.0
2.69,1,29.0,2e-15,12,-1.69,0.5075771768883085,0.00012060705281381038,1.0,40.45627507166132,83.73461094715324,0.0,41.2268815122766,86.18826029846124,0.9998794002199244,1.0099783848647716,False,False,False,5.58045723067139e-17,0.0,5.827773294647674e-19,-1.3923791446513841e-41,0.0
2.7,1,29.0,2e-15,12,-1.7000000000000002,0.5075771768883085,0.0001184789498805413,1.0,37.12219239731356,80.16005519300026,0.0,37.755581152615235,82.26958172249563,0.9998815280684731,1.009378807230106,False,False,False,1.1814824850648511e-17,0.0,9.582834823821207e-19,-6.627546862470493e-32,0.0
2.71,1,29.0,2e-15,12,-1.71,0.5075771768883085,0.00011642063224928027,1.0,34.22396664229086,77.10318876802455,0.0,34.74955158970287,78.93500178144772,0.9998835861443696,1.0088599881291787,False,False,False,7.812717318274604e-17,0.0,6.674282852289237e-19,-7.97128878959131e-36,0.0
2.72,1,29.0,2e-15,12,-1.7200000000000002,0.5075771768883085,0.0001144267098707619,1.0,31.687901111109657,74.48696860631506,0.0,32.12779309894921,76.09212970473453,0.9998855798366155,1.008408878582483,False,False,False,8.101880252390628e-17,0.0,2.7404172018040783e-20,-2.785179900915261e-35,0.0
2.73,1,29.0,2e-15,12,-1.73,0.5075771768883085,0.00011249268005082206,1.0,29.455233015022664,72.24937690878768,0.0,29.82627577513185,73.66766291279387,0.9998875136470134,1.008015039687485,False,False,False,5.560661579978494e-17,0.0,1.0940077139366498e-18,-1.6119642107787037e-35,0.0
2.74,1,29.0,2e-15,12,-1.7400000000000002,0.5075771768883085,0.0001106147203618888,1.0,27.478661543410198,70.34013528564577,0.0,27.79384352059351,71.60290509445535,0.9998893913972208,1.00767004579206,False,False,False,7.457858180487327e-17,1.1102230246251565e-16,1.6634470733371167e-18,-7.301952178926816e-32,0.0
2.75,1,29.0,2e-15,12,-1.75,0.5075771768883085,0.00010878953803106446,1.0,25.71977598628039,68.7182271523496,0.0,25.98922522916007,69.85047663129893,0.9998912163793361,1.007367040565554,False,False,False,7.596065498459882e-17,1.1102230246251565e-16,1.4523133459896354e-18,-1.2890739469386653e-35,0.0
2.7600000000000002,1,29.0,2e-15,12,-1.7600000000000002,0.5075771768883085,0.00010701425880107722,1.0,24.147128928477095,67.35001257670334,0.0,24.37882459948949,68.371868886995,0.9998929914670205,1.0071004031431596,False,False,False,6.739763344204595e-17,0.0,2.5829708444863484e-19,-1.4085217847537743e-31,0.0
2.77,1,29.0,2e-15,12,-1.77,0.5075771768883085,0.00010528634379383304,1.0,22.73477729106861,66.20778149512834,0.0,22.93506549147256,67.13560438467005,0.9998947191986187,1.0068654944429418,False,False,False,1.2986189538322753e-16,0.0,1.0509780203541561e-18,-1.0734619078420761e-48,0.0
2.7800000000000002,1,29.0,2e-15,12,-1.78,0.5075771768883085,0.00010360352651654556,1.0,21.461166527125574,65.26863434691735,0.0,21.635138997713458,66.11583787431066,0.9998964018401435,1.006658462529403,False,False,False,5.253889396221e-18,0.0,1.5165609976244856e-18,-2.1931646321534286e-36,0.0
2.79,1,29.0,2e-15,12,-1.79,0.5075771768883085,0.00010196376454521747,1.0,20.308269208216622,64.51360953398967,0.0,20.460044626108118,65.29128227153603,0.9998980414335827,1.0064760919260685,False,False,False,2.826453469549849e-17,0.0,5.199225727384599e-19,-1.1461020785378815e-36,0.0
2.8000000000000003,1,29.0,2e-15,12,-1.8000000000000003,0.5075771768883085,0.00010036520203341301,1.0,19.260914106164083,63.92699865567578,0.0,19.393849312609387,64.64437681934801,0.999899639834385,1.0063156859698517,False,False,False,1.521717349353038e-16,2.407412430484045e-35,1.2405460402522857e-18,-2.692413634037055e-42,0.0
2.81,1,29.0,2e-15,12,-1.81,0.5075771768883085,9.880614029665678e-05,1.0,18.30625928563999,63.49580588448603,0.0,18.423109511917197,64.16063788222601,0.9999011987408692,1.006174974245341,False,False,False,7.206217517994759e-17,2.407412430484045e-35,2.714703487355944e-18,-1.8444937070498608e-31,0.0
2.82,1,29.0,2e-15,12,-1.8199999999999998,0.5075771768883085,9.72850144862518e-05,1.0,17.433375047896234,63.20931897787231,0.0,17.536416607790834,63.82814892573617,0.9999027197175473,1.0060520392299757,False,False,False,7.494172249567674e-17,2.407412430484045e-35,7.151347979683877e-19,-1.2326524250674649e-32,0.0
2.83,1,29.0,2e-15,12,-1.83,0.5075771768883085,9.580037490176553e-05,1.0,16.632911382239957,63.05876752557159,0.0,16.724036457526907,63.63715767923,0.9999042042138077,1.0059452577836008,False,False,False,2.6077380663389546e-17,0.0,6.581792404832042e-20,-1.6486703566000657e-31,0.0
2.84,1,29.0,2e-15,12,-1.8399999999999999,0.5075771768883085,9.435087187135894e-05,1.0,15.896830951895865,63.037049986018225,0.0,15.977621427438107,63.57975668826917,0.9999056535790322,1.0058532542054115,False,False,False,5.553693339269543e-17,1.1102230246251565e-16,3.697623186711132e-19,-1.1844463632622918e-36,0.0
2.85,1,29.0,2e-15,12,-1.85,0.5075771768883085,9.29352434017437e-05,1.0,15.21819328745954,63.13851547758449,0.0,15.289978715443368,63.649629418310035,0.9999070690749442,1.0057748623788783,False,False,False,4.517591992404808e-18,1.1102230246251565e-16,3.5646776196759356e-19,-1.9410305116290041e-31,0.0
2.86,1,29.0,2e-15,12,-1.8599999999999999,0.5075771768883085,9.155230499717427e-05,1.0,14.590979281393905,63.358789589124264,0.0,14.654882719850919,63.841848437992816,0.9999084518857873,1.0057090951145025,False,False,False,1.4882824094114733e-17,2.407412430484045e-35,6.68735881293781e-19,-6.236337601118581e-32,0.0
2.87,1,29.0,2e-15,12,-1.87,0.5075771768883085,9.020094119155844e-05,1.0,14.009947616394147,63.69463596269948,0.0,14.066922128709232,64.15271544685592,0.999909803126791,1.0056551192394803,False,False,False,1.3282804261201306e-16,4.81482486096809e-35,1.5065869536371153e-18,-1.8117896125650243e-31,0.0
2.88,1,29.0,2e-15,12,-1.88,0.5075771768883085,8.888009844468027e-05,1.0,13.4705166613462,64.14384729615902,0.0,13.521374568251957,64.57963533669324,0.9999111238512742,1.0056122353135775,False,False,False,1.3125153104732394e-16,2.407412430484045e-35,8.41021556658455e-19,-2.4338949159037551e-32,0.0
2.89,1,29.0,2e-15,12,-1.8900000000000001,0.5075771768883085,8.758877913321102e-05,1.0,12.96866680270679,64.70516087057287,0.0,13.014103269335681,65.1210183118988,0.999912415056652,1.0055798611009235,False,False,False,2.1975747519355267e-16,0.0,3.3357910673689334e-19,-4.419348567466546e-37,0.0
2.9,1,29.0,2e-15,12,-1.9,0.5075771768883085,8.632603642708295e-05,1.0,12.500859269148961,65.37819484095783,0.0,12.541471433877337,65.776205501121,0.999913677689558,1.0055575181189353,False,False,False,6.678624698549998e-17,2.407412430484045e-35,1.959293113687301e-18,-6.82587991226469e-36,0.0
2.91,1,29.0,2e-15,12,-1.9100000000000001,0.5075771768883085,8.509096988717094e-05,1.0,12.063968341687419,66.16340242162318,0.0,12.100270913648671,66.54541458480105,0.9999149126502467,1.0055448207333377,False,False,False,8.270227094299639e-17,0.0,6.283521062420672e-19,-9.731901650887502e-32,0.0
2.92,1,29.0,2e-15,12,-1.92,0.5075771768883085,8.388272165486825e-05,1.0,11.655224484511995,67.0620418116576,0.0,11.687662526625514,67.42970282392609,0.9999161207964022,1.0055414673832967,False,False,False,6.02206338631581e-17,0.0,2.363664138105166e-19,-1.6361827122483075e-36,0.0
2.93,1,29.0,2e-15,12,-1.9300000000000002,0.5075771768883085,8.270047313076356e-05,1.0,11.272166430503027,68.0761602880397,0.0,11.301125886056042,68.43094556592426,0.9999173029464591,1.0055472336112057,False,False,False,5.738421372851328e-17,0.0,1.735381303302518e-18,-7.581161796216216e-32,0.0
2.94,1,29.0,2e-15,12,-1.94,0.5075771768883085,8.154344206024216e-05,1.0,10.912600644636614,69.20859137897715,0.0,10.93841704451911,69.55182886992229,0.9999184598825158,1.0055619666436983,False,False,False,9.6700565876379e-18,0.0,3.604897278847989e-20,-9.167507825834289e-38,0.0
2.95,1,29.0,2e-15,12,-1.9500000000000002,0.5075771768883085,8.041087995989503e-05,1.0,10.57456689404768,70.46296444589426,0.0,10.597532589014095,70.79585537051179,0.9999195923529083,1.0055855813285854,False,False,False,1.7237795314419257e-16,1.1102230246251565e-16,4.2294401777735165e-19,-4.4382757579731564e-36,0.0
2.96,1,29.0,2e-15,12,-1.96,0.5075771768883085,7.930206983121059e-05,1.0,10.25630889474416,71.84372637091754,0.0,10.276679085515678,72.16736291393516,0.9999207010744948,1.0056180572800957,False,False,False,1.269302250176668e-16,0.0,4.454958200056697e-19,-1.562830591035319e-53,0.0
2.97,1,29.0,2e-15,12,-1.9700000000000002,0.5075771768883085,7.821632411796262e-05,1.0,9.956249196431523,73.35617538578649,0.0,9.974246978877671,73.67155587508434,0.999921786734699,1.0056594371247278,False,False,False,1.4733401802558892e-17,0.0,5.877978607105462e-19,-2.3779111983124956e-42,0.0
2.98,1,29.0,2e-15,12,-1.98,0.5075771768883085,7.715298287158753e-05,1.0,9.672967619662643,75.00650740334315,0.0,9.688788218877798,75.31454941614668,0.9999228499933432,1.005709825774291,False,False,False,1.225239722240885e-16,0.0,2.019741408188009e-19,-7.893075724871632e-36,0.0
2.99,1,29.0,2e-15,12,-1.9900000000000002,0.5075771768883085,7.611141209513992e-05,1.0,9.405182682004915,76.80187553808943,0.0,9.418997014963598,77.1034272941675,0.9999238914843049,1.005769390683064,False,False,False,1.2852916982312623e-16,0.0,4.69116729952499e-19,-4.487458282219708e-48,0.0
3.0,1,29.0,2e-15,12,-2.0,0.5075771768883085,7.509100224146095e-05,1.0,9.151735548584083,78.75046384112521,0.0,9.163693228073836,79.04631418007206,0.9999249118170173,1.0058383630738272,False,False,False,7.631696106792242e-17,0.0,5.139276026696657e-19,-3.050112976336602e-32,0.0
