{
  "status": "passed",
  "identity_residual": 2.220446049250313e-16,
  "equal_loss_residual": 6.280369834735101e-16,
  "logical_loss_residual": 0.0,
  "normalized_loss_orthogonality": 0.0,
  "mean_excitation_zero": 1.9999999999999996,
  "mean_excitation_one": 2.0000000000000004
}
