series,gamma_initial_prime,tau_gamma_f_t,y,z,distance_to_final,provenance
colder_0.02,0.02,0.0,0.03757174604697265,-0.0007514349209393201,0.9973099871376317,independent_matrix_exponential
colder_0.02,0.02,0.01,0.03720459332160378,-0.019337130824782722,0.9787431894480121,independent_matrix_exponential
colder_0.02,0.02,0.02,0.03685330726569101,-0.037576916828233276,0.9605225181253418,independent_matrix_exponential
colder_0.02,0.02,0.03,0.03651750268937802,-0.05547722493857832,0.9426415304452569,independent_matrix_exponential
colder_0.02,0.02,0.04,0.036196802462309496,-0.07304436762265876,0.9250939034898478,independent_matrix_exponential
colder_0.02,0.02,0.05,0.03589083735488134,-0.09028454002796626,0.9078734319209033,independent_matrix_exponential
colder_0.02,0.02,0.06,0.0355992458825304,-0.10720382216247615,0.8909740257945331,independent_matrix_exponential
colder_0.02,0.02,0.07,0.03532167415300563,-0.12380818103398705,0.8743897084163896,independent_matrix_exponential
colder_0.02,0.02,0.08,0.03505777571656525,-0.1401034727497137,0.8581146142367463,independent_matrix_exponential
colder_0.02,0.02,0.09,0.03480721141904365,-0.15609544457687607,0.8421429867846831,independent_matrix_exponential
colder_0.02,0.02,0.1,0.03456964925773508,-0.17178973696500643,0.8264691766406582,independent_matrix_exponential
colder_0.02,0.02,0.11,0.034344764240039696,-0.1871918855306861,0.8110876394467502,independent_matrix_exponential
colder_0.02,0.02,0.12,0.03413223824482078,-0.20230732300541177,0.7959929339538699,independent_matrix_exponential
colder_0.02,0.02,0.13,0.03393175988642135,-0.21714138114727244,0.7811797201052593,independent_matrix_exponential
colder_0.02,0.02,0.14,0.03374302438129009,-0.23169929261711386,0.7666427571555973,independent_matrix_exponential
colder_0.02,0.02,0.15,0.03356573341716739,-0.24598619281984602,0.7523769018250576,independent_matrix_exponential
colder_0.02,0.02,0.16,0.03339959502478291,-0.26000712171154383,0.7383771064876626,independent_matrix_exponential
colder_0.02,0.02,0.17,0.03324432345201746,-0.27376702557297505,0.7246384173933021,independent_matrix_exponential
colder_0.02,0.02,0.18,0.03309963904048229,-0.2872707587501804,0.7111559729227866,independent_matrix_exponential
colder_0.02,0.02,0.19,0.03296526810447048,-0.3005230853627163,0.6979250018753251,independent_matrix_exponential
colder_0.02,0.02,0.2,0.03284094281223508,-0.3135286809801633,0.6849408217878217,independent_matrix_exponential
colder_0.02,0.02,0.21,0.032726401069550666,-0.3262921342674855,0.6721988372854039,independent_matrix_exponential
colder_0.02,0.02,0.22,0.03262138640551427,-0.3388179485998255,0.6596945384625978,independent_matrix_exponential
colder_0.02,0.02,0.23,0.03252564786054412,-0.3511105436472973,0.6474234992945848,independent_matrix_exponential
colder_0.02,0.02,0.24,0.032438939876534255,-0.36317425693033756,0.6353813760779773,independent_matrix_exponential
colder_0.02,0.02,0.25,0.032361022189123914,-0.3750133453461607,0.6235639059005694,independent_matrix_exponential
colder_0.02,0.02,0.26,0.032291659722042315,-0.38663198666685616,0.6119669051395193,independent_matrix_exponential
colder_0.02,0.02,0.27,0.03223062248348906,-0.39803428100965266,0.6005862679874387,independent_matrix_exponential
colder_0.02,0.02,0.28,0.03217768546451171,-0.4092242522798676,0.5894179650058698,independent_matrix_exponential
colder_0.02,0.02,0.29,0.03213262853934292,-0.420205849587049,0.5784580417056413,independent_matrix_exponential
colder_0.02,0.02,0.3,0.032095236367659645,-0.430982948634809,0.567702617153601,independent_matrix_exponential
colder_0.02,0.02,0.31,0.03206529829872844,-0.44155935308483407,0.5571478826052418,independent_matrix_exponential
colder_0.02,0.02,0.32,0.032042608277400665,-0.45193879589555597,0.5467901001627321,independent_matrix_exponential
colder_0.02,0.02,0.33,0.03202696475192299,-0.462124940635952,0.5366256014578844,independent_matrix_exponential
colder_0.02,0.02,0.34,0.032018170583528384,-0.4721213827749361,0.5266507863595954,independent_matrix_exponential
colder_0.02,0.02,0.35000000000000003,0.03201603295777416,-0.4819316509467957,0.5168621217053054,independent_matrix_exponential
colder_0.02,0.02,0.36,0.03202036329759363,-0.49155920819311827,0.5072561400560283,independent_matrix_exponential
colder_0.02,0.02,0.37,0.03203097717802931,-0.5010074531816443,0.49782943847451694,independent_matrix_exponential
colder_0.02,0.02,0.38,0.032047694242615214,-0.5102797214024769,0.48857867732613064,independent_matrix_exponential
colder_0.02,0.02,0.39,0.0320703381213775,-0.5193792863420654,0.4795005791019872,independent_matrix_exponential
colder_0.02,0.02,0.4,0.032098736350422354,-0.5283093606353795,0.4705919272639817,independent_matrix_exponential
colder_0.02,0.02,0.41000000000000003,0.03213272029308117,-0.5370730971966773,0.4618495651112672,independent_matrix_exponential
colder_0.02,0.02,0.42,0.03217212506258361,-0.5456735903292641,0.45327039466779984,independent_matrix_exponential
colder_0.02,0.02,0.43,0.032216789446228994,-0.5541138768146343,0.4448513755905546,independent_matrix_exponential
colder_0.02,0.02,0.44,0.03226655583102834,-0.5623969369813775,0.4365895240980296,independent_matrix_exponential
colder_0.02,0.02,0.45,0.03232127013078841,-0.5705256957542262,0.4284819119186606,independent_matrix_exponential
colder_0.02,0.02,0.46,0.032380781714610826,-0.578503023683612,0.42052566525877805,independent_matrix_exponential
colder_0.02,0.02,0.47000000000000003,0.03244494333677915,-0.586331737956096,0.41271796378973896,independent_matrix_exponential
colder_0.02,0.02,0.48,0.03251361106800764,-0.5940146033860241,0.40505603965388387,independent_matrix_exponential
colder_0.02,0.02,0.49,0.03258664422802564,-0.6015543333887594,0.3975371764889629,independent_matrix_exponential
colder_0.02,0.02,0.5,0.032663905319472594,-0.6089535909358332,0.3901587084706917,independent_matrix_exponential
colder_0.02,0.02,0.51,0.032745259963078144,-0.6162149894923492,0.382918019373099,independent_matrix_exponential
colder_0.02,0.02,0.52,0.032830576834103536,-0.6233410939369718,0.37581254164633565,independent_matrix_exponential
colder_0.02,0.02,0.53,0.03291972760001984,-0.6303344214648221,0.3688397555116198,independent_matrix_exponential
colder_0.02,0.02,0.54,0.03301258685939965,-0.6371974424735989,0.3619971880730009,independent_matrix_exponential
colder_0.02,0.02,0.55,0.03310903208199913,-0.6439325814332352,0.35528241244562997,independent_matrix_exponential
colder_0.02,0.02,0.56,0.03320894355000781,-0.6505422177393985,0.34869304690022807,independent_matrix_exponential
colder_0.02,0.02,0.5700000000000001,0.03331220430044381,-0.6570286865511321,0.34222675402345426,independent_matrix_exponential
colder_0.02,0.02,0.58,0.03341870006867262,-0.663394279612935,0.33588123989387547,independent_matrix_exponential
colder_0.02,0.02,0.59,0.03352831923302825,-0.6696412460615667,0.32965425327324965,independent_matrix_exponential
colder_0.02,0.02,0.6,0.03364095276051553,-0.6757717932178627,0.32354358481283807,independent_matrix_exponential
colder_0.02,0.02,0.61,0.033756494153572916,-0.6817880873638388,0.3175470662744647,independent_matrix_exponential
colder_0.02,0.02,0.62,0.03387483939787594,-0.6876922545053556,0.3116625697660538,independent_matrix_exponential
colder_0.02,0.02,0.63,0.03399588691116098,-0.6934863811206151,0.30588800699137086,independent_matrix_exponential
colder_0.02,0.02,0.64,0.034119537493050245,-0.6991725148947485,0.3002213285137077,independent_matrix_exponential
colder_0.02,0.02,0.65,0.03424569427585869,-0.7047526654407568,0.2946605230332499,independent_matrix_exponential
colder_0.02,0.02,0.66,0.03437426267636422,-0.7102288050070563,0.28920361667787303,independent_matrix_exponential
colder_0.02,0.02,0.67,0.03450515034852273,-0.7156028691718774,0.28384867230711947,independent_matrix_exponential
colder_0.02,0.02,0.68,0.03463826713710995,-0.7208767575247628,0.27859378882910785,independent_matrix_exponential
colder_0.02,0.02,0.6900000000000001,0.03477352503227241,-0.726052334335402,0.2734371005301387,independent_matrix_exponential
colder_0.02,0.02,0.7000000000000001,0.03491083812497023,-0.7311314292100397,0.26837677641675756,independent_matrix_exponential
colder_0.02,0.02,0.71,0.03505012256329451,-0.736115837735689,0.2634110195700444,independent_matrix_exponential
colder_0.02,0.02,0.72,0.03519129650964281,-0.7410073221123732,0.2585380665119041,independent_matrix_exponential
colder_0.02,0.02,0.73,0.03533428009873611,-0.7458076117736221,0.25375618658313204,independent_matrix_exponential
colder_0.02,0.02,0.74,0.035478995396461446,-0.7505184039954382,0.2490636813330396,independent_matrix_exponential
colder_0.02,0.02,0.75,0.03562536635952404,-0.7551413644939494,0.24445888392042095,independent_matrix_exponential
colder_0.02,0.02,0.76,0.03577331879589385,-0.7596781280119562,0.239940158525653,independent_matrix_exponential
colder_0.02,0.02,0.77,0.03592278032603093,-0.7641302988945813,0.23550589977372116,independent_matrix_exponential
colder_0.02,0.02,0.78,0.036073680344875084,-0.7684994516542224,0.23115453216796775,independent_matrix_exponential
colder_0.02,0.02,0.79,0.036225949984584886,-0.7727871315250099,0.2268845095343627,independent_matrix_exponential
colder_0.02,0.02,0.8,0.0363795220780118,-0.7769948550069603,0.22269431447610336,independent_matrix_exponential
colder_0.02,0.02,0.81,0.036534331122895405,-0.7811241104000208,0.2185824578383493,independent_matrix_exponential
colder_0.02,0.02,0.8200000000000001,0.03669031324676576,-0.7851763583281898,0.2145474781829052,independent_matrix_exponential
colder_0.02,0.02,0.8300000000000001,0.03684740617253951,-0.7891530322538993,0.21058794127266645,independent_matrix_exponential
colder_0.02,0.02,0.84,0.03700554918479623,-0.7930555389828403,0.20670243956564577,independent_matrix_exponential
colder_0.02,0.02,0.85,0.03716468309672215,-0.7968852591594078,0.20288959171840304,independent_matrix_exponential
colder_0.02,0.02,0.86,0.037324750217708355,-0.800643547752939,0.19914804209870515,independent_matrix_exponential
colder_0.02,0.02,0.87,0.03748569432159099,-0.8043317345349194,0.1954764603072406,independent_matrix_exponential
colder_0.02,0.02,0.88,0.03764746061552089,-0.8079511245473187,0.19187354070822557,independent_matrix_exponential
colder_0.02,0.02,0.89,0.03780999570945096,-0.8115029985622276,0.18833800196873146,independent_matrix_exponential
colder_0.02,0.02,0.9,0.03797324758622907,-0.814988613532952,0.18486858660657599,independent_matrix_exponential
colder_0.02,0.02,0.91,0.038137165572284984,-0.8184092030367266,0.18146406054661504,independent_matrix_exponential
colder_0.02,0.02,0.92,0.03830170030889992,-0.8217659777092017,0.17812321268528253,independent_matrix_exponential
colder_0.02,0.02,0.93,0.03846680372404753,-0.8250601256708573,0.17484485446322245,independent_matrix_exponential
colder_0.02,0.02,0.9400000000000001,0.03863242900479519,-0.8282928129454933,0.17162781944586467,independent_matrix_exponential
colder_0.02,0.02,0.9500000000000001,0.03879853057025501,-0.8314651838709441,0.1684709629117951,independent_matrix_exponential
colder_0.02,0.02,0.96,0.038965064045073855,-0.8345783615021619,0.16537316144877684,independent_matrix_exponential
colder_0.02,0.02,0.97,0.03913198623345203,-0.8376334480068086,0.16233331255728015,independent_matrix_exponential
colder_0.02,0.02,0.98,0.03929925509368042,-0.840631525053499,0.15935033426138026,independent_matrix_exponential
colder_0.02,0.02,0.99,0.03946682971318618,-0.8435736541928291,0.15642316472688753,independent_matrix_exponential
colder_0.02,0.02,1.0,0.03963467028407706,-0.8464608772313232,0.15355076188657615,independent_matrix_exponential
colder_0.02,0.02,1.01,0.03980273807917484,-0.8492942165984345,0.15073210307237683,independent_matrix_exponential
colder_0.02,0.02,1.02,0.03997099542852848,-0.8520746757067246,0.14796618465440717,independent_matrix_exponential
colder_0.02,0.02,1.03,0.040139405696397436,-0.8548032393053505,0.14525202168671134,independent_matrix_exponential
colder_0.02,0.02,1.04,0.040307933258696645,-0.8574808738269843,0.1425886475595834,independent_matrix_exponential
colder_0.02,0.02,1.05,0.04047654348089353,-0.860108527728285,0.1399751136583542,independent_matrix_exponential
colder_0.02,0.02,1.06,0.04064520269634894,-0.8626871318240442,0.13741048902852027,independent_matrix_exponential
colder_0.02,0.02,1.07,0.04081387818509311,-0.865217599615123,0.13489386004709691,independent_matrix_exponential
colder_0.02,0.02,1.08,0.04098253815302831,-0.8677008276102955,0.13242433010008003,independent_matrix_exponential
colder_0.02,0.02,1.09,0.04115115171154985,-0.8701376956421102,0.1300010192659049,independent_matrix_exponential
colder_0.02,0.02,1.1,0.041319688857577606,-0.8725290671768835,0.12762306400478693,independent_matrix_exponential
colder_0.02,0.02,1.11,0.041488120453989766,-0.8748757896189328,0.1252896168538386,independent_matrix_exponential
colder_0.02,0.02,1.12,0.041656418210451296,-0.8771786946091547,0.12299984612785392,independent_matrix_exponential
colder_0.02,0.02,1.1300000000000001,0.04182455466462935,-0.879438598318057,0.12075293562565419,independent_matrix_exponential
colder_0.02,0.02,1.1400000000000001,0.04199250316378815,-0.8816563017333441,0.11854808434189391,independent_matrix_exponential
colder_0.02,0.02,1.1500000000000001,0.042160237846756,-0.883832590942158,0.1163845061842237,independent_matrix_exponential
colder_0.02,0.02,1.16,0.04232773362625717,-0.8859682374080762,0.11426142969571135,independent_matrix_exponential
colder_0.02,0.02,1.17,0.04249496617160175,-0.8880639982429603,0.11217809778242324,independent_matrix_exponential
colder_0.02,0.02,1.18,0.042661911891726065,-0.8901206164737546,0.1101337674460709,independent_matrix_exponential
colder_0.02,0.02,1.19,0.042828547918577646,-0.8921388213043252,0.1081277095216278,independent_matrix_exponential
colder_0.02,0.02,1.2,0.04299485209083709,-0.8941193283724349,0.10615920841982429,independent_matrix_exponential
colder_0.02,0.02,1.21,0.04316080293797112,-0.8960628400019416,0.10422756187443082,independent_matrix_exponential
colder_0.02,0.02,1.22,0.04332637966460995,-0.8979700454503106,0.10233208069423956,independent_matrix_exponential
colder_0.02,0.02,1.23,0.043491562135242634,-0.8998416211515277,0.10047208851965742,independent_matrix_exponential
colder_0.02,0.02,1.24,0.04365633085922452,-0.901678230954497,0.09864692158382625,independent_matrix_exponential
colder_0.02,0.02,1.25,0.04382066697609041,-0.90348052635701,0.09685592847818333,independent_matrix_exponential
colder_0.02,0.02,1.26,0.04398455224116763,-0.9052491467353656,0.09509846992238317,independent_matrix_exponential
colder_0.02,0.02,1.27,0.04414796901148321,-0.9069847195697234,0.09337391853849643,independent_matrix_exponential
colder_0.02,0.02,1.28,0.04431090023195935,-0.9086878606652694,0.09168165862940879,independent_matrix_exponential
colder_0.02,0.02,1.29,0.044473329421891486,-0.9103591743692714,0.09002108596134127,independent_matrix_exponential
colder_0.02,0.02,1.3,0.04463524066170377,-0.9119992537841001,0.08839160755041527,independent_matrix_exponential
colder_0.02,0.02,1.31,0.044796618579976036,-0.913608680976293,0.08679264145318652,independent_matrix_exponential
colder_0.02,0.02,1.32,0.04495744834073746,-0.9151880271817315,0.08522361656107665,independent_matrix_exponential
colder_0.02,0.02,1.33,0.04511771563102139,-0.9167378530070062,0.08368397239862707,independent_matrix_exponential
colder_0.02,0.02,1.34,0.04527740664867634,-0.9182587086270387,0.08217315892550703,independent_matrix_exponential
colder_0.02,0.02,1.35,0.04543650809042814,-0.9197511339790327,0.08069063634220379,independent_matrix_exponential
colder_0.02,0.02,1.36,0.04559500714018831,-0.9212156589528188,0.07923587489932866,independent_matrix_exponential
colder_0.02,0.02,1.37,0.04575289145760391,-0.9226528035776624,0.07780835471047064,independent_matrix_exponential
colder_0.02,0.02,1.3800000000000001,0.045910149166844015,-0.9240630782056016,0.07640756556853136,independent_matrix_exponential
colder_0.02,0.02,1.3900000000000001,0.04606676884561825,-0.9254469836913746,0.07503300676547946,independent_matrix_exponential
colder_0.02,0.02,1.4000000000000001,0.046222739514422906,-0.9268050115690063,0.07368418691545683,independent_matrix_exponential
colder_0.02,0.02,1.41,0.04637805062601001,-0.9281376442251118,0.07236062378117854,independent_matrix_exponential
colder_0.02,0.02,1.42,0.04653269205507511,-0.9294453550689785,0.07106184410356328,independent_matrix_exponential
colder_0.02,0.02,1.43,0.04668665408815949,-0.9307286086994888,0.06978738343453424,independent_matrix_exponential
colder_0.02,0.02,1.44,0.04683992741376239,-0.9319878610689394,0.06853678597293297,independent_matrix_exponential
colder_0.02,0.02,1.45,0.04699250311265949,-0.9332235596438159,0.06730960440348813,independent_matrix_exponential
colder_0.02,0.02,1.46,0.04714437264842319,-0.9344361435625806,0.06610539973878102,independent_matrix_exponential
colder_0.02,0.02,1.47,0.04729552785814101,-0.935626043790527,0.06492374116415466,independent_matrix_exponential
colder_0.02,0.02,1.48,0.04744596094332804,-0.9367936832717558,0.06376420588551068,independent_matrix_exponential
colder_0.02,0.02,1.49,0.047595664461029794,-0.9379394770783274,0.0626263789799402,independent_matrix_exponential
colder_0.02,0.02,1.5,0.04774463131511142,-0.9390638325566416,0.061509853249137034,independent_matrix_exponential
colder_0.02,0.02,1.51,0.04789285474772999,-0.9401671494710973,0.06041422907554149,independent_matrix_exponential
colder_0.02,0.02,1.52,0.04804032833098589,-0.9412498201450819,0.059339114281163154,independent_matrix_exponential
colder_0.02,0.02,1.53,0.04818704595875003,-0.9423122295993399,0.05828412398903549,independent_matrix_exponential
colder_0.02,0.02,1.54,0.04833300183866321,-0.9433547556877713,0.057248880487250145,independent_matrix_exponential
colder_0.02,0.02,1.55,0.04847819048430441,-0.9443777692307035,0.056233013095526974,independent_matrix_exponential
colder_0.02,0.02,1.56,0.04862260670752462,-0.9453816341456894,0.05523615803426882,independent_matrix_exponential
colder_0.02,0.02,1.57,0.04876624561094274,-0.9463667075758715,0.05425795829605952,independent_matrix_exponential
colder_0.02,0.02,1.58,0.04890910258060069,-0.9473333400159621,0.05329806351955545,independent_matrix_exponential
colder_0.02,0.02,1.59,0.04905117327877426,-0.9482818754358816,0.05235612986572982,independent_matrix_exponential
colder_0.02,0.02,1.6,0.049192453636936834,-0.9492126514020982,0.05143181989642418,independent_matrix_exponential
colder_0.02,0.02,1.61,0.0493329398488728,-0.9501259991967128,0.050524802455165746,independent_matrix_exponential
colder_0.02,0.02,1.62,0.04947262836393773,-0.9510222439343307,0.04963475255020725,independent_matrix_exponential
colder_0.02,0.02,1.6300000000000001,0.04961151588046252,-0.9519017046767605,0.04876135123974944,independent_matrix_exponential
colder_0.02,0.02,1.6400000000000001,0.049749599339298414,-0.952764694545582,0.04790428551930514,independent_matrix_exponential
colder_0.02,0.02,1.6500000000000001,0.04988687591750031,-0.9536115208326202,0.04706324821116631,independent_matrix_exponential
colder_0.02,0.02,1.6600000000000001,0.0500233430221455,-0.954442485108368,0.046237937855933206,independent_matrix_exponential
colder_0.02,0.02,1.67,0.050158998284285126,-0.9552578833283919,0.0454280586060698,independent_matrix_exponential
colder_0.02,0.02,1.68,0.05029383955302581,-0.9560580059377609,0.04463332012144637,independent_matrix_exponential
colder_0.02,0.02,1.69,0.050427864889738744,-0.9568431379735338,0.04385343746683384,independent_matrix_exponential
colder_0.02,0.02,1.7,0.050561072562393755,-0.9576135591653419,0.04308813101131241,independent_matrix_exponential
colder_0.02,0.02,1.71,0.05069346104001591,-0.9583695440341019,0.042337126329559924,independent_matrix_exponential
colder_0.02,0.02,1.72,0.05082502898726203,-0.959111361988894,0.04160015410498582,independent_matrix_exponential
colder_0.02,0.02,1.73,0.050955775259114953,-0.9598392774220396,0.04087695003467456,independent_matrix_exponential
colder_0.02,0.02,1.74,0.05108569889569299,-0.9605535498024105,0.04016725473610799,independent_matrix_exponential
colder_0.02,0.02,1.75,0.051214799117172374,-0.9612544337670055,0.039470813655630814,independent_matrix_exponential
colder_0.02,0.02,1.76,0.051343075318820416,-0.961942179210823,0.03878737697862928,independent_matrix_exponential
colder_0.02,0.02,1.77,0.05147052706613714,-0.9626170313750647,0.038116699541389604,independent_matrix_exponential
colder_0.02,0.02,1.78,0.051597154090103195,-0.9632792309336977,0.0374585407446072,independent_matrix_exponential
colder_0.02,0.02,1.79,0.05172295628253199,-0.9639290140784097,0.036812664468513674,independent_matrix_exponential
colder_0.02,0.02,1.8,0.05184793369152382,-0.9645666126019832,0.03617883898959414,independent_matrix_exponential
colder_0.02,0.02,1.81,0.05197208651702014,-0.9651922539801213,0.035556836898863305,independent_matrix_exponential
colder_0.02,0.02,1.82,0.05209541510645572,-0.9658061614517515,0.034946435021673564,independent_matrix_exponential
colder_0.02,0.02,1.83,0.052217919950506876,-0.9664085540978369,0.03434741433902493,independent_matrix_exponential
colder_0.02,0.02,1.84,0.052339601678933846,-0.9669996469187225,0.033759559910350755,independent_matrix_exponential
colder_0.02,0.02,1.85,0.0524604610565153,-0.9675796509100442,0.033182660797749945,independent_matrix_exponential
colder_0.02,0.02,1.86,0.05258049897907323,-0.9681487731372256,0.032616509991640855,independent_matrix_exponential
colder_0.02,0.02,1.87,0.052699716469586294,-0.9687072168085907,0.03206090433780995,independent_matrix_exponential
colder_0.02,0.02,1.8800000000000001,0.05281811467438995,-0.9692551813471173,0.03151564446582868,independent_matrix_exponential
colder_0.02,0.02,1.8900000000000001,0.05293569485946148,-0.9697928624608567,0.030980534718813575,independent_matrix_exponential
colder_0.02,0.02,1.9000000000000001,0.05305245840678832,-0.9703204522120437,0.030455383084506148,independent_matrix_exponential
colder_0.02,0.02,1.9100000000000001,0.05316840681081792,-0.9708381390849224,0.02994000112764545,independent_matrix_exponential
colder_0.02,0.02,1.92,0.05328354167498744,-0.9713461080523115,0.02943420392361184,independent_matrix_exponential
colder_0.02,0.02,1.93,0.0533978647083318,-0.9718445406409304,0.028937809993317094,independent_matrix_exponential
colder_0.02,0.02,1.94,0.05351137772216842,-0.9723336149955132,0.02845064123931782,independent_matrix_exponential
colder_0.02,0.02,1.95,0.05362408262685698,-0.9728135059417288,0.027972522883130086,independent_matrix_exponential
colder_0.02,0.02,1.96,0.05373598142863284,-0.9732843850479327,0.02750328340372195,independent_matrix_exponential
colder_0.02,0.02,1.97,0.053847076226512566,-0.9737464206857697,0.027042754477163512,independent_matrix_exponential
colder_0.02,0.02,1.98,0.05395736920927003,-0.9741997780896505,0.02659077091741124,independent_matrix_exponential
colder_0.02,0.02,1.99,0.05406686265248169,-0.9746446194151227,0.026147170618206914,independent_matrix_exponential
colder_0.02,0.02,2.0,0.05417555891563962,-0.9750811037961561,0.02571179449606936,independent_matrix_exponential
colder_0.02,0.02,2.0100000000000002,0.05428346043933096,-0.9755093874013631,0.025284486434359814,independent_matrix_exponential
colder_0.02,0.02,2.02,0.05439056974248231,-0.9759296234891743,0.024865093228399263,independent_matrix_exponential
colder_0.02,0.02,2.0300000000000002,0.05449688941966786,-0.9763419624619883,0.024453464531619687,independent_matrix_exponential
colder_0.02,0.02,2.04,0.054602422138479836,-0.9767465519193134,0.024049452802729646,independent_matrix_exponential
colder_0.02,0.02,2.05,0.054707170636960054,-0.9771435367099234,0.023652913253873385,independent_matrix_exponential
colder_0.02,0.02,2.06,0.05481113772109137,-0.977533058983042,0.023263703799768252,independent_matrix_exponential
colder_0.02,0.02,2.07,0.05491432626234757,-0.9779152582385766,0.022881685007798653,independent_matrix_exponential
colder_0.02,0.02,2.08,0.055016739195300805,-0.9782902713764174,0.022506720049051056,independent_matrix_exponential
colder_0.02,0.02,2.09,0.05511837951528518,-0.9786582327448206,0.022138674650270945,independent_matrix_exponential
colder_0.02,0.02,2.1,0.05521925027611531,-0.9790192741878908,0.02177741704672541,independent_matrix_exponential
colder_0.02,0.02,2.11,0.05531935458785893,-0.9793735250921827,0.02142281793595307,independent_matrix_exponential
colder_0.02,0.02,2.12,0.055418695614662145,-0.9797211124324338,0.021074750432386158,independent_matrix_exponential
colder_0.02,0.02,2.13,0.05551727657262643,-0.9800621608164487,0.020733090022826847,independent_matrix_exponential
colder_0.02,0.02,2.14,0.0556151007277363,-0.9803967925291479,0.020397714522762768,independent_matrix_exponential
colder_0.02,0.02,2.15,0.055712171393836475,-0.980725127575798,0.020068504033504783,independent_matrix_exponential
colder_0.02,0.02,2.16,0.0558084919306576,-0.9810472837244375,0.019745340900132757,independent_matrix_exponential
colder_0.02,0.02,2.17,0.0559040657418895,-0.9813633765475144,0.019428109670232667,independent_matrix_exponential
colder_0.02,0.02,2.18,0.05599889627330095,-0.9816735194627495,0.01911669705341031,independent_matrix_exponential
colder_0.02,0.02,2.19,0.056092987010905086,-0.9819778237732391,0.018810991881568144,independent_matrix_exponential
colder_0.02,0.02,2.2,0.05618634147916927,-0.9822763987068134,0.018510885069927773,independent_matrix_exponential
colder_0.02,0.02,2.21,0.05627896323926876,-0.9825693514546614,0.018216269578787744,independent_matrix_exponential
colder_0.02,0.02,2.22,0.05637085588738312,-0.982856787209239,0.01792704037599861,independent_matrix_exponential
colder_0.02,0.02,2.23,0.05646202305303444,-0.9831388092014713,0.0176430944001442,independent_matrix_exponential
colder_0.02,0.02,2.24,0.05655246839746659,-0.9834155187372636,0.01736433052441469,independent_matrix_exponential
colder_0.02,0.02,2.25,0.056642195612064544,-0.9836870152333332,0.017090649521157415,independent_matrix_exponential
colder_0.02,0.02,2.2600000000000002,0.05673120841681306,-0.9839533962523748,0.016821954027093907,independent_matrix_exponential
colder_0.02,0.02,2.27,0.056819510558793675,-0.9842147575375725,0.01655814850918818,independent_matrix_exponential
colder_0.02,0.02,2.2800000000000002,0.05690710581071951,-0.9844711930464694,0.016299139231156053,independent_matrix_exponential
colder_0.02,0.02,2.29,0.05699399796950672,-0.9847227949842075,0.01604483422060093,independent_matrix_exponential
colder_0.02,0.02,2.3000000000000003,0.05708019085488218,-0.9849696538361499,0.01579514323676487,independent_matrix_exponential
colder_0.02,0.02,2.31,0.057165688308026284,-0.9852118583998957,0.015549977738883137,independent_matrix_exponential
colder_0.02,0.02,2.32,0.057250494190250495,-0.9854494958167003,0.015309250855129308,independent_matrix_exponential
colder_0.02,0.02,2.33,0.05733461238170849,-0.9856826516023101,0.015072877352141446,independent_matrix_exponential
colder_0.02,0.02,2.34,0.057418046780140536,-0.9859114096772252,0.014840773605115164,independent_matrix_exponential
colder_0.02,0.02,2.35,0.057500801299650184,-0.9861358523963989,0.01461285756845478,independent_matrix_exponential
colder_0.02,0.02,2.36,0.057582879869512674,-0.9863560605783837,0.014389048746970666,independent_matrix_exponential
colder_0.02,0.02,2.37,0.05766428643301438,-0.986572113533937,0.01416926816761148,independent_matrix_exponential
colder_0.02,0.02,2.38,0.057745024946322485,-0.9867840890940938,0.013953438351722101,independent_matrix_exponential
colder_0.02,0.02,2.39,0.05782509937738451,-0.9869920636377172,0.013741483287814965,independent_matrix_exponential
colder_0.02,0.02,2.4,0.05790451370485675,-0.987196112118537,0.013533328404846813,independent_matrix_exponential
colder_0.02,0.02,2.41,0.05798327191706129,-0.9873963080916852,0.013328900545988506,independent_matrix_exponential
colder_0.02,0.02,2.42,0.05806137801097067,-0.9875927237397379,0.013128127942880203,independent_matrix_exponential
colder_0.02,0.02,2.43,0.058138835991219925,-0.9877854298982732,0.012930940190360382,independent_matrix_exponential
colder_0.02,0.02,2.44,0.05821564986914511,-0.9879744960809529,0.01273726822166101,independent_matrix_exponential
colder_0.02,0.02,2.45,0.058291823661848007,-0.9881599905041386,0.012547044284057873,independent_matrix_exponential
colder_0.02,0.02,2.46,0.05836736139128619,-0.9883419801110499,0.012360201914967976,independent_matrix_exponential
colder_0.02,0.02,2.47,0.05844226708338812,-0.9885205305954724,0.012176675918485052,independent_matrix_exponential
colder_0.02,0.02,2.48,0.05851654476719258,-0.9886957064250256,0.011996402342343811,independent_matrix_exponential
colder_0.02,0.02,2.49,0.05859019847401192,-0.9888675708639977,0.011819318455304654,independent_matrix_exponential
colder_0.02,0.02,2.5,0.05866323223661876,-0.9890361859957557,0.01164536272495053,independent_matrix_exponential
colder_0.02,0.02,2.5100000000000002,0.05873565008845537,-0.9892016127447386,0.011474474795887495,independent_matrix_exponential
colder_0.02,0.02,2.52,0.05880745606286542,-0.9893639108980415,0.011306595468340718,independent_matrix_exponential
colder_0.02,0.02,2.5300000000000002,0.05887865419234764,-0.9895231391265981,0.011141666677138541,independent_matrix_exponential
colder_0.02,0.02,2.54,0.058949248507830704,-0.9896793550059695,0.010979631471075503,independent_matrix_exponential
colder_0.02,0.02,2.5500000000000003,0.05901924303796905,-0.9898326150367462,0.010820433992648539,independent_matrix_exponential
colder_0.02,0.02,2.56,0.059088641808459096,-0.9899829746645704,0.010664019458157328,independent_matrix_exponential
colder_0.02,0.02,2.57,0.05915744884137545,-0.9901304882997858,0.01051033413816203,independent_matrix_exponential
colder_0.02,0.02,2.58,0.05922566815452663,-0.990275209336722,0.010359325338291491,independent_matrix_exponential
colder_0.02,0.02,2.59,0.05929330376082978,-0.9904171901726204,0.010210941380394249,independent_matrix_exponential
colder_0.02,0.02,2.6,0.05936035966770421,-0.9905564822262076,0.010065131584026152,independent_matrix_exponential
colder_0.02,0.02,2.61,0.059426839876483006,-0.9906931359559237,0.009921846248267089,independent_matrix_exponential
colder_0.02,0.02,2.62,0.0594927483818426,-0.9908272008778106,0.009781036633861304,independent_matrix_exponential
colder_0.02,0.02,2.63,0.05955808917124969,-0.9909587255830692,0.009642654945673457,independent_matrix_exponential
colder_0.02,0.02,2.64,0.05962286622442525,-0.9910877577552879,0.009506654315455582,independent_matrix_exponential
colder_0.02,0.02,2.65,0.05968708351282517,-0.9912143441873523,0.009372988784917565,independent_matrix_exponential
colder_0.02,0.02,2.66,0.0597507449991372,-0.9913385307980392,0.009241613289096,independent_matrix_exponential
colder_0.02,0.02,2.67,0.05981385463679373,-0.991460362648303,0.009112483640014563,independent_matrix_exponential
colder_0.02,0.02,2.68,0.05987641636950026,-0.9915798839572569,0.008985556510631829,independent_matrix_exponential
colder_0.02,0.02,2.69,0.05993843413077891,-0.9916971381178602,0.00886078941906847,independent_matrix_exponential
colder_0.02,0.02,2.7,0.05999991184352689,-0.9918121677123101,0.00873814071311079,independent_matrix_exponential
colder_0.02,0.02,2.71,0.060060853419589444,-0.9919250145271498,0.00861756955498334,independent_matrix_exponential
colder_0.02,0.02,2.72,0.06012126275934693,-0.9920357195680941,0.008499035906386716,independent_matrix_exponential
colder_0.02,0.02,2.73,0.06018114375131581,-0.9921443230745797,0.008382500513794579,independent_matrix_exponential
colder_0.02,0.02,2.74,0.06024050027176318,-0.9922508645340445,0.008267924894004953,independent_matrix_exponential
colder_0.02,0.02,2.75,0.06029933618433443,-0.9923553826959414,0.008155271319941891,independent_matrix_exponential
colder_0.02,0.02,2.7600000000000002,0.060357655339693936,-0.992457915585491,0.00804450280670102,independent_matrix_exponential
colder_0.02,0.02,2.77,0.06041546157517825,-0.9925585005171796,0.007935583097835772,independent_matrix_exponential
colder_0.02,0.02,2.7800000000000002,0.060472758714461713,-0.9926571741080037,0.007828476651879909,independent_matrix_exponential
colder_0.02,0.02,2.79,0.06052955056723403,-0.9927539722904706,0.007723148629099893,independent_matrix_exponential
colder_0.02,0.02,2.8000000000000003,0.06058584092888963,-0.9928489303253553,0.007619564878475622,independent_matrix_exponential
colder_0.02,0.02,2.81,0.060641633580228456,-0.9929420828142208,0.007517691924903056,independent_matrix_exponential
colder_0.02,0.02,2.82,0.06069693228716806,-0.9930334637117055,0.007417496956615697,independent_matrix_exponential
colder_0.02,0.02,2.83,0.0607517408004665,-0.9931231063375815,0.00731894781282081,independent_matrix_exponential
colder_0.02,0.02,2.84,0.06080606285545601,-0.9932110433885883,0.007222012971546427,independent_matrix_exponential
colder_0.02,0.02,2.85,0.06085990217178713,-0.9932973069500476,0.0071266615376949635,independent_matrix_exponential
colder_0.02,0.02,2.86,0.060913262453182855,-0.9933819285072599,0.007032863231300559,independent_matrix_exponential
colder_0.02,0.02,2.87,0.06096614738720291,-0.9934649389566911,0.0069405883759856585,independent_matrix_exponential
colder_0.02,0.02,2.88,0.06101856064501761,-0.9935463686169492,0.006849807887613785,independent_matrix_exponential
colder_0.02,0.02,2.89,0.06107050588119119,-0.9936262472395582,0.006760493263135065,independent_matrix_exponential
colder_0.02,0.02,2.9,0.061121986733474395,-0.9937046040195296,0.006672616569621174,independent_matrix_exponential
colder_0.02,0.02,2.91,0.061173006822606124,-0.9937814676057398,0.006586150433485816,independent_matrix_exponential
colder_0.02,0.02,2.92,0.06122356975212375,-0.9938568661111113,0.006501068029888858,independent_matrix_exponential
colder_0.02,0.02,2.93,0.06127367910818212,-0.9939308271226069,0.00641734307231962,independent_matrix_exponential
colder_0.02,0.02,2.94,0.061323338459380886,-0.9940033777110368,0.006334949802356984,independent_matrix_exponential
colder_0.02,0.02,2.95,0.06137255135660001,-0.9940745444406826,0.0062538629796036905,independent_matrix_exponential
colder_0.02,0.02,2.96,0.0614213213328432,-0.9941443533787437,0.006174057871790999,independent_matrix_exponential
colder_0.02,0.02,2.97,0.061469651903089166,-0.9942128301046068,0.006095510245051778,independent_matrix_exponential
colder_0.02,0.02,2.98,0.06151754656415039,-0.9942799997189424,0.00601819635435896,independent_matrix_exponential
colder_0.02,0.02,2.99,0.06156500879453932,-0.9943458868526337,0.0059420929341262654,independent_matrix_exponential
colder_0.02,0.02,3.0,0.061612042054341745,-0.9944105156755371,0.00586717718896969,independent_matrix_exponential
colder_0.02,0.02,3.0100000000000002,0.061658649785097164,-0.9944739099050819,0.005793426784625539,independent_matrix_exponential
colder_0.02,0.02,3.02,0.06170483540968607,-0.9945360928147077,0.005720819839024634,independent_matrix_exponential
colder_0.02,0.02,3.0300000000000002,0.061750602332223806,-0.9945970872421465,0.005649334913517946,independent_matrix_exponential
colder_0.02,0.02,3.04,0.061795953937961,-0.9946569155975495,0.005578951004253172,independent_matrix_exponential
colder_0.02,0.02,3.0500000000000003,0.06184089359319028,-0.9947155998714636,0.00550964753369879,independent_matrix_exponential
colder_0.02,0.02,3.06,0.06188542464515917,-0.9947731616426582,0.005441404342313903,independent_matrix_exponential
colder_0.02,0.02,3.0700000000000003,0.06192955042198901,-0.9948296220858067,0.005374201680361483,independent_matrix_exponential
colder_0.02,0.02,3.08,0.06197327423259973,-0.9948850019790264,0.005308020199862277,independent_matrix_exponential
colder_0.02,0.02,3.09,0.06201659936664031,-0.9949393217112755,0.00524284094668847,independent_matrix_exponential
colder_0.02,0.02,3.1,0.06205952909442479,-0.9949926012896144,0.005178645352793782,independent_matrix_exponential
colder_0.02,0.02,3.11,0.06210206666687373,-0.995044860346331,0.005115415228578541,independent_matrix_exponential
colder_0.02,0.02,3.12,0.06214421531546089,-0.9950961181459331,0.005053132755387827,independent_matrix_exponential
colder_0.02,0.02,3.13,0.062185978252165035,-0.9951463935920116,0.004991780478140195,independent_matrix_exponential
colder_0.02,0.02,3.14,0.06222735866942678,-0.9951957052339746,0.0049313412980856825,independent_matrix_exponential
colder_0.02,0.02,3.15,0.06226835974011023,-0.9952440712736571,0.004871798465690644,independent_matrix_exponential
colder_0.02,0.02,3.16,0.06230898461746938,-0.995291509571807,0.004813135573648057,independent_matrix_exponential
colder_0.02,0.02,3.17,0.06234923643511909,-0.9953380376544511,0.004755336550010765,independent_matrix_exponential
colder_0.02,0.02,3.18,0.06238911830701056,-0.9953836727191414,0.00469838565144675,independent_matrix_exponential
colder_0.02,0.02,3.19,0.06242863332741114,-0.9954284316410862,0.004642267456614051,independent_matrix_exponential
colder_0.02,0.02,3.2,0.062467784570888335,-0.9954723309791665,0.004586966859653374,independent_matrix_exponential
colder_0.02,0.02,3.21,0.06250657509229801,-0.9955153869818403,0.0045324690637977534,independent_matrix_exponential
colder_0.02,0.02,3.22,0.06254500792677649,-0.9955576155929369,0.004478759575096196,independent_matrix_exponential
colder_0.02,0.02,3.23,0.06258308608973662,-0.9955990324573438,0.004425824196250657,independent_matrix_exponential
colder_0.02,0.02,3.24,0.06262081257686757,-0.9956396529265874,0.004373649020564249,independent_matrix_exponential
colder_0.02,0.02,3.25,0.06265819036413826,-0.995679492064309,0.0043222204259994465,independent_matrix_exponential
colder_0.02,0.02,3.2600000000000002,0.06269522240780455,-0.9957185646516401,0.004271525069343857,independent_matrix_exponential
colder_0.02,0.02,3.27,0.06273191164441957,-0.9957568851924773,0.004221549880483062,independent_matrix_exponential
colder_0.02,0.02,3.2800000000000002,0.06276826099084773,-0.9957944679186576,0.0041722820567784945,independent_matrix_exponential
colder_0.02,0.02,3.29,0.06280427334428174,-0.9958313267950392,0.004123709057548354,independent_matrix_exponential
colder_0.02,0.02,3.3000000000000003,0.06283995158226295,-0.9958674755244865,0.004075818598650949,independent_matrix_exponential
colder_0.02,0.02,3.31,0.0628752985627048,-0.9959029275527627,0.0040285986471682534,independent_matrix_exponential
colder_0.02,0.02,3.3200000000000003,0.06291031712391902,-0.9959376960733308,0.003982037416188545,independent_matrix_exponential
colder_0.02,0.02,3.33,0.06294501008464504,-0.9959717940320658,0.0039361233596867115,independent_matrix_exponential
colder_0.02,0.02,3.34,0.0629793802440819,-0.9960052341318786,0.0038908451675004137,independent_matrix_exponential
colder_0.02,0.02,3.35,0.06301343038192314,-0.9960380288372538,0.003846191760401143,independent_matrix_exponential
colder_0.02,0.02,3.36,0.06304716325839413,-0.9960701903787036,0.003802152285258382,independent_matrix_exponential
colder_0.02,0.02,3.37,0.06308058161429206,-0.9961017307571378,0.003758716110295761,independent_matrix_exponential
colder_0.02,0.02,3.38,0.0631136881710284,-0.9961326617481531,0.003715872820437613,independent_matrix_exponential
colder_0.02,0.02,3.39,0.0631464856306737,-0.9961629949062417,0.003673612212744787,independent_matrix_exponential
colder_0.02,0.02,3.4,0.06317897667600475,-0.9961927415689228,0.003631924291937992,independent_matrix_exponential
colder_0.02,0.02,3.41,0.06321116397055401,-0.9962219128607956,0.0035907992660077674,independent_matrix_exponential
colder_0.02,0.02,3.42,0.06324305015866112,-0.996250519697518,0.0035502275419095927,independent_matrix_exponential
colder_0.02,0.02,3.43,0.06327463786552665,-0.9962785727897101,0.003510199721342571,independent_matrix_exponential
colder_0.02,0.02,3.44,0.06330592969726773,-0.9963060826467862,0.003470706596610774,independent_matrix_exponential
colder_0.02,0.02,3.45,0.06333692824097574,-0.9963330595807142,0.003431739146565863,independent_matrix_exponential
colder_0.02,0.02,3.46,0.06336763606477595,-0.9963595137097055,0.0033932885326293264,independent_matrix_exponential
colder_0.02,0.02,3.47,0.06339805571788878,-0.9963854549618367,0.0033553460948937634,independent_matrix_exponential
colder_0.02,0.02,3.48,0.06342818973069306,-0.9964108930786022,0.003317903348301417,independent_matrix_exponential
colder_0.02,0.02,3.49,0.06345804061479089,-0.9964358376184025,0.0032809519788986855,independent_matrix_exponential
colder_0.02,0.02,3.5,0.06348761086307413,-0.996460297959966,0.003244483840166053,independent_matrix_exponential
colder_0.02,0.02,3.5100000000000002,0.06351690294979251,-0.9964842833057082,0.0032084909494213146,independent_matrix_exponential
colder_0.02,0.02,3.52,0.06354591933062329,-0.9965078026850269,0.0031729654842955622,independent_matrix_exponential
colder_0.02,0.02,3.5300000000000002,0.06357466244274235,-0.9965308649575377,0.0031378997792804943,independent_matrix_exponential
colder_0.02,0.02,3.54,0.0636031347048967,-0.9965534788162477,0.0031032863223458638,independent_matrix_exponential
colder_0.02,0.02,3.5500000000000003,0.0636313385174784,-0.9965756527906704,0.0030691177516259977,independent_matrix_exponential
colder_0.02,0.02,3.56,0.06365927626259976,-0.9965973952498836,0.003035386852173951,independent_matrix_exponential
colder_0.02,0.02,3.5700000000000003,0.06368695030416976,-0.9966187144055286,0.0030020865527826427,independent_matrix_exponential
colder_0.02,0.02,3.58,0.06371436298797177,-0.9966396183147553,0.0029692099228713024,independent_matrix_exponential
colder_0.02,0.02,3.59,0.06374151664174235,-0.9966601148831103,0.002936750169436677,independent_matrix_exponential
colder_0.02,0.02,3.6,0.06376841357525125,-0.9966802118673733,0.002904700634067157,independent_matrix_exponential
colder_0.02,0.02,3.61,0.06379505608038233,-0.996699916878339,0.0028730547900195505,independent_matrix_exponential
colder_0.02,0.02,3.62,0.06382144643121572,-0.9967192373835482,0.0028418062393567225,independent_matrix_exponential
colder_0.02,0.02,3.63,0.06384758688411075,-0.996738180709967,0.0028109487101454955,independent_matrix_exponential
colder_0.02,0.02,3.64,0.06387347967778995,-0.9967567540466175,0.0027804760537133797,independent_matrix_exponential
colder_0.02,0.02,3.65,0.06389912703342383,-0.9967749644471574,0.002750382241963533,independent_matrix_exponential
colder_0.02,0.02,3.66,0.06392453115471668,-0.9967928188324136,0.002720661364746425,independent_matrix_exponential
colder_0.02,0.02,3.67,0.06394969422799296,-0.9968103239928672,0.0026913076272873635,independent_matrix_exponential
colder_0.02,0.02,3.68,0.06397461842228468,-0.9968274865910923,0.0026623153476692876,independent_matrix_exponential
colder_0.02,0.02,3.69,0.06399930588941934,-0.9968443131641502,0.002633678954368925,independent_matrix_exponential
colder_0.02,0.02,3.7,0.06402375876410869,-0.996860810125938,0.0026053929838461493,independent_matrix_exponential
colder_0.02,0.02,3.71,0.06404797916403811,-0.9968769837694933,0.0025774520781852925,independent_matrix_exponential
colder_0.02,0.02,3.72,0.06407196918995654,-0.9968928402692572,0.002549850982787181,independent_matrix_exponential
colder_0.02,0.02,3.73,0.06409573092576717,-0.9969083856832937,0.0025225845441112756,independent_matrix_exponential
colder_0.02,0.02,3.74,0.06411926643861847,-0.9969236259554682,0.002495647707466975,independent_matrix_exponential
colder_0.02,0.02,3.75,0.06414257777899596,-0.9969385669175859,0.002469035514852798,independent_matrix_exponential
colder_0.02,0.02,3.7600000000000002,0.06416566698081434,-0.9969532142914893,0.0024427431028428205,independent_matrix_exponential
colder_0.02,0.02,3.77,0.06418853606151008,-0.9969675736911172,0.0024167657005197516,independent_matrix_exponential
colder_0.02,0.02,3.7800000000000002,0.06421118702213455,-0.9969816506245255,0.002391098627452739,independent_matrix_exponential
colder_0.02,0.02,3.79,0.06423362184744741,-0.9969954504958698,0.002365737291720233,independent_matrix_exponential
colder_0.02,0.02,3.8000000000000003,0.06425584250601046,-0.9970089786073509,0.0023406771879764168,independent_matrix_exponential
colder_0.02,0.02,3.81,0.06427785095028188,-0.9970222401611251,0.0023159138955600555,independent_matrix_exponential
colder_0.02,0.02,3.8200000000000003,0.06429964911671059,-0.9970352402611771,0.0022914430766457633,independent_matrix_exponential
colder_0.02,0.02,3.83,0.06432123892583119,-0.9970479839151597,0.0022672604744359785,independent_matrix_exponential
colder_0.02,0.02,3.84,0.06434262228235889,-0.997060476036198,0.0022433619113935584,independent_matrix_exponential
colder_0.02,0.02,3.85,0.06436380107528486,-0.9970727214446604,0.0022197432875134667,independent_matrix_exponential
colder_0.02,0.02,3.86,0.06438477717797175,-0.9970847248698967,0.0021964005786334405,independent_matrix_exponential
colder_0.02,0.02,3.87,0.06440555244824933,-0.9970964909519433,0.002173329834782449,independent_matrix_exponential
colder_0.02,0.02,3.88,0.06442612872851039,-0.9971080242431969,0.0021505271785661646,independent_matrix_exponential
colder_0.02,0.02,3.89,0.06444650784580677,-0.9971193292100569,0.002127988803588917,independent_matrix_exponential
colder_0.02,0.02,3.9,0.06446669161194549,-0.9971304102345372,0.0021057109729111304,independent_matrix_exponential
colder_0.02,0.02,3.91,0.06448668182358491,-0.997141271615848,0.0020836900175417506,independent_matrix_exponential
colder_0.02,0.02,3.92,0.06450648026233122,-0.9971519175719473,0.0020619223349646943,independent_matrix_exponential
colder_0.02,0.02,3.93,0.06452608869483463,-0.9971623522410652,0.0020404043876986852,independent_matrix_exponential
colder_0.02,0.02,3.94,0.06454550887288593,-0.9971725796831974,0.002019132701890003,independent_matrix_exponential
colder_0.02,0.02,3.95,0.06456474253351291,-0.9971826038815731,0.001998103865936936,independent_matrix_exponential
colder_0.02,0.02,3.96,0.06458379139907673,-0.9971924287440936,0.001977314529146,independent_matrix_exponential
colder_0.02,0.02,3.97,0.06460265717736847,-0.9972020581047456,0.0019567614004183938,independent_matrix_exponential
colder_0.02,0.02,3.98,0.06462134156170549,-0.9972114957249868,0.0019364412469667631,independent_matrix_exponential
colder_0.02,0.02,3.99,0.06463984623102774,-0.9972207452951065,0.0019163508930612647,independent_matrix_exponential
colder_0.02,0.02,4.0,0.06465817284999414,-0.9972298104355609,0.0018964872188042372,independent_matrix_exponential
colder_0.02,0.02,4.01,0.06467632306907876,-0.9972386946982824,0.0018768471589332278,independent_matrix_exponential
colder_0.02,0.02,4.0200000000000005,0.06469429852466686,-0.9972474015679655,0.00185742770165139,independent_matrix_exponential
colder_0.02,0.02,4.03,0.06471210083915103,-0.9972559344633286,0.0018382258874846333,independent_matrix_exponential
colder_0.02,0.02,4.04,0.06472973162102695,-0.9972642967383514,0.001819238808165432,independent_matrix_exponential
colder_0.02,0.02,4.05,0.0647471924649892,-0.9972724916834901,0.0018004636055420297,independent_matrix_exponential
colder_0.02,0.02,4.0600000000000005,0.06476448495202679,-0.9972805225268696,0.0017818974705130072,independent_matrix_exponential
colder_0.02,0.02,4.07,0.06478161064951862,-0.9972883924354534,0.0017635376419863583,independent_matrix_exponential
colder_0.02,0.02,4.08,0.06479857111132871,-0.9972961045161917,0.001745381405862639,independent_matrix_exponential
colder_0.02,0.02,4.09,0.06481536787790121,-0.9973036618171474,0.0017274260940417338,independent_matrix_exponential
colder_0.02,0.02,4.1,0.06483200247635523,-0.9973110673286026,0.0017096690834524325,independent_matrix_exponential
colder_0.02,0.02,4.11,0.06484847642057953,-0.9973183239841431,0.0016921077951046158,independent_matrix_exponential
colder_0.02,0.02,4.12,0.06486479121132682,-0.9973254346617226,0.0016747396931633943,independent_matrix_exponential
colder_0.02,0.02,4.13,0.064880948336308,-0.9973324021847082,0.001657562284044609,independent_matrix_exponential
colder_0.02,0.02,4.14,0.06489694927028597,-0.9973392293229052,0.001640573115531467,independent_matrix_exponential
colder_0.02,0.02,4.15,0.06491279547516932,-0.9973459187935633,0.0016237697759115832,independent_matrix_exponential
colder_0.02,0.02,4.16,0.0649284884001057,-0.9973524732623635,0.0016071498931340895,independent_matrix_exponential
colder_0.02,0.02,4.17,0.06494402948157493,-0.9973588953443878,0.0015907111339862603,independent_matrix_exponential
colder_0.02,0.02,4.18,0.06495942014348172,-0.9973651876050692,0.0015744512032893538,independent_matrix_exponential
colder_0.02,0.02,4.19,0.06497466179724826,-0.9973713525611244,0.0015583678431131353,independent_matrix_exponential
colder_0.02,0.02,4.2,0.06498975584190633,-0.9973773926814705,0.0015424588320085044,independent_matrix_exponential
colder_0.02,0.02,4.21,0.06500470366418927,-0.9973833103881219,0.0015267219842582285,independent_matrix_exponential
colder_0.02,0.02,4.22,0.06501950663862348,-0.9973891080570733,0.001511155149144689,independent_matrix_exponential
colder_0.02,0.02,4.23,0.06503416612761961,-0.9973947880191638,0.0014957562102351156,independent_matrix_exponential
colder_0.02,0.02,4.24,0.06504868348156351,-0.9974003525609264,0.0014805230846831057,independent_matrix_exponential
colder_0.02,0.02,4.25,0.06506306003890674,-0.9974058039254209,0.0014654537225463756,independent_matrix_exponential
colder_0.02,0.02,4.26,0.06507729712625673,-0.9974111443130516,0.0014505461061205627,independent_matrix_exponential
colder_0.02,0.02,4.2700000000000005,0.06509139605846663,-0.9974163758823691,0.0014357982492883216,independent_matrix_exponential
colder_0.02,0.02,4.28,0.06510535813872478,-0.997421500750858,0.001421208196883556,independent_matrix_exponential
colder_0.02,0.02,4.29,0.06511918465864373,-0.9974265209957095,0.0014067740240704635,independent_matrix_exponential
colder_0.02,0.02,4.3,0.06513287689834903,-0.9974314386545785,0.0013924938357369895,independent_matrix_exponential
colder_0.02,0.02,4.3100000000000005,0.06514643612656748,-0.9974362557263289,0.0013783657659021586,independent_matrix_exponential
colder_0.02,0.02,4.32,0.06515986360071509,-0.9974409741717623,0.0013643879771374728,independent_matrix_exponential
colder_0.02,0.02,4.33,0.06517316056698463,-0.9974455959143349,0.0013505586600013404,independent_matrix_exponential
colder_0.02,0.02,4.34,0.06518632826043272,-0.9974501228408609,0.0013368760324868536,independent_matrix_exponential
colder_0.02,0.02,4.3500000000000005,0.06519936790506661,-0.997454556802201,0.0013233383394822226,independent_matrix_exponential
colder_0.02,0.02,4.36,0.06521228071393047,-0.9974588996139405,0.0013099438522436706,independent_matrix_exponential
colder_0.02,0.02,4.37,0.0652250678891913,-0.997463153057053,0.001296690867880526,independent_matrix_exponential
colder_0.02,0.02,4.38,0.0652377306222244,-0.997467318878552,0.001283577708852242,independent_matrix_exponential
colder_0.02,0.02,4.39,0.06525027009369849,-0.9974713987921306,0.0012706027224768518,independent_matrix_exponential
colder_0.02,0.02,4.4,0.06526268747366029,-0.9974753944787896,0.0012577642804508513,independent_matrix_exponential
colder_0.02,0.02,4.41,0.06527498392161875,-0.9974793075874525,0.0012450607783801551,independent_matrix_exponential
colder_0.02,0.02,4.42,0.06528716058662885,-0.9974831397355706,0.0012324906353216526,independent_matrix_exponential
colder_0.02,0.02,4.43,0.0652992186073749,-0.9974868925097155,0.0012200522933355088,independent_matrix_exponential
colder_0.02,0.02,4.44,0.06531115911225346,-0.9974905674661614,0.0012077442170475197,independent_matrix_exponential
colder_0.02,0.02,4.45,0.0653229832194558,-0.997494166131456,0.0011955648932215756,independent_matrix_exponential
colder_0.02,0.02,4.46,0.0653346920370499,-0.9974976900029808,0.0011835128303418969,independent_matrix_exponential
colder_0.02,0.02,4.47,0.06534628666306204,-0.9975011405495012,0.0011715865582047245,independent_matrix_exponential
colder_0.02,0.02,4.48,0.06535776818555787,-0.9975045192117056,0.00115978462751944,independent_matrix_exponential
colder_0.02,0.02,4.49,0.06536913768272311,-0.9975078274027351,0.0011481056095186304,independent_matrix_exponential
colder_0.02,0.02,4.5,0.06538039622294375,-0.9975110665087036,0.0011365480955770177,independent_matrix_exponential
colder_0.02,0.02,4.51,0.06539154486488578,-0.9975142378892066,0.0011251106968391655,independent_matrix_exponential
colder_0.02,0.02,4.5200000000000005,0.06540258465757454,-0.997517342877822,0.0011137920438554073,independent_matrix_exponential
colder_0.02,0.02,4.53,0.06541351664047342,-0.9975203827826015,0.001102590786226173,independent_matrix_exponential
colder_0.02,0.02,4.54,0.0654243418435624,-0.9975233588865511,0.00109150559225421,independent_matrix_exponential
colder_0.02,0.02,4.55,0.06543506128741586,-0.997526272448105,0.00108053514860468,independent_matrix_exponential
colder_0.02,0.02,4.5600000000000005,0.06544567598328,-0.9975291247015887,0.0010696781599729534,independent_matrix_exponential
colder_0.02,0.02,4.57,0.06545618693314986,-0.9975319168576744,0.0010589333487597222,independent_matrix_exponential
colder_0.02,0.02,4.58,0.06546659512984587,-0.9975346501038275,0.0010482994547534438,independent_matrix_exponential
colder_0.02,0.02,4.59,0.06547690155708978,-0.9975373256047448,0.001037775234819933,independent_matrix_exponential
colder_0.02,0.02,4.6000000000000005,0.06548710718958033,-0.9975399445027852,0.0010273594625987183,independent_matrix_exponential
colder_0.02,0.02,4.61,0.06549721299306831,-0.9975425079183903,0.00101705092820631,independent_matrix_exponential
colder_0.02,0.02,4.62,0.06550721992443119,-0.9975450169504999,0.0010068484379459374,independent_matrix_exponential
colder_0.02,0.02,4.63,0.06551712893174731,-0.9975474726769575,0.0009967508140237378,independent_matrix_exponential
colder_0.02,0.02,4.64,0.06552694095436958,-0.9975498761549091,0.0009867568942712088,independent_matrix_exponential
colder_0.02,0.02,4.65,0.0655366569229986,-0.9975522284211946,0.0009768655318737824,independent_matrix_exponential
colder_0.02,0.02,4.66,0.06554627775975558,-0.9975545304927316,0.0009670755951053366,independent_matrix_exponential
colder_0.02,0.02,4.67,0.06555580437825445,-0.9975567833668918,0.0009573859670685259,independent_matrix_exponential
colder_0.02,0.02,4.68,0.06556523768367378,-0.9975589880218712,0.0009477955454407904,independent_matrix_exponential
colder_0.02,0.02,4.69,0.06557457857282806,-0.9975611454170523,0.0009383032422258841,independent_matrix_exponential
colder_0.02,0.02,4.7,0.06558382793423857,-0.9975632564933602,0.0009289079835108279,independent_matrix_exponential
colder_0.02,0.02,4.71,0.0655929866482038,-0.9975653221736117,0.000919608709228085,independent_matrix_exponential
colder_0.02,0.02,4.72,0.06560205558686932,-0.9975673433628581,0.0009104043729229198,independent_matrix_exponential
colder_0.02,0.02,4.73,0.06561103561429728,-0.9975693209487214,0.0009012939415257208,independent_matrix_exponential
colder_0.02,0.02,4.74,0.06561992758653536,-0.997571255801724,0.0008922763951292434,independent_matrix_exponential
colder_0.02,0.02,4.75,0.06562873235168527,-0.9975731487756128,0.0008833507267706306,independent_matrix_exponential
colder_0.02,0.02,4.76,0.06563745074997086,-0.9975750007076767,0.0008745159422180055,independent_matrix_exponential
colder_0.02,0.02,4.7700000000000005,0.06564608361380558,-0.997576812419058,0.0008657710597617832,independent_matrix_exponential
colder_0.02,0.02,4.78,0.06565463176785971,-0.9975785847150591,0.0008571151100101322,independent_matrix_exponential
colder_0.02,0.02,4.79,0.0656630960291269,-0.9975803183854416,0.0008485471356890491,independent_matrix_exponential
colder_0.02,0.02,4.8,0.06567147720699036,-0.997582014204721,0.0008400661914465071,independent_matrix_exponential
colder_0.02,0.02,4.8100000000000005,0.06567977610328865,-0.9975836729324568,0.0008316713436605852,independent_matrix_exponential
colder_0.02,0.02,4.82,0.0656879935123808,-0.9975852953135339,0.000823361670251952,independent_matrix_exponential
colder_0.02,0.02,4.83,0.0656961302212112,-0.997586882078443,0.0008151362604998967,independent_matrix_exponential
colder_0.02,0.02,4.84,0.06570418700937383,-0.9975884339435521,0.0008069942148624214,independent_matrix_exponential
colder_0.02,0.02,4.8500000000000005,0.06571216464917623,-0.997589951611375,0.0007989346447999503,independent_matrix_exponential
colder_0.02,0.02,4.86,0.06572006390570273,-0.9975914357708336,0.0007909566726028011,independent_matrix_exponential
colder_0.02,0.02,4.87,0.06572788553687758,-0.9975928870975167,0.0007830594312219501,independent_matrix_exponential
colder_0.02,0.02,4.88,0.06573563029352732,-0.997594306253932,0.0007752420641035626,independent_matrix_exponential
colder_0.02,0.02,4.89,0.0657432989194428,-0.9975956938897551,0.0007675037250266993,independent_matrix_exponential
colder_0.02,0.02,4.9,0.06575089215144085,-0.9975970506420728,0.0007598435779444052,independent_matrix_exponential
colder_0.02,0.02,4.91,0.06575841071942529,-0.9975983771356223,0.0007522607968279953,independent_matrix_exponential
colder_0.02,0.02,4.92,0.06576585534644769,-0.9975996739830255,0.0007447545655144415,independent_matrix_exponential
colder_0.02,0.02,4.93,0.06577322674876751,-0.9976009417850195,0.0007373240775569664,independent_matrix_exponential
colder_0.02,0.02,4.94,0.065780525635912,-0.9976021811306821,0.0007299685360783654,independent_matrix_exponential
colder_0.02,0.02,4.95,0.06578775271073534,-0.9976033925976536,0.0007226871536276067,independent_matrix_exponential
colder_0.02,0.02,4.96,0.06579490866947772,-0.9976045767523541,0.0007154791520388942,independent_matrix_exponential
colder_0.02,0.02,4.97,0.06580199420182363,-0.9976057341501968,0.0007083437622938715,independent_matrix_exponential
colder_0.02,0.02,4.98,0.06580900999095995,-0.9976068653357972,0.0007012802243862341,independent_matrix_exponential
colder_0.02,0.02,4.99,0.06581595671363347,-0.997607970843179,0.000694287787189224,independent_matrix_exponential
colder_0.02,0.02,5.0,0.06582283504020799,-0.9976090511959746,0.0006873657083255939,independent_matrix_exponential
colder_0.02,0.02,5.01,0.06582964563472105,-0.997610106907624,0.0006805132540401226,independent_matrix_exponential
colder_0.02,0.02,5.0200000000000005,0.06583638915494017,-0.9976111384815679,0.0006737296990745741,independent_matrix_exponential
colder_0.02,0.02,5.03,0.06584306625241862,-0.9976121464114385,0.0006670143265451713,independent_matrix_exponential
colder_0.02,0.02,5.04,0.0658496775725509,-0.9976131311812462,0.0006603664278222148,independent_matrix_exponential
colder_0.02,0.02,5.05,0.06585622375462763,-0.9976140932655625,0.0006537853024122437,independent_matrix_exponential
colder_0.02,0.02,5.0600000000000005,0.06586270543189007,-0.9976150331297005,0.0006472702578422525,independent_matrix_exponential
colder_0.02,0.02,5.07,0.0658691232315843,-0.9976159512298904,0.0006408206095461859,independent_matrix_exponential
colder_0.02,0.02,5.08,0.06587547777501483,-0.9976168480134537,0.0006344356807535257,independent_matrix_exponential
colder_0.02,0.02,5.09,0.06588176967759794,-0.997617723918972,0.0006281148023800221,independent_matrix_exponential
colder_0.02,0.02,5.1000000000000005,0.06588799954891447,-0.9976185793764542,0.0006218573129204018,independent_matrix_exponential
colder_0.02,0.02,5.11,0.06589416799276226,-0.9976194148074998,0.0006156625583431303,independent_matrix_exponential
colder_0.02,0.02,5.12,0.0659002756072082,-0.9976202306254597,0.0006095298919870673,independent_matrix_exponential
colder_0.02,0.02,5.13,0.06590632298463979,-0.997621027235593,0.000603458674460024,independent_matrix_exponential
colder_0.02,0.02,5.14,0.06591231071181636,-0.9976218050352217,0.0005974482735392778,independent_matrix_exponential
colder_0.02,0.02,5.15,0.06591823936991989,-0.9976225644138824,0.0005914980640736881,independent_matrix_exponential
colder_0.02,0.02,5.16,0.0659241095346053,-0.9976233057534749,0.0005856074278878694,independent_matrix_exponential
colder_0.02,0.02,5.17,0.06592992177605052,-0.9976240294284078,0.0005797757536878266,independent_matrix_exponential
colder_0.02,0.02,5.18,0.06593567665900602,-0.9976247358057417,0.0005740024369684566,independent_matrix_exponential
colder_0.02,0.02,5.19,0.06594137474284396,-0.9976254252453303,0.0005682868799226496,independent_matrix_exponential
colder_0.02,0.02,5.2,0.06594701658160708,-0.9976260980999567,0.0005626284913519666,independent_matrix_exponential
colder_0.02,0.02,5.21,0.06595260272405692,-0.9976267547154704,0.0005570266865789884,independent_matrix_exponential
colder_0.02,0.02,5.22,0.06595813371372197,-0.9976273954309182,0.0005514808873611078,independent_matrix_exponential
colder_0.02,0.02,5.23,0.06596361008894518,-0.9976280205786755,0.0005459905218058948,independent_matrix_exponential
colder_0.02,0.02,5.24,0.06596903238293116,-0.9976286304845736,0.0005405550242879525,independent_matrix_exponential
colder_0.02,0.02,5.25,0.06597440112379312,-0.997629225468025,0.0005351738353670868,independent_matrix_exponential
colder_0.02,0.02,5.26,0.06597971683459916,-0.9976298058421458,0.0005298464017081292,independent_matrix_exponential
colder_0.02,0.02,5.2700000000000005,0.06598498003341846,-0.9976303719138772,0.0005245721760018582,independent_matrix_exponential
colder_0.02,0.02,5.28,0.06599019123336691,-0.9976309239841029,0.0005193506168874493,independent_matrix_exponential
colder_0.02,0.02,5.29,0.06599535094265241,-0.997631462347766,0.0005141811888762175,independent_matrix_exponential
colder_0.02,0.02,5.3,0.0660004596646198,-0.9976319872939821,0.0005090633622766035,independent_matrix_exponential
colder_0.02,0.02,5.3100000000000005,0.06600551789779546,-0.9976324991061513,0.0005039966131204372,independent_matrix_exponential
colder_0.02,0.02,5.32,0.06601052613593146,-0.9976329980620683,0.0004989804230904518,independent_matrix_exponential
colder_0.02,0.02,5.33,0.0660154848680494,-0.9976334844340292,0.0004940142794489866,independent_matrix_exponential
colder_0.02,0.02,5.34,0.06602039457848385,-0.9976339584889375,0.0004890976749678713,independent_matrix_exponential
colder_0.02,0.02,5.3500000000000005,0.06602525574692548,-0.9976344204884073,0.00048423010785949205,independent_matrix_exponential
colder_0.02,0.02,5.36,0.06603006884846377,-0.9976348706888651,0.00047941108170891997,independent_matrix_exponential
colder_0.02,0.02,5.37,0.06603483435362933,-0.9976353093416493,0.000474640105407253,independent_matrix_exponential
colder_0.02,0.02,5.38,0.06603955272843604,-0.9976357366931082,0.0004699166930859119,independent_matrix_exponential
colder_0.02,0.02,5.39,0.06604422443442261,-0.9976361529846955,0.0004652403640520645,independent_matrix_exponential
colder_0.02,0.02,5.4,0.06604884992869395,-0.9976365584530649,0.00046061064272511464,independent_matrix_exponential
colder_0.02,0.02,5.41,0.0660534296639621,-0.9976369533301617,0.00045602705857414056,independent_matrix_exponential
colder_0.02,0.02,5.42,0.06605796408858686,-0.9976373378433143,0.00045148914605638624,independent_matrix_exponential
colder_0.02,0.02,5.43,0.06606245364661607,-0.9976377122153223,0.0004469964445566139,independent_matrix_exponential
colder_0.02,0.02,5.44,0.06606689877782554,-0.9976380766645438,0.00044254849832757914,independent_matrix_exponential
colder_0.02,0.02,5.45,0.06607129991775859,-0.9976384314049815,0.00043814485643130046,independent_matrix_exponential
colder_0.02,0.02,5.46,0.06607565749776542,-0.997638776646366,0.0004337850726812326,independent_matrix_exponential
colder_0.02,0.02,5.47,0.0660799719450419,-0.997639112594238,0.0004294687055854871,independent_matrix_exponential
colder_0.02,0.02,5.48,0.06608424368266819,-0.9976394394500298,0.0004251953182907524,independent_matrix_exponential
colder_0.02,0.02,5.49,0.06608847312964705,-0.9976397574111437,0.00042096447852715217,independent_matrix_exponential
colder_0.02,0.02,5.5,0.06609266070094169,-0.9976400666710304,0.0004167757585539687,independent_matrix_exponential
colder_0.02,0.02,5.51,0.06609680680751344,-0.997640367419265,0.00041262873510607075,independent_matrix_exponential
colder_0.02,0.02,5.5200000000000005,0.06610091185635893,-0.9976406598416214,0.00040852298934133957,independent_matrix_exponential
colder_0.02,0.02,5.53,0.06610497625054713,-0.9976409441201465,0.00040445810678866955,independent_matrix_exponential
colder_0.02,0.02,5.54,0.06610900038925595,-0.9976412204332314,0.0004004336772969245,independent_matrix_exponential
colder_0.02,0.02,5.55,0.06611298466780853,-0.9976414889556829,0.0003964492949845145,independent_matrix_exponential
colder_0.02,0.02,5.5600000000000005,0.06611692947770928,-0.997641749858792,0.00039250455818981664,independent_matrix_exponential
colder_0.02,0.02,5.57,0.06612083520667955,-0.9976420033104021,0.0003885990694222473,independent_matrix_exponential
colder_0.02,0.02,5.58,0.06612470223869302,-0.9976422494749759,0.0003847324353140979,independent_matrix_exponential
colder_0.02,0.02,5.59,0.06612853095401074,-0.9976424885136611,0.00038090426657305497,independent_matrix_exponential
colder_0.02,0.02,5.6000000000000005,0.0661323217292159,-0.9976427205843535,0.00037711417793541673,independent_matrix_exponential
colder_0.02,0.02,5.61,0.06613607493724835,-0.9976429458417613,0.0003733617881199319,independent_matrix_exponential
colder_0.02,0.02,5.62,0.06613979094743867,-0.9976431644374658,0.00036964671978236826,independent_matrix_exponential
colder_0.02,0.02,5.63,0.06614347012554207,-0.9976433765199828,0.0003659685994707081,independent_matrix_exponential
colder_0.02,0.02,5.64,0.06614711283377198,-0.9976435822348216,0.00036232705758091705,independent_matrix_exponential
colder_0.02,0.02,5.65,0.06615071943083324,-0.9976437817245434,0.00035872172831344064,independent_matrix_exponential
colder_0.02,0.02,5.66,0.06615429027195516,-0.9976439751288183,0.0003551522496302297,independent_matrix_exponential
colder_0.02,0.02,5.67,0.06615782570892413,-0.9976441625844821,0.0003516182632123932,independent_matrix_exponential
colder_0.02,0.02,5.68,0.06616132609011609,-0.9976443442255907,0.00034811941441842685,independent_matrix_exponential
colder_0.02,0.02,5.69,0.06616479176052857,-0.9976445201834742,0.0003446553522430356,independent_matrix_exponential
colder_0.02,0.02,5.7,0.06616822306181255,-0.9976446905867903,0.0003412257292765375,independent_matrix_exponential
colder_0.02,0.02,5.71,0.06617162033230399,-0.9976448555615758,0.0003378302016647799,independent_matrix_exponential
colder_0.02,0.02,5.72,0.06617498390705513,-0.9976450152312978,0.0003344684290695806,independent_matrix_exponential
colder_0.02,0.02,5.73,0.0661783141178654,-0.9976451697169036,0.0003311400746298515,independent_matrix_exponential
colder_0.02,0.02,5.74,0.0661816112933122,-0.9976453191368704,0.00032784480492304774,independent_matrix_exponential
colder_0.02,0.02,5.75,0.06618487575878133,-0.997645463607252,0.00032458228992722184,independent_matrix_exponential
colder_0.02,0.02,5.76,0.0661881078364971,-0.9976456032417278,0.0003213522029837061,independent_matrix_exponential
colder_0.02,0.02,5.7700000000000005,0.06619130784555233,-0.9976457381516475,0.00031815422076000453,independent_matrix_exponential
colder_0.02,0.02,5.78,0.06619447610193784,-0.9976458684460778,0.0003149880232135094,independent_matrix_exponential
colder_0.02,0.02,5.79,0.06619761291857193,-0.9976459942318462,0.000311853293555424,independent_matrix_exponential
colder_0.02,0.02,5.8,0.06620071860532946,-0.9976461156135848,0.00030874971821530394,independent_matrix_exponential
colder_0.02,0.02,5.8100000000000005,0.06620379346907063,-0.9976462326937737,0.0003056769868060518,independent_matrix_exponential
colder_0.02,0.02,5.82,0.06620683781366964,-0.9976463455727824,0.0003026347920892792,independent_matrix_exponential
colder_0.02,0.02,5.83,0.06620985194004297,-0.9976464543489116,0.0002996228299412212,independent_matrix_exponential
colder_0.02,0.02,5.84,0.06621283614617746,-0.9976465591184333,0.0002966407993190638,independent_matrix_exponential
colder_0.02,0.02,5.8500000000000005,0.06621579072715814,-0.9976466599756305,0.0002936884022276034,independent_matrix_exponential
colder_0.02,0.02,5.86,0.06621871597519575,-0.9976467570128366,0.00029076534368652294,independent_matrix_exponential
colder_0.02,0.02,5.87,0.06622161217965418,-0.9976468503204733,0.0002878713316978699,independent_matrix_exponential
colder_0.02,0.02,5.88,0.06622447962707735,-0.9976469399870878,0.0002850060772141528,independent_matrix_exponential
colder_0.02,0.02,5.89,0.06622731860121622,-0.99764702609939,0.0002821692941066491,independent_matrix_exponential
colder_0.02,0.02,5.9,0.06623012938305527,-0.9976471087422886,0.00027936069913426386,independent_matrix_exponential
colder_0.02,0.02,5.91,0.06623291225083888,-0.9976471879989258,0.00027658001191265555,independent_matrix_exponential
colder_0.02,0.02,5.92,0.06623566748009745,-0.997647263950713,0.0002738269548838596,independent_matrix_exponential
colder_0.02,0.02,5.93,0.06623839534367319,-0.9976473366773639,0.00027110125328621627,independent_matrix_exponential
colder_0.02,0.02,5.94,0.06624109611174585,-0.9976474062569285,0.00026840263512469095,independent_matrix_exponential
colder_0.02,0.02,5.95,0.06624377005185807,-0.9976474727658254,0.0002657308311415182,independent_matrix_exponential
colder_0.02,0.02,5.96,0.06624641742894054,-0.9976475362788743,0.00026308557478730074,independent_matrix_exponential
colder_0.02,0.02,5.97,0.06624903850533696,-0.997647596869327,0.0002604666021923714,independent_matrix_exponential
colder_0.02,0.02,5.98,0.06625163354082877,-0.9976476546088991,0.0002578736521385275,independent_matrix_exponential
colder_0.02,0.02,5.99,0.06625420279265959,-0.9976477095677996,0.000255306466031147,independent_matrix_exponential
colder_0.02,0.02,6.0,0.0662567465155595,-0.9976477618147606,0.0002527647878715724,independent_matrix_exponential
colder_0.02,0.02,6.01,0.0662592649617691,-0.997647811417067,0.00025024836422991663,independent_matrix_exponential
colder_0.02,0.02,6.0200000000000005,0.06626175838106327,-0.9976478584405848,0.0002477569442180942,independent_matrix_exponential
colder_0.02,0.02,6.03,0.06626422702077488,-0.9976479029497889,0.0002452902794632301,independent_matrix_exponential
colder_0.02,0.02,6.04,0.06626667112581808,-0.9976479450077911,0.00024284812408138781,independent_matrix_exponential
colder_0.02,0.02,6.05,0.0662690909387115,-0.9976479846763666,0.0002404302346516035,independent_matrix_exponential
colder_0.02,0.02,6.0600000000000005,0.06627148669960123,-0.9976480220159809,0.0002380363701902027,independent_matrix_exponential
colder_0.02,0.02,6.07,0.0662738586462835,-0.9976480570858153,0.00023566629212547538,independent_matrix_exponential
colder_0.02,0.02,6.08,0.06627620701422733,-0.997648089943793,0.0002333197642725559,independent_matrix_exponential
colder_0.02,0.02,6.09,0.06627853203659675,-0.997648120646603,0.0002309965528086796,independent_matrix_exponential
colder_0.02,0.02,6.1000000000000005,0.066280833944273,-0.9976481492497262,0.0002286964262487104,independent_matrix_exponential
colder_0.02,0.02,6.11,0.0662831129658764,-0.9976481758074577,0.00022641915542092656,independent_matrix_exponential
colder_0.02,0.02,6.12,0.0662853693277881,-0.9976482003729313,0.00022416451344308403,independent_matrix_exponential
colder_0.02,0.02,6.13,0.06628760325417157,-0.9976482229981428,0.00022193227569882858,independent_matrix_exponential
colder_0.02,0.02,6.140000000000001,0.06628981496699396,-0.9976482437339719,0.00021972221981426395,independent_matrix_exponential
colder_0.02,0.02,6.15,0.06629200468604719,-0.9976482626302049,0.00021753412563485695,independent_matrix_exponential
colder_0.02,0.02,6.16,0.06629417262896886,-0.9976482797355565,0.00021536777520265708,independent_matrix_exponential
colder_0.02,0.02,6.17,0.06629631901126304,-0.9976482950976912,0.00021322295273363062,independent_matrix_exponential
colder_0.02,0.02,6.18,0.06629844404632074,-0.9976483087632438,0.00021109944459540438,independent_matrix_exponential
colder_0.02,0.02,6.19,0.0663005479454403,-0.9976483207778407,0.00020899703928516775,independent_matrix_exponential
colder_0.02,0.02,6.2,0.06630263091784758,-0.9976483311861195,0.00020691552740782486,independent_matrix_exponential
colder_0.02,0.02,6.21,0.06630469317071583,-0.997648340031749,0.00020485470165450766,independent_matrix_exponential
colder_0.02,0.02,6.22,0.06630673490918561,-0.9976483473574482,0.00020281435678111632,independent_matrix_exponential
colder_0.02,0.02,6.23,0.06630875633638426,-0.9976483532050063,0.0002007942895873572,independent_matrix_exponential
colder_0.02,0.02,6.24,0.06631075765344545,-0.9976483576153004,0.00019879429889577764,independent_matrix_exponential
colder_0.02,0.02,6.25,0.0663127390595283,-0.9976483606283139,0.0001968141855312044,independent_matrix_exponential
colder_0.02,0.02,6.26,0.06631470075183653,-0.9976483622831549,0.00019485375230029824,independent_matrix_exponential
colder_0.02,0.02,6.2700000000000005,0.06631664292563728,-0.9976483626180735,0.00019291280397144478,independent_matrix_exponential
colder_0.02,0.02,6.28,0.06631856577427986,-0.9976483616704792,0.0001909911472547653,independent_matrix_exponential
colder_0.02,0.02,6.29,0.06632046948921427,-0.9976483594769574,0.00018908859078234532,independent_matrix_exponential
colder_0.02,0.02,6.3,0.06632235426000953,-0.9976483560732866,0.00018720494508884158,independent_matrix_exponential
colder_0.02,0.02,6.3100000000000005,0.06632422027437189,-0.9976483514944541,0.00018534002259206107,independent_matrix_exponential
colder_0.02,0.02,6.32,0.06632606771816286,-0.9976483457746725,0.00018349363757394813,independent_matrix_exponential
colder_0.02,0.02,6.33,0.06632789677541702,-0.9976483389473949,0.00018166560616169754,independent_matrix_exponential
colder_0.02,0.02,6.34,0.06632970762835971,-0.9976483310453305,0.00017985574630905802,independent_matrix_exponential
colder_0.02,0.02,6.3500000000000005,0.0663315004574246,-0.9976483221004594,0.00017806387777785749,independent_matrix_exponential
colder_0.02,0.02,6.36,0.06633327544127092,-0.9976483121440477,0.00017628982211979582,independent_matrix_exponential
colder_0.02,0.02,6.37,0.06633503275680078,-0.9976483012066617,0.00017453340265828458,independent_matrix_exponential
colder_0.02,0.02,6.38,0.0663367725791761,-0.9976482893181823,0.00017279444447063742,independent_matrix_exponential
colder_0.02,0.02,6.390000000000001,0.06633849508183551,-0.9976482765078184,0.00017107277437036078,independent_matrix_exponential
colder_0.02,0.02,6.4,0.06634020043651105,-0.9976482628041212,0.00016936822088966085,independent_matrix_exponential
colder_0.02,0.02,6.41,0.06634188881324475,-0.9976482482349974,0.00016768061426212784,independent_matrix_exponential
colder_0.02,0.02,6.42,0.06634356038040497,-0.9976482328277221,0.00016600978640563612,independent_matrix_exponential
colder_0.02,0.02,6.43,0.06634521530470265,-0.9976482166089515,0.00016435557090539374,independent_matrix_exponential
colder_0.02,0.02,6.44,0.06634685375120744,-0.9976481996047363,0.00016271780299718258,independent_matrix_exponential
colder_0.02,0.02,6.45,0.06634847588336358,-0.997648181840533,0.00016109631955078365,independent_matrix_exponential
colder_0.02,0.02,6.46,0.06635008186300573,-0.9976481633412171,0.00015949095905355343,independent_matrix_exponential
colder_0.02,0.02,6.47,0.06635167185037454,-0.997648144131094,0.00015790156159424756,independent_matrix_exponential
colder_0.02,0.02,6.48,0.06635324600413221,-0.9976481242339115,0.0001563279688468832,independent_matrix_exponential
colder_0.02,0.02,6.49,0.06635480448137779,-0.9976481036728705,0.00015477002405493405,independent_matrix_exponential
colder_0.02,0.02,6.5,0.06635634743766237,-0.9976480824706369,0.00015322757201553463,independent_matrix_exponential
colder_0.02,0.02,6.51,0.06635787502700415,-0.9976480606493519,0.00015170045906399675,independent_matrix_exponential
colder_0.02,0.02,6.5200000000000005,0.06635938740190331,-0.9976480382306433,0.00015018853305836106,independent_matrix_exponential
colder_0.02,0.02,6.53,0.06636088471335685,-0.9976480152356358,0.00014869164336417127,independent_matrix_exponential
colder_0.02,0.02,6.54,0.06636236711087316,-0.9976479916849618,0.00014720964083944865,independent_matrix_exponential
colder_0.02,0.02,6.55,0.06636383474248653,-0.9976479675987706,0.00014574237781971546,independent_matrix_exponential
colder_0.02,0.02,6.5600000000000005,0.06636528775477143,-0.9976479429967393,0.00014428970810331372,independent_matrix_exponential
colder_0.02,0.02,6.57,0.06636672629285689,-0.997647917898082,0.00014285148693669959,independent_matrix_exponential
colder_0.02,0.02,6.58,0.0663681505004404,-0.99764789232156,0.00014142757100010485,independent_matrix_exponential
colder_0.02,0.02,6.59,0.06636956051980196,-0.9976478662854902,0.0001400178183931319,independent_matrix_exponential
colder_0.02,0.02,6.6000000000000005,0.06637095649181787,-0.9976478398077552,0.00013862208862067363,independent_matrix_exponential
colder_0.02,0.02,6.61,0.0663723385559744,-0.9976478129058117,0.0001372402425788823,independent_matrix_exponential
colder_0.02,0.02,6.62,0.06637370685038134,-0.9976477855967001,0.00013587214254129137,independent_matrix_exponential
colder_0.02,0.02,6.63,0.06637506151178545,-0.9976477578970522,0.00013451765214512933,independent_matrix_exponential
colder_0.02,0.02,6.640000000000001,0.06637640267558373,-0.9976477298231002,0.00013317663637769415,independent_matrix_exponential
colder_0.02,0.02,6.65,0.06637773047583659,-0.9976477013906854,0.00013184896156297977,independent_matrix_exponential
colder_0.02,0.02,6.66,0.0663790450452809,-0.9976476726152655,0.0001305344953483251,independent_matrix_exponential
colder_0.02,0.02,6.67,0.06638034651534291,-0.9976476435119236,0.00012923310669127656,independent_matrix_exponential
colder_0.02,0.02,6.68,0.06638163501615105,-0.9976476140953748,0.00012794466584653796,independent_matrix_exponential
colder_0.02,0.02,6.69,0.06638291067654854,-0.9976475843799755,0.00012666904435313674,independent_matrix_exponential
colder_0.02,0.02,6.7,0.06638417362410608,-0.9976475543797291,0.00012540611502155229,independent_matrix_exponential
colder_0.02,0.02,6.71,0.0663854239851341,-0.9976475241082952,0.0001241557519212343,independent_matrix_exponential
colder_0.02,0.02,6.72,0.06638666188469523,-0.9976474935789954,0.00012291783036795794,independent_matrix_exponential
colder_0.02,0.02,6.73,0.06638788744661643,-0.9976474628048215,0.00012169222691153894,independent_matrix_exponential
colder_0.02,0.02,6.74,0.06638910079350105,-0.9976474317984415,0.00012047881932354034,independent_matrix_exponential
colder_0.02,0.02,6.75,0.06639030204674083,-0.9976474005722072,0.000119277486585176,independent_matrix_exponential
colder_0.02,0.02,6.76,0.06639149132652772,-0.9976473691381605,0.00011808810887531504,independent_matrix_exponential
colder_0.02,0.02,6.7700000000000005,0.06639266875186561,-0.99764733750804,0.00011691056755858598,independent_matrix_exponential
colder_0.02,0.02,6.78,0.06639383444058204,-0.9976473056932875,0.00011574474517358516,independent_matrix_exponential
colder_0.02,0.02,6.79,0.06639498850933954,-0.9976472737050542,0.00011459052542134593,independent_matrix_exponential
colder_0.02,0.02,6.8,0.06639613107364722,-0.9976472415542073,0.00011344779315369165,independent_matrix_exponential
colder_0.02,0.02,6.8100000000000005,0.06639726224787192,-0.997647209251335,0.0001123164343619207,independent_matrix_exponential
colder_0.02,0.02,6.82,0.06639838214524944,-0.9976471768067537,0.00011119633616547729,independent_matrix_exponential
colder_0.02,0.02,6.83,0.06639949087789566,-0.9976471442305134,0.00011008738680079856,independent_matrix_exponential
colder_0.02,0.02,6.84,0.06640058855681742,-0.9976471115324027,0.00010898947561025949,independent_matrix_exponential
colder_0.02,0.02,6.8500000000000005,0.06640167529192348,-0.9976470787219552,0.00010790249303115507,independent_matrix_exponential
colder_0.02,0.02,6.86,0.06640275119203519,-0.9976470458084548,0.00010682633058495772,independent_matrix_exponential
colder_0.02,0.02,6.87,0.06640381636489721,-0.9976470128009408,0.00010576088086653349,independent_matrix_exponential
colder_0.02,0.02,6.88,0.06640487091718802,-0.9976469797082136,0.00010470603753354826,independent_matrix_exponential
colder_0.02,0.02,6.890000000000001,0.06640591495453041,-0.9976469465388393,0.00010366169529591375,independent_matrix_exponential
colder_0.02,0.02,6.9,0.06640694858150181,-0.9976469133011553,0.0001026277499053814,independent_matrix_exponential
colder_0.02,0.02,6.91,0.06640797190164452,-0.9976468800032748,0.00010160409814531655,independent_matrix_exponential
colder_0.02,0.02,6.92,0.06640898501747593,-0.997646846653092,0.00010059063782035863,independent_matrix_exponential
colder_0.02,0.02,6.93,0.06640998803049847,-0.9976468132582865,9.958726774647247e-05,independent_matrix_exponential
colder_0.02,0.02,6.94,0.06641098104120967,-0.9976467798263285,9.859388774084738e-05,independent_matrix_exponential
colder_0.02,0.02,6.95,0.06641196414911199,-0.9976467463644829,9.761039861200916e-05,independent_matrix_exponential
colder_0.02,0.02,6.96,0.06641293745272255,-0.9976467128798135,9.663670215006585e-05,independent_matrix_exponential
colder_0.02,0.02,6.97,0.06641390104958281,-0.9976466793791886,9.567270111700973e-05,independent_matrix_exponential
colder_0.02,0.02,6.98,0.06641485503626822,-0.9976466458692836,9.471829923702559e-05,independent_matrix_exponential
colder_0.02,0.02,6.99,0.06641579950839761,-0.9976466123565869,9.377340118710666e-05,independent_matrix_exponential
colder_0.02,0.02,7.0,0.06641673456064268,-0.9976465788474027,9.283791258752941e-05,independent_matrix_exponential
colder_0.02,0.02,7.01,0.06641766028673718,-0.9976465453478558,9.19117399926315e-05,independent_matrix_exponential
colder_0.02,0.02,7.0200000000000005,0.06641857677948625,-0.9976465118638952,9.099479088151977e-05,independent_matrix_exponential
colder_0.02,0.02,7.03,0.06641948413077549,-0.9976464784012982,9.008697364893618e-05,independent_matrix_exponential
colder_0.02,0.02,7.04,0.06642038243157998,-0.9976464449656741,8.918819759627748e-05,independent_matrix_exponential
colder_0.02,0.02,7.05,0.06642127177197327,-0.9976464115624681,8.829837292257565e-05,independent_matrix_exponential
colder_0.02,0.02,7.0600000000000005,0.06642215224113619,-0.9976463781969644,8.741741071565903e-05,independent_matrix_exponential
colder_0.02,0.02,7.07,0.0664230239273657,-0.9976463448742907,8.654522294339727e-05,independent_matrix_exponential
colder_0.02,0.02,7.08,0.0664238869180835,-0.9976463115994207,8.568172244497096e-05,independent_matrix_exponential
colder_0.02,0.02,7.09,0.06642474129984471,-0.9976462783771783,8.482682292229852e-05,independent_matrix_exponential
colder_0.02,0.02,7.1000000000000005,0.06642558715834634,-0.9976462452122405,8.398043893152907e-05,independent_matrix_exponential
colder_0.02,0.02,7.11,0.0664264245784358,-0.9976462121091413,8.314248587456629e-05,independent_matrix_exponential
colder_0.02,0.02,7.12,0.06642725364411914,-0.9976461790722737,8.231287999077222e-05,independent_matrix_exponential
colder_0.02,0.02,7.13,0.06642807443856946,-0.9976461461058945,8.149153834867867e-05,independent_matrix_exponential
colder_0.02,0.02,7.140000000000001,0.06642888704413505,-0.9976461132141262,8.06783788377928e-05,independent_matrix_exponential
colder_0.02,0.02,7.15,0.06642969154234749,-0.9976460804009603,7.987332016050573e-05,independent_matrix_exponential
colder_0.02,0.02,7.16,0.06643048801392971,-0.9976460476702604,7.90762818240824e-05,independent_matrix_exponential
colder_0.02,0.02,7.17,0.066431276538804,-0.9976460150257656,7.828718413270148e-05,independent_matrix_exponential
colder_0.02,0.02,7.18,0.06643205719609979,-0.997645982471092,7.750594817959697e-05,independent_matrix_exponential
colder_0.02,0.02,7.19,0.06643283006416155,-0.9976459500097371,7.67324958392855e-05,independent_matrix_exponential
colder_0.02,0.02,7.2,0.0664335952205565,-0.9976459176450814,7.596674975981437e-05,independent_matrix_exponential
colder_0.02,0.02,7.21,0.06643435274208223,-0.9976458853803915,7.520863335520162e-05,independent_matrix_exponential
colder_0.02,0.02,7.22,0.06643510270477432,-0.9976458532188227,7.445807079782395e-05,independent_matrix_exponential
colder_0.02,0.02,7.23,0.06643584518391386,-0.9976458211634217,7.371498701091429e-05,independent_matrix_exponential
colder_0.02,0.02,7.24,0.06643658025403483,-0.9976457892171289,7.297930766125663e-05,independent_matrix_exponential
colder_0.02,0.02,7.25,0.06643730798893155,-0.9976457573827808,7.225095915169909e-05,independent_matrix_exponential
colder_0.02,0.02,7.26,0.06643802846166585,-0.9976457256631128,7.152986861405141e-05,independent_matrix_exponential
colder_0.02,0.02,7.2700000000000005,0.06643874174457445,-0.9976456940607614,7.081596390176405e-05,independent_matrix_exponential
colder_0.02,0.02,7.28,0.06643944790927596,-0.9976456625782661,7.010917358288434e-05,independent_matrix_exponential
colder_0.02,0.02,7.29,0.06644014702667805,-0.9976456312180725,6.940942693297031e-05,independent_matrix_exponential
colder_0.02,0.02,7.3,0.06644083916698444,-0.9976455999825337,6.87166539281437e-05,independent_matrix_exponential
colder_0.02,0.02,7.3100000000000005,0.06644152439970184,-0.9976455688739129,6.8030785238131e-05,independent_matrix_exponential
colder_0.02,0.02,7.32,0.0664422027936468,-0.9976455378943857,6.735175221950112e-05,independent_matrix_exponential
colder_0.02,0.02,7.33,0.06644287441695262,-0.9976455070460416,6.66794869087499e-05,independent_matrix_exponential
colder_0.02,0.02,7.34,0.06644353933707595,-0.9976454763308868,6.601392201577136e-05,independent_matrix_exponential
colder_0.02,0.02,7.3500000000000005,0.06644419762080356,-0.9976454457508456,6.535499091706011e-05,independent_matrix_exponential
colder_0.02,0.02,7.36,0.06644484933425894,-0.9976454153077624,6.470262764922443e-05,independent_matrix_exponential
colder_0.02,0.02,7.37,0.06644549454290884,-0.9976453850034042,6.405676690244206e-05,independent_matrix_exponential
colder_0.02,0.02,7.38,0.06644613331156973,-0.9976453548394617,6.341734401401544e-05,independent_matrix_exponential
colder_0.02,0.02,7.390000000000001,0.06644676570441427,-0.9976453248175517,6.278429496199216e-05,independent_matrix_exponential
colder_0.02,0.02,7.4,0.06644739178497762,-0.9976452949392188,6.21575563588292e-05,independent_matrix_exponential
colder_0.02,0.02,7.41,0.06644801161616376,-0.9976452652059369,6.15370654451576e-05,independent_matrix_exponential
colder_0.02,0.02,7.42,0.06644862526025173,-0.9976452356191111,6.092276008355595e-05,independent_matrix_exponential
colder_0.02,0.02,7.43,0.06644923277890177,-0.9976452061800797,6.0314578752465215e-05,independent_matrix_exponential
colder_0.02,0.02,7.44,0.0664498342331615,-0.997645176890115,5.9712460540002456e-05,independent_matrix_exponential
colder_0.02,0.02,7.45,0.06645042968347187,-0.9976451477504262,5.9116345138121887e-05,independent_matrix_exponential
colder_0.02,0.02,7.46,0.06645101918967324,-0.9976451187621597,5.8526172836475636e-05,independent_matrix_exponential
colder_0.02,0.02,7.47,0.06645160281101131,-0.9976450899264014,5.794188451660687e-05,independent_matrix_exponential
colder_0.02,0.02,7.48,0.06645218060614295,-0.9976450612441782,5.736342164611922e-05,independent_matrix_exponential
colder_0.02,0.02,7.49,0.06645275263314207,-0.9976450327164591,5.679072627285401e-05,independent_matrix_exponential
colder_0.02,0.02,7.5,0.06645331894950532,-0.9976450043441569,5.6223741019188055e-05,independent_matrix_exponential
colder_0.02,0.02,7.51,0.06645387961215787,-0.9976449761281297,5.5662409076339816e-05,independent_matrix_exponential
colder_0.02,0.02,7.5200000000000005,0.06645443467745903,-0.9976449480691825,5.510667419880244e-05,independent_matrix_exponential
colder_0.02,0.02,7.53,0.0664549842012078,-0.9976449201680676,5.455648069873707e-05,independent_matrix_exponential
colder_0.02,0.02,7.54,0.06645552823864849,-0.9976448924254872,5.401177344047873e-05,independent_matrix_exponential
colder_0.02,0.02,7.55,0.06645606684447616,-0.9976448648420939,5.347249783512019e-05,independent_matrix_exponential
colder_0.02,0.02,7.5600000000000005,0.06645660007284208,-0.9976448374184921,5.2938599835035e-05,independent_matrix_exponential
colder_0.02,0.02,7.57,0.06645712797735905,-0.9976448101552396,5.241002592867285e-05,independent_matrix_exponential
colder_0.02,0.02,7.58,0.0664576506111068,-0.9976447830528485,5.18867231350995e-05,independent_matrix_exponential
colder_0.02,0.02,7.59,0.06645816802663723,-0.9976447561117864,5.1368638998878225e-05,independent_matrix_exponential
colder_0.02,0.02,7.6000000000000005,0.06645868027597962,-0.9976447293324775,5.085572158486249e-05,independent_matrix_exponential
colder_0.02,0.02,7.61,0.06645918741064584,-0.9976447027153044,5.0347919473018114e-05,independent_matrix_exponential
colder_0.02,0.02,7.62,0.06645968948163541,-0.9976446762606083,4.984518175339163e-05,independent_matrix_exponential
colder_0.02,0.02,7.63,0.06646018653944066,-0.9976446499686906,4.9347458021011425e-05,independent_matrix_exponential
colder_0.02,0.02,7.640000000000001,0.06646067863405168,-0.9976446238398141,4.885469837094233e-05,independent_matrix_exponential
colder_0.02,0.02,7.65,0.06646116581496128,-0.9976445978742037,4.836685339337617e-05,independent_matrix_exponential
colder_0.02,0.02,7.66,0.06646164813117,-0.9976445720720475,4.788387416865427e-05,independent_matrix_exponential
colder_0.02,0.02,7.67,0.06646212563119087,-0.9976445464334981,4.74057122625476e-05,independent_matrix_exponential
colder_0.02,0.02,7.68,0.06646259836305436,-0.9976445209586733,4.693231972133014e-05,independent_matrix_exponential
colder_0.02,0.02,7.69,0.06646306637431305,-0.9976444956476571,4.646364906713748e-05,independent_matrix_exponential
colder_0.02,0.02,7.7,0.06646352971204643,-0.9976444705005006,4.599965329321538e-05,independent_matrix_exponential
colder_0.02,0.02,7.71,0.06646398842286554,-0.9976444455172234,4.5540285859309254e-05,independent_matrix_exponential
colder_0.02,0.02,7.72,0.06646444255291767,-0.9976444206978136,4.5085500686969064e-05,independent_matrix_exponential
colder_0.02,0.02,7.73,0.06646489214789089,-0.9976443960422295,4.4635252155114865e-05,independent_matrix_exponential
colder_0.02,0.02,7.74,0.06646533725301865,-0.9976443715504001,4.418949509539855e-05,independent_matrix_exponential
colder_0.02,0.02,7.75,0.06646577791308425,-0.997644347222226,4.374818478779931e-05,independent_matrix_exponential
colder_0.02,0.02,7.76,0.0664662141724253,-0.9976443230575801,4.3311276956202735e-05,independent_matrix_exponential
colder_0.02,0.02,7.7700000000000005,0.0664666460749382,-0.9976442990563088,4.2878727763947994e-05,independent_matrix_exponential
colder_0.02,0.02,7.78,0.0664670736640824,-0.9976442752182322,4.245049380954825e-05,independent_matrix_exponential
colder_0.02,0.02,7.79,0.06646749698288483,-0.9976442515431454,4.20265321223855e-05,independent_matrix_exponential
colder_0.02,0.02,7.8,0.06646791607394416,-0.9976442280308189,4.160680015839002e-05,independent_matrix_exponential
colder_0.02,0.02,7.8100000000000005,0.06646833097943501,-0.9976442046809997,4.119125579592491e-05,independent_matrix_exponential
colder_0.02,0.02,7.82,0.06646874174111218,-0.9976441814934116,4.0779857331549595e-05,independent_matrix_exponential
colder_0.02,0.02,7.83,0.06646914840031483,-0.9976441584677561,4.037256347587704e-05,independent_matrix_exponential
colder_0.02,0.02,7.84,0.06646955099797058,-0.9976441356037133,3.9969333349501136e-05,independent_matrix_exponential
colder_0.02,0.02,7.8500000000000005,0.06646994957459959,-0.9976441129009421,3.957012647895624e-05,independent_matrix_exponential
colder_0.02,0.02,7.86,0.0664703441703186,-0.9976440903590814,3.917490279270292e-05,independent_matrix_exponential
colder_0.02,0.02,7.87,0.06647073482484493,-0.9976440679777501,3.8783622617102004e-05,independent_matrix_exponential
colder_0.02,0.02,7.88,0.06647112157750047,-0.9976440457565484,3.839624667257536e-05,independent_matrix_exponential
colder_0.02,0.02,7.890000000000001,0.06647150446721557,-0.9976440236950581,3.801273606961628e-05,independent_matrix_exponential
colder_0.02,0.02,7.9,0.06647188353253292,-0.9976440017928431,3.7633052305004685e-05,independent_matrix_exponential
colder_0.02,0.02,7.91,0.06647225881161141,-0.99764398004945,3.7257157257931916e-05,independent_matrix_exponential
colder_0.02,0.02,7.92,0.06647263034222997,-0.9976439584644089,3.688501318623691e-05,independent_matrix_exponential
colder_0.02,0.02,7.930000000000001,0.06647299816179125,-0.9976439370372339,3.6516582722719525e-05,independent_matrix_exponential
colder_0.02,0.02,7.94,0.06647336230732548,-0.9976439157674235,3.6151828871322645e-05,independent_matrix_exponential
colder_0.02,0.02,7.95,0.06647372281549402,-0.997643894654461,3.579071500355468e-05,independent_matrix_exponential
colder_0.02,0.02,7.96,0.06647407972259314,-0.9976438736978157,3.543320485482239e-05,independent_matrix_exponential
colder_0.02,0.02,7.97,0.0664744330645576,-0.9976438528969425,3.507926252081749e-05,independent_matrix_exponential
colder_0.02,0.02,7.98,0.06647478287696422,-0.997643832251283,3.472885245395313e-05,independent_matrix_exponential
colder_0.02,0.02,7.99,0.06647512919503547,-0.9976438117602657,3.4381939459865134e-05,independent_matrix_exponential
colder_0.02,0.02,8.0,0.06647547205364294,-0.9976437914233068,3.403848869388809e-05,independent_matrix_exponential
strong_cold,0.07619742787996348,0.0,0.1417044083286488,-0.010797511433895068,0.9897046835085291,independent_matrix_exponential
strong_cold,0.07619742787996348,0.01,0.140307697112037,-0.029127673690974243,0.9713213853660995,independent_matrix_exponential
strong_cold,0.07619742787996348,0.02,0.1389369291481365,-0.04711736182139126,0.9532795483243643,independent_matrix_exponential
strong_cold,0.07619742787996348,0.03,0.1375916225532528,-0.06477289997161584,0.9355728299042767,independent_matrix_exponential
strong_cold,0.07619742787996348,0.04,0.13627130439445398,-0.08210049482007686,0.9181950054353489,independent_matrix_exponential
strong_cold,0.07619742787996348,0.05,0.13497551052331438,-0.09910623775907612,0.9011399658674145,independent_matrix_exponential
strong_cold,0.07619742787996348,0.06,0.13370378541274675,-0.1157961070361736,0.8844017156230356,independent_matrix_exponential
strong_cold,0.07619742787996348,0.07,0.1324556819968647,-0.13217596985579805,0.8679743704897996,independent_matrix_exponential
strong_cold,0.07619742787996348,0.08,0.13123076151382018,-0.14825158444182007,0.8518521555517675,independent_matrix_exponential
strong_cold,0.07619742787996348,0.09,0.13002859335155964,-0.16402860206181602,0.8360294031593417,independent_matrix_exponential
strong_cold,0.07619742787996348,0.1,0.1288487548964455,-0.17951256901372936,0.820500550936846,independent_matrix_exponential
strong_cold,0.07619742787996348,0.11,0.1276908313846894,-0.1947089285756325,0.8052601398271114,independent_matrix_exponential
strong_cold,0.07619742787996348,0.12,0.12655441575654486,-0.20962302291927315,0.7903028121723829,independent_matrix_exponential
strong_cold,0.07619742787996348,0.13,0.12543910851320844,-0.22426009498807564,0.7756233098308744,independent_matrix_exponential
strong_cold,0.07619742787996348,0.14,0.12434451757637872,-0.23862529034026103,0.7612164723283049,independent_matrix_exponential
strong_cold,0.07619742787996348,0.15,0.12327025815042394,-0.2527236589577305,0.7470772350437729,independent_matrix_exponential
strong_cold,0.07619742787996348,0.16,0.12221595258710993,-0.2665601570213516,0.7332006274293225,independent_matrix_exponential
strong_cold,0.07619742787996348,0.17,0.12118123025284047,-0.28013964865326724,0.7195817712625843,independent_matrix_exponential
strong_cold,0.07619742787996348,0.18,0.12016572739836379,-0.2934669076268436,0.7062158789318709,independent_matrix_exponential
strong_cold,0.07619742787996348,0.19,0.11916908703089905,-0.30654661904485614,0.693098251753126,independent_matrix_exponential
strong_cold,0.07619742787996348,0.2,0.11819095878863808,-0.31938338098650376,0.6802242783181355,independent_matrix_exponential
strong_cold,0.07619742787996348,0.21,0.11723099881757827,-0.33198170612383093,0.66758943287342,independent_matrix_exponential
strong_cold,0.07619742787996348,0.22,0.116288869650643,-0.34434602330812547,0.6551892737292383,independent_matrix_exponential
strong_cold,0.07619742787996348,0.23,0.11536424008904764,-0.3564806791268491,0.6430194416981436,independent_matrix_exponential
strong_cold,0.07619742787996348,0.24,0.11445678508586887,-0.36838993943164977,0.6310756585625414,independent_matrix_exponential
strong_cold,0.07619742787996348,0.25,0.11356618563177687,-0.3800779908379911,0.6193537255707134,independent_matrix_exponential
strong_cold,0.07619742787996348,0.26,0.11269212864288977,-0.39154894219692726,0.6078495219607758,independent_matrix_exponential
strong_cold,0.07619742787996348,0.27,0.11183430685071125,-0.4028068260395403,0.596559003512055,independent_matrix_exponential
strong_cold,0.07619742787996348,0.28,0.1109924186941126,-0.41385559999454724,0.5854782011233712,independent_matrix_exponential
strong_cold,0.07619742787996348,0.29,0.1101661682133209,-0.42469914817957677,0.5746032194177284,independent_matrix_exponential
strong_cold,0.07619742787996348,0.3,0.10935526494587658,-0.435341282566603,0.5639302353729226,independent_matrix_exponential
strong_cold,0.07619742787996348,0.31,0.10855942382452341,-0.4457857443220167,0.5534554969775862,independent_matrix_exponential
strong_cold,0.07619742787996348,0.32,0.10777836507699512,-0.4560362051218054,0.5431753219121948,independent_matrix_exponential
strong_cold,0.07619742787996348,0.33,0.10701181412766342,-0.466096268442306,0.5330860962545735,independent_matrix_exponential
strong_cold,0.07619742787996348,0.34,0.10625950150101295,-0.4759694708269798,0.5231842732094496,independent_matrix_exponential
strong_cold,0.07619742787996348,0.35000000000000003,0.10552116272690909,-0.4856592831296601,0.5134663718616009,independent_matrix_exponential
strong_cold,0.07619742787996348,0.36,0.10479653824762532,-0.49516911173470557,0.5039289759521655,independent_matrix_exponential
strong_cold,0.07619742787996348,0.37,0.10408537332659762,-0.5045022997544907,0.49456873267767937,independent_matrix_exponential
strong_cold,0.07619742787996348,0.38,0.10338741795887357,-0.5136621282046525,0.4853823515114241,independent_matrix_exponential
strong_cold,0.07619742787996348,0.39,0.10270242678322497,-0.5226518171575092,0.47636660304666373,independent_matrix_exponential
strong_cold,0.07619742787996348,0.4,0.10203015899589282,-0.5314745268740524,0.467518317861371,independent_matrix_exponential
strong_cold,0.07619742787996348,0.41000000000000003,0.10137037826593445,-0.5401333589149151,0.45883438540403954,independent_matrix_exponential
strong_cold,0.07619742787996348,0.42,0.10072285265214315,-0.5486313572307034,0.4503117529001909,independent_matrix_exponential
strong_cold,0.07619742787996348,0.43,0.10008735452151071,-0.5569715092320748,0.44194742427919465,independent_matrix_exponential
strong_cold,0.07619742787996348,0.44,0.09946366046920492,-0.5651567468399414,0.4337384591210206,independent_matrix_exponential
strong_cold,0.07619742787996348,0.45,0.09885155124003299,-0.5731899475161666,0.42568197162255444,independent_matrix_exponential
strong_cold,0.07619742787996348,0.46,0.09825081165136404,-0.5810739352751146,0.41777512958311563,independent_matrix_exponential
strong_cold,0.07619742787996348,0.47000000000000003,0.09766123051748313,-0.5888114816764143,0.41001515340881634,independent_matrix_exponential
strong_cold,0.07619742787996348,0.48,0.09708260057535054,-0.5964053067992798,0.4023993151354155,independent_matrix_exponential
strong_cold,0.07619742787996348,0.49,0.09651471841173975,-0.6038580801987361,0.3949249374693225,independent_matrix_exponential
strong_cold,0.07619742787996348,0.5,0.09595738439172916,-0.6111724218440813,0.38758939284641336,independent_matrix_exponential
strong_cold,0.07619742787996348,0.51,0.09541040258852171,-0.6183509030399181,0.3803901025083297,independent_matrix_exponential
strong_cold,0.07619742787996348,0.52,0.0948735807145683,-0.6253960473300779,0.3733245355959351,independent_matrix_exponential
strong_cold,0.07619742787996348,0.53,0.09434673005397047,-0.6323103313847551,0.36639020825960783,independent_matrix_exponential
strong_cold,0.07619742787996348,0.54,0.0938296653961386,-0.6390961858711612,0.35958468278606376,independent_matrix_exponential
strong_cold,0.07619742787996348,0.55,0.09332220497068254,-0.6457559963080107,0.3529055667413934,independent_matrix_exponential
strong_cold,0.07619742787996348,0.56,0.09282417038351147,-0.6522921039041313,0.3463505121300203,independent_matrix_exponential
strong_cold,0.07619742787996348,0.5700000000000001,0.09233538655412073,-0.6587068063815003,0.33991721456927926,independent_matrix_exponential
strong_cold,0.07619742787996348,0.58,0.09185568165404356,-0.6650023587829914,0.33360341247932745,independent_matrix_exponential
strong_cold,0.07619742787996348,0.59,0.09138488704644601,-0.6711809742651205,0.3274068862881016,independent_matrix_exponential
strong_cold,0.07619742787996348,0.6,0.09092283722684386,-0.6772448248760631,0.3213254576510441,independent_matrix_exponential
strong_cold,0.07619742787996348,0.61,0.09046936976492062,-0.6831960423192238,0.31535698868532064,independent_matrix_exponential
strong_cold,0.07619742787996348,0.62,0.09002432524742651,-0.689036718702621,0.3094993812182634,independent_matrix_exponential
strong_cold,0.07619742787996348,0.63,0.08958754722213769,-0.6947689072743521,0.3037505760497731,independent_matrix_exponential
strong_cold,0.07619742787996348,0.64,0.08915888214285662,-0.7003946231443989,0.2981085522284222,independent_matrix_exponential
strong_cold,0.07619742787996348,0.65,0.08873817931543411,-0.7059158439930249,0.2925713263410032,independent_matrix_exponential
strong_cold,0.07619742787996348,0.66,0.08832529084479371,-0.7113345107660141,0.2871369518152749,independent_matrix_exponential
strong_cold,0.07619742787996348,0.67,0.08792007158294037,-0.7166525283569976,0.28180351823565786,independent_matrix_exponential
strong_cold,0.07619742787996348,0.68,0.08752237907793464,-0.7218717662771046,0.276569150671642,independent_matrix_exponential
strong_cold,0.07619742787996348,0.6900000000000001,0.0871320735238147,-0.7269940593121766,0.2714320090186676,independent_matrix_exponential
strong_cold,0.07619742787996348,0.7000000000000001,0.08674901771144865,-0.7320212081677718,0.26639028735125087,independent_matrix_exponential
strong_cold,0.07619742787996348,0.71,0.0863730769802995,-0.7369549801021917,0.2614422132881222,independent_matrix_exponential
strong_cold,0.07619742787996348,0.72,0.0860041191710863,-0.7417971095477477,0.256586047369159,independent_matrix_exponential
strong_cold,0.07619742787996348,0.73,0.08564201457932451,-0.7465492987204876,0.2518200824438914,independent_matrix_exponential
strong_cold,0.07619742787996348,0.74,0.08528663590972921,-0.7512132182185991,0.24714264307136416,independent_matrix_exponential
strong_cold,0.07619742787996348,0.75,0.08493785823146546,-0.755790507609695,0.24255208493114916,independent_matrix_exponential
strong_cold,0.07619742787996348,0.76,0.0845955589342297,-0.7602827760071926,0.23804679424529504,independent_matrix_exponential
strong_cold,0.07619742787996348,0.77,0.08425961768514696,-0.7646916026359859,0.23362518721101533,independent_matrix_exponential
strong_cold,0.07619742787996348,0.78,0.08392991638646875,-0.7690185373876103,0.22928570944391422,independent_matrix_exponential
strong_cold,0.07619742787996348,0.79,0.08360633913405663,-0.7732651013650962,0.22502683543155372,independent_matrix_exponential
strong_cold,0.07619742787996348,0.8,0.08328877217663684,-0.7774327874177023,0.2208470679971703,independent_matrix_exponential
strong_cold,0.07619742787996348,0.81,0.082977103875812,-0.7815230606657155,0.2167449377733534,independent_matrix_exponential
strong_cold,0.07619742787996348,0.8200000000000001,0.08267122466681535,-0.7855373590155039,0.2127190026854999,independent_matrix_exponential
strong_cold,0.07619742787996348,0.8300000000000001,0.08237102701999402,-0.7894770936650022,0.20876784744486276,independent_matrix_exponential
strong_cold,0.07619742787996348,0.84,0.08207640540300777,-0.7933436495998084,0.20489008305101664,independent_matrix_exponential
strong_cold,0.07619742787996348,0.85,0.08178725624372989,-0.7971383860800659,0.2010843463035644,independent_matrix_exponential
strong_cold,0.07619742787996348,0.86,0.08150347789383706,-0.8008626371183013,0.19734929932291406,independent_matrix_exponential
strong_cold,0.07619742787996348,0.87,0.08122497059307575,-0.8045177119483871,0.1936836290799566,independent_matrix_exponential
strong_cold,0.07619742787996348,0.88,0.08095163643419205,-0.8081048954857931,0.19008604693448033,independent_matrix_exponential
strong_cold,0.07619742787996348,0.89,0.08068337932851322,-0.8116254487792907,0.18655528818215758,independent_matrix_exponential
strong_cold,0.07619742787996348,0.9,0.08042010497216828,-0.8150806094542635,0.18309011160994834,independent_matrix_exponential
strong_cold,0.07619742787996348,0.91,0.0801617208129363,-0.8184715921477874,0.1796892990597597,independent_matrix_exponential
strong_cold,0.07619742787996348,0.92,0.07990813601771013,-0.8217995889356271,0.17635165500021094,independent_matrix_exponential
strong_cold,0.07619742787996348,0.93,0.07965926144056489,-0.8250657697513011,0.17307600610635404,independent_matrix_exponential
strong_cold,0.07619742787996348,0.9400000000000001,0.07941500959141919,-0.8282712827973646,0.16986120084719844,independent_matrix_exponential
strong_cold,0.07619742787996348,0.9500000000000001,0.07917529460527868,-0.831417254949051,0.16670610908089956,independent_matrix_exponential
strong_cold,0.07619742787996348,0.96,0.07894003221205086,-0.8345047921504175,0.1636096216574649,independent_matrix_exponential
strong_cold,0.07619742787996348,0.97,0.07870913970692044,-0.8375349798031314,0.1605706500288403,independent_matrix_exponential
strong_cold,0.07619742787996348,0.98,0.07848253592127513,-0.8405088831480355,0.157588125866239,independent_matrix_exponential
strong_cold,0.07619742787996348,0.99,0.07826014119417135,-0.8434275476396261,0.15466100068457772,independent_matrix_exponential
strong_cold,0.07619742787996348,1.0,0.07804187734433003,-0.8462919993135745,0.15178824547389008,independent_matrix_exponential
strong_cold,0.07619742787996348,1.01,0.0778276676426525,-0.849103245147423,0.14896885033758456,independent_matrix_exponential
strong_cold,0.07619742787996348,1.02,0.07761743678524696,-0.8518622734145809,0.14620182413742275,independent_matrix_exponential
strong_cold,0.07619742787996348,1.03,0.07741111086695593,-0.8545700540317438,0.1434861941450928,independent_matrix_exponential
strong_cold,0.07619742787996348,1.04,0.07720861735537535,-0.8572275388998627,0.14082100570025197,independent_matrix_exponential
strong_cold,0.07619742787996348,1.05,0.07700988506535643,-0.8598356622387764,0.138205321874924,independent_matrix_exponential
strong_cold,0.07619742787996348,1.06,0.07681484413398097,-0.8623953409156303,0.13563822314412838,independent_matrix_exponential
strong_cold,0.07619742787996348,1.07,0.07662342599600157,-0.8649074747671949,0.13311880706262771,independent_matrix_exponential
strong_cold,0.07619742787996348,1.08,0.07643556335973795,-0.8673729469161965,0.13064618794767965,independent_matrix_exponential
strong_cold,0.07619742787996348,1.09,0.07625119018342114,-0.8697926240817732,0.1282194965676813,independent_matrix_exponential
strong_cold,0.07619742787996348,1.1,0.07607024165197684,-0.872167356884163,0.1258378798365975,independent_matrix_exponential
strong_cold,0.07619742787996348,1.11,0.07589265415424029,-0.8744979801437344,0.12350050051406398,independent_matrix_exponential
strong_cold,0.07619742787996348,1.12,0.0757183652605941,-0.8767853131744604,0.1212065369110618,independent_matrix_exponential
strong_cold,0.07619742787996348,1.1300000000000001,0.07554731370102158,-0.8790301600719432,0.11895518260105849,independent_matrix_exponential
strong_cold,0.07619742787996348,1.1400000000000001,0.07537943934356779,-0.8812333099960884,0.11674564613651409,independent_matrix_exponential
strong_cold,0.07619742787996348,1.1500000000000001,0.07521468317320047,-0.8833955374485276,0.11457715077065418,independent_matrix_exponential
strong_cold,0.07619742787996348,1.16,0.07505298727106381,-0.8855176025448901,0.11244893418440934,independent_matrix_exponential
strong_cold,0.07619742787996348,1.17,0.07489429479411742,-0.8876002512820151,0.11036024821842787,independent_matrix_exponential
strong_cold,0.07619742787996348,1.18,0.07473854995515364,-0.8896442158002026,0.10831035861006523,independent_matrix_exponential
strong_cold,0.07619742787996348,1.19,0.07458569800318586,-0.8916502146405908,0.1062985447352599,independent_matrix_exponential
strong_cold,0.07619742787996348,1.2,0.0744356852042013,-0.8936189529977554,0.10432409935520241,independent_matrix_exponential
strong_cold,0.07619742787996348,1.21,0.0742884588222711,-0.895551122967615,0.10238632836771103,independent_matrix_exponential
strong_cold,0.07619742787996348,1.22,0.07414396710101145,-0.8974474037907324,0.10048455056322506,independent_matrix_exponential
strong_cold,0.07619742787996348,1.23,0.07400215924538898,-0.8993084620910974,0.09861809738533024,independent_matrix_exponential
strong_cold,0.07619742787996348,1.24,0.07386298540386414,-0.9011349521104729,0.09678631269573292,independent_matrix_exponential
strong_cold,0.07619742787996348,1.25,0.07372639665086622,-0.9029275159383896,0.09498855254359889,independent_matrix_exponential
strong_cold,0.07619742787996348,1.26,0.07359234496959395,-0.9046867837378678,0.09322418493917718,independent_matrix_exponential
strong_cold,0.07619742787996348,1.27,0.0734607832351355,-0.9064133739669463,0.09149258963162894,independent_matrix_exponential
strong_cold,0.07619742787996348,1.28,0.07333166519790206,-0.9081078935960976,0.08979315789098213,independent_matrix_exponential
strong_cold,0.07619742787996348,1.29,0.07320494546736918,-0.9097709383216033,0.08812529229413726,independent_matrix_exponential
strong_cold,0.07619742787996348,1.3,0.07308057949611999,-0.9114030927749678,0.0864884065148471,independent_matrix_exponential
strong_cold,0.07619742787996348,1.31,0.07295852356418489,-0.9130049307284401,0.08488192511759873,independent_matrix_exponential
strong_cold,0.07619742787996348,1.32,0.07283873476367211,-0.9145770152967209,0.08330528335532213,independent_matrix_exponential
strong_cold,0.07619742787996348,1.33,0.0727211709836838,-0.9161198991349196,0.08175792697085857,independent_matrix_exponential
strong_cold,0.07619742787996348,1.34,0.07260579089551213,-0.9176341246328384,0.08023931200211437,independent_matrix_exponential
strong_cold,0.07619742787996348,1.35,0.07249255393811058,-0.919120224105644,0.07874890459083568,independent_matrix_exponential
strong_cold,0.07619742787996348,1.36,0.07238142030383496,-0.9205787199809995,0.07728618079493423,independent_matrix_exponential
strong_cold,0.07619742787996348,1.37,0.07227235092444928,-0.9220101249827208,0.07585062640429888,independent_matrix_exponential
strong_cold,0.07619742787996348,1.3800000000000001,0.07216530745739166,-0.9234149423110203,0.07444173676002927,independent_matrix_exponential
strong_cold,0.07619742787996348,1.3900000000000001,0.07206025227229523,-0.9247936658194034,0.07305901657702629,independent_matrix_exponential
strong_cold,0.07619742787996348,1.4000000000000001,0.07195714843775944,-0.9261467801882797,0.0717019797698779,independent_matrix_exponential
strong_cold,0.07619742787996348,1.41,0.07185595970836711,-0.9274747610953482,0.0703701492819799,independent_matrix_exponential
strong_cold,0.07619742787996348,1.42,0.07175665051194262,-0.9287780753828192,0.06906305691782942,independent_matrix_exponential
strong_cold,0.07619742787996348,1.43,0.07165918593704673,-0.9300571812215285,0.06778024317843473,independent_matrix_exponential
strong_cold,0.07619742787996348,1.44,0.07156353172070373,-0.9313125282720047,0.06652125709978111,independent_matrix_exponential
strong_cold,0.07619742787996348,1.45,0.07146965423635658,-0.9325445578425442,0.06528565609429794,independent_matrix_exponential
strong_cold,0.07619742787996348,1.46,0.07137752048204564,-0.9337537030443492,0.0640730057952704,independent_matrix_exponential
strong_cold,0.07619742787996348,1.47,0.07128709806880713,-0.9349403889437861,0.06288287990414036,independent_matrix_exponential
strong_cold,0.07619742787996348,1.48,0.07119835520928705,-0.936105032711813,0.06171486004064497,independent_matrix_exponential
strong_cold,0.07619742787996348,1.49,0.07111126070656648,-0.9372480437706348,0.060568535595737265,independent_matrix_exponential
strong_cold,0.07619742787996348,1.5,0.07102578394319457,-0.9383698239376314,0.05944350358723997,independent_matrix_exponential
strong_cold,0.07619742787996348,1.51,0.07094189487042524,-0.9394707675666144,0.058339368518179814,independent_matrix_exponential
strong_cold,0.07619742787996348,1.52,0.07085956399765365,-0.9405512616864591,0.05725574223775364,independent_matrix_exponential
strong_cold,0.07619742787996348,1.53,0.07077876238204907,-0.941611686137162,0.056192243804876196,independent_matrix_exponential
strong_cold,0.07619742787996348,1.54,0.07069946161838023,-0.9426524137033702,0.05514849935426382,independent_matrix_exponential
strong_cold,0.07619742787996348,1.55,0.07062163382902963,-0.9436738102454321,0.054124141965003994,independent_matrix_exponential
strong_cold,0.07619742787996348,1.56,0.07054525165419337,-0.9446762348280123,0.05311881153156734,independent_matrix_exponential
strong_cold,0.07619742787996348,1.57,0.07047028824226304,-0.9456600398463185,0.052132154637215156,independent_matrix_exponential
strong_cold,0.07619742787996348,1.58,0.07039671724038618,-0.9466255711499835,0.05116382442975796,independent_matrix_exponential
strong_cold,0.07619742787996348,1.59,0.07032451278520217,-0.947573168164646,0.05021348049962228,independent_matrix_exponential
strong_cold,0.07619742787996348,1.6,0.0702536494937501,-0.9485031640112735,0.049280788760182104,independent_matrix_exponential
strong_cold,0.07619742787996348,1.61,0.07018410245454562,-0.9494158856232686,0.0483654213303131,independent_matrix_exponential
strong_cold,0.07619742787996348,1.62,0.07011584721882345,-0.9503116538613998,0.04746705641912825,independent_matrix_exponential
strong_cold,0.07619742787996348,1.6300000000000001,0.07004885979194263,-0.9511907836265981,0.04658537821285468,independent_matrix_exponential
strong_cold,0.07619742787996348,1.6400000000000001,0.06998311662495131,-0.9520535839706582,0.04572007676381152,independent_matrix_exponential
strong_cold,0.07619742787996348,1.6500000000000001,0.06991859460630834,-0.9529003582048832,0.04487084788144997,independent_matrix_exponential
strong_cold,0.07619742787996348,1.6600000000000001,0.06985527105375858,-0.9537314040067116,0.04403739302541742,independent_matrix_exponential
strong_cold,0.07619742787996348,1.67,0.06979312370635905,-0.9545470135243639,0.04321941920060776,independent_matrix_exponential
strong_cold,0.07619742787996348,1.68,0.06973213071665332,-0.9553474734795452,0.042416638854160436,independent_matrix_exponential
strong_cold,0.07619742787996348,1.69,0.0696722706429912,-0.9561330652682395,0.04162876977437449,independent_matrix_exponential
strong_cold,0.07619742787996348,1.7,0.06961352244199098,-0.9569040650596337,0.04085553499149764,independent_matrix_exponential
strong_cold,0.07619742787996348,1.71,0.0695558654611419,-0.9576607438932015,0.04009666268036072,independent_matrix_exponential
strong_cold,0.07619742787996348,1.72,0.06949927943154383,-0.9584033677739868,0.039351886064818674,independent_matrix_exponential
strong_cold,0.07619742787996348,1.73,0.06944374446078193,-0.9591321977661145,0.03862094332396799,independent_matrix_exponential
strong_cold,0.07619742787996348,1.74,0.06938924102593358,-0.9598474900845666,0.03790357750010481,independent_matrix_exponential
strong_cold,0.07619742787996348,1.75,0.06933574996670525,-0.9605494961852528,0.03719953640839358,independent_matrix_exponential
strong_cold,0.07619742787996348,1.76,0.06928325247869682,-0.9612384628534075,0.036508572548213124,independent_matrix_exponential
strong_cold,0.07619742787996348,1.77,0.0692317301067911,-0.9619146322903458,0.03583044301614996,independent_matrix_exponential
strong_cold,0.07619742787996348,1.78,0.06918116473866591,-0.9625782421986072,0.03516490942060698,independent_matrix_exponential
strong_cold,0.07619742787996348,1.79,0.069131538598427,-0.963229525865519,0.03451173779799842,independent_matrix_exponential
strong_cold,0.07619742787996348,1.8,0.06908283424035894,-0.9638687122452061,0.03387069853050204,independent_matrix_exponential
strong_cold,0.07619742787996348,1.81,0.06903503454279226,-0.9644960260390781,0.03324156626533867,independent_matrix_exponential
strong_cold,0.07619742787996348,1.82,0.06898812270208445,-0.9651116877748224,0.03262411983555046,independent_matrix_exponential
strong_cold,0.07619742787996348,1.83,0.06894208222671266,-0.9657159138839281,0.03201814218225169,independent_matrix_exponential
strong_cold,0.07619742787996348,1.84,0.06889689693147644,-0.9663089167777714,0.031423420278323344,independent_matrix_exponential
strong_cold,0.07619742787996348,1.85,0.06885255093180767,-0.9668909049222876,0.0308397450535245,independent_matrix_exponential
strong_cold,0.07619742787996348,1.86,0.0688090286381867,-0.967462082911255,0.03026691132099566,independent_matrix_exponential
strong_cold,0.07619742787996348,1.87,0.06876631475066182,-0.9680226515382193,0.029704717705126425,independent_matrix_exponential
strong_cold,0.07619742787996348,1.8800000000000001,0.06872439425347072,-0.9685728078670804,0.029152966570763564,independent_matrix_exponential
strong_cold,0.07619742787996348,1.8900000000000001,0.06868325240976181,-0.9691127453013694,0.02861146395373362,independent_matrix_exponential
strong_cold,0.07619742787996348,1.9000000000000001,0.06864287475641354,-0.9696426536522376,0.028080019492656306,independent_matrix_exponential
strong_cold,0.07619742787996348,1.9100000000000001,0.06860324709895006,-0.9701627192051837,0.027558446362024345,independent_matrix_exponential
strong_cold,0.07619742787996348,1.92,0.06856435550655123,-0.9706731247855415,0.02704656120652591,independent_matrix_exponential
strong_cold,0.07619742787996348,1.93,0.06852618630715529,-0.9711740498227497,0.026544184076588068,independent_matrix_exponential
strong_cold,0.07619742787996348,1.94,0.0684887260826526,-0.9716656704134301,0.026051138365116244,independent_matrix_exponential
strong_cold,0.07619742787996348,1.95,0.06845196166416863,-0.9721481593832927,0.025567250745409435,independent_matrix_exponential
strong_cold,0.07619742787996348,1.96,0.06841588012743441,-0.9726216863478913,0.025092351110228447,independent_matrix_exponential
strong_cold,0.07619742787996348,1.97,0.06838046878824323,-0.9730864177722506,0.024626272511995964,independent_matrix_exponential
strong_cold,0.07619742787996348,1.98,0.06834571519799154,-0.9735425170293863,0.024168851104106957,independent_matrix_exponential
strong_cold,0.07619742787996348,1.99,0.0683116071393027,-0.9739901444577369,0.023719926083330352,independent_matrix_exponential
strong_cold,0.07619742787996348,2.0,0.06827813262173212,-0.9744294574175302,0.023279339633278936,independent_matrix_exponential
strong_cold,0.07619742787996348,2.0100000000000002,0.06824527987755205,-0.9748606103461017,0.02284693686893072,independent_matrix_exponential
strong_cold,0.07619742787996348,2.02,0.06821303735761476,-0.9752837548121863,0.02242256578218007,independent_matrix_exponential
strong_cold,0.07619742787996348,2.0300000000000002,0.06818139372729247,-0.9756990395692013,0.022006077188399878,independent_matrix_exponential
strong_cold,0.07619742787996348,2.04,0.06815033786249278,-0.9761066106075389,0.021597324673997817,independent_matrix_exponential
strong_cold,0.07619742787996348,2.05,0.06811985884574806,-0.9765066112058889,0.0211961645449445,independent_matrix_exponential
strong_cold,0.07619742787996348,2.06,0.06808994596237752,-0.9768991819816069,0.020802455776259637,independent_matrix_exponential
strong_cold,0.07619742787996348,2.07,0.06806058869672048,-0.9772844609401471,0.020416059962435645,independent_matrix_exponential
strong_cold,0.07619742787996348,2.08,0.06803177672843974,-0.9776625835235777,0.020036841268781896,independent_matrix_exponential
strong_cold,0.07619742787996348,2.09,0.06800349992889346,-0.9780336826581945,0.01966466638367292,independent_matrix_exponential
strong_cold,0.07619742787996348,2.1,0.0679757483575746,-0.9783978888012494,0.019299404471684198,independent_matrix_exponential
strong_cold,0.07619742787996348,2.11,0.0679485122586163,-0.9787553299868128,0.018940927127597564,independent_matrix_exponential
strong_cold,0.07619742787996348,2.12,0.06792178205736236,-0.9791061318707824,0.018589108331260987,independent_matrix_exponential
strong_cold,0.07619742787996348,2.13,0.06789554835700132,-0.9794504177750569,0.018243824403287597,independent_matrix_exponential
strong_cold,0.07619742787996348,2.14,0.06786980193526304,-0.9797883087308887,0.017904953961576816,independent_matrix_exponential
strong_cold,0.07619742787996348,2.15,0.0678445337411767,-0.980119923521432,0.017572377878643287,independent_matrix_exponential
strong_cold,0.07619742787996348,2.16,0.06781973489188901,-0.9804453787234992,0.01724597923973888,independent_matrix_exponential
strong_cold,0.07619742787996348,2.17,0.06779539666954151,-0.9807647887485442,0.016925643301751468,independent_matrix_exponential
strong_cold,0.07619742787996348,2.18,0.06777151051820582,-0.9810782658828816,0.01661125745286827,independent_matrix_exponential
strong_cold,0.07619742787996348,2.19,0.06774806804087592,-0.9813859203271607,0.016302711172987906,independent_matrix_exponential
strong_cold,0.07619742787996348,2.2,0.0677250609965162,-0.9816878602351056,0.01599989599486773,independent_matrix_exponential
strong_cold,0.07619742787996348,2.21,0.06770248129716444,-0.981984191751536,0.01570270546599316,independent_matrix_exponential
strong_cold,0.07619742787996348,2.22,0.06768032100508847,-0.9822750190496815,0.015411035111154799,independent_matrix_exponential
strong_cold,0.07619742787996348,2.23,0.06765857232999578,-0.9825604443678032,0.015124782395721107,independent_matrix_exponential
strong_cold,0.07619742787996348,2.24,0.06763722762629484,-0.9828405680451348,0.014843846689592767,independent_matrix_exponential
strong_cold,0.07619742787996348,2.25,0.06761627939040743,-0.9831154885571554,0.014568129231827638,independent_matrix_exponential
strong_cold,0.07619742787996348,2.2600000000000002,0.0675957202581307,-0.9833853025502092,0.014297533095920979,independent_matrix_exponential
strong_cold,0.07619742787996348,2.27,0.06757554300204846,-0.9836501048754798,0.014031963155732479,independent_matrix_exponential
strong_cold,0.07619742787996348,2.2800000000000002,0.06755574052899031,-0.9839099886223346,0.013771326052045155,independent_matrix_exponential
strong_cold,0.07619742787996348,2.29,0.0675363058775382,-0.98416504515105,0.013515530159745446,independent_matrix_exponential
strong_cold,0.07619742787996348,2.3000000000000003,0.0675172322155791,-0.9844153641249285,0.013264485555612798,independent_matrix_exponential
strong_cold,0.07619742787996348,2.31,0.0674985128379033,-0.9846610335418187,0.013018103986708513,independent_matrix_exponential
strong_cold,0.07619742787996348,2.32,0.06748014116384717,-0.9849021397650508,0.012776298839350369,independent_matrix_exponential
strong_cold,0.07619742787996348,2.33,0.06746211073497979,-0.9851387675537969,0.01253898510866456,independent_matrix_exponential
strong_cold,0.07619742787996348,2.34,0.0674444152128326,-0.9853710000928672,0.012306079368702942,independent_matrix_exponential
strong_cold,0.07619742787996348,2.35,0.06742704837667109,-0.9855989190219533,0.012077499743114764,independent_matrix_exponential
strong_cold,0.07619742787996348,2.36,0.06741000412130793,-0.9858226044643282,0.01185316587636398,independent_matrix_exponential
strong_cold,0.07619742787996348,2.37,0.0673932764549568,-0.9860421350550127,0.01163299890548091,independent_matrix_exponential
strong_cold,0.07619742787996348,2.38,0.06737685949712599,-0.9862575879684191,0.011416921432338223,independent_matrix_exponential
strong_cold,0.07619742787996348,2.39,0.06736074747655113,-0.9864690389454815,0.011204857496442318,independent_matrix_exponential
strong_cold,0.07619742787996348,2.4,0.06734493472916639,-0.9866765623202817,0.010996732548230225,independent_matrix_exponential
strong_cold,0.07619742787996348,2.41,0.06732941569611327,-0.986880231046181,0.010792473422861644,independent_matrix_exponential
strong_cold,0.07619742787996348,2.42,0.06731418492178647,-0.9870801167214664,0.010592008314498776,independent_matrix_exponential
strong_cold,0.07619742787996348,2.43,0.06729923705191597,-0.9872762896145205,0.010395266751063725,independent_matrix_exponential
strong_cold,0.07619742787996348,2.44,0.06728456683168481,-0.9874688186885239,0.010202179569463753,independent_matrix_exponential
strong_cold,0.07619742787996348,2.45,0.06727016910388177,-0.9876577716256982,0.010012678891278402,independent_matrix_exponential
strong_cold,0.07619742787996348,2.46,0.06725603880708837,-0.9878432148511,0.009826698098896774,independent_matrix_exponential
strong_cold,0.07619742787996348,2.47,0.06724217097389966,-0.9880252135559718,0.009644171812098522,independent_matrix_exponential
strong_cold,0.07619742787996348,2.48,0.06722856072917784,-0.9882038317206594,0.00946503586507018,independent_matrix_exponential
strong_cold,0.07619742787996348,2.49,0.06721520328833851,-0.9883791321371036,0.009289227283848199,independent_matrix_exponential
strong_cold,0.07619742787996348,2.5,0.06720209395566867,-0.9885511764309147,0.009116684264180589,independent_matrix_exponential
strong_cold,0.07619742787996348,2.5100000000000002,0.067189228122676,-0.9887200250830365,0.008947346149800143,independent_matrix_exponential
strong_cold,0.07619742787996348,2.52,0.06717660126646871,-0.9888857374510074,0.008781153411101342,independent_matrix_exponential
strong_cold,0.07619742787996348,2.5300000000000002,0.06716420894816565,-0.9890483717898277,0.00861804762421302,independent_matrix_exponential
strong_cold,0.07619742787996348,2.54,0.06715204681133574,-0.9892079852724386,0.008457971450459924,independent_matrix_exponential
strong_cold,0.07619742787996348,2.5500000000000003,0.06714011058046658,-0.9893646340098206,0.008300868616205645,independent_matrix_exponential
strong_cold,0.07619742787996348,2.56,0.06712839605946141,-0.9895183730707193,0.008146683893069995,independent_matrix_exponential
strong_cold,0.07619742787996348,2.57,0.06711689913016397,-0.9896692565010046,0.007995363078513926,independent_matrix_exponential
strong_cold,0.07619742787996348,2.58,0.06710561575091083,-0.9898173373426692,0.007846852976785213,independent_matrix_exponential
strong_cold,0.07619742787996348,2.59,0.06709454195511053,-0.9899626676524764,0.007701101380217307,independent_matrix_exponential
strong_cold,0.07619742787996348,2.6,0.06708367384984917,-0.9901052985202593,0.007558057050876824,independent_matrix_exponential
strong_cold,0.07619742787996348,2.61,0.06707300761452197,-0.9902452800868815,0.007417669702550623,independent_matrix_exponential
strong_cold,0.07619742787996348,2.62,0.06706253949948997,-0.9903826615618637,0.007279889983068359,independent_matrix_exponential
strong_cold,0.07619742787996348,2.63,0.06705226582476206,-0.9905174912406829,0.00714466945695307,independent_matrix_exponential
strong_cold,0.07619742787996348,2.64,0.06704218297870122,-0.9906498165217504,0.007011960588393762,independent_matrix_exponential
strong_cold,0.07619742787996348,2.65,0.06703228741675488,-0.9907796839230745,0.006881716724534876,independent_matrix_exponential
strong_cold,0.07619742787996348,2.66,0.06702257566020883,-0.9909071390986132,0.006753892079075525,independent_matrix_exponential
strong_cold,0.07619742787996348,2.67,0.06701304429496442,-0.9910322268543237,0.006628441716174031,independent_matrix_exponential
strong_cold,0.07619742787996348,2.68,0.06700368997033819,-0.9911549911639138,0.006505321534650635,independent_matrix_exponential
strong_cold,0.07619742787996348,2.69,0.0669945093978841,-0.9912754751843005,0.006384488252484172,independent_matrix_exponential
strong_cold,0.07619742787996348,2.7,0.0669854993502374,-0.9913937212707811,0.006265899391596773,independent_matrix_exponential
strong_cold,0.07619742787996348,2.71,0.06697665665998016,-0.9915097709919235,0.006149513262920624,independent_matrix_exponential
strong_cold,0.07619742787996348,2.72,0.06696797821852772,-0.9916236651441789,0.006035288951742947,independent_matrix_exponential
strong_cold,0.07619742787996348,2.73,0.06695946097503595,-0.9917354437662237,0.005923186303322249,independent_matrix_exponential
strong_cold,0.07619742787996348,2.74,0.06695110193532867,-0.9918451461530345,0.005813165908772759,independent_matrix_exponential
strong_cold,0.07619742787996348,2.75,0.06694289816084513,-0.9919528108697027,0.005705189091209897,independent_matrix_exponential
strong_cold,0.07619742787996348,2.7600000000000002,0.06693484676760696,-0.992058475764991,0.0055992178921539185,independent_matrix_exponential
strong_cold,0.07619742787996348,2.77,0.06692694492520433,-0.992162177984639,0.005495215058186327,independent_matrix_exponential
strong_cold,0.07619742787996348,2.7800000000000002,0.06691918985580095,-0.9922639539844221,0.005393144027853013,independent_matrix_exponential
strong_cold,0.07619742787996348,2.79,0.06691157883315751,-0.9923638395429666,0.0052929689188118125,independent_matrix_exponential
strong_cold,0.07619742787996348,2.8000000000000003,0.06690410918167332,-0.9924618697743277,0.005194654515217981,independent_matrix_exponential
strong_cold,0.07619742787996348,2.81,0.06689677827544571,-0.9925580791403336,0.005098166255344742,independent_matrix_exponential
strong_cold,0.07619742787996348,2.82,0.06688958353734692,-0.9926525014627002,0.005003470219432852,independent_matrix_exponential
strong_cold,0.07619742787996348,2.83,0.06688252243811811,-0.9927451699349212,0.004910533117766759,independent_matrix_exponential
strong_cold,0.07619742787996348,2.84,0.06687559249548025,-0.9928361171339365,0.0048193222789717745,independent_matrix_exponential
strong_cold,0.07619742787996348,2.85,0.06686879127326148,-0.9929253750315848,0.004729805638528373,independent_matrix_exponential
strong_cold,0.07619742787996348,2.86,0.06686211638054064,-0.9930129750058432,0.004641951727500488,independent_matrix_exponential
strong_cold,0.07619742787996348,2.87,0.06685556547080686,-0.9930989478518572,0.004555729661472805,independent_matrix_exponential
strong_cold,0.07619742787996348,2.88,0.06684913624113456,-0.9931833237927673,0.004471109129693261,independent_matrix_exponential
strong_cold,0.07619742787996348,2.89,0.06684282643137393,-0.9932661324903334,0.004388060384417965,independent_matrix_exponential
strong_cold,0.07619742787996348,2.9,0.0668366338233564,-0.9933474030553621,0.0043065542304530965,independent_matrix_exponential
strong_cold,0.07619742787996348,2.91,0.0668305562401148,-0.9934271640579404,0.0042265620148920794,independent_matrix_exponential
strong_cold,0.07619742787996348,2.92,0.06682459154511813,-0.9935054435374796,0.004148055617042405,independent_matrix_exponential
strong_cold,0.07619742787996348,2.93,0.06681873764152044,-0.9935822690125721,0.004071007438540155,independent_matrix_exponential
strong_cold,0.07619742787996348,2.94,0.06681299247142367,-0.9936576674906652,0.003995390393648145,independent_matrix_exponential
strong_cold,0.07619742787996348,2.95,0.0668073540151543,-0.993731665477556,0.003921177899733776,independent_matrix_exponential
strong_cold,0.07619742787996348,2.96,0.06680182029055327,-0.9938042889867084,0.003848343867924698,independent_matrix_exponential
strong_cold,0.07619742787996348,2.97,0.06679638935227918,-0.9938755635483989,0.00377686269393661,independent_matrix_exponential
strong_cold,0.07619742787996348,2.98,0.06679105929112444,-0.9939455142186908,0.003706709249073212,independent_matrix_exponential
strong_cold,0.07619742787996348,2.99,0.06678582823334411,-0.9940141655882433,0.0036378588713913747,independent_matrix_exponential
strong_cold,0.07619742787996348,3.0,0.06678069433999716,-0.9940815417909552,0.0035702873570323313,independent_matrix_exponential
strong_cold,0.07619742787996348,3.0100000000000002,0.06677565580629999,-0.9941476665124497,0.0035039709517125346,independent_matrix_exponential
strong_cold,0.07619742787996348,3.02,0.06677071086099208,-0.9942125629984007,0.003438886342372966,independent_matrix_exponential
strong_cold,0.07619742787996348,3.0300000000000002,0.06676585776571317,-0.9942762540627047,0.0033750106489836384,independent_matrix_exponential
strong_cold,0.07619742787996348,3.04,0.06676109481439227,-0.9943387620955009,0.0033123214165004396,independent_matrix_exponential
strong_cold,0.07619742787996348,3.0500000000000003,0.06675642033264784,-0.9944001090710419,0.0032507966069711632,independent_matrix_exponential
strong_cold,0.07619742787996348,3.06,0.06675183267719915,-0.9944603165554193,0.0031904145917880694,independent_matrix_exponential
strong_cold,0.07619742787996348,3.0700000000000003,0.06674733023528871,-0.9945194057141444,0.0031311541440847564,independent_matrix_exponential
strong_cold,0.07619742787996348,3.08,0.06674291142411518,-0.9945773973195893,0.0030729944312737614,independent_matrix_exponential
strong_cold,0.07619742787996348,3.09,0.06673857469027702,-0.994634311758289,0.003015915007723014,independent_matrix_exponential
strong_cold,0.07619742787996348,3.1,0.06673431850922643,-0.9946901690381083,0.002959895807568568,independent_matrix_exponential
strong_cold,0.07619742787996348,3.11,0.06673014138473332,-0.9947449887952751,0.0029049171376605096,independent_matrix_exponential
strong_cold,0.07619742787996348,3.12,0.06672604184835938,-0.9947987903012838,0.002850959670639797,independent_matrix_exponential
strong_cold,0.07619742787996348,3.13,0.06672201845894186,-0.99485159246967,0.0027980044381439337,independent_matrix_exponential
strong_cold,0.07619742787996348,3.14,0.06671806980208694,-0.994903413862659,0.0027460328241390134,independent_matrix_exponential
strong_cold,0.07619742787996348,3.15,0.06671419448967247,-0.9949542726976918,0.002695026558374909,independent_matrix_exponential
strong_cold,0.07619742787996348,3.16,0.06671039115936005,-0.9950041868538289,0.0026449677099628353,independent_matrix_exponential
strong_cold,0.07619742787996348,3.17,0.06670665847411601,-0.9950531738780354,0.0025958386810721497,independent_matrix_exponential
strong_cold,0.07619742787996348,3.18,0.06670299512174152,-0.9951012509913502,0.0025476222007433033,independent_matrix_exponential
strong_cold,0.07619742787996348,3.19,0.06669939981441121,-0.9951484350949393,0.0025003013188166848,independent_matrix_exponential
strong_cold,0.07619742787996348,3.2,0.06669587128822042,-0.9951947427760377,0.0024538593999740357,independent_matrix_exponential
strong_cold,0.07619742787996348,3.21,0.06669240830274098,-0.9952401903137801,0.0024082801178902193,independent_matrix_exponential
strong_cold,0.07619742787996348,3.22,0.06668900964058504,-0.9952847936849241,0.002363547449493868,independent_matrix_exponential
strong_cold,0.07619742787996348,3.23,0.06668567410697718,-0.9953285685694664,0.0023196456693347104,independent_matrix_exponential
strong_cold,0.07619742787996348,3.24,0.06668240052933436,-0.9953715303561552,0.002276559344055332,independent_matrix_exponential
strong_cold,0.07619742787996348,3.25,0.06667918775685373,-0.9954136941479,0.002234273326965603,independent_matrix_exponential
strong_cold,0.07619742787996348,3.2600000000000002,0.06667603466010806,-0.9954550747670811,0.0021927727527178637,independent_matrix_exponential
strong_cold,0.07619742787996348,3.27,0.06667294013064867,-0.9954956867607596,0.0021520430320814323,independent_matrix_exponential
strong_cold,0.07619742787996348,3.2800000000000002,0.06666990308061585,-0.9955355444057921,0.002112069846813874,independent_matrix_exponential
strong_cold,0.07619742787996348,3.29,0.06666692244235631,-0.9955746617138492,0.00207283914462702,independent_matrix_exponential
strong_cold,0.07619742787996348,3.3000000000000003,0.06666399716804795,-0.9956130524363415,0.0020343371342476293,independent_matrix_exponential
strong_cold,0.07619742787996348,3.31,0.06666112622933146,-0.9956507300692533,0.0019965502805686865,independent_matrix_exponential
strong_cold,0.07619742787996348,3.3200000000000003,0.06665830861694882,-0.9956877078578876,0.001959465299891557,independent_matrix_exponential
strong_cold,0.07619742787996348,3.33,0.06665554334038853,-0.9957239988015223,0.0019230691552557676,independent_matrix_exponential
strong_cold,0.07619742787996348,3.34,0.06665282942753734,-0.9957596156579793,0.0018873490518566346,independent_matrix_exponential
strong_cold,0.07619742787996348,3.35,0.06665016592433853,-0.9957945709481106,0.001852292432546522,independent_matrix_exponential
strong_cold,0.07619742787996348,3.36,0.0666475518944566,-0.9958288769601987,0.0018178869734213781,independent_matrix_exponential
strong_cold,0.07619742787996348,3.37,0.06664498641894798,-0.9958625457542775,0.0017841205794874447,independent_matrix_exponential
strong_cold,0.07619742787996348,3.38,0.06664246859593807,-0.9958955891663712,0.0017509813804098098,independent_matrix_exponential
strong_cold,0.07619742787996348,3.39,0.06663999754030416,-0.9959280188126554,0.0017184577263398837,independent_matrix_exponential
strong_cold,0.07619742787996348,3.4,0.06663757238336426,-0.9959598460935409,0.0016865381838188432,independent_matrix_exponential
strong_cold,0.07619742787996348,3.41,0.06663519227257178,-0.9959910821976812,0.0016552115317595417,independent_matrix_exponential
strong_cold,0.07619742787996348,3.42,0.06663285637121576,-0.9960217381059057,0.0016244667575009268,independent_matrix_exponential
strong_cold,0.07619742787996348,3.43,0.06663056385812673,-0.99605182459508,0.0015942930529371548,independent_matrix_exponential
strong_cold,0.07619742787996348,3.44,0.06662831392738809,-0.9960813522418949,0.001564679810717645,independent_matrix_exponential
strong_cold,0.07619742787996348,3.45,0.06662610578805274,-0.9961103314265838,0.0015356166205183809,independent_matrix_exponential
strong_cold,0.07619742787996348,3.46,0.06662393866386505,-0.9961387723365721,0.0015070932653824772,independent_matrix_exponential
strong_cold,0.07619742787996348,3.47,0.066621811792988,-0.996166684970059,0.0014790997181277745,independent_matrix_exponential
strong_cold,0.07619742787996348,3.48,0.0666197244277353,-0.9961940791395314,0.0014516261378226805,independent_matrix_exponential
strong_cold,0.07619742787996348,3.49,0.06661767583430858,-0.9962209644752142,0.0014246628663259324,independent_matrix_exponential
strong_cold,0.07619742787996348,3.5,0.06661566529253946,-0.9962473504284551,0.001398200424892157,independent_matrix_exponential
strong_cold,0.07619742787996348,3.5100000000000002,0.06661369209563632,-0.9962732462750478,0.0013722295108387892,independent_matrix_exponential
strong_cold,0.07619742787996348,3.52,0.06661175554993588,-0.9962986611184923,0.0013467409942762223,independent_matrix_exponential
strong_cold,0.07619742787996348,3.5300000000000002,0.06660985497465932,-0.9963236038931954,0.001321725914898538,independent_matrix_exponential
strong_cold,0.07619742787996348,3.54,0.06660798970167296,-0.9963480833676115,0.001297175478833137,independent_matrix_exponential
strong_cold,0.07619742787996348,3.5500000000000003,0.06660615907525338,-0.9963721081473252,0.0012730810555492684,independent_matrix_exponential
strong_cold,0.07619742787996348,3.56,0.06660436245185697,-0.9963956866780763,0.0012494341748245704,independent_matrix_exponential
strong_cold,0.07619742787996348,3.5700000000000003,0.06660259919989356,-0.9964188272487291,0.0012262265237667238,independent_matrix_exponential
strong_cold,0.07619742787996348,3.58,0.0666008686995045,-0.9964415379941859,0.0012034499438917828,independent_matrix_exponential
strong_cold,0.07619742787996348,3.59,0.06659917034234476,-0.9964638268982472,0.0011810964282556193,independent_matrix_exponential
strong_cold,0.07619742787996348,3.6,0.06659750353136899,-0.9964857017964183,0.001159158118639251,independent_matrix_exponential
strong_cold,0.07619742787996348,3.61,0.06659586768062169,-0.9965071703786634,0.001137627302786504,independent_matrix_exponential
strong_cold,0.07619742787996348,3.62,0.0665942622150312,-0.9965282401921094,0.0011164964116928972,independent_matrix_exponential
strong_cold,0.07619742787996348,3.63,0.06659268657020755,-0.9965489186436989,0.0010957580169442926,independent_matrix_exponential
strong_cold,0.07619742787996348,3.64,0.06659114019224403,-0.9965692130027938,0.0010754048281062098,independent_matrix_exponential
strong_cold,0.07619742787996348,3.65,0.06658962253752254,-0.9965891304037314,0.0010554296901601314,independent_matrix_exponential
strong_cold,0.07619742787996348,3.66,0.06658813307252236,-0.9966086778483317,0.0010358255809891194,independent_matrix_exponential
strong_cold,0.07619742787996348,3.67,0.06658667127363273,-0.9966278622083594,0.0010165856089084393,independent_matrix_exponential
strong_cold,0.07619742787996348,3.68,0.06658523662696866,-0.9966466902279395,0.0009977030102430325,independent_matrix_exponential
strong_cold,0.07619742787996348,3.69,0.06658382862819036,-0.9966651685259276,0.0009791711469504354,independent_matrix_exponential
strong_cold,0.07619742787996348,3.7,0.06658244678232592,-0.9966833035982376,0.0009609835042861207,independent_matrix_exponential
strong_cold,0.07619742787996348,3.71,0.06658109060359728,-0.996701101820125,0.0009431336885141426,independent_matrix_exponential
strong_cold,0.07619742787996348,3.72,0.06657975961524948,-0.9967185694484273,0.0009256154246592121,independent_matrix_exponential
strong_cold,0.07619742787996348,3.73,0.06657845334938306,-0.9967357126237647,0.0009084225543007495,independent_matrix_exponential
strong_cold,0.07619742787996348,3.74,0.06657717134678962,-0.9967525373726982,0.0008915490334077997,independent_matrix_exponential
strong_cold,0.07619742787996348,3.75,0.06657591315679023,-0.9967690496098481,0.0008749889302145756,independent_matrix_exponential
strong_cold,0.07619742787996348,3.7600000000000002,0.06657467833707724,-0.9967852551399736,0.0008587364231349961,independent_matrix_exponential
strong_cold,0.07619742787996348,3.77,0.06657346645355856,-0.9968011596600133,0.0008427857987160607,independent_matrix_exponential
strong_cold,0.07619742787996348,3.7800000000000002,0.06657227708020519,-0.9968167687610874,0.0008271314496297574,independent_matrix_exponential
strong_cold,0.07619742787996348,3.79,0.06657110979890142,-0.9968320879304641,0.0008117678727013876,independent_matrix_exponential
strong_cold,0.07619742787996348,3.8000000000000003,0.06656996419929785,-0.9968471225534882,0.0007966896669749577,independent_matrix_exponential
strong_cold,0.07619742787996348,3.81,0.06656883987866709,-0.996861877915474,0.0007818915318149797,independent_matrix_exponential
strong_cold,0.07619742787996348,3.8200000000000003,0.06656773644176227,-0.9968763592035637,0.0007673682650426916,independent_matrix_exponential
strong_cold,0.07619742787996348,3.83,0.06656665350067802,-0.9968905715085508,0.0007531147611072223,independent_matrix_exponential
strong_cold,0.07619742787996348,3.84,0.0665655906747141,-0.9969045198266696,0.0007391260092910584,independent_matrix_exponential
strong_cold,0.07619742787996348,3.85,0.06656454759024166,-0.9969182090613519,0.0007253970919483635,independent_matrix_exponential
strong_cold,0.07619742787996348,3.86,0.0665635238805718,-0.9969316440249504,0.0007119231827761317,independent_matrix_exponential
strong_cold,0.07619742787996348,3.87,0.06656251918582667,-0.9969448294404307,0.0006986995451177507,independent_matrix_exponential
strong_cold,0.07619742787996348,3.88,0.06656153315281302,-0.9969577699430315,0.0006857215302978478,independent_matrix_exponential
strong_cold,0.07619742787996348,3.89,0.06656056543489797,-0.9969704700818941,0.0006729845759879848,independent_matrix_exponential
strong_cold,0.07619742787996348,3.9,0.06655961569188719,-0.9969829343216617,0.0006604842046026323,independent_matrix_exponential
strong_cold,0.07619742787996348,3.91,0.06655868358990533,-0.9969951670440489,0.0006482160217255433,independent_matrix_exponential
strong_cold,0.07619742787996348,3.92,0.06655776880127856,-0.9970071725493818,0.0006361757145646281,independent_matrix_exponential
strong_cold,0.07619742787996348,3.93,0.06655687100441948,-0.9970189550581102,0.0006243590504356743,independent_matrix_exponential
strong_cold,0.07619742787996348,3.94,0.06655598988371401,-0.997030518712291,0.000612761875274897,independent_matrix_exponential
strong_cold,0.07619742787996348,3.95,0.06655512512941046,-0.9970418675770442,0.0006013801121781054,independent_matrix_exponential
strong_cold,0.07619742787996348,3.96,0.06655427643751062,-0.9970530056419822,0.0005902097599677035,independent_matrix_exponential
strong_cold,0.07619742787996348,3.97,0.06655344350966291,-0.9970639368226123,0.0005792468917860797,independent_matrix_exponential
strong_cold,0.07619742787996348,3.98,0.0665526260530575,-0.997074664961713,0.000568487653715162,independent_matrix_exponential
strong_cold,0.07619742787996348,3.99,0.06655182378032334,-0.9970851938306852,0.0005579282634215806,independent_matrix_exponential
strong_cold,0.07619742787996348,4.0,0.06655103640942718,-0.9970955271308773,0.0005475650088271113,independent_matrix_exponential
strong_cold,0.07619742787996348,4.01,0.06655026366357442,-0.9971056684948876,0.0005373942468034991,independent_matrix_exponential
strong_cold,0.07619742787996348,4.0200000000000005,0.06654950527111173,-0.99711562148784,0.0005274124018918839,independent_matrix_exponential
strong_cold,0.07619742787996348,4.03,0.06654876096543168,-0.9971253896086383,0.0005176159650460667,independent_matrix_exponential
strong_cold,0.07619742787996348,4.04,0.06654803048487892,-0.9971349762911954,0.0005080014923985894,independent_matrix_exponential
strong_cold,0.07619742787996348,4.05,0.06654731357265822,-0.9971443849056414,0.0004985656040500902,independent_matrix_exponential
strong_cold,0.07619742787996348,4.0600000000000005,0.06654660997674422,-0.9971536187595075,0.0004893049828813759,independent_matrix_exponential
strong_cold,0.07619742787996348,4.07,0.06654591944979277,-0.997162681098889,0.00048021637338730854,independent_matrix_exponential
strong_cold,0.07619742787996348,4.08,0.06654524174905407,-0.9971715751095866,0.00047129658053197477,independent_matrix_exponential
strong_cold,0.07619742787996348,4.09,0.06654457663628725,-0.9971803039182265,0.0004625424686258807,independent_matrix_exponential
strong_cold,0.07619742787996348,4.1,0.06654392387767667,-0.997188870593359,0.00045395096022343104,independent_matrix_exponential
strong_cold,0.07619742787996348,4.11,0.06654328324374971,-0.9971972781465376,0.00044551903504121647,independent_matrix_exponential
strong_cold,0.07619742787996348,4.12,0.06654265450929606,-0.9972055295333775,0.0004372437288961231,independent_matrix_exponential
strong_cold,0.07619742787996348,4.13,0.06654203745328863,-0.997213627654595,0.0004291221326632693,independent_matrix_exponential
strong_cold,0.07619742787996348,4.14,0.06654143185880577,-0.9972215753570267,0.0004211513912535245,independent_matrix_exponential
strong_cold,0.07619742787996348,4.15,0.06654083751295509,-0.9972293754346307,0.00041332870260963597,independent_matrix_exponential
strong_cold,0.07619742787996348,4.16,0.0665402542067985,-0.9972370306294688,0.0004056513167211639,independent_matrix_exponential
strong_cold,0.07619742787996348,4.17,0.06653968173527894,-0.9972445436326698,0.000398116534658019,independent_matrix_exponential
strong_cold,0.07619742787996348,4.18,0.06653911989714809,-0.9972519170853765,0.0003907217076212463,independent_matrix_exponential
strong_cold,0.07619742787996348,4.19,0.06653856849489577,-0.9972591535796738,0.0003834642360120847,independent_matrix_exponential
strong_cold,0.07619742787996348,4.2,0.06653802733468048,-0.9972662556594991,0.00037634156851849404,independent_matrix_exponential
strong_cold,0.07619742787996348,4.21,0.06653749622626118,-0.9972732258215383,0.00036935120121727875,independent_matrix_exponential
strong_cold,0.07619742787996348,4.22,0.06653697498293051,-0.9972800665161021,0.00036249067669469223,independent_matrix_exponential
strong_cold,0.07619742787996348,4.23,0.0665364634214491,-0.9972867801479877,0.0003557575831825136,independent_matrix_exponential
strong_cold,0.07619742787996348,4.24,0.06653596136198116,-0.9972933690773245,0.0003491495537096113,independent_matrix_exponential
strong_cold,0.07619742787996348,4.25,0.06653546862803125,-0.9972998356204035,0.00034266426527053103,independent_matrix_exponential
strong_cold,0.07619742787996348,4.26,0.06653498504638229,-0.9973061820504919,0.0003362994380082354,independent_matrix_exponential
strong_cold,0.07619742787996348,4.2700000000000005,0.0665345104470346,-0.9973124105986321,0.00033005283441308925,independent_matrix_exponential
strong_cold,0.07619742787996348,4.28,0.06653404466314615,-0.9973185234544253,0.00032392225853643643,independent_matrix_exponential
strong_cold,0.07619742787996348,4.29,0.06653358753097395,-0.9973245227668026,0.0003179055552178753,independent_matrix_exponential
strong_cold,0.07619742787996348,4.3,0.06653313888981645,-0.9973304106447793,0.0003120006093284487,independent_matrix_exponential
strong_cold,0.07619742787996348,4.3100000000000005,0.06653269858195704,-0.9973361891581972,0.0003062053450263115,independent_matrix_exponential
strong_cold,0.07619742787996348,4.32,0.06653226645260865,-0.9973418603384511,0.00030051772502797986,independent_matrix_exponential
strong_cold,0.07619742787996348,4.33,0.06653184234985929,-0.997347426179204,0.00029493574989105536,independent_matrix_exponential
strong_cold,0.07619742787996348,4.34,0.06653142612461864,-0.9973528886370877,0.0002894574573119749,independent_matrix_exponential
strong_cold,0.07619742787996348,4.3500000000000005,0.06653101763056572,-0.9973582496323902,0.00028408092143612687,independent_matrix_exponential
strong_cold,0.07619742787996348,4.36,0.06653061672409735,-0.9973635110497309,0.00027880425218087125,independent_matrix_exponential
strong_cold,0.07619742787996348,4.37,0.06653022326427772,-0.9973686747387238,0.00027362559457049006,independent_matrix_exponential
strong_cold,0.07619742787996348,4.38,0.06652983711278884,-0.9973737425146267,0.00026854312808514947,independent_matrix_exponential
strong_cold,0.07619742787996348,4.39,0.06652945813388192,-0.9973787161589803,0.0002635550660197891,independent_matrix_exponential
strong_cold,0.07619742787996348,4.4,0.06652908619432961,-0.9973835974202336,0.0002586596548569114,independent_matrix_exponential
strong_cold,0.07619742787996348,4.41,0.06652872116337921,-0.9973883880143593,0.0002538551736496302,independent_matrix_exponential
strong_cold,0.07619742787996348,4.42,0.06652836291270672,-0.9973930896254563,0.0002491399334169599,independent_matrix_exponential
strong_cold,0.07619742787996348,4.43,0.06652801131637168,-0.9973977039063426,0.00024451227654968214,independent_matrix_exponential
strong_cold,0.07619742787996348,4.44,0.06652766625077286,-0.9974022324791358,0.00023997057622812334,independent_matrix_exponential
strong_cold,0.07619742787996348,4.45,0.06652732759460496,-0.9974066769358232,0.00023551323585007728,independent_matrix_exponential
strong_cold,0.07619742787996348,4.46,0.0665269952288158,-0.9974110388388219,0.00023113868846917835,independent_matrix_exponential
strong_cold,0.07619742787996348,4.47,0.06652666903656455,-0.9974153197215277,0.0002268453962445278,independent_matrix_exponential
strong_cold,0.07619742787996348,4.48,0.06652634890318068,-0.9974195210888546,0.00022263184989990131,independent_matrix_exponential
strong_cold,0.07619742787996348,4.49,0.06652603471612356,-0.9974236444177629,0.0002184965681932961,independent_matrix_exponential
strong_cold,0.07619742787996348,4.5,0.06652572636494297,-0.9974276911577797,0.0002144380973957377,independent_matrix_exponential
strong_cold,0.07619742787996348,4.51,0.06652542374124028,-0.9974316627315076,0.000210455010780875,independent_matrix_exponential
strong_cold,0.07619742787996348,4.5200000000000005,0.06652512673863026,-0.9974355605351248,0.00020654590812314887,independent_matrix_exponential
strong_cold,0.07619742787996348,4.53,0.06652483525270378,-0.9974393859388766,0.0002027094152052134,independent_matrix_exponential
strong_cold,0.07619742787996348,4.54,0.06652454918099102,-0.9974431402875563,0.00019894418333536146,independent_matrix_exponential
strong_cold,0.07619742787996348,4.55,0.06652426842292554,-0.9974468249009782,0.00019524888887342972,independent_matrix_exponential
strong_cold,0.07619742787996348,4.5600000000000005,0.06652399287980883,-0.9974504410744421,0.0001916222327648169,independent_matrix_exponential
strong_cold,0.07619742787996348,4.57,0.06652372245477567,-0.9974539900791878,0.0001880629400846439,independent_matrix_exponential
strong_cold,0.07619742787996348,4.58,0.06652345705276007,-0.9974574731628427,0.0001845697595887042,independent_matrix_exponential
strong_cold,0.07619742787996348,4.59,0.06652319658046185,-0.99746089154986,0.0001811414632745422,independent_matrix_exponential
strong_cold,0.07619742787996348,4.6000000000000005,0.06652294094631385,-0.9974642464419491,0.00017777684594899525,independent_matrix_exponential
strong_cold,0.07619742787996348,4.61,0.06652269006044968,-0.9974675390184986,0.0001744747248047491,independent_matrix_exponential
strong_cold,0.07619742787996348,4.62,0.06652244383467222,-0.9974707704369901,0.00017123393900491426,independent_matrix_exponential
strong_cold,0.07619742787996348,4.63,0.06652220218242257,-0.9974739418334058,0.00016805334927417386,independent_matrix_exponential
strong_cold,0.07619742787996348,4.64,0.06652196501874957,-0.9974770543226275,0.00016493183749893953,independent_matrix_exponential
strong_cold,0.07619742787996348,4.65,0.06652173226028005,-0.9974801089988284,0.00016186830633408921,independent_matrix_exponential
strong_cold,0.07619742787996348,4.66,0.06652150382518943,-0.9974831069358584,0.00015886167881704928,independent_matrix_exponential
strong_cold,0.07619742787996348,4.67,0.06652127963317296,-0.9974860491876206,0.00015591089798944107,independent_matrix_exponential
strong_cold,0.07619742787996348,4.68,0.06652105960541757,-0.9974889367884427,0.00015301492652531067,independent_matrix_exponential
strong_cold,0.07619742787996348,4.69,0.06652084366457406,-0.9974917707534403,0.00015017274636647105,independent_matrix_exponential
strong_cold,0.07619742787996348,4.7,0.06652063173472995,-0.9974945520788734,0.0001473833583648655,independent_matrix_exponential
strong_cold,0.07619742787996348,4.71,0.06652042374138285,-0.9974972817424971,0.00014464578193105796,independent_matrix_exponential
strong_cold,0.07619742787996348,4.72,0.06652021961141416,-0.9974999607039052,0.00014195905468950663,independent_matrix_exponential
strong_cold,0.07619742787996348,4.73,0.06652001927306345,-0.9975025899048676,0.00013932223214041515,independent_matrix_exponential
strong_cold,0.07619742787996348,4.74,0.0665198226559032,-0.997505170269661,0.00013673438732770312,independent_matrix_exponential
strong_cold,0.07619742787996348,4.75,0.06651962969081406,-0.9975077027053942,0.00013419461051299042,independent_matrix_exponential
strong_cold,0.07619742787996348,4.76,0.06651944030996053,-0.997510188102327,0.00013170200885592924,independent_matrix_exponential
strong_cold,0.07619742787996348,4.7700000000000005,0.06651925444676711,-0.9975126273341828,0.00012925570610009974,independent_matrix_exponential
strong_cold,0.07619742787996348,4.78,0.06651907203589492,-0.9975150212584564,0.00012685484226514744,independent_matrix_exponential
strong_cold,0.07619742787996348,4.79,0.06651889301321874,-0.9975173707167145,0.0001244985733447028,independent_matrix_exponential
strong_cold,0.07619742787996348,4.8,0.06651871731580442,-0.9975196765348926,0.0001221860710092061,independent_matrix_exponential
strong_cold,0.07619742787996348,4.8100000000000005,0.06651854488188676,-0.9975219395235846,0.0001199165223148521,independent_matrix_exponential
strong_cold,0.07619742787996348,4.82,0.06651837565084788,-0.9975241604783279,0.00011768912941810686,independent_matrix_exponential
strong_cold,0.07619742787996348,4.83,0.0665182095631958,-0.9975263401798834,0.00011550310929489285,independent_matrix_exponential
strong_cold,0.07619742787996348,4.84,0.06651804656054361,-0.9975284793945096,0.00011335769346535142,independent_matrix_exponential
strong_cold,0.07619742787996348,4.8500000000000005,0.06651788658558887,-0.9975305788742321,0.00011125212772394008,independent_matrix_exponential
strong_cold,0.07619742787996348,4.86,0.06651772958209352,-0.9975326393571081,0.00010918567187399136,independent_matrix_exponential
strong_cold,0.07619742787996348,4.87,0.06651757549486413,-0.9975346615674855,0.0001071575994678344,independent_matrix_exponential
strong_cold,0.07619742787996348,4.88,0.06651742426973242,-0.997536646216258,0.00010516719755092687,independent_matrix_exponential
strong_cold,0.07619742787996348,4.89,0.06651727585353627,-0.9975385940011149,0.00010321376641166244,independent_matrix_exponential
strong_cold,0.07619742787996348,4.9,0.06651713019410102,-0.9975405056067858,0.00010129661933541307,independent_matrix_exponential
strong_cold,0.07619742787996348,4.91,0.06651698724022116,-0.9975423817052821,9.941508236269283e-05,independent_matrix_exponential
strong_cold,0.07619742787996348,4.92,0.06651684694164225,-0.9975442229561328,9.7568494052766e-05,independent_matrix_exponential
strong_cold,0.07619742787996348,4.93,0.06651670924904333,-0.9975460300066166,9.575620525050127e-05,independent_matrix_exponential
strong_cold,0.07619742787996348,4.94,0.06651657411401957,-0.9975478034919891,9.397757885878023e-05,independent_matrix_exponential
strong_cold,0.07619742787996348,4.95,0.06651644148906519,-0.9975495440357066,9.223198961413805e-05,independent_matrix_exponential
strong_cold,0.07619742787996348,4.96,0.06651631132755684,-0.9975512522496447,9.051882386719416e-05,independent_matrix_exponential
strong_cold,0.07619742787996348,4.97,0.06651618358373716,-0.9975529287343138,8.883747936675575e-05,independent_matrix_exponential
strong_cold,0.07619742787996348,4.98,0.06651605821269876,-0.99755457407907,8.718736504826641e-05,independent_matrix_exponential
strong_cold,0.07619742787996348,4.99,0.06651593517036831,-0.9975561888623228,8.556790082558713e-05,independent_matrix_exponential
strong_cold,0.07619742787996348,5.0,0.06651581441349119,-0.9975577736517375,8.397851738779905e-05,independent_matrix_exponential
strong_cold,0.07619742787996348,5.01,0.06651569589961615,-0.9975593290044357,8.241865599833304e-05,independent_matrix_exponential
strong_cold,0.07619742787996348,5.0200000000000005,0.06651557958708049,-0.9975608554671903,8.088776829923161e-05,independent_matrix_exponential
strong_cold,0.07619742787996348,5.03,0.06651546543499537,-0.9975623535766185,7.938531611785252e-05,independent_matrix_exponential
strong_cold,0.07619742787996348,5.04,0.06651535340323145,-0.99756382385937,7.791077127769799e-05,independent_matrix_exponential
strong_cold,0.07619742787996348,5.05,0.06651524345240475,-0.9975652668323123,7.646361541313414e-05,independent_matrix_exponential
strong_cold,0.07619742787996348,5.0600000000000005,0.06651513554386285,-0.997566683002712,7.504333978689913e-05,independent_matrix_exponential
strong_cold,0.07619742787996348,5.07,0.06651502963967126,-0.9975680728684139,7.364944511117692e-05,independent_matrix_exponential
strong_cold,0.07619742787996348,5.08,0.06651492570260015,-0.9975694369180153,7.228144137222612e-05,independent_matrix_exponential
strong_cold,0.07619742787996348,5.09,0.06651482369611114,-0.9975707756310381,7.093884765801891e-05,independent_matrix_exponential
strong_cold,0.07619742787996348,5.1000000000000005,0.0665147235843446,-0.9975720894780973,6.962119198955623e-05,independent_matrix_exponential
strong_cold,0.07619742787996348,5.11,0.06651462533210695,-0.9975733789210665,6.832801115418829e-05,independent_matrix_exponential
strong_cold,0.07619742787996348,5.12,0.06651452890485832,-0.9975746444132401,6.705885054349286e-05,independent_matrix_exponential
strong_cold,0.07619742787996348,5.13,0.06651443426870039,-0.9975758863994928,6.581326399316399e-05,independent_matrix_exponential
strong_cold,0.07619742787996348,5.14,0.06651434139036451,-0.9975771053164362,6.459081362601841e-05,independent_matrix_exponential
strong_cold,0.07619742787996348,5.15,0.06651425023719995,-0.9975783015925718,6.339106969833877e-05,independent_matrix_exponential
strong_cold,0.07619742787996348,5.16,0.06651416077716246,-0.9975794756484417,6.22136104488894e-05,independent_matrix_exponential
strong_cold,0.07619742787996348,5.17,0.06651407297880303,-0.9975806278967772,6.105802195016746e-05,independent_matrix_exponential
strong_cold,0.07619742787996348,5.18,0.06651398681125675,-0.9975817587426427,5.9923897963312156e-05,independent_matrix_exponential
strong_cold,0.07619742787996348,5.19,0.06651390224423204,-0.9975828685835791,5.881083979503431e-05,independent_matrix_exponential
strong_cold,0.07619742787996348,5.2,0.06651381924799996,-0.9975839578097431,5.771845615787625e-05,independent_matrix_exponential
strong_cold,0.07619742787996348,5.21,0.06651373779338378,-0.9975850268040444,5.664636303192572e-05,independent_matrix_exponential
strong_cold,0.07619742787996348,5.22,0.06651365785174873,-0.9975860759422802,5.559418353064249e-05,independent_matrix_exponential
strong_cold,0.07619742787996348,5.23,0.06651357939499186,-0.9975871055932677,5.456154776780052e-05,independent_matrix_exponential
strong_cold,0.07619742787996348,5.24,0.0665135023955323,-0.9975881161189731,5.354809272778064e-05,independent_matrix_exponential
strong_cold,0.07619742787996348,5.25,0.0665134268263014,-0.99758910787464,5.255346213740353e-05,independent_matrix_exponential
strong_cold,0.07619742787996348,5.26,0.06651335266073337,-0.9975900812089125,5.157730634167635e-05,independent_matrix_exponential
strong_cold,0.07619742787996348,5.2700000000000005,0.06651327987275582,-0.9975910364639595,5.061928217986399e-05,independent_matrix_exponential
strong_cold,0.07619742787996348,5.28,0.06651320843678064,-0.9975919739755942,4.967905286545816e-05,independent_matrix_exponential
strong_cold,0.07619742787996348,5.29,0.06651313832769505,-0.997592894073392,4.875628786749063e-05,independent_matrix_exponential
strong_cold,0.07619742787996348,5.3,0.06651306952085269,-0.9975937970808069,4.7850662794506525e-05,independent_matrix_exponential
strong_cold,0.07619742787996348,5.3100000000000005,0.066513001992065,-0.9975946833152844,4.696185928055026e-05,independent_matrix_exponential
strong_cold,0.07619742787996348,5.32,0.06651293571759272,-0.9975955530883741,4.6089564873152524e-05,independent_matrix_exponential
strong_cold,0.07619742787996348,5.33,0.06651287067413754,-0.9975964067058386,4.5233472923216076e-05,independent_matrix_exponential
strong_cold,0.07619742787996348,5.34,0.06651280683883389,-0.9975972444677609,4.439328247789258e-05,independent_matrix_exponential
strong_cold,0.07619742787996348,5.3500000000000005,0.06651274418924091,-0.9975980666686501,4.3568698174257543e-05,independent_matrix_exponential
strong_cold,0.07619742787996348,5.36,0.06651268270333462,-0.9975988735975454,4.2759430135424906e-05,independent_matrix_exponential
strong_cold,0.07619742787996348,5.37,0.06651262235950006,-0.9975996655381166,4.196519386910866e-05,independent_matrix_exponential
strong_cold,0.07619742787996348,5.38,0.06651256313652379,-0.9976004427687649,4.1185710167192386e-05,independent_matrix_exponential
strong_cold,0.07619742787996348,5.39,0.0665125050135864,-0.9976012055627201,4.042070500774895e-05,independent_matrix_exponential
strong_cold,0.07619742787996348,5.4,0.06651244797025518,-0.997601954188137,3.966990945872501e-05,independent_matrix_exponential
strong_cold,0.07619742787996348,5.41,0.06651239198647697,-0.9976026889081896,3.8933059583187906e-05,independent_matrix_exponential
strong_cold,0.07619742787996348,5.42,0.06651233704257105,-0.9976034099811635,3.820989634679717e-05,independent_matrix_exponential
strong_cold,0.07619742787996348,5.43,0.06651228311922229,-0.9976041176605466,3.75001655268396e-05,independent_matrix_exponential
strong_cold,0.07619742787996348,5.44,0.06651223019747433,-0.9976048121951185,3.680361762248405e-05,independent_matrix_exponential
strong_cold,0.07619742787996348,5.45,0.06651217825872291,-0.9976054938290382,3.6120007767153375e-05,independent_matrix_exponential
strong_cold,0.07619742787996348,5.46,0.06651212728470932,-0.9976061628019288,3.5449095642899456e-05,independent_matrix_exponential
strong_cold,0.07619742787996348,5.47,0.066512077257514,-0.9976068193489633,3.479064539511777e-05,independent_matrix_exponential
strong_cold,0.07619742787996348,5.48,0.06651202815955026,-0.9976074637009461,3.4144425550372085e-05,independent_matrix_exponential
strong_cold,0.07619742787996348,5.49,0.06651197997355808,-0.9976080960843944,3.3510208934780104e-05,independent_matrix_exponential
strong_cold,0.07619742787996348,5.5,0.06651193268259799,-0.997608716721618,3.2887772594065904e-05,independent_matrix_exponential
strong_cold,0.07619742787996348,5.51,0.06651188627004519,-0.9976093258307978,3.227689771495666e-05,independent_matrix_exponential
strong_cold,0.07619742787996348,5.5200000000000005,0.0665118407195837,-0.9976099236260615,3.167736954890824e-05,independent_matrix_exponential
strong_cold,0.07619742787996348,5.53,0.06651179601520056,-0.9976105103175599,3.108897733605441e-05,independent_matrix_exponential
strong_cold,0.07619742787996348,5.54,0.06651175214118028,-0.99761108611154,3.0511514231392124e-05,independent_matrix_exponential
strong_cold,0.07619742787996348,5.55,0.06651170908209925,-0.9976116512104184,2.994477723173438e-05,independent_matrix_exponential
strong_cold,0.07619742787996348,5.5600000000000005,0.06651166682282036,-0.9976122058128514,2.9388567104788548e-05,independent_matrix_exponential
strong_cold,0.07619742787996348,5.57,0.06651162534848766,-0.9976127501138056,2.884268831878082e-05,independent_matrix_exponential
strong_cold,0.07619742787996348,5.58,0.06651158464452116,-0.9976132843046259,2.8306948974097528e-05,independent_matrix_exponential
strong_cold,0.07619742787996348,5.59,0.06651154469661165,-0.9976138085731036,2.7781160735249086e-05,independent_matrix_exponential
strong_cold,0.07619742787996348,5.6000000000000005,0.06651150549071573,-0.9976143231035411,2.7265138765289387e-05,independent_matrix_exponential
strong_cold,0.07619742787996348,5.61,0.06651146701305086,-0.9976148280768184,2.6758701660126618e-05,independent_matrix_exponential
strong_cold,0.07619742787996348,5.62,0.06651142925009047,-0.997615323670455,2.626167138560687e-05,independent_matrix_exponential
strong_cold,0.07619742787996348,5.63,0.0665113921885593,-0.9976158100586733,2.5773873214277262e-05,independent_matrix_exponential
strong_cold,0.07619742787996348,5.64,0.06651135581542858,-0.9976162874124596,2.5295135664140614e-05,independent_matrix_exponential
strong_cold,0.07619742787996348,5.65,0.06651132011791164,-0.9976167558996243,2.4825290438314722e-05,independent_matrix_exponential
strong_cold,0.07619742787996348,5.66,0.06651128508345926,-0.9976172156848606,2.436417236623406e-05,independent_matrix_exponential
strong_cold,0.07619742787996348,5.67,0.06651125069975532,-0.9976176669298028,2.3911619345087676e-05,independent_matrix_exponential
strong_cold,0.07619742787996348,5.68,0.06651121695471247,-0.9976181097930829,2.3467472283033534e-05,independent_matrix_exponential
strong_cold,0.07619742787996348,5.69,0.0665111838364679,-0.9976185444303862,2.303157504330274e-05,independent_matrix_exponential
strong_cold,0.07619742787996348,5.7,0.0665111513333791,-0.9976189709945064,2.2603774389528813e-05,independent_matrix_exponential
strong_cold,0.07619742787996348,5.71,0.06651111943401988,-0.9976193896353991,2.2183919931192973e-05,independent_matrix_exponential
strong_cold,0.07619742787996348,5.72,0.06651108812717622,-0.9976198005002345,2.177186407161975e-05,independent_matrix_exponential
strong_cold,0.07619742787996348,5.73,0.06651105740184243,-0.9976202037334491,2.1367461955539276e-05,independent_matrix_exponential
strong_cold,0.07619742787996348,5.74,0.06651102724721723,-0.9976205994767967,2.097057141820153e-05,independent_matrix_exponential
strong_cold,0.07619742787996348,5.75,0.0665109976527,-0.9976209878693982,2.0581052935495314e-05,independent_matrix_exponential
strong_cold,0.07619742787996348,5.76,0.06651096860788697,-0.9976213690477901,2.019876957517529e-05,independent_matrix_exponential
strong_cold,0.07619742787996348,5.7700000000000005,0.06651094010256767,-0.9976217431459731,1.9823586947988876e-05,independent_matrix_exponential
strong_cold,0.07619742787996348,5.78,0.06651091212672122,-0.9976221102954584,1.945537316145786e-05,independent_matrix_exponential
strong_cold,0.07619742787996348,5.79,0.06651088467051296,-0.9976224706253152,1.909399877246022e-05,independent_matrix_exponential
strong_cold,0.07619742787996348,5.8,0.06651085772429081,-0.9976228242622146,1.873933674245613e-05,independent_matrix_exponential
strong_cold,0.07619742787996348,5.8100000000000005,0.06651083127858205,-0.9976231713304753,1.8391262392513635e-05,independent_matrix_exponential
strong_cold,0.07619742787996348,5.82,0.06651080532408987,-0.9976235119521065,1.804965335965752e-05,independent_matrix_exponential
strong_cold,0.07619742787996348,5.83,0.06651077985169014,-0.9976238462468515,1.7714389553557587e-05,independent_matrix_exponential
strong_cold,0.07619742787996348,5.84,0.06651075485242824,-0.9976241743322292,1.7385353114665607e-05,independent_matrix_exponential
strong_cold,0.07619742787996348,5.8500000000000005,0.06651073031751586,-0.9976244963235754,1.7062428372679072e-05,independent_matrix_exponential
strong_cold,0.07619742787996348,5.86,0.06651070623832792,-0.9976248123340842,1.6745501805570058e-05,independent_matrix_exponential
strong_cold,0.07619742787996348,5.87,0.06651068260639953,-0.9976251224748467,1.6434462000057418e-05,independent_matrix_exponential
strong_cold,0.07619742787996348,5.88,0.06651065941342309,-0.9976254268548906,1.6129199612414266e-05,independent_matrix_exponential
strong_cold,0.07619742787996348,5.89,0.06651063665124524,-0.9976257255812186,1.5829607329827888e-05,independent_matrix_exponential
strong_cold,0.07619742787996348,5.9,0.06651061431186413,-0.9976260187588459,1.5535579832662132e-05,independent_matrix_exponential
strong_cold,0.07619742787996348,5.91,0.0665105923874265,-0.997626306490837,1.5247013757704545e-05,independent_matrix_exponential
strong_cold,0.07619742787996348,5.92,0.06651057087022497,-0.9976265888783419,1.4963807661538927e-05,independent_matrix_exponential
strong_cold,0.07619742787996348,5.93,0.06651054975269531,-0.9976268660206319,1.4685861985248456e-05,independent_matrix_exponential
strong_cold,0.07619742787996348,5.94,0.06651052902741382,-0.9976271380151344,1.4413079019009137e-05,independent_matrix_exponential
strong_cold,0.07619742787996348,5.95,0.06651050868709465,-0.9976274049574673,1.4145362867683788e-05,independent_matrix_exponential
strong_cold,0.07619742787996348,5.96,0.06651048872458735,-0.9976276669414721,1.3882619417753929e-05,independent_matrix_exponential
strong_cold,0.07619742787996348,5.97,0.0665104691328742,-0.9976279240592474,1.3624756303687636e-05,independent_matrix_exponential
strong_cold,0.07619742787996348,5.98,0.0665104499050679,-0.9976281764011812,1.3371682875438641e-05,independent_matrix_exponential
strong_cold,0.07619742787996348,5.99,0.06651043103440904,-0.9976284240559825,1.312331016681523e-05,independent_matrix_exponential
strong_cold,0.07619742787996348,6.0,0.06651041251426378,-0.9976286671107126,1.2879550864193919e-05,independent_matrix_exponential
strong_cold,0.07619742787996348,6.01,0.06651039433812148,-0.9976289056508156,1.2640319275790818e-05,independent_matrix_exponential
strong_cold,0.07619742787996348,6.0200000000000005,0.06651037649959246,-0.9976291397601486,1.2405531301487595e-05,independent_matrix_exponential
strong_cold,0.07619742787996348,6.03,0.06651035899240572,-0.997629369521011,1.2175104403101266e-05,independent_matrix_exponential
strong_cold,0.07619742787996348,6.04,0.06651034181040671,-0.9976295950141737,1.1948957575767354e-05,independent_matrix_exponential
strong_cold,0.07619742787996348,6.05,0.06651032494755525,-0.9976298163189071,1.1727011319216545e-05,independent_matrix_exponential
strong_cold,0.07619742787996348,6.0600000000000005,0.06651030839792331,-0.9976300335130095,1.150918760971345e-05,independent_matrix_exponential
strong_cold,0.07619742787996348,6.07,0.06651029215569297,-0.9976302466728336,1.129540987310976e-05,independent_matrix_exponential
strong_cold,0.07619742787996348,6.08,0.06651027621515442,-0.9976304558733146,1.1085602957126717e-05,independent_matrix_exponential
strong_cold,0.07619742787996348,6.09,0.06651026057070386,-0.997630661187995,1.0879693105848437e-05,independent_matrix_exponential
strong_cold,0.07619742787996348,6.1000000000000005,0.0665102452168416,-0.9976308626890522,1.0677607932893148e-05,independent_matrix_exponential
strong_cold,0.07619742787996348,6.11,0.06651023014817008,-0.9976310604473221,1.0479276396914437e-05,independent_matrix_exponential
strong_cold,0.07619742787996348,6.12,0.06651021535939204,-0.9976312545323253,1.0284628775775123e-05,independent_matrix_exponential
strong_cold,0.07619742787996348,6.13,0.06651020084530859,-0.9976314450122911,1.0093596642379542e-05,independent_matrix_exponential
strong_cold,0.07619742787996348,6.140000000000001,0.0665101866008174,-0.9976316319541811,9.906112840957091e-06,independent_matrix_exponential
strong_cold,0.07619742787996348,6.15,0.06651017262091093,-0.9976318154237138,9.722111462685755e-06,independent_matrix_exponential
strong_cold,0.07619742787996348,6.16,0.06651015890067462,-0.9976319954853863,9.541527823410544e-06,independent_matrix_exponential
strong_cold,0.07619742787996348,6.17,0.06651014543528523,-0.9976321722024981,9.364298440051432e-06,independent_matrix_exponential
strong_cold,0.07619742787996348,6.18,0.06651013222000912,-0.9976323456371727,9.190361009106188e-06,independent_matrix_exponential
strong_cold,0.07619742787996348,6.19,0.06651011925020053,-0.9976325158503802,9.019654383826897e-06,independent_matrix_exponential
strong_cold,0.07619742787996348,6.2,0.06651010652130002,-0.9976326829019573,8.852118553841402e-06,independent_matrix_exponential
strong_cold,0.07619742787996348,6.21,0.06651009402883284,-0.9976328468506303,8.687694622782127e-06,independent_matrix_exponential
strong_cold,0.07619742787996348,6.22,0.06651008176840736,-0.9976330077540337,8.526324788898554e-06,independent_matrix_exponential
strong_cold,0.07619742787996348,6.23,0.0665100697357135,-0.9976331656687324,8.367952323577986e-06,independent_matrix_exponential
strong_cold,0.07619742787996348,6.24,0.06651005792652126,-0.9976333206502399,8.212521552193129e-06,independent_matrix_exponential
strong_cold,0.07619742787996348,6.25,0.06651004633667919,-0.9976334727530389,8.059977834165298e-06,independent_matrix_exponential
strong_cold,0.07619742787996348,6.26,0.06651003496211298,-0.9976336220306001,7.91026754382255e-06,independent_matrix_exponential
strong_cold,0.07619742787996348,6.2700000000000005,0.066510023798824,-0.9976337685354011,7.763338051464458e-06,independent_matrix_exponential
strong_cold,0.07619742787996348,6.28,0.06651001284288782,-0.9976339123189443,7.619137705322001e-06,independent_matrix_exponential
strong_cold,0.07619742787996348,6.29,0.06651000209045302,-0.9976340534317759,7.477615812640255e-06,independent_matrix_exponential
strong_cold,0.07619742787996348,6.3,0.06650999153773961,-0.9976341919235032,7.338722622406869e-06,independent_matrix_exponential
strong_cold,0.07619742787996348,6.3100000000000005,0.06650998118103789,-0.9976343278428119,7.2024093077705525e-06,independent_matrix_exponential
strong_cold,0.07619742787996348,6.32,0.06650997101670701,-0.9976344612374836,7.0686279486630656e-06,independent_matrix_exponential
strong_cold,0.07619742787996348,6.33,0.0665099610411738,-0.9976345921544121,6.937331515216135e-06,independent_matrix_exponential
strong_cold,0.07619742787996348,6.34,0.06650995125093141,-0.9976347206396202,6.808473851273266e-06,independent_matrix_exponential
strong_cold,0.07619742787996348,6.3500000000000005,0.06650994164253816,-0.9976348467382762,6.6820096577001756e-06,independent_matrix_exponential
strong_cold,0.07619742787996348,6.36,0.06650993221261631,-0.9976349704947091,6.557894476899247e-06,independent_matrix_exponential
strong_cold,0.07619742787996348,6.37,0.06650992295785078,-0.9976350919524245,6.4360846771088915e-06,independent_matrix_exponential
strong_cold,0.07619742787996348,6.38,0.06650991387498818,-0.9976352111541201,6.316537436935928e-06,independent_matrix_exponential
strong_cold,0.07619742787996348,6.390000000000001,0.06650990496083548,-0.9976353281417004,6.199210730425639e-06,independent_matrix_exponential
strong_cold,0.07619742787996348,6.4,0.06650989621225895,-0.9976354429562916,6.084063312146598e-06,independent_matrix_exponential
strong_cold,0.07619742787996348,6.41,0.06650988762618311,-0.9976355556382557,5.971054703049351e-06,independent_matrix_exponential
strong_cold,0.07619742787996348,6.42,0.06650987919958959,-0.9976356662272055,5.860145175547017e-06,independent_matrix_exponential
strong_cold,0.07619742787996348,6.43,0.06650987092951606,-0.9976357747620177,5.7512957401509935e-06,independent_matrix_exponential
strong_cold,0.07619742787996348,6.44,0.06650986281305525,-0.9976358812808468,5.644468131889462e-06,independent_matrix_exponential
strong_cold,0.07619742787996348,6.45,0.06650985484735389,-0.9976359858211389,5.539624796057482e-06,independent_matrix_exponential
strong_cold,0.07619742787996348,6.46,0.06650984702961167,-0.9976360884196444,5.4367288757404015e-06,independent_matrix_exponential
strong_cold,0.07619742787996348,6.47,0.06650983935708032,-0.9976361891124309,5.3357441986794035e-06,independent_matrix_exponential
strong_cold,0.07619742787996348,6.48,0.06650983182706265,-0.9976362879348964,5.236635264357377e-06,independent_matrix_exponential
strong_cold,0.07619742787996348,6.49,0.06650982443691149,-0.9976363849217812,5.139367231855505e-06,independent_matrix_exponential
strong_cold,0.07619742787996348,6.5,0.0665098171840289,-0.9976364801071802,5.04390590727863e-06,independent_matrix_exponential
strong_cold,0.07619742787996348,6.51,0.0665098100658652,-0.9976365735245554,4.950217731728857e-06,independent_matrix_exponential
strong_cold,0.07619742787996348,6.5200000000000005,0.06650980307991804,-0.9976366652067468,4.8582697699423145e-06,independent_matrix_exponential
strong_cold,0.07619742787996348,6.53,0.06650979622373154,-0.9976367551859847,4.768029698160489e-06,independent_matrix_exponential
strong_cold,0.07619742787996348,6.54,0.06650978949489549,-0.9976368434939006,4.679465793324712e-06,independent_matrix_exponential
strong_cold,0.07619742787996348,6.55,0.0665097828910444,-0.9976369301615386,4.5925469211667926e-06,independent_matrix_exponential
strong_cold,0.07619742787996348,6.5600000000000005,0.06650977640985671,-0.9976370152193661,4.507242526180514e-06,independent_matrix_exponential
strong_cold,0.07619742787996348,6.57,0.06650977004905405,-0.9976370986972846,4.4235226200528095e-06,independent_matrix_exponential
strong_cold,0.07619742787996348,6.58,0.0665097638064003,-0.99763718062464,4.341357771742801e-06,independent_matrix_exponential
strong_cold,0.07619742787996348,6.59,0.06650975767970088,-0.9976372610302334,4.260719096799638e-06,independent_matrix_exponential
strong_cold,0.07619742787996348,6.6000000000000005,0.06650975166680204,-0.9976373399423308,4.1815782472306745e-06,independent_matrix_exponential
strong_cold,0.07619742787996348,6.61,0.06650974576558995,-0.9976374173886732,4.103907401697538e-06,independent_matrix_exponential
strong_cold,0.07619742787996348,6.62,0.0665097399739901,-0.9976374933964862,4.027679255501343e-06,independent_matrix_exponential
strong_cold,0.07619742787996348,6.63,0.06650973428996648,-0.9976375679924899,3.9528670112257755e-06,independent_matrix_exponential
strong_cold,0.07619742787996348,6.640000000000001,0.06650972871152092,-0.9976376412029081,3.879444369051245e-06,independent_matrix_exponential
strong_cold,0.07619742787996348,6.65,0.06650972323669237,-0.9976377130534771,3.8073855179609725e-06,independent_matrix_exponential
strong_cold,0.07619742787996348,6.66,0.06650971786355617,-0.9976377835694559,3.7366651259381125e-06,independent_matrix_exponential
strong_cold,0.07619742787996348,6.67,0.06650971259022344,-0.9976378527756333,3.667258332062722e-06,independent_matrix_exponential
strong_cold,0.07619742787996348,6.68,0.06650970741484039,-0.9976379206963388,3.599140736494862e-06,independent_matrix_exponential
strong_cold,0.07619742787996348,6.69,0.06650970233558764,-0.9976379873554492,3.5322883932294496e-06,independent_matrix_exponential
strong_cold,0.07619742787996348,6.7,0.06650969735067962,-0.9976380527763978,3.4666778008574304e-06,independent_matrix_exponential
strong_cold,0.07619742787996348,6.71,0.06650969245836391,-0.9976381169821833,3.402285894220999e-06,independent_matrix_exponential
strong_cold,0.07619742787996348,6.72,0.06650968765692065,-0.9976381799953766,3.339090036833181e-06,independent_matrix_exponential
strong_cold,0.07619742787996348,6.73,0.06650968294466196,-0.9976382418381294,3.2770680128672706e-06,independent_matrix_exponential
strong_cold,0.07619742787996348,6.74,0.06650967831993124,-0.9976383025321823,3.216198018690799e-06,independent_matrix_exponential
strong_cold,0.07619742787996348,6.75,0.06650967378110272,-0.9976383620988718,3.1564586559662023e-06,independent_matrix_exponential
strong_cold,0.07619742787996348,6.76,0.0665096693265808,-0.9976384205591381,3.097828923741463e-06,independent_matrix_exponential
strong_cold,0.07619742787996348,6.7700000000000005,0.06650966495479951,-0.9976384779335324,3.0402882112133994e-06,independent_matrix_exponential
strong_cold,0.07619742787996348,6.78,0.06650966066422202,-0.9976385342422245,2.9838162902727134e-06,independent_matrix_exponential
strong_cold,0.07619742787996348,6.79,0.06650965645333998,-0.997638589505009,2.9283933087027003e-06,independent_matrix_exponential
strong_cold,0.07619742787996348,6.8,0.06650965232067307,-0.9976386437413135,2.87399978283922e-06,independent_matrix_exponential
strong_cold,0.07619742787996348,6.8100000000000005,0.06650964826476852,-0.9976386969702041,2.820616591108893e-06,independent_matrix_exponential
strong_cold,0.07619742787996348,6.82,0.06650964428420049,-0.9976387492103932,2.768224967014843e-06,independent_matrix_exponential
strong_cold,0.07619742787996348,6.83,0.06650964037756962,-0.9976388004802453,2.716806492675952e-06,independent_matrix_exponential
strong_cold,0.07619742787996348,6.84,0.06650963654350259,-0.9976388507977841,2.666343092263844e-06,independent_matrix_exponential
strong_cold,0.07619742787996348,6.8500000000000005,0.06650963278065154,-0.9976389001806985,2.6168170256517833e-06,independent_matrix_exponential
strong_cold,0.07619742787996348,6.86,0.06650962908769367,-0.9976389486463483,2.5682108825116538e-06,independent_matrix_exponential
strong_cold,0.07619742787996348,6.87,0.06650962546333077,-0.9976389962117715,2.5205075755295386e-06,independent_matrix_exponential
strong_cold,0.07619742787996348,6.88,0.06650962190628869,-0.9976390428936895,2.4736903349412865e-06,independent_matrix_exponential
strong_cold,0.07619742787996348,6.890000000000001,0.066509618415317,-0.9976390887085128,2.427742702635814e-06,independent_matrix_exponential
strong_cold,0.07619742787996348,6.9,0.06650961498918846,-0.9976391336723474,2.3826485259199773e-06,independent_matrix_exponential
strong_cold,0.07619742787996348,6.91,0.06650961162669863,-0.997639177801,2.3383919521711646e-06,independent_matrix_exponential
strong_cold,0.07619742787996348,6.92,0.06650960832666548,-0.9976392211099835,2.2949574236079717e-06,independent_matrix_exponential
strong_cold,0.07619742787996348,6.93,0.06650960508792889,-0.9976392636145232,2.2523296708294526e-06,independent_matrix_exponential
strong_cold,0.07619742787996348,6.94,0.0665096019093503,-0.997639305329561,2.2104937084745675e-06,independent_matrix_exponential
strong_cold,0.07619742787996348,6.95,0.06650959878981232,-0.9976393462697617,2.1694348294288083e-06,independent_matrix_exponential
strong_cold,0.07619742787996348,6.96,0.06650959572821828,-0.9976393864495174,2.1291385997076825e-06,independent_matrix_exponential
strong_cold,0.07619742787996348,6.97,0.0665095927234919,-0.9976394258829531,2.0895908535510547e-06,independent_matrix_exponential
strong_cold,0.07619742787996348,6.98,0.06650958977457691,-0.9976394645839313,2.0507776880883945e-06,independent_matrix_exponential
strong_cold,0.07619742787996348,6.99,0.06650958688043662,-0.997639502566057,2.0126854588727605e-06,independent_matrix_exponential
strong_cold,0.07619742787996348,7.0,0.06650958404005362,-0.9976395398426828,1.975300774768502e-06,independent_matrix_exponential
strong_cold,0.07619742787996348,7.01,0.0665095812524294,-0.9976395764269127,1.938610493714031e-06,independent_matrix_exponential
strong_cold,0.07619742787996348,7.0200000000000005,0.06650957851658398,-0.9976396123316078,1.9026017172731995e-06,independent_matrix_exponential
strong_cold,0.07619742787996348,7.03,0.0665095758315556,-0.9976396475693902,1.8672617868408758e-06,independent_matrix_exponential
strong_cold,0.07619742787996348,7.04,0.06650957319640037,-0.9976396821526472,1.8325782790841543e-06,independent_matrix_exponential
strong_cold,0.07619742787996348,7.05,0.06650957061019189,-0.9976397160935366,1.7985390010398613e-06,independent_matrix_exponential
strong_cold,0.07619742787996348,7.0600000000000005,0.06650956807202102,-0.99763974940399,1.7651319865552394e-06,independent_matrix_exponential
strong_cold,0.07619742787996348,7.07,0.06650956558099548,-0.9976397820957175,1.7323454916068585e-06,independent_matrix_exponential
strong_cold,0.07619742787996348,7.08,0.06650956313623957,-0.9976398141802114,1.7001679904060316e-06,independent_matrix_exponential
strong_cold,0.07619742787996348,7.09,0.06650956073689385,-0.997639845668751,1.6685881711679115e-06,independent_matrix_exponential
strong_cold,0.07619742787996348,7.1000000000000005,0.06650955838211484,-0.9976398765724058,1.6375949321030441e-06,independent_matrix_exponential
strong_cold,0.07619742787996348,7.11,0.06650955607107473,-0.9976399069020399,1.60717737785278e-06,independent_matrix_exponential
strong_cold,0.07619742787996348,7.12,0.06650955380296111,-0.9976399366683152,1.5773248153732913e-06,independent_matrix_exponential
strong_cold,0.07619742787996348,7.13,0.06650955157697663,-0.9976399658816959,1.5480267502550083e-06,independent_matrix_exponential
strong_cold,0.07619742787996348,7.140000000000001,0.06650954939233877,-0.997639994552452,1.5192728827226105e-06,independent_matrix_exponential
strong_cold,0.07619742787996348,7.15,0.06650954724827952,-0.9976400226906622,1.49105310484113e-06,independent_matrix_exponential
strong_cold,0.07619742787996348,7.16,0.06650954514404518,-0.9976400503062185,1.463357495962433e-06,independent_matrix_exponential
strong_cold,0.07619742787996348,7.17,0.06650954307889598,-0.9976400774088288,1.436176320039918e-06,independent_matrix_exponential
strong_cold,0.07619742787996348,7.18,0.06650954105210596,-0.9976401040080208,1.4095000216348302e-06,independent_matrix_exponential
strong_cold,0.07619742787996348,7.19,0.06650953906296261,-0.9976401301131455,1.3833192228967451e-06,independent_matrix_exponential
strong_cold,0.07619742787996348,7.2,0.06650953711076667,-0.9976401557333796,1.3576247202309298e-06,independent_matrix_exponential
strong_cold,0.07619742787996348,7.21,0.06650953519483183,-0.9976401808777301,1.3324074807327004e-06,independent_matrix_exponential
strong_cold,0.07619742787996348,7.22,0.06650953331448459,-0.9976402055550361,1.3076586396286382e-06,independent_matrix_exponential
strong_cold,0.07619742787996348,7.23,0.06650953146906391,-0.9976402297739727,1.283369496598137e-06,independent_matrix_exponential
strong_cold,0.07619742787996348,7.24,0.06650952965792105,-0.9976402535430541,1.259531512882514e-06,independent_matrix_exponential
strong_cold,0.07619742787996348,7.25,0.06650952788041932,-0.997640276870636,1.2361363084995513e-06,independent_matrix_exponential
strong_cold,0.07619742787996348,7.26,0.06650952613593383,-0.997640299764919,1.2131756590131205e-06,independent_matrix_exponential
strong_cold,0.07619742787996348,7.2700000000000005,0.06650952442385136,-0.9976403222339514,1.1906414928658058e-06,independent_matrix_exponential
strong_cold,0.07619742787996348,7.28,0.06650952274357,-0.9976403442856322,1.168525888144312e-06,independent_matrix_exponential
strong_cold,0.07619742787996348,7.29,0.06650952109449908,-0.9976403659277134,1.146821070355948e-06,independent_matrix_exponential
strong_cold,0.07619742787996348,7.3,0.06650951947605888,-0.9976403871678031,1.125519409420708e-06,independent_matrix_exponential
strong_cold,0.07619742787996348,7.3100000000000005,0.06650951788768043,-0.9976404080133682,1.1046134167772215e-06,independent_matrix_exponential
strong_cold,0.07619742787996348,7.32,0.06650951632880536,-0.9976404284717367,1.0840957430443147e-06,independent_matrix_exponential
strong_cold,0.07619742787996348,7.33,0.06650951479888567,-0.9976404485501007,1.0639591754611725e-06,independent_matrix_exponential
strong_cold,0.07619742787996348,7.34,0.06650951329738353,-0.9976404682555186,1.0441966351018787e-06,independent_matrix_exponential
strong_cold,0.07619742787996348,7.3500000000000005,0.06650951182377106,-0.9976404875949175,1.0248011746466253e-06,independent_matrix_exponential
strong_cold,0.07619742787996348,7.36,0.06650951037753026,-0.9976405065750963,1.0057659757175003e-06,independent_matrix_exponential
strong_cold,0.07619742787996348,7.37,0.0665095089581527,-0.9976405252027272,9.87084346641261e-07,independent_matrix_exponential
strong_cold,0.07619742787996348,7.38,0.0665095075651394,-0.9976405434843586,9.687497200065233e-07,independent_matrix_exponential
strong_cold,0.07619742787996348,7.390000000000001,0.06650950619800068,-0.9976405614264173,9.507556504370815e-07,independent_matrix_exponential
strong_cold,0.07619742787996348,7.4,0.06650950485625591,-0.9976405790352108,9.330958122481985e-07,independent_matrix_exponential
strong_cold,0.07619742787996348,7.41,0.06650950353943343,-0.9976405963169291,9.157639972262529e-07,independent_matrix_exponential
strong_cold,0.07619742787996348,7.42,0.06650950224707029,-0.9976406132776479,8.98754112396785e-07,independent_matrix_exponential
strong_cold,0.07619742787996348,7.43,0.0665095009787122,-0.997640629923329,8.820601783555419e-07,independent_matrix_exponential
strong_cold,0.07619742787996348,7.44,0.06650949973391325,-0.9976406462598246,8.656763261551303e-07,independent_matrix_exponential
strong_cold,0.07619742787996348,7.45,0.06650949851223585,-0.9976406622928775,8.495967962960513e-07,independent_matrix_exponential
strong_cold,0.07619742787996348,7.46,0.06650949731325055,-0.997640678028124,8.338159361721333e-07,independent_matrix_exponential
strong_cold,0.07619742787996348,7.47,0.06650949613653583,-0.9976406934710956,8.183281980599821e-07,independent_matrix_exponential
strong_cold,0.07619742787996348,7.48,0.06650949498167803,-0.9976407086272214,8.031281373445952e-07,independent_matrix_exponential
strong_cold,0.07619742787996348,7.49,0.06650949384827116,-0.9976407235018293,7.882104106184591e-07,independent_matrix_exponential
strong_cold,0.07619742787996348,7.5,0.0665094927359168,-0.9976407381001483,7.735697736857604e-07,independent_matrix_exponential
strong_cold,0.07619742787996348,7.51,0.0665094916442239,-0.9976407524273104,7.592010796635925e-07,independent_matrix_exponential
strong_cold,0.07619742787996348,7.5200000000000005,0.06650949057280868,-0.9976407664883523,7.450992773140533e-07,independent_matrix_exponential
strong_cold,0.07619742787996348,7.53,0.06650948952129448,-0.997640780288217,7.312594092614246e-07,independent_matrix_exponential
strong_cold,0.07619742787996348,7.54,0.06650948848931168,-0.9976407938317556,7.1767661032427e-07,independent_matrix_exponential
strong_cold,0.07619742787996348,7.55,0.06650948747649747,-0.9976408071237294,7.043461055091038e-07,independent_matrix_exponential
strong_cold,0.07619742787996348,7.5600000000000005,0.0665094864824958,-0.9976408201688111,6.912632084521348e-07,independent_matrix_exponential
strong_cold,0.07619742787996348,7.57,0.06650948550695725,-0.9976408329715865,6.784233200845237e-07,independent_matrix_exponential
strong_cold,0.07619742787996348,7.58,0.06650948454953885,-0.9976408455365563,6.658219266249965e-07,independent_matrix_exponential
strong_cold,0.07619742787996348,7.59,0.06650948360990407,-0.9976408578681378,6.53454598026862e-07,independent_matrix_exponential
strong_cold,0.07619742787996348,7.6000000000000005,0.06650948268772255,-0.9976408699706659,6.413169868562356e-07,independent_matrix_exponential
strong_cold,0.07619742787996348,7.61,0.06650948178267012,-0.9976408818483954,6.294048259609841e-07,independent_matrix_exponential
strong_cold,0.07619742787996348,7.62,0.06650948089442861,-0.9976408935055016,6.17713927910892e-07,independent_matrix_exponential
strong_cold,0.07619742787996348,7.63,0.06650948002268577,-0.9976409049460825,6.06240182770981e-07,independent_matrix_exponential
strong_cold,0.07619742787996348,7.640000000000001,0.06650947916713515,-0.9976409161741601,5.949795569902782e-07,independent_matrix_exponential
strong_cold,0.07619742787996348,7.65,0.06650947832747596,-0.9976409271936812,5.839280921693395e-07,independent_matrix_exponential
strong_cold,0.07619742787996348,7.66,0.06650947750341306,-0.9976409380085202,5.730819029590317e-07,independent_matrix_exponential
strong_cold,0.07619742787996348,7.67,0.06650947669465673,-0.9976409486224784,5.624371767105034e-07,independent_matrix_exponential
strong_cold,0.07619742787996348,7.68,0.06650947590092268,-0.9976409590392875,5.519901711494013e-07,independent_matrix_exponential
strong_cold,0.07619742787996348,7.69,0.06650947512193187,-0.9976409692626093,5.417372138107649e-07,independent_matrix_exponential
strong_cold,0.07619742787996348,7.7,0.06650947435741043,-0.9976409792960377,5.316747002625325e-07,independent_matrix_exponential
strong_cold,0.07619742787996348,7.71,0.06650947360708961,-0.9976409891430997,5.217990933221957e-07,independent_matrix_exponential
strong_cold,0.07619742787996348,7.72,0.06650947287070566,-0.9976409988072574,5.121069209492552e-07,independent_matrix_exponential
strong_cold,0.07619742787996348,7.73,0.0665094721479997,-0.9976410082919078,5.025947762336229e-07,independent_matrix_exponential
strong_cold,0.07619742787996348,7.74,0.06650947143871766,-0.9976410176003854,4.932593150666751e-07,independent_matrix_exponential
strong_cold,0.07619742787996348,7.75,0.0665094707426102,-0.9976410267359622,4.840972558007122e-07,independent_matrix_exponential
strong_cold,0.07619742787996348,7.76,0.0665094700594326,-0.9976410357018501,4.751053773628182e-07,independent_matrix_exponential
strong_cold,0.07619742787996348,7.7700000000000005,0.0665094693889447,-0.997641044501201,4.6628051880361975e-07,independent_matrix_exponential
strong_cold,0.07619742787996348,7.78,0.0665094687309108,-0.9976410531371079,4.576195778539503e-07,independent_matrix_exponential
strong_cold,0.07619742787996348,7.79,0.06650946808509957,-0.9976410616126069,4.49119509916939e-07,independent_matrix_exponential
strong_cold,0.07619742787996348,7.8,0.06650946745128399,-0.9976410699306776,4.4077732663100164e-07,independent_matrix_exponential
strong_cold,0.07619742787996348,7.8100000000000005,0.06650946682924122,-0.9976410780942441,4.325900954122733e-07,independent_matrix_exponential
strong_cold,0.07619742787996348,7.82,0.0665094662187526,-0.9976410861061761,4.24554938236893e-07,independent_matrix_exponential
strong_cold,0.07619742787996348,7.83,0.06650946561960354,-0.9976410939692902,4.1666903030626055e-07,independent_matrix_exponential
strong_cold,0.07619742787996348,7.84,0.06650946503158338,-0.9976411016863507,4.089295994829858e-07,independent_matrix_exponential
strong_cold,0.07619742787996348,7.8500000000000005,0.06650946445448541,-0.9976411092600704,4.013339248517701e-07,independent_matrix_exponential
strong_cold,0.07619742787996348,7.86,0.06650946388810676,-0.997641116693112,3.9387933626816566e-07,independent_matrix_exponential
strong_cold,0.07619742787996348,7.87,0.06650946333224834,-0.9976411239880881,3.865632132494531e-07,independent_matrix_exponential
strong_cold,0.07619742787996348,7.88,0.06650946278671473,-0.9976411311475637,3.793829836335714e-07,independent_matrix_exponential
strong_cold,0.07619742787996348,7.890000000000001,0.06650946225131414,-0.9976411381740553,3.7233612347158006e-07,independent_matrix_exponential
strong_cold,0.07619742787996348,7.9,0.06650946172585837,-0.9976411450700331,3.6542015546729546e-07,independent_matrix_exponential
strong_cold,0.07619742787996348,7.91,0.06650946121016268,-0.9976411518379213,3.586326483109736e-07,independent_matrix_exponential
strong_cold,0.07619742787996348,7.92,0.0665094607040458,-0.9976411584800994,3.519712157863182e-07,independent_matrix_exponential
strong_cold,0.07619742787996348,7.930000000000001,0.06650946020732981,-0.997641164998902,3.454335163266208e-07,independent_matrix_exponential
strong_cold,0.07619742787996348,7.94,0.06650945971984008,-0.9976411713966209,3.3901725156509846e-07,independent_matrix_exponential
strong_cold,0.07619742787996348,7.95,0.06650945924140525,-0.9976411776755052,3.327201658931427e-07,independent_matrix_exponential
strong_cold,0.07619742787996348,7.96,0.06650945877185711,-0.9976411838377622,3.2654004556627304e-07,independent_matrix_exponential
strong_cold,0.07619742787996348,7.97,0.06650945831103061,-0.9976411898855583,3.204747180378199e-07,independent_matrix_exponential
strong_cold,0.07619742787996348,7.98,0.06650945785876375,-0.9976411958210193,3.1452205117874276e-07,independent_matrix_exponential
strong_cold,0.07619742787996348,7.99,0.06650945741489753,-0.9976412016462319,3.086799522760457e-07,independent_matrix_exponential
strong_cold,0.07619742787996348,8.0,0.06650945697927592,-0.997641207363244,3.029463675878629e-07,independent_matrix_exponential
hot_0.74,0.74,0.0,0.6854930898827686,-0.5072648865132487,0.7896898116373523,independent_matrix_exponential
hot_0.74,0.74,0.01,0.6790117189334921,-0.5159911980578633,0.7791957851167243,independent_matrix_exponential
hot_0.74,0.74,0.02,0.6726005745112887,-0.5245592446839757,0.7688649425438735,independent_matrix_exponential
hot_0.74,0.74,0.03,0.6662588538333164,-0.5329719278640563,0.7586943960989926,independent_matrix_exponential
hot_0.74,0.74,0.04,0.6599857640113979,-0.5412320955593477,0.7486813123098222,independent_matrix_exponential
hot_0.74,0.74,0.05,0.6537805219184019,-0.5493425432099868,0.7388229110325901,independent_matrix_exponential
hot_0.74,0.74,0.06,0.647642354056602,-0.5573060147067757,0.7291164644513304,independent_matrix_exponential
hot_0.74,0.74,0.07,0.6415704964279865,-0.5651252033449398,0.7195592960952547,independent_matrix_exponential
hot_0.74,0.74,0.08,0.6355641944064839,-0.5728027527602069,0.710148779873859,independent_matrix_exponential
hot_0.74,0.74,0.09,0.6296227026120751,-0.5803412578475379,0.7008823391294484,independent_matrix_exponential
hot_0.74,0.74,0.1,0.6237452847867628,-0.5877432656628272,0.6917574457067764,independent_matrix_exponential
hot_0.74,0.74,0.11,0.6179312136723663,-0.5950112763078925,0.6827716190394922,independent_matrix_exponential
hot_0.74,0.74,0.12,0.6121797708901152,-0.6021477437990612,0.6739224252531062,independent_matrix_exponential
hot_0.74,0.74,0.13,0.6064902468220114,-0.6091550769196595,0.6652074762841764,independent_matrix_exponential
hot_0.74,0.74,0.14,0.6008619404939306,-0.616035640056702,0.6566244290154375,independent_matrix_exponential
hot_0.74,0.74,0.15,0.59529415946044,-0.6227917540220747,0.6481709844265887,independent_matrix_exponential
hot_0.74,0.74,0.16,0.5897862196912973,-0.6294256968585006,0.6398448867604679,independent_matrix_exponential
hot_0.74,0.74,0.17,0.5843374454596129,-0.6359397046305673,0.6316439227043442,independent_matrix_exponential
hot_0.74,0.74,0.18,0.5789471692316419,-0.6423359722010977,0.6235659205860623,independent_matrix_exponential
hot_0.74,0.74,0.19,0.573614731558185,-0.6486166539931318,0.615608749584783,independent_matrix_exponential
hot_0.74,0.74,0.2,0.5683394809675679,-0.6547838647377888,0.6077703189560616,independent_matrix_exponential
hot_0.74,0.74,0.21,0.5631207738601808,-0.660839680208271,0.6000485772710205,independent_matrix_exponential
hot_0.74,0.74,0.22,0.5579579744045462,-0.6667861379402669,0.5924415116693634,independent_matrix_exponential
hot_0.74,0.74,0.23,0.5528504544348962,-0.6726252379390041,0.5849471471259993,independent_matrix_exponential
hot_0.74,0.74,0.24,0.5477975933502333,-0.6783589433732025,0.5775635457310326,independent_matrix_exponential
hot_0.74,0.74,0.25,0.5427987780148505,-0.6839891812561678,0.570288805982893,independent_matrix_exponential
hot_0.74,0.74,0.26,0.5378534026602909,-0.689517843114267,0.5631210620943754,independent_matrix_exponential
hot_0.74,0.74,0.27,0.53296086878872,-0.6949467856430154,0.5560584833113662,independent_matrix_exponential
hot_0.74,0.74,0.28,0.5281205850776917,-0.7002778313510114,0.5490992732440382,independent_matrix_exponential
hot_0.74,0.74,0.29,0.5233319672862854,-0.7055127691919376,0.5422416692102966,independent_matrix_exponential
hot_0.74,0.74,0.3,0.5185944381625913,-0.7106533551848553,0.5354839415912666,independent_matrix_exponential
hot_0.74,0.74,0.31,0.513907427352525,-0.7157013130230047,0.528824393198613,independent_matrix_exponential
hot_0.74,0.74,0.32,0.5092703713099483,-0.7206583346713286,0.5222613586534883,independent_matrix_exponential
hot_0.74,0.74,0.33,0.5046827132080782,-0.7255260809529253,0.5157932037769095,independent_matrix_exponential
hot_0.74,0.74,0.34,0.5001439028521626,-0.7303061821246369,0.5094183249913654,independent_matrix_exponential
hot_0.74,0.74,0.35000000000000003,0.49565339659340135,-0.7350002384419765,0.5031351487334597,independent_matrix_exponential
hot_0.74,0.74,0.36,0.4912106572440982,-0.7396098207135886,0.4969421308774031,independent_matrix_exponential
hot_0.74,0.74,0.37,0.4868151539940186,-0.7441364708454394,0.4908377561691643,independent_matrix_exponential
hot_0.74,0.74,0.38,0.48246636232793894,-0.7485817023749274,0.4848205376710961,independent_matrix_exponential
hot_0.74,0.74,0.39,0.47816376394436655,-0.7529470009950995,0.47888901621685825,independent_matrix_exponential
hot_0.74,0.74,0.4,0.47390684667541305,-0.7572338250691577,0.47304175987645664,independent_matrix_exponential
hot_0.74,0.74,0.41000000000000003,0.46969510440780343,-0.7614436061354362,0.46727736343122683,independent_matrix_exponential
hot_0.74,0.74,0.42,0.46552803700500217,-0.7655777494030246,0.461594447858588,independent_matrix_exponential
hot_0.74,0.74,0.43,0.4614051502304411,-0.7696376342382129,0.45599165982640005,independent_matrix_exponential
hot_0.74,0.74,0.44,0.45732595567182965,-0.7736246146419252,0.4504676711967573,independent_matrix_exponential
hot_0.74,0.74,0.45,0.4532899706665327,-0.7775400197183133,0.44502117853905554,independent_matrix_exponential
hot_0.74,0.74,0.46,0.4492967182279989,-0.7813851541346697,0.4396509026521727,independent_matrix_exponential
hot_0.74,0.74,0.47000000000000003,0.4453457269732225,-0.785161298572825,0.434355588095604,independent_matrix_exponential
hot_0.74,0.74,0.48,0.44143653105122493,-0.7888697101721855,0.42913400272939756,independent_matrix_exponential
hot_0.74,0.74,0.49,0.43756867007253775,-0.7925116229645657,0.4239849372627373,independent_matrix_exponential
hot_0.74,0.74,0.5,0.43374168903967375,-0.7960882483009689,0.41890720481102284,independent_matrix_exponential
hot_0.74,0.74,0.51,0.4299551382785705,-0.7996007752704655,0.41389964046129923,independent_matrix_exponential
hot_0.74,0.74,0.52,0.42620857337099133,-0.8030503711113142,0.4089611008458908,independent_matrix_exponential
hot_0.74,0.74,0.53,0.4225015550878678,-0.8064381816144703,0.40409046372409546,independent_matrix_exponential
hot_0.74,0.74,0.54,0.4188336493235727,-0.8097653315196244,0.39928662757180045,independent_matrix_exponential
hot_0.74,0.74,0.55,0.4152044270311058,-0.8130329249039054,0.39454851117887985,independent_matrix_exponential
hot_0.74,0.74,0.56,0.41161346415818056,-0.81624204556339,0.38987505325423816,independent_matrix_exponential
hot_0.74,0.74,0.5700000000000001,0.4080603415841971,-0.8193937573875453,0.38526521203836595,independent_matrix_exponential
hot_0.74,0.74,0.58,0.404544645058089,-0.8224891047267417,0.38071796492327603,independent_matrix_exponential
hot_0.74,0.74,0.59,0.4010659651370294,-0.8255291127529611,0.3762323080796889,independent_matrix_exponential
hot_0.74,0.74,0.6,0.39762389712598445,-0.8285147878138259,0.37180725609134335,independent_matrix_exponential
hot_0.74,0.74,0.61,0.39421804101810076,-0.8314471177800761,0.36744184159630217,independent_matrix_exponential
hot_0.74,0.74,0.62,0.39084800143591447,-0.8343270723866127,0.36313511493513306,independent_matrix_exponential
hot_0.74,0.74,0.63,0.3875133875733688,-0.837155603567229,0.35888614380584016,independent_matrix_exponential
hot_0.74,0.74,0.64,0.38421381313862973,-0.8399336457831438,0.35469401292542985,independent_matrix_exponential
hot_0.74,0.74,0.65,0.3809488962976852,-0.842662116345456,0.3505578236979891,independent_matrix_exponential
hot_0.74,0.74,0.66,0.3777182596187185,-0.8453419157316286,0.3464766938891638,independent_matrix_exponential
hot_0.74,0.74,0.67,0.3745215300172426,-0.8479739278961158,0.3424497573069211,independent_matrix_exponential
hot_0.74,0.74,0.68,0.3713583387019844,-0.8505590205752404,0.3384761634884842,independent_matrix_exponential
hot_0.74,0.74,0.6900000000000001,0.36822832112150866,-0.8530980455864293,0.3345550773933284,independent_matrix_exponential
hot_0.74,0.74,0.7000000000000001,0.3651311169115684,-0.85559183912191,0.330685679102131,independent_matrix_exponential
hot_0.74,0.74,0.71,0.3620663698431733,-0.8580412220369723,0.3268671635215658,independent_matrix_exponential
hot_0.74,0.74,0.72,0.35903372777136344,-0.8604470001328952,0.32309874009483974,independent_matrix_exponential
hot_0.74,0.74,0.73,0.3560328425846797,-0.8628099644346382,0.3193796325178657,independent_matrix_exponential
hot_0.74,0.74,0.74,0.353063370155318,-0.8651308914633934,0.31570907846096985,independent_matrix_exponential
hot_0.74,0.74,0.75,0.3501249702899602,-0.8674105435040951,0.3120863292960345,independent_matrix_exponential
hot_0.74,0.74,0.76,0.3472173066812686,-0.8696496688679783,0.30851064982897597,independent_matrix_exponential
hot_0.74,0.74,0.77,0.3443400468600367,-0.8718490021502806,0.30498131803746115,independent_matrix_exponential
hot_0.74,0.74,0.78,0.341492862147985,-0.874009264483174,0.30149762481376735,independent_matrix_exponential
hot_0.74,0.74,0.79,0.33867542761119246,-0.8761311637840181,0.29805887371269013,independent_matrix_exponential
hot_0.74,0.74,0.8,0.3358874220141551,-0.878215394999021,0.29466438070440815,independent_matrix_exponential
hot_0.74,0.74,0.81,0.3331285277744611,-0.8802626403423908,0.29131347393221163,independent_matrix_exponential
hot_0.74,0.74,0.8200000000000001,0.33039843091807497,-0.8822735695310628,0.2880054934750081,independent_matrix_exponential
hot_0.74,0.74,0.8300000000000001,0.3276968210352198,-0.8842488400150869,0.28473979111451264,independent_matrix_exponential
hot_0.74,0.74,0.84,0.32502339123685076,-0.8861890972037489,0.28151573010704073,independent_matrix_exponential
hot_0.74,0.74,0.85,0.3223778381117102,-0.8880949746875134,0.27833268495981417,independent_matrix_exponential
hot_0.74,0.74,0.86,0.31975986168395554,-0.8899670944558578,0.27519004121169915,independent_matrix_exponential
hot_0.74,0.74,0.87,0.31716916537135187,-0.8918060671110791,0.27208719521829083,independent_matrix_exponential
hot_0.74,0.74,0.88,0.31460545594402195,-0.8936124920781456,0.2690235539412667,independent_matrix_exponential
hot_0.74,0.74,0.89,0.3120684434837433,-0.8953869578106673,0.26599853474192475,independent_matrix_exponential
hot_0.74,0.74,0.9,0.3095578413437865,-0.8971300419930563,0.2630115651788315,independent_matrix_exponential
hot_0.74,0.74,0.91,0.30707336610928576,-0.8988423117389495,0.2600620828094996,independent_matrix_exponential
hot_0.74,0.74,0.92,0.30461473755813434,-0.9005243237859609,0.25714953499602106,independent_matrix_exponential
hot_0.74,0.74,0.93,0.3021816786223963,-0.9021766246868337,0.254273378714579,independent_matrix_exponential
hot_0.74,0.74,0.9400000000000001,0.2997739153502293,-0.9037997509970553,0.25143308036876755,independent_matrix_exponential
hot_0.74,0.74,0.9500000000000001,0.2973911768683078,-0.9053942294590059,0.24862811560664333,independent_matrix_exponential
hot_0.74,0.74,0.96,0.2950331953447427,-0.9069605771826997,0.2458579691414416,independent_matrix_exponential
hot_0.74,0.74,0.97,0.2926997059524879,-0.9084993018231857,0.24312213457588386,independent_matrix_exponential
hot_0.74,0.74,0.98,0.2903904468332275,-0.910010901754668,0.24042011423000953,independent_matrix_exponential
hot_0.74,0.74,0.99,0.28810515906173745,-0.9114958662414071,0.23775141897246452,independent_matrix_exponential
hot_0.74,0.74,1.0,0.28584358661071335,-0.912954675605461,0.23511556805517878,independent_matrix_exponential
hot_0.74,0.74,1.01,0.2836054763160589,-0.9143878013913261,0.2325120889513686,independent_matrix_exponential
hot_0.74,0.74,1.02,0.2813905778426276,-0.9157957065275351,0.22994051719679848,independent_matrix_exponential
hot_0.74,0.74,1.03,0.2791986436504122,-0.9171788454852653,0.22740039623424127,independent_matrix_exponential
hot_0.74,0.74,1.04,0.2770294289611736,-0.9185376644340177,0.22489127726107142,independent_matrix_exponential
hot_0.74,0.74,1.05,0.2748826917255058,-0.9198726013944178,0.22241271907993357,independent_matrix_exponential
hot_0.74,0.74,1.06,0.2727581925903271,-0.9211840863881908,0.21996428795242426,independent_matrix_exponential
hot_0.74,0.74,1.07,0.270655694866795,-0.9224725415853671,0.21754555745572907,independent_matrix_exponential
hot_0.74,0.74,1.08,0.26857496449863577,-0.9237383814487659,0.21515610834215618,independent_matrix_exponential
hot_0.74,0.74,1.09,0.2665157700308851,-0.9249820128758087,0.21279552840151145,independent_matrix_exponential
hot_0.74,0.74,1.1,0.2644778825790324,-0.9262038353377129,0.21046341232625668,independent_matrix_exponential
hot_0.74,0.74,1.11,0.2624610757985635,-0.9274042410161123,0.20815936157939768,independent_matrix_exponential
hot_0.74,0.74,1.12,0.26046512585489695,-0.9285836149371537,0.20588298426504859,independent_matrix_exponential
hot_0.74,0.74,1.1300000000000001,0.25848981139370686,-0.9297423351031158,0.20363389500161774,independent_matrix_exponential
hot_0.74,0.74,1.1400000000000001,0.25653491351162755,-0.9308807726215959,0.20141171479756478,independent_matrix_exponential
hot_0.74,0.74,1.1500000000000001,0.254600215727335,-0.9319992918323097,0.19921607092967727,independent_matrix_exponential
hot_0.74,0.74,1.16,0.2526855039529993,-0.9330982504315496,0.19704659682381637,independent_matrix_exponential
hot_0.74,0.74,1.17,0.2507905664661024,-0.934177999594342,0.19490293193808236,independent_matrix_exponential
hot_0.74,0.74,1.18,0.2489151938816176,-0.9352388840943494,0.19278472164835286,independent_matrix_exponential
hot_0.74,0.74,1.19,0.24705917912454328,-0.9362812424215575,0.1906916171361435,independent_matrix_exponential
hot_0.74,0.74,1.2,0.2452223174027886,-0.9373054068977875,0.18862327527874778,independent_matrix_exponential
hot_0.74,0.74,1.21,0.24340440618040415,-0.938311703790076,0.1865793585416078,independent_matrix_exponential
hot_0.74,0.74,1.22,0.24160524515115372,-0.93930045342196,0.18455953487287197,independent_matrix_exponential
hot_0.74,0.74,1.23,0.23982463621242167,-0.9402719702827076,0.18256347760009486,independent_matrix_exponential
hot_0.74,0.74,1.24,0.23806238343945296,-0.94122656313453,0.18059086532903793,independent_matrix_exponential
hot_0.74,0.74,1.25,0.23631829305991814,-0.9421645351178152,0.17864138184452488,independent_matrix_exponential
hot_0.74,0.74,1.26,0.23459217342880245,-0.9430861838544172,0.17671471601331437,independent_matrix_exponential
hot_0.74,0.74,1.27,0.23288383500361137,-0.9439918015490393,0.17481056168894546,independent_matrix_exponential
hot_0.74,0.74,1.28,0.23119309031988983,-0.9448816750887439,0.17292861761851744,independent_matrix_exponential
hot_0.74,0.74,1.29,0.2295197539670507,-0.9457560861406265,0.17106858735136485,independent_matrix_exponential
hot_0.74,0.74,1.3,0.2278636425645078,-0.9466153112476853,0.16923017914958777,independent_matrix_exponential
hot_0.74,0.74,1.31,0.22622457473810909,-0.9474596219229221,0.1674131059004003,independent_matrix_exponential
hot_0.74,0.74,1.32,0.22460237109686676,-0.948289284741705,0.16561708503026024,independent_matrix_exponential
hot_0.74,0.74,1.33,0.2229968542099794,-0.9491045614324269,0.16384183842074274,independent_matrix_exponential
hot_0.74,0.74,1.34,0.22140784858414153,-0.94990570896549,0.1620870923261221,independent_matrix_exponential
hot_0.74,0.74,1.35,0.2198351806411391,-0.9506929796406487,0.16035257729262783,independent_matrix_exponential
hot_0.74,0.74,1.36,0.21827867869572376,-0.9514666211727398,0.15863802807933894,independent_matrix_exponential
hot_0.74,0.74,1.37,0.21673817293376413,-0.9522268767758311,0.15694318358068332,independent_matrix_exponential
hot_0.74,0.74,1.3800000000000001,0.21521349539067014,-0.9529739852458167,0.15526778675050956,independent_matrix_exponential
hot_0.74,0.74,1.3900000000000001,0.21370447993008596,-0.9537081810414878,0.15361158452769821,independent_matrix_exponential
hot_0.74,0.74,1.4000000000000001,0.21221096222284802,-0.9544296943641094,0.15197432776328007,independent_matrix_exponential
hot_0.74,0.74,1.41,0.2107327797262054,-0.9551387512355259,0.15035577114903204,independent_matrix_exponential
hot_0.74,0.74,1.42,0.20926977166329774,-0.9558355735748285,0.1487556731475178,independent_matrix_exponential
hot_0.74,0.74,1.43,0.20782177900288745,-0.9565203792736061,0.1471737959235445,independent_matrix_exponential
hot_0.74,0.74,1.44,0.20638864443934402,-0.9571933822698092,0.14560990527700612,independent_matrix_exponential
hot_0.74,0.74,1.45,0.20497021237287544,-0.9578547926202506,0.14406377057708464,independent_matrix_exponential
hot_0.74,0.74,1.46,0.20356632889000364,-0.9585048165717697,0.1425351646977791,independent_matrix_exponential
hot_0.74,0.74,1.47,0.20217684174428147,-0.9591436566310826,0.14102386395473765,independent_matrix_exponential
hot_0.74,0.74,1.48,0.2008016003372477,-0.9597715116333456,0.13952964804336376,independent_matrix_exponential
hot_0.74,0.74,1.49,0.19944045569961566,-0.9603885768094538,0.1380522999781691,independent_matrix_exponential
hot_0.74,0.74,1.5,0.1980932604726942,-0.9609950438520977,0.13659160603334944,independent_matrix_exponential
hot_0.74,0.74,1.51,0.19675986889003627,-0.9615911009806029,0.13514735568455583,independent_matrix_exponential
hot_0.74,0.74,1.52,0.19544013675931343,-0.9621769330045739,0.1337193415518375,independent_matrix_exponential
hot_0.74,0.74,1.53,0.1941339214444115,-0.9627527213863643,0.1323073593437304,independent_matrix_exponential
hot_0.74,0.74,1.54,0.19284108184774668,-0.9633186443023951,0.13091120780246926,independent_matrix_exponential
hot_0.74,0.74,1.55,0.1915614783927968,-0.9638748767033433,0.12953068865029793,independent_matrix_exponential
hot_0.74,0.74,1.56,0.1902949730068465,-0.9644215903732201,0.1281656065368556,independent_matrix_exponential
hot_0.74,0.74,1.57,0.18904142910394311,-0.9649589539873609,0.12681576898761687,independent_matrix_exponential
hot_0.74,0.74,1.58,0.18780071156805947,-0.9654871331693461,0.12548098635336197,independent_matrix_exponential
hot_0.74,0.74,1.59,0.18657268673646274,-0.9660062905468727,0.12416107176065762,independent_matrix_exponential
hot_0.74,0.74,1.6,0.18535722238328436,-0.9665165858065966,0.12285584106332482,independent_matrix_exponential
hot_0.74,0.74,1.61,0.18415418770329045,-0.9670181757479641,0.12156511279487511,independent_matrix_exponential
hot_0.74,0.74,1.62,0.18296345329584818,-0.9675112143360513,0.12028870812189298,independent_matrix_exponential
hot_0.74,0.74,1.6300000000000001,0.18178489114908747,-0.96799585275343,0.11902645079834616,independent_matrix_exponential
hot_0.74,0.74,1.6400000000000001,0.18061837462425318,-0.9684722394510789,0.11777816712080245,independent_matrix_exponential
hot_0.74,0.74,1.6500000000000001,0.1794637784402474,-0.9689405201983549,0.11654368588453584,independent_matrix_exponential
hot_0.74,0.74,1.6600000000000001,0.1783209786583581,-0.9694008381320461,0.1153228383405017,independent_matrix_exponential
hot_0.74,0.74,1.67,0.17718985266717163,-0.9698533338045198,0.11411545815316335,independent_matrix_exponential
hot_0.74,0.74,1.68,0.17607027916766754,-0.9702981452309839,0.11292138135915218,independent_matrix_exponential
hot_0.74,0.74,1.69,0.17496213815849218,-0.9707354079358784,0.11174044632674296,independent_matrix_exponential
hot_0.74,0.74,1.7,0.1738653109214101,-0.971165254998412,0.11057249371612851,independent_matrix_exponential
hot_0.74,0.74,1.71,0.17277968000692923,-0.9715878170972607,0.10941736644047485,independent_matrix_exponential
hot_0.74,0.74,1.72,0.17170512922009917,-0.9720032225544423,0.10827490962774275,independent_matrix_exponential
hot_0.74,0.74,1.73,0.1706415436064793,-0.9724115973783847,0.10714497058325706,independent_matrix_exponential
hot_0.74,0.74,1.74,0.16958880943827487,-0.9728130653061997,0.10602739875301018,independent_matrix_exponential
hot_0.74,0.74,1.75,0.1685468142006388,-0.9732077478451798,0.10492204568768239,independent_matrix_exponential
hot_0.74,0.74,1.76,0.16751544657813722,-0.9735957643135303,0.10382876500736529,independent_matrix_exponential
hot_0.74,0.74,1.77,0.1664945964413761,-0.973977231880352,0.10274741236697262,independent_matrix_exponential
hot_0.74,0.74,1.78,0.1654841548337877,-0.9743522656048883,0.1016778454223242,independent_matrix_exponential
hot_0.74,0.74,1.79,0.16448401395857382,-0.9747209784750493,0.10061992379688908,independent_matrix_exponential
hot_0.74,0.74,1.8,0.1634940671658045,-0.975083481445228,0.0995735090491732,independent_matrix_exponential
hot_0.74,0.74,1.81,0.16251420893967017,-0.9754398834734194,0.09853846464073923,independent_matrix_exponential
hot_0.74,0.74,1.82,0.16154433488588443,-0.975790291557658,0.09751465590484357,independent_matrix_exponential
hot_0.74,0.74,1.83,0.1605843417192369,-0.9761348107717838,0.09650195001567938,independent_matrix_exponential
hot_0.74,0.74,1.84,0.15963412725129278,-0.9764735443005513,0.09550021595821108,independent_matrix_exponential
hot_0.74,0.74,1.85,0.15869359037823813,-0.9768065934740917,0.09450932449858915,independent_matrix_exponential
hot_0.74,0.74,1.86,0.15776263106886876,-0.9771340578017423,0.0935291481551322,independent_matrix_exponential
hot_0.74,0.74,1.87,0.15684115035272098,-0.9774560350052528,0.09255956116986515,independent_matrix_exponential
hot_0.74,0.74,1.8800000000000001,0.1559290503083418,-0.9777726210513815,0.09160043948060058,independent_matrix_exponential
hot_0.74,0.74,1.8900000000000001,0.15502623405169813,-0.9780839101838921,0.09065166069355357,independent_matrix_exponential
hot_0.74,0.74,1.9000000000000001,0.1541326057247211,-0.9783899949549618,0.08971310405647658,independent_matrix_exponential
hot_0.74,0.74,1.9100000000000001,0.15324807048398642,-0.9786909662560124,0.08878465043230611,independent_matrix_exponential
hot_0.74,0.74,1.92,0.15237253448952637,-0.9789869133479745,0.08786618227330743,independent_matrix_exponential
hot_0.74,0.74,1.93,0.151505904893774,-0.9792779238909951,0.08695758359570986,independent_matrix_exponential
hot_0.74,0.74,1.94,0.15064808983063604,-0.9795640839735998,0.08605873995481965,independent_matrix_exponential
hot_0.74,0.74,1.95,0.1497989984046944,-0.9798454781413182,0.08516953842060264,independent_matrix_exponential
hot_0.74,0.74,1.96,0.14895854068053355,-0.9801221894247839,0.08428986755372542,independent_matrix_exponential
hot_0.74,0.74,1.97,0.14812662767219237,-0.9803942993673183,0.08341961738204565,independent_matrix_exponential
hot_0.74,0.74,1.98,0.14730317133273968,-0.9806618880520067,0.08255867937754295,independent_matrix_exponential
hot_0.74,0.74,1.99,0.14648808454397083,-0.9809250341282779,0.08170694643368019,independent_matrix_exponential
hot_0.74,0.74,2.0,0.14568128110622425,-0.9811838148379953,0.08086431284318628,independent_matrix_exponential
hot_0.74,0.74,2.0100000000000002,0.14488267572831703,-0.9814383060410682,0.0800306742762528,independent_matrix_exponential
hot_0.74,0.74,2.02,0.14409218401759658,-0.9816885822405934,0.07920592775913372,independent_matrix_exponential
hot_0.74,0.74,2.0300000000000002,0.14330972247010854,-0.9819347166075352,0.07838997165314218,independent_matrix_exponential
hot_0.74,0.74,2.04,0.14253520846087864,-0.9821767810049509,0.07758270563403452,independent_matrix_exponential
hot_0.74,0.74,2.05,0.14176856023430684,-0.9824148460117735,0.07678403067177371,independent_matrix_exponential
hot_0.74,0.74,2.06,0.1410096968946727,-0.9826489809461559,0.0759938490106646,independent_matrix_exponential
hot_0.74,0.74,2.07,0.1402585383967512,-0.9828792538883879,0.07521206414985376,independent_matrix_exponential
hot_0.74,0.74,2.08,0.13951500553653617,-0.9831057317033917,0.07443858082418489,independent_matrix_exponential
hot_0.74,0.74,2.09,0.1387790199420713,-0.9833284800628046,0.07367330498540406,independent_matrix_exponential
hot_0.74,0.74,2.1,0.1380505040643869,-0.9835475634666576,0.0729161437837064,independent_matrix_exponential
hot_0.74,0.74,2.11,0.13732938116854065,-0.9837630452646543,0.07216700554961772,independent_matrix_exponential
hot_0.74,0.74,2.12,0.136615575324762,-0.9839749876770609,0.07142579977620404,independent_matrix_exponential
hot_0.74,0.74,2.13,0.13590901139969824,-0.9841834518152123,0.07069243710160235,independent_matrix_exponential
hot_0.74,0.74,2.14,0.1352096150477609,-0.9843884977016419,0.06996682929186562,independent_matrix_exponential
hot_0.74,0.74,2.15,0.13451731270257206,-0.984590184289843,0.06924888922411639,independent_matrix_exponential
hot_0.74,0.74,2.16,0.13383203156850798,-0.9847885694836664,0.06853853087000142,independent_matrix_exponential
hot_0.74,0.74,2.17,0.13315369961234036,-0.984983710156364,0.06783566927944247,independent_matrix_exponential
hot_0.74,0.74,2.18,0.13248224555497284,-0.9851756621692813,0.06714022056467636,independent_matrix_exponential
hot_0.74,0.74,2.19,0.1318175988632721,-0.9853644803902092,0.06645210188457852,independent_matrix_exponential
hot_0.74,0.74,2.2,0.13115968974199232,-0.9855502187113976,0.06577123142926437,independent_matrix_exponential
hot_0.74,0.74,2.21,0.13050844912579201,-0.9857329300672397,0.06509752840496326,independent_matrix_exponential
hot_0.74,0.74,2.22,0.12986380867134173,-0.9859126664516326,0.06443091301915838,independent_matrix_exponential
hot_0.74,0.74,2.23,0.1292257007495214,-0.9860894789350181,0.06377130646598798,independent_matrix_exponential
hot_0.74,0.74,2.24,0.12859405843770724,-0.9862634176811138,0.06311863091190291,independent_matrix_exponential
hot_0.74,0.74,2.25,0.12796881551214587,-0.986434531963335,0.06247280948157437,independent_matrix_exponential
hot_0.74,0.74,2.2600000000000002,0.12734990644041508,-0.9866028701809173,0.061833766244047475,independent_matrix_exponential
hot_0.74,0.74,2.27,0.12673726637397065,-0.9867684798747441,0.06120142619913554,independent_matrix_exponential
hot_0.74,0.74,2.2800000000000002,0.12613083114077706,-0.9869314077428829,0.06057571526404989,independent_matrix_exponential
hot_0.74,0.74,2.29,0.12553053723802254,-0.9870916996558382,0.059956560260261256,independent_matrix_exponential
hot_0.74,0.74,2.3000000000000003,0.12493632182491596,-0.9872494006715249,0.059343888900587026,independent_matrix_exponential
hot_0.74,0.74,2.31,0.1243481227155655,-0.9874045550499672,0.058737629776500724,independent_matrix_exponential
hot_0.74,0.74,2.32,0.12376587837193788,-0.9875572062677285,0.05813771234565882,independent_matrix_exponential
hot_0.74,0.74,2.33,0.12318952789689702,-0.9877073970320777,0.05754406691964067,independent_matrix_exponential
hot_0.74,0.74,2.34,0.12261901102732153,-0.9878551692948957,0.05695662465189733,independent_matrix_exponential
hot_0.74,0.74,2.35,0.12205426812729932,-0.9880005642663273,0.05637531752590491,independent_matrix_exponential
hot_0.74,0.74,2.36,0.1214952401813994,-0.9881436224281841,0.055800078343518675,independent_matrix_exponential
hot_0.74,0.74,2.37,0.12094186878801919,-0.988284383547101,0.0552308407135238,independent_matrix_exponential
hot_0.74,0.74,2.38,0.12039409615280677,-0.9884228866874533,0.05466753904037886,independent_matrix_exponential
hot_0.74,0.74,2.39,0.11985186508215685,-0.9885591702240368,0.054110108513147945,independent_matrix_exponential
hot_0.74,0.74,2.4,0.11931511897678032,-0.9886932718545158,0.0535584850946189,independent_matrix_exponential
hot_0.74,0.74,2.41,0.11878380182534509,-0.9888252286116447,0.05301260551060166,independent_matrix_exponential
hot_0.74,0.74,2.42,0.11825785819818926,-0.9889550768752641,0.05247240723940625,independent_matrix_exponential
hot_0.74,0.74,2.43,0.11773723324110383,-0.9890828523840799,0.05193782850149386,independent_matrix_exponential
hot_0.74,0.74,2.44,0.11722187266918575,-0.9892085902472257,0.05140880824930013,independent_matrix_exponential
hot_0.74,0.74,2.45,0.11671172276075902,-0.989332324955614,0.05088528615722532,independent_matrix_exponential
hot_0.74,0.74,2.46,0.1162067303513645,-0.9894540903930801,0.05036720261178981,independent_matrix_exponential
hot_0.74,0.74,2.47,0.11570684282781613,-0.9895739198473231,0.04985449870195006,independent_matrix_exponential
hot_0.74,0.74,2.48,0.11521200812232399,-0.9896918460206462,0.049347116209573424,independent_matrix_exponential
hot_0.74,0.74,2.49,0.11472217470668264,-0.9898079010405004,0.04884499760006777,independent_matrix_exponential
hot_0.74,0.74,2.5,0.11423729158652429,-0.9899221164698375,0.04834808601316318,independent_matrix_exponential
hot_0.74,0.74,2.5100000000000002,0.11375730829563599,-0.9900345233172717,0.04785632525384309,independent_matrix_exponential
hot_0.74,0.74,2.52,0.11328217489034009,-0.9901451520470577,0.04736965978342159,independent_matrix_exponential
hot_0.74,0.74,2.5300000000000002,0.11281184194393683,-0.9902540325888852,0.046888034710764054,independent_matrix_exponential
hot_0.74,0.74,2.54,0.11234626054120918,-0.9903611943474959,0.04641139578364898,independent_matrix_exponential
hot_0.74,0.74,2.5500000000000003,0.11188538227298833,-0.9904666662121236,0.04593968938026765,independent_matrix_exponential
hot_0.74,0.74,2.56,0.11142915923077959,-0.9905704765657635,0.04547286250085926,independent_matrix_exponential
hot_0.74,0.74,2.57,0.1109775440014478,-0.9906726532942707,0.045010862759479096,independent_matrix_exponential
hot_0.74,0.74,2.58,0.1105304896619615,-0.9907732237952949,0.044553638375896765,independent_matrix_exponential
hot_0.74,0.74,2.59,0.11008794977419571,-0.9908722149870501,0.044101138167622886,independent_matrix_exponential
hot_0.74,0.74,2.6,0.10964987837979152,-0.9909696533169258,0.043653311542060654,independent_matrix_exponential
hot_0.74,0.74,2.61,0.1092162299950731,-0.9910655647699399,0.043210108488781075,independent_matrix_exponential
hot_0.74,0.74,2.62,0.10878695960602029,-0.9911599748770393,0.04277147957191853,independent_matrix_exponential
hot_0.74,0.74,2.63,0.10836202266329732,-0.9912529087232473,0.04233737592268558,independent_matrix_exponential
hot_0.74,0.74,2.64,0.10794137507733567,-0.9913443909556637,0.04190774923200341,independent_matrix_exponential
hot_0.74,0.74,2.65,0.10752497321347168,-0.9914344457913189,0.04148255174324707,independent_matrix_exponential
hot_0.74,0.74,2.66,0.10711277388713722,-0.9915230970248847,0.04106173624510226,independent_matrix_exponential
hot_0.74,0.74,2.67,0.10670473435910371,-0.9916103680362448,0.040645256064532696,independent_matrix_exponential
hot_0.74,0.74,2.68,0.10630081233077815,-0.9916962817979275,0.040233065059854876,independent_matrix_exponential
hot_0.74,0.74,2.69,0.10590096593955096,-0.9917808608824028,0.0398251176139193,independent_matrix_exponential
hot_0.74,0.74,2.7,0.10550515375419489,-0.9918641274692472,0.039421368627395384,independent_matrix_exponential
hot_0.74,0.74,2.71,0.10511333477031444,-0.9919461033521773,0.03902177351215881,independent_matrix_exponential
hot_0.74,0.74,2.72,0.10472546840584507,-0.9920268099459558,0.038626288184778805,independent_matrix_exponential
hot_0.74,0.74,2.73,0.10434151449660192,-0.9921062682931722,0.038234869060104204,independent_matrix_exponential
hot_0.74,0.74,2.74,0.10396143329187711,-0.9921844990708996,0.03784747304494585,independent_matrix_exponential
hot_0.74,0.74,2.75,0.10358518545008531,-0.9922615225972302,0.03746405753185422,independent_matrix_exponential
hot_0.74,0.74,2.7600000000000002,0.10321273203445691,-0.9923373588376931,0.037084580392989897,independent_matrix_exponential
hot_0.74,0.74,2.77,0.10284403450877833,-0.9924120274115541,0.036708999974085894,independent_matrix_exponential
hot_0.74,0.74,2.7800000000000002,0.10247905473317867,-0.9924855475980012,0.03633727508849957,independent_matrix_exponential
hot_0.74,0.74,2.79,0.10211775495996256,-0.9925579383422191,0.03596936501135287,independent_matrix_exponential
hot_0.74,0.74,2.8000000000000003,0.10176009782948828,-0.9926292182613505,0.03560522947375936,independent_matrix_exponential
hot_0.74,0.74,2.81,0.10140604636609107,-0.9926994056503524,0.03524482865713632,independent_matrix_exponential
hot_0.74,0.74,2.82,0.10105556397405055,-0.9927685184877434,0.03488812318760039,independent_matrix_exponential
hot_0.74,0.74,2.83,0.10070861443360227,-0.9928365744412477,0.034535074130445514,independent_matrix_exponential
hot_0.74,0.74,2.84,0.10036516189699242,-0.9929035908733367,0.034185642984701343,independent_matrix_exponential
hot_0.74,0.74,2.85,0.1000251708845758,-0.9929695848466694,0.033839791677771236,independent_matrix_exponential
hot_0.74,0.74,2.86,0.09968860628095588,-0.9930345731294348,0.0334974825601479,independent_matrix_exponential
hot_0.74,0.74,2.87,0.09935543333116678,-0.9930985722005966,0.033158678400205456,independent_matrix_exponential
hot_0.74,0.74,2.88,0.09902561763689693,-0.9931615982550431,0.03282334237906707,independent_matrix_exponential
hot_0.74,0.74,2.89,0.09869912515275356,-0.993223667208644,0.032491438085546116,independent_matrix_exponential
hot_0.74,0.74,2.9,0.09837592218256747,-0.9932847947032143,0.03216292951115999,independent_matrix_exponential
hot_0.74,0.74,2.91,0.09805597537573828,-0.9933449961113898,0.03183778104521545,independent_matrix_exponential
hot_0.74,0.74,2.92,0.0977392517236188,-0.9934042865414131,0.031515957469963767,independent_matrix_exponential
hot_0.74,0.74,2.93,0.09742571855593883,-0.9934626808418328,0.031197423955825025,independent_matrix_exponential
hot_0.74,0.74,2.94,0.09711534353726752,-0.993520193606118,0.030882146056680097,independent_matrix_exponential
hot_0.74,0.74,2.95,0.0968080946635139,-0.9935768391771893,0.030570089705229033,independent_matrix_exponential
hot_0.74,0.74,2.96,0.09650394025846534,-0.9936326316518672,0.030261221208415037,independent_matrix_exponential
hot_0.74,0.74,2.97,0.09620284897036328,-0.9936875848852401,0.029955507242912686,independent_matrix_exponential
hot_0.74,0.74,2.98,0.09590478976851599,-0.9937417124949534,0.029652914850679467,independent_matrix_exponential
hot_0.74,0.74,2.99,0.09560973193994765,-0.9937950278654204,0.02935341143456928,independent_matrix_exponential
hot_0.74,0.74,3.0,0.09531764508608394,-0.9938475441519582,0.029056964754007365,independent_matrix_exponential
hot_0.74,0.74,3.0100000000000002,0.09502849911947278,-0.9938992742848471,0.028763542920724906,independent_matrix_exponential
hot_0.74,0.74,3.02,0.09474226426054093,-0.9939502309733178,0.0284731143945532,independent_matrix_exponential
hot_0.74,0.74,3.0300000000000002,0.09445891103438503,-0.9940004267094658,0.028185647979275506,independent_matrix_exponential
hot_0.74,0.74,3.04,0.09417841026759745,-0.9940498737720953,0.027901112818536286,independent_matrix_exponential
hot_0.74,0.74,3.0500000000000003,0.093900733085126,-0.994098584230494,0.02761947839180644,independent_matrix_exponential
hot_0.74,0.74,3.06,0.09362585090716766,-0.9941465699481384,0.027340714510404082,independent_matrix_exponential
hot_0.74,0.74,3.0700000000000003,0.09335373544609535,-0.9941938425863337,0.027064791313569345,independent_matrix_exponential
hot_0.74,0.74,3.08,0.09308435870341794,-0.9942404136077864,0.02679167926459293,independent_matrix_exponential
hot_0.74,0.74,3.09,0.09281769296677259,-0.9942862942801138,0.0265213491469969,independent_matrix_exponential
hot_0.74,0.74,3.1,0.09255371080694952,-0.9943314956792891,0.026253772060767566,independent_matrix_exponential
hot_0.74,0.74,3.11,0.09229238507494866,-0.9943760286930249,0.02598891941863902,independent_matrix_exponential
hot_0.74,0.74,3.12,0.09203368889906763,-0.9944199040240945,0.025726762942426817,independent_matrix_exponential
hot_0.74,0.74,3.13,0.09177759568202114,-0.9944631321935954,0.025467274659410934,independent_matrix_exponential
hot_0.74,0.74,3.14,0.0915240790980908,-0.9945057235441516,0.025210426898766933,independent_matrix_exponential
hot_0.74,0.74,3.15,0.09127311309030595,-0.9945476882430595,0.024956192288045298,independent_matrix_exponential
hot_0.74,0.74,3.16,0.091024671867654,-0.9945890362853766,0.02470454374969713,independent_matrix_exponential
hot_0.74,0.74,3.17,0.09077872990232119,-0.994629777496955,0.024455454497646502,independent_matrix_exponential
hot_0.74,0.74,3.18,0.09053526192696211,-0.9946699215374193,0.02420889803390776,independent_matrix_exponential
hot_0.74,0.74,3.19,0.09029424293199899,-0.9947094779030914,0.023964848145248067,independent_matrix_exponential
hot_0.74,0.74,3.2,0.09005564816294934,-0.9947484559298629,0.023723278899893452,independent_matrix_exponential
hot_0.74,0.74,3.21,0.0898194531177823,-0.9947868647960153,0.023484164644278546,independent_matrix_exponential
hot_0.74,0.74,3.22,0.08958563354430309,-0.9948247135249895,0.023247479999838686,independent_matrix_exponential
hot_0.74,0.74,3.23,0.0893541654375652,-0.9948620109881051,0.023013199859844194,independent_matrix_exponential
hot_0.74,0.74,3.24,0.0891250250373103,-0.994898765907232,0.022781299386275745,independent_matrix_exponential
hot_0.74,0.74,3.25,0.08889818882543529,-0.994934986857412,0.02255175400674071,independent_matrix_exponential
hot_0.74,0.74,3.2600000000000002,0.0886736335234862,-0.9949706822694351,0.022324539411429117,independent_matrix_exponential
hot_0.74,0.74,3.27,0.08845133609017888,-0.9950058604323683,0.022099631550109435,independent_matrix_exponential
hot_0.74,0.74,3.2800000000000002,0.08823127371894586,-0.9950405294960392,0.02187700662916288,independent_matrix_exponential
hot_0.74,0.74,3.29,0.0880134238355094,-0.9950746974734753,0.021656641108656095,independent_matrix_exponential
hot_0.74,0.74,3.3000000000000003,0.08779776409548018,-0.9951083722432992,0.021438511699451386,independent_matrix_exponential
hot_0.74,0.74,3.31,0.08758427238198152,-0.9951415615520801,0.021222595360354073,independent_matrix_exponential
hot_0.74,0.74,3.3200000000000003,0.0873729268032987,-0.9951742730166449,0.021008869295296138,independent_matrix_exponential
hot_0.74,0.74,3.33,0.0871637056905534,-0.9952065141263456,0.020797310950556164,independent_matrix_exponential
hot_0.74,0.74,3.34,0.08695658759540245,-0.9952382922452876,0.020587898012014293,independent_matrix_exponential
hot_0.74,0.74,3.35,0.08675155128776121,-0.9952696146145174,0.020380608402442206,independent_matrix_exponential
hot_0.74,0.74,3.36,0.08654857575355099,-0.9953004883541705,0.0201754202788276,independent_matrix_exponential
hot_0.74,0.74,3.37,0.08634764019247008,-0.9953309204655826,0.019972312029732046,independent_matrix_exponential
hot_0.74,0.74,3.38,0.08614872401578877,-0.9953609178333603,0.019771262272682718,independent_matrix_exponential
hot_0.74,0.74,3.39,0.08595180684416719,-0.9953904872274172,0.019572249851596456,independent_matrix_exponential
hot_0.74,0.74,3.4,0.08575686850549655,-0.9954196353049717,0.019375253834236425,independent_matrix_exponential
hot_0.74,0.74,3.41,0.085563889032763,-0.9954483686125102,0.019180253509700516,independent_matrix_exponential
hot_0.74,0.74,3.42,0.0853728486619342,-0.9954766935877145,0.01898722838594126,independent_matrix_exponential
hot_0.74,0.74,3.43,0.08518372782986791,-0.9955046165613547,0.018796158187316482,independent_matrix_exponential
hot_0.74,0.74,3.44,0.08499650717224295,-0.9955321437591487,0.018607022852170568,independent_matrix_exponential
hot_0.74,0.74,3.45,0.0848111675215117,-0.9955592813035875,0.018419802530445648,independent_matrix_exponential
hot_0.74,0.74,3.46,0.08462768990487439,-0.9955860352157294,0.01823447758132245,independent_matrix_exponential
hot_0.74,0.74,3.47,0.08444605554227456,-0.9956124114169602,0.01805102857089027,independent_matrix_exponential
hot_0.74,0.74,3.48,0.08426624584441574,-0.9956384157307236,0.01786943626984561,independent_matrix_exponential
hot_0.74,0.74,3.49,0.0840882424107989,-0.9956640538842197,0.017689681651219282,independent_matrix_exponential
hot_0.74,0.74,3.5,0.0839120270277807,-0.9956893315100732,0.017511745888131317,independent_matrix_exponential
hot_0.74,0.74,3.5100000000000002,0.08373758166665189,-0.9957142541479725,0.017335610351573313,independent_matrix_exponential
hot_0.74,0.74,3.52,0.08356488848173625,-0.9957388272462788,0.01716125660821809,independent_matrix_exponential
hot_0.74,0.74,3.5300000000000002,0.08339392980850917,-0.9957630561636068,0.016988666418255853,independent_matrix_exponential
hot_0.74,0.74,3.54,0.08322468816173625,-0.9957869461703771,0.016817821733256938,independent_matrix_exponential
hot_0.74,0.74,3.5500000000000003,0.08305714623363133,-0.9958105024503412,0.01664870469406029,independent_matrix_exponential
hot_0.74,0.74,3.56,0.08289128689203384,-0.9958337301020787,0.016481297628687778,independent_matrix_exponential
hot_0.74,0.74,3.5700000000000003,0.08272709317860519,-0.9958566341404684,0.016315583050283432,independent_matrix_exponential
hot_0.74,0.74,3.58,0.08256454830704438,-0.9958792194981332,0.01615154365507806,independent_matrix_exponential
hot_0.74,0.74,3.59,0.0824036356613219,-0.9959014910268584,0.01598916232037784,independent_matrix_exponential
hot_0.74,0.74,3.6,0.0822443387939325,-0.995923453498986,0.0158284221025776,independent_matrix_exponential
hot_0.74,0.74,3.61,0.082086641424166,-0.9959451116087832,0.015669306235197612,independent_matrix_exponential
hot_0.74,0.74,3.62,0.08193052743639632,-0.995966469973787,0.015511798126944086,independent_matrix_exponential
hot_0.74,0.74,3.63,0.0817759808783885,-0.995987533136125,0.015355881359792843,independent_matrix_exponential
hot_0.74,0.74,3.64,0.08162298595962321,-0.9960083055638119,0.015201539687095842,independent_matrix_exponential
hot_0.74,0.74,3.65,0.081471527049639,-0.9960287916520244,0.015048757031710254,independent_matrix_exponential
hot_0.74,0.74,3.66,0.08132158867639175,-0.9960489957243519,0.01489751748414981,independent_matrix_exponential
hot_0.74,0.74,3.67,0.08117315552463139,-0.996068922034026,0.01474780530075822,independent_matrix_exponential
hot_0.74,0.74,3.68,0.0810262124342954,-0.9960885747651276,0.01459960490190398,independent_matrix_exponential
hot_0.74,0.74,3.69,0.08088074439891929,-0.9961079580337733,0.014452900870196768,independent_matrix_exponential
hot_0.74,0.74,3.7,0.0807367365640635,-0.9961270758892798,0.014307677948724791,independent_matrix_exponential
hot_0.74,0.74,3.71,0.08059417422575682,-0.9961459323153086,0.014163921039312948,independent_matrix_exponential
hot_0.74,0.74,3.72,0.08045304282895607,-0.996164531230989,0.014021615200801496,independent_matrix_exponential
hot_0.74,0.74,3.73,0.08031332796602177,-0.9961828764920233,0.013880745647344919,independent_matrix_exponential
hot_0.74,0.74,3.74,0.0801750153752097,-0.9962009718917705,0.013741297746730718,independent_matrix_exponential
hot_0.74,0.74,3.75,0.08003809093917828,-0.9962188211623118,0.013603257018717955,independent_matrix_exponential
hot_0.74,0.74,3.7600000000000002,0.07990254068351141,-0.9962364279754967,0.013466609133395166,independent_matrix_exponential
hot_0.74,0.74,3.77,0.07976835077525672,-0.9962537959439713,0.01333133990955747,independent_matrix_exponential
hot_0.74,0.74,3.7800000000000002,0.07963550752147908,-0.9962709286221879,0.013197435313102511,independent_matrix_exponential
hot_0.74,0.74,3.79,0.07950399736782907,-0.9962878295073961,0.013064881455445161,independent_matrix_exponential
hot_0.74,0.74,3.8000000000000003,0.07937380689712648,-0.9963045020406184,0.012933664591950514,independent_matrix_exponential
hot_0.74,0.74,3.81,0.07924492282795842,-0.996320949607606,0.01280377112038515,independent_matrix_exponential
hot_0.74,0.74,3.8200000000000003,0.0791173320132921,-0.9963371755397799,0.012675187579386248,independent_matrix_exponential
hot_0.74,0.74,3.83,0.07899102143910197,-0.996353183115154,0.01254790064694843,independent_matrix_exponential
hot_0.74,0.74,3.84,0.07886597822301118,-0.9963689755592424,0.012421897138928089,independent_matrix_exponential
hot_0.74,0.74,3.85,0.07874218961294706,-0.996384556045951,0.012297164007564816,independent_matrix_exponential
hot_0.74,0.74,3.86,0.0786196429858107,-0.9963999276984528,0.012173688340020004,independent_matrix_exponential
hot_0.74,0.74,3.87,0.07849832584616025,-0.9964150935900477,0.012051457356932166,independent_matrix_exponential
hot_0.74,0.74,3.88,0.0783782258249079,-0.9964300567450084,0.011930458410988741,independent_matrix_exponential
hot_0.74,0.74,3.89,0.07825933067803038,-0.9964448201394095,0.011810678985514392,independent_matrix_exponential
hot_0.74,0.74,3.9,0.0781416282852929,-0.9964593867019436,0.011692106693075362,independent_matrix_exponential
hot_0.74,0.74,3.91,0.07802510664898622,-0.9964737593147222,0.01157472927409976,independent_matrix_exponential
hot_0.74,0.74,3.92,0.07790975389267685,-0.9964879408140627,0.011458534595513598,independent_matrix_exponential
hot_0.74,0.74,3.93,0.07779555825997025,-0.9965019339912616,0.011343510649392383,independent_matrix_exponential
hot_0.74,0.74,3.94,0.07768250811328686,-0.9965157415933545,0.011229645551627997,independent_matrix_exponential
hot_0.74,0.74,3.95,0.07757059193265062,-0.9965293663238619,0.011116927540610657,independent_matrix_exponential
hot_0.74,0.74,3.96,0.07745979831449033,-0.9965428108435223,0.01100534497592605,independent_matrix_exponential
hot_0.74,0.74,3.97,0.07735011597045316,-0.9965560777710128,0.010894886337066851,independent_matrix_exponential
hot_0.74,0.74,3.98,0.07724153372623056,-0.9965691696836569,0.010785540222159147,independent_matrix_exponential
hot_0.74,0.74,3.99,0.07713404052039635,-0.9965820891181195,0.010677295346703026,independent_matrix_exponential
hot_0.74,0.74,4.0,0.07702762540325672,-0.9965948385710899,0.010570140542327494,independent_matrix_exponential
hot_0.74,0.74,4.01,0.07692227753571222,-0.9966074204999528,0.010464064755559364,independent_matrix_exponential
hot_0.74,0.74,4.0200000000000005,0.07681798618813145,-0.9966198373234483,0.010359057046605913,independent_matrix_exponential
hot_0.74,0.74,4.03,0.0767147407392364,-0.996632091422319,0.010255106588151361,independent_matrix_exponential
hot_0.74,0.74,4.04,0.0766125306749994,-0.9966441851399469,0.010152202664166778,independent_matrix_exponential
hot_0.74,0.74,4.05,0.07651134558755131,-0.9966561207829784,0.010050334668733285,independent_matrix_exponential
hot_0.74,0.74,4.0600000000000005,0.07641117517410104,-0.9966679006219392,0.009949492104878414,independent_matrix_exponential
hot_0.74,0.74,4.07,0.07631200923586638,-0.9966795268918376,0.009849664583425696,independent_matrix_exponential
hot_0.74,0.74,4.08,0.07621383767701558,-0.9966910017927576,0.009750841821856699,independent_matrix_exponential
hot_0.74,0.74,4.09,0.07611665050362008,-0.9967023274904422,0.00965301364318611,independent_matrix_exponential
hot_0.74,0.74,4.1,0.07602043782261797,-0.9967135061168654,0.009556169974849132,independent_matrix_exponential
hot_0.74,0.74,4.11,0.07592518984078808,-0.9967245397707951,0.00946030084760135,independent_matrix_exponential
hot_0.74,0.74,4.12,0.07583089686373481,-0.9967354305183465,0.009365396394430797,independent_matrix_exponential
hot_0.74,0.74,4.13,0.07573754929488319,-0.9967461803935239,0.009271446849482059,independent_matrix_exponential
hot_0.74,0.74,4.14,0.07564513763448456,-0.9967567913987563,0.009178442546992394,independent_matrix_exponential
hot_0.74,0.74,4.15,0.07555365247863223,-0.9967672655054202,0.009086373920239466,independent_matrix_exponential
hot_0.74,0.74,4.16,0.0754630845182875,-0.9967776046543559,0.008995231500500906,independent_matrix_exponential
hot_0.74,0.74,4.17,0.07537342453831561,-0.9967878107563738,0.008905005916025286,independent_matrix_exponential
hot_0.74,0.74,4.18,0.07528466341653157,-0.9967978856927516,0.008815687891014333,independent_matrix_exponential
hot_0.74,0.74,4.19,0.07519679212275596,-0.9968078313157235,0.008727268244616622,independent_matrix_exponential
hot_0.74,0.74,4.2,0.07510980171788026,-0.9968176494489608,0.00863973788993207,independent_matrix_exponential
hot_0.74,0.74,4.21,0.07502368335294193,-0.9968273418880437,0.00855308783302756,independent_matrix_exponential
hot_0.74,0.74,4.22,0.07493842826820898,-0.9968369104009255,0.008467309171963318,independent_matrix_exponential
hot_0.74,0.74,4.23,0.07485402779227393,-0.9968463567283885,0.008382393095830004,independent_matrix_exponential
hot_0.74,0.74,4.24,0.07477047334115702,-0.9968556825844919,0.008298330883796287,independent_matrix_exponential
hot_0.74,0.74,4.25,0.07468775641741887,-0.9968648896570119,0.00821511390416702,independent_matrix_exponential
hot_0.74,0.74,4.26,0.07460586860928191,-0.9968739796078748,0.008132733613451466,independent_matrix_exponential
hot_0.74,0.74,4.2700000000000005,0.07452480158976114,-0.9968829540735817,0.008051181555441957,independent_matrix_exponential
hot_0.74,0.74,4.28,0.07444454711580374,-0.9968918146656265,0.007970449360302532,independent_matrix_exponential
hot_0.74,0.74,4.29,0.07436509702743731,-0.9969005629709067,0.007890528743667326,independent_matrix_exponential
hot_0.74,0.74,4.3,0.07428644324692722,-0.9969092005521263,0.00781141150574923,independent_matrix_exponential
hot_0.74,0.74,4.3100000000000005,0.07420857777794228,-0.9969177289481931,0.007733089530457733,independent_matrix_exponential
hot_0.74,0.74,4.32,0.07413149270472916,-0.996926149674608,0.00765555478452676,independent_matrix_exponential
hot_0.74,0.74,4.33,0.07405518019129526,-0.9969344642238478,0.007578799316651875,independent_matrix_exponential
hot_0.74,0.74,4.34,0.07397963248059981,-0.996942674065742,0.007502815256636662,independent_matrix_exponential
hot_0.74,0.74,4.3500000000000005,0.07390484189375354,-0.9969507806478427,0.007427594814548675,independent_matrix_exponential
hot_0.74,0.74,4.36,0.07383080082922633,-0.9969587853957877,0.007353130279884402,independent_matrix_exponential
hot_0.74,0.74,4.37,0.07375750176206299,-0.9969666897136584,0.007279414020743128,independent_matrix_exponential
hot_0.74,0.74,4.38,0.07368493724310726,-0.9969744949843304,0.007206438483010029,independent_matrix_exponential
hot_0.74,0.74,4.39,0.07361309989823359,-0.9969822025698193,0.007134196189547813,independent_matrix_exponential
hot_0.74,0.74,4.4,0.07354198242758686,-0.996989813811619,0.007062679739397374,independent_matrix_exponential
hot_0.74,0.74,4.41,0.07347157760482986,-0.9969973300310361,0.006991881806986762,independent_matrix_exponential
hot_0.74,0.74,4.42,0.07340187827639849,-0.9970047525295167,0.006921795141348945,independent_matrix_exponential
hot_0.74,0.74,4.43,0.07333287736076465,-0.9970120825889692,0.0068524125653479035,independent_matrix_exponential
hot_0.74,0.74,4.44,0.07326456784770649,-0.9970193214720804,0.006783726974912981,independent_matrix_exponential
hot_0.74,0.74,4.45,0.07319694279758637,-0.9970264704226266,0.006715731338281596,independent_matrix_exponential
hot_0.74,0.74,4.46,0.07312999534063609,-0.9970335306657797,0.0066484186952500916,independent_matrix_exponential
hot_0.74,0.74,4.47,0.07306371867624933,-0.9970405034084074,0.006581782156432483,independent_matrix_exponential
hot_0.74,0.74,4.48,0.07299810607228155,-0.9970473898393695,0.00651581490252729,independent_matrix_exponential
hot_0.74,0.74,4.49,0.07293315086435685,-0.997054191129807,0.006450510183592246,independent_matrix_exponential
hot_0.74,0.74,4.5,0.07286884645518209,-0.9970609084334285,0.00638586131832672,independent_matrix_exponential
hot_0.74,0.74,4.51,0.07280518631386784,-0.9970675428867911,0.0063218616933617714,independent_matrix_exponential
hot_0.74,0.74,4.5200000000000005,0.07274216397525644,-0.9970740956095748,0.006258504762557975,independent_matrix_exponential
hot_0.74,0.74,4.53,0.07267977303925682,-0.9970805677048551,0.006195784046310564,independent_matrix_exponential
hot_0.74,0.74,4.54,0.07261800717018616,-0.9970869602593687,0.006133693130862098,independent_matrix_exponential
hot_0.74,0.74,4.55,0.07255686009611824,-0.9970932743437757,0.006072225667622478,independent_matrix_exponential
hot_0.74,0.74,4.5600000000000005,0.07249632560823853,-0.9970995110129172,0.006011375372496145,independent_matrix_exponential
hot_0.74,0.74,4.57,0.07243639756020576,-0.9971056713060681,0.005951136025216531,independent_matrix_exponential
hot_0.74,0.74,4.58,0.07237706986752003,-0.9971117562471865,0.005891501468687506,independent_matrix_exponential
hot_0.74,0.74,4.59,0.07231833650689753,-0.9971177668451578,0.005832465608332014,independent_matrix_exponential
hot_0.74,0.74,4.6000000000000005,0.07226019151565134,-0.9971237040940357,0.0057740224114473495,independent_matrix_exponential
hot_0.74,0.74,4.61,0.07220262899107886,-0.997129568973278,0.005716165906567632,independent_matrix_exponential
hot_0.74,0.74,4.62,0.07214564308985527,-0.9971353624479797,0.00565889018283273,independent_matrix_exponential
hot_0.74,0.74,4.63,0.07208922802743328,-0.9971410854691011,0.00560218938936413,independent_matrix_exponential
hot_0.74,0.74,4.64,0.072033378077449,-0.9971467389736922,0.0055460577346473005,independent_matrix_exponential
hot_0.74,0.74,4.65,0.07197808757113383,-0.9971523238851143,0.005490489485920633,independent_matrix_exponential
hot_0.74,0.74,4.66,0.0719233508967324,-0.9971578411132562,0.005435478968570902,independent_matrix_exponential
hot_0.74,0.74,4.67,0.07186916249892637,-0.9971632915547484,0.005381020565535053,independent_matrix_exponential
hot_0.74,0.74,4.68,0.07181551687826418,-0.9971686760931723,0.005327108716708339,independent_matrix_exponential
hot_0.74,0.74,4.69,0.07176240859059654,-0.997173995599267,0.005273737918358789,independent_matrix_exponential
hot_0.74,0.74,4.7,0.07170983224651781,-0.9971792509311322,0.005220902722547798,independent_matrix_exponential
hot_0.74,0.74,4.71,0.07165778251081283,-0.9971844429344272,0.005168597736556838,independent_matrix_exponential
hot_0.74,0.74,4.72,0.07160625410190963,-0.9971895724425672,0.005116817622320236,independent_matrix_exponential
hot_0.74,0.74,4.73,0.07155524179133758,-0.997194640276916,0.0050655570958639895,independent_matrix_exponential
hot_0.74,0.74,4.74,0.07150474040319114,-0.9971996472469759,0.00501481092675039,independent_matrix_exponential
hot_0.74,0.74,4.75,0.07145474481359892,-0.9972045941505736,0.004964573937528582,independent_matrix_exponential
hot_0.74,0.74,4.76,0.07140524995019835,-0.9972094817740438,0.0049148410031909255,independent_matrix_exponential
hot_0.74,0.74,4.7700000000000005,0.07135625079161552,-0.9972143108924093,0.004865607050634957,independent_matrix_exponential
hot_0.74,0.74,4.78,0.07130774236695044,-0.9972190822695581,0.004816867058131202,independent_matrix_exponential
hot_0.74,0.74,4.79,0.07125971975526749,-0.9972237966584176,0.0047686160547964545,independent_matrix_exponential
hot_0.74,0.74,4.8,0.071212178085091,-0.9972284548011261,0.004720849120072566,independent_matrix_exponential
hot_0.74,0.74,4.8100000000000005,0.07116511253390607,-0.9972330574292009,0.0046735613832108135,independent_matrix_exponential
hot_0.74,0.74,4.82,0.0711185183276644,-0.9972376052637042,0.004626748022761654,independent_matrix_exponential
hot_0.74,0.74,4.83,0.0710723907402951,-0.9972420990154061,0.004580404266069735,independent_matrix_exponential
hot_0.74,0.74,4.84,0.07102672509322065,-0.9972465393849442,0.004534525388774393,independent_matrix_exponential
hot_0.74,0.74,4.8500000000000005,0.07098151675487753,-0.997250927062982,0.004489106714315134,independent_matrix_exponential
hot_0.74,0.74,4.86,0.07093676114024199,-0.9972552627303628,0.004444143613442596,independent_matrix_exponential
hot_0.74,0.74,4.87,0.07089245371036036,-0.9972595470582626,0.004399631503734319,independent_matrix_exponential
hot_0.74,0.74,4.88,0.07084858997188445,-0.9972637807083397,0.004355565849115868,independent_matrix_exponential
hot_0.74,0.74,4.89,0.07080516547661136,-0.997267964332882,0.004311942159386748,independent_matrix_exponential
hot_0.74,0.74,4.9,0.0707621758210282,-0.997272098574952,0.004268755989751414,independent_matrix_exponential
hot_0.74,0.74,4.91,0.07071961664586128,-0.9972761840685291,0.004226002940355101,independent_matrix_exponential
hot_0.74,0.74,4.92,0.07067748363563,-0.9972802214386497,0.004183678655824582,independent_matrix_exponential
hot_0.74,0.74,4.93,0.0706357725182052,-0.9972842113015449,0.0041417788248136345,independent_matrix_exponential
hot_0.74,0.74,4.94,0.07059447906437195,-0.9972881542647762,0.004100299179553295,independent_matrix_exponential
hot_0.74,0.74,4.95,0.07055359908739697,-0.997292050927369,0.004059235495406863,independent_matrix_exponential
hot_0.74,0.74,4.96,0.07051312844260016,-0.9972959018799427,0.004018583590429397,independent_matrix_exponential
hot_0.74,0.74,4.97,0.07047306302693074,-0.9972997077048408,0.0039783393249319685,independent_matrix_exponential
hot_0.74,0.74,4.98,0.07043339877854753,-0.9973034689762569,0.003938498601050339,independent_matrix_exponential
hot_0.74,0.74,4.99,0.07039413167640358,-0.9973071862603599,0.003899057362318194,independent_matrix_exponential
hot_0.74,0.74,5.0,0.07035525773983495,-0.997310860115416,0.003860011593244765,independent_matrix_exponential
hot_0.74,0.74,5.01,0.0703167730281537,-0.9973144910919104,0.0038213573188969193,independent_matrix_exponential
hot_0.74,0.74,5.0200000000000005,0.07027867364024498,-0.9973180797326645,0.0037830906044855153,independent_matrix_exponential
hot_0.74,0.74,5.03,0.07024095571416829,-0.9973216265729542,0.003745207554956122,independent_matrix_exponential
hot_0.74,0.74,5.04,0.07020361542676261,-0.9973251321406233,0.0037077043145839466,independent_matrix_exponential
hot_0.74,0.74,5.05,0.07016664899325578,-0.9973285969561977,0.0036705770665730296,independent_matrix_exponential
hot_0.74,0.74,5.0600000000000005,0.07013005266687761,-0.997332021532995,0.003633822032659539,independent_matrix_exponential
hot_0.74,0.74,5.07,0.07009382273847703,-0.9973354063772356,0.0035974354727191767,independent_matrix_exponential
hot_0.74,0.74,5.08,0.07005795553614313,-0.9973387519881483,0.003561413684378774,independent_matrix_exponential
hot_0.74,0.74,5.09,0.07002244742482996,-0.9973420588580774,0.003525753002631698,independent_matrix_exponential
hot_0.74,0.74,5.1000000000000005,0.06998729480598526,-0.997345327472586,0.003490449799457539,independent_matrix_exponential
hot_0.74,0.74,5.11,0.06995249411718281,-0.9973485583105587,0.0034555004834454736,independent_matrix_exponential
hot_0.74,0.74,5.12,0.06991804183175858,-0.9973517518443018,0.0034209014994216326,independent_matrix_exponential
hot_0.74,0.74,5.13,0.0698839344584506,-0.997354908539643,0.003386649328080367,independent_matrix_exponential
hot_0.74,0.74,5.14,0.06985016854104245,-0.997358028856028,0.003352740485619335,independent_matrix_exponential
hot_0.74,0.74,5.15,0.06981674065801023,-0.9973611132466168,0.0033191715233781937,independent_matrix_exponential
hot_0.74,0.74,5.16,0.06978364742217338,-0.9973641621583781,0.0032859390274812992,independent_matrix_exponential
hot_0.74,0.74,5.17,0.0697508854803488,-0.9973671760321816,0.003253039618483891,independent_matrix_exponential
hot_0.74,0.74,5.18,0.06971845151300854,-0.9973701553028894,0.0032204699510220247,independent_matrix_exponential
hot_0.74,0.74,5.19,0.06968634223394102,-0.9973731003994464,0.0031882267134660668,independent_matrix_exponential
hot_0.74,0.74,5.2,0.06965455438991561,-0.9973760117449673,0.003156306627577897,independent_matrix_exponential
hot_0.74,0.74,5.21,0.06962308476035062,-0.9973788897568246,0.0031247064481714675,independent_matrix_exponential
hot_0.74,0.74,5.22,0.06959193015698464,-0.9973817348467343,0.003093422962776956,independent_matrix_exponential
hot_0.74,0.74,5.23,0.06956108742355128,-0.9973845474208386,0.003062452991308488,independent_matrix_exponential
hot_0.74,0.74,5.24,0.0695305534354571,-0.99738732787979,0.0030317933857350885,independent_matrix_exponential
hot_0.74,0.74,5.25,0.06950032509946281,-0.9973900766188324,0.003001441029755148,independent_matrix_exponential
hot_0.74,0.74,5.26,0.06947039935336785,-0.9973927940278808,0.002971392838474261,independent_matrix_exponential
hot_0.74,0.74,5.2700000000000005,0.0694407731656979,-0.9973954804916009,0.002941645758086287,independent_matrix_exponential
hot_0.74,0.74,5.28,0.06941144353539577,-0.9973981363894858,0.0029121967655577983,independent_matrix_exponential
hot_0.74,0.74,5.29,0.06938240749151536,-0.9974007620959331,0.002883042868315747,independent_matrix_exponential
hot_0.74,0.74,5.3,0.06935366209291863,-0.9974033579803196,0.00285418110393828,independent_matrix_exponential
hot_0.74,0.74,5.3100000000000005,0.06932520442797571,-0.9974059244070754,0.002825608539848852,independent_matrix_exponential
hot_0.74,0.74,5.32,0.0692970316142681,-0.9974084617357565,0.002797322273013418,independent_matrix_exponential
hot_0.74,0.74,5.33,0.06926914079829473,-0.9974109703211165,0.002769319429640723,independent_matrix_exponential
hot_0.74,0.74,5.34,0.06924152915518106,-0.997413450513177,0.00274159716488572,independent_matrix_exponential
hot_0.74,0.74,5.3500000000000005,0.0692141938883912,-0.9974159026572968,0.0027141526625560613,independent_matrix_exponential
hot_0.74,0.74,5.36,0.0691871322294428,-0.9974183270942405,0.0026869831348215038,independent_matrix_exponential
hot_0.74,0.74,5.37,0.0691603414376249,-0.9974207241602453,0.0026600858219263794,independent_matrix_exponential
hot_0.74,0.74,5.38,0.06913381879971861,-0.9974230941870867,0.002633457991905046,independent_matrix_exponential
hot_0.74,0.74,5.39,0.06910756162972068,-0.9974254375021447,0.002607096940300156,independent_matrix_exponential
hot_0.74,0.74,5.4,0.06908156726856973,-0.9974277544284665,0.0025809999898839505,independent_matrix_exponential
hot_0.74,0.74,5.41,0.06905583308387536,-0.9974300452848304,0.0025551644903822565,independent_matrix_exponential
hot_0.74,0.74,5.42,0.06903035646964994,-0.997432310385807,0.00252958781820148,independent_matrix_exponential
hot_0.74,0.74,5.43,0.06900513484604318,-0.997434550041821,0.002504267376158319,independent_matrix_exponential
hot_0.74,0.74,5.44,0.06898016565907922,-0.9974367645592108,0.0024792005932121825,independent_matrix_exponential
hot_0.74,0.74,5.45,0.0689554463803966,-0.9974389542402877,0.002454384924200503,independent_matrix_exponential
hot_0.74,0.74,5.46,0.06893097450699068,-0.9974411193833939,0.0024298178495766394,independent_matrix_exponential
hot_0.74,0.74,5.47,0.06890674756095874,-0.99744326028296,0.0024054968751505597,independent_matrix_exponential
hot_0.74,0.74,5.48,0.0688827630892476,-0.9974453772295614,0.0023814195318320407,independent_matrix_exponential
hot_0.74,0.74,5.49,0.06885901866340388,-0.9974474705099735,0.002357583375376698,independent_matrix_exponential
hot_0.74,0.74,5.5,0.06883551187932671,-0.9974495404072264,0.0023339859861344473,independent_matrix_exponential
hot_0.74,0.74,5.51,0.06881224035702291,-0.997451587200659,0.0023106249688005912,independent_matrix_exponential
hot_0.74,0.74,5.5200000000000005,0.06878920174036471,-0.9974536111659711,0.002287497952169494,independent_matrix_exponential
hot_0.74,0.74,5.53,0.06876639369684993,-0.9974556125752766,0.0022646025888907574,independent_matrix_exponential
hot_0.74,0.74,5.54,0.06874381391736449,-0.9974575916971536,0.002241936555227867,independent_matrix_exponential
hot_0.74,0.74,5.55,0.06872146011594735,-0.9974595487966958,0.0022194975508192994,independent_matrix_exponential
hot_0.74,0.74,5.5600000000000005,0.06869933002955789,-0.9974614841355618,0.002197283298442134,independent_matrix_exponential
hot_0.74,0.74,5.57,0.06867742141784555,-0.9974633979720239,0.0021752915437780154,independent_matrix_exponential
hot_0.74,0.74,5.58,0.06865573206292189,-0.9974652905610165,0.002153520055181579,independent_matrix_exponential
hot_0.74,0.74,5.59,0.06863425976913475,-0.9974671621541833,0.0021319666234511253,independent_matrix_exponential
hot_0.74,0.74,5.6000000000000005,0.06861300236284501,-0.9974690129999243,0.0021106290616018067,independent_matrix_exponential
hot_0.74,0.74,5.61,0.06859195769220529,-0.9974708433434412,0.0020895052046409693,independent_matrix_exponential
hot_0.74,0.74,5.62,0.06857112362694104,-0.9974726534267834,0.0020685929093458406,independent_matrix_exponential
hot_0.74,0.74,5.63,0.06855049805813386,-0.9974744434888916,0.0020478900540436217,independent_matrix_exponential
hot_0.74,0.74,5.64,0.06853007889800689,-0.9974762137656427,0.0020273945383935455,independent_matrix_exponential
hot_0.74,0.74,5.65,0.06850986407971246,-0.997477964489892,0.0020071042831714555,independent_matrix_exponential
hot_0.74,0.74,5.66,0.06848985155712187,-0.9974796958915165,0.001987017230056361,independent_matrix_exponential
hot_0.74,0.74,5.67,0.06847003930461722,-0.9974814081974562,0.001967131341419311,independent_matrix_exponential
hot_0.74,0.74,5.68,0.06845042531688544,-0.9974831016317557,0.0019474446001143432,independent_matrix_exponential
hot_0.74,0.74,5.69,0.06843100760871433,-0.9974847764156044,0.0019279550092715864,independent_matrix_exponential
hot_0.74,0.74,5.7,0.06841178421479066,-0.9974864327673769,0.0019086605920925002,independent_matrix_exponential
hot_0.74,0.74,5.71,0.06839275318950033,-0.9974880709026722,0.0018895593916471453,independent_matrix_exponential
hot_0.74,0.74,5.72,0.06837391260673051,-0.9974896910343521,0.001870649470673562,independent_matrix_exponential
hot_0.74,0.74,5.73,0.06835526055967385,-0.99749129337258,0.0018519289113792287,independent_matrix_exponential
hot_0.74,0.74,5.74,0.06833679516063455,-0.9974928781248578,0.0018333958152444401,independent_matrix_exponential
hot_0.74,0.74,5.75,0.06831851454083647,-0.9974944454960634,0.0018150483028277463,independent_matrix_exponential
hot_0.74,0.74,5.76,0.06830041685023316,-0.997495995688487,0.0017968845135734402,independent_matrix_exponential
hot_0.74,0.74,5.7700000000000005,0.06828250025731976,-0.997497528901867,0.0017789026056208464,independent_matrix_exponential
hot_0.74,0.74,5.78,0.06826476294894687,-0.9974990453334251,0.0017611007556157692,independent_matrix_exponential
hot_0.74,0.74,5.79,0.06824720313013619,-0.9975005451779015,0.0017434771585235675,independent_matrix_exponential
hot_0.74,0.74,5.8,0.06822981902389814,-0.9975020286275889,0.001726030027444474,independent_matrix_exponential
hot_0.74,0.74,5.8100000000000005,0.06821260887105125,-0.9975034958723664,0.001708757593430478,independent_matrix_exponential
hot_0.74,0.74,5.82,0.06819557093004334,-0.9975049470997326,0.0016916581053043396,independent_matrix_exponential
hot_0.74,0.74,5.83,0.06817870347677456,-0.9975063824948387,0.0016747298294801788,independent_matrix_exponential
hot_0.74,0.74,5.84,0.06816200480442218,-0.9975078022405202,0.001657971049786171,independent_matrix_exponential
hot_0.74,0.74,5.8500000000000005,0.0681454732232672,-0.9975092065173291,0.0016413800672888106,independent_matrix_exponential
hot_0.74,0.74,5.86,0.06812910706052255,-0.9975105955035651,0.0016249552001190658,independent_matrix_exponential
hot_0.74,0.74,5.87,0.06811290466016329,-0.9975119693753065,0.0016086947833003238,independent_matrix_exponential
hot_0.74,0.74,5.88,0.06809686438275822,-0.9975133283064402,0.0015925971685780411,independent_matrix_exponential
hot_0.74,0.74,5.89,0.0680809846053034,-0.9975146724686921,0.0015766607242511082,independent_matrix_exponential
hot_0.74,0.74,5.9,0.06806526372105723,-0.997516002031656,0.0015608838350049574,independent_matrix_exponential
hot_0.74,0.74,5.91,0.06804970013937729,-0.9975173171628232,0.0015452649017464292,independent_matrix_exponential
hot_0.74,0.74,5.92,0.06803429228555871,-0.9975186180276108,0.001529802341440143,independent_matrix_exponential
hot_0.74,0.74,5.93,0.06801903860067424,-0.9975199047893898,0.0015144945869466947,independent_matrix_exponential
hot_0.74,0.74,5.94,0.06800393754141591,-0.9975211776095128,0.0014993400868624734,independent_matrix_exponential
hot_0.74,0.74,5.95,0.0679889875799383,-0.9975224366473416,0.0014843373053609744,independent_matrix_exponential
hot_0.74,0.74,5.96,0.06797418720370339,-0.9975236820602741,0.0014694847220359305,independent_matrix_exponential
hot_0.74,0.74,5.97,0.06795953491532689,-0.9975249140037702,0.0014547808317458416,independent_matrix_exponential
hot_0.74,0.74,5.98,0.06794502923242621,-0.9975261326313788,0.0014402241444601773,independent_matrix_exponential
hot_0.74,0.74,5.99,0.06793066868746998,-0.997527338094763,0.0014258131851071667,independent_matrix_exponential
hot_0.74,0.74,6.0,0.06791645182762898,-0.9975285305437258,0.0014115464934230336,independent_matrix_exponential
hot_0.74,0.74,6.01,0.06790237721462863,-0.9975297101262346,0.0013974226238028806,independent_matrix_exponential
hot_0.74,0.74,6.0200000000000005,0.06788844342460301,-0.9975308769884461,0.0013834401451530151,independent_matrix_exponential
hot_0.74,0.74,6.03,0.0678746490479502,-0.997532031274731,0.0013695976407446873,independent_matrix_exponential
hot_0.74,0.74,6.04,0.06786099268918928,-0.9975331731276968,0.0013558937080695953,independent_matrix_exponential
hot_0.74,0.74,6.05,0.0678474729668186,-0.9975343026882127,0.0013423269586964523,independent_matrix_exponential
hot_0.74,0.74,6.0600000000000005,0.06783408851317556,-0.9975354200954317,0.0013288960181293895,independent_matrix_exponential
hot_0.74,0.74,6.07,0.06782083797429778,-0.9975365254868138,0.001315599525667577,independent_matrix_exponential
hot_0.74,0.74,6.08,0.06780772000978563,-0.9975376189981489,0.0013024361342662632,independent_matrix_exponential
hot_0.74,0.74,6.09,0.06779473329266625,-0.9975387007635784,0.001289404510399343,independent_matrix_exponential
hot_0.74,0.74,6.1000000000000005,0.06778187650925876,-0.9975397709156176,0.0012765033339232213,independent_matrix_exponential
hot_0.74,0.74,6.11,0.06776914835904106,-0.997540829585177,0.0012637312979421067,independent_matrix_exponential
hot_0.74,0.74,6.12,0.06775654755451772,-0.9975418769015834,0.0012510871086746282,independent_matrix_exponential
hot_0.74,0.74,6.13,0.0677440728210894,-0.9975429129926011,0.0012385694853218271,independent_matrix_exponential
hot_0.74,0.74,6.140000000000001,0.06773172289692346,-0.9975439379844526,0.0012261771599365234,independent_matrix_exponential
hot_0.74,0.74,6.15,0.06771949653282594,-0.9975449520018385,0.0012139088772939036,independent_matrix_exponential
hot_0.74,0.74,6.16,0.06770739249211477,-0.9975459551679577,0.0012017633947635107,independent_matrix_exponential
hot_0.74,0.74,6.17,0.06769540955049431,-0.9975469476045278,0.0011897394821824975,independent_matrix_exponential
hot_0.74,0.74,6.18,0.06768354649593113,-0.9975479294318034,0.0011778359217301622,independent_matrix_exponential
hot_0.74,0.74,6.19,0.06767180212853101,-0.997548900768596,0.0011660515078037881,independent_matrix_exponential
hot_0.74,0.74,6.2,0.06766017526041722,-0.997549861732293,0.001154385046895647,independent_matrix_exponential
hot_0.74,0.74,6.21,0.06764866471561,-0.997550812438876,0.0011428353574713303,independent_matrix_exponential
hot_0.74,0.74,6.22,0.06763726932990725,-0.9975517530029391,0.0011314012698493275,independent_matrix_exponential
hot_0.74,0.74,6.23,0.06762598795076645,-0.9975526835377075,0.0011200816260817086,independent_matrix_exponential
hot_0.74,0.74,6.24,0.06761481943718772,-0.9975536041550547,0.0011088752798362085,independent_matrix_exponential
hot_0.74,0.74,6.25,0.0676037626595981,-0.9975545149655206,0.0010977810962792412,independent_matrix_exponential
hot_0.74,0.74,6.26,0.06759281649973692,-0.9975554160783284,0.001086797951960356,independent_matrix_exponential
hot_0.74,0.74,6.2700000000000005,0.06758197985054243,-0.9975563076014022,0.0010759247346976571,independent_matrix_exponential
hot_0.74,0.74,6.28,0.06757125161603951,-0.9975571896413834,0.0010651603434645638,independent_matrix_exponential
hot_0.74,0.74,6.29,0.06756063071122846,-0.9975580623036473,0.0010545036882775405,independent_matrix_exponential
hot_0.74,0.74,6.3,0.06755011606197502,-0.9975589256923199,0.001043953690085088,independent_matrix_exponential
hot_0.74,0.74,6.3100000000000005,0.06753970660490138,-0.9975597799102935,0.0010335092806578086,independent_matrix_exponential
hot_0.74,0.74,6.32,0.06752940128727838,-0.9975606250592433,0.0010231694024795568,independent_matrix_exponential
hot_0.74,0.74,6.33,0.06751919906691875,-0.997561461239642,0.0010129330086397883,independent_matrix_exponential
hot_0.74,0.74,6.34,0.06750909891207137,-0.9975622885507762,0.0010027990627268439,independent_matrix_exponential
hot_0.74,0.74,6.3500000000000005,0.06749909980131671,-0.9975631070907615,0.0009927665387224676,independent_matrix_exponential
hot_0.74,0.74,6.36,0.06748920072346325,-0.997563916956557,0.0009828344208972592,independent_matrix_exponential
hot_0.74,0.74,6.37,0.0674794006774449,-0.9975647182439809,0.0009730017037072918,independent_matrix_exponential
hot_0.74,0.74,6.38,0.06746969867221954,-0.9975655110477242,0.000963267391691682,independent_matrix_exponential
hot_0.74,0.74,6.390000000000001,0.06746009372666852,-0.9975662954613658,0.0009536304993712744,independent_matrix_exponential
hot_0.74,0.74,6.4,0.06745058486949722,-0.9975670715773866,0.000944090051148305,independent_matrix_exponential
hot_0.74,0.74,6.41,0.06744117113913653,-0.997567839487183,0.0009346450812070708,independent_matrix_exponential
hot_0.74,0.74,6.42,0.06743185158364537,-0.9975685992810813,0.000925294633415597,independent_matrix_exponential
hot_0.74,0.74,6.43,0.06742262526061422,-0.9975693510483512,0.0009160377612283705,independent_matrix_exponential
hot_0.74,0.74,6.44,0.06741349123706955,-0.9975700948772187,0.0009068735275899515,independent_matrix_exponential
hot_0.74,0.74,6.45,0.06740444858937926,-0.99757083085488,0.0008978010048396512,independent_matrix_exponential
hot_0.74,0.74,6.46,0.06739549640315905,-0.9975715590675142,0.0008888192746170862,independent_matrix_exponential
hot_0.74,0.74,6.47,0.06738663377317969,-0.9975722796002962,0.0008799274277687278,independent_matrix_exponential
hot_0.74,0.74,6.48,0.06737785980327533,-0.9975729925374093,0.00087112456425544,independent_matrix_exponential
hot_0.74,0.74,6.49,0.06736917360625268,-0.9975736979620581,0.0008624097930608905,independent_matrix_exponential
hot_0.74,0.74,6.5,0.06736057430380095,-0.9975743959564802,0.0008537822321008482,independent_matrix_exponential
hot_0.74,0.74,6.51,0.067352061026403,-0.9975750866019593,0.0008452410081335062,independent_matrix_exponential
hot_0.74,0.74,6.5200000000000005,0.06734363291324708,-0.9975757699788358,0.0008367852566706321,independent_matrix_exponential
hot_0.74,0.74,6.53,0.06733528911213969,-0.9975764461665201,0.000828414121889653,independent_matrix_exponential
hot_0.74,0.74,6.54,0.06732702877941915,-0.9975771152435035,0.0008201267565465487,independent_matrix_exponential
hot_0.74,0.74,6.55,0.0673188510798701,-0.9975777772873696,0.0008119223218897354,independent_matrix_exponential
hot_0.74,0.74,6.5600000000000005,0.0673107551866389,-0.9975784323748063,0.000803799987574778,independent_matrix_exponential
hot_0.74,0.74,6.57,0.06730274028114981,-0.9975790805816159,0.0007957589315799075,independent_matrix_exponential
hot_0.74,0.74,6.58,0.06729480555302204,-0.9975797219827277,0.0007877983401224226,independent_matrix_exponential
hot_0.74,0.74,6.59,0.06728695019998768,-0.9975803566522072,0.0007799174075760353,independent_matrix_exponential
hot_0.74,0.74,6.6000000000000005,0.06727917342781028,-0.9975809846632683,0.0007721153363888103,independent_matrix_exponential
hot_0.74,0.74,6.61,0.06727147445020457,-0.9975816060882827,0.0007643913370022362,independent_matrix_exponential
hot_0.74,0.74,6.62,0.06726385248875659,-0.9975822209987913,0.0007567446277708463,independent_matrix_exponential
hot_0.74,0.74,6.63,0.06725630677284494,-0.9975828294655139,0.0007491744348827909,independent_matrix_exponential
hot_0.74,0.74,6.640000000000001,0.0672488365395627,-0.9975834315583598,0.0007416799922811974,independent_matrix_exponential
hot_0.74,0.74,6.65,0.06724144103364009,-0.9975840273464373,0.0007342605415863023,independent_matrix_exponential
hot_0.74,0.74,6.66,0.06723411950736795,-0.997584616898064,0.0007269153320183323,independent_matrix_exponential
hot_0.74,0.74,6.67,0.06722687122052202,-0.9975852002807766,0.0007196436203212414,independent_matrix_exponential
hot_0.74,0.74,6.68,0.06721969544028795,-0.9975857775613401,0.0007124446706871521,independent_matrix_exponential
hot_0.74,0.74,6.69,0.06721259144118706,-0.9975863488057581,0.000705317754681601,independent_matrix_exponential
hot_0.74,0.74,6.7,0.06720555850500277,-0.9975869140792811,0.0006982621511694691,independent_matrix_exponential
hot_0.74,0.74,6.71,0.06719859592070801,-0.9975874734464166,0.0006912771462417987,independent_matrix_exponential
hot_0.74,0.74,6.72,0.067191702984393,-0.9975880269709378,0.0006843620331431437,independent_matrix_exponential
hot_0.74,0.74,6.73,0.0671848789991941,-0.9975885747158929,0.000677516112199842,independent_matrix_exponential
hot_0.74,0.74,6.74,0.06717812327522316,-0.9975891167436135,0.000670738690748913,independent_matrix_exponential
hot_0.74,0.74,6.75,0.06717143512949761,-0.9975896531157238,0.000664029083067684,independent_matrix_exponential
hot_0.74,0.74,6.76,0.06716481388587134,-0.997590183893149,0.0006573866103041142,independent_matrix_exponential
hot_0.74,0.74,6.7700000000000005,0.06715825887496618,-0.9975907091361242,0.0006508106004078509,independent_matrix_exponential
hot_0.74,0.74,6.78,0.06715176943410414,-0.9975912289042023,0.0006443003880620032,independent_matrix_exponential
hot_0.74,0.74,6.79,0.06714534490724022,-0.9975917432562624,0.0006378553146154783,independent_matrix_exponential
hot_0.74,0.74,6.8,0.06713898464489605,-0.9975922522505183,0.0006314747280161929,independent_matrix_exponential
hot_0.74,0.74,6.8100000000000005,0.06713268800409407,-0.9975927559445265,0.0006251579827447573,independent_matrix_exponential
hot_0.74,0.74,6.82,0.0671264543482924,-0.9975932543951935,0.0006189044397489941,independent_matrix_exponential
hot_0.74,0.74,6.83,0.0671202830473204,-0.9975937476587851,0.0006127134663789704,independent_matrix_exponential
hot_0.74,0.74,6.84,0.06711417347731485,-0.9975942357909324,0.0006065844363228173,independent_matrix_exponential
hot_0.74,0.74,6.8500000000000005,0.06710812502065679,-0.9975947188466411,0.0006005167295431109,independent_matrix_exponential
hot_0.74,0.74,6.86,0.06710213706590888,-0.9975951968802977,0.0005945097322138843,independent_matrix_exponential
hot_0.74,0.74,6.87,0.06709620900775365,-0.997595669945678,0.0005885628366583801,independent_matrix_exponential
hot_0.74,0.74,6.88,0.06709034024693203,-0.9975961380959539,0.0005826754412872592,independent_matrix_exponential
hot_0.74,0.74,6.890000000000001,0.0670845301901828,-0.9975966013837008,0.0005768469505376192,independent_matrix_exponential
hot_0.74,0.74,6.9,0.06707877825018246,-0.9975970598609044,0.0005710767748124892,independent_matrix_exponential
hot_0.74,0.74,6.91,0.06707308384548574,-0.9975975135789688,0.0005653643304209441,independent_matrix_exponential
hot_0.74,0.74,6.92,0.0670674464004668,-0.9975979625887221,0.000559709039518957,independent_matrix_exponential
hot_0.74,0.74,6.93,0.06706186534526085,-0.9975984069404248,0.0005541103300506029,independent_matrix_exponential
hot_0.74,0.74,6.94,0.06705634011570652,-0.9975988466837751,0.0005485676356901316,independent_matrix_exponential
hot_0.74,0.74,6.95,0.06705087015328876,-0.9975992818679166,0.0005430803957844302,independent_matrix_exponential
hot_0.74,0.74,6.96,0.0670454549050822,-0.9975997125414447,0.000537648055296086,independent_matrix_exponential
hot_0.74,0.74,6.97,0.06704009382369525,-0.997600138752413,0.0005322700647471305,independent_matrix_exponential
hot_0.74,0.74,6.98,0.06703478636721465,-0.99760056054834,0.000526945880163203,independent_matrix_exponential
hot_0.74,0.74,6.99,0.0670295319991506,-0.9976009779762148,0.0005216749630184179,independent_matrix_exponential
hot_0.74,0.74,7.0,0.0670243301883825,-0.9976013910825046,0.0005164567801806822,independent_matrix_exponential
hot_0.74,0.74,7.01,0.06701918040910511,-0.9976017999131596,0.0005112908038576095,independent_matrix_exponential
hot_0.74,0.74,7.0200000000000005,0.06701408214077532,-0.9976022045136199,0.0005061765115429225,independent_matrix_exponential
hot_0.74,0.74,7.03,0.06700903486805956,-0.9976026049288216,0.0005011133859635335,independent_matrix_exponential
hot_0.74,0.74,7.04,0.0670040380807815,-0.9976030012032022,0.0004961009150269588,independent_matrix_exponential
hot_0.74,0.74,7.05,0.06699909127387046,-0.997603393380707,0.0004911385917694491,independent_matrix_exponential
hot_0.74,0.74,7.0600000000000005,0.06699419394731032,-0.9976037815047949,0.00048622591430447205,independent_matrix_exponential
hot_0.74,0.74,7.07,0.06698934560608887,-0.9976041656184435,0.0004813623857719271,independent_matrix_exponential
hot_0.74,0.74,7.08,0.06698454576014766,-0.9976045457641556,0.0004765475142875853,independent_matrix_exponential
hot_0.74,0.74,7.09,0.06697979392433248,-0.9976049219839643,0.00047178081289330875,independent_matrix_exponential
hot_0.74,0.74,7.1000000000000005,0.06697508961834422,-0.9976052943194389,0.0004670617995076277,independent_matrix_exponential
hot_0.74,0.74,7.11,0.06697043236669022,-0.9976056628116899,0.0004623899968767831,independent_matrix_exponential
hot_0.74,0.74,7.12,0.06696582169863619,-0.9976060275013746,0.00045776493252644744,independent_matrix_exponential
hot_0.74,0.74,7.13,0.06696125714815852,-0.9976063884287024,0.0004531861387136655,independent_matrix_exponential
hot_0.74,0.74,7.140000000000001,0.06695673825389717,-0.9976067456334402,0.0004486531523794883,independent_matrix_exponential
hot_0.74,0.74,7.15,0.06695226455910892,-0.9976070991549173,0.00044416551510202657,independent_matrix_exponential
hot_0.74,0.74,7.16,0.0669478356116212,-0.9976074490320306,0.00043972277304993394,independent_matrix_exponential
hot_0.74,0.74,7.17,0.06694345096378622,-0.99760779530325,0.00043532447693633446,independent_matrix_exponential
hot_0.74,0.74,7.18,0.06693911017243583,-0.9976081380066226,0.00043097018197339005,independent_matrix_exponential
hot_0.74,0.74,7.19,0.0669348127988365,-0.9976084771797786,0.00042665944782705877,independent_matrix_exponential
hot_0.74,0.74,7.2,0.06693055840864504,-0.9976088128599353,0.0004223918385725584,independent_matrix_exponential
hot_0.74,0.74,7.21,0.06692634657186458,-0.9976091450839025,0.0004181669226500692,independent_matrix_exponential
hot_0.74,0.74,7.22,0.06692217686280108,-0.997609473888087,0.00041398427282104,independent_matrix_exponential
hot_0.74,0.74,7.23,0.06691804886002026,-0.997609799308497,0.0004098434661248772,independent_matrix_exponential
hot_0.74,0.74,7.24,0.06691396214630489,-0.9976101213807472,0.00040574408383601705,independent_matrix_exponential
hot_0.74,0.74,7.25,0.06690991630861266,-0.9976104401400633,0.0004016857114214918,independent_matrix_exponential
hot_0.74,0.74,7.26,0.06690591093803433,-0.997610755621286,0.0003976679384989363,independent_matrix_exponential
hot_0.74,0.74,7.2700000000000005,0.06690194562975235,-0.9976110678588762,0.0003936903587949378,independent_matrix_exponential
hot_0.74,0.74,7.28,0.0668980199829999,-0.9976113768869187,0.0003897525701038813,independent_matrix_exponential
hot_0.74,0.74,7.29,0.06689413360102037,-0.997611682739127,0.0003858541742471576,independent_matrix_exponential
hot_0.74,0.74,7.3,0.06689028609102715,-0.9976119854488474,0.0003819947770328392,independent_matrix_exponential
hot_0.74,0.74,7.3100000000000005,0.06688647706416395,-0.9976122850490634,0.00037817398821566125,independent_matrix_exponential
hot_0.74,0.74,7.32,0.06688270613546543,-0.9976125815723993,0.00037439142145755913,independent_matrix_exponential
hot_0.74,0.74,7.33,0.0668789729238182,-0.9976128750511252,0.0003706466942883794,independent_matrix_exponential
hot_0.74,0.74,7.34,0.06687527705192232,-0.9976131655171603,0.0003669394280672426,independent_matrix_exponential
hot_0.74,0.74,7.3500000000000005,0.06687161814625314,-0.9976134530020776,0.0003632692479440965,independent_matrix_exponential
hot_0.74,0.74,7.36,0.06686799583702345,-0.9976137375371072,0.0003596357828217711,independent_matrix_exponential
hot_0.74,0.74,7.37,0.06686440975814606,-0.9976140191531409,0.00035603866531829604,independent_matrix_exponential
hot_0.74,0.74,7.38,0.06686085954719682,-0.9976142978807352,0.0003524775317297552,independent_matrix_exponential
hot_0.74,0.74,7.390000000000001,0.0668573448453779,-0.9976145737501161,0.0003489520219933583,independent_matrix_exponential
hot_0.74,0.74,7.4,0.06685386529748155,-0.9976148467911824,0.00034546177965101647,independent_matrix_exponential
hot_0.74,0.74,7.41,0.06685042055185408,-0.9976151170335092,0.00034200645181318583,independent_matrix_exponential
hot_0.74,0.74,7.42,0.06684701026036033,-0.9976153845063522,0.0003385856891230759,independent_matrix_exponential
hot_0.74,0.74,7.43,0.06684363407834844,-0.9976156492386506,0.00033519914572132335,independent_matrix_exponential
hot_0.74,0.74,7.44,0.06684029166461503,-0.9976159112590317,0.00033184647921090664,independent_matrix_exponential
hot_0.74,0.74,7.45,0.06683698268137057,-0.9976161705958131,0.00032852735062245247,independent_matrix_exponential
hot_0.74,0.74,7.46,0.06683370679420535,-0.9976164272770076,0.0003252414243798908,independent_matrix_exponential
hot_0.74,0.74,7.47,0.0668304636720555,-0.9976166813303255,0.00032198836826648447,independent_matrix_exponential
hot_0.74,0.74,7.48,0.06682725298716961,-0.9976169327831792,0.00031876785339110184,independent_matrix_exponential
hot_0.74,0.74,7.49,0.06682407441507554,-0.9976171816626852,0.00031557955415499356,independent_matrix_exponential
hot_0.74,0.74,7.5,0.0668209276345476,-0.9976174279956689,0.00031242314821873274,independent_matrix_exponential
hot_0.74,0.74,7.51,0.066817812327574,-0.9976176718086665,0.0003092983164695817,independent_matrix_exponential
hot_0.74,0.74,7.5200000000000005,0.06681472817932477,-0.9976179131279295,0.00030620474298914327,independent_matrix_exponential
hot_0.74,0.74,7.53,0.06681167487811988,-0.9976181519794269,0.0003031421150214555,independent_matrix_exponential
hot_0.74,0.74,7.54,0.06680865211539766,-0.9976183883888494,0.0003001101229411254,independent_matrix_exponential
hot_0.74,0.74,7.55,0.06680565958568367,-0.9976186223816116,0.00029710846022216466,independent_matrix_exponential
hot_0.74,0.74,7.5600000000000005,0.06680269698655973,-0.9976188539828555,0.0002941368234067921,independent_matrix_exponential
hot_0.74,0.74,7.57,0.06679976401863337,-0.9976190832174537,0.00029119491207478293,independent_matrix_exponential
hot_0.74,0.74,7.58,0.06679686038550754,-0.9976193101100123,0.0002882824288130056,independent_matrix_exponential
hot_0.74,0.74,7.59,0.06679398579375062,-0.9976195346848739,0.000285399079185274,independent_matrix_exponential
hot_0.74,0.74,7.6000000000000005,0.06679113995286676,-0.9976197569661203,0.00028254457170261155,independent_matrix_exponential
hot_0.74,0.74,7.61,0.06678832257526643,-0.997619976977576,0.0002797186177935976,independent_matrix_exponential
hot_0.74,0.74,7.62,0.06678553337623744,-0.9976201947428107,0.0002769209317752592,independent_matrix_exponential
hot_0.74,0.74,7.63,0.06678277207391607,-0.9976204102851423,0.0002741512308240949,independent_matrix_exponential
hot_0.74,0.74,7.640000000000001,0.06678003838925856,-0.9976206236276391,0.00027140923494740616,independent_matrix_exponential
hot_0.74,0.74,7.65,0.06677733204601291,-0.997620834793124,0.0002686946669549789,independent_matrix_exponential
hot_0.74,0.74,7.66,0.06677465277069093,-0.9976210438041757,0.00026600725243098347,independent_matrix_exponential
hot_0.74,0.74,7.67,0.06677200029254059,-0.9976212506831322,0.00026334671970622145,independent_matrix_exponential
hot_0.74,0.74,7.68,0.06676937434351861,-0.9976214554520938,0.0002607127998305666,independent_matrix_exponential
hot_0.74,0.74,7.69,0.06676677465826339,-0.9976216581329247,0.00025810522654579467,independent_matrix_exponential
hot_0.74,0.74,7.7,0.06676420097406811,-0.9976218587472568,0.0002555237362585217,independent_matrix_exponential
hot_0.74,0.74,7.71,0.06676165303085425,-0.9976220573164915,0.00025296806801364626,independent_matrix_exponential
hot_0.74,0.74,7.72,0.0667591305711452,-0.9976222538618025,0.0002504379634677937,independent_matrix_exponential
hot_0.74,0.74,7.73,0.06675663334004026,-0.9976224484041384,0.00024793316686324874,independent_matrix_exponential
hot_0.74,0.74,7.74,0.06675416108518885,-0.9976226409642253,0.00024545342500200643,independent_matrix_exponential
hot_0.74,0.74,7.75,0.06675171355676503,-0.9976228315625688,0.00024299848722018568,independent_matrix_exponential
hot_0.74,0.74,7.76,0.06674929050744215,-0.9976230202194569,0.0002405681053625933,independent_matrix_exponential
hot_0.74,0.74,7.7700000000000005,0.06674689169236793,-0.9976232069549625,0.00023816203375763692,independent_matrix_exponential
hot_0.74,0.74,7.78,0.06674451686913963,-0.9976233917889452,0.00023578002919243644,independent_matrix_exponential
hot_0.74,0.74,7.79,0.06674216579777957,-0.9976235747410542,0.0002334218508882176,independent_matrix_exponential
hot_0.74,0.74,7.8,0.06673983824071086,-0.9976237558307304,0.00023108726047591882,independent_matrix_exponential
hot_0.74,0.74,7.8100000000000005,0.06673753396273335,-0.9976239350772087,0.00022877602197203918,independent_matrix_exponential
hot_0.74,0.74,7.82,0.06673525273099988,-0.9976241124995203,0.00022648790175481257,independent_matrix_exponential
hot_0.74,0.74,7.83,0.0667329943149927,-0.9976242881164953,0.0002242226685404764,independent_matrix_exponential
hot_0.74,0.74,7.84,0.06673075848650019,-0.997624461946764,0.00022198009335992763,independent_matrix_exponential
hot_0.74,0.74,7.8500000000000005,0.06672854501959373,-0.9976246340087602,0.0002197599495354761,independent_matrix_exponential
hot_0.74,0.74,7.86,0.06672635369060495,-0.9976248043207225,0.0002175620126579956,independent_matrix_exponential
hot_0.74,0.74,7.87,0.066724184278103,-0.997624972900697,0.00021538606056409841,independent_matrix_exponential
hot_0.74,0.74,7.88,0.06672203656287225,-0.9976251397665391,0.00021323187331370063,independent_matrix_exponential
hot_0.74,0.74,7.890000000000001,0.06671991032789003,-0.9976253049359157,0.00021109923316776322,independent_matrix_exponential
hot_0.74,0.74,7.9,0.06671780535830481,-0.9976254684263074,0.00020898792456626596,independent_matrix_exponential
hot_0.74,0.74,7.91,0.06671572144141434,-0.9976256302550104,0.0002068977341063102,independent_matrix_exponential
hot_0.74,0.74,7.92,0.06671365836664424,-0.9976257904391382,0.0002048284505206211,independent_matrix_exponential
hot_0.74,0.74,7.930000000000001,0.06671161592552666,-0.9976259489956245,0.00020277986465609433,independent_matrix_exponential
hot_0.74,0.74,7.94,0.06670959391167923,-0.9976261059412241,0.00020075176945267472,independent_matrix_exponential
hot_0.74,0.74,7.95,0.06670759212078414,-0.9976262612925159,0.0001987439599223163,independent_matrix_exponential
hot_0.74,0.74,7.96,0.06670561035056755,-0.9976264150659037,0.00019675623312833692,independent_matrix_exponential
hot_0.74,0.74,7.97,0.06670364840077908,-0.9976265672776191,0.00019478838816482918,independent_matrix_exponential
hot_0.74,0.74,7.98,0.06670170607317161,-0.9976267179437228,0.00019284022613633365,independent_matrix_exponential
hot_0.74,0.74,7.99,0.06669978317148118,-0.9976268670801068,0.00019091155013768412,independent_matrix_exponential
hot_0.74,0.74,8.0,0.06669787950140718,-0.9976270147024962,0.00018900216523410953,independent_matrix_exponential
