state_index,real_energy,imaginary_energy
0,6.9074721818010065,-4.568920585780886e-10
1,6.9011983885226,-4.5689205858889666e-10
2,6.890753976704538,-4.5689205858349263e-10
3,6.8761567904492065,-4.5689205858349263e-10
4,6.857431768804455,-4.5689205858349263e-10
5,6.834610903155659,-4.5689205858349263e-10
6,6.807733182568983,-4.5689205858349263e-10
7,6.77684452717917,-4.5689205858349263e-10
8,6.741997709735814,-4.5689205858349263e-10
9,6.7032522654419715,-4.5689205858349263e-10
10,6.6606743902393,-4.5689205858349263e-10
11,6.614336827713327,-4.5689205858349263e-10
12,6.564318744812348,-4.5689205858349263e-10
13,6.51070559659196,-4.5689205858349263e-10
14,6.453588980216564,-4.5689205858349263e-10
15,6.39306647846717,-4.5689205858349263e-10
16,6.3292414930226615,-4.5689205858349263e-10
17,6.2622230678001385,-4.5689205858349263e-10
18,6.192125702654883,-4.5689205858349263e-10
19,6.1190691577592915,-4.5689205858349263e-10
20,6.043178248994951,-4.5689205858349263e-10
21,5.964582634706351,-4.5689205858349263e-10
22,5.883416594182153,-4.5689205858349263e-10
23,5.79981879824102,-4.5689205858349263e-10
24,5.7139320723150275,-4.5689205858349263e-10
25,5.62590315243469,-4.5689205858349263e-10
26,5.535882434532981,-4.5689205858349263e-10
27,5.444023717496364,-4.5689205858349263e-10
28,5.350483940402015,-4.5689205858349263e-10
29,5.255422914389998,-4.5689205858349263e-10
30,5.159003049628649,-4.5689205858349263e-10
31,5.0613890778395,-4.5689205858349263e-10
32,4.962747770855934,-4.5689205858349263e-10
33,4.86324765569624,-4.5689205858349263e-10
34,4.7630587266381115,-4.5689205858349263e-10
35,4.662352154786212,-4.5689205858349263e-10
36,4.561299995629231,-4.5689205858349263e-10
37,4.460074895085983,-4.5689205858349263e-10
38,4.358849794542738,-4.5689205858349263e-10
39,4.2577976353857565,-4.5689205858349263e-10
40,4.157091063533855,-4.5689205858349263e-10
41,4.056902134475726,-4.5689205858349263e-10
42,3.957402019316038,-4.5689205858349263e-10
43,3.8587607123324643,-4.5689205858349263e-10
44,3.76114674054332,-4.5689205858349263e-10
45,3.6647268757819687,-4.5689205858349263e-10
46,3.569665849769951,-4.5689205858349263e-10
47,3.476126072675603,-4.5689205858349263e-10
48,2.012677608370969,-4.5689205858349263e-10
49,2.018951401649368,-4.5689205858349263e-10
50,2.0293958134674326,-4.5689205858349263e-10
51,2.0439929997227684,-4.5689205858349263e-10
52,2.0627180213675205,-4.5689205858349263e-10
53,2.085538887016309,-4.5689205858349263e-10
54,2.1124166076029907,-4.5689205858349263e-10
55,2.143305262992804,-4.5689205858349263e-10
56,2.1781520804361563,-4.5689205858349263e-10
57,2.216897524729994,-4.5689205858349263e-10
58,2.2594753999326724,-4.5689205858349263e-10
59,2.305812962458646,-4.5689205858349263e-10
60,2.3558310453596274,-4.5689205858349263e-10
61,2.40944419358,-4.5689205858349263e-10
62,2.4665608099553924,-4.5689205858349263e-10
63,2.527083311704824,-4.5689205858349263e-10
64,2.590908297149298,-4.5689205858349263e-10
65,2.6579267223718226,-4.5689205858349263e-10
66,2.728024087517107,-4.5689205858349263e-10
67,3.384267355638988,-4.5689205858349263e-10
68,2.801080632412665,-4.5689205858349263e-10
69,2.876971541177014,-4.5689205858349263e-10
70,2.955567155465607,-4.5689205858349263e-10
71,3.036733195989819,-4.5689205858349263e-10
72,3.1203309919309463,-4.5689205858349263e-10
73,3.294246637737275,-4.5689205858349263e-10
74,3.2062177178569415,-4.5689205858349263e-10
75,6.8810262607695964,1.4287537436380265e-09
76,6.87475246749119,1.4287537436272186e-09
77,6.864308055673128,1.4287537436326226e-09
78,6.849710869417796,1.4287537436326226e-09
79,6.830985847773045,1.4287537436326226e-09
80,6.808164982124249,1.4287537436326226e-09
81,6.781287261537573,1.4287537436326226e-09
82,6.75039860614776,1.4287537436326226e-09
83,6.715551788704404,1.4287537436326226e-09
84,6.676806344410561,1.4287537436326226e-09
85,6.63422846920789,1.4287537436326226e-09
86,6.587890906681917,1.4287537436326226e-09
87,6.537872823780938,1.4287537436326226e-09
88,6.4842596755605495,1.4287537436326226e-09
89,6.427143059185154,1.4287537436326226e-09
90,6.36662055743576,1.4287537436326226e-09
91,6.302795571991251,1.4287537436326226e-09
92,6.235777146768728,1.4287537436326226e-09
93,6.1656797816234725,1.4287537436326226e-09
94,6.092623236727881,1.4287537436326226e-09
95,6.016732327963541,1.4287537436326226e-09
96,5.938136713674941,1.4287537436326226e-09
97,5.856970673150743,1.4287537436326226e-09
98,5.77337287720961,1.4287537436326226e-09
99,5.6874861512836175,1.4287537436326226e-09
100,5.59945723140328,1.4287537436326226e-09
101,5.509436513501571,1.4287537436326226e-09
102,5.417577796464954,1.4287537436326226e-09
103,5.3240380193706045,1.4287537436326226e-09
104,5.228976993358588,1.4287537436326226e-09
105,5.132557128597239,1.4287537436326226e-09
106,5.03494315680809,1.4287537436326226e-09
107,4.936301849824524,1.4287537436326226e-09
108,4.83680173466483,1.4287537436326226e-09
109,4.736612805606701,1.4287537436326226e-09
110,4.635906233754802,1.4287537436326226e-09
111,4.5348540745978205,1.4287537436326226e-09
112,4.433628974054573,1.4287537436326226e-09
113,4.3324038735113275,1.4287537436326226e-09
114,4.231351714354346,1.4287537436326226e-09
115,4.130645142502445,1.4287537436326226e-09
116,4.030456213444316,1.4287537436326226e-09
117,3.930956098284628,1.4287537436326226e-09
118,3.8323147913010542,1.4287537436326226e-09
119,3.73470081951191,1.4287537436326226e-09
120,3.6382809547505586,1.4287537436326226e-09
121,3.543219928738541,1.4287537436326226e-09
122,3.449680151644193,1.4287537436326226e-09
123,1.9862316873395591,1.4287537436326226e-09
124,1.9925054806179578,1.4287537436326226e-09
125,2.0029498924360225,1.4287537436326226e-09
126,2.0175470786913583,1.4287537436326226e-09
127,2.0362721003361104,1.4287537436326226e-09
128,2.059092965984899,1.4287537436326226e-09
129,2.0859706865715806,1.4287537436326226e-09
130,2.116859341961394,1.4287537436326226e-09
131,2.151706159404746,1.4287537436326226e-09
132,2.190451603698584,1.4287537436326226e-09
133,2.2330294789012624,1.4287537436326226e-09
134,2.279367041427236,1.4287537436326226e-09
135,2.3293851243282173,1.4287537436326226e-09
136,2.38299827254859,1.4287537436326226e-09
137,2.4401148889239823,1.4287537436326226e-09
138,2.500637390673414,1.4287537436326226e-09
139,2.5644623761178877,1.4287537436326226e-09
140,2.6314808013404125,1.4287537436326226e-09
141,2.701578166485697,1.4287537436326226e-09
142,3.357821434607578,1.4287537436326226e-09
143,2.774634711381255,1.4287537436326226e-09
144,2.850525620145604,1.4287537436326226e-09
145,2.929121234434197,1.4287537436326226e-09
146,3.010287274958409,1.4287537436326226e-09
147,3.0938850708995362,1.4287537436326226e-09
148,3.267800716705865,1.4287537436326226e-09
149,3.1797717968255315,1.4287537436326226e-09
150,6.837114233742003,-1.7829833617813186e-09
151,6.8308404404635965,-1.7829833617921266e-09
152,6.8203960286455345,-1.7829833617867226e-09
153,6.805798842390203,-1.7829833617867226e-09
154,6.7870738207454515,-1.7829833617867226e-09
155,6.764252955096656,-1.7829833617867226e-09
156,6.7373752345099795,-1.7829833617867226e-09
157,6.706486579120167,-1.7829833617867226e-09
158,6.67163976167681,-1.7829833617867226e-09
159,6.632894317382968,-1.7829833617867226e-09
160,6.590316442180296,-1.7829833617867226e-09
161,6.543978879654324,-1.7829833617867226e-09
162,6.493960796753345,-1.7829833617867226e-09
163,6.440347648532956,-1.7829833617867226e-09
164,6.3832310321575605,-1.7829833617867226e-09
165,6.322708530408167,-1.7829833617867226e-09
166,6.258883544963658,-1.7829833617867226e-09
167,6.191865119741135,-1.7829833617867226e-09
168,6.121767754595879,-1.7829833617867226e-09
169,6.048711209700288,-1.7829833617867226e-09
170,5.972820300935948,-1.7829833617867226e-09
171,5.894224686647347,-1.7829833617867226e-09
172,5.8130586461231495,-1.7829833617867226e-09
173,5.729460850182017,-1.7829833617867226e-09
174,5.643574124256024,-1.7829833617867226e-09
175,5.5555452043756866,-1.7829833617867226e-09
176,5.465524486473978,-1.7829833617867226e-09
177,5.373665769437361,-1.7829833617867226e-09
178,5.280125992343011,-1.7829833617867226e-09
179,5.1850649663309945,-1.7829833617867226e-09
180,5.088645101569646,-1.7829833617867226e-09
181,4.991031129780497,-1.7829833617867226e-09
182,4.892389822796931,-1.7829833617867226e-09
183,4.7928897076372365,-1.7829833617867226e-09
184,4.692700778579108,-1.7829833617867226e-09
185,4.591994206727208,-1.7829833617867226e-09
186,4.490942047570227,-1.7829833617867226e-09
187,4.3897169470269795,-1.7829833617867226e-09
188,4.288491846483734,-1.7829833617867226e-09
189,4.187439687326753,-1.7829833617867226e-09
190,4.086733115474852,-1.7829833617867226e-09
191,3.986544186416723,-1.7829833617867226e-09
192,3.887044071257035,-1.7829833617867226e-09
193,3.788402764273461,-1.7829833617867226e-09
194,3.690788792484317,-1.7829833617867226e-09
195,3.5943689277229653,-1.7829833617867226e-09
196,3.4993079017109476,-1.7829833617867226e-09
197,3.4057681246166,-1.7829833617867226e-09
198,1.942319660311966,-1.7829833617867226e-09
199,1.9485934535903646,-1.7829833617867226e-09
200,1.9590378654084293,-1.7829833617867226e-09
201,1.973635051663765,-1.7829833617867226e-09
202,1.9923600733085172,-1.7829833617867226e-09
203,2.0151809389573057,-1.7829833617867226e-09
204,2.0420586595439874,-1.7829833617867226e-09
205,2.072947314933801,-1.7829833617867226e-09
206,2.107794132377153,-1.7829833617867226e-09
207,2.1465395766709907,-1.7829833617867226e-09
208,2.189117451873669,-1.7829833617867226e-09
209,2.235455014399643,-1.7829833617867226e-09
210,2.285473097300624,-1.7829833617867226e-09
211,2.339086245520997,-1.7829833617867226e-09
212,2.396202861896389,-1.7829833617867226e-09
213,2.4567253636458206,-1.7829833617867226e-09
214,2.5205503490902945,-1.7829833617867226e-09
215,2.5875687743128193,-1.7829833617867226e-09
216,2.6576661394581036,-1.7829833617867226e-09
217,3.3139094075799846,-1.7829833617867226e-09
218,2.730722684353662,-1.7829833617867226e-09
219,2.8066135931180107,-1.7829833617867226e-09
220,2.8852092074066036,-1.7829833617867226e-09
221,2.9663752479308156,-1.7829833617867226e-09
222,3.049973043871943,-1.7829833617867226e-09
223,3.223888689678272,-1.7829833617867226e-09
224,3.1358597697979382,-1.7829833617867226e-09
225,6.775981581818115,-6.201953992820463e-11
226,6.769707788539709,-6.201953993901273e-11
227,6.759263376721647,-6.201953993360868e-11
228,6.744666190466315,-6.201953993360868e-11
229,6.725941168821564,-6.201953993360868e-11
230,6.703120303172768,-6.201953993360868e-11
231,6.676242582586092,-6.201953993360868e-11
232,6.645353927196279,-6.201953993360868e-11
233,6.610507109752922,-6.201953993360868e-11
234,6.57176166545908,-6.201953993360868e-11
235,6.5291837902564085,-6.201953993360868e-11
236,6.482846227730436,-6.201953993360868e-11
237,6.432828144829457,-6.201953993360868e-11
238,6.379214996609068,-6.201953993360868e-11
239,6.3220983802336725,-6.201953993360868e-11
240,6.261575878484279,-6.201953993360868e-11
241,6.19775089303977,-6.201953993360868e-11
242,6.130732467817247,-6.201953993360868e-11
243,6.060635102671991,-6.201953993360868e-11
244,5.9875785577764,-6.201953993360868e-11
245,5.91168764901206,-6.201953993360868e-11
246,5.833092034723459,-6.201953993360868e-11
247,5.7519259941992615,-6.201953993360868e-11
248,5.668328198258129,-6.201953993360868e-11
249,5.582441472332136,-6.201953993360868e-11
250,5.494412552451799,-6.201953993360868e-11
251,5.40439183455009,-6.201953993360868e-11
252,5.312533117513473,-6.201953993360868e-11
253,5.218993340419123,-6.201953993360868e-11
254,5.1239323144071065,-6.201953993360868e-11
255,5.027512449645758,-6.201953993360868e-11
256,4.929898477856609,-6.201953993360868e-11
257,4.831257170873043,-6.201953993360868e-11
258,4.731757055713349,-6.201953993360868e-11
259,4.63156812665522,-6.201953993360868e-11
260,4.53086155480332,-6.201953993360868e-11
261,4.429809395646339,-6.201953993360868e-11
262,4.3285842951030915,-6.201953993360868e-11
263,4.227359194559846,-6.201953993360868e-11
264,4.126307035402865,-6.201953993360868e-11
265,4.025600463550964,-6.201953993360868e-11
266,3.925411534492835,-6.201953993360868e-11
267,3.825911419333147,-6.201953993360868e-11
268,3.727270112349573,-6.201953993360868e-11
269,3.629656140560429,-6.201953993360868e-11
270,3.5332362757990774,-6.201953993360868e-11
271,3.4381752497870597,-6.201953993360868e-11
272,3.344635472692712,-6.201953993360868e-11
273,1.881187008388078,-6.201953993360868e-11
274,1.8874608016664767,-6.201953993360868e-11
275,1.8979052134845413,-6.201953993360868e-11
276,1.9125023997398771,-6.201953993360868e-11
277,1.9312274213846292,-6.201953993360868e-11
278,1.9540482870334177,-6.201953993360868e-11
279,1.9809260076200994,-6.201953993360868e-11
280,2.011814663009913,-6.201953993360868e-11
281,2.046661480453265,-6.201953993360868e-11
282,2.0854069247471028,-6.201953993360868e-11
283,2.127984799949781,-6.201953993360868e-11
284,2.174322362475755,-6.201953993360868e-11
285,2.224340445376736,-6.201953993360868e-11
286,2.277953593597109,-6.201953993360868e-11
287,2.335070209972501,-6.201953993360868e-11
288,2.3955927117219327,-6.201953993360868e-11
289,2.4594176971664066,-6.201953993360868e-11
290,2.5264361223889313,-6.201953993360868e-11
291,2.5965334875342156,-6.201953993360868e-11
292,3.2527767556560967,-6.201953993360868e-11
293,2.669590032429774,-6.201953993360868e-11
294,2.745480941194123,-6.201953993360868e-11
295,2.8240765554827156,-6.201953993360868e-11
296,2.9052425960069277,-6.201953993360868e-11
297,2.988840391948055,-6.201953993360868e-11
298,3.162756037754384,-6.201953993360868e-11
299,3.0747271178740503,-6.201953993360868e-11
300,6.697970037825946,5.497882377022061e-09
301,6.69169624454754,5.497882377011253e-09
302,6.681251832729476,5.497882377016657e-09
303,6.666654646474145,5.497882377016657e-09
304,6.647929624829394,5.497882377016657e-09
305,6.625108759180598,5.497882377016657e-09
306,6.598231038593923,5.497882377016657e-09
307,6.5673423832041085,5.497882377016657e-09
308,6.532495565760753,5.497882377016657e-09
309,6.4937501214669116,5.497882377016657e-09
310,6.451172246264239,5.497882377016657e-09
311,6.404834683738265,5.497882377016657e-09
312,6.354816600837287,5.497882377016657e-09
313,6.3012034526169,5.497882377016657e-09
314,6.244086836241502,5.497882377016657e-09
315,6.183564334492109,5.497882377016657e-09
316,6.119739349047601,5.497882377016657e-09
317,6.052720923825078,5.497882377016657e-09
318,5.982623558679822,5.497882377016657e-09
319,5.909567013784231,5.497882377016657e-09
320,5.83367610501989,5.497882377016657e-09
321,5.75508049073129,5.497882377016657e-09
322,5.673914450207092,5.497882377016657e-09
323,5.590316654265959,5.497882377016657e-09
324,5.504429928339967,5.497882377016657e-09
325,5.416401008459628,5.497882377016657e-09
326,5.326380290557921,5.497882377016657e-09
327,5.234521573521303,5.497882377016657e-09
328,5.140981796426954,5.497882377016657e-09
329,5.045920770414937,5.497882377016657e-09
330,4.949500905653588,5.497882377016657e-09
331,4.8518869338644395,5.497882377016657e-09
332,4.753245626880873,5.497882377016657e-09
333,4.653745511721178,5.497882377016657e-09
334,4.553556582663051,5.497882377016657e-09
335,4.452850010811151,5.497882377016657e-09
336,4.35179785165417,5.497882377016657e-09
337,4.250572751110922,5.497882377016657e-09
338,4.149347650567677,5.497882377016657e-09
339,4.048295491410696,5.497882377016657e-09
340,3.9475889195587937,5.497882377016657e-09
341,3.8473999905006653,5.497882377016657e-09
342,3.7478998753409773,5.497882377016657e-09
343,3.6492585683574035,5.497882377016657e-09
344,3.5516445965682593,5.497882377016657e-09
345,3.455224731806908,5.497882377016657e-09
346,3.36016370579489,5.497882377016657e-09
347,3.2666239287005423,5.497882377016657e-09
348,1.8031754643959084,5.497882377016657e-09
349,1.809449257674307,5.497882377016657e-09
350,1.8198936694923717,5.497882377016657e-09
351,1.8344908557477075,5.497882377016657e-09
352,1.8532158773924596,5.497882377016657e-09
353,1.8760367430412481,5.497882377016657e-09
354,1.9029144636279298,5.497882377016657e-09
355,1.9338031190177434,5.497882377016657e-09
356,1.9686499364610954,5.497882377016657e-09
357,2.007395380754933,5.497882377016657e-09
358,2.0499732559576116,5.497882377016657e-09
359,2.0963108184835852,5.497882377016657e-09
360,2.1463289013845666,5.497882377016657e-09
361,2.1999420496049393,5.497882377016657e-09
362,2.2570586659803316,5.497882377016657e-09
363,2.317581167729763,5.497882377016657e-09
364,2.381406153174237,5.497882377016657e-09
365,2.4484245783967618,5.497882377016657e-09
366,2.518521943542046,5.497882377016657e-09
367,3.174765211663927,5.497882377016657e-09
368,2.5915784884376043,5.497882377016657e-09
369,2.667469397201953,5.497882377016657e-09
370,2.746065011490546,5.497882377016657e-09
371,2.827231052014758,5.497882377016657e-09
372,2.9108288479558855,5.497882377016657e-09
373,3.0847444937622144,5.497882377016657e-09
374,2.9967155738818807,5.497882377016657e-09
375,6.603514827575871,-1.491714798709499e-08
376,6.597241034297465,-1.4917147987105797e-08
377,6.586796622479401,-1.4917147987100394e-08
378,6.57219943622407,-1.4917147987100394e-08
379,6.553474414579319,-1.4917147987100394e-08
380,6.530653548930523,-1.4917147987100394e-08
381,6.503775828343848,-1.4917147987100394e-08
382,6.472887172954033,-1.4917147987100394e-08
383,6.438040355510678,-1.4917147987100394e-08
384,6.3992949112168365,-1.4917147987100394e-08
385,6.356717036014164,-1.4917147987100394e-08
386,6.31037947348819,-1.4917147987100394e-08
387,6.260361390587212,-1.4917147987100394e-08
388,6.2067482423668245,-1.4917147987100394e-08
389,6.149631625991427,-1.4917147987100394e-08
390,6.089109124242034,-1.4917147987100394e-08
391,6.025284138797526,-1.4917147987100394e-08
392,5.958265713575003,-1.4917147987100394e-08
393,5.888168348429747,-1.4917147987100394e-08
394,5.815111803534156,-1.4917147987100394e-08
395,5.739220894769815,-1.4917147987100394e-08
396,5.660625280481215,-1.4917147987100394e-08
397,5.579459239957017,-1.4917147987100394e-08
398,5.495861444015884,-1.4917147987100394e-08
399,5.409974718089892,-1.4917147987100394e-08
400,5.321945798209553,-1.4917147987100394e-08
401,5.231925080307846,-1.4917147987100394e-08
402,5.140066363271228,-1.4917147987100394e-08
403,5.046526586176879,-1.4917147987100394e-08
404,4.951465560164862,-1.4917147987100394e-08
405,4.855045695403513,-1.4917147987100394e-08
406,4.757431723614364,-1.4917147987100394e-08
407,4.658790416630798,-1.4917147987100394e-08
408,4.559290301471103,-1.4917147987100394e-08
409,4.4591013724129756,-1.4917147987100394e-08
410,4.358394800561076,-1.4917147987100394e-08
411,4.257342641404095,-1.4917147987100394e-08
412,4.156117540860847,-1.4917147987100394e-08
413,4.054892440317602,-1.4917147987100394e-08
414,3.9538402811606206,-1.4917147987100394e-08
415,3.8531337093087186,-1.4917147987100394e-08
416,3.75294478025059,-1.4917147987100394e-08
417,3.6534446650909023,-1.4917147987100394e-08
418,3.5548033581073284,-1.4917147987100394e-08
419,3.457189386318184,-1.4917147987100394e-08
420,3.3607695215568327,-1.4917147987100394e-08
421,3.265708495544815,-1.4917147987100394e-08
422,3.172168718450467,-1.4917147987100394e-08
423,1.7087202541458333,-1.4917147987100394e-08
424,1.714994047424232,-1.4917147987100394e-08
425,1.7254384592422967,-1.4917147987100394e-08
426,1.7400356454976325,-1.4917147987100394e-08
427,1.7587606671423845,-1.4917147987100394e-08
428,1.781581532791173,-1.4917147987100394e-08
429,1.8084592533778547,-1.4917147987100394e-08
430,1.8393479087676683,-1.4917147987100394e-08
431,1.8741947262110203,-1.4917147987100394e-08
432,1.912940170504858,-1.4917147987100394e-08
433,1.9555180457075365,-1.4917147987100394e-08
434,2.00185560823351,-1.4917147987100394e-08
435,2.0518736911344915,-1.4917147987100394e-08
436,2.1054868393548642,-1.4917147987100394e-08
437,2.1626034557302565,-1.4917147987100394e-08
438,2.223125957479688,-1.4917147987100394e-08
439,2.286950942924162,-1.4917147987100394e-08
440,2.3539693681466867,-1.4917147987100394e-08
441,2.424066733291971,-1.4917147987100394e-08
442,3.080310001413852,-1.4917147987100394e-08
443,2.497123278187529,-1.4917147987100394e-08
444,2.573014186951878,-1.4917147987100394e-08
445,2.651609801240471,-1.4917147987100394e-08
446,2.732775841764683,-1.4917147987100394e-08
447,2.8163736377058104,-1.4917147987100394e-08
448,2.9902892835121393,-1.4917147987100394e-08
449,2.9022603636318056,-1.4917147987100394e-08
450,6.493142546370337,2.7311339034446247e-08
451,6.486868753091931,2.731133903443544e-08
452,6.476424341273868,2.7311339034440844e-08
453,6.461827155018536,2.7311339034440844e-08
454,6.4431021333737855,2.7311339034440844e-08
455,6.42028126772499,2.7311339034440844e-08
456,6.393403547138314,2.7311339034440844e-08
457,6.3625148917485,2.7311339034440844e-08
458,6.327668074305144,2.7311339034440844e-08
459,6.288922630011303,2.7311339034440844e-08
460,6.24634475480863,2.7311339034440844e-08
461,6.200007192282657,2.7311339034440844e-08
462,6.1499891093816785,2.7311339034440844e-08
463,6.096375961161291,2.7311339034440844e-08
464,6.0392593447858935,2.7311339034440844e-08
465,5.978736843036501,2.7311339034440844e-08
466,5.914911857591992,2.7311339034440844e-08
467,5.847893432369469,2.7311339034440844e-08
468,5.777796067224213,2.7311339034440844e-08
469,5.704739522328622,2.7311339034440844e-08
470,5.628848613564282,2.7311339034440844e-08
471,5.550252999275681,2.7311339034440844e-08
472,5.469086958751483,2.7311339034440844e-08
473,5.385489162810351,2.7311339034440844e-08
474,5.299602436884358,2.7311339034440844e-08
475,5.21157351700402,2.7311339034440844e-08
476,5.121552799102313,2.7311339034440844e-08
477,5.029694082065695,2.7311339034440844e-08
478,4.936154304971345,2.7311339034440844e-08
479,4.841093278959328,2.7311339034440844e-08
480,4.74467341419798,2.7311339034440844e-08
481,4.647059442408831,2.7311339034440844e-08
482,4.548418135425265,2.7311339034440844e-08
483,4.44891802026557,2.7311339034440844e-08
484,4.348729091207442,2.7311339034440844e-08
485,4.248022519355542,2.7311339034440844e-08
486,4.146970360198561,2.7311339034440844e-08
487,4.045745259655313,2.7311339034440844e-08
488,3.944520159112068,2.7311339034440844e-08
489,3.843467999955087,2.7311339034440844e-08
490,3.742761428103185,2.7311339034440844e-08
491,3.6425724990450568,2.7311339034440844e-08
492,3.543072383885369,2.7311339034440844e-08
493,3.444431076901795,2.7311339034440844e-08
494,3.3468171051126507,2.7311339034440844e-08
495,3.2503972403512993,2.7311339034440844e-08
496,3.1553362143392816,2.7311339034440844e-08
497,3.0617964372449338,2.7311339034440844e-08
498,1.5983479729402998,2.7311339034440844e-08
499,1.6046217662186986,2.7311339034440844e-08
500,1.6150661780367632,2.7311339034440844e-08
501,1.629663364292099,2.7311339034440844e-08
502,1.648388385936851,2.7311339034440844e-08
503,1.6712092515856396,2.7311339034440844e-08
504,1.6980869721723213,2.7311339034440844e-08
505,1.7289756275621349,2.7311339034440844e-08
506,1.763822445005487,2.7311339034440844e-08
507,1.8025678892993247,2.7311339034440844e-08
508,1.845145764502003,2.7311339034440844e-08
509,1.8914833270279767,2.7311339034440844e-08
510,1.941501409928958,2.7311339034440844e-08
511,1.9951145581493308,2.7311339034440844e-08
512,2.052231174524723,2.7311339034440844e-08
513,2.1127536762741546,2.7311339034440844e-08
514,2.1765786617186285,2.7311339034440844e-08
515,2.2435970869411532,2.7311339034440844e-08
516,2.3136944520864375,2.7311339034440844e-08
517,2.9699377202083186,2.7311339034440844e-08
518,2.3867509969819958,2.7311339034440844e-08
519,2.4626419057463447,2.7311339034440844e-08
520,2.5412375200349375,2.7311339034440844e-08
521,2.6224035605591496,2.7311339034440844e-08
522,2.706001356500277,2.7311339034440844e-08
523,2.879917002306606,2.7311339034440844e-08
524,2.791888082426272,2.7311339034440844e-08
525,6.367466972330023,-4.066827710495455e-08
526,6.361193179051616,-4.0668277104965365e-08
527,6.350748767233554,-4.066827710495996e-08
528,6.336151580978223,-4.066827710495996e-08
529,6.317426559333471,-4.066827710495996e-08
530,6.294605693684676,-4.066827710495996e-08
531,6.267727973097999,-4.066827710495996e-08
532,6.236839317708187,-4.066827710495996e-08
533,6.20199250026483,-4.066827710495996e-08
534,6.163247055970988,-4.066827710495996e-08
535,6.120669180768316,-4.066827710495996e-08
536,6.0743316182423435,-4.066827710495996e-08
537,6.024313535341364,-4.066827710495996e-08
538,5.970700387120976,-4.066827710495996e-08
539,5.91358377074558,-4.066827710495996e-08
540,5.8530612689961865,-4.066827710495996e-08
541,5.789236283551678,-4.066827710495996e-08
542,5.722217858329155,-4.066827710495996e-08
543,5.652120493183899,-4.066827710495996e-08
544,5.579063948288308,-4.066827710495996e-08
545,5.5031730395239675,-4.066827710495996e-08
546,5.424577425235367,-4.066827710495996e-08
547,5.343411384711169,-4.066827710495996e-08
548,5.259813588770037,-4.066827710495996e-08
549,5.173926862844044,-4.066827710495996e-08
550,5.085897942963706,-4.066827710495996e-08
551,4.995877225061998,-4.066827710495996e-08
552,4.904018508025381,-4.066827710495996e-08
553,4.810478730931031,-4.066827710495996e-08
554,4.715417704919014,-4.066827710495996e-08
555,4.6189978401576655,-4.066827710495996e-08
556,4.521383868368517,-4.066827710495996e-08
557,4.4227425613849505,-4.066827710495996e-08
558,4.323242446225256,-4.066827710495996e-08
559,4.223053517167128,-4.066827710495996e-08
560,4.122346945315228,-4.066827710495996e-08
561,4.021294786158247,-4.066827710495996e-08
562,3.920069685614999,-4.066827710495996e-08
563,3.818844585071754,-4.066827710495996e-08
564,3.717792425914773,-4.066827710495996e-08
565,3.617085854062871,-4.066827710495996e-08
566,3.5168969250047426,-4.066827710495996e-08
567,3.4173968098450547,-4.066827710495996e-08
568,3.318755502861481,-4.066827710495996e-08
569,3.2211415310723366,-4.066827710495996e-08
570,3.124721666310985,-4.066827710495996e-08
571,3.0296606402989674,-4.066827710495996e-08
572,2.9361208632046196,-4.066827710495996e-08
573,1.4726723988999857,-4.066827710495996e-08
574,1.4789461921783844,-4.066827710495996e-08
575,1.489390603996449,-4.066827710495996e-08
576,1.5039877902517849,-4.066827710495996e-08
577,1.522712811896537,-4.066827710495996e-08
578,1.5455336775453254,-4.066827710495996e-08
579,1.5724113981320071,-4.066827710495996e-08
580,1.6033000535218207,-4.066827710495996e-08
581,1.6381468709651728,-4.066827710495996e-08
582,1.6768923152590105,-4.066827710495996e-08
583,1.719470190461689,-4.066827710495996e-08
584,1.7658077529876626,-4.066827710495996e-08
585,1.8158258358886439,-4.066827710495996e-08
586,1.8694389841090167,-4.066827710495996e-08
587,1.9265556004844089,-4.066827710495996e-08
588,1.9870781022338404,-4.066827710495996e-08
589,2.0509030876783143,-4.066827710495996e-08
590,2.117921512900839,-4.066827710495996e-08
591,2.1880188780461234,-4.066827710495996e-08
592,2.8442621461680044,-4.066827710495996e-08
593,2.2610754229416816,-4.066827710495996e-08
594,2.3369663317060305,-4.066827710495996e-08
595,2.4155619459946234,-4.066827710495996e-08
596,2.4967279865188354,-4.066827710495996e-08
597,2.580325782459963,-4.066827710495996e-08
598,2.7542414282662917,-4.066827710495996e-08
599,2.666212508385958,-4.066827710495996e-08
600,6.227186048280208,5.284312739839465e-08
601,6.220912255001801,5.284312739838384e-08
602,6.210467843183739,5.2843127398389244e-08
603,6.195870656928408,5.2843127398389244e-08
604,6.177145635283656,5.2843127398389244e-08
605,6.154324769634861,5.2843127398389244e-08
606,6.127447049048184,5.2843127398389244e-08
607,6.096558393658372,5.2843127398389244e-08
608,6.061711576215015,5.2843127398389244e-08
609,6.022966131921173,5.2843127398389244e-08
610,5.980388256718501,5.2843127398389244e-08
611,5.934050694192528,5.2843127398389244e-08
612,5.884032611291549,5.2843127398389244e-08
613,5.830419463071161,5.2843127398389244e-08
614,5.773302846695765,5.2843127398389244e-08
615,5.712780344946371,5.2843127398389244e-08
616,5.648955359501863,5.2843127398389244e-08
617,5.58193693427934,5.2843127398389244e-08
618,5.511839569134084,5.2843127398389244e-08
619,5.438783024238493,5.2843127398389244e-08
620,5.3628921154741525,5.2843127398389244e-08
621,5.284296501185552,5.2843127398389244e-08
622,5.203130460661354,5.2843127398389244e-08
623,5.1195326647202215,5.2843127398389244e-08
624,5.033645938794229,5.2843127398389244e-08
625,4.945617018913891,5.2843127398389244e-08
626,4.8555963010121825,5.2843127398389244e-08
627,4.763737583975566,5.2843127398389244e-08
628,4.670197806881216,5.2843127398389244e-08
629,4.575136780869199,5.2843127398389244e-08
630,4.47871691610785,5.2843127398389244e-08
631,4.381102944318702,5.2843127398389244e-08
632,4.282461637335135,5.2843127398389244e-08
633,4.182961522175441,5.2843127398389244e-08
634,4.082772593117313,5.2843127398389244e-08
635,3.982066021265413,5.2843127398389244e-08
636,3.881013862108432,5.2843127398389244e-08
637,3.7797887615651837,5.2843127398389244e-08
638,3.678563661021939,5.2843127398389244e-08
639,3.577511501864958,5.2843127398389244e-08
640,3.476804930013056,5.2843127398389244e-08
641,3.3766160009549275,5.2843127398389244e-08
642,3.2771158857952396,5.2843127398389244e-08
643,3.1784745788116657,5.2843127398389244e-08
644,3.0808606070225215,5.2843127398389244e-08
645,2.98444074226117,5.2843127398389244e-08
646,2.8893797162491524,5.2843127398389244e-08
647,2.7958399391548046,5.2843127398389244e-08
648,1.3323914748501706,5.2843127398389244e-08
649,1.3386652681285693,5.2843127398389244e-08
650,1.349109679946634,5.2843127398389244e-08
651,1.3637068662019698,5.2843127398389244e-08
652,1.3824318878467219,5.2843127398389244e-08
653,1.4052527534955104,5.2843127398389244e-08
654,1.432130474082192,5.2843127398389244e-08
655,1.4630191294720056,5.2843127398389244e-08
656,1.4978659469153577,5.2843127398389244e-08
657,1.5366113912091954,5.2843127398389244e-08
658,1.5791892664118738,5.2843127398389244e-08
659,1.6255268289378475,5.2843127398389244e-08
660,1.6755449118388288,5.2843127398389244e-08
661,1.7291580600592016,5.2843127398389244e-08
662,1.7862746764345938,5.2843127398389244e-08
663,1.8467971781840253,5.2843127398389244e-08
664,1.9106221636284995,5.2843127398389244e-08
665,1.9776405888510242,5.2843127398389244e-08
666,2.0477379539963083,5.2843127398389244e-08
667,2.7039812221181894,5.2843127398389244e-08
668,2.1207944988918666,5.2843127398389244e-08
669,2.1966854076562154,5.2843127398389244e-08
670,2.2752810219448083,5.2843127398389244e-08
671,2.3564470624690204,5.2843127398389244e-08
672,2.4400448584101477,5.2843127398389244e-08
673,2.6139605042164766,5.2843127398389244e-08
674,2.525931584336143,5.2843127398389244e-08
675,6.073076273540952,-6.220243978002006e-08
676,6.066802480262546,-6.220243978003086e-08
677,6.056358068444483,-6.220243978002546e-08
678,6.041760882189152,-6.220243978002546e-08
679,6.0230358605444,-6.220243978002546e-08
680,6.000214994895606,-6.220243978002546e-08
681,5.973337274308929,-6.220243978002546e-08
682,5.942448618919116,-6.220243978002546e-08
683,5.90760180147576,-6.220243978002546e-08
684,5.868856357181918,-6.220243978002546e-08
685,5.826278481979246,-6.220243978002546e-08
686,5.7799409194532725,-6.220243978002546e-08
687,5.729922836552294,-6.220243978002546e-08
688,5.676309688331906,-6.220243978002546e-08
689,5.619193071956509,-6.220243978002546e-08
690,5.558670570207116,-6.220243978002546e-08
691,5.494845584762607,-6.220243978002546e-08
692,5.427827159540085,-6.220243978002546e-08
693,5.357729794394829,-6.220243978002546e-08
694,5.284673249499237,-6.220243978002546e-08
695,5.208782340734897,-6.220243978002546e-08
696,5.130186726446297,-6.220243978002546e-08
697,5.049020685922098,-6.220243978002546e-08
698,4.9654228899809665,-6.220243978002546e-08
699,4.879536164054973,-6.220243978002546e-08
700,4.791507244174635,-6.220243978002546e-08
701,4.7014865262729275,-6.220243978002546e-08
702,4.6096278092363105,-6.220243978002546e-08
703,4.51608803214196,-6.220243978002546e-08
704,4.421027006129944,-6.220243978002546e-08
705,4.324607141368595,-6.220243978002546e-08
706,4.226993169579447,-6.220243978002546e-08
707,4.12835186259588,-6.220243978002546e-08
708,4.028851747436185,-6.220243978002546e-08
709,3.9286628183780574,-6.220243978002546e-08
710,3.8279562465261576,-6.220243978002546e-08
711,3.7269040873691766,-6.220243978002546e-08
712,3.6256789868259283,-6.220243978002546e-08
713,3.5244538862826835,-6.220243978002546e-08
714,3.4234017271257025,-6.220243978002546e-08
715,3.3226951552738004,-6.220243978002546e-08
716,3.222506226215672,-6.220243978002546e-08
717,3.123006111055984,-6.220243978002546e-08
718,3.0243648040724103,-6.220243978002546e-08
719,2.926750832283266,-6.220243978002546e-08
720,2.8303309675219146,-6.220243978002546e-08
721,2.735269941509897,-6.220243978002546e-08
722,2.6417301644155486,-6.220243978002546e-08
723,1.1782817001109152,-6.220243978002546e-08
724,1.1845554933893139,-6.220243978002546e-08
725,1.1949999052073785,-6.220243978002546e-08
726,1.2095970914627143,-6.220243978002546e-08
727,1.2283221131074664,-6.220243978002546e-08
728,1.251142978756255,-6.220243978002546e-08
729,1.2780206993429366,-6.220243978002546e-08
730,1.3089093547327502,-6.220243978002546e-08
731,1.3437561721761022,-6.220243978002546e-08
732,1.38250161646994,-6.220243978002546e-08
733,1.4250794916726184,-6.220243978002546e-08
734,1.471417054198592,-6.220243978002546e-08
735,1.5214351370995733,-6.220243978002546e-08
736,1.5750482853199461,-6.220243978002546e-08
737,1.6321649016953383,-6.220243978002546e-08
738,1.6926874034447699,-6.220243978002546e-08
739,1.756512388889244,-6.220243978002546e-08
740,1.8235308141117688,-6.220243978002546e-08
741,1.8936281792570526,-6.220243978002546e-08
742,2.5498714473789343,-6.220243978002546e-08
743,1.966684724152611,-6.220243978002546e-08
744,2.04257563291696,-6.220243978002546e-08
745,2.121171247205553,-6.220243978002546e-08
746,2.2023372877297644,-6.220243978002546e-08
747,2.2859350836708923,-6.220243978002546e-08
748,2.459850729477221,-6.220243978002546e-08
749,2.3718218095968875,-6.220243978002546e-08
750,5.905989065734898,6.772758474586447e-08
751,5.899715272456492,6.772758474585367e-08
752,5.88927086063843,6.772758474585907e-08
753,5.874673674383098,6.772758474585907e-08
754,5.855948652738347,6.772758474585907e-08
755,5.833127787089551,6.772758474585907e-08
756,5.806250066502875,6.772758474585907e-08
757,5.775361411113062,6.772758474585907e-08
758,5.7405145936697055,6.772758474585907e-08
759,5.701769149375863,6.772758474585907e-08
760,5.659191274173192,6.772758474585907e-08
761,5.612853711647219,6.772758474585907e-08
762,5.56283562874624,6.772758474585907e-08
763,5.509222480525851,6.772758474585907e-08
764,5.452105864150456,6.772758474585907e-08
765,5.391583362401062,6.772758474585907e-08
766,5.327758376956553,6.772758474585907e-08
767,5.26073995173403,6.772758474585907e-08
768,5.190642586588774,6.772758474585907e-08
769,5.117586041693183,6.772758474585907e-08
770,5.041695132928843,6.772758474585907e-08
771,4.9630995186402425,6.772758474585907e-08
772,4.881933478116045,6.772758474585907e-08
773,4.798335682174912,6.772758474585907e-08
774,4.712448956248919,6.772758474585907e-08
775,4.624420036368582,6.772758474585907e-08
776,4.534399318466873,6.772758474585907e-08
777,4.442540601430256,6.772758474585907e-08
778,4.349000824335906,6.772758474585907e-08
779,4.25393979832389,6.772758474585907e-08
780,4.157519933562541,6.772758474585907e-08
781,4.059905961773392,6.772758474585907e-08
782,3.961264654789826,6.772758474585907e-08
783,3.861764539630131,6.772758474585907e-08
784,3.7615756105720033,6.772758474585907e-08
785,3.6608690387201035,6.772758474585907e-08
786,3.5598168795631224,6.772758474585907e-08
787,3.458591779019874,6.772758474585907e-08
788,3.3573666784766294,6.772758474585907e-08
789,3.2563145193196483,6.772758474585907e-08
790,3.1556079474677463,6.772758474585907e-08
791,3.055419018409618,6.772758474585907e-08
792,2.95591890324993,6.772758474585907e-08
793,2.857277596266356,6.772758474585907e-08
794,2.759663624477212,6.772758474585907e-08
795,2.6632437597158605,6.772758474585907e-08
796,2.5681827337038428,6.772758474585907e-08
797,2.474642956609495,6.772758474585907e-08
798,1.011194492304861,6.772758474585907e-08
799,1.0174682855832597,6.772758474585907e-08
800,1.0279126974013244,6.772758474585907e-08
801,1.0425098836566602,6.772758474585907e-08
802,1.0612349053014123,6.772758474585907e-08
803,1.0840557709502008,6.772758474585907e-08
804,1.1109334915368825,6.772758474585907e-08
805,1.141822146926696,6.772758474585907e-08
806,1.176668964370048,6.772758474585907e-08
807,1.2154144086638858,6.772758474585907e-08
808,1.2579922838665643,6.772758474585907e-08
809,1.304329846392538,6.772758474585907e-08
810,1.3543479292935192,6.772758474585907e-08
811,1.407961077513892,6.772758474585907e-08
812,1.4650776938892842,6.772758474585907e-08
813,1.5256001956387157,6.772758474585907e-08
814,1.5894251810831899,6.772758474585907e-08
815,1.6564436063057146,6.772758474585907e-08
816,1.7265409714509985,6.772758474585907e-08
817,2.3827842395728798,6.772758474585907e-08
818,1.799597516346557,6.772758474585907e-08
819,1.8754884251109059,6.772758474585907e-08
820,1.9540840393994987,6.772758474585907e-08
821,2.0352500799237108,6.772758474585907e-08
822,2.118847875864838,6.772758474585907e-08
823,2.292763521671167,6.772758474585907e-08
824,2.2047346017908334,6.772758474585907e-08
825,5.726843716116986,-6.886282273895634e-08
826,5.72056992283858,-6.886282273896714e-08
827,5.710125511020516,-6.886282273896174e-08
828,5.695528324765185,-6.886282273896174e-08
829,5.676803303120434,-6.886282273896174e-08
830,5.6539824374716385,-6.886282273896174e-08
831,5.627104716884963,-6.886282273896174e-08
832,5.596216061495149,-6.886282273896174e-08
833,5.561369244051793,-6.886282273896174e-08
834,5.522623799757952,-6.886282273896174e-08
835,5.480045924555279,-6.886282273896174e-08
836,5.433708362029305,-6.886282273896174e-08
837,5.383690279128327,-6.886282273896174e-08
838,5.33007713090794,-6.886282273896174e-08
839,5.272960514532542,-6.886282273896174e-08
840,5.212438012783149,-6.886282273896174e-08
841,5.148613027338641,-6.886282273896174e-08
842,5.081594602116118,-6.886282273896174e-08
843,5.011497236970862,-6.886282273896174e-08
844,4.938440692075271,-6.886282273896174e-08
845,4.86254978331093,-6.886282273896174e-08
846,4.78395416902233,-6.886282273896174e-08
847,4.702788128498132,-6.886282273896174e-08
848,4.619190332556999,-6.886282273896174e-08
849,4.533303606631007,-6.886282273896174e-08
850,4.445274686750668,-6.886282273896174e-08
851,4.355253968848961,-6.886282273896174e-08
852,4.2633952518123435,-6.886282273896174e-08
853,4.169855474717994,-6.886282273896174e-08
854,4.074794448705977,-6.886282273896174e-08
855,3.9783745839446287,-6.886282273896174e-08
856,3.88076061215548,-6.886282273896174e-08
857,3.7821193051719133,-6.886282273896174e-08
858,3.6826191900122187,-6.886282273896174e-08
859,3.582430260954091,-6.886282273896174e-08
860,3.481723689102191,-6.886282273896174e-08
861,3.38067152994521,-6.886282273896174e-08
862,3.2794464294019616,-6.886282273896174e-08
863,3.178221328858717,-6.886282273896174e-08
864,3.077169169701736,-6.886282273896174e-08
865,2.976462597849834,-6.886282273896174e-08
866,2.8762736687917054,-6.886282273896174e-08
867,2.7767735536320175,-6.886282273896174e-08
868,2.6781322466484436,-6.886282273896174e-08
869,2.5805182748592994,-6.886282273896174e-08
870,2.484098410097948,-6.886282273896174e-08
871,2.3890373840859302,-6.886282273896174e-08
872,2.2954976069915825,-6.886282273896174e-08
873,0.8320491426869485,-6.886282273896174e-08
874,0.8383229359653472,-6.886282273896174e-08
875,0.8487673477834119,-6.886282273896174e-08
876,0.8633645340387477,-6.886282273896174e-08
877,0.8820895556834998,-6.886282273896174e-08
878,0.9049104213322883,-6.886282273896174e-08
879,0.93178814191897,-6.886282273896174e-08
880,0.9626767973087835,-6.886282273896174e-08
881,0.9975236147521356,-6.886282273896174e-08
882,1.0362690590459733,-6.886282273896174e-08
883,1.0788469342486517,-6.886282273896174e-08
884,1.1251844967746254,-6.886282273896174e-08
885,1.1752025796756067,-6.886282273896174e-08
886,1.2288157278959795,-6.886282273896174e-08
887,1.2859323442713717,-6.886282273896174e-08
888,1.3464548460208032,-6.886282273896174e-08
889,1.4102798314652774,-6.886282273896174e-08
890,1.4772982566878021,-6.886282273896174e-08
891,1.547395621833086,-6.886282273896174e-08
892,2.2036388899549673,-6.886282273896174e-08
893,1.6204521667286444,-6.886282273896174e-08
894,1.6963430754929933,-6.886282273896174e-08
895,1.7749386897815862,-6.886282273896174e-08
896,1.856104730305798,-6.886282273896174e-08
897,1.9397025262469256,-6.886282273896174e-08
898,2.1136181720532545,-6.886282273896174e-08
899,2.025589252172921,-6.886282273896174e-08
900,5.536623321301917,6.550539089629373e-08
901,5.530349528023511,6.550539089628293e-08
902,5.519905116205448,6.550539089628833e-08
903,5.505307929950117,6.550539089628833e-08
904,5.486582908305365,6.550539089628833e-08
905,5.463762042656571,6.550539089628833e-08
906,5.436884322069894,6.550539089628833e-08
907,5.405995666680081,6.550539089628833e-08
908,5.371148849236725,6.550539089628833e-08
909,5.332403404942883,6.550539089628833e-08
910,5.289825529740211,6.550539089628833e-08
911,5.243487967214238,6.550539089628833e-08
912,5.193469884313259,6.550539089628833e-08
913,5.139856736092871,6.550539089628833e-08
914,5.082740119717474,6.550539089628833e-08
915,5.0222176179680815,6.550539089628833e-08
916,4.958392632523572,6.550539089628833e-08
917,4.89137420730105,6.550539089628833e-08
918,4.821276842155794,6.550539089628833e-08
919,4.748220297260202,6.550539089628833e-08
920,4.6723293884958625,6.550539089628833e-08
921,4.593733774207262,6.550539089628833e-08
922,4.512567733683063,6.550539089628833e-08
923,4.428969937741932,6.550539089628833e-08
924,4.343083211815938,6.550539089628833e-08
925,4.2550542919356005,6.550539089628833e-08
926,4.165033574033893,6.550539089628833e-08
927,4.073174856997276,6.550539089628833e-08
928,3.9796350799029256,6.550539089628833e-08
929,3.8845740538909093,6.550539089628833e-08
930,3.7881541891295605,6.550539089628833e-08
931,3.690540217340412,6.550539089628833e-08
932,3.5918989103568455,6.550539089628833e-08
933,3.4923987951971505,6.550539089628833e-08
934,3.3922098661390225,6.550539089628833e-08
935,3.2915032942871227,6.550539089628833e-08
936,3.1904511351301417,6.550539089628833e-08
937,3.0892260345868934,6.550539089628833e-08
938,2.9880009340436486,6.550539089628833e-08
939,2.8869487748866676,6.550539089628833e-08
940,2.7862422030347656,6.550539089628833e-08
941,2.686053273976637,6.550539089628833e-08
942,2.5865531588169492,6.550539089628833e-08
943,2.4879118518333754,6.550539089628833e-08
944,2.390297880044231,6.550539089628833e-08
945,2.2938780152828797,6.550539089628833e-08
946,2.198816989270862,6.550539089628833e-08
947,2.1052772121765138,6.550539089628833e-08
948,0.6418287478718803,6.550539089628833e-08
949,0.648102541150279,6.550539089628833e-08
950,0.6585469529683436,6.550539089628833e-08
951,0.6731441392236794,6.550539089628833e-08
952,0.6918691608684315,6.550539089628833e-08
953,0.71469002651722,6.550539089628833e-08
954,0.7415677471039017,6.550539089628833e-08
955,0.7724564024937153,6.550539089628833e-08
956,0.8073032199370673,6.550539089628833e-08
957,0.8460486642309051,6.550539089628833e-08
958,0.8886265394335835,6.550539089628833e-08
959,0.9349641019595571,6.550539089628833e-08
960,0.9849821848605385,6.550539089628833e-08
961,1.0385953330809112,6.550539089628833e-08
962,1.0957119494563035,6.550539089628833e-08
963,1.156234451205735,6.550539089628833e-08
964,1.220059436650209,6.550539089628833e-08
965,1.2870778618727339,6.550539089628833e-08
966,1.3571752270180177,6.550539089628833e-08
967,2.0134184951398995,6.550539089628833e-08
968,1.4302317719135762,6.550539089628833e-08
969,1.506122680677925,6.550539089628833e-08
970,1.584718294966518,6.550539089628833e-08
971,1.6658843354907298,6.550539089628833e-08
972,1.7494821314318574,6.550539089628833e-08
973,1.9233977772381863,6.550539089628833e-08
974,1.8353688573578526,6.550539089628833e-08
975,5.3363665147173815,-5.8158011269480366e-08
976,5.330092721438975,-5.815801126949118e-08
977,5.319648309620913,-5.815801126948577e-08
978,5.3050511233655815,-5.815801126948577e-08
979,5.28632610172083,-5.815801126948577e-08
980,5.263505236072034,-5.815801126948577e-08
981,5.236627515485358,-5.815801126948577e-08
982,5.205738860095545,-5.815801126948577e-08
983,5.170892042652189,-5.815801126948577e-08
984,5.1321465983583465,-5.815801126948577e-08
985,5.089568723155675,-5.815801126948577e-08
986,5.043231160629702,-5.815801126948577e-08
987,4.993213077728723,-5.815801126948577e-08
988,4.939599929508335,-5.815801126948577e-08
989,4.882483313132939,-5.815801126948577e-08
990,4.821960811383545,-5.815801126948577e-08
991,4.7581358259390365,-5.815801126948577e-08
992,4.6911174007165135,-5.815801126948577e-08
993,4.621020035571258,-5.815801126948577e-08
994,4.5479634906756665,-5.815801126948577e-08
995,4.472072581911326,-5.815801126948577e-08
996,4.393476967622726,-5.815801126948577e-08
997,4.312310927098528,-5.815801126948577e-08
998,4.228713131157395,-5.815801126948577e-08
999,4.1428264052314026,-5.815801126948577e-08
1000,4.054797485351065,-5.815801126948577e-08
1001,3.9647767674493566,-5.815801126948577e-08
1002,3.8729180504127396,-5.815801126948577e-08
1003,3.7793782733183896,-5.815801126948577e-08
1004,3.6843172473063728,-5.815801126948577e-08
1005,3.5878973825450244,-5.815801126948577e-08
1006,3.490283410755876,-5.815801126948577e-08
1007,3.391642103772309,-5.815801126948577e-08
1008,3.2921419886126144,-5.815801126948577e-08
1009,3.1919530595544865,-5.815801126948577e-08
1010,3.0912464877025867,-5.815801126948577e-08
1011,2.9901943285456056,-5.815801126948577e-08
1012,2.8889692280023573,-5.815801126948577e-08
1013,2.7877441274591126,-5.815801126948577e-08
1014,2.6866919683021315,-5.815801126948577e-08
1015,2.5859853964502295,-5.815801126948577e-08
1016,2.485796467392101,-5.815801126948577e-08
1017,2.386296352232413,-5.815801126948577e-08
1018,2.2876550452488393,-5.815801126948577e-08
1019,2.190041073459695,-5.815801126948577e-08
1020,2.0936212086983437,-5.815801126948577e-08
1021,1.998560182686326,-5.815801126948577e-08
1022,1.905020405591978,-5.815801126948577e-08
1023,0.4415719412873442,-5.815801126948577e-08
1024,0.44784573456574295,-5.815801126948577e-08
1025,0.4582901463838076,-5.815801126948577e-08
1026,0.4728873326391434,-5.815801126948577e-08
1027,0.4916123542838955,-5.815801126948577e-08
1028,0.514433219932684,-5.815801126948577e-08
1029,0.5413109405193657,-5.815801126948577e-08
1030,0.5721995959091792,-5.815801126948577e-08
1031,0.6070464133525313,-5.815801126948577e-08
1032,0.645791857646369,-5.815801126948577e-08
1033,0.6883697328490475,-5.815801126948577e-08
1034,0.7347072953750211,-5.815801126948577e-08
1035,0.7847253782760024,-5.815801126948577e-08
1036,0.8383385264963752,-5.815801126948577e-08
1037,0.8954551428717674,-5.815801126948577e-08
1038,0.9559776446211989,-5.815801126948577e-08
1039,1.019802630065673,-5.815801126948577e-08
1040,1.0868210552881978,-5.815801126948577e-08
1041,1.1569184204334817,-5.815801126948577e-08
1042,1.8131616885553632,-5.815801126948577e-08
1043,1.2299749653290402,-5.815801126948577e-08
1044,1.305865874093389,-5.815801126948577e-08
1045,1.384461488381982,-5.815801126948577e-08
1046,1.4656275289061937,-5.815801126948577e-08
1047,1.5492253248473213,-5.815801126948577e-08
1048,1.7231409706536502,-5.815801126948577e-08
1049,1.6351120507733166,-5.815801126948577e-08
1050,5.127162989739196,4.796927736160577e-08
1051,5.12088919646079,4.796927736159496e-08
1052,5.110444784642727,4.796927736160037e-08
1053,5.095847598387396,4.796927736160037e-08
1054,5.077122576742644,4.796927736160037e-08
1055,5.054301711093849,4.796927736160037e-08
1056,5.027423990507173,4.796927736160037e-08
1057,4.996535335117359,4.796927736160037e-08
1058,4.961688517674004,4.796927736160037e-08
1059,4.922943073380162,4.796927736160037e-08
1060,4.88036519817749,4.796927736160037e-08
1061,4.834027635651516,4.796927736160037e-08
1062,4.784009552750538,4.796927736160037e-08
1063,4.73039640453015,4.796927736160037e-08
1064,4.673279788154753,4.796927736160037e-08
1065,4.61275728640536,4.796927736160037e-08
1066,4.548932300960851,4.796927736160037e-08
1067,4.481913875738329,4.796927736160037e-08
1068,4.411816510593073,4.796927736160037e-08
1069,4.338759965697481,4.796927736160037e-08
1070,4.262869056933141,4.796927736160037e-08
1071,4.184273442644541,4.796927736160037e-08
1072,4.103107402120342,4.796927736160037e-08
1073,4.01950960617921,4.796927736160037e-08
1074,3.9336228802532167,4.796927736160037e-08
1075,3.845593960372879,4.796927736160037e-08
1076,3.755573242471171,4.796927736160037e-08
1077,3.6637145254345542,4.796927736160037e-08
1078,3.570174748340204,4.796927736160037e-08
1079,3.475113722328188,4.796927736160037e-08
1080,3.378693857566839,4.796927736160037e-08
1081,3.2810798857776904,4.796927736160037e-08
1082,3.182438578794124,4.796927736160037e-08
1083,3.082938463634429,4.796927736160037e-08
1084,2.982749534576301,4.796927736160037e-08
1085,2.8820429627244013,4.796927736160037e-08
1086,2.7809908035674202,4.796927736160037e-08
1087,2.679765703024172,4.796927736160037e-08
1088,2.578540602480927,4.796927736160037e-08
1089,2.477488443323946,4.796927736160037e-08
1090,2.376781871472044,4.796927736160037e-08
1091,2.2765929424139157,4.796927736160037e-08
1092,2.177092827254228,4.796927736160037e-08
1093,2.078451520270654,4.796927736160037e-08
1094,1.9808375484815097,4.796927736160037e-08
1095,1.8844176837201583,4.796927736160037e-08
1096,1.7893566577081406,4.796927736160037e-08
1097,1.6958168806137925,4.796927736160037e-08
1098,0.23236841630915883,4.796927736160037e-08
1099,0.23864220958755755,4.796927736160037e-08
1100,0.2490866214056222,4.796927736160037e-08
1101,0.263683807660958,4.796927736160037e-08
1102,0.2824088293057101,4.796927736160037e-08
1103,0.3052296949544986,4.796927736160037e-08
1104,0.3321074155411803,4.796927736160037e-08
1105,0.36299607093099384,4.796927736160037e-08
1106,0.3978428883743459,4.796927736160037e-08
1107,0.43658833266818364,4.796927736160037e-08
1108,0.47916620787086206,4.796927736160037e-08
1109,0.5255037703968357,4.796927736160037e-08
1110,0.575521853297817,4.796927736160037e-08
1111,0.6291350015181898,4.796927736160037e-08
1112,0.686251617893582,4.796927736160037e-08
1113,0.7467741196430135,4.796927736160037e-08
1114,0.8105991050874877,4.796927736160037e-08
1115,0.8776175303100124,4.796927736160037e-08
1116,0.9477148954552963,4.796927736160037e-08
1117,1.6039581635771778,4.796927736160037e-08
1118,1.0207714403508548,4.796927736160037e-08
1119,1.0966623491152037,4.796927736160037e-08
1120,1.1752579634037965,4.796927736160037e-08
1121,1.2564240039280083,4.796927736160037e-08
1122,1.340021799869136,4.796927736160037e-08
1123,1.5139374456754648,4.796927736160037e-08
1124,1.4259085257951312,4.796927736160037e-08
1125,4.91014445025871,-3.6503212802863336e-08
1126,4.903870656980304,-3.650321280287415e-08
1127,4.893426245162241,-3.650321280286874e-08
1128,4.878829058906909,-3.650321280286874e-08
1129,4.8601040372621584,-3.650321280286874e-08
1130,4.837283171613363,-3.650321280286874e-08
1131,4.810405451026687,-3.650321280286874e-08
1132,4.779516795636873,-3.650321280286874e-08
1133,4.744669978193517,-3.650321280286874e-08
1134,4.705924533899676,-3.650321280286874e-08
1135,4.663346658697003,-3.650321280286874e-08
1136,4.61700909617103,-3.650321280286874e-08
1137,4.5669910132700515,-3.650321280286874e-08
1138,4.513377865049664,-3.650321280286874e-08
1139,4.4562612486742665,-3.650321280286874e-08
1140,4.395738746924874,-3.650321280286874e-08
1141,4.331913761480365,-3.650321280286874e-08
1142,4.264895336257842,-3.650321280286874e-08
1143,4.194797971112586,-3.650321280286874e-08
1144,4.121741426216995,-3.650321280286874e-08
1145,4.045850517452655,-3.650321280286874e-08
1146,3.9672549031640543,-3.650321280286874e-08
1147,3.8860888626398564,-3.650321280286874e-08
1148,3.8024910666987237,-3.650321280286874e-08
1149,3.716604340772731,-3.650321280286874e-08
1150,3.628575420892393,-3.650321280286874e-08
1151,3.538554702990685,-3.650321280286874e-08
1152,3.4466959859540682,-3.650321280286874e-08
1153,3.353156208859718,-3.650321280286874e-08
1154,3.2580951828477014,-3.650321280286874e-08
1155,3.161675318086353,-3.650321280286874e-08
1156,3.0640613462972044,-3.650321280286874e-08
1157,2.9654200393136376,-3.650321280286874e-08
1158,2.865919924153943,-3.650321280286874e-08
1159,2.765730995095815,-3.650321280286874e-08
1160,2.6650244232439153,-3.650321280286874e-08
1161,2.5639722640869342,-3.650321280286874e-08
1162,2.462747163543686,-3.650321280286874e-08
1163,2.361522063000441,-3.650321280286874e-08
1164,2.26046990384346,-3.650321280286874e-08
1165,2.159763331991558,-3.650321280286874e-08
1166,2.0595744029334297,-3.650321280286874e-08
1167,1.9600742877737418,-3.650321280286874e-08
1168,1.861432980790168,-3.650321280286874e-08
1169,1.7638190090010237,-3.650321280286874e-08
1170,1.6673991442396723,-3.650321280286874e-08
1171,1.5723381182276546,-3.650321280286874e-08
1172,1.4787983411333065,-3.650321280286874e-08
1173,0.015349876828672837,-3.650321280286874e-08
1174,0.021623670107071558,-3.650321280286874e-08
1175,0.032068081925136216,-3.650321280286874e-08
1176,0.04666526818047201,-3.650321280286874e-08
1177,0.0653902898252241,-3.650321280286874e-08
1178,0.08821115547401259,-3.650321280286874e-08
1179,0.11508887606069429,-3.650321280286874e-08
1180,0.14597753145050785,-3.650321280286874e-08
1181,0.1808243488938599,-3.650321280286874e-08
1182,0.21956979318769765,-3.650321280286874e-08
1183,0.26214766839037607,-3.650321280286874e-08
1184,0.3084852309163497,-3.650321280286874e-08
1185,0.358503313817331,-3.650321280286874e-08
1186,0.4121164620377038,-3.650321280286874e-08
1187,0.469233078413096,-3.650321280286874e-08
1188,0.5297555801625276,-3.650321280286874e-08
1189,0.5935805656070017,-3.650321280286874e-08
1190,0.6605989908295264,-3.650321280286874e-08
1191,0.7306963559748103,-3.650321280286874e-08
1192,1.3869396240966918,-3.650321280286874e-08
1193,0.8037529008703688,-3.650321280286874e-08
1194,0.8796438096347177,-3.650321280286874e-08
1195,0.9582394239233105,-3.650321280286874e-08
1196,1.0394054644475224,-3.650321280286874e-08
1197,1.12300326038865,-3.650321280286874e-08
1198,1.2969189061949788,-3.650321280286874e-08
1199,1.2088899863146452,-3.650321280286874e-08
1200,4.686479623409854,2.534025665631774e-08
1201,4.680205830131447,2.5340256656306935e-08
1202,4.669761418313385,2.5340256656312338e-08
1203,4.655164232058054,2.5340256656312338e-08
1204,4.636439210413302,2.5340256656312338e-08
1205,4.6136183447645065,2.5340256656312338e-08
1206,4.58674062417783,2.5340256656312338e-08
1207,4.5558519687880175,2.5340256656312338e-08
1208,4.521005151344661,2.5340256656312338e-08
1209,4.482259707050819,2.5340256656312338e-08
1210,4.439681831848147,2.5340256656312338e-08
1211,4.393344269322174,2.5340256656312338e-08
1212,4.343326186421195,2.5340256656312338e-08
1213,4.289713038200807,2.5340256656312338e-08
1214,4.232596421825411,2.5340256656312338e-08
1215,4.172073920076017,2.5340256656312338e-08
1216,4.108248934631509,2.5340256656312338e-08
1217,4.041230509408986,2.5340256656312338e-08
1218,3.97113314426373,2.5340256656312338e-08
1219,3.8980765993681388,2.5340256656312338e-08
1220,3.8221856906037983,2.5340256656312338e-08
1221,3.743590076315198,2.5340256656312338e-08
1222,3.662424035791,2.5340256656312338e-08
1223,3.5788262398498674,2.5340256656312338e-08
1224,3.492939513923875,2.5340256656312338e-08
1225,3.4049105940435367,2.5340256656312338e-08
1226,3.314889876141829,2.5340256656312338e-08
1227,3.223031159105212,2.5340256656312338e-08
1228,3.129491382010862,2.5340256656312338e-08
1229,3.034430355998845,2.5340256656312338e-08
1230,2.9380104912374967,2.5340256656312338e-08
1231,2.840396519448348,2.5340256656312338e-08
1232,2.7417552124647813,2.5340256656312338e-08
1233,2.6422550973050867,2.5340256656312338e-08
1234,2.5420661682469587,2.5340256656312338e-08
1235,2.441359596395059,2.5340256656312338e-08
1236,2.340307437238078,2.5340256656312338e-08
1237,2.2390823366948296,2.5340256656312338e-08
1238,2.137857236151585,2.5340256656312338e-08
1239,2.036805076994604,2.5340256656312338e-08
1240,1.9360985051427018,2.5340256656312338e-08
1241,1.8359095760845732,2.5340256656312338e-08
1242,1.7364094609248855,2.5340256656312338e-08
1243,1.6377681539413116,2.5340256656312338e-08
1244,1.5401541821521674,2.5340256656312338e-08
1245,1.443734317390816,2.5340256656312338e-08
1246,1.3486732913787982,2.5340256656312338e-08
1247,1.2551335142844502,2.5340256656312338e-08
1248,-0.20831495002018352,2.5340256656312338e-08
1249,-0.2020411567417848,2.5340256656312338e-08
1250,-0.19159674492372014,2.5340256656312338e-08
1251,-0.17699955866838435,2.5340256656312338e-08
1252,-0.15827453702363226,2.5340256656312338e-08
1253,-0.13545367137484376,2.5340256656312338e-08
1254,-0.10857595078816207,2.5340256656312338e-08
1255,-0.07768729539834851,2.5340256656312338e-08
1256,-0.04284047795499646,2.5340256656312338e-08
1257,-0.004095033661158709,2.5340256656312338e-08
1258,0.03848284154151971,2.5340256656312338e-08
1259,0.08482040406749336,2.5340256656312338e-08
1260,0.13483848696847467,2.5340256656312338e-08
1261,0.18845163518884744,2.5340256656312338e-08
1262,0.24556825156423967,2.5340256656312338e-08
1263,0.3060907533136712,2.5340256656312338e-08
1264,0.3699157387581453,2.5340256656312338e-08
1265,0.4369341639806701,2.5340256656312338e-08
1266,0.507031529125954,2.5340256656312338e-08
1267,1.1632747972478354,2.5340256656312338e-08
1268,0.5800880740215124,2.5340256656312338e-08
1269,0.6559789827858613,2.5340256656312338e-08
1270,0.7345745970744542,2.5340256656312338e-08
1271,0.815740637598666,2.5340256656312338e-08
1272,0.8993384335397936,2.5340256656312338e-08
1273,1.0732540793461225,2.5340256656312338e-08
1274,0.9852251594657888,2.5340256656312338e-08
1275,4.457365012044564,-1.5714215669097904e-08
1276,4.451091218766158,-1.571421566910871e-08
1277,4.440646806948095,-1.5714215669103307e-08
1278,4.426049620692764,-1.5714215669103307e-08
1279,4.407324599048012,-1.5714215669103307e-08
1280,4.384503733399217,-1.5714215669103307e-08
1281,4.357626012812541,-1.5714215669103307e-08
1282,4.3267373574227275,-1.5714215669103307e-08
1283,4.291890539979372,-1.5714215669103307e-08
1284,4.25314509568553,-1.5714215669103307e-08
1285,4.210567220482858,-1.5714215669103307e-08
1286,4.164229657956884,-1.5714215669103307e-08
1287,4.114211575055906,-1.5714215669103307e-08
1288,4.060598426835518,-1.5714215669103307e-08
1289,4.003481810460121,-1.5714215669103307e-08
1290,3.9429593087107278,-1.5714215669103307e-08
1291,3.8791343232662188,-1.5714215669103307e-08
1292,3.8121158980436967,-1.5714215669103307e-08
1293,3.7420185328984408,-1.5714215669103307e-08
1294,3.668961988002849,-1.5714215669103307e-08
1295,3.593071079238509,-1.5714215669103307e-08
1296,3.5144754649499084,-1.5714215669103307e-08
1297,3.43330942442571,-1.5714215669103307e-08
1298,3.3497116284845783,-1.5714215669103307e-08
1299,3.263824902558585,-1.5714215669103307e-08
1300,3.175795982678247,-1.5714215669103307e-08
1301,3.0857752647765393,-1.5714215669103307e-08
1302,2.9939165477399223,-1.5714215669103307e-08
1303,2.9003767706455723,-1.5714215669103307e-08
1304,2.805315744633556,-1.5714215669103307e-08
1305,2.708895879872207,-1.5714215669103307e-08
1306,2.6112819080830585,-1.5714215669103307e-08
1307,2.512640601099492,-1.5714215669103307e-08
1308,2.413140485939797,-1.5714215669103307e-08
1309,2.312951556881669,-1.5714215669103307e-08
1310,2.2122449850297694,-1.5714215669103307e-08
1311,2.1111928258727883,-1.5714215669103307e-08
1312,2.00996772532954,-1.5714215669103307e-08
1313,1.9087426247862953,-1.5714215669103307e-08
1314,1.8076904656293145,-1.5714215669103307e-08
1315,1.7069838937774122,-1.5714215669103307e-08
1316,1.6067949647192836,-1.5714215669103307e-08
1317,1.507294849559596,-1.5714215669103307e-08
1318,1.408653542576022,-1.5714215669103307e-08
1319,1.3110395707868778,-1.5714215669103307e-08
1320,1.2146197060255264,-1.5714215669103307e-08
1321,1.1195586800135087,-1.5714215669103307e-08
1322,1.0260189029191606,-1.5714215669103307e-08
1323,-0.43742956138547306,-1.5714215669103307e-08
1324,-0.43115576810707434,-1.5714215669103307e-08
1325,-0.4207113562890097,-1.5714215669103307e-08
1326,-0.4061141700336739,-1.5714215669103307e-08
1327,-0.3873891483889218,-1.5714215669103307e-08
1328,-0.3645682827401333,-1.5714215669103307e-08
1329,-0.3376905621534516,-1.5714215669103307e-08
1330,-0.30680190676363805,-1.5714215669103307e-08
1331,-0.271955089320286,-1.5714215669103307e-08
1332,-0.23320964502644825,-1.5714215669103307e-08
1333,-0.19063176982376984,-1.5714215669103307e-08
1334,-0.14429420729779618,-1.5714215669103307e-08
1335,-0.09427612439681488,-1.5714215669103307e-08
1336,-0.0406629761764421,-1.5714215669103307e-08
1337,0.016453640198950126,-1.5714215669103307e-08
1338,0.07697614194838165,-1.5714215669103307e-08
1339,0.14080112739285577,-1.5714215669103307e-08
1340,0.20781955261538054,-1.5714215669103307e-08
1341,0.2779169177606644,-1.5714215669103307e-08
1342,0.9341601858825459,-1.5714215669103307e-08
1343,0.35097346265622287,-1.5714215669103307e-08
1344,0.42686437142057176,-1.5714215669103307e-08
1345,0.5054599857091646,-1.5714215669103307e-08
1346,0.5866260262333765,-1.5714215669103307e-08
1347,0.670223822174504,-1.5714215669103307e-08
1348,0.844139467980833,-1.5714215669103307e-08
1349,0.7561105481004993,-1.5714215669103307e-08
1350,4.224019445118255,8.329883917564112e-09
1351,4.217745651839849,8.329883917553302e-09
1352,4.207301240021786,8.329883917558707e-09
1353,4.192704053766454,8.329883917558707e-09
1354,4.173979032121704,8.329883917558707e-09
1355,4.151158166472908,8.329883917558707e-09
1356,4.124280445886232,8.329883917558707e-09
1357,4.093391790496418,8.329883917558707e-09
1358,4.0585449730530625,8.329883917558707e-09
1359,4.01979952875922,8.329883917558707e-09
1360,3.9772216535565486,8.329883917558707e-09
1361,3.930884091030575,8.329883917558707e-09
1362,3.8808660081295967,8.329883917558707e-09
1363,3.8272528599092084,8.329883917558707e-09
1364,3.7701362435338117,8.329883917558707e-09
1365,3.709613741784419,8.329883917558707e-09
1366,3.64578875633991,8.329883917558707e-09
1367,3.5787703311173873,8.329883917558707e-09
1368,3.5086729659721314,8.329883917558707e-09
1369,3.43561642107654,8.329883917558707e-09
1370,3.3597255123122,8.329883917558707e-09
1371,3.2811298980235994,8.329883917558707e-09
1372,3.199963857499401,8.329883917558707e-09
1373,3.116366061558269,8.329883917558707e-09
1374,3.030479335632276,8.329883917558707e-09
1375,2.9424504157519378,8.329883917558707e-09
1376,2.85242969785023,8.329883917558707e-09
1377,2.760570980813613,8.329883917558707e-09
1378,2.6670312037192634,8.329883917558707e-09
1379,2.5719701777072466,8.329883917558707e-09
1380,2.475550312945898,8.329883917558707e-09
1381,2.377936341156749,8.329883917558707e-09
1382,2.279295034173183,8.329883917558707e-09
1383,2.1797949190134878,8.329883917558707e-09
1384,2.07960598995536,8.329883917558707e-09
1385,1.97889941810346,8.329883917558707e-09
1386,1.877847258946479,8.329883917558707e-09
1387,1.7766221584032311,8.329883917558707e-09
1388,1.6753970578599862,8.329883917558707e-09
1389,1.5743448987030053,8.329883917558707e-09
1390,1.4736383268511033,8.329883917558707e-09
1391,1.3734493977929745,8.329883917558707e-09
1392,1.2739492826332868,8.329883917558707e-09
1393,1.1753079756497131,8.329883917558707e-09
1394,1.0776940038605685,8.329883917558707e-09
1395,0.9812741390992172,8.329883917558707e-09
1396,0.8862131130871995,8.329883917558707e-09
1397,0.7926733359928515,8.329883917558707e-09
1398,-0.6707751283117822,8.329883917558707e-09
1399,-0.6645013350333835,8.329883917558707e-09
1400,-0.6540569232153188,8.329883917558707e-09
1401,-0.639459736959983,8.329883917558707e-09
1402,-0.620734715315231,8.329883917558707e-09
1403,-0.5979138496664425,8.329883917558707e-09
1404,-0.5710361290797608,8.329883917558707e-09
1405,-0.5401474736899472,8.329883917558707e-09
1406,-0.5053006562465951,8.329883917558707e-09
1407,-0.4665552119527574,8.329883917558707e-09
1408,-0.423977336750079,8.329883917558707e-09
1409,-0.37763977422410533,8.329883917558707e-09
1410,-0.327621691323124,8.329883917558707e-09
1411,-0.27400854310275125,8.329883917558707e-09
1412,-0.21689192672735902,8.329883917558707e-09
1413,-0.1563694249779275,8.329883917558707e-09
1414,-0.09254443953345337,8.329883917558707e-09
1415,-0.025526014310928602,8.329883917558707e-09
1416,0.04457135083435526,8.329883917558707e-09
1417,0.7008146189562368,8.329883917558707e-09
1418,0.11762789572991372,8.329883917558707e-09
1419,0.19351880449426262,8.329883917558707e-09
1420,0.27211441878285547,8.329883917558707e-09
1421,0.3532804593070673,8.329883917558707e-09
1422,0.4368782552481949,8.329883917558707e-09
1423,0.6107939010545238,8.329883917558707e-09
1424,0.5227649811741901,8.329883917558707e-09
1425,3.98767513972294,-3.3644291944075476e-09
1426,3.9814013464445335,-3.3644291944183555e-09
1427,3.9709569346264706,-3.3644291944129515e-09
1428,3.9563597483711392,-3.3644291944129515e-09
1429,3.9376347267263885,-3.3644291944129515e-09
1430,3.914813861077593,-3.3644291944129515e-09
1431,3.8879361404909165,-3.3644291944129515e-09
1432,3.857047485101103,-3.3644291944129515e-09
1433,3.8222006676577474,-3.3644291944129515e-09
1434,3.783455223363905,-3.3644291944129515e-09
1435,3.7408773481612334,-3.3644291944129515e-09
1436,3.6945397856352598,-3.3644291944129515e-09
1437,3.6445217027342816,-3.3644291944129515e-09
1438,3.5909085545138932,-3.3644291944129515e-09
1439,3.5337919381384966,-3.3644291944129515e-09
1440,3.4732694363891037,-3.3644291944129515e-09
1441,3.4094444509445947,-3.3644291944129515e-09
1442,3.342426025722072,-3.3644291944129515e-09
1443,3.2723286605768163,-3.3644291944129515e-09
1444,3.1992721156812247,-3.3644291944129515e-09
1445,3.1233812069168847,-3.3644291944129515e-09
1446,3.0447855926282843,-3.3644291944129515e-09
1447,2.963619552104086,-3.3644291944129515e-09
1448,2.8800217561629537,-3.3644291944129515e-09
1449,2.7941350302369607,-3.3644291944129515e-09
1450,2.7061061103566226,-3.3644291944129515e-09
1451,2.616085392454915,-3.3644291944129515e-09
1452,2.524226675418298,-3.3644291944129515e-09
1453,2.4306868983239482,-3.3644291944129515e-09
1454,2.3356258723119314,-3.3644291944129515e-09
1455,2.2392060075505826,-3.3644291944129515e-09
1456,2.141592035761434,-3.3644291944129515e-09
1457,2.0429507287778677,-3.3644291944129515e-09
1458,1.9434506136181728,-3.3644291944129515e-09
1459,1.8432616845600447,-3.3644291944129515e-09
1460,1.742555112708145,-3.3644291944129515e-09
1461,1.6415029535511638,-3.3644291944129515e-09
1462,1.540277853007916,-3.3644291944129515e-09
1463,1.439052752464671,-3.3644291944129515e-09
1464,1.3380005933076902,-3.3644291944129515e-09
1465,1.2372940214557882,-3.3644291944129515e-09
1466,1.1371050923976593,-3.3644291944129515e-09
1467,1.0376049772379716,-3.3644291944129515e-09
1468,0.9389636702543979,-3.3644291944129515e-09
1469,0.8413496984652534,-3.3644291944129515e-09
1470,0.7449298337039021,-3.3644291944129515e-09
1471,0.6498688076918844,-3.3644291944129515e-09
1472,0.5563290305975364,-3.3644291944129515e-09
1473,-0.9071194337070974,-3.3644291944129515e-09
1474,-0.9008456404286986,-3.3644291944129515e-09
1475,-0.890401228610634,-3.3644291944129515e-09
1476,-0.8758040423552982,-3.3644291944129515e-09
1477,-0.8570790207105461,-3.3644291944129515e-09
1478,-0.8342581550617576,-3.3644291944129515e-09
1479,-0.8073804344750759,-3.3644291944129515e-09
1480,-0.7764917790852623,-3.3644291944129515e-09
1481,-0.7416449616419103,-3.3644291944129515e-09
1482,-0.7028995173480725,-3.3644291944129515e-09
1483,-0.6603216421453941,-3.3644291944129515e-09
1484,-0.6139840796194205,-3.3644291944129515e-09
1485,-0.5639659967184392,-3.3644291944129515e-09
1486,-0.5103528484980664,-3.3644291944129515e-09
1487,-0.45323623212267417,-3.3644291944129515e-09
1488,-0.39271373037324264,-3.3644291944129515e-09
1489,-0.3288887449287685,-3.3644291944129515e-09
1490,-0.26187031970624375,-3.3644291944129515e-09
1491,-0.19177295456095989,-3.3644291944129515e-09
1492,0.4644703135609216,-3.3644291944129515e-09
1493,-0.11871640966540142,-3.3644291944129515e-09
1494,-0.04282550090105253,-3.3644291944129515e-09
1495,0.035770113387540325,-3.3644291944129515e-09
1496,0.11693615391175216,-3.3644291944129515e-09
1497,0.20053394985287976,-3.3644291944129515e-09
1498,0.37444959565920866,-3.3644291944129515e-09
1499,0.286420675778875,-3.3644291944129515e-09
1500,3.7495723360746642,5.581591499040868e-10
1501,3.743298542796258,5.581591498932786e-10
1502,3.732854130978195,5.581591498986827e-10
1503,3.7182569447228637,5.581591498986827e-10
1504,3.6995319230781125,5.581591498986827e-10
1505,3.676711057429317,5.581591498986827e-10
1506,3.649833336842641,5.581591498986827e-10
1507,3.6189446814528274,5.581591498986827e-10
1508,3.5840978640094714,5.581591498986827e-10
1509,3.5453524197156296,5.581591498986827e-10
1510,3.5027745445129574,5.581591498986827e-10
1511,3.4564369819869842,5.581591498986827e-10
1512,3.4064188990860056,5.581591498986827e-10
1513,3.3528057508656177,5.581591498986827e-10
1514,3.295689134490221,5.581591498986827e-10
1515,3.2351666327408277,5.581591498986827e-10
1516,3.1713416472963187,5.581591498986827e-10
1517,3.1043232220737966,5.581591498986827e-10
1518,3.0342258569285407,5.581591498986827e-10
1519,2.9611693120329488,5.581591498986827e-10
1520,2.885278403268609,5.581591498986827e-10
1521,2.8066827889800083,5.581591498986827e-10
1522,2.72551674845581,5.581591498986827e-10
1523,2.6419189525146782,5.581591498986827e-10
1524,2.556032226588685,5.581591498986827e-10
1525,2.468003306708347,5.581591498986827e-10
1526,2.3779825888066393,5.581591498986827e-10
1527,2.2861238717700223,5.581591498986827e-10
1528,2.1925840946756723,5.581591498986827e-10
1529,2.097523068663656,5.581591498986827e-10
1530,2.001103203902307,5.581591498986827e-10
1531,1.9034892321131585,5.581591498986827e-10
1532,1.804847925129592,5.581591498986827e-10
1533,1.705347809969897,5.581591498986827e-10
1534,1.6051588809117692,5.581591498986827e-10
1535,1.5044523090598694,5.581591498986827e-10
1536,1.403400149902888,5.581591498986827e-10
1537,1.3021750493596402,5.581591498986827e-10
1538,1.2009499488163953,5.581591498986827e-10
1539,1.0998977896594144,5.581591498986827e-10
1540,0.9991912178075123,5.581591498986827e-10
1541,0.8990022887493836,5.581591498986827e-10
1542,0.7995021735896959,5.581591498986827e-10
1543,0.7008608666061221,5.581591498986827e-10
1544,0.6032468948169777,5.581591498986827e-10
1545,0.5068270300556263,5.581591498986827e-10
1546,0.41176600404360864,5.581591498986827e-10
1547,0.3182262269492606,5.581591498986827e-10
1548,-1.145222237355373,5.581591498986827e-10
1549,-1.1389484440769744,5.581591498986827e-10
1550,-1.1285040322589097,5.581591498986827e-10
1551,-1.113906846003574,5.581591498986827e-10
1552,-1.0951818243588218,5.581591498986827e-10
1553,-1.0723609587100333,5.581591498986827e-10
1554,-1.0454832381233516,5.581591498986827e-10
1555,-1.014594582733538,5.581591498986827e-10
1556,-0.979747765290186,5.581591498986827e-10
1557,-0.9410023209963483,5.581591498986827e-10
1558,-0.8984244457936699,5.581591498986827e-10
1559,-0.8520868832676962,5.581591498986827e-10
1560,-0.8020688003667149,5.581591498986827e-10
1561,-0.7484556521463421,5.581591498986827e-10
1562,-0.6913390357709499,5.581591498986827e-10
1563,-0.6308165340215184,5.581591498986827e-10
1564,-0.5669915485770443,5.581591498986827e-10
1565,-0.4999731233545195,5.581591498986827e-10
1566,-0.4298757582092356,5.581591498986827e-10
1567,0.22636750991264587,5.581591498986827e-10
1568,-0.35681921331367716,5.581591498986827e-10
1569,-0.28092830454932827,5.581591498986827e-10
1570,-0.20233269026073541,5.581591498986827e-10
1571,-0.12116664973652358,5.581591498986827e-10
1572,-0.037568853795395984,5.581591498986827e-10
1573,0.13634679201093292,5.581591498986827e-10
1574,0.04831787213059924,5.581591498986827e-10
1575,3.510951419701819,6.480981640810687e-10
1576,3.5046776264234127,6.480981640702605e-10
1577,3.49423321460535,6.480981640756646e-10
1578,3.4796360283500185,6.480981640756646e-10
1579,3.4609110067052673,6.480981640756646e-10
1580,3.4380901410564717,6.480981640756646e-10
1581,3.411212420469796,6.480981640756646e-10
1582,3.3803237650799822,6.480981640756646e-10
1583,3.345476947636626,6.480981640756646e-10
1584,3.3067315033427844,6.480981640756646e-10
1585,3.2641536281401122,6.480981640756646e-10
1586,3.217816065614139,6.480981640756646e-10
1587,3.1677979827131604,6.480981640756646e-10
1588,3.1141848344927725,6.480981640756646e-10
1589,3.057068218117376,6.480981640756646e-10
1590,2.9965457163679825,6.480981640756646e-10
1591,2.9327207309234735,6.480981640756646e-10
1592,2.8657023057009514,6.480981640756646e-10
1593,2.7956049405556955,6.480981640756646e-10
1594,2.7225483956601035,6.480981640756646e-10
1595,2.646657486895764,6.480981640756646e-10
1596,2.568061872607163,6.480981640756646e-10
1597,2.486895832082965,6.480981640756646e-10
1598,2.403298036141833,6.480981640756646e-10
1599,2.3174113102158396,6.480981640756646e-10
1600,2.229382390335502,6.480981640756646e-10
1601,2.139361672433794,6.480981640756646e-10
1602,2.047502955397177,6.480981640756646e-10
1603,1.953963178302827,6.480981640756646e-10
1604,1.8589021522908105,6.480981640756646e-10
1605,1.762482287529462,6.480981640756646e-10
1606,1.6648683157403132,6.480981640756646e-10
1607,1.5662270087567467,6.480981640756646e-10
1608,1.4667268935970519,6.480981640756646e-10
1609,1.366537964538924,6.480981640756646e-10
1610,1.2658313926870242,6.480981640756646e-10
1611,1.1647792335300429,6.480981640756646e-10
1612,1.063554132986795,6.480981640756646e-10
1613,0.9623290324435501,6.480981640756646e-10
1614,0.8612768732865692,6.480981640756646e-10
1615,0.7605703014346671,6.480981640756646e-10
1616,0.6603813723765384,6.480981640756646e-10
1617,0.5608812572168507,6.480981640756646e-10
1618,0.4622399502332769,6.480981640756646e-10
1619,0.36462597844413247,6.480981640756646e-10
1620,0.26820611368278113,6.480981640756646e-10
1621,0.17314508767076342,6.480981640756646e-10
1622,0.0796053105764154,6.480981640756646e-10
1623,-1.3838431537282183,6.480981640756646e-10
1624,-1.3775693604498196,6.480981640756646e-10
1625,-1.367124948631755,6.480981640756646e-10
1626,-1.3525277623764191,6.480981640756646e-10
1627,-1.333802740731667,6.480981640756646e-10
1628,-1.3109818750828786,6.480981640756646e-10
1629,-1.2841041544961969,6.480981640756646e-10
1630,-1.2532154991063833,6.480981640756646e-10
1631,-1.2183686816630312,6.480981640756646e-10
1632,-1.1796232373691935,6.480981640756646e-10
1633,-1.137045362166515,6.480981640756646e-10
1634,-1.0907077996405414,6.480981640756646e-10
1635,-1.0406897167395601,6.480981640756646e-10
1636,-0.9870765685191873,6.480981640756646e-10
1637,-0.9299599521437951,6.480981640756646e-10
1638,-0.8694374503943636,6.480981640756646e-10
1639,-0.8056124649498895,6.480981640756646e-10
1640,-0.7385940397273647,6.480981640756646e-10
1641,-0.6684966745820808,6.480981640756646e-10
1642,-0.012253406460199345,6.480981640756646e-10
1643,-0.5954401296865224,6.480981640756646e-10
1644,-0.5195492209221735,6.480981640756646e-10
1645,-0.44095360663358063,6.480981640756646e-10
1646,-0.3597875661093688,6.480981640756646e-10
1647,-0.2761897701682412,6.480981640756646e-10
1648,-0.1022741243619123,6.480981640756646e-10
1649,-0.19030304424224598,6.480981640756646e-10
1650,3.273049126122812,-9.061173881746637e-10
1651,3.2667753328444054,-9.061173881854718e-10
1652,3.2563309210263425,-9.061173881800677e-10
1653,3.241733734771011,-9.061173881800677e-10
1654,3.2230087131262604,-9.061173881800677e-10
1655,3.2001878474774648,-9.061173881800677e-10
1656,3.1733101268907884,-9.061173881800677e-10
1657,3.142421471500975,-9.061173881800677e-10
1658,3.1075746540576192,-9.061173881800677e-10
1659,3.068829209763777,-9.061173881800677e-10
1660,3.0262513345611053,-9.061173881800677e-10
1661,2.9799137720351316,-9.061173881800677e-10
1662,2.9298956891341534,-9.061173881800677e-10
1663,2.876282540913765,-9.061173881800677e-10
1664,2.8191659245383685,-9.061173881800677e-10
1665,2.7586434227889756,-9.061173881800677e-10
1666,2.6948184373444666,-9.061173881800677e-10
1667,2.627800012121944,-9.061173881800677e-10
1668,2.557702646976688,-9.061173881800677e-10
1669,2.4846461020810966,-9.061173881800677e-10
1670,2.4087551933167566,-9.061173881800677e-10
1671,2.330159579028156,-9.061173881800677e-10
1672,2.248993538503958,-9.061173881800677e-10
1673,2.1653957425628256,-9.061173881800677e-10
1674,2.0795090166368326,-9.061173881800677e-10
1675,1.9914800967564947,-9.061173881800677e-10
1676,1.9014593788547869,-9.061173881800677e-10
1677,1.8096006618181697,-9.061173881800677e-10
1678,1.71606088472382,-9.061173881800677e-10
1679,1.6209998587118033,-9.061173881800677e-10
1680,1.5245799939504545,-9.061173881800677e-10
1681,1.4269660221613059,-9.061173881800677e-10
1682,1.3283247151777395,-9.061173881800677e-10
1683,1.2288246000180447,-9.061173881800677e-10
1684,1.1286356709599166,-9.061173881800677e-10
1685,1.0279290991080168,-9.061173881800677e-10
1686,0.9268769399510358,-9.061173881800677e-10
1687,0.8256518394077877,-9.061173881800677e-10
1688,0.7244267388645429,-9.061173881800677e-10
1689,0.623374579707562,-9.061173881800677e-10
1690,0.5226680078556599,-9.061173881800677e-10
1691,0.42247907879753127,-9.061173881800677e-10
1692,0.3229789636378435,-9.061173881800677e-10
1693,0.22433765665426975,-9.061173881800677e-10
1694,0.1267236848651253,-9.061173881800677e-10
1695,0.03030382010377397,-9.061173881800677e-10
1696,-0.06475720590824374,-9.061173881800677e-10
1697,-0.15829698300259176,-9.061173881800677e-10
1698,-1.6217454473072255,-9.061173881800677e-10
1699,-1.6154716540288268,-9.061173881800677e-10
1700,-1.605027242210762,-9.061173881800677e-10
1701,-1.5904300559554263,-9.061173881800677e-10
1702,-1.5717050343106742,-9.061173881800677e-10
1703,-1.5488841686618857,-9.061173881800677e-10
1704,-1.522006448075204,-9.061173881800677e-10
1705,-1.4911177926853905,-9.061173881800677e-10
1706,-1.4562709752420384,-9.061173881800677e-10
1707,-1.4175255309482007,-9.061173881800677e-10
1708,-1.3749476557455222,-9.061173881800677e-10
1709,-1.3286100932195486,-9.061173881800677e-10
1710,-1.2785920103185673,-9.061173881800677e-10
1711,-1.2249788620981945,-9.061173881800677e-10
1712,-1.1678622457228023,-9.061173881800677e-10
1713,-1.1073397439733708,-9.061173881800677e-10
1714,-1.0435147585288966,-9.061173881800677e-10
1715,-0.9764963333063719,-9.061173881800677e-10
1716,-0.906398968161088,-9.061173881800677e-10
1717,-0.2501557000392065,-9.061173881800677e-10
1718,-0.8333424232655295,-9.061173881800677e-10
1719,-0.7574515145011806,-9.061173881800677e-10
1720,-0.6788559002125878,-9.061173881800677e-10
1721,-0.597689859688376,-9.061173881800677e-10
1722,-0.5140920637472484,-9.061173881800677e-10
1723,-0.34017641794091946,-9.061173881800677e-10
1724,-0.42820533782125314,-9.061173881800677e-10
1725,3.037094536363502,7.462069494119785e-10
1726,3.0308207430850955,7.462069494011704e-10
1727,3.0203763312670326,7.462069494065744e-10
1728,3.0057791450117013,7.462069494065744e-10
1729,2.98705412336695,7.462069494065744e-10
1730,2.9642332577181545,7.462069494065744e-10
1731,2.9373555371314786,7.462069494065744e-10
1732,2.906466881741665,7.462069494065744e-10
1733,2.871620064298309,7.462069494065744e-10
1734,2.832874620004467,7.462069494065744e-10
1735,2.790296744801795,7.462069494065744e-10
1736,2.743959182275822,7.462069494065744e-10
1737,2.693941099374843,7.462069494065744e-10
1738,2.6403279511544553,7.462069494065744e-10
1739,2.5832113347790586,7.462069494065744e-10
1740,2.5226888330296653,7.462069494065744e-10
1741,2.4588638475851567,7.462069494065744e-10
1742,2.391845422362634,7.462069494065744e-10
1743,2.3217480572173783,7.462069494065744e-10
1744,2.2486915123217868,7.462069494065744e-10
1745,2.1728006035574468,7.462069494065744e-10
1746,2.094204989268846,7.462069494065744e-10
1747,2.013038948744648,7.462069494065744e-10
1748,1.9294411528035158,7.462069494065744e-10
1749,1.8435544268775228,7.462069494065744e-10
1750,1.7555255069971847,7.462069494065744e-10
1751,1.6655047890954768,7.462069494065744e-10
1752,1.5736460720588599,7.462069494065744e-10
1753,1.4801062949645098,7.462069494065744e-10
1754,1.3850452689524935,7.462069494065744e-10
1755,1.2886254041911447,7.462069494065744e-10
1756,1.191011432401996,7.462069494065744e-10
1757,1.0923701254184297,7.462069494065744e-10
1758,0.9928700102587348,7.462069494065744e-10
1759,0.8926810812006067,7.462069494065744e-10
1760,0.791974509348707,7.462069494065744e-10
1761,0.6909223501917259,7.462069494065744e-10
1762,0.5896972496484778,7.462069494065744e-10
1763,0.48847214910523296,7.462069494065744e-10
1764,0.38741998994825205,7.462069494065744e-10
1765,0.28671341809635,7.462069494065744e-10
1766,0.18652448903822133,7.462069494065744e-10
1767,0.08702437387853357,7.462069494065744e-10
1768,-0.011616933105040195,7.462069494065744e-10
1769,-0.10923090489418463,7.462069494065744e-10
1770,-0.20565076965553597,7.462069494065744e-10
1771,-0.3007117956675537,7.462069494065744e-10
1772,-0.3942515727619017,7.462069494065744e-10
1773,-1.8577000370665355,7.462069494065744e-10
1774,-1.8514262437881368,7.462069494065744e-10
1775,-1.8409818319700721,7.462069494065744e-10
1776,-1.8263846457147364,7.462069494065744e-10
1777,-1.8076596240699843,7.462069494065744e-10
1778,-1.7848387584211958,7.462069494065744e-10
1779,-1.757961037834514,7.462069494065744e-10
1780,-1.7270723824447005,7.462069494065744e-10
1781,-1.6922255650013485,7.462069494065744e-10
1782,-1.6534801207075107,7.462069494065744e-10
1783,-1.6109022455048323,7.462069494065744e-10
1784,-1.5645646829788586,7.462069494065744e-10
1785,-1.5145466000778773,7.462069494065744e-10
1786,-1.4609334518575046,7.462069494065744e-10
1787,-1.4038168354821123,7.462069494065744e-10
1788,-1.3432943337326808,7.462069494065744e-10
1789,-1.2794693482882065,7.462069494065744e-10
1790,-1.2124509230656817,7.462069494065744e-10
1791,-1.1423535579203978,7.462069494065744e-10
1792,-0.48611028979851645,7.462069494065744e-10
1793,-1.0692970130248396,7.462069494065744e-10
1794,-0.9934061042604906,7.462069494065744e-10
1795,-0.9148104899718977,7.462069494065744e-10
1796,-0.8336444494476859,7.462069494065744e-10
1797,-0.7500466535065583,7.462069494065744e-10
1798,-0.5761310077002294,7.462069494065744e-10
1799,-0.6641599275805631,7.462069494065744e-10
1800,2.804312940757388,-4.816504381953024e-10
1801,2.7980391474789816,-4.816504382061106e-10
1802,2.7875947356609188,-4.816504382007065e-10
1803,2.7729975494055874,-4.816504382007065e-10
1804,2.754272527760836,-4.816504382007065e-10
1805,2.7314516621120406,-4.816504382007065e-10
1806,2.7045739415253647,-4.816504382007065e-10
1807,2.673685286135551,-4.816504382007065e-10
1808,2.638838468692195,-4.816504382007065e-10
1809,2.6000930243983533,-4.816504382007065e-10
1810,2.557515149195681,-4.816504382007065e-10
1811,2.511177586669708,-4.816504382007065e-10
1812,2.4611595037687293,-4.816504382007065e-10
1813,2.4075463555483414,-4.816504382007065e-10
1814,2.3504297391729447,-4.816504382007065e-10
1815,2.2899072374235514,-4.816504382007065e-10
1816,2.226082251979043,-4.816504382007065e-10
1817,2.15906382675652,-4.816504382007065e-10
1818,2.088966461611264,-4.816504382007065e-10
1819,2.015909916715673,-4.816504382007065e-10
1820,1.9400190079513326,-4.816504382007065e-10
1821,1.861423393662732,-4.816504382007065e-10
1822,1.780257353138534,-4.816504382007065e-10
1823,1.6966595571974017,-4.816504382007065e-10
1824,1.6107728312714087,-4.816504382007065e-10
1825,1.5227439113910708,-4.816504382007065e-10
1826,1.432723193489363,-4.816504382007065e-10
1827,1.340864476452746,-4.816504382007065e-10
1828,1.247324699358396,-4.816504382007065e-10
1829,1.1522636733463794,-4.816504382007065e-10
1830,1.0558438085850308,-4.816504382007065e-10
1831,0.958229836795882,-4.816504382007065e-10
1832,0.8595885298123156,-4.816504382007065e-10
1833,0.7600884146526208,-4.816504382007065e-10
1834,0.6598994855944927,-4.816504382007065e-10
1835,0.559192913742593,-4.816504382007065e-10
1836,0.4581407545856119,-4.816504382007065e-10
1837,0.3569156540423638,-4.816504382007065e-10
1838,0.25569055349911896,-4.816504382007065e-10
1839,0.15463839434213805,-4.816504382007065e-10
1840,0.05393182249023598,-4.816504382007065e-10
1841,-0.04625710656789267,-4.816504382007065e-10
1842,-0.14575722172758043,-4.816504382007065e-10
1843,-0.2443985287111542,-4.816504382007065e-10
1844,-0.34201250050029863,-4.816504382007065e-10
1845,-0.43843236526164997,-4.816504382007065e-10
1846,-0.5334933912736677,-4.816504382007065e-10
1847,-0.6270331683680157,-4.816504382007065e-10
1848,-2.0904816326726494,-4.816504382007065e-10
1849,-2.0842078393942507,-4.816504382007065e-10
1850,-2.073763427576186,-4.816504382007065e-10
1851,-2.0591662413208502,-4.816504382007065e-10
1852,-2.040441219676098,-4.816504382007065e-10
1853,-2.0176203540273097,-4.816504382007065e-10
1854,-1.990742633440628,-4.816504382007065e-10
1855,-1.9598539780508144,-4.816504382007065e-10
1856,-1.9250071606074624,-4.816504382007065e-10
1857,-1.8862617163136246,-4.816504382007065e-10
1858,-1.8436838411109462,-4.816504382007065e-10
1859,-1.7973462785849725,-4.816504382007065e-10
1860,-1.7473281956839912,-4.816504382007065e-10
1861,-1.6937150474636185,-4.816504382007065e-10
1862,-1.6365984310882262,-4.816504382007065e-10
1863,-1.5760759293387947,-4.816504382007065e-10
1864,-1.5122509438943206,-4.816504382007065e-10
1865,-1.4452325186717958,-4.816504382007065e-10
1866,-1.375135153526512,-4.816504382007065e-10
1867,-0.7188918854046304,-4.816504382007065e-10
1868,-1.3020786086309535,-4.816504382007065e-10
1869,-1.2261876998666046,-4.816504382007065e-10
1870,-1.1475920855780117,-4.816504382007065e-10
1871,-1.0664260450538,-4.816504382007065e-10
1872,-0.9828282491126723,-4.816504382007065e-10
1873,-0.8089126033063434,-4.816504382007065e-10
1874,-0.8969415231866771,-4.816504382007065e-10
1875,2.5759420704637037,2.501501143736735e-10
1876,2.5696682771852974,2.5015011436286543e-10
1877,2.5592238653672346,2.5015011436826945e-10
1878,2.544626679111903,2.5015011436826945e-10
1879,2.525901657467152,2.5015011436826945e-10
1880,2.5030807918183564,2.5015011436826945e-10
1881,2.4762030712316805,2.5015011436826945e-10
1882,2.445314415841867,2.5015011436826945e-10
1883,2.410467598398511,2.5015011436826945e-10
1884,2.371722154104669,2.5015011436826945e-10
1885,2.329144278901997,2.5015011436826945e-10
1886,2.2828067163760237,2.5015011436826945e-10
1887,2.232788633475045,2.5015011436826945e-10
1888,2.179175485254657,2.5015011436826945e-10
1889,2.1220588688792605,2.5015011436826945e-10
1890,2.061536367129867,2.5015011436826945e-10
1891,1.9977113816853587,2.5015011436826945e-10
1892,1.9306929564628361,2.5015011436826945e-10
1893,1.8605955913175802,2.5015011436826945e-10
1894,1.7875390464219887,2.5015011436826945e-10
1895,1.7116481376576487,2.5015011436826945e-10
1896,1.633052523369048,2.5015011436826945e-10
1897,1.55188648284485,2.5015011436826945e-10
1898,1.4682886869037177,2.5015011436826945e-10
1899,1.3824019609777247,2.5015011436826945e-10
1900,1.2943730410973868,2.5015011436826945e-10
1901,1.204352323195679,2.5015011436826945e-10
1902,1.1124936061590618,2.5015011436826945e-10
1903,1.018953829064712,2.5015011436826945e-10
1904,0.9238928030526954,2.5015011436826945e-10
1905,0.8274729382913467,2.5015011436826945e-10
1906,0.7298589665021981,2.5015011436826945e-10
1907,0.6312176595186316,2.5015011436826945e-10
1908,0.5317175443589368,2.5015011436826945e-10
1909,0.43152861530080877,2.5015011436826945e-10
1910,0.330822043448909,2.5015011436826945e-10
1911,0.22976988429192785,2.5015011436826945e-10
1912,0.12854478374867984,2.5015011436826945e-10
1913,0.027319683205434972,2.5015011436826945e-10
1914,-0.07373247595154594,2.5015011436826945e-10
1915,-0.17443904780344802,2.5015011436826945e-10
1916,-0.2746279768615767,2.5015011436826945e-10
1917,-0.3741280920212644,2.5015011436826945e-10
1918,-0.47276939900483816,2.5015011436826945e-10
1919,-0.5703833707939826,2.5015011436826945e-10
1920,-0.6668032355553339,2.5015011436826945e-10
1921,-0.7618642615673517,2.5015011436826945e-10
1922,-0.8554040386616997,2.5015011436826945e-10
1923,-2.3188525029663336,2.5015011436826945e-10
1924,-2.312578709687935,2.5015011436826945e-10
1925,-2.3021342978698702,2.5015011436826945e-10
1926,-2.2875371116145344,2.5015011436826945e-10
1927,-2.2688120899697823,2.5015011436826945e-10
1928,-2.245991224320994,2.5015011436826945e-10
1929,-2.219113503734312,2.5015011436826945e-10
1930,-2.1882248483444986,2.5015011436826945e-10
1931,-2.1533780309011465,2.5015011436826945e-10
1932,-2.114632586607309,2.5015011436826945e-10
1933,-2.0720547114046304,2.5015011436826945e-10
1934,-2.0257171488786567,2.5015011436826945e-10
1935,-1.9756990659776752,2.5015011436826945e-10
1936,-1.9220859177573024,2.5015011436826945e-10
1937,-1.8649693013819102,2.5015011436826945e-10
1938,-1.8044467996324787,2.5015011436826945e-10
1939,-1.7406218141880045,2.5015011436826945e-10
1940,-1.6736033889654798,2.5015011436826945e-10
1941,-1.603506023820196,2.5015011436826945e-10
1942,-0.9472627556983144,2.5015011436826945e-10
1943,-1.5304494789246375,2.5015011436826945e-10
1944,-1.4545585701602886,2.5015011436826945e-10
1945,-1.3759629558716957,2.5015011436826945e-10
1946,-1.2947969153474839,2.5015011436826945e-10
1947,-1.2111991194063563,2.5015011436826945e-10
1948,-1.0372834736000274,2.5015011436826945e-10
1949,-1.125312393480361,2.5015011436826945e-10
1950,2.353296280593628,-9.708576491095765e-11
1951,2.347022487315222,-9.708576492176575e-11
1952,2.336578075497159,-9.70857649163617e-11
1953,2.3219808892418277,-9.70857649163617e-11
1954,2.3032558675970765,-9.70857649163617e-11
1955,2.280435001948281,-9.70857649163617e-11
1956,2.253557281361605,-9.70857649163617e-11
1957,2.2226686259717914,-9.70857649163617e-11
1958,2.1878218085284353,-9.70857649163617e-11
1959,2.1490763642345936,-9.70857649163617e-11
1960,2.1064984890319214,-9.70857649163617e-11
1961,2.060160926505948,-9.70857649163617e-11
1962,2.0101428436049695,-9.70857649163617e-11
1963,1.9565296953845819,-9.70857649163617e-11
1964,1.8994130790091852,-9.70857649163617e-11
1965,1.8388905772597919,-9.70857649163617e-11
1966,1.7750655918152831,-9.70857649163617e-11
1967,1.7080471665927606,-9.70857649163617e-11
1968,1.6379498014475047,-9.70857649163617e-11
1969,1.5648932565519131,-9.70857649163617e-11
1970,1.4890023477875731,-9.70857649163617e-11
1971,1.4104067334989725,-9.70857649163617e-11
1972,1.3292406929747744,-9.70857649163617e-11
1973,1.2456428970336422,-9.70857649163617e-11
1974,1.1597561711076492,-9.70857649163617e-11
1975,1.0717272512273113,-9.70857649163617e-11
1976,0.9817065333256033,-9.70857649163617e-11
1977,0.8898478162889862,-9.70857649163617e-11
1978,0.7963080391946363,-9.70857649163617e-11
1979,0.7012470131826197,-9.70857649163617e-11
1980,0.604827148421271,-9.70857649163617e-11
1981,0.5072131766321224,-9.70857649163617e-11
1982,0.408571869648556,-9.70857649163617e-11
1983,0.3090717544888612,-9.70857649163617e-11
1984,0.20888282543073317,-9.70857649163617e-11
1985,0.10817625357883336,-9.70857649163617e-11
1986,0.007124094421852273,-9.70857649163617e-11
1987,-0.09410100612139576,-9.70857649163617e-11
1988,-0.19532610666464062,-9.70857649163617e-11
1989,-0.2963782658216215,-9.70857649163617e-11
1990,-0.3970848376735236,-9.70857649163617e-11
1991,-0.49727376673165224,-9.70857649163617e-11
1992,-0.5967738818913401,-9.70857649163617e-11
1993,-0.6954151888749138,-9.70857649163617e-11
1994,-0.7930291606640583,-9.70857649163617e-11
1995,-0.8894490254254096,-9.70857649163617e-11
1996,-0.9845100514374273,-9.70857649163617e-11
1997,-1.0780498285317752,-9.70857649163617e-11
1998,-2.541498292836409,-9.70857649163617e-11
1999,-2.5352244995580104,-9.70857649163617e-11
2000,-2.5247800877399458,-9.70857649163617e-11
2001,-2.51018290148461,-9.70857649163617e-11
2002,-2.491457879839858,-9.70857649163617e-11
2003,-2.4686370141910694,-9.70857649163617e-11
2004,-2.4417592936043877,-9.70857649163617e-11
2005,-2.410870638214574,-9.70857649163617e-11
2006,-2.376023820771222,-9.70857649163617e-11
2007,-2.3372783764773843,-9.70857649163617e-11
2008,-2.294700501274706,-9.70857649163617e-11
2009,-2.2483629387487323,-9.70857649163617e-11
2010,-2.198344855847751,-9.70857649163617e-11
2011,-2.144731707627378,-9.70857649163617e-11
2012,-2.087615091251986,-9.70857649163617e-11
2013,-2.0270925895025544,-9.70857649163617e-11
2014,-1.96326760405808,-9.70857649163617e-11
2015,-1.8962491788355553,-9.70857649163617e-11
2016,-1.8261518136902715,-9.70857649163617e-11
2017,-1.16990854556839,-9.70857649163617e-11
2018,-1.753095268794713,-9.70857649163617e-11
2019,-1.677204360030364,-9.70857649163617e-11
2020,-1.5986087457417713,-9.70857649163617e-11
2021,-1.5174427052175594,-9.70857649163617e-11
2022,-1.4338449092764318,-9.70857649163617e-11
2023,-1.259929263470103,-9.70857649163617e-11
2024,-1.3479581833504366,-9.70857649163617e-11
2025,0.07145769678326852,0.33585675323965425
2026,0.06518390350486225,0.33585675323965425
2027,0.05473949168679937,0.33585675323965425
2028,0.04014230543146802,0.33585675323965425
2029,0.021417283786716812,0.33585675323965425
2030,-0.0014035818620787843,0.33585675323965425
2031,-0.028281302448754708,0.33585675323965425
2032,-0.059169957838568266,0.33585675323965425
2033,-0.09401677528192431,0.33585675323965425
2034,-0.13276221957576606,0.33585675323965425
2035,-0.17534009477843826,0.33585675323965425
2036,-0.22167765730441147,0.33585675323965425
2037,-0.2716957402053901,0.33585675323965425
2038,-0.325308888425778,0.33585675323965425
2039,-0.38242550480117465,0.33585675323965425
2040,-0.442948006550568,0.33585675323965425
2041,-0.5067729919950767,0.33585675323965425
2042,-0.5737914172175993,0.33585675323965425
2043,-0.6438887823628552,0.33585675323965425
2044,-0.7169453272584467,0.33585675323965425
2045,-0.7928362360227867,0.33585675323965425
2046,-0.8714318503113874,0.33585675323965425
2047,-0.9525978908355854,0.33585675323965425
2048,-1.0361956867767177,0.33585675323965425
2049,-1.1220824127027107,0.33585675323965425
2050,-1.2101113325830486,0.33585675323965425
2051,-1.3001320504847564,0.33585675323965425
2052,-1.3919907675213734,0.33585675323965425
2053,-1.4855305446157234,0.33585675323965425
2054,-1.58059157062774,0.33585675323965425
2055,-1.6770114353890886,0.33585675323965425
2056,-1.7746254071782372,0.33585675323965425
2057,-1.8732667141618038,0.33585675323965425
2058,-1.9727668293214986,0.33585675323965425
2059,-2.0729557583796265,0.33585675323965425
2060,-2.1736623302315263,0.33585675323965425
2061,-2.2747144893885074,0.33585675323965425
2062,-2.3759395899317557,0.33585675323965425
2063,-2.4771646904750004,0.33585675323965425
2064,-2.5782168496319815,0.33585675323965425
2065,-2.6789234214838835,0.33585675323965425
2066,-2.779112350542012,0.33585675323965425
2067,-2.8786124657017,0.33585675323965425
2068,-2.9772537726852737,0.33585675323965425
2069,-3.074867744474418,0.33585675323965425
2070,-3.1712876092357694,0.33585675323965425
2071,-3.266348635247787,0.33585675323965425
2072,-3.3598884123421353,0.33585675323965425
2073,-4.823336876646769,0.33585675323965425
2074,-4.81706308336837,0.33585675323965425
2075,-4.806618671550305,0.33585675323965425
2076,-4.79202148529497,0.33585675323965425
2077,-4.773296463650217,0.33585675323965425
2078,-4.7504755980014295,0.33585675323965425
2079,-4.723597877414747,0.33585675323965425
2080,-4.692709222024934,0.33585675323965425
2081,-4.657862404581582,0.33585675323965425
2082,-4.619116960287744,0.33585675323965425
2083,-4.576539085085066,0.33585675323965425
2084,-4.530201522559092,0.33585675323965425
2085,-4.480183439658111,0.33585675323965425
2086,-4.426570291437738,0.33585675323965425
2087,-4.369453675062346,0.33585675323965425
2088,-4.308931173312914,0.33585675323965425
2089,-4.24510618786844,0.33585675323965425
2090,-4.178087762645915,0.33585675323965425
2091,-4.1079903975006316,0.33585675323965425
2092,-3.4517471293787496,0.33585675323965425
2093,-4.034933852605073,0.33585675323965425
2094,-3.959042943840724,0.33585675323965425
2095,-3.880447329552131,0.33585675323965425
2096,-3.7992812890279195,0.33585675323965425
2097,-3.7156834930867917,0.33585675323965425
2098,-3.541767847280463,0.33585675323965425
2099,-3.6297967671607965,0.33585675323965425
2100,0.08954884018324494,0.33466799119810653
2101,0.08327504690483867,0.33466799119810653
2102,0.07283063508677579,0.33466799119810653
2103,0.058233448831444434,0.33466799119810653
2104,0.03950842718669323,0.33466799119810653
2105,0.016687561537897633,0.33466799119810653
2106,-0.010190159048778291,0.33466799119810653
2107,-0.04107881443859185,0.33466799119810653
2108,-0.0759256318819479,0.33466799119810653
2109,-0.11467107617578964,0.33466799119810653
2110,-0.15724895137846184,0.33466799119810653
2111,-0.20358651390443505,0.33466799119810653
2112,-0.2536045968054137,0.33466799119810653
2113,-0.30721774502580157,0.33466799119810653
2114,-0.36433436140119824,0.33466799119810653
2115,-0.42485686315059157,0.33466799119810653
2116,-0.48868184859510033,0.33466799119810653
2117,-0.5557002738176229,0.33466799119810653
2118,-0.6257976389628788,0.33466799119810653
2119,-0.6988541838584703,0.33466799119810653
2120,-0.7747450926228103,0.33466799119810653
2121,-0.853340706911411,0.33466799119810653
2122,-0.934506747435609,0.33466799119810653
2123,-1.0181045433767413,0.33466799119810653
2124,-1.1039912693027343,0.33466799119810653
2125,-1.1920201891830722,0.33466799119810653
2126,-1.28204090708478,0.33466799119810653
2127,-1.373899624121397,0.33466799119810653
2128,-1.467439401215747,0.33466799119810653
2129,-1.5625004272277636,0.33466799119810653
2130,-1.6589202919891122,0.33466799119810653
2131,-1.7565342637782608,0.33466799119810653
2132,-1.8551755707618274,0.33466799119810653
2133,-1.9546756859215222,0.33466799119810653
2134,-2.05486461497965,0.33466799119810653
2135,-2.15557118683155,0.33466799119810653
2136,-2.256623345988531,0.33466799119810653
2137,-2.3578484465317793,0.33466799119810653
2138,-2.459073547075024,0.33466799119810653
2139,-2.560125706232005,0.33466799119810653
2140,-2.660832278083907,0.33466799119810653
2141,-2.7610212071420355,0.33466799119810653
2142,-2.8605213223017234,0.33466799119810653
2143,-2.9591626292852973,0.33466799119810653
2144,-3.0567766010744415,0.33466799119810653
2145,-3.153196465835793,0.33466799119810653
2146,-3.2482574918478107,0.33466799119810653
2147,-3.341797268942159,0.33466799119810653
2148,-4.805245733246792,0.33466799119810653
2149,-4.798971939968394,0.33466799119810653
2150,-4.788527528150329,0.33466799119810653
2151,-4.773930341894993,0.33466799119810653
2152,-4.755205320250241,0.33466799119810653
2153,-4.732384454601453,0.33466799119810653
2154,-4.7055067340147705,0.33466799119810653
2155,-4.674618078624958,0.33466799119810653
2156,-4.639771261181606,0.33466799119810653
2157,-4.601025816887768,0.33466799119810653
2158,-4.558447941685089,0.33466799119810653
2159,-4.5121103791591155,0.33466799119810653
2160,-4.462092296258135,0.33466799119810653
2161,-4.408479148037761,0.33466799119810653
2162,-4.351362531662369,0.33466799119810653
2163,-4.290840029912937,0.33466799119810653
2164,-4.227015044468463,0.33466799119810653
2165,-4.1599966192459386,0.33466799119810653
2166,-4.089899254100655,0.33466799119810653
2167,-3.433655985978773,0.33466799119810653
2168,-4.016842709205097,0.33466799119810653
2169,-3.9409518004407476,0.33466799119810653
2170,-3.8623561861521547,0.33466799119810653
2171,-3.781190145627943,0.33466799119810653
2172,-3.6975923496868153,0.33466799119810653
2173,-3.5236767038804864,0.33466799119810653
2174,-3.61170562376082,0.33466799119810653
2175,0.11951967981524447,0.3326792057725337
2176,0.1132458865368382,0.3326792057725337
2177,0.10280147471877532,0.3326792057725337
2178,0.08820428846344397,0.3326792057725337
2179,0.06947926681869276,0.3326792057725337
2180,0.04665840116989717,0.3326792057725337
2181,0.019780680583221244,0.3326792057725337
2182,-0.011107974806592313,0.3326792057725337
2183,-0.04595479224994836,0.3326792057725337
2184,-0.08470023654379011,0.3326792057725337
2185,-0.1272781117464623,0.3326792057725337
2186,-0.17361567427243552,0.3326792057725337
2187,-0.22363375717341416,0.3326792057725337
2188,-0.27724690539380203,0.3326792057725337
2189,-0.3343635217691987,0.3326792057725337
2190,-0.39488602351859203,0.3326792057725337
2191,-0.4587110089631008,0.3326792057725337
2192,-0.5257294341856233,0.3326792057725337
2193,-0.5958267993308792,0.3326792057725337
2194,-0.6688833442264708,0.3326792057725337
2195,-0.7447742529908108,0.3326792057725337
2196,-0.8233698672794114,0.3326792057725337
2197,-0.9045359078036095,0.3326792057725337
2198,-0.9881337037447417,0.3326792057725337
2199,-1.0740204296707347,0.3326792057725337
2200,-1.1620493495510726,0.3326792057725337
2201,-1.2520700674527805,0.3326792057725337
2202,-1.3439287844893975,0.3326792057725337
2203,-1.4374685615837475,0.3326792057725337
2204,-1.532529587595764,0.3326792057725337
2205,-1.6289494523571126,0.3326792057725337
2206,-1.7265634241462613,0.3326792057725337
2207,-1.8252047311298278,0.3326792057725337
2208,-1.9247048462895227,0.3326792057725337
2209,-2.0248937753476506,0.3326792057725337
2210,-2.1256003471995504,0.3326792057725337
2211,-2.2266525063565314,0.3326792057725337
2212,-2.3278776068997797,0.3326792057725337
2213,-2.4291027074430245,0.3326792057725337
2214,-2.5301548666000055,0.3326792057725337
2215,-2.6308614384519076,0.3326792057725337
2216,-2.731050367510036,0.3326792057725337
2217,-2.830550482669724,0.3326792057725337
2218,-2.9291917896532977,0.3326792057725337
2219,-3.026805761442442,0.3326792057725337
2220,-3.1232256262037934,0.3326792057725337
2221,-3.218286652215811,0.3326792057725337
2222,-3.311826429310159,0.3326792057725337
2223,-4.775274893614792,0.3326792057725337
2224,-4.769001100336395,0.3326792057725337
2225,-4.758556688518329,0.3326792057725337
2226,-4.743959502262994,0.3326792057725337
2227,-4.725234480618242,0.3326792057725337
2228,-4.702413614969453,0.3326792057725337
2229,-4.675535894382771,0.3326792057725337
2230,-4.644647238992958,0.3326792057725337
2231,-4.609800421549606,0.3326792057725337
2232,-4.571054977255768,0.3326792057725337
2233,-4.52847710205309,0.3326792057725337
2234,-4.482139539527116,0.3326792057725337
2235,-4.432121456626135,0.3326792057725337
2236,-4.378508308405761,0.3326792057725337
2237,-4.321391692030369,0.3326792057725337
2238,-4.260869190280938,0.3326792057725337
2239,-4.197044204836464,0.3326792057725337
2240,-4.1300257796139395,0.3326792057725337
2241,-4.059928414468655,0.3326792057725337
2242,-3.403685146346774,0.3326792057725337
2243,-3.986871869573097,0.3326792057725337
2244,-3.910980960808748,0.3326792057725337
2245,-3.832385346520155,0.3326792057725337
2246,-3.751219305995943,0.3326792057725337
2247,-3.6676215100548157,0.3326792057725337
2248,-3.493705864248487,0.3326792057725337
2249,-3.5817347841288205,0.3326792057725337
2250,0.07145769625941778,-0.3358567495802378
2251,0.06518390298101151,-0.3358567495802378
2252,0.05473949116294863,-0.3358567495802378
2253,0.04014230490761728,-0.3358567495802378
2254,0.02141728326286607,-0.3358567495802378
2255,-0.0014035823859295249,-0.3358567495802378
2256,-0.02828130297260545,-0.3358567495802378
2257,-0.059169958362419006,-0.3358567495802378
2258,-0.09401677580577505,-0.3358567495802378
2259,-0.1327622200996168,-0.3358567495802378
2260,-0.175340095302289,-0.3358567495802378
2261,-0.2216776578282622,-0.3358567495802378
2262,-0.27169574072924085,-0.3358567495802378
2263,-0.3253088889496287,-0.3358567495802378
2264,-0.3824255053250254,-0.3358567495802378
2265,-0.4429480070744187,-0.3358567495802378
2266,-0.5067729925189275,-0.3358567495802378
2267,-0.57379141774145,-0.3358567495802378
2268,-0.6438887828867059,-0.3358567495802378
2269,-0.7169453277822975,-0.3358567495802378
2270,-0.7928362365466375,-0.3358567495802378
2271,-0.8714318508352381,-0.3358567495802378
2272,-0.9525978913594362,-0.3358567495802378
2273,-1.0361956873005684,-0.3358567495802378
2274,-1.1220824132265614,-0.3358567495802378
2275,-1.2101113331068993,-0.3358567495802378
2276,-1.3001320510086072,-0.3358567495802378
2277,-1.3919907680452241,-0.3358567495802378
2278,-1.4855305451395742,-0.3358567495802378
2279,-1.5805915711515908,-0.3358567495802378
2280,-1.6770114359129393,-0.3358567495802378
2281,-1.774625407702088,-0.3358567495802378
2282,-1.8732667146856545,-0.3358567495802378
2283,-1.9727668298453493,-0.3358567495802378
2284,-2.0729557589034773,-0.3358567495802378
2285,-2.173662330755377,-0.3358567495802378
2286,-2.274714489912358,-0.3358567495802378
2287,-2.3759395904556064,-0.3358567495802378
2288,-2.477164690998851,-0.3358567495802378
2289,-2.5782168501558322,-0.3358567495802378
2290,-2.6789234220077343,-0.3358567495802378
2291,-2.7791123510658626,-0.3358567495802378
2292,-2.8786124662255506,-0.3358567495802378
2293,-2.9772537732091244,-0.3358567495802378
2294,-3.0748677449982686,-0.3358567495802378
2295,-3.17128760975962,-0.3358567495802378
2296,-3.266348635771638,-0.3358567495802378
2297,-3.3598884128659856,-0.3358567495802378
2298,-4.82333687717062,-0.3358567495802378
2299,-4.81706308389222,-0.3358567495802378
2300,-4.806618672074157,-0.3358567495802378
2301,-4.79202148581882,-0.3358567495802378
2302,-4.773296464174068,-0.3358567495802378
2303,-4.75047559852528,-0.3358567495802378
2304,-4.723597877938598,-0.3358567495802378
2305,-4.6927092225487845,-0.3358567495802378
2306,-4.6578624051054325,-0.3358567495802378
2307,-4.619116960811595,-0.3358567495802378
2308,-4.576539085608916,-0.3358567495802378
2309,-4.530201523082942,-0.3358567495802378
2310,-4.480183440181961,-0.3358567495802378
2311,-4.426570291961589,-0.3358567495802378
2312,-4.369453675586197,-0.3358567495802378
2313,-4.308931173836765,-0.3358567495802378
2314,-4.245106188392291,-0.3358567495802378
2315,-4.178087763169766,-0.3358567495802378
2316,-4.107990398024482,-0.3358567495802378
2317,-3.451747129902601,-0.3358567495802378
2318,-4.034933853128924,-0.3358567495802378
2319,-3.9590429443645747,-0.3358567495802378
2320,-3.880447330075982,-0.3358567495802378
2321,-3.79928128955177,-0.3358567495802378
2322,-3.7156834936106424,-0.3358567495802378
2323,-3.5417678478043135,-0.3358567495802378
2324,-3.629796767684647,-0.3358567495802378
2325,0.08954884180577771,-0.33466800345125347
2326,0.08327504852737144,-0.33466800345125347
2327,0.07283063670930856,-0.33466800345125347
2328,0.05823345045397721,-0.33466800345125347
2329,0.039508428809226004,-0.33466800345125347
2330,0.016687563160430408,-0.33466800345125347
2331,-0.010190157426245516,-0.33466800345125347
2332,-0.041078812816059074,-0.33466800345125347
2333,-0.07592563025941512,-0.33466800345125347
2334,-0.11467107455325687,-0.33466800345125347
2335,-0.15724894975592907,-0.33466800345125347
2336,-0.20358651228190228,-0.33466800345125347
2337,-0.2536045951828809,-0.33466800345125347
2338,-0.3072177434032688,-0.33466800345125347
2339,-0.36433435977866546,-0.33466800345125347
2340,-0.4248568615280588,-0.33466800345125347
2341,-0.48868184697256756,-0.33466800345125347
2342,-0.5557002721950901,-0.33466800345125347
2343,-0.625797637340346,-0.33466800345125347
2344,-0.6988541822359375,-0.33466800345125347
2345,-0.7747450910002776,-0.33466800345125347
2346,-0.8533407052888782,-0.33466800345125347
2347,-0.9345067458130762,-0.33466800345125347
2348,-1.0181045417542085,-0.33466800345125347
2349,-1.1039912676802015,-0.33466800345125347
2350,-1.1920201875605394,-0.33466800345125347
2351,-1.2820409054622472,-0.33466800345125347
2352,-1.3738996224988642,-0.33466800345125347
2353,-1.4674393995932142,-0.33466800345125347
2354,-1.5625004256052308,-0.33466800345125347
2355,-1.6589202903665794,-0.33466800345125347
2356,-1.756534262155728,-0.33466800345125347
2357,-1.8551755691392946,-0.33466800345125347
2358,-1.9546756842989894,-0.33466800345125347
2359,-2.0548646133571173,-0.33466800345125347
2360,-2.155571185209017,-0.33466800345125347
2361,-2.256623344365998,-0.33466800345125347
2362,-2.3578484449092465,-0.33466800345125347
2363,-2.4590735454524912,-0.33466800345125347
2364,-2.5601257046094723,-0.33466800345125347
2365,-2.6608322764613743,-0.33466800345125347
2366,-2.7610212055195027,-0.33466800345125347
2367,-2.8605213206791906,-0.33466800345125347
2368,-2.9591626276627645,-0.33466800345125347
2369,-3.0567765994519087,-0.33466800345125347
2370,-3.15319646421326,-0.33466800345125347
2371,-3.248257490225278,-0.33466800345125347
2372,-3.3417972673196257,-0.33466800345125347
2373,-4.805245731624259,-0.33466800345125347
2374,-4.798971938345861,-0.33466800345125347
2375,-4.788527526527796,-0.33466800345125347
2376,-4.773930340272461,-0.33466800345125347
2377,-4.755205318627708,-0.33466800345125347
2378,-4.73238445297892,-0.33466800345125347
2379,-4.705506732392238,-0.33466800345125347
2380,-4.674618077002425,-0.33466800345125347
2381,-4.6397712595590725,-0.33466800345125347
2382,-4.601025815265235,-0.33466800345125347
2383,-4.558447940062557,-0.33466800345125347
2384,-4.512110377536583,-0.33466800345125347
2385,-4.462092294635601,-0.33466800345125347
2386,-4.408479146415228,-0.33466800345125347
2387,-4.351362530039836,-0.33466800345125347
2388,-4.290840028290405,-0.33466800345125347
2389,-4.227015042845931,-0.33466800345125347
2390,-4.159996617623406,-0.33466800345125347
2391,-4.089899252478122,-0.33466800345125347
2392,-3.433655984356241,-0.33466800345125347
2393,-4.016842707582564,-0.33466800345125347
2394,-3.940951798818215,-0.33466800345125347
2395,-3.862356184529622,-0.33466800345125347
2396,-3.78119014400541,-0.33466800345125347
2397,-3.6975923480642825,-0.33466800345125347
2398,-3.5236767022579536,-0.33466800345125347
2399,-3.6117056221382873,-0.33466800345125347
2400,0.1195196771752185,-0.3326791854922231
2401,0.11324588389681223,-0.3326791854922231
2402,0.10280147207874935,-0.3326791854922231
2403,0.088204285823418,-0.3326791854922231
2404,0.06947926417866679,-0.3326791854922231
2405,0.04665839852987119,-0.3326791854922231
2406,0.01978067794319527,-0.3326791854922231
2407,-0.011107977446618289,-0.3326791854922231
2408,-0.04595479488997434,-0.3326791854922231
2409,-0.08470023918381608,-0.3326791854922231
2410,-0.12727811438648828,-0.3326791854922231
2411,-0.1736156769124615,-0.3326791854922231
2412,-0.22363375981344014,-0.3326791854922231
2413,-0.277246908033828,-0.3326791854922231
2414,-0.3343635244092247,-0.3326791854922231
2415,-0.394886026158618,-0.3326791854922231
2416,-0.4587110116031268,-0.3326791854922231
2417,-0.5257294368256493,-0.3326791854922231
2418,-0.5958268019709052,-0.3326791854922231
2419,-0.6688833468664968,-0.3326791854922231
2420,-0.7447742556308368,-0.3326791854922231
2421,-0.8233698699194374,-0.3326791854922231
2422,-0.9045359104436355,-0.3326791854922231
2423,-0.9881337063847677,-0.3326791854922231
2424,-1.0740204323107607,-0.3326791854922231
2425,-1.1620493521910986,-0.3326791854922231
2426,-1.2520700700928065,-0.3326791854922231
2427,-1.3439287871294234,-0.3326791854922231
2428,-1.4374685642237734,-0.3326791854922231
2429,-1.53252959023579,-0.3326791854922231
2430,-1.6289494549971386,-0.3326791854922231
2431,-1.7265634267862873,-0.3326791854922231
2432,-1.8252047337698538,-0.3326791854922231
2433,-1.9247048489295486,-0.3326791854922231
2434,-2.0248937779876766,-0.3326791854922231
2435,-2.1256003498395764,-0.3326791854922231
2436,-2.2266525089965574,-0.3326791854922231
2437,-2.3278776095398057,-0.3326791854922231
2438,-2.4291027100830505,-0.3326791854922231
2439,-2.5301548692400315,-0.3326791854922231
2440,-2.6308614410919335,-0.3326791854922231
2441,-2.731050370150062,-0.3326791854922231
2442,-2.83055048530975,-0.3326791854922231
2443,-2.9291917922933237,-0.3326791854922231
2444,-3.026805764082468,-0.3326791854922231
2445,-3.1232256288438194,-0.3326791854922231
2446,-3.218286654855837,-0.3326791854922231
2447,-3.311826431950185,-0.3326791854922231
2448,-4.775274896254819,-0.3326791854922231
2449,-4.76900110297642,-0.3326791854922231
2450,-4.758556691158356,-0.3326791854922231
2451,-4.743959504903019,-0.3326791854922231
2452,-4.725234483258268,-0.3326791854922231
2453,-4.702413617609479,-0.3326791854922231
2454,-4.675535897022797,-0.3326791854922231
2455,-4.644647241632984,-0.3326791854922231
2456,-4.609800424189632,-0.3326791854922231
2457,-4.571054979895794,-0.3326791854922231
2458,-4.528477104693115,-0.3326791854922231
2459,-4.4821395421671415,-0.3326791854922231
2460,-4.432121459266161,-0.3326791854922231
2461,-4.378508311045788,-0.3326791854922231
2462,-4.321391694670396,-0.3326791854922231
2463,-4.260869192920964,-0.3326791854922231
2464,-4.19704420747649,-0.3326791854922231
2465,-4.130025782253965,-0.3326791854922231
2466,-4.059928417108681,-0.3326791854922231
2467,-3.4036851489868,-0.3326791854922231
2468,-3.986871872213123,-0.3326791854922231
2469,-3.910980963448774,-0.3326791854922231
2470,-3.832385349160181,-0.3326791854922231
2471,-3.751219308635969,-0.3326791854922231
2472,-3.6676215126948417,-0.3326791854922231
2473,-3.493705866888513,-0.3326791854922231
2474,-3.5817347867688465,-0.3326791854922231
2475,0.16109968777654204,0.3298787659149573
2476,0.15482589449813577,0.3298787659149573
2477,0.1443814826800729,0.3298787659149573
2478,0.12978429642474154,0.3298787659149573
2479,0.11105927477999034,0.3298787659149573
2480,0.08823840913119474,0.3298787659149573
2481,0.061360688544518815,0.3298787659149573
2482,0.030472033154705258,0.3298787659149573
2483,-0.00437478428865079,0.3298787659149573
2484,-0.04312022858249254,0.3298787659149573
2485,-0.08569810378516474,0.3298787659149573
2486,-0.13203566631113794,0.3298787659149573
2487,-0.1820537492121166,0.3298787659149573
2488,-0.23566689743250446,0.3298787659149573
2489,-0.29278351380790113,0.3298787659149573
2490,-0.35330601555729446,0.3298787659149573
2491,-0.4171310010018032,0.3298787659149573
2492,-0.4841494262243258,0.3298787659149573
2493,-0.5542467913695817,0.3298787659149573
2494,-0.6273033362651732,0.3298787659149573
2495,-0.7031942450295132,0.3298787659149573
2496,-0.7817898593181138,0.3298787659149573
2497,-0.8629558998423119,0.3298787659149573
2498,-0.9465536957834442,0.3298787659149573
2499,-1.0324404217094372,0.3298787659149573
2500,-1.120469341589775,0.3298787659149573
2501,-1.210490059491483,0.3298787659149573
2502,-1.3023487765280999,0.3298787659149573
2503,-1.39588855362245,0.3298787659149573
2504,-1.4909495796344665,0.3298787659149573
2505,-1.587369444395815,0.3298787659149573
2506,-1.6849834161849637,0.3298787659149573
2507,-1.7836247231685303,0.3298787659149573
2508,-1.883124838328225,0.3298787659149573
2509,-1.983313767386353,0.3298787659149573
2510,-2.084020339238253,0.3298787659149573
2511,-2.185072498395234,0.3298787659149573
2512,-2.286297598938482,0.3298787659149573
2513,-2.387522699481727,0.3298787659149573
2514,-2.488574858638708,0.3298787659149573
2515,-2.58928143049061,0.3298787659149573
2516,-2.6894703595487384,0.3298787659149573
2517,-2.7889704747084263,0.3298787659149573
2518,-2.887611781692,0.3298787659149573
2519,-2.9852257534811444,0.3298787659149573
2520,-3.081645618242496,0.3298787659149573
2521,-3.1767066442545135,0.3298787659149573
2522,-3.270246421348862,0.3298787659149573
2523,-4.733694885653495,0.3298787659149573
2524,-4.727421092375097,0.3298787659149573
2525,-4.716976680557032,0.3298787659149573
2526,-4.702379494301696,0.3298787659149573
2527,-4.683654472656944,0.3298787659149573
2528,-4.660833607008156,0.3298787659149573
2529,-4.633955886421473,0.3298787659149573
2530,-4.603067231031661,0.3298787659149573
2531,-4.568220413588309,0.3298787659149573
2532,-4.529474969294471,0.3298787659149573
2533,-4.486897094091792,0.3298787659149573
2534,-4.440559531565818,0.3298787659149573
2535,-4.3905414486648375,0.3298787659149573
2536,-4.336928300444464,0.3298787659149573
2537,-4.279811684069072,0.3298787659149573
2538,-4.21928918231964,0.3298787659149573
2539,-4.155464196875166,0.3298787659149573
2540,-4.0884457716526414,0.3298787659149573
2541,-4.018348406507358,0.3298787659149573
2542,-3.362105138385476,0.3298787659149573
2543,-3.9452918616117993,0.3298787659149573
2544,-3.8694009528474504,0.3298787659149573
2545,-3.7908053385588576,0.3298787659149573
2546,-3.709639298034646,0.3298787659149573
2547,-3.626041502093518,0.3298787659149573
2548,-3.4521258562871893,0.3298787659149573
2549,-3.540154776167523,0.3298787659149573
2550,0.16109969163237414,-0.3298787888746297
2551,0.15482589835396787,-0.3298787888746297
2552,0.144381486535905,-0.3298787888746297
2553,0.12978430028057364,-0.3298787888746297
2554,0.11105927863582243,-0.3298787888746297
2555,0.08823841298702684,-0.3298787888746297
2556,0.061360692400350914,-0.3298787888746297
2557,0.030472037010537356,-0.3298787888746297
2558,-0.004374780432818692,-0.3298787888746297
2559,-0.04312022472666044,-0.3298787888746297
2560,-0.08569809992933264,-0.3298787888746297
2561,-0.13203566245530585,-0.3298787888746297
2562,-0.1820537453562845,-0.3298787888746297
2563,-0.23566689357667236,-0.3298787888746297
2564,-0.29278350995206903,-0.3298787888746297
2565,-0.35330601170146236,-0.3298787888746297
2566,-0.4171309971459711,-0.3298787888746297
2567,-0.4841494223684937,-0.3298787888746297
2568,-0.5542467875137496,-0.3298787888746297
2569,-0.6273033324093411,-0.3298787888746297
2570,-0.7031942411736811,-0.3298787888746297
2571,-0.7817898554622817,-0.3298787888746297
2572,-0.8629558959864798,-0.3298787888746297
2573,-0.9465536919276121,-0.3298787888746297
2574,-1.032440417853605,-0.3298787888746297
2575,-1.120469337733943,-0.3298787888746297
2576,-1.2104900556356508,-0.3298787888746297
2577,-1.3023487726722678,-0.3298787888746297
2578,-1.3958885497666178,-0.3298787888746297
2579,-1.4909495757786344,-0.3298787888746297
2580,-1.587369440539983,-0.3298787888746297
2581,-1.6849834123291316,-0.3298787888746297
2582,-1.7836247193126982,-0.3298787888746297
2583,-1.883124834472393,-0.3298787888746297
2584,-1.983313763530521,-0.3298787888746297
2585,-2.0840203353824207,-0.3298787888746297
2586,-2.1850724945394018,-0.3298787888746297
2587,-2.28629759508265,-0.3298787888746297
2588,-2.387522695625895,-0.3298787888746297
2589,-2.488574854782876,-0.3298787888746297
2590,-2.589281426634778,-0.3298787888746297
2591,-2.6894703556929063,-0.3298787888746297
2592,-2.788970470852594,-0.3298787888746297
2593,-2.887611777836168,-0.3298787888746297
2594,-2.9852257496253123,-0.3298787888746297
2595,-3.0816456143866637,-0.3298787888746297
2596,-3.1767066403986814,-0.3298787888746297
2597,-3.2702464174930297,-0.3298787888746297
2598,-4.733694881797663,-0.3298787888746297
2599,-4.7274210885192645,-0.3298787888746297
2600,-4.7169766767012,-0.3298787888746297
2601,-4.702379490445864,-0.3298787888746297
2602,-4.683654468801112,-0.3298787888746297
2603,-4.660833603152323,-0.3298787888746297
2604,-4.633955882565642,-0.3298787888746297
2605,-4.603067227175828,-0.3298787888746297
2606,-4.568220409732476,-0.3298787888746297
2607,-4.529474965438638,-0.3298787888746297
2608,-4.48689709023596,-0.3298787888746297
2609,-4.440559527709986,-0.3298787888746297
2610,-4.3905414448090045,-0.3298787888746297
2611,-4.336928296588632,-0.3298787888746297
2612,-4.27981168021324,-0.3298787888746297
2613,-4.219289178463809,-0.3298787888746297
2614,-4.155464193019334,-0.3298787888746297
2615,-4.088445767796809,-0.3298787888746297
2616,-4.018348402651526,-0.3298787888746297
2617,-3.362105134529644,-0.3298787888746297
2618,-3.9452918577559672,-0.3298787888746297
2619,-3.8694009489916183,-0.3298787888746297
2620,-3.7908053347030255,-0.3298787888746297
2621,-3.709639294178814,-0.3298787888746297
2622,-3.626041498237686,-0.3298787888746297
2623,-3.452125852431357,-0.3298787888746297
2624,-3.540154772311691,-0.3298787888746297
2625,0.21391087739929304,0.32624966787947174
2626,0.20763708412088677,0.32624966787947174
2627,0.1971926723028239,0.32624966787947174
2628,0.18259548604749254,0.32624966787947174
2629,0.16387046440274133,0.32624966787947174
2630,0.14104959875394574,0.32624966787947174
2631,0.11417187816726981,0.32624966787947174
2632,0.08328322277745626,0.32624966787947174
2633,0.04843640533410021,0.32624966787947174
2634,0.009690961040258461,0.32624966787947174
2635,-0.03288691416241374,0.32624966787947174
2636,-0.07922447668838695,0.32624966787947174
2637,-0.1292425595893656,0.32624966787947174
2638,-0.18285570780975346,0.32624966787947174
2639,-0.23997232418515013,0.32624966787947174
2640,-0.30049482593454346,0.32624966787947174
2641,-0.3643198113790522,0.32624966787947174
2642,-0.4313382366015748,0.32624966787947174
2643,-0.5014356017468307,0.32624966787947174
2644,-0.5744921466424222,0.32624966787947174
2645,-0.6503830554067622,0.32624966787947174
2646,-0.7289786696953628,0.32624966787947174
2647,-0.8101447102195609,0.32624966787947174
2648,-0.8937425061606932,0.32624966787947174
2649,-0.9796292320866862,0.32624966787947174
2650,-1.067658151967024,0.32624966787947174
2651,-1.157678869868732,0.32624966787947174
2652,-1.2495375869053489,0.32624966787947174
2653,-1.343077363999699,0.32624966787947174
2654,-1.4381383900117155,0.32624966787947174
2655,-1.534558254773064,0.32624966787947174
2656,-1.6321722265622127,0.32624966787947174
2657,-1.7308135335457793,0.32624966787947174
2658,-1.830313648705474,0.32624966787947174
2659,-1.930502577763602,0.32624966787947174
2660,-2.031209149615502,0.32624966787947174
2661,-2.132261308772483,0.32624966787947174
2662,-2.233486409315731,0.32624966787947174
2663,-2.334711509858976,0.32624966787947174
2664,-2.435763669015957,0.32624966787947174
2665,-2.536470240867859,0.32624966787947174
2666,-2.6366591699259874,0.32624966787947174
2667,-2.7361592850856753,0.32624966787947174
2668,-2.834800592069249,0.32624966787947174
2669,-2.9324145638583934,0.32624966787947174
2670,-3.028834428619745,0.32624966787947174
2671,-3.1238954546317625,0.32624966787947174
2672,-3.2174352317261103,0.32624966787947174
2673,-4.680883696030744,0.32624966787947174
2674,-4.674609902752346,0.32624966787947174
2675,-4.6641654909342805,0.32624966787947174
2676,-4.6495683046789456,0.32624966787947174
2677,-4.630843283034193,0.32624966787947174
2678,-4.6080224173854045,0.32624966787947174
2679,-4.581144696798723,0.32624966787947174
2680,-4.550256041408909,0.32624966787947174
2681,-4.515409223965557,0.32624966787947174
2682,-4.4766637796717195,0.32624966787947174
2683,-4.4340859044690415,0.32624966787947174
2684,-4.387748341943068,0.32624966787947174
2685,-4.337730259042086,0.32624966787947174
2686,-4.284117110821713,0.32624966787947174
2687,-4.227000494446321,0.32624966787947174
2688,-4.16647799269689,0.32624966787947174
2689,-4.102653007252416,0.32624966787947174
2690,-4.035634582029891,0.32624966787947174
2691,-3.9655372168846066,0.32624966787947174
2692,-3.3092939487627255,0.32624966787947174
2693,-3.8924806719890483,0.32624966787947174
2694,-3.8165897632246994,0.32624966787947174
2695,-3.7379941489361066,0.32624966787947174
2696,-3.6568281084118945,0.32624966787947174
2697,-3.573230312470767,0.32624966787947174
2698,-3.3993146666644383,0.32624966787947174
2699,-3.487343586544772,0.32624966787947174
2700,0.21391087125684694,-0.326249648476141
2701,0.20763707797844067,-0.326249648476141
2702,0.19719266616037778,-0.326249648476141
2703,0.18259547990504643,-0.326249648476141
2704,0.16387045826029523,-0.326249648476141
2705,0.14104959261149963,-0.326249648476141
2706,0.1141718720248237,-0.326249648476141
2707,0.08328321663501015,-0.326249648476141
2708,0.0484363991916541,-0.326249648476141
2709,0.009690954897812354,-0.326249648476141
2710,-0.032886920304859846,-0.326249648476141
2711,-0.07922448283083305,-0.326249648476141
2712,-0.1292425657318117,-0.326249648476141
2713,-0.18285571395219957,-0.326249648476141
2714,-0.23997233032759624,-0.326249648476141
2715,-0.30049483207698957,-0.326249648476141
2716,-0.36431981752149833,-0.326249648476141
2717,-0.4313382427440209,-0.326249648476141
2718,-0.5014356078892768,-0.326249648476141
2719,-0.5744921527848683,-0.326249648476141
2720,-0.6503830615492083,-0.326249648476141
2721,-0.728978675837809,-0.326249648476141
2722,-0.810144716362007,-0.326249648476141
2723,-0.8937425123031393,-0.326249648476141
2724,-0.9796292382291323,-0.326249648476141
2725,-1.0676581581094702,-0.326249648476141
2726,-1.157678876011178,-0.326249648476141
2727,-1.249537593047795,-0.326249648476141
2728,-1.343077370142145,-0.326249648476141
2729,-1.4381383961541616,-0.326249648476141
2730,-1.5345582609155102,-0.326249648476141
2731,-1.6321722327046588,-0.326249648476141
2732,-1.7308135396882254,-0.326249648476141
2733,-1.8303136548479202,-0.326249648476141
2734,-1.9305025839060481,-0.326249648476141
2735,-2.031209155757948,-0.326249648476141
2736,-2.132261314914929,-0.326249648476141
2737,-2.2334864154581773,-0.326249648476141
2738,-2.334711516001422,-0.326249648476141
2739,-2.435763675158403,-0.326249648476141
2740,-2.536470247010305,-0.326249648476141
2741,-2.6366591760684335,-0.326249648476141
2742,-2.7361592912281214,-0.326249648476141
2743,-2.8348005982116953,-0.326249648476141
2744,-2.9324145700008395,-0.326249648476141
2745,-3.028834434762191,-0.326249648476141
2746,-3.1238954607742087,-0.326249648476141
2747,-3.217435237868557,-0.326249648476141
2748,-4.68088370217319,-0.326249648476141
2749,-4.674609908894792,-0.326249648476141
2750,-4.664165497076727,-0.326249648476141
2751,-4.649568310821391,-0.326249648476141
2752,-4.630843289176639,-0.326249648476141
2753,-4.608022423527851,-0.326249648476141
2754,-4.5811447029411685,-0.326249648476141
2755,-4.550256047551356,-0.326249648476141
2756,-4.515409230108004,-0.326249648476141
2757,-4.476663785814166,-0.326249648476141
2758,-4.434085910611487,-0.326249648476141
2759,-4.3877483480855135,-0.326249648476141
2760,-4.337730265184533,-0.326249648476141
2761,-4.284117116964159,-0.326249648476141
2762,-4.227000500588767,-0.326249648476141
2763,-4.166477998839335,-0.326249648476141
2764,-4.102653013394861,-0.326249648476141
2765,-4.035634588172337,-0.326249648476141
2766,-3.965537223027053,-0.326249648476141
2767,-3.309293954905171,-0.326249648476141
2768,-3.8924806781314945,-0.326249648476141
2769,-3.8165897693671456,-0.326249648476141
2770,-3.7379941550785527,-0.326249648476141
2771,-3.656828114554341,-0.326249648476141
2772,-3.5732303186132133,-0.326249648476141
2773,-3.3993146728068844,-0.326249648476141
2774,-3.487343592687218,-0.326249648476141
2775,0.27747023465001774,0.3217696339684544
2776,0.2711964413716115,0.3217696339684544
2777,0.2607520295535486,0.3217696339684544
2778,0.24615484329821724,0.3217696339684544
2779,0.22742982165346604,0.3217696339684544
2780,0.20460895600467044,0.3217696339684544
2781,0.17773123541799452,0.3217696339684544
2782,0.14684258002818096,0.3217696339684544
2783,0.11199576258482491,0.3217696339684544
2784,0.07325031829098316,0.3217696339684544
2785,0.030672443088310963,0.3217696339684544
2786,-0.015665119437662245,0.3217696339684544
2787,-0.06568320233864089,0.3217696339684544
2788,-0.11929635055902876,0.3217696339684544
2789,-0.17641296693442543,0.3217696339684544
2790,-0.23693546868381876,0.3217696339684544
2791,-0.3007604541283275,0.3217696339684544
2792,-0.3677788793508501,0.3217696339684544
2793,-0.43787624449610596,0.3217696339684544
2794,-0.5109327893916975,0.3217696339684544
2795,-0.5868236981560375,0.3217696339684544
2796,-0.6654193124446381,0.3217696339684544
2797,-0.7465853529688362,0.3217696339684544
2798,-0.8301831489099685,0.3217696339684544
2799,-0.9160698748359615,0.3217696339684544
2800,-1.0040987947162994,0.3217696339684544
2801,-1.0941195126180072,0.3217696339684544
2802,-1.1859782296546242,0.3217696339684544
2803,-1.2795180067489742,0.3217696339684544
2804,-1.3745790327609908,0.3217696339684544
2805,-1.4709988975223394,0.3217696339684544
2806,-1.568612869311488,0.3217696339684544
2807,-1.6672541762950546,0.3217696339684544
2808,-1.7667542914547494,0.3217696339684544
2809,-1.8669432205128773,0.3217696339684544
2810,-1.967649792364777,0.3217696339684544
2811,-2.068701951521758,0.3217696339684544
2812,-2.1699270520650065,0.3217696339684544
2813,-2.271152152608251,0.3217696339684544
2814,-2.3722043117652323,0.3217696339684544
2815,-2.4729108836171343,0.3217696339684544
2816,-2.5730998126752627,0.3217696339684544
2817,-2.6725999278349506,0.3217696339684544
2818,-2.7712412348185245,0.3217696339684544
2819,-2.8688552066076687,0.3217696339684544
2820,-2.96527507136902,0.3217696339684544
2821,-3.060336097381038,0.3217696339684544
2822,-3.1538758744753856,0.3217696339684544
2823,-4.617324338780019,0.3217696339684544
2824,-4.611050545501621,0.3217696339684544
2825,-4.600606133683556,0.3217696339684544
2826,-4.586008947428221,0.3217696339684544
2827,-4.567283925783468,0.3217696339684544
2828,-4.54446306013468,0.3217696339684544
2829,-4.517585339547998,0.3217696339684544
2830,-4.486696684158185,0.3217696339684544
2831,-4.4518498667148325,0.3217696339684544
2832,-4.413104422420995,0.3217696339684544
2833,-4.370526547218317,0.3217696339684544
2834,-4.324188984692343,0.3217696339684544
2835,-4.274170901791361,0.3217696339684544
2836,-4.220557753570988,0.3217696339684544
2837,-4.163441137195596,0.3217696339684544
2838,-4.102918635446165,0.3217696339684544
2839,-4.039093650001691,0.3217696339684544
2840,-3.972075224779166,0.3217696339684544
2841,-3.901977859633882,0.3217696339684544
2842,-3.245734591512001,0.3217696339684544
2843,-3.8289213147383236,0.3217696339684544
2844,-3.7530304059739747,0.3217696339684544
2845,-3.674434791685382,0.3217696339684544
2846,-3.59326875116117,0.3217696339684544
2847,-3.5096709552200425,0.3217696339684544
2848,-3.3357553094137136,0.3217696339684544
2849,-3.4237842292940472,0.3217696339684544
2850,0.2774702440576533,-0.32176964652811685
2851,0.27119645077924703,-0.32176964652811685
2852,0.26075203896118415,-0.32176964652811685
2853,0.2461548527058528,-0.32176964652811685
2854,0.2274298310611016,-0.32176964652811685
2855,0.204608965412306,-0.32176964652811685
2856,0.17773124482563007,-0.32176964652811685
2857,0.14684258943581652,-0.32176964652811685
2858,0.11199577199246047,-0.32176964652811685
2859,0.07325032769861872,-0.32176964652811685
2860,0.030672452495946523,-0.32176964652811685
2861,-0.015665110030026685,-0.32176964652811685
2862,-0.06568319293100533,-0.32176964652811685
2863,-0.1192963411513932,-0.32176964652811685
2864,-0.17641295752678987,-0.32176964652811685
2865,-0.2369354592761832,-0.32176964652811685
2866,-0.30076044472069197,-0.32176964652811685
2867,-0.3677788699432145,-0.32176964652811685
2868,-0.4378762350884704,-0.32176964652811685
2869,-0.510932779984062,-0.32176964652811685
2870,-0.586823688748402,-0.32176964652811685
2871,-0.6654193030370026,-0.32176964652811685
2872,-0.7465853435612007,-0.32176964652811685
2873,-0.8301831395023329,-0.32176964652811685
2874,-0.9160698654283259,-0.32176964652811685
2875,-1.0040987853086638,-0.32176964652811685
2876,-1.0941195032103717,-0.32176964652811685
2877,-1.1859782202469886,-0.32176964652811685
2878,-1.2795179973413386,-0.32176964652811685
2879,-1.3745790233533552,-0.32176964652811685
2880,-1.4709988881147038,-0.32176964652811685
2881,-1.5686128599038525,-0.32176964652811685
2882,-1.667254166887419,-0.32176964652811685
2883,-1.7667542820471138,-0.32176964652811685
2884,-1.8669432111052418,-0.32176964652811685
2885,-1.9676497829571415,-0.32176964652811685
2886,-2.0687019421141226,-0.32176964652811685
2887,-2.169927042657371,-0.32176964652811685
2888,-2.2711521432006156,-0.32176964652811685
2889,-2.3722043023575967,-0.32176964652811685
2890,-2.4729108742094987,-0.32176964652811685
2891,-2.573099803267627,-0.32176964652811685
2892,-2.672599918427315,-0.32176964652811685
2893,-2.771241225410889,-0.32176964652811685
2894,-2.868855197200033,-0.32176964652811685
2895,-2.9652750619613846,-0.32176964652811685
2896,-3.0603360879734023,-0.32176964652811685
2897,-3.15387586506775,-0.32176964652811685
2898,-4.617324329372384,-0.32176964652811685
2899,-4.611050536093986,-0.32176964652811685
2900,-4.60060612427592,-0.32176964652811685
2901,-4.586008938020585,-0.32176964652811685
2902,-4.567283916375833,-0.32176964652811685
2903,-4.544463050727044,-0.32176964652811685
2904,-4.517585330140363,-0.32176964652811685
2905,-4.486696674750549,-0.32176964652811685
2906,-4.451849857307197,-0.32176964652811685
2907,-4.413104413013359,-0.32176964652811685
2908,-4.370526537810681,-0.32176964652811685
2909,-4.324188975284708,-0.32176964652811685
2910,-4.274170892383726,-0.32176964652811685
2911,-4.220557744163353,-0.32176964652811685
2912,-4.16344112778796,-0.32176964652811685
2913,-4.102918626038529,-0.32176964652811685
2914,-4.039093640594055,-0.32176964652811685
2915,-3.9720752153715306,-0.32176964652811685
2916,-3.9019778502262463,-0.32176964652811685
2917,-3.2457345821043653,-0.32176964652811685
2918,-3.828921305330688,-0.32176964652811685
2919,-3.753030396566339,-0.32176964652811685
2920,-3.6744347822777463,-0.32176964652811685
2921,-3.5932687417535343,-0.32176964652811685
2922,-3.509670945812407,-0.32176964652811685
2923,-3.335755300006078,-0.32176964652811685
2924,-3.4237842198864117,-0.32176964652811685
2925,0.35118996716030804,0.31640989799719094
2926,0.34491617388190177,0.31640989799719094
2927,0.3344717620638389,0.31640989799719094
2928,0.31987457580850753,0.31640989799719094
2929,0.30114955416375633,0.31640989799719094
2930,0.27832868851496073,0.31640989799719094
2931,0.2514509679282848,0.31640989799719094
2932,0.22056231253847125,0.31640989799719094
2933,0.1857154950951152,0.31640989799719094
2934,0.14697005080127346,0.31640989799719094
2935,0.10439217559860126,0.31640989799719094
2936,0.05805461307262805,0.31640989799719094
2937,0.008036530171649403,0.31640989799719094
2938,-0.04557661804873847,0.31640989799719094
2939,-0.10269323442413514,0.31640989799719094
2940,-0.16321573617352847,0.31640989799719094
2941,-0.22704072161803723,0.31640989799719094
2942,-0.2940591468405598,0.31640989799719094
2943,-0.36415651198581567,0.31640989799719094
2944,-0.4372130568814072,0.31640989799719094
2945,-0.5131039656457472,0.31640989799719094
2946,-0.5916995799343479,0.31640989799719094
2947,-0.6728656204585459,0.31640989799719094
2948,-0.7564634163996782,0.31640989799719094
2949,-0.8423501423256712,0.31640989799719094
2950,-0.9303790622060091,0.31640989799719094
2951,-1.020399780107717,0.31640989799719094
2952,-1.112258497144334,0.31640989799719094
2953,-1.205798274238684,0.31640989799719094
2954,-1.3008593002507005,0.31640989799719094
2955,-1.397279165012049,0.31640989799719094
2956,-1.4948931368011977,0.31640989799719094
2957,-1.5935344437847643,0.31640989799719094
2958,-1.693034558944459,0.31640989799719094
2959,-1.793223488002587,0.31640989799719094
2960,-1.8939300598544868,0.31640989799719094
2961,-1.994982219011468,0.31640989799719094
2962,-2.096207319554716,0.31640989799719094
2963,-2.197432420097961,0.31640989799719094
2964,-2.298484579254942,0.31640989799719094
2965,-2.399191151106844,0.31640989799719094
2966,-2.4993800801649724,0.31640989799719094
2967,-2.5988801953246603,0.31640989799719094
2968,-2.697521502308234,0.31640989799719094
2969,-2.7951354740973784,0.31640989799719094
2970,-2.89155533885873,0.31640989799719094
2971,-2.9866163648707476,0.31640989799719094
2972,-3.0801561419650954,0.31640989799719094
2973,-4.54360460626973,0.31640989799719094
2974,-4.53733081299133,0.31640989799719094
2975,-4.526886401173266,0.31640989799719094
2976,-4.51228921491793,0.31640989799719094
2977,-4.493564193273178,0.31640989799719094
2978,-4.4707433276243895,0.31640989799719094
2979,-4.443865607037708,0.31640989799719094
2980,-4.412976951647894,0.31640989799719094
2981,-4.378130134204542,0.31640989799719094
2982,-4.3393846899107045,0.31640989799719094
2983,-4.296806814708026,0.31640989799719094
2984,-4.250469252182052,0.31640989799719094
2985,-4.200451169281071,0.31640989799719094
2986,-4.146838021060699,0.31640989799719094
2987,-4.0897214046853065,0.31640989799719094
2988,-4.029198902935875,0.31640989799719094
2989,-3.9653739174914007,0.31640989799719094
2990,-3.898355492268876,0.31640989799719094
2991,-3.8282581271235916,0.31640989799719094
2992,-3.1720148590017105,0.31640989799719094
2993,-3.7552015822280334,0.31640989799719094
2994,-3.6793106734636845,0.31640989799719094
2995,-3.6007150591750916,0.31640989799719094
2996,-3.5195490186508795,0.31640989799719094
2997,-3.435951222709752,0.31640989799719094
2998,-3.2620355769034233,0.31640989799719094
2999,-3.350064496783757,0.31640989799719094
3000,0.3511899551889246,-0.31640989181007756
3001,0.3449161619105183,-0.31640989181007756
3002,0.33447175009245544,-0.31640989181007756
3003,0.3198745638371241,-0.31640989181007756
3004,0.3011495421923729,-0.31640989181007756
3005,0.2783286765435773,-0.31640989181007756
3006,0.25145095595690137,-0.31640989181007756
3007,0.2205623005670878,-0.31640989181007756
3008,0.18571548312373176,-0.31640989181007756
3009,0.14697003882989002,-0.31640989181007756
3010,0.10439216362721782,-0.31640989181007756
3011,0.05805460110124461,-0.31640989181007756
3012,0.008036518200265963,-0.31640989181007756
3013,-0.04557663002012191,-0.31640989181007756
3014,-0.10269324639551858,-0.31640989181007756
3015,-0.1632157481449119,-0.31640989181007756
3016,-0.22704073358942067,-0.31640989181007756
3017,-0.2940591588119432,-0.31640989181007756
3018,-0.3641565239571991,-0.31640989181007756
3019,-0.43721306885279065,-0.31640989181007756
3020,-0.5131039776171307,-0.31640989181007756
3021,-0.5916995919057313,-0.31640989181007756
3022,-0.6728656324299294,-0.31640989181007756
3023,-0.7564634283710616,-0.31640989181007756
3024,-0.8423501542970546,-0.31640989181007756
3025,-0.9303790741773925,-0.31640989181007756
3026,-1.0203997920791004,-0.31640989181007756
3027,-1.1122585091157173,-0.31640989181007756
3028,-1.2057982862100673,-0.31640989181007756
3029,-1.300859312222084,-0.31640989181007756
3030,-1.3972791769834325,-0.31640989181007756
3031,-1.4948931487725812,-0.31640989181007756
3032,-1.5935344557561477,-0.31640989181007756
3033,-1.6930345709158425,-0.31640989181007756
3034,-1.7932234999739705,-0.31640989181007756
3035,-1.8939300718258703,-0.31640989181007756
3036,-1.9949822309828515,-0.31640989181007756
3037,-2.0962073315260996,-0.31640989181007756
3038,-2.1974324320693444,-0.31640989181007756
3039,-2.2984845912263254,-0.31640989181007756
3040,-2.3991911630782274,-0.31640989181007756
3041,-2.499380092136356,-0.31640989181007756
3042,-2.5988802072960437,-0.31640989181007756
3043,-2.6975215142796176,-0.31640989181007756
3044,-2.795135486068762,-0.31640989181007756
3045,-2.8915553508301133,-0.31640989181007756
3046,-2.986616376842131,-0.31640989181007756
3047,-3.0801561539364792,-0.31640989181007756
3048,-4.543604618241113,-0.31640989181007756
3049,-4.537330824962714,-0.31640989181007756
3050,-4.526886413144649,-0.31640989181007756
3051,-4.5122892268893136,-0.31640989181007756
3052,-4.493564205244562,-0.31640989181007756
3053,-4.4707433395957725,-0.31640989181007756
3054,-4.443865619009092,-0.31640989181007756
3055,-4.412976963619277,-0.31640989181007756
3056,-4.378130146175925,-0.31640989181007756
3057,-4.3393847018820875,-0.31640989181007756
3058,-4.2968068266794095,-0.31640989181007756
3059,-4.250469264153436,-0.31640989181007756
3060,-4.200451181252454,-0.31640989181007756
3061,-4.146838033032082,-0.31640989181007756
3062,-4.0897214166566895,-0.31640989181007756
3063,-4.0291989149072585,-0.31640989181007756
3064,-3.9653739294627837,-0.31640989181007756
3065,-3.898355504240259,-0.31640989181007756
3066,-3.8282581390949755,-0.31640989181007756
3067,-3.1720148709730935,-0.31640989181007756
3068,-3.755201594199417,-0.31640989181007756
3069,-3.679310685435068,-0.31640989181007756
3070,-3.600715071146475,-0.31640989181007756
3071,-3.5195490306222634,-0.31640989181007756
3072,-3.4359512346811356,-0.31640989181007756
3073,-3.2620355888748067,-0.31640989181007756
3074,-3.3500645087551404,-0.31640989181007756
3075,0.43437888957743365,0.3101369475624908
3076,0.4281050962990274,0.3101369475624908
3077,0.4176606844809645,0.3101369475624908
3078,0.40306349822563314,0.3101369475624908
3079,0.38433847658088194,0.3101369475624908
3080,0.36151761093208634,0.3101369475624908
3081,0.3346398903454104,0.3101369475624908
3082,0.30375123495559686,0.3101369475624908
3083,0.2689044175122408,0.3101369475624908
3084,0.23015897321839907,0.3101369475624908
3085,0.18758109801572687,0.3101369475624908
3086,0.14124353548975366,0.3101369475624908
3087,0.09122545258877501,0.3101369475624908
3088,0.03761230436838714,0.3101369475624908
3089,-0.019504312007009528,0.3101369475624908
3090,-0.08002681375640286,0.3101369475624908
3091,-0.14385179920091162,0.3101369475624908
3092,-0.21087022442343417,0.3101369475624908
3093,-0.28096758956869006,0.3101369475624908
3094,-0.3540241344642816,0.3101369475624908
3095,-0.4299150432286216,0.3101369475624908
3096,-0.5085106575172222,0.3101369475624908
3097,-0.5896766980414203,0.3101369475624908
3098,-0.6732744939825526,0.3101369475624908
3099,-0.7591612199085456,0.3101369475624908
3100,-0.8471901397888835,0.3101369475624908
3101,-0.9372108576905913,0.3101369475624908
3102,-1.0290695747272083,0.3101369475624908
3103,-1.1226093518215583,0.3101369475624908
3104,-1.217670377833575,0.3101369475624908
3105,-1.3140902425949235,0.3101369475624908
3106,-1.4117042143840721,0.3101369475624908
3107,-1.5103455213676387,0.3101369475624908
3108,-1.6098456365273335,0.3101369475624908
3109,-1.7100345655854614,0.3101369475624908
3110,-1.8107411374373612,0.3101369475624908
3111,-1.9117932965943425,0.3101369475624908
3112,-2.0130183971375906,0.3101369475624908
3113,-2.1142434976808353,0.3101369475624908
3114,-2.2152956568378164,0.3101369475624908
3115,-2.3160022286897184,0.3101369475624908
3116,-2.4161911577478468,0.3101369475624908
3117,-2.5156912729075347,0.3101369475624908
3118,-2.6143325798911086,0.3101369475624908
3119,-2.711946551680253,0.3101369475624908
3120,-2.8083664164416042,0.3101369475624908
3121,-2.903427442453622,0.3101369475624908
3122,-2.9969672195479697,0.3101369475624908
3123,-4.460415683852604,0.3101369475624908
3124,-4.4541418905742045,0.3101369475624908
3125,-4.443697478756141,0.3101369475624908
3126,-4.429100292500804,0.3101369475624908
3127,-4.410375270856052,0.3101369475624908
3128,-4.387554405207264,0.3101369475624908
3129,-4.360676684620582,0.3101369475624908
3130,-4.329788029230769,0.3101369475624908
3131,-4.294941211787417,0.3101369475624908
3132,-4.256195767493579,0.3101369475624908
3133,-4.2136178922909,0.3101369475624908
3134,-4.167280329764926,0.3101369475624908
3135,-4.1172622468639455,0.3101369475624908
3136,-4.063649098643573,0.3101369475624908
3137,-4.006532482268181,0.3101369475624908
3138,-3.946009980518749,0.3101369475624908
3139,-3.882184995074275,0.3101369475624908
3140,-3.8151665698517503,0.3101369475624908
3141,-3.745069204706466,0.3101369475624908
3142,-3.088825936584585,0.3101369475624908
3143,-3.6720126598109077,0.3101369475624908
3144,-3.596121751046559,0.3101369475624908
3145,-3.517526136757966,0.3101369475624908
3146,-3.436360096233754,0.3101369475624908
3147,-3.3527623002926266,0.3101369475624908
3148,-3.1788466544862977,0.3101369475624908
3149,-3.2668755743666313,0.3101369475624908
3150,0.4343789015929591,-0.31013694948927173
3151,0.42810510831455284,-0.31013694948927173
3152,0.41766069649648996,-0.31013694948927173
3153,0.4030635102411586,-0.31013694948927173
3154,0.3843384885964074,-0.31013694948927173
3155,0.3615176229476118,-0.31013694948927173
3156,0.3346399023609359,-0.31013694948927173
3157,0.3037512469711223,-0.31013694948927173
3158,0.2689044295277663,-0.31013694948927173
3159,0.23015898523392453,-0.31013694948927173
3160,0.18758111003125233,-0.31013694948927173
3161,0.14124354750527912,-0.31013694948927173
3162,0.09122546460430048,-0.31013694948927173
3163,0.0376123163839126,-0.31013694948927173
3164,-0.019504299991484064,-0.31013694948927173
3165,-0.0800268017408774,-0.31013694948927173
3166,-0.14385178718538616,-0.31013694948927173
3167,-0.2108702124079087,-0.31013694948927173
3168,-0.2809675775531646,-0.31013694948927173
3169,-0.35402412244875614,-0.31013694948927173
3170,-0.42991503121309615,-0.31013694948927173
3171,-0.5085106455016968,-0.31013694948927173
3172,-0.5896766860258948,-0.31013694948927173
3173,-0.6732744819670271,-0.31013694948927173
3174,-0.7591612078930201,-0.31013694948927173
3175,-0.847190127773358,-0.31013694948927173
3176,-0.9372108456750659,-0.31013694948927173
3177,-1.0290695627116828,-0.31013694948927173
3178,-1.1226093398060328,-0.31013694948927173
3179,-1.2176703658180494,-0.31013694948927173
3180,-1.314090230579398,-0.31013694948927173
3181,-1.4117042023685467,-0.31013694948927173
3182,-1.5103455093521132,-0.31013694948927173
3183,-1.609845624511808,-0.31013694948927173
3184,-1.710034553569936,-0.31013694948927173
3185,-1.8107411254218357,-0.31013694948927173
3186,-1.911793284578817,-0.31013694948927173
3187,-2.013018385122065,-0.31013694948927173
3188,-2.11424348566531,-0.31013694948927173
3189,-2.215295644822291,-0.31013694948927173
3190,-2.316002216674193,-0.31013694948927173
3191,-2.4161911457323213,-0.31013694948927173
3192,-2.5156912608920092,-0.31013694948927173
3193,-2.614332567875583,-0.31013694948927173
3194,-2.7119465396647273,-0.31013694948927173
3195,-2.8083664044260788,-0.31013694948927173
3196,-2.9034274304380965,-0.31013694948927173
3197,-2.9969672075324443,-0.31013694948927173
3198,-4.460415671837078,-0.31013694948927173
3199,-4.45414187855868,-0.31013694948927173
3200,-4.443697466740614,-0.31013694948927173
3201,-4.4291002804852795,-0.31013694948927173
3202,-4.410375258840527,-0.31013694948927173
3203,-4.3875543931917385,-0.31013694948927173
3204,-4.360676672605057,-0.31013694948927173
3205,-4.329788017215243,-0.31013694948927173
3206,-4.294941199771891,-0.31013694948927173
3207,-4.256195755478053,-0.31013694948927173
3208,-4.213617880275375,-0.31013694948927173
3209,-4.167280317749402,-0.31013694948927173
3210,-4.11726223484842,-0.31013694948927173
3211,-4.063649086628047,-0.31013694948927173
3212,-4.006532470252655,-0.31013694948927173
3213,-3.9460099685032235,-0.31013694948927173
3214,-3.8821849830587496,-0.31013694948927173
3215,-3.815166557836225,-0.31013694948927173
3216,-3.7450691926909405,-0.31013694948927173
3217,-3.0888259245690595,-0.31013694948927173
3218,-3.6720126477953823,-0.31013694948927173
3219,-3.5961217390310334,-0.31013694948927173
3220,-3.5175261247424405,-0.31013694948927173
3221,-3.4363600842182285,-0.31013694948927173
3222,-3.352762288277101,-0.31013694948927173
3223,-3.178846642470772,-0.31013694948927173
3224,-3.266875562351106,-0.31013694948927173
3225,0.5262434705303292,0.30291084353000447
3226,0.5199696772519229,0.30291084353000447
3227,0.50952526543386,0.30291084353000447
3228,0.49492807917852866,0.30291084353000447
3229,0.47620305753377745,0.30291084353000447
3230,0.45338219188498186,0.30291084353000447
3231,0.42650447129830593,0.30291084353000447
3232,0.3956158159084924,0.30291084353000447
3233,0.3607689984651363,0.30291084353000447
3234,0.3220235541712946,0.30291084353000447
3235,0.2794456789686224,0.30291084353000447
3236,0.23310811644264917,0.30291084353000447
3237,0.18309003354167053,0.30291084353000447
3238,0.12947688532128265,0.30291084353000447
3239,0.07236026894588599,0.30291084353000447
3240,0.011837767196492655,0.30291084353000447
3241,-0.05198721824801611,0.30291084353000447
3242,-0.11900564347053866,0.30291084353000447
3243,-0.18910300861579454,0.30291084353000447
3244,-0.2621595535113861,0.30291084353000447
3245,-0.3380504622757261,0.30291084353000447
3246,-0.41664607656432673,0.30291084353000447
3247,-0.4978121170885248,0.30291084353000447
3248,-0.581409913029657,0.30291084353000447
3249,-0.6672966389556501,0.30291084353000447
3250,-0.755325558835988,0.30291084353000447
3251,-0.8453462767376958,0.30291084353000447
3252,-0.9372049937743129,0.30291084353000447
3253,-1.0307447708686628,0.30291084353000447
3254,-1.1258057968806794,0.30291084353000447
3255,-1.2222256616420282,0.30291084353000447
3256,-1.3198396334311768,0.30291084353000447
3257,-1.4184809404147432,0.30291084353000447
3258,-1.517981055574438,0.30291084353000447
3259,-1.6181699846325661,0.30291084353000447
3260,-1.718876556484466,0.30291084353000447
3261,-1.819928715641447,0.30291084353000447
3262,-1.9211538161846948,0.30291084353000447
3263,-2.0223789167279396,0.30291084353000447
3264,-2.1234310758849206,0.30291084353000447
3265,-2.2241376477368227,0.30291084353000447
3266,-2.3243265767949515,0.30291084353000447
3267,-2.4238266919546394,0.30291084353000447
3268,-2.522467998938213,0.30291084353000447
3269,-2.6200819707273575,0.30291084353000447
3270,-2.7165018354887085,0.30291084353000447
3271,-2.811562861500726,0.30291084353000447
3272,-2.9051026385950744,0.30291084353000447
3273,-4.368551102899708,0.30291084353000447
3274,-4.36227730962131,0.30291084353000447
3275,-4.351832897803245,0.30291084353000447
3276,-4.337235711547909,0.30291084353000447
3277,-4.318510689903157,0.30291084353000447
3278,-4.295689824254368,0.30291084353000447
3279,-4.2688121036676865,0.30291084353000447
3280,-4.237923448277873,0.30291084353000447
3281,-4.203076630834521,0.30291084353000447
3282,-4.164331186540683,0.30291084353000447
3283,-4.121753311338005,0.30291084353000447
3284,-4.0754157488120315,0.30291084353000447
3285,-4.02539766591105,0.30291084353000447
3286,-3.9717845176906774,0.30291084353000447
3287,-3.914667901315285,0.30291084353000447
3288,-3.8541453995658532,0.30291084353000447
3289,-3.7903204141213793,0.30291084353000447
3290,-3.7233019888988546,0.30291084353000447
3291,-3.6532046237535707,0.30291084353000447
3292,-2.996961355631689,0.30291084353000447
3293,-3.580148078858012,0.30291084353000447
3294,-3.5042571700936636,0.30291084353000447
3295,-3.4256615558050703,0.30291084353000447
3296,-3.3444955152808586,0.30291084353000447
3297,-3.260897719339731,0.30291084353000447
3298,-3.0869820735334024,0.30291084353000447
3299,-3.1750109934137356,0.30291084353000447
3300,0.5262434609535533,-0.3029108444478677
3301,0.5199696676751471,-0.3029108444478677
3302,0.5095252558570842,-0.3029108444478677
3303,0.49492806960175284,-0.3029108444478677
3304,0.47620304795700164,-0.3029108444478677
3305,0.45338218230820604,-0.3029108444478677
3306,0.4265044617215301,-0.3029108444478677
3307,0.39561580633171656,-0.3029108444478677
3308,0.3607689888883605,-0.3029108444478677
3309,0.32202354459451876,-0.3029108444478677
3310,0.27944566939184656,-0.3029108444478677
3311,0.23310810686587335,-0.3029108444478677
3312,0.1830900239648947,-0.3029108444478677
3313,0.12947687574450684,-0.3029108444478677
3314,0.07236025936911017,-0.3029108444478677
3315,0.011837757619716838,-0.3029108444478677
3316,-0.051987227824791926,-0.3029108444478677
3317,-0.11900565304731447,-0.3029108444478677
3318,-0.18910301819257036,-0.3029108444478677
3319,-0.2621595630881619,-0.3029108444478677
3320,-0.3380504718525019,-0.3029108444478677
3321,-0.41664608614110255,-0.3029108444478677
3322,-0.4978121266653006,-0.3029108444478677
3323,-0.5814099226064329,-0.3029108444478677
3324,-0.6672966485324259,-0.3029108444478677
3325,-0.7553255684127638,-0.3029108444478677
3326,-0.8453462863144716,-0.3029108444478677
3327,-0.9372050033510887,-0.3029108444478677
3328,-1.0307447804454386,-0.3029108444478677
3329,-1.1258058064574552,-0.3029108444478677
3330,-1.222225671218804,-0.3029108444478677
3331,-1.3198396430079526,-0.3029108444478677
3332,-1.418480949991519,-0.3029108444478677
3333,-1.5179810651512138,-0.3029108444478677
3334,-1.618169994209342,-0.3029108444478677
3335,-1.7188765660612417,-0.3029108444478677
3336,-1.8199287252182228,-0.3029108444478677
3337,-1.9211538257614706,-0.3029108444478677
3338,-2.0223789263047154,-0.3029108444478677
3339,-2.1234310854616965,-0.3029108444478677
3340,-2.2241376573135985,-0.3029108444478677
3341,-2.3243265863717273,-0.3029108444478677
3342,-2.423826701531415,-0.3029108444478677
3343,-2.5224680085149886,-0.3029108444478677
3344,-2.6200819803041333,-0.3029108444478677
3345,-2.7165018450654843,-0.3029108444478677
3346,-2.811562871077502,-0.3029108444478677
3347,-2.9051026481718503,-0.3029108444478677
3348,-4.368551112476484,-0.3029108444478677
3349,-4.3622773191980855,-0.3029108444478677
3350,-4.351832907380021,-0.3029108444478677
3351,-4.337235721124685,-0.3029108444478677
3352,-4.3185106994799325,-0.3029108444478677
3353,-4.295689833831144,-0.3029108444478677
3354,-4.268812113244462,-0.3029108444478677
3355,-4.237923457854649,-0.3029108444478677
3356,-4.203076640411297,-0.3029108444478677
3357,-4.164331196117459,-0.3029108444478677
3358,-4.121753320914781,-0.3029108444478677
3359,-4.075415758388807,-0.3029108444478677
3360,-4.025397675487826,-0.3029108444478677
3361,-3.9717845272674532,-0.3029108444478677
3362,-3.914667910892061,-0.3029108444478677
3363,-3.854145409142629,-0.3029108444478677
3364,-3.790320423698155,-0.3029108444478677
3365,-3.7233019984756304,-0.3029108444478677
3366,-3.6532046333303465,-0.3029108444478677
3367,-2.996961365208465,-0.3029108444478677
3368,-3.580148088434788,-0.3029108444478677
3369,-3.5042571796704394,-0.3029108444478677
3370,-3.425661565381846,-0.3029108444478677
3371,-3.3444955248576345,-0.3029108444478677
3372,-3.2608977289165066,-0.3029108444478677
3373,-3.086982083110178,-0.3029108444478677
3374,-3.1750110029905114,-0.3029108444478677
3375,0.6258841230477714,0.29468637884493515
3376,0.6196103297693651,0.29468637884493515
3377,0.6091659179513023,0.29468637884493515
3378,0.5945687316959709,0.29468637884493515
3379,0.5758437100512197,0.29468637884493515
3380,0.5530228444024241,0.29468637884493515
3381,0.5261451238157482,0.29468637884493515
3382,0.4952564684259346,0.29468637884493515
3383,0.4604096509825786,0.29468637884493515
3384,0.42166420668873683,0.29468637884493515
3385,0.37908633148606463,0.29468637884493515
3386,0.3327487689600914,0.29468637884493515
3387,0.2827306860591128,0.29468637884493515
3388,0.2291175378387249,0.29468637884493515
3389,0.17200092146332824,0.29468637884493515
3390,0.1114784197139349,0.29468637884493515
3391,0.04765343426942614,0.29468637884493515
3392,-0.019364990953096406,0.29468637884493515
3393,-0.08946235609835229,0.29468637884493515
3394,-0.16251890099394384,0.29468637884493515
3395,-0.23840980975828385,0.29468637884493515
3396,-0.3170054240468845,0.29468637884493515
3397,-0.39817146457108255,0.29468637884493515
3398,-0.4817692605122148,0.29468637884493515
3399,-0.5676559864382078,0.29468637884493515
3400,-0.6556849063185457,0.29468637884493515
3401,-0.7457056242202535,0.29468637884493515
3402,-0.8375643412568706,0.29468637884493515
3403,-0.9311041183512205,0.29468637884493515
3404,-1.0261651443632371,0.29468637884493515
3405,-1.122585009124586,0.29468637884493515
3406,-1.2201989809137346,0.29468637884493515
3407,-1.318840287897301,0.29468637884493515
3408,-1.4183404030569957,0.29468637884493515
3409,-1.5185293321151239,0.29468637884493515
3410,-1.6192359039670237,0.29468637884493515
3411,-1.7202880631240047,0.29468637884493515
3412,-1.8215131636672526,0.29468637884493515
3413,-1.9227382642104975,0.29468637884493515
3414,-2.0237904233674784,0.29468637884493515
3415,-2.1244969952193804,0.29468637884493515
3416,-2.224685924277509,0.29468637884493515
3417,-2.3241860394371967,0.29468637884493515
3418,-2.4228273464207706,0.29468637884493515
3419,-2.5204413182099152,0.29468637884493515
3420,-2.6168611829712667,0.29468637884493515
3421,-2.7119222089832844,0.29468637884493515
3422,-2.805461986077632,0.29468637884493515
3423,-4.268910450382266,0.29468637884493515
3424,-4.262636657103867,0.29468637884493515
3425,-4.252192245285802,0.29468637884493515
3426,-4.2375950590304665,0.29468637884493515
3427,-4.218870037385715,0.29468637884493515
3428,-4.196049171736926,0.29468637884493515
3429,-4.169171451150245,0.29468637884493515
3430,-4.138282795760431,0.29468637884493515
3431,-4.103435978317079,0.29468637884493515
3432,-4.064690534023241,0.29468637884493515
3433,-4.0221126588205625,0.29468637884493515
3434,-3.975775096294589,0.29468637884493515
3435,-3.925757013393608,0.29468637884493515
3436,-3.8721438651732347,0.29468637884493515
3437,-3.8150272487978425,0.29468637884493515
3438,-3.7545047470484114,0.29468637884493515
3439,-3.690679761603937,0.29468637884493515
3440,-3.6236613363814123,0.29468637884493515
3441,-3.5535639712361284,0.29468637884493515
3442,-2.897320703114247,0.29468637884493515
3443,-3.48050742634057,0.29468637884493515
3444,-3.404616517576221,0.29468637884493515
3445,-3.3260209032876284,0.29468637884493515
3446,-3.2448548627634164,0.29468637884493515
3447,-3.161257066822289,0.29468637884493515
3448,-2.9873414210159597,0.29468637884493515
3449,-3.075370340896294,0.29468637884493515
3450,0.6258841297712721,-0.29468637546436266
3451,0.6196103364928658,-0.29468637546436266
3452,0.6091659246748029,-0.29468637546436266
3453,0.5945687384194716,-0.29468637546436266
3454,0.5758437167747203,-0.29468637546436266
3455,0.5530228511259248,-0.29468637546436266
3456,0.5261451305392488,-0.29468637546436266
3457,0.49525647514943527,-0.29468637546436266
3458,0.4604096577060792,-0.29468637546436266
3459,0.4216642134122375,-0.29468637546436266
3460,0.3790863382095653,-0.29468637546436266
3461,0.33274877568359207,-0.29468637546436266
3462,0.2827306927826134,-0.29468637546436266
3463,0.22911754456222555,-0.29468637546436266
3464,0.17200092818682888,-0.29468637546436266
3465,0.11147842643743555,-0.29468637546436266
3466,0.04765344099292679,-0.29468637546436266
3467,-0.01936498422959576,-0.29468637546436266
3468,-0.08946234937485165,-0.29468637546436266
3469,-0.1625188942704432,-0.29468637546436266
3470,-0.2384098030347832,-0.29468637546436266
3471,-0.31700541732338383,-0.29468637546436266
3472,-0.3981714578475819,-0.29468637546436266
3473,-0.48176925378871416,-0.29468637546436266
3474,-0.5676559797147072,-0.29468637546436266
3475,-0.6556848995950451,-0.29468637546436266
3476,-0.7457056174967529,-0.29468637546436266
3477,-0.83756433453337,-0.29468637546436266
3478,-0.9311041116277199,-0.29468637546436266
3479,-1.0261651376397365,-0.29468637546436266
3480,-1.122585002401085,-0.29468637546436266
3481,-1.2201989741902337,-0.29468637546436266
3482,-1.3188402811738003,-0.29468637546436266
3483,-1.418340396333495,-0.29468637546436266
3484,-1.518529325391623,-0.29468637546436266
3485,-1.6192358972435228,-0.29468637546436266
3486,-1.720288056400504,-0.29468637546436266
3487,-1.821513156943752,-0.29468637546436266
3488,-1.922738257486997,-0.29468637546436266
3489,-2.023790416643978,-0.29468637546436266
3490,-2.12449698849588,-0.29468637546436266
3491,-2.2246859175540084,-0.29468637546436266
3492,-2.3241860327136963,-0.29468637546436266
3493,-2.42282733969727,-0.29468637546436266
3494,-2.5204413114864144,-0.29468637546436266
3495,-2.616861176247766,-0.29468637546436266
3496,-2.7119222022597835,-0.29468637546436266
3497,-2.8054619793541313,-0.29468637546436266
3498,-4.268910443658765,-0.29468637546436266
3499,-4.262636650380367,-0.29468637546436266
3500,-4.252192238562301,-0.29468637546436266
3501,-4.2375950523069665,-0.29468637546436266
3502,-4.218870030662214,-0.29468637546436266
3503,-4.1960491650134255,-0.29468637546436266
3504,-4.169171444426744,-0.29468637546436266
3505,-4.13828278903693,-0.29468637546436266
3506,-4.103435971593578,-0.29468637546436266
3507,-4.0646905272997405,-0.29468637546436266
3508,-4.0221126520970625,-0.29468637546436266
3509,-3.9757750895710884,-0.29468637546436266
3510,-3.925757006670107,-0.29468637546436266
3511,-3.8721438584497343,-0.29468637546436266
3512,-3.815027242074342,-0.29468637546436266
3513,-3.7545047403249105,-0.29468637546436266
3514,-3.6906797548804366,-0.29468637546436266
3515,-3.623661329657912,-0.29468637546436266
3516,-3.5535639645126276,-0.29468637546436266
3517,-2.8973206963907465,-0.29468637546436266
3518,-3.4805074196170693,-0.29468637546436266
3519,-3.4046165108527204,-0.29468637546436266
3520,-3.3260208965641276,-0.29468637546436266
3521,-3.2448548560399155,-0.29468637546436266
3522,-3.161257060098788,-0.29468637546436266
3523,-2.9873414142924593,-0.29468637546436266
3524,-3.075370334172793,-0.29468637546436266
3525,0.732296310832165,0.28541268692096367
3526,0.7260225175537587,0.28541268692096367
3527,0.7155781057356958,0.28541268692096367
3528,0.7009809194803645,0.28541268692096367
3529,0.6822558978356132,0.28541268692096367
3530,0.6594350321868176,0.28541268692096367
3531,0.6325573116001417,0.28541268692096367
3532,0.6016686562103282,0.28541268692096367
3533,0.5668218387669721,0.28541268692096367
3534,0.5280763944731304,0.28541268692096367
3535,0.4854985192704582,0.28541268692096367
3536,0.43916095674448496,0.28541268692096367
3537,0.3891428738435063,0.28541268692096367
3538,0.33552972562311845,0.28541268692096367
3539,0.2784131092477218,0.28541268692096367
3540,0.21789060749832845,0.28541268692096367
3541,0.15406562205381968,0.28541268692096367
3542,0.08704719683129714,0.28541268692096367
3543,0.01694983168604125,0.28541268692096367
3544,-0.056106713209550296,0.28541268692096367
3545,-0.1319976219738903,0.28541268692096367
3546,-0.21059323626249093,0.28541268692096367
3547,-0.291759276786689,0.28541268692096367
3548,-0.37535707272782126,0.28541268692096367
3549,-0.46124379865381426,0.28541268692096367
3550,-0.5492727185341522,0.28541268692096367
3551,-0.63929343643586,0.28541268692096367
3552,-0.7311521534724771,0.28541268692096367
3553,-0.824691930566827,0.28541268692096367
3554,-0.9197529565788436,0.28541268692096367
3555,-1.0161728213401924,0.28541268692096367
3556,-1.113786793129341,0.28541268692096367
3557,-1.2124281001129074,0.28541268692096367
3558,-1.3119282152726022,0.28541268692096367
3559,-1.4121171443307303,0.28541268692096367
3560,-1.5128237161826301,0.28541268692096367
3561,-1.6138758753396112,0.28541268692096367
3562,-1.715100975882859,0.28541268692096367
3563,-1.816326076426104,0.28541268692096367
3564,-1.9173782355830848,0.28541268692096367
3565,-2.018084807434987,0.28541268692096367
3566,-2.1182737364931157,0.28541268692096367
3567,-2.2177738516528036,0.28541268692096367
3568,-2.316415158636377,0.28541268692096367
3569,-2.4140291304255217,0.28541268692096367
3570,-2.5104489951868727,0.28541268692096367
3571,-2.6055100211988904,0.28541268692096367
3572,-2.6990497982932387,0.28541268692096367
3573,-4.162498262597873,0.28541268692096367
3574,-4.156224469319474,0.28541268692096367
3575,-4.145780057501409,0.28541268692096367
3576,-4.131182871246073,0.28541268692096367
3577,-4.112457849601321,0.28541268692096367
3578,-4.089636983952532,0.28541268692096367
3579,-4.062759263365851,0.28541268692096367
3580,-4.031870607976037,0.28541268692096367
3581,-3.997023790532685,0.28541268692096367
3582,-3.9582783462388473,0.28541268692096367
3583,-3.9157004710361694,0.28541268692096367
3584,-3.8693629085101957,0.28541268692096367
3585,-3.819344825609214,0.28541268692096367
3586,-3.7657316773888416,0.28541268692096367
3587,-3.7086150610134494,0.28541268692096367
3588,-3.6480925592640174,0.28541268692096367
3589,-3.5842675738195435,0.28541268692096367
3590,-3.5172491485970188,0.28541268692096367
3591,-3.447151783451735,0.28541268692096367
3592,-2.7909085153298534,0.28541268692096367
3593,-3.374095238556176,0.28541268692096367
3594,-3.2982043297918278,0.28541268692096367
3595,-3.2196087155032345,0.28541268692096367
3596,-3.138442674979023,0.28541268692096367
3597,-3.054844879037895,0.28541268692096367
3598,-2.8809292332315666,0.28541268692096367
3599,-2.9689581531119,0.28541268692096367
3600,0.7322963052381268,-0.28541269210276815
3601,0.7260225119597206,-0.28541269210276815
3602,0.7155781001416577,-0.28541269210276815
3603,0.7009809138863263,-0.28541269210276815
3604,0.6822558922415751,-0.28541269210276815
3605,0.6594350265927795,-0.28541269210276815
3606,0.6325573060061036,-0.28541269210276815
3607,0.60166865061629,-0.28541269210276815
3608,0.566821833172934,-0.28541269210276815
3609,0.5280763888790923,-0.28541269210276815
3610,0.48549851367642005,-0.28541269210276815
3611,0.43916095115044684,-0.28541269210276815
3612,0.3891428682494682,-0.28541269210276815
3613,0.3355297200290803,-0.28541269210276815
3614,0.27841310365368366,-0.28541269210276815
3615,0.21789060190429033,-0.28541269210276815
3616,0.15406561645978156,-0.28541269210276815
3617,0.08704719123725901,-0.28541269210276815
3618,0.01694982609200313,-0.28541269210276815
3619,-0.05610671880358842,-0.28541269210276815
3620,-0.13199762756792843,-0.28541269210276815
3621,-0.21059324185652906,-0.28541269210276815
3622,-0.2917592823807271,-0.28541269210276815
3623,-0.3753570783218594,-0.28541269210276815
3624,-0.4612438042478524,-0.28541269210276815
3625,-0.5492727241281903,-0.28541269210276815
3626,-0.6392934420298981,-0.28541269210276815
3627,-0.7311521590665152,-0.28541269210276815
3628,-0.8246919361608651,-0.28541269210276815
3629,-0.9197529621728817,-0.28541269210276815
3630,-1.0161728269342305,-0.28541269210276815
3631,-1.1137867987233792,-0.28541269210276815
3632,-1.2124281057069455,-0.28541269210276815
3633,-1.3119282208666403,-0.28541269210276815
3634,-1.4121171499247684,-0.28541269210276815
3635,-1.5128237217766682,-0.28541269210276815
3636,-1.6138758809336493,-0.28541269210276815
3637,-1.7151009814768972,-0.28541269210276815
3638,-1.8163260820201421,-0.28541269210276815
3639,-1.917378241177123,-0.28541269210276815
3640,-2.018084813029025,-0.28541269210276815
3641,-2.118273742087154,-0.28541269210276815
3642,-2.2177738572468417,-0.28541269210276815
3643,-2.316415164230415,-0.28541269210276815
3644,-2.41402913601956,-0.28541269210276815
3645,-2.510449000780911,-0.28541269210276815
3646,-2.6055100267929285,-0.28541269210276815
3647,-2.6990498038872768,-0.28541269210276815
3648,-4.162498268191911,-0.28541269210276815
3649,-4.156224474913512,-0.28541269210276815
3650,-4.145780063095447,-0.28541269210276815
3651,-4.1311828768401115,-0.28541269210276815
3652,-4.112457855195359,-0.28541269210276815
3653,-4.0896369895465705,-0.28541269210276815
3654,-4.062759268959889,-0.28541269210276815
3655,-4.031870613570075,-0.28541269210276815
3656,-3.997023796126723,-0.28541269210276815
3657,-3.9582783518328855,-0.28541269210276815
3658,-3.9157004766302075,-0.28541269210276815
3659,-3.869362914104234,-0.28541269210276815
3660,-3.819344831203252,-0.28541269210276815
3661,-3.7657316829828797,-0.28541269210276815
3662,-3.7086150666074875,-0.28541269210276815
3663,-3.6480925648580556,-0.28541269210276815
3664,-3.5842675794135817,-0.28541269210276815
3665,-3.517249154191057,-0.28541269210276815
3666,-3.447151789045773,-0.28541269210276815
3667,-2.7909085209238915,-0.28541269210276815
3668,-3.3740952441502143,-0.28541269210276815
3669,-3.298204335385866,-0.28541269210276815
3670,-3.2196087210972726,-0.28541269210276815
3671,-3.138442680573061,-0.28541269210276815
3672,-3.054844884631933,-0.28541269210276815
3673,-2.8809292388256047,-0.28541269210276815
3674,-2.968958158705938,-0.28541269210276815
3675,0.8443619162576763,0.275028584353841
3676,0.83808812297927,0.275028584353841
3677,0.8276437111612072,0.275028584353841
3678,0.8130465249058758,0.275028584353841
3679,0.7943215032611246,0.275028584353841
3680,0.771500637612329,0.275028584353841
3681,0.7446229170256531,0.275028584353841
3682,0.7137342616358395,0.275028584353841
3683,0.6788874441924835,0.275028584353841
3684,0.6401419998986417,0.275028584353841
3685,0.5975641246959695,0.275028584353841
3686,0.5512265621699963,0.275028584353841
3687,0.5012084792690177,0.275028584353841
3688,0.4475953310486298,0.275028584353841
3689,0.39047871467323314,0.275028584353841
3690,0.3299562129238398,0.275028584353841
3691,0.26613122747933105,0.275028584353841
3692,0.1991128022568085,0.275028584353841
3693,0.1290154371115526,0.275028584353841
3694,0.055958892215961065,0.275028584353841
3695,-0.01993201654837895,0.275028584353841
3696,-0.09852763083697957,0.275028584353841
3697,-0.17969367136117764,0.275028584353841
3698,-0.2632914673023099,0.275028584353841
3699,-0.3491781932283029,0.275028584353841
3700,-0.4372071131086408,0.275028584353841
3701,-0.5272278310103486,0.275028584353841
3702,-0.6190865480469657,0.275028584353841
3703,-0.7126263251413156,0.275028584353841
3704,-0.8076873511533322,0.275028584353841
3705,-0.9041072159146809,0.275028584353841
3706,-1.0017211877038297,0.275028584353841
3707,-1.100362494687396,0.275028584353841
3708,-1.1998626098470908,0.275028584353841
3709,-1.300051538905219,0.275028584353841
3710,-1.4007581107571188,0.275028584353841
3711,-1.5018102699140998,0.275028584353841
3712,-1.6030353704573477,0.275028584353841
3713,-1.7042604710005926,0.275028584353841
3714,-1.8053126301575735,0.275028584353841
3715,-1.9060192020094755,0.275028584353841
3716,-2.0062081310676043,0.275028584353841
3717,-2.105708246227292,0.275028584353841
3718,-2.2043495532108657,0.275028584353841
3719,-2.3019635250000103,0.275028584353841
3720,-2.398383389761362,0.275028584353841
3721,-2.4934444157733795,0.275028584353841
3722,-2.5869841928677273,0.275028584353841
3723,-4.050432657172361,0.275028584353841
3724,-4.044158863893962,0.275028584353841
3725,-4.033714452075897,0.275028584353841
3726,-4.019117265820562,0.275028584353841
3727,-4.00039224417581,0.275028584353841
3728,-3.9775713785270215,0.275028584353841
3729,-3.9506936579403398,0.275028584353841
3730,-3.919805002550526,0.275028584353841
3731,-3.884958185107174,0.275028584353841
3732,-3.8462127408133364,0.275028584353841
3733,-3.8036348656106576,0.275028584353841
3734,-3.757297303084684,0.275028584353841
3735,-3.707279220183703,0.275028584353841
3736,-3.65366607196333,0.275028584353841
3737,-3.5965494555879376,0.275028584353841
3738,-3.5360269538385065,0.275028584353841
3739,-3.472201968394032,0.275028584353841
3740,-3.4051835431715074,0.275028584353841
3741,-3.3350861780262235,0.275028584353841
3742,-2.678842909904342,0.275028584353841
3743,-3.2620296331306653,0.275028584353841
3744,-3.186138724366316,0.275028584353841
3745,-3.1075431100777235,0.275028584353841
3746,-3.0263770695535115,0.275028584353841
3747,-2.942779273612384,0.275028584353841
3748,-2.7688636278060548,0.275028584353841
3749,-2.856892547686389,0.275028584353841
3750,0.8443619226368959,-0.2750285792293295
3751,0.8380881293584896,-0.2750285792293295
3752,0.8276437175404268,-0.2750285792293295
3753,0.8130465312850954,-0.2750285792293295
3754,0.7943215096403442,-0.2750285792293295
3755,0.7715006439915486,-0.2750285792293295
3756,0.7446229234048727,-0.2750285792293295
3757,0.7137342680150591,-0.2750285792293295
3758,0.6788874505717031,-0.2750285792293295
3759,0.6401420062778613,-0.2750285792293295
3760,0.5975641310751891,-0.2750285792293295
3761,0.5512265685492159,-0.2750285792293295
3762,0.5012084856482373,-0.2750285792293295
3763,0.4475953374278494,-0.2750285792293295
3764,0.39047872105245274,-0.2750285792293295
3765,0.3299562193030594,-0.2750285792293295
3766,0.26613123385855064,-0.2750285792293295
3767,0.1991128086360281,-0.2750285792293295
3768,0.1290154434907722,-0.2750285792293295
3769,0.05595889859518066,-0.2750285792293295
3770,-0.019932010169159353,-0.2750285792293295
3771,-0.09852762445775998,-0.2750285792293295
3772,-0.17969366498195805,-0.2750285792293295
3773,-0.2632914609230903,-0.2750285792293295
3774,-0.3491781868490833,-0.2750285792293295
3775,-0.4372071067294212,-0.2750285792293295
3776,-0.527227824631129,-0.2750285792293295
3777,-0.6190865416677461,-0.2750285792293295
3778,-0.712626318762096,-0.2750285792293295
3779,-0.8076873447741126,-0.2750285792293295
3780,-0.9041072095354613,-0.2750285792293295
3781,-1.0017211813246099,-0.2750285792293295
3782,-1.1003624883081764,-0.2750285792293295
3783,-1.1998626034678712,-0.2750285792293295
3784,-1.3000515325259991,-0.2750285792293295
3785,-1.400758104377899,-0.2750285792293295
3786,-1.5018102635348802,-0.2750285792293295
3787,-1.603035364078128,-0.2750285792293295
3788,-1.704260464621373,-0.2750285792293295
3789,-1.8053126237783539,-0.2750285792293295
3790,-1.9060191956302561,-0.2750285792293295
3791,-2.0062081246883845,-0.2750285792293295
3792,-2.1057082398480724,-0.2750285792293295
3793,-2.2043495468316463,-0.2750285792293295
3794,-2.3019635186207905,-0.2750285792293295
3795,-2.398383383382142,-0.2750285792293295
3796,-2.4934444093941597,-0.2750285792293295
3797,-2.5869841864885075,-0.2750285792293295
3798,-4.050432650793141,-0.2750285792293295
3799,-4.044158857514743,-0.2750285792293295
3800,-4.033714445696678,-0.2750285792293295
3801,-4.019117259441343,-0.2750285792293295
3802,-4.00039223779659,-0.2750285792293295
3803,-3.9775713721478017,-0.2750285792293295
3804,-3.95069365156112,-0.2750285792293295
3805,-3.9198049961713064,-0.2750285792293295
3806,-3.8849581787279543,-0.2750285792293295
3807,-3.8462127344341166,-0.2750285792293295
3808,-3.803634859231438,-0.2750285792293295
3809,-3.7572972967054645,-0.2750285792293295
3810,-3.707279213804483,-0.2750285792293295
3811,-3.6536660655841104,-0.2750285792293295
3812,-3.596549449208718,-0.2750285792293295
3813,-3.5360269474592867,-0.2750285792293295
3814,-3.472201962014813,-0.2750285792293295
3815,-3.405183536792288,-0.2750285792293295
3816,-3.3350861716470037,-0.2750285792293295
3817,-2.6788429035251227,-0.2750285792293295
3818,-3.2620296267514455,-0.2750285792293295
3819,-3.1861387179870966,-0.2750285792293295
3820,-3.1075431036985037,-0.2750285792293295
3821,-3.0263770631742917,-0.2750285792293295
3822,-2.9427792672331643,-0.2750285792293295
3823,-2.7688636214268354,-0.2750285792293295
3824,-2.856892541307169,-0.2750285792293295
3825,0.9608456097456237,0.2634644320103163
3826,0.9545718164672174,0.2634644320103163
3827,0.9441274046491546,0.2634644320103163
3828,0.9295302183938232,0.2634644320103163
3829,0.910805196749072,0.2634644320103163
3830,0.8879843311002764,0.2634644320103163
3831,0.8611066105136005,0.2634644320103163
3832,0.8302179551237869,0.2634644320103163
3833,0.7953711376804309,0.2634644320103163
3834,0.7566256933865891,0.2634644320103163
3835,0.7140478181839169,0.2634644320103163
3836,0.6677102556579437,0.2634644320103163
3837,0.6176921727569651,0.2634644320103163
3838,0.5640790245365772,0.2634644320103163
3839,0.5069624081611805,0.2634644320103163
3840,0.4464399064117872,0.2634644320103163
3841,0.38261492096727845,0.2634644320103163
3842,0.3155964957447559,0.2634644320103163
3843,0.24549913059950002,0.2634644320103163
3844,0.17244258570390847,0.2634644320103163
3845,0.09655167693956845,0.2634644320103163
3846,0.01795606265096783,0.2634644320103163
3847,-0.06320997787323024,0.2634644320103163
3848,-0.1468077738143625,0.2634644320103163
3849,-0.2326944997403555,0.2634644320103163
3850,-0.3207234196206934,0.2634644320103163
3851,-0.41074413752240124,0.2634644320103163
3852,-0.5026028545590183,0.2634644320103163
3853,-0.5961426316533682,0.2634644320103163
3854,-0.6912036576653848,0.2634644320103163
3855,-0.7876235224267335,0.2634644320103163
3856,-0.8852374942158822,0.2634644320103163
3857,-0.9838788011994486,0.2634644320103163
3858,-1.0833789163591434,0.2634644320103163
3859,-1.1835678454172713,0.2634644320103163
3860,-1.2842744172691711,0.2634644320103163
3861,-1.3853265764261524,0.2634644320103163
3862,-1.4865516769694003,0.2634644320103163
3863,-1.5877767775126452,0.2634644320103163
3864,-1.688828936669626,0.2634644320103163
3865,-1.7895355085215283,0.2634644320103163
3866,-1.889724437579657,0.2634644320103163
3867,-1.9892245527393446,0.2634644320103163
3868,-2.0878658597229185,0.2634644320103163
3869,-2.1854798315120627,0.2634644320103163
3870,-2.281899696273414,0.2634644320103163
3871,-2.376960722285432,0.2634644320103163
3872,-2.4705004993797797,0.2634644320103163
3873,-3.9339489636844136,0.2634644320103163
3874,-3.927675170406015,0.2634644320103163
3875,-3.9172307585879502,0.2634644320103163
3876,-3.9026335723326144,0.2634644320103163
3877,-3.8839085506878623,0.2634644320103163
3878,-3.861087685039074,0.2634644320103163
3879,-3.834209964452392,0.2634644320103163
3880,-3.8033213090625786,0.2634644320103163
3881,-3.7684744916192265,0.2634644320103163
3882,-3.729729047325389,0.2634644320103163
3883,-3.6871511721227104,0.2634644320103163
3884,-3.6408136095967367,0.2634644320103163
3885,-3.5907955266957554,0.2634644320103163
3886,-3.5371823784753826,0.2634644320103163
3887,-3.4800657620999904,0.2634644320103163
3888,-3.419543260350559,0.2634644320103163
3889,-3.355718274906085,0.2634644320103163
3890,-3.28869984968356,0.2634644320103163
3891,-3.218602484538276,0.2634644320103163
3892,-2.562359216416395,0.2634644320103163
3893,-3.1455459396427177,0.2634644320103163
3894,-3.0696550308783688,0.2634644320103163
3895,-2.991059416589776,0.2634644320103163
3896,-2.909893376065564,0.2634644320103163
3897,-2.8262955801244365,0.2634644320103163
3898,-2.6523799343181076,0.2634644320103163
3899,-2.7404088541984413,0.2634644320103163
3900,0.960845602414961,-0.2634644347798872
3901,0.9545718091365547,-0.2634644347798872
3902,0.9441273973184918,-0.2634644347798872
3903,0.9295302110631605,-0.2634644347798872
3904,0.9108051894184093,-0.2634644347798872
3905,0.8879843237696137,-0.2634644347798872
3906,0.8611066031829377,-0.2634644347798872
3907,0.8302179477931242,-0.2634644347798872
3908,0.7953711303497681,-0.2634644347798872
3909,0.7566256860559264,-0.2634644347798872
3910,0.7140478108532542,-0.2634644347798872
3911,0.667710248327281,-0.2634644347798872
3912,0.6176921654263023,-0.2634644347798872
3913,0.5640790172059145,-0.2634644347798872
3914,0.5069624008305178,-0.2634644347798872
3915,0.44643989908112447,-0.2634644347798872
3916,0.3826149136366157,-0.2634644347798872
3917,0.31559648841409316,-0.2634644347798872
3918,0.24549912326883727,-0.2634644347798872
3919,0.17244257837324573,-0.2634644347798872
3920,0.09655166960890571,-0.2634644347798872
3921,0.017956055320305087,-0.2634644347798872
3922,-0.06320998520389298,-0.2634644347798872
3923,-0.14680778114502524,-0.2634644347798872
3924,-0.23269450707101824,-0.2634644347798872
3925,-0.32072342695135614,-0.2634644347798872
3926,-0.410744144853064,-0.2634644347798872
3927,-0.5026028618896811,-0.2634644347798872
3928,-0.596142638984031,-0.2634644347798872
3929,-0.6912036649960476,-0.2634644347798872
3930,-0.7876235297573962,-0.2634644347798872
3931,-0.8852375015465449,-0.2634644347798872
3932,-0.9838788085301113,-0.2634644347798872
3933,-1.0833789236898062,-0.2634644347798872
3934,-1.183567852747934,-0.2634644347798872
3935,-1.2842744245998339,-0.2634644347798872
3936,-1.3853265837568152,-0.2634644347798872
3937,-1.486551684300063,-0.2634644347798872
3938,-1.587776784843308,-0.2634644347798872
3939,-1.6888289440002888,-0.2634644347798872
3940,-1.789535515852191,-0.2634644347798872
3941,-1.8897244449103197,-0.2634644347798872
3942,-1.9892245600700074,-0.2634644347798872
3943,-2.0878658670535812,-0.2634644347798872
3944,-2.1854798388427255,-0.2634644347798872
3945,-2.281899703604077,-0.2634644347798872
3946,-2.3769607296160946,-0.2634644347798872
3947,-2.470500506710443,-0.2634644347798872
3948,-3.9339489710150763,-0.2634644347798872
3949,-3.9276751777366776,-0.2634644347798872
3950,-3.917230765918613,-0.2634644347798872
3951,-3.902633579663277,-0.2634644347798872
3952,-3.883908558018525,-0.2634644347798872
3953,-3.8610876923697366,-0.2634644347798872
3954,-3.834209971783055,-0.2634644347798872
3955,-3.8033213163932413,-0.2634644347798872
3956,-3.7684744989498893,-0.2634644347798872
3957,-3.7297290546560515,-0.2634644347798872
3958,-3.687151179453373,-0.2634644347798872
3959,-3.6408136169273995,-0.2634644347798872
3960,-3.590795534026418,-0.2634644347798872
3961,-3.5371823858060454,-0.2634644347798872
3962,-3.480065769430653,-0.2634644347798872
3963,-3.4195432676812216,-0.2634644347798872
3964,-3.3557182822367473,-0.2634644347798872
3965,-3.2886998570142225,-0.2634644347798872
3966,-3.218602491868939,-0.2634644347798872
3967,-2.562359223747057,-0.2634644347798872
3968,-3.1455459469733804,-0.2634644347798872
3969,-3.0696550382090315,-0.2634644347798872
3970,-2.9910594239204387,-0.2634644347798872
3971,-2.909893383396227,-0.2634644347798872
3972,-2.8262955874550992,-0.2634644347798872
3973,-2.6523799416487703,-0.2634644347798872
3974,-2.740408861529104,-0.2634644347798872
3975,1.080384184281519,0.2506303327446866
3976,1.0741103910031127,0.2506303327446866
3977,1.0636659791850498,0.2506303327446866
3978,1.0490687929297184,0.2506303327446866
3979,1.0303437712849672,0.2506303327446866
3980,1.0075229056361716,0.2506303327446866
3981,0.9806451850494957,0.2506303327446866
3982,0.9497565296596822,0.2506303327446866
3983,0.9149097122163261,0.2506303327446866
3984,0.8761642679224844,0.2506303327446866
3985,0.8335863927198122,0.2506303327446866
3986,0.787248830193839,0.2506303327446866
3987,0.7372307472928603,0.2506303327446866
3988,0.6836175990724724,0.2506303327446866
3989,0.6265009826970758,0.2506303327446866
3990,0.5659784809476824,0.2506303327446866
3991,0.5021534955031737,0.2506303327446866
3992,0.4351350702806511,0.2506303327446866
3993,0.36503770513539524,0.2506303327446866
3994,0.2919811602398037,0.2506303327446866
3995,0.21609025147546368,0.2506303327446866
3996,0.13749463718686306,0.2506303327446866
3997,0.05632859666266499,0.2506303327446866
3998,-0.02726919927846727,0.2506303327446866
3999,-0.11315592520446027,0.2506303327446866
4000,-0.20118484508479817,0.2506303327446866
4001,-0.291205562986506,0.2506303327446866
4002,-0.3830642800231231,0.2506303327446866
4003,-0.476604057117473,0.2506303327446866
4004,-0.5716650831294896,0.2506303327446866
4005,-0.6680849478908383,0.2506303327446866
4006,-0.7656989196799869,0.2506303327446866
4007,-0.8643402266635534,0.2506303327446866
4008,-0.9638403418232482,0.2506303327446866
4009,-1.064029270881376,0.2506303327446866
4010,-1.164735842733276,0.2506303327446866
4011,-1.2657880018902572,0.2506303327446866
4012,-1.367013102433505,0.2506303327446866
4013,-1.46823820297675,0.2506303327446866
4014,-1.5692903621337309,0.2506303327446866
4015,-1.669996933985633,0.2506303327446866
4016,-1.7701858630437617,0.2506303327446866
4017,-1.8696859782034494,0.2506303327446866
4018,-1.9683272851870233,0.2506303327446866
4019,-2.0659412569761675,0.2506303327446866
4020,-2.162361121737519,0.2506303327446866
4021,-2.2574221477495366,0.2506303327446866
4022,-2.350961924843885,0.2506303327446866
4023,-3.8144103891485184,0.2506303327446866
4024,-3.8081365958701197,0.2506303327446866
4025,-3.797692184052055,0.2506303327446866
4026,-3.783094997796719,0.2506303327446866
4027,-3.764369976151967,0.2506303327446866
4028,-3.7415491105031786,0.2506303327446866
4029,-3.714671389916497,0.2506303327446866
4030,-3.6837827345266834,0.2506303327446866
4031,-3.6489359170833313,0.2506303327446866
4032,-3.6101904727894936,0.2506303327446866
4033,-3.567612597586815,0.2506303327446866
4034,-3.5212750350608415,0.2506303327446866
4035,-3.47125695215986,0.2506303327446866
4036,-3.4176438039394874,0.2506303327446866
4037,-3.360527187564095,0.2506303327446866
4038,-3.3000046858146637,0.2506303327446866
4039,-3.2361797003701893,0.2506303327446866
4040,-3.1691612751476645,0.2506303327446866
4041,-3.099063910002381,0.2506303327446866
4042,-2.442820641880499,0.2506303327446866
4043,-3.0260073651068224,0.2506303327446866
4044,-2.9501164563424735,0.2506303327446866
4045,-2.8715208420538807,0.2506303327446866
4046,-2.790354801529669,0.2506303327446866
4047,-2.7067570055885413,0.2506303327446866
4048,-2.5328413597822124,0.2506303327446866
4049,-2.620870279662546,0.2506303327446866
4050,1.080384190879045,-0.2506303334032318
4051,1.0741103976006388,-0.2506303334032318
4052,1.0636659857825759,-0.2506303334032318
4053,1.0490687995272445,-0.2506303334032318
4054,1.0303437778824933,-0.2506303334032318
4055,1.0075229122336977,-0.2506303334032318
4056,0.9806451916470218,-0.2506303334032318
4057,0.9497565362572082,-0.2506303334032318
4058,0.9149097188138522,-0.2506303334032318
4059,0.8761642745200104,-0.2506303334032318
4060,0.8335863993173382,-0.2506303334032318
4061,0.787248836791365,-0.2506303334032318
4062,0.7372307538903864,-0.2506303334032318
4063,0.6836176056699985,-0.2506303334032318
4064,0.6265009892946019,-0.2506303334032318
4065,0.5659784875452085,-0.2506303334032318
4066,0.5021535021006998,-0.2506303334032318
4067,0.4351350768781772,-0.2506303334032318
4068,0.3650377117329213,-0.2506303334032318
4069,0.2919811668373298,-0.2506303334032318
4070,0.21609025807298976,-0.2506303334032318
4071,0.13749464378438914,-0.2506303334032318
4072,0.05632860326019107,-0.2506303334032318
4073,-0.02726919268094119,-0.2506303334032318
4074,-0.11315591860693419,-0.2506303334032318
4075,-0.2011848384872721,-0.2506303334032318
4076,-0.29120555638897994,-0.2506303334032318
4077,-0.383064273425597,-0.2506303334032318
4078,-0.4766040505199469,-0.2506303334032318
4079,-0.5716650765319635,-0.2506303334032318
4080,-0.6680849412933122,-0.2506303334032318
4081,-0.7656989130824609,-0.2506303334032318
4082,-0.8643402200660273,-0.2506303334032318
4083,-0.9638403352257221,-0.2506303334032318
4084,-1.06402926428385,-0.2506303334032318
4085,-1.1647358361357498,-0.2506303334032318
4086,-1.2657879952927311,-0.2506303334032318
4087,-1.367013095835979,-0.2506303334032318
4088,-1.468238196379224,-0.2506303334032318
4089,-1.5692903555362048,-0.2506303334032318
4090,-1.669996927388107,-0.2506303334032318
4091,-1.7701858564462356,-0.2506303334032318
4092,-1.8696859716059233,-0.2506303334032318
4093,-1.9683272785894972,-0.2506303334032318
4094,-2.0659412503786414,-0.2506303334032318
4095,-2.162361115139993,-0.2506303334032318
4096,-2.2574221411520106,-0.2506303334032318
4097,-2.350961918246359,-0.2506303334032318
4098,-3.8144103825509923,-0.2506303334032318
4099,-3.8081365892725936,-0.2506303334032318
4100,-3.797692177454529,-0.2506303334032318
4101,-3.783094991199193,-0.2506303334032318
4102,-3.764369969554441,-0.2506303334032318
4103,-3.7415491039056525,-0.2506303334032318
4104,-3.714671383318971,-0.2506303334032318
4105,-3.6837827279291573,-0.2506303334032318
4106,-3.6489359104858052,-0.2506303334032318
4107,-3.6101904661919675,-0.2506303334032318
4108,-3.567612590989289,-0.2506303334032318
4109,-3.5212750284633154,-0.2506303334032318
4110,-3.471256945562334,-0.2506303334032318
4111,-3.4176437973419613,-0.2506303334032318
4112,-3.360527180966569,-0.2506303334032318
4113,-3.3000046792171376,-0.2506303334032318
4114,-3.2361796937726632,-0.2506303334032318
4115,-3.1691612685501385,-0.2506303334032318
4116,-3.099063903404855,-0.2506303334032318
4117,-2.442820635282973,-0.2506303334032318
4118,-3.0260073585092964,-0.2506303334032318
4119,-2.9501164497449475,-0.2506303334032318
4120,-2.8715208354563546,-0.2506303334032318
4121,-2.790354794932143,-0.2506303334032318
4122,-2.706756998991015,-0.2506303334032318
4123,-2.5328413531846863,-0.2506303334032318
4124,-2.62087027306502,-0.2506303334032318
4125,1.2014685791016364,0.23641883169364142
4126,1.1951947858232301,0.23641883169364142
4127,1.1847503740051673,0.23641883169364142
4128,1.170153187749836,0.23641883169364142
4129,1.1514281661050847,0.23641883169364142
4130,1.128607300456289,0.23641883169364142
4131,1.1017295798696132,0.23641883169364142
4132,1.0708409244797996,0.23641883169364142
4133,1.0359941070364436,0.23641883169364142
4134,0.9972486627426018,0.23641883169364142
4135,0.9546707875399296,0.23641883169364142
4136,0.9083332250139564,0.23641883169364142
4137,0.8583151421129778,0.23641883169364142
4138,0.8047019938925899,0.23641883169364142
4139,0.7475853775171932,0.23641883169364142
4140,0.6870628757677999,0.23641883169364142
4141,0.6232378903232911,0.23641883169364142
4142,0.5562194651007686,0.23641883169364142
4143,0.4861220999555127,0.23641883169364142
4144,0.41306555505992115,0.23641883169364142
4145,0.33717464629558114,0.23641883169364142
4146,0.2585790320069805,0.23641883169364142
4147,0.17741299148278245,0.23641883169364142
4148,0.09381519554165019,0.23641883169364142
4149,0.007928469615657185,0.23641883169364142
4150,-0.08010045026468071,0.23641883169364142
4151,-0.17012116816638856,0.23641883169364142
4152,-0.26197988520300564,0.23641883169364142
4153,-0.35551966229735554,0.23641883169364142
4154,-0.45058068830937215,0.23641883169364142
4155,-0.5470005530707208,0.23641883169364142
4156,-0.6446145248598695,0.23641883169364142
4157,-0.7432558318434359,0.23641883169364142
4158,-0.8427559470031307,0.23641883169364142
4159,-0.9429448760612588,0.23641883169364142
4160,-1.0436514479131587,0.23641883169364142
4161,-1.1447036070701397,0.23641883169364142
4162,-1.2459287076133876,0.23641883169364142
4163,-1.3471538081566325,0.23641883169364142
4164,-1.4482059673136134,0.23641883169364142
4165,-1.5489125391655154,0.23641883169364142
4166,-1.6491014682236442,0.23641883169364142
4167,-1.748601583383332,0.23641883169364142
4168,-1.8472428903669056,0.23641883169364142
4169,-1.9448568621560502,0.23641883169364142
4170,-2.0412767269174017,0.23641883169364142
4171,-2.1363377529294194,0.23641883169364142
4172,-2.229877530023767,0.23641883169364142
4173,-3.6933259943284007,0.23641883169364142
4174,-3.687052201050002,0.23641883169364142
4175,-3.6766077892319373,0.23641883169364142
4176,-3.6620106029766015,0.23641883169364142
4177,-3.64328558133185,0.23641883169364142
4178,-3.6204647156830614,0.23641883169364142
4179,-3.5935869950963797,0.23641883169364142
4180,-3.562698339706566,0.23641883169364142
4181,-3.527851522263214,0.23641883169364142
4182,-3.4891060779693763,0.23641883169364142
4183,-3.4465282027666975,0.23641883169364142
4184,-3.400190640240724,0.23641883169364142
4185,-3.350172557339743,0.23641883169364142
4186,-3.2965594091193697,0.23641883169364142
4187,-3.2394427927439775,0.23641883169364142
4188,-3.1789202909945464,0.23641883169364142
4189,-3.115095305550072,0.23641883169364142
4190,-3.0480768803275473,0.23641883169364142
4191,-2.9779795151822634,0.23641883169364142
4192,-2.321736247060382,0.23641883169364142
4193,-2.904922970286705,0.23641883169364142
4194,-2.829032061522356,0.23641883169364142
4195,-2.7504364472337635,0.23641883169364142
4196,-2.6692704067095514,0.23641883169364142
4197,-2.585672610768424,0.23641883169364142
4198,-2.4117569649620947,0.23641883169364142
4199,-2.499785884842429,0.23641883169364142
4200,1.2014685751664005,-0.23641882861079425
4201,1.1951947818879942,-0.23641882861079425
4202,1.1847503700699313,-0.23641882861079425
4203,1.1701531838146,-0.23641882861079425
4204,1.1514281621698488,-0.23641882861079425
4205,1.1286072965210532,-0.23641882861079425
4206,1.1017295759343773,-0.23641882861079425
4207,1.0708409205445637,-0.23641882861079425
4208,1.0359941031012077,-0.23641882861079425
4209,0.9972486588073659,-0.23641882861079425
4210,0.9546707836046937,-0.23641882861079425
4211,0.9083332210787205,-0.23641882861079425
4212,0.8583151381777419,-0.23641882861079425
4213,0.804701989957354,-0.23641882861079425
4214,0.7475853735819573,-0.23641882861079425
4215,0.687062871832564,-0.23641882861079425
4216,0.6232378863880552,-0.23641882861079425
4217,0.5562194611655327,-0.23641882861079425
4218,0.4861220960202768,-0.23641882861079425
4219,0.41306555112468524,-0.23641882861079425
4220,0.3371746423603452,-0.23641882861079425
4221,0.2585790280717446,-0.23641882861079425
4222,0.17741298754754653,-0.23641882861079425
4223,0.09381519160641427,-0.23641882861079425
4224,0.00792846568042127,-0.23641882861079425
4225,-0.08010045419991663,-0.23641882861079425
4226,-0.17012117210162447,-0.23641882861079425
4227,-0.26197988913824155,-0.23641882861079425
4228,-0.35551966623259146,-0.23641882861079425
4229,-0.45058069224460806,-0.23641882861079425
4230,-0.5470005570059567,-0.23641882861079425
4231,-0.6446145287951054,-0.23641882861079425
4232,-0.7432558357786718,-0.23641882861079425
4233,-0.8427559509383666,-0.23641882861079425
4234,-0.9429448799964947,-0.23641882861079425
4235,-1.0436514518483944,-0.23641882861079425
4236,-1.1447036110053757,-0.23641882861079425
4237,-1.2459287115486235,-0.23641882861079425
4238,-1.3471538120918685,-0.23641882861079425
4239,-1.4482059712488493,-0.23641882861079425
4240,-1.5489125431007515,-0.23641882861079425
4241,-1.6491014721588801,-0.23641882861079425
4242,-1.7486015873185679,-0.23641882861079425
4243,-1.8472428943021417,-0.23641882861079425
4244,-1.944856866091286,-0.23641882861079425
4245,-2.0412767308526374,-0.23641882861079425
4246,-2.136337756864655,-0.23641882861079425
4247,-2.2298775339590033,-0.23641882861079425
4248,-3.693325998263637,-0.23641882861079425
4249,-3.687052204985238,-0.23641882861079425
4250,-3.6766077931671735,-0.23641882861079425
4251,-3.6620106069118377,-0.23641882861079425
4252,-3.6432855852670856,-0.23641882861079425
4253,-3.620464719618297,-0.23641882861079425
4254,-3.5935869990316154,-0.23641882861079425
4255,-3.562698343641802,-0.23641882861079425
4256,-3.5278515261984498,-0.23641882861079425
4257,-3.489106081904612,-0.23641882861079425
4258,-3.4465282067019336,-0.23641882861079425
4259,-3.40019064417596,-0.23641882861079425
4260,-3.3501725612749786,-0.23641882861079425
4261,-3.296559413054606,-0.23641882861079425
4262,-3.2394427966792136,-0.23641882861079425
4263,-3.178920294929782,-0.23641882861079425
4264,-3.1150953094853078,-0.23641882861079425
4265,-3.048076884262783,-0.23641882861079425
4266,-2.9779795191174996,-0.23641882861079425
4267,-2.3217362509956176,-0.23641882861079425
4268,-2.904922974221941,-0.23641882861079425
4269,-2.829032065457592,-0.23641882861079425
4270,-2.750436451168999,-0.23641882861079425
4271,-2.6692704106447875,-0.23641882861079425
4272,-2.5856726147036597,-0.23641882861079425
4273,-2.411756968897331,-0.23641882861079425
4274,-2.4997858887776645,-0.23641882861079425
4275,1.3224408058936772,0.22069135625863162
4276,1.316167012615271,0.22069135625863162
4277,1.305722600797208,0.22069135625863162
4278,1.2911254145418767,0.22069135625863162
4279,1.2724003928971255,0.22069135625863162
4280,1.2495795272483299,0.22069135625863162
4281,1.222701806661654,0.22069135625863162
4282,1.1918131512718404,0.22069135625863162
4283,1.1569663338284844,0.22069135625863162
4284,1.1182208895346426,0.22069135625863162
4285,1.0756430143319704,0.22069135625863162
4286,1.0293054518059972,0.22069135625863162
4287,0.9792873689050186,0.22069135625863162
4288,0.9256742206846307,0.22069135625863162
4289,0.868557604309234,0.22069135625863162
4290,0.8080351025598407,0.22069135625863162
4291,0.7442101171153319,0.22069135625863162
4292,0.6771916918928094,0.22069135625863162
4293,0.6070943267475535,0.22069135625863162
4294,0.5340377818519619,0.22069135625863162
4295,0.4581468730876219,0.22069135625863162
4296,0.3795512587990213,0.22069135625863162
4297,0.2983852182748232,0.22069135625863162
4298,0.21478742233369097,0.22069135625863162
4299,0.12890069640769797,0.22069135625863162
4300,0.04087177652736007,0.22069135625863162
4301,-0.04914894137434778,0.22069135625863162
4302,-0.14100765841096485,0.22069135625863162
4303,-0.23454743550531476,0.22069135625863162
4304,-0.32960846151733136,0.22069135625863162
4305,-0.42602832627868004,0.22069135625863162
4306,-0.5236422980678287,0.22069135625863162
4307,-0.6222836050513951,0.22069135625863162
4308,-0.7217837202110899,0.22069135625863162
4309,-0.821972649269218,0.22069135625863162
4310,-0.9226792211211178,0.22069135625863162
4311,-1.023731380278099,0.22069135625863162
4312,-1.1249564808213468,0.22069135625863162
4313,-1.2261815813645918,0.22069135625863162
4314,-1.3272337405215726,0.22069135625863162
4315,-1.4279403123734746,0.22069135625863162
4316,-1.5281292414316034,0.22069135625863162
4317,-1.6276293565912912,0.22069135625863162
4318,-1.7262706635748648,0.22069135625863162
4319,-1.8238846353640095,0.22069135625863162
4320,-1.9203045001253607,0.22069135625863162
4321,-2.015365526137378,0.22069135625863162
4322,-2.1089053032317264,0.22069135625863162
4323,-3.5723537675363604,0.22069135625863162
4324,-3.5660799742579616,0.22069135625863162
4325,-3.555635562439897,0.22069135625863162
4326,-3.541038376184561,0.22069135625863162
4327,-3.5223133545398086,0.22069135625863162
4328,-3.49949248889102,0.22069135625863162
4329,-3.4726147683043385,0.22069135625863162
4330,-3.441726112914525,0.22069135625863162
4331,-3.406879295471173,0.22069135625863162
4332,-3.368133851177335,0.22069135625863162
4333,-3.325555975974657,0.22069135625863162
4334,-3.2792184134486835,0.22069135625863162
4335,-3.2292003305477017,0.22069135625863162
4336,-3.1755871823273294,0.22069135625863162
4337,-3.118470565951937,0.22069135625863162
4338,-3.057948064202505,0.22069135625863162
4339,-2.9941230787580313,0.22069135625863162
4340,-2.9271046535355065,0.22069135625863162
4341,-2.8570072883902227,0.22069135625863162
4342,-2.200764020268341,0.22069135625863162
4343,-2.783950743494664,0.22069135625863162
4344,-2.7080598347303155,0.22069135625863162
4345,-2.6294642204417222,0.22069135625863162
4346,-2.5482981799175106,0.22069135625863162
4347,-2.464700383976383,0.22069135625863162
4348,-2.2907847381700543,0.22069135625863162
4349,-2.3788136580503876,0.22069135625863162
4350,1.3224408067253244,-0.22069135950208757
4351,1.316167013446918,-0.22069135950208757
4352,1.3057226016288552,-0.22069135950208757
4353,1.2911254153735239,-0.22069135950208757
4354,1.2724003937287727,-0.22069135950208757
4355,1.249579528079977,-0.22069135950208757
4356,1.2227018074933012,-0.22069135950208757
4357,1.1918131521034876,-0.22069135950208757
4358,1.1569663346601315,-0.22069135950208757
4359,1.1182208903662898,-0.22069135950208757
4360,1.0756430151636176,-0.22069135950208757
4361,1.0293054526376444,-0.22069135950208757
4362,0.9792873697366657,-0.22069135950208757
4363,0.9256742215162779,-0.22069135950208757
4364,0.8685576051408812,-0.22069135950208757
4365,0.8080351033914879,-0.22069135950208757
4366,0.7442101179469791,-0.22069135950208757
4367,0.6771916927244566,-0.22069135950208757
4368,0.6070943275792007,-0.22069135950208757
4369,0.5340377826836091,-0.22069135950208757
4370,0.4581468739192691,-0.22069135950208757
4371,0.3795512596306685,-0.22069135950208757
4372,0.2983852191064704,-0.22069135950208757
4373,0.21478742316533816,-0.22069135950208757
4374,0.12890069723934516,-0.22069135950208757
4375,0.040871777359007266,-0.22069135950208757
4376,-0.04914894054270058,-0.22069135950208757
4377,-0.14100765757931766,-0.22069135950208757
4378,-0.23454743467366757,-0.22069135950208757
4379,-0.32960846068568417,-0.22069135950208757
4380,-0.42602832544703284,-0.22069135950208757
4381,-0.5236422972361815,-0.22069135950208757
4382,-0.6222836042197479,-0.22069135950208757
4383,-0.7217837193794427,-0.22069135950208757
4384,-0.8219726484375708,-0.22069135950208757
4385,-0.9226792202894706,-0.22069135950208757
4386,-1.0237313794464518,-0.22069135950208757
4387,-1.1249564799896996,-0.22069135950208757
4388,-1.2261815805329446,-0.22069135950208757
4389,-1.3272337396899254,-0.22069135950208757
4390,-1.4279403115418274,-0.22069135950208757
4391,-1.5281292405999563,-0.22069135950208757
4392,-1.627629355759644,-0.22069135950208757
4393,-1.7262706627432176,-0.22069135950208757
4394,-1.8238846345323623,-0.22069135950208757
4395,-1.9203044992937135,-0.22069135950208757
4396,-2.0153655253057314,-0.22069135950208757
4397,-2.1089053024000792,-0.22069135950208757
4398,-3.5723537667047127,-0.22069135950208757
4399,-3.566079973426314,-0.22069135950208757
4400,-3.5556355616082493,-0.22069135950208757
4401,-3.5410383753529135,-0.22069135950208757
4402,-3.522313353708162,-0.22069135950208757
4403,-3.4994924880593734,-0.22069135950208757
4404,-3.4726147674726917,-0.22069135950208757
4405,-3.441726112082878,-0.22069135950208757
4406,-3.406879294639526,-0.22069135950208757
4407,-3.3681338503456884,-0.22069135950208757
4408,-3.3255559751430095,-0.22069135950208757
4409,-3.279218412617036,-0.22069135950208757
4410,-3.229200329716055,-0.22069135950208757
4411,-3.1755871814956818,-0.22069135950208757
4412,-3.1184705651202895,-0.22069135950208757
4413,-3.0579480633708584,-0.22069135950208757
4414,-2.994123077926384,-0.22069135950208757
4415,-2.9271046527038593,-0.22069135950208757
4416,-2.8570072875585755,-0.22069135950208757
4417,-2.200764019436694,-0.22069135950208757
4418,-2.7839507426630172,-0.22069135950208757
4419,-2.708059833898668,-0.22069135950208757
4420,-2.6294642196100755,-0.22069135950208757
4421,-2.5482981790858634,-0.22069135950208757
4422,-2.464700383144736,-0.22069135950208757
4423,-2.2907847373384067,-0.22069135950208757
4424,-2.378813657218741,-0.22069135950208757
4425,1.4414358390077773,0.20323983383275926
4426,1.435162045729371,0.20323983383275926
4427,1.4247176339113081,0.20323983383275926
4428,1.4101204476559768,0.20323983383275926
4429,1.3913954260112256,0.20323983383275926
4430,1.36857456036243,0.20323983383275926
4431,1.341696839775754,0.20323983383275926
4432,1.3108081843859405,0.20323983383275926
4433,1.2759613669425844,0.20323983383275926
4434,1.2372159226487427,0.20323983383275926
4435,1.1946380474460705,0.20323983383275926
4436,1.1483004849200973,0.20323983383275926
4437,1.0982824020191186,0.20323983383275926
4438,1.0446692537987308,0.20323983383275926
4439,0.9875526374233341,0.20323983383275926
4440,0.9270301356739408,0.20323983383275926
4441,0.863205150229432,0.20323983383275926
4442,0.7961867250069095,0.20323983383275926
4443,0.7260893598616536,0.20323983383275926
4444,0.653032814966062,0.20323983383275926
4445,0.577141906201722,0.20323983383275926
4446,0.4985462919131214,0.20323983383275926
4447,0.4173802513889233,0.20323983383275926
4448,0.33378245544779106,0.20323983383275926
4449,0.24789572952179806,0.20323983383275926
4450,0.15986680964146016,0.20323983383275926
4451,0.06984609173975231,0.20323983383275926
4452,-0.022012625296864763,0.20323983383275926
4453,-0.11555240239121467,0.20323983383275926
4454,-0.21061342840323127,0.20323983383275926
4455,-0.30703329316457995,0.20323983383275926
4456,-0.4046472649537286,0.20323983383275926
4457,-0.503288571937295,0.20323983383275926
4458,-0.6027886870969899,0.20323983383275926
4459,-0.7029776161551179,0.20323983383275926
4460,-0.8036841880070177,0.20323983383275926
4461,-0.9047363471639988,0.20323983383275926
4462,-1.0059614477072467,0.20323983383275926
4463,-1.1071865482504917,0.20323983383275926
4464,-1.2082387074074725,0.20323983383275926
4465,-1.3089452792593748,0.20323983383275926
4466,-1.4091342083175034,0.20323983383275926
4467,-1.508634323477191,0.20323983383275926
4468,-1.607275630460765,0.20323983383275926
4469,-1.7048896022499092,0.20323983383275926
4470,-1.8013094670112606,0.20323983383275926
4471,-1.8963704930232783,0.20323983383275926
4472,-1.9899102701176263,0.20323983383275926
4473,-3.45335873442226,0.20323983383275926
4474,-3.4470849411438613,0.20323983383275926
4475,-3.4366405293257967,0.20323983383275926
4476,-3.422043343070461,0.20323983383275926
4477,-3.403318321425709,0.20323983383275926
4478,-3.3804974557769203,0.20323983383275926
4479,-3.3536197351902386,0.20323983383275926
4480,-3.322731079800425,0.20323983383275926
4481,-3.287884262357073,0.20323983383275926
4482,-3.2491388180632352,0.20323983383275926
4483,-3.206560942860557,0.20323983383275926
4484,-3.160223380334583,0.20323983383275926
4485,-3.110205297433602,0.20323983383275926
4486,-3.056592149213229,0.20323983383275926
4487,-2.999475532837837,0.20323983383275926
4488,-2.9389530310884053,0.20323983383275926
4489,-2.8751280456439314,0.20323983383275926
4490,-2.8081096204214067,0.20323983383275926
4491,-2.7380122552761224,0.20323983383275926
4492,-2.0817689871542413,0.20323983383275926
4493,-2.664955710380564,0.20323983383275926
4494,-2.589064801616215,0.20323983383275926
4495,-2.5104691873276224,0.20323983383275926
4496,-2.4293031468034103,0.20323983383275926
4497,-2.345705350862283,0.20323983383275926
4498,-2.171789705055954,0.20323983383275926
4499,-2.2598186249362877,0.20323983383275926
4500,1.4414358399217562,-0.20323983210117097
4501,1.43516204664335,-0.20323983210117097
4502,1.424717634825287,-0.20323983210117097
4503,1.4101204485699557,-0.20323983210117097
4504,1.3913954269252045,-0.20323983210117097
4505,1.3685745612764089,-0.20323983210117097
4506,1.341696840689733,-0.20323983210117097
4507,1.3108081852999194,-0.20323983210117097
4508,1.2759613678565633,-0.20323983210117097
4509,1.2372159235627216,-0.20323983210117097
4510,1.1946380483600494,-0.20323983210117097
4511,1.1483004858340762,-0.20323983210117097
4512,1.0982824029330975,-0.20323983210117097
4513,1.0446692547127097,-0.20323983210117097
4514,0.987552638337313,-0.20323983210117097
4515,0.9270301365879197,-0.20323983210117097
4516,0.8632051511434109,-0.20323983210117097
4517,0.7961867259208883,-0.20323983210117097
4518,0.7260893607756325,-0.20323983210117097
4519,0.6530328158800409,-0.20323983210117097
4520,0.5771419071157009,-0.20323983210117097
4521,0.4985462928271003,-0.20323983210117097
4522,0.4173802523029022,-0.20323983210117097
4523,0.33378245636176995,-0.20323983210117097
4524,0.24789573043577695,-0.20323983210117097
4525,0.15986681055543905,-0.20323983210117097
4526,0.0698460926537312,-0.20323983210117097
4527,-0.02201262438288587,-0.20323983210117097
4528,-0.11555240147723578,-0.20323983210117097
4529,-0.21061342748925238,-0.20323983210117097
4530,-0.30703329225060105,-0.20323983210117097
4531,-0.4046472640397497,-0.20323983210117097
4532,-0.5032885710233161,-0.20323983210117097
4533,-0.602788686183011,-0.20323983210117097
4534,-0.702977615241139,-0.20323983210117097
4535,-0.8036841870930388,-0.20323983210117097
4536,-0.9047363462500199,-0.20323983210117097
4537,-1.0059614467932678,-0.20323983210117097
4538,-1.1071865473365128,-0.20323983210117097
4539,-1.2082387064934936,-0.20323983210117097
4540,-1.3089452783453956,-0.20323983210117097
4541,-1.4091342074035245,-0.20323983210117097
4542,-1.5086343225632122,-0.20323983210117097
4543,-1.6072756295467858,-0.20323983210117097
4544,-1.7048896013359305,-0.20323983210117097
4545,-1.8013094660972817,-0.20323983210117097
4546,-1.8963704921092994,-0.20323983210117097
4547,-1.9899102692036474,-0.20323983210117097
4548,-3.4533587335082814,-0.20323983210117097
4549,-3.4470849402298827,-0.20323983210117097
4550,-3.436640528411818,-0.20323983210117097
4551,-3.422043342156482,-0.20323983210117097
4552,-3.4033183205117297,-0.20323983210117097
4553,-3.380497454862941,-0.20323983210117097
4554,-3.3536197342762595,-0.20323983210117097
4555,-3.322731078886446,-0.20323983210117097
4556,-3.287884261443094,-0.20323983210117097
4557,-3.249138817149256,-0.20323983210117097
4558,-3.206560941946578,-0.20323983210117097
4559,-3.1602233794206045,-0.20323983210117097
4560,-3.1102052965196227,-0.20323983210117097
4561,-3.0565921482992504,-0.20323983210117097
4562,-2.999475531923858,-0.20323983210117097
4563,-2.938953030174426,-0.20323983210117097
4564,-2.8751280447299523,-0.20323983210117097
4565,-2.8081096195074275,-0.20323983210117097
4566,-2.7380122543621437,-0.20323983210117097
4567,-2.081768986240262,-0.20323983210117097
4568,-2.664955709466585,-0.20323983210117097
4569,-2.5890648007022365,-0.20323983210117097
4570,-2.5104691864136432,-0.20323983210117097
4571,-2.4293031458894316,-0.20323983210117097
4572,-2.345705349948304,-0.20323983210117097
4573,-2.1717897041419754,-0.20323983210117097
4574,-2.2598186240223086,-0.20323983210117097
4575,1.5563435359359539,0.1838786631819931
4576,1.5500697426575476,0.1838786631819931
4577,1.5396253308394847,0.1838786631819931
4578,1.5250281445841534,0.1838786631819931
4579,1.5063031229394022,0.1838786631819931
4580,1.4834822572906066,0.1838786631819931
4581,1.4566045367039306,0.1838786631819931
4582,1.425715881314117,0.1838786631819931
4583,1.390869063870761,0.1838786631819931
4584,1.3521236195769193,0.1838786631819931
4585,1.309545744374247,0.1838786631819931
4586,1.2632081818482739,0.1838786631819931
4587,1.2131900989472952,0.1838786631819931
4588,1.1595769507269074,0.1838786631819931
4589,1.1024603343515107,0.1838786631819931
4590,1.0419378326021174,0.1838786631819931
4591,0.9781128471576085,0.1838786631819931
4592,0.9110944219350859,0.1838786631819931
4593,0.84099705678983,0.1838786631819931
4594,0.7679405118942385,0.1838786631819931
4595,0.6920496031298985,0.1838786631819931
4596,0.6134539888412979,0.1838786631819931
4597,0.5322879483170998,0.1838786631819931
4598,0.44869015237596754,0.1838786631819931
4599,0.36280342644997454,0.1838786631819931
4600,0.27477450656963665,0.1838786631819931
4601,0.1847537886679288,0.1838786631819931
4602,0.09289507163131172,0.1838786631819931
4603,-0.0006447054630381865,0.1838786631819931
4604,-0.09570573147505479,0.1838786631819931
4605,-0.19212559623640346,0.1838786631819931
4606,-0.2897395680255521,0.1838786631819931
4607,-0.38838087500911855,0.1838786631819931
4608,-0.48788099016881337,0.1838786631819931
4609,-0.5880699192269414,0.1838786631819931
4610,-0.6887764910788412,0.1838786631819931
4611,-0.7898286502358223,0.1838786631819931
4612,-0.8910537507790703,0.1838786631819931
4613,-0.9922788513223152,0.1838786631819931
4614,-1.0933310104792962,0.1838786631819931
4615,-1.1940375823311982,0.1838786631819931
4616,-1.2942265113893268,0.1838786631819931
4617,-1.3937266265490145,0.1838786631819931
4618,-1.4923679335325883,0.1838786631819931
4619,-1.5899819053217328,0.1838786631819931
4620,-1.686401770083084,0.1838786631819931
4621,-1.7814627960951017,0.1838786631819931
4622,-1.87500257318945,0.1838786631819931
4623,-3.3384510374940835,0.1838786631819931
4624,-3.3321772442156847,0.1838786631819931
4625,-3.32173283239762,0.1838786631819931
4626,-3.3071356461422843,0.1838786631819931
4627,-3.288410624497532,0.1838786631819931
4628,-3.2655897588487437,0.1838786631819931
4629,-3.238712038262062,0.1838786631819931
4630,-3.2078233828722484,0.1838786631819931
4631,-3.1729765654288964,0.1838786631819931
4632,-3.1342311211350586,0.1838786631819931
4633,-3.0916532459323802,0.1838786631819931
4634,-3.0453156834064066,0.1838786631819931
4635,-2.9952976005054253,0.1838786631819931
4636,-2.9416844522850525,0.1838786631819931
4637,-2.8845678359096603,0.1838786631819931
4638,-2.8240453341602287,0.1838786631819931
4639,-2.760220348715755,0.1838786631819931
4640,-2.69320192349323,0.1838786631819931
4641,-2.623104558347946,0.1838786631819931
4642,-1.9668612902260647,0.1838786631819931
4643,-2.5500480134523875,0.1838786631819931
4644,-2.4741571046880386,0.1838786631819931
4645,-2.3955614903994458,0.1838786631819931
4646,-2.314395449875234,0.1838786631819931
4647,-2.2307976539341063,0.1838786631819931
4648,-2.0568820081277774,0.1838786631819931
4649,-2.144910928008111,0.1838786631819931
4650,1.5563435350100774,-0.18387866346545742
4651,1.5500697417316711,-0.18387866346545742
4652,1.5396253299136082,-0.18387866346545742
4653,1.5250281436582769,-0.18387866346545742
4654,1.5063031220135257,-0.18387866346545742
4655,1.48348225636473,-0.18387866346545742
4656,1.4566045357780542,-0.18387866346545742
4657,1.4257158803882406,-0.18387866346545742
4658,1.3908690629448845,-0.18387866346545742
4659,1.3521236186510428,-0.18387866346545742
4660,1.3095457434483706,-0.18387866346545742
4661,1.2632081809223974,-0.18387866346545742
4662,1.2131900980214188,-0.18387866346545742
4663,1.1595769498010309,-0.18387866346545742
4664,1.1024603334256342,-0.18387866346545742
4665,1.0419378316762409,-0.18387866346545742
4666,0.9781128462317321,-0.18387866346545742
4667,0.9110944210092096,-0.18387866346545742
4668,0.8409970558639537,-0.18387866346545742
4669,0.7679405109683621,-0.18387866346545742
4670,0.6920496022040221,-0.18387866346545742
4671,0.6134539879154215,-0.18387866346545742
4672,0.5322879473912234,-0.18387866346545742
4673,0.44869015145009117,-0.18387866346545742
4674,0.36280342552409817,-0.18387866346545742
4675,0.27477450564376027,-0.18387866346545742
4676,0.18475378774205242,-0.18387866346545742
4677,0.09289507070543535,-0.18387866346545742
4678,-0.0006447063889145621,-0.18387866346545742
4679,-0.09570573240093116,-0.18387866346545742
4680,-0.19212559716227984,-0.18387866346545742
4681,-0.2897395689514285,-0.18387866346545742
4682,-0.38838087593499493,-0.18387866346545742
4683,-0.48788099109468974,-0.18387866346545742
4684,-0.5880699201528178,-0.18387866346545742
4685,-0.6887764920047176,-0.18387866346545742
4686,-0.7898286511616986,-0.18387866346545742
4687,-0.8910537517049467,-0.18387866346545742
4688,-0.9922788522481916,-0.18387866346545742
4689,-1.0933310114051724,-0.18387866346545742
4690,-1.1940375832570744,-0.18387866346545742
4691,-1.2942265123152032,-0.18387866346545742
4692,-1.393726627474891,-0.18387866346545742
4693,-1.4923679344584646,-0.18387866346545742
4694,-1.5899819062476093,-0.18387866346545742
4695,-1.6864017710089605,-0.18387866346545742
4696,-1.7814627970209782,-0.18387866346545742
4697,-1.8750025741153262,-0.18387866346545742
4698,-3.3384510384199597,-0.18387866346545742
4699,-3.332177245141561,-0.18387866346545742
4700,-3.3217328333234963,-0.18387866346545742
4701,-3.3071356470681605,-0.18387866346545742
4702,-3.288410625423409,-0.18387866346545742
4703,-3.2655897597746204,-0.18387866346545742
4704,-3.2387120391879387,-0.18387866346545742
4705,-3.207823383798125,-0.18387866346545742
4706,-3.172976566354773,-0.18387866346545742
4707,-3.1342311220609353,-0.18387866346545742
4708,-3.0916532468582565,-0.18387866346545742
4709,-3.045315684332283,-0.18387866346545742
4710,-2.995297601431302,-0.18387866346545742
4711,-2.9416844532109288,-0.18387866346545742
4712,-2.8845678368355365,-0.18387866346545742
4713,-2.8240453350861054,-0.18387866346545742
4714,-2.760220349641631,-0.18387866346545742
4715,-2.6932019244191063,-0.18387866346545742
4716,-2.6231045592738225,-0.18387866346545742
4717,-1.966861291151941,-0.18387866346545742
4718,-2.5500480143782642,-0.18387866346545742
4719,-2.474157105613915,-0.18387866346545742
4720,-2.3955614913253225,-0.18387866346545742
4721,-2.3143954508011104,-0.18387866346545742
4722,-2.230797654859983,-0.18387866346545742
4723,-2.0568820090536537,-0.18387866346545742
4724,-2.144910928933988,-0.18387866346545742
4725,2.138058866052344,2.356354559821381e-11
4726,2.131785072773938,2.3563545587405718e-11
4727,2.121340660955875,2.3563545592809764e-11
4728,2.1067434747005436,2.3563545592809764e-11
4729,2.0880184530557924,2.3563545592809764e-11
4730,2.0651975874069968,2.3563545592809764e-11
4731,2.038319866820321,2.3563545592809764e-11
4732,2.0074312114305073,2.3563545592809764e-11
4733,1.9725843939871512,2.3563545592809764e-11
4734,1.9338389496933095,2.3563545592809764e-11
4735,1.8912610744906373,2.3563545592809764e-11
4736,1.844923511964664,2.3563545592809764e-11
4737,1.7949054290636854,2.3563545592809764e-11
4738,1.7412922808432976,2.3563545592809764e-11
4739,1.684175664467901,2.3563545592809764e-11
4740,1.6236531627185076,2.3563545592809764e-11
4741,1.5598281772739986,2.3563545592809764e-11
4742,1.492809752051476,2.3563545592809764e-11
4743,1.4227123869062201,2.3563545592809764e-11
4744,1.3496558420106286,2.3563545592809764e-11
4745,1.2737649332462886,2.3563545592809764e-11
4746,1.1951693189576882,2.3563545592809764e-11
4747,1.11400327843349,2.3563545592809764e-11
4748,1.0304054824923576,2.3563545592809764e-11
4749,0.9445187565663647,2.3563545592809764e-11
4750,0.8564898366860269,2.3563545592809764e-11
4751,0.766469118784319,2.3563545592809764e-11
4752,0.6746104017477019,2.3563545592809764e-11
4753,0.581070624653352,2.3563545592809764e-11
4754,0.4860095986413354,2.3563545592809764e-11
4755,0.38958973387998674,2.3563545592809764e-11
4756,0.2919757620908381,2.3563545592809764e-11
4757,0.19333445510727165,2.3563545592809764e-11
4758,0.09383433994757684,2.3563545592809764e-11
4759,-0.006354589110551201,2.3563545592809764e-11
4760,-0.107061160962451,2.3563545592809764e-11
4761,-0.20811332011943207,2.3563545592809764e-11
4762,-0.30933842066268014,2.3563545592809764e-11
4763,-0.410563521205925,2.3563545592809764e-11
4764,-0.511615680362906,2.3563545592809764e-11
4765,-0.612322252214808,2.3563545592809764e-11
4766,-0.7125111812729366,2.3563545592809764e-11
4767,-0.8120112964326244,2.3563545592809764e-11
4768,-0.9106526034161981,2.3563545592809764e-11
4769,-1.0082665752053426,2.3563545592809764e-11
4770,-1.1046864399666938,2.3563545592809764e-11
4771,-1.1997474659787115,2.3563545592809764e-11
4772,-1.2932872430730598,2.3563545592809764e-11
4773,-2.7567357073776932,2.3563545592809764e-11
4774,-2.7504619140992945,2.3563545592809764e-11
4775,-2.74001750228123,2.3563545592809764e-11
4776,-2.725420316025894,2.3563545592809764e-11
4777,-2.706695294381142,2.3563545592809764e-11
4778,-2.6838744287323535,2.3563545592809764e-11
4779,-2.656996708145672,2.3563545592809764e-11
4780,-2.6261080527558582,2.3563545592809764e-11
4781,-2.591261235312506,2.3563545592809764e-11
4782,-2.5525157910186684,2.3563545592809764e-11
4783,-2.50993791581599,2.3563545592809764e-11
4784,-2.4636003532900164,2.3563545592809764e-11
4785,-2.413582270389035,2.3563545592809764e-11
4786,-2.3599691221686623,2.3563545592809764e-11
4787,-2.30285250579327,2.3563545592809764e-11
4788,-2.2423300040438385,2.3563545592809764e-11
4789,-2.1785050185993646,2.3563545592809764e-11
4790,-2.11148659337684,2.3563545592809764e-11
4791,-2.041389228231556,2.3563545592809764e-11
4792,-1.3851459601096745,2.3563545592809764e-11
4793,-1.9683326833359973,2.3563545592809764e-11
4794,-1.8924417745716484,2.3563545592809764e-11
4795,-1.8138461602830556,2.3563545592809764e-11
4796,-1.732680119758844,2.3563545592809764e-11
4797,-1.6490823238177161,2.3563545592809764e-11
4798,-1.4751666780113872,2.3563545592809764e-11
4799,-1.563195597891721,2.3563545592809764e-11
4800,1.6649147922433574,0.16216433411243006
4801,1.658640998964951,0.16216433411243006
4802,1.6481965871468882,0.16216433411243006
4803,1.6335994008915569,0.16216433411243006
4804,1.6148743792468057,0.16216433411243006
4805,1.59205351359801,0.16216433411243006
4806,1.5651757930113341,0.16216433411243006
4807,1.5342871376215206,0.16216433411243006
4808,1.4994403201781645,0.16216433411243006
4809,1.4606948758843228,0.16216433411243006
4810,1.4181170006816506,0.16216433411243006
4811,1.3717794381556774,0.16216433411243006
4812,1.3217613552546987,0.16216433411243006
4813,1.2681482070343109,0.16216433411243006
4814,1.2110315906589142,0.16216433411243006
4815,1.1505090889095209,0.16216433411243006
4816,1.086684103465012,0.16216433411243006
4817,1.0196656782424895,0.16216433411243006
4818,0.9495683130972337,0.16216433411243006
4819,0.8765117682016421,0.16216433411243006
4820,0.8006208594373021,0.16216433411243006
4821,0.7220252451487015,0.16216433411243006
4822,0.6408592046245034,0.16216433411243006
4823,0.5572614086833712,0.16216433411243006
4824,0.47137468275737815,0.16216433411243006
4825,0.38334576287704025,0.16216433411243006
4826,0.2933250449753324,0.16216433411243006
4827,0.20146632793871533,0.16216433411243006
4828,0.10792655084436542,0.16216433411243006
4829,0.012865524832348818,0.16216433411243006
4830,-0.08355433992899985,0.16216433411243006
4831,-0.1811683117181485,0.16216433411243006
4832,-0.27980961870171495,0.16216433411243006
4833,-0.37930973386140976,0.16216433411243006
4834,-0.4794986629195378,0.16216433411243006
4835,-0.5802052347714376,0.16216433411243006
4836,-0.6812573939284187,0.16216433411243006
4837,-0.7824824944716667,0.16216433411243006
4838,-0.8837075950149116,0.16216433411243006
4839,-0.9847597541718924,0.16216433411243006
4840,-1.0854663260237944,0.16216433411243006
4841,-1.1856552550819233,0.16216433411243006
4842,-1.285155370241611,0.16216433411243006
4843,-1.3837966772251846,0.16216433411243006
4844,-1.4814106490143293,0.16216433411243006
4845,-1.5778305137756805,0.16216433411243006
4846,-1.6728915397876982,0.16216433411243006
4847,-1.7664313168820462,0.16216433411243006
4848,-3.22987978118668,0.16216433411243006
4849,-3.2236059879082815,0.16216433411243006
4850,-3.213161576090217,0.16216433411243006
4851,-3.198564389834881,0.16216433411243006
4852,-3.1798393681901285,0.16216433411243006
4853,-3.15701850254134,0.16216433411243006
4854,-3.1301407819546583,0.16216433411243006
4855,-3.0992521265648447,0.16216433411243006
4856,-3.0644053091214927,0.16216433411243006
4857,-3.025659864827655,0.16216433411243006
4858,-2.983081989624977,0.16216433411243006
4859,-2.9367444270990033,0.16216433411243006
4860,-2.8867263441980215,0.16216433411243006
4861,-2.833113195977649,0.16216433411243006
4862,-2.775996579602257,0.16216433411243006
4863,-2.715474077852825,0.16216433411243006
4864,-2.651649092408351,0.16216433411243006
4865,-2.5846306671858263,0.16216433411243006
4866,-2.5145333020405425,0.16216433411243006
4867,-1.858290033918661,0.16216433411243006
4868,-2.441476757144984,0.16216433411243006
4869,-2.3655858483806353,0.16216433411243006
4870,-2.286990234092042,0.16216433411243006
4871,-2.2058241935678304,0.16216433411243006
4872,-2.1222263976267026,0.16216433411243006
4873,-1.948310751820374,0.16216433411243006
4874,-2.0363396717007074,0.16216433411243006
4875,1.6649147925923382,-0.16216433429024976
4876,1.658640999313932,-0.16216433429024976
4877,1.648196587495869,-0.16216433429024976
4878,1.6335994012405377,-0.16216433429024976
4879,1.6148743795957865,-0.16216433429024976
4880,1.592053513946991,-0.16216433429024976
4881,1.565175793360315,-0.16216433429024976
4882,1.5342871379705014,-0.16216433429024976
4883,1.4994403205271454,-0.16216433429024976
4884,1.4606948762333036,-0.16216433429024976
4885,1.4181170010306314,-0.16216433429024976
4886,1.3717794385046582,-0.16216433429024976
4887,1.3217613556036796,-0.16216433429024976
4888,1.2681482073832917,-0.16216433429024976
4889,1.211031591007895,-0.16216433429024976
4890,1.1505090892585017,-0.16216433429024976
4891,1.086684103813993,-0.16216433429024976
4892,1.0196656785914704,-0.16216433429024976
4893,0.9495683134462145,-0.16216433429024976
4894,0.876511768550623,-0.16216433429024976
4895,0.800620859786283,-0.16216433429024976
4896,0.7220252454976823,-0.16216433429024976
4897,0.6408592049734843,-0.16216433429024976
4898,0.557261409032352,-0.16216433429024976
4899,0.471374683106359,-0.16216433429024976
4900,0.3833457632260211,-0.16216433429024976
4901,0.29332504532431325,-0.16216433429024976
4902,0.20146632828769617,-0.16216433429024976
4903,0.10792655119334627,-0.16216433429024976
4904,0.012865525181329662,-0.16216433429024976
4905,-0.08355433958001901,-0.16216433429024976
4906,-0.18116831136916767,-0.16216433429024976
4907,-0.2798096183527341,-0.16216433429024976
4908,-0.3793097335124289,-0.16216433429024976
4909,-0.47949866257055695,-0.16216433429024976
4910,-0.5802052344224568,-0.16216433429024976
4911,-0.6812573935794378,-0.16216433429024976
4912,-0.7824824941226859,-0.16216433429024976
4913,-0.8837075946659307,-0.16216433429024976
4914,-0.9847597538229116,-0.16216433429024976
4915,-1.0854663256748136,-0.16216433429024976
4916,-1.1856552547329424,-0.16216433429024976
4917,-1.2851553698926301,-0.16216433429024976
4918,-1.3837966768762038,-0.16216433429024976
4919,-1.4814106486653484,-0.16216433429024976
4920,-1.5778305134266997,-0.16216433429024976
4921,-1.6728915394387174,-0.16216433429024976
4922,-1.7664313165330654,-0.16216433429024976
4923,-3.229879780837699,-0.16216433429024976
4924,-3.2236059875593,-0.16216433429024976
4925,-3.2131615757412355,-0.16216433429024976
4926,-3.1985643894858997,-0.16216433429024976
4927,-3.179839367841148,-0.16216433429024976
4928,-3.1570185021923596,-0.16216433429024976
4929,-3.130140781605678,-0.16216433429024976
4930,-3.0992521262158643,-0.16216433429024976
4931,-3.0644053087725123,-0.16216433429024976
4932,-3.0256598644786745,-0.16216433429024976
4933,-2.9830819892759957,-0.16216433429024976
4934,-2.936744426750022,-0.16216433429024976
4935,-2.886726343849041,-0.16216433429024976
4936,-2.833113195628668,-0.16216433429024976
4937,-2.7759965792532757,-0.16216433429024976
4938,-2.7154740775038446,-0.16216433429024976
4939,-2.6516490920593703,-0.16216433429024976
4940,-2.5846306668368455,-0.16216433429024976
4941,-2.5145333016915616,-0.16216433429024976
4942,-1.8582900335696801,-0.16216433429024976
4943,-2.4414767567960034,-0.16216433429024976
4944,-2.365585848031654,-0.16216433429024976
4945,-2.2869902337430617,-0.16216433429024976
4946,-2.2058241932188496,-0.16216433429024976
4947,-2.122226397277722,-0.16216433429024976
4948,-1.948310751471393,-0.16216433429024976
4949,-2.036339671351727,-0.16216433429024976
4950,1.7640438122286264,0.13786831083667542
4951,1.7577700189502201,0.13786831083667542
4952,1.7473256071321572,0.13786831083667542
4953,1.7327284208768259,0.13786831083667542
4954,1.7140033992320747,0.13786831083667542
4955,1.691182533583279,0.13786831083667542
4956,1.6643048129966032,0.13786831083667542
4957,1.6334161576067896,0.13786831083667542
4958,1.5985693401634335,0.13786831083667542
4959,1.5598238958695918,0.13786831083667542
4960,1.5172460206669196,0.13786831083667542
4961,1.4709084581409464,0.13786831083667542
4962,1.4208903752399678,0.13786831083667542
4963,1.3672772270195799,0.13786831083667542
4964,1.3101606106441832,0.13786831083667542
4965,1.2496381088947899,0.13786831083667542
4966,1.1858131234502811,0.13786831083667542
4967,1.1187946982277586,0.13786831083667542
4968,1.0486973330825027,0.13786831083667542
4969,0.9756407881869111,0.13786831083667542
4970,0.8997498794225711,0.13786831083667542
4971,0.8211542651339705,0.13786831083667542
4972,0.7399882246097724,0.13786831083667542
4973,0.6563904286686402,0.13786831083667542
4974,0.5705037027426472,0.13786831083667542
4975,0.48247478286230927,0.13786831083667542
4976,0.3924540649606014,0.13786831083667542
4977,0.30059534792398435,0.13786831083667542
4978,0.20705557082963444,0.13786831083667542
4979,0.11199454481761784,0.13786831083667542
4980,0.015574680056269163,0.13786831083667542
4981,-0.0820392917328795,0.13786831083667542
4982,-0.18068059871644593,0.13786831083667542
4983,-0.28018071387614074,0.13786831083667542
4984,-0.3803696429342688,0.13786831083667542
4985,-0.4810762147861686,0.13786831083667542
4986,-0.5821283739431496,0.13786831083667542
4987,-0.6833534744863977,0.13786831083667542
4988,-0.7845785750296426,0.13786831083667542
4989,-0.8856307341866234,0.13786831083667542
4990,-0.9863373060385255,0.13786831083667542
4991,-1.0865262350966542,0.13786831083667542
4992,-1.186026350256342,0.13786831083667542
4993,-1.2846676572399156,0.13786831083667542
4994,-1.3822816290290603,0.13786831083667542
4995,-1.4787014937904115,0.13786831083667542
4996,-1.5737625198024292,0.13786831083667542
4997,-1.6673022968967772,0.13786831083667542
4998,-3.130750761201411,0.13786831083667542
4999,-3.1244769679230124,0.13786831083667542
5000,-3.114032556104948,0.13786831083667542
5001,-3.099435369849612,0.13786831083667542
5002,-3.0807103482048595,0.13786831083667542
5003,-3.057889482556071,0.13786831083667542
5004,-3.0310117619693893,0.13786831083667542
5005,-3.0001231065795757,0.13786831083667542
5006,-2.9652762891362237,0.13786831083667542
5007,-2.926530844842386,0.13786831083667542
5008,-2.883952969639708,0.13786831083667542
5009,-2.8376154071137343,0.13786831083667542
5010,-2.7875973242127525,0.13786831083667542
5011,-2.73398417599238,0.13786831083667542
5012,-2.676867559616988,0.13786831083667542
5013,-2.616345057867556,0.13786831083667542
5014,-2.552520072423082,0.13786831083667542
5015,-2.4855016472005573,0.13786831083667542
5016,-2.4154042820552735,0.13786831083667542
5017,-1.759161013933392,0.13786831083667542
5018,-2.342347737159715,0.13786831083667542
5019,-2.2664568283953663,0.13786831083667542
5020,-2.187861214106773,0.13786831083667542
5021,-2.1066951735825614,0.13786831083667542
5022,-2.0230973776414336,0.13786831083667542
5023,-1.849181731835105,0.13786831083667542
5024,-1.9372106517154386,0.13786831083667542
5025,1.764043812154277,-0.13786831071235117
5026,1.7577700188758707,-0.13786831071235117
5027,1.7473256070578078,-0.13786831071235117
5028,1.7327284208024765,-0.13786831071235117
5029,1.7140033991577253,-0.13786831071235117
5030,1.6911825335089297,-0.13786831071235117
5031,1.6643048129222537,-0.13786831071235117
5032,1.6334161575324402,-0.13786831071235117
5033,1.5985693400890841,-0.13786831071235117
5034,1.5598238957952424,-0.13786831071235117
5035,1.5172460205925702,-0.13786831071235117
5036,1.470908458066597,-0.13786831071235117
5037,1.4208903751656183,-0.13786831071235117
5038,1.3672772269452305,-0.13786831071235117
5039,1.3101606105698338,-0.13786831071235117
5040,1.2496381088204405,-0.13786831071235117
5041,1.1858131233759317,-0.13786831071235117
5042,1.1187946981534092,-0.13786831071235117
5043,1.0486973330081533,-0.13786831071235117
5044,0.9756407881125617,-0.13786831071235117
5045,0.8997498793482217,-0.13786831071235117
5046,0.8211542650596211,-0.13786831071235117
5047,0.739988224535423,-0.13786831071235117
5048,0.6563904285942908,-0.13786831071235117
5049,0.5705037026682978,-0.13786831071235117
5050,0.48247478278795985,-0.13786831071235117
5051,0.392454064886252,-0.13786831071235117
5052,0.30059534784963493,-0.13786831071235117
5053,0.20705557075528502,-0.13786831071235117
5054,0.11199454474326842,-0.13786831071235117
5055,0.015574679981919748,-0.13786831071235117
5056,-0.08203929180722891,-0.13786831071235117
5057,-0.18068059879079534,-0.13786831071235117
5058,-0.28018071395049016,-0.13786831071235117
5059,-0.3803696430086182,-0.13786831071235117
5060,-0.481076214860518,-0.13786831071235117
5061,-0.5821283740174991,-0.13786831071235117
5062,-0.6833534745607471,-0.13786831071235117
5063,-0.784578575103992,-0.13786831071235117
5064,-0.8856307342609728,-0.13786831071235117
5065,-0.986337306112875,-0.13786831071235117
5066,-1.0865262351710037,-0.13786831071235117
5067,-1.1860263503306914,-0.13786831071235117
5068,-1.284667657314265,-0.13786831071235117
5069,-1.3822816291034097,-0.13786831071235117
5070,-1.478701493864761,-0.13786831071235117
5071,-1.5737625198767786,-0.13786831071235117
5072,-1.6673022969711266,-0.13786831071235117
5073,-3.1307507612757606,-0.13786831071235117
5074,-3.124476967997362,-0.13786831071235117
5075,-3.114032556179297,-0.13786831071235117
5076,-3.0994353699239614,-0.13786831071235117
5077,-3.080710348279209,-0.13786831071235117
5078,-3.0578894826304204,-0.13786831071235117
5079,-3.0310117620437387,-0.13786831071235117
5080,-3.000123106653925,-0.13786831071235117
5081,-2.965276289210573,-0.13786831071235117
5082,-2.9265308449167353,-0.13786831071235117
5083,-2.8839529697140573,-0.13786831071235117
5084,-2.8376154071880837,-0.13786831071235117
5085,-2.787597324287102,-0.13786831071235117
5086,-2.7339841760667296,-0.13786831071235117
5087,-2.6768675596913374,-0.13786831071235117
5088,-2.6163450579419054,-0.13786831071235117
5089,-2.5525200724974315,-0.13786831071235117
5090,-2.4855016472749067,-0.13786831071235117
5091,-2.415404282129623,-0.13786831071235117
5092,-1.7591610140077414,-0.13786831071235117
5093,-2.342347737234064,-0.13786831071235117
5094,-2.2664568284697157,-0.13786831071235117
5095,-2.1878612141811224,-0.13786831071235117
5096,-2.106695173656911,-0.13786831071235117
5097,-2.023097377715783,-0.13786831071235117
5098,-1.8491817319094543,-0.13786831071235117
5099,-1.937210651789788,-0.13786831071235117
5100,1.851160931760139,0.10970090589827003
5101,1.8448871384817327,0.10970090589827003
5102,1.8344427266636698,0.10970090589827003
5103,1.8198455404083385,0.10970090589827003
5104,1.8011205187635873,0.10970090589827003
5105,1.7782996531147917,0.10970090589827003
5106,1.7514219325281157,0.10970090589827003
5107,1.7205332771383022,0.10970090589827003
5108,1.6856864596949461,0.10970090589827003
5109,1.6469410154011044,0.10970090589827003
5110,1.6043631401984322,0.10970090589827003
5111,1.558025577672459,0.10970090589827003
5112,1.5080074947714803,0.10970090589827003
5113,1.4543943465510925,0.10970090589827003
5114,1.3972777301756958,0.10970090589827003
5115,1.3367552284263025,0.10970090589827003
5116,1.272930242981794,0.10970090589827003
5117,1.2059118177592714,0.10970090589827003
5118,1.1358144526140155,0.10970090589827003
5119,1.062757907718424,0.10970090589827003
5120,0.9868669989540838,0.10970090589827003
5121,0.9082713846654832,0.10970090589827003
5122,0.8271053441412851,0.10970090589827003
5123,0.7435075482001529,0.10970090589827003
5124,0.6576208222741599,0.10970090589827003
5125,0.569591902393822,0.10970090589827003
5126,0.4795711844921141,0.10970090589827003
5127,0.38771246745549703,0.10970090589827003
5128,0.2941726903611471,0.10970090589827003
5129,0.19911166434913052,0.10970090589827003
5130,0.10269179958778185,0.10970090589827003
5131,0.005077827798633194,0.10970090589827003
5132,-0.09356347918493324,0.10970090589827003
5133,-0.19306359434462805,0.10970090589827003
5134,-0.2932525234027561,0.10970090589827003
5135,-0.3939590952546559,0.10970090589827003
5136,-0.49501125441163696,0.10970090589827003
5137,-0.596236354954885,0.10970090589827003
5138,-0.6974614554981299,0.10970090589827003
5139,-0.7985136146551108,0.10970090589827003
5140,-0.8992201865070129,0.10970090589827003
5141,-0.9994091155651414,0.10970090589827003
5142,-1.0989092307248294,0.10970090589827003
5143,-1.197550537708403,0.10970090589827003
5144,-1.2951645094975475,0.10970090589827003
5145,-1.391584374258899,0.10970090589827003
5146,-1.4866454002709166,0.10970090589827003
5147,-1.5801851773652644,0.10970090589827003
5148,-3.0436336416698984,0.10970090589827003
5149,-3.0373598483914996,0.10970090589827003
5150,-3.026915436573435,0.10970090589827003
5151,-3.012318250318099,0.10970090589827003
5152,-2.993593228673347,0.10970090589827003
5153,-2.9707723630245586,0.10970090589827003
5154,-2.943894642437877,0.10970090589827003
5155,-2.9130059870480633,0.10970090589827003
5156,-2.8781591696047113,0.10970090589827003
5157,-2.8394137253108735,0.10970090589827003
5158,-2.796835850108195,0.10970090589827003
5159,-2.7504982875822215,0.10970090589827003
5160,-2.70048020468124,0.10970090589827003
5161,-2.6468670564608674,0.10970090589827003
5162,-2.589750440085475,0.10970090589827003
5163,-2.5292279383360436,0.10970090589827003
5164,-2.4654029528915693,0.10970090589827003
5165,-2.3983845276690445,0.10970090589827003
5166,-2.3282871625237607,0.10970090589827003
5167,-1.6720438944018792,0.10970090589827003
5168,-2.2552306176282024,0.10970090589827003
5169,-2.1793397088638535,0.10970090589827003
5170,-2.1007440945752607,0.10970090589827003
5171,-2.0195780540510486,0.10970090589827003
5172,-1.9359802581099212,0.10970090589827003
5173,-1.7620646123035923,0.10970090589827003
5174,-1.850093532183926,0.10970090589827003
5175,1.9220710409296764,0.07865002937969713
5176,1.9157972476512701,0.07865002937969713
5177,1.9053528358332072,0.07865002937969713
5178,1.890755649577876,0.07865002937969713
5179,1.8720306279331247,0.07865002937969713
5180,1.849209762284329,0.07865002937969713
5181,1.8223320416976532,0.07865002937969713
5182,1.7914433863078396,0.07865002937969713
5183,1.7565965688644836,0.07865002937969713
5184,1.7178511245706418,0.07865002937969713
5185,1.6752732493679696,0.07865002937969713
5186,1.6289356868419964,0.07865002937969713
5187,1.5789176039410178,0.07865002937969713
5188,1.52530445572063,0.07865002937969713
5189,1.4681878393452332,0.07865002937969713
5190,1.40766533759584,0.07865002937969713
5191,1.343840352151331,0.07865002937969713
5192,1.2768219269288084,0.07865002937969713
5193,1.2067245617835525,0.07865002937969713
5194,1.133668016887961,0.07865002937969713
5195,1.057777108123621,0.07865002937969713
5196,0.9791814938350204,0.07865002937969713
5197,0.8980154533108223,0.07865002937969713
5198,0.8144176573696901,0.07865002937969713
5199,0.7285309314436971,0.07865002937969713
5200,0.6405020115633592,0.07865002937969713
5201,0.5504812936616513,0.07865002937969713
5202,0.45862257662503425,0.07865002937969713
5203,0.36508279953068434,0.07865002937969713
5204,0.27002177351866774,0.07865002937969713
5205,0.17360190875731907,0.07865002937969713
5206,0.07598793696817041,0.07865002937969713
5207,-0.022653370015396024,0.07865002937969713
5208,-0.12215348517509084,0.07865002937969713
5209,-0.22234241423321888,0.07865002937969713
5210,-0.3230489860851187,0.07865002937969713
5211,-0.42410114524209974,0.07865002937969713
5212,-0.5253262457853478,0.07865002937969713
5213,-0.6265513463285927,0.07865002937969713
5214,-0.7276035054855736,0.07865002937969713
5215,-0.8283100773374756,0.07865002937969713
5216,-0.9284990063956042,0.07865002937969713
5217,-1.027999121555292,0.07865002937969713
5218,-1.1266404285388658,0.07865002937969713
5219,-1.2242544003280103,0.07865002937969713
5220,-1.3206742650893615,0.07865002937969713
5221,-1.4157352911013792,0.07865002937969713
5222,-1.5092750681957274,0.07865002937969713
5223,-2.972723532500361,0.07865002937969713
5224,-2.966449739221962,0.07865002937969713
5225,-2.9560053274038975,0.07865002937969713
5226,-2.9414081411485618,0.07865002937969713
5227,-2.9226831195038097,0.07865002937969713
5228,-2.899862253855021,0.07865002937969713
5229,-2.8729845332683395,0.07865002937969713
5230,-2.842095877878526,0.07865002937969713
5231,-2.807249060435174,0.07865002937969713
5232,-2.768503616141336,0.07865002937969713
5233,-2.7259257409386577,0.07865002937969713
5234,-2.679588178412684,0.07865002937969713
5235,-2.6295700955117027,0.07865002937969713
5236,-2.57595694729133,0.07865002937969713
5237,-2.5188403309159377,0.07865002937969713
5238,-2.458317829166506,0.07865002937969713
5239,-2.3944928437220323,0.07865002937969713
5240,-2.3274744184995075,0.07865002937969713
5241,-2.2573770533542237,0.07865002937969713
5242,-1.6011337852323422,0.07865002937969713
5243,-2.184320508458665,0.07865002937969713
5244,-2.108429599694316,0.07865002937969713
5245,-2.0298339854057232,0.07865002937969713
5246,-1.9486679448815116,0.07865002937969713
5247,-1.8650701489403838,0.07865002937969713
5248,-1.691154503134055,0.07865002937969713
5249,-1.7791834230143886,0.07865002937969713
5250,1.9692538342635983,0.04253728211685511
5251,1.962980040985192,0.04253728211685511
5252,1.9525356291671292,0.04253728211685511
5253,1.9379384429117978,0.04253728211685511
5254,1.9192134212670466,0.04253728211685511
5255,1.896392555618251,0.04253728211685511
5256,1.8695148350315751,0.04253728211685511
5257,1.8386261796417616,0.04253728211685511
5258,1.8037793621984055,0.04253728211685511
5259,1.7650339179045638,0.04253728211685511
5260,1.7224560427018916,0.04253728211685511
5261,1.6761184801759184,0.04253728211685511
5262,1.6261003972749397,0.04253728211685511
5263,1.5724872490545518,0.04253728211685511
5264,1.5153706326791552,0.04253728211685511
5265,1.4548481309297618,0.04253728211685511
5266,1.3910231454852533,0.04253728211685511
5267,1.3240047202627307,0.04253728211685511
5268,1.2539073551174749,0.04253728211685511
5269,1.1808508102218833,0.04253728211685511
5270,1.1049599014575433,0.04253728211685511
5271,1.0263642871689425,0.04253728211685511
5272,0.9451982466447445,0.04253728211685511
5273,0.8616004507036122,0.04253728211685511
5274,0.7757137247776192,0.04253728211685511
5275,0.6876848048972813,0.04253728211685511
5276,0.5976640869955735,0.04253728211685511
5277,0.5058053699589564,0.04253728211685511
5278,0.4122655928646065,0.04253728211685511
5279,0.3172045668525899,0.04253728211685511
5280,0.22078470209124124,0.04253728211685511
5281,0.12317073030209258,0.04253728211685511
5282,0.024529423318526145,0.04253728211685511
5283,-0.07497069184116867,0.04253728211685511
5284,-0.1751596208992967,0.04253728211685511
5285,-0.2758661927511965,0.04253728211685511
5286,-0.3769183519081776,0.04253728211685511
5287,-0.47814345245142564,0.04253728211685511
5288,-0.5793685529946705,0.04253728211685511
5289,-0.6804207121516515,0.04253728211685511
5290,-0.7811272840035535,0.04253728211685511
5291,-0.8813162130616821,0.04253728211685511
5292,-0.9808163282213699,0.04253728211685511
5293,-1.0794576352049436,0.04253728211685511
5294,-1.177071606994088,0.04253728211685511
5295,-1.2734914717554395,0.04253728211685511
5296,-1.3685524977674572,0.04253728211685511
5297,-1.462092274861805,0.04253728211685511
5298,-2.925540739166439,0.04253728211685511
5299,-2.9192669458880403,0.04253728211685511
5300,-2.9088225340699756,0.04253728211685511
5301,-2.89422534781464,0.04253728211685511
5302,-2.8755003261698877,0.04253728211685511
5303,-2.852679460521099,0.04253728211685511
5304,-2.8258017399344175,0.04253728211685511
5305,-2.794913084544604,0.04253728211685511
5306,-2.760066267101252,0.04253728211685511
5307,-2.721320822807414,0.04253728211685511
5308,-2.6787429476047357,0.04253728211685511
5309,-2.632405385078762,0.04253728211685511
5310,-2.582387302177781,0.04253728211685511
5311,-2.528774153957408,0.04253728211685511
5312,-2.471657537582016,0.04253728211685511
5313,-2.4111350358325843,0.04253728211685511
5314,-2.34731005038811,0.04253728211685511
5315,-2.280291625165585,0.04253728211685511
5316,-2.2101942600203013,0.04253728211685511
5317,-1.5539509918984198,0.04253728211685511
5318,-2.137137715124743,0.04253728211685511
5319,-2.061246806360394,0.04253728211685511
5320,-1.9826511920718013,0.04253728211685511
5321,-1.9014851515475892,0.04253728211685511
5322,-1.8178873556064619,0.04253728211685511
5323,-1.643971709800133,0.04253728211685511
5324,-1.7320006296804666,0.04253728211685511
5325,1.9864493664990557,-1.636590740633765e-11
5326,1.9801755732206494,-1.6365907417145742e-11
5327,1.9697311614025865,-1.6365907411741697e-11
5328,1.9551339751472552,-1.6365907411741697e-11
5329,1.936408953502504,-1.6365907411741697e-11
5330,1.9135880878537084,-1.6365907411741697e-11
5331,1.8867103672670325,-1.6365907411741697e-11
5332,1.855821711877219,-1.6365907411741697e-11
5333,1.8209748944338628,-1.6365907411741697e-11
5334,1.782229450140021,-1.6365907411741697e-11
5335,1.739651574937349,-1.6365907411741697e-11
5336,1.6933140124113757,-1.6365907411741697e-11
5337,1.643295929510397,-1.6365907411741697e-11
5338,1.5896827812900092,-1.6365907411741697e-11
5339,1.5325661649146125,-1.6365907411741697e-11
5340,1.4720436631652192,-1.6365907411741697e-11
5341,1.4082186777207104,-1.6365907411741697e-11
5342,1.3412002524981879,-1.6365907411741697e-11
5343,1.271102887352932,-1.6365907411741697e-11
5344,1.1980463424573404,-1.6365907411741697e-11
5345,1.1221554336930004,-1.6365907411741697e-11
5346,1.0435598194043998,-1.6365907411741697e-11
5347,0.9623937788802017,-1.6365907411741697e-11
5348,0.8787959829390695,-1.6365907411741697e-11
5349,0.7929092570130765,-1.6365907411741697e-11
5350,0.7048803371327386,-1.6365907411741697e-11
5351,0.6148596192310307,-1.6365907411741697e-11
5352,0.5230009021944136,-1.6365907411741697e-11
5353,0.42946112510006373,-1.6365907411741697e-11
5354,0.33440009908804713,-1.6365907411741697e-11
5355,0.23798023432669846,-1.6365907411741697e-11
5356,0.1403662625375498,-1.6365907411741697e-11
5357,0.04172495555398337,-1.6365907411741697e-11
5358,-0.057775159605711446,-1.6365907411741697e-11
5359,-0.15796408866383949,-1.6365907411741697e-11
5360,-0.2586706605157393,-1.6365907411741697e-11
5361,-0.35972281967272035,-1.6365907411741697e-11
5362,-0.4609479202159684,-1.6365907411741697e-11
5363,-0.5621730207592133,-1.6365907411741697e-11
5364,-0.6632251799161941,-1.6365907411741697e-11
5365,-0.7639317517680962,-1.6365907411741697e-11
5366,-0.864120680826225,-1.6365907411741697e-11
5367,-0.9636207959859127,-1.6365907411741697e-11
5368,-1.0622621029694863,-1.6365907411741697e-11
5369,-1.159876074758631,-1.6365907411741697e-11
5370,-1.2562959395199822,-1.6365907411741697e-11
5371,-1.351356965532,-1.6365907411741697e-11
5372,-1.444896742626348,-1.6365907411741697e-11
5373,-2.9083452069309814,-1.6365907411741697e-11
5374,-2.9020714136525827,-1.6365907411741697e-11
5375,-2.891627001834518,-1.6365907411741697e-11
5376,-2.8770298155791822,-1.6365907411741697e-11
5377,-2.8583047939344306,-1.6365907411741697e-11
5378,-2.835483928285642,-1.6365907411741697e-11
5379,-2.8086062076989604,-1.6365907411741697e-11
5380,-2.777717552309147,-1.6365907411741697e-11
5381,-2.742870734865795,-1.6365907411741697e-11
5382,-2.704125290571957,-1.6365907411741697e-11
5383,-2.661547415369278,-1.6365907411741697e-11
5384,-2.6152098528433045,-1.6365907411741697e-11
5385,-2.5651917699423237,-1.6365907411741697e-11
5386,-2.5115786217219505,-1.6365907411741697e-11
5387,-2.4544620053465582,-1.6365907411741697e-11
5388,-2.393939503597127,-1.6365907411741697e-11
5389,-2.330114518152653,-1.6365907411741697e-11
5390,-2.263096092930128,-1.6365907411741697e-11
5391,-2.192998727784844,-1.6365907411741697e-11
5392,-1.5367554596629627,-1.6365907411741697e-11
5393,-2.119942182889286,-1.6365907411741697e-11
5394,-2.0440512741249366,-1.6365907411741697e-11
5395,-1.965455659836344,-1.6365907411741697e-11
5396,-1.8842896193121321,-1.6365907411741697e-11
5397,-1.8006918233710045,-1.6365907411741697e-11
5398,-1.6267761775646756,-1.6365907411741697e-11
5399,-1.7148050974450093,-1.6365907411741697e-11
5400,1.9692538342269095,-0.04253728211864942
5401,1.9629800409485032,-0.04253728211864942
5402,1.9525356291304403,-0.04253728211864942
5403,1.937938442875109,-0.04253728211864942
5404,1.9192134212303578,-0.04253728211864942
5405,1.8963925555815622,-0.04253728211864942
5406,1.8695148349948862,-0.04253728211864942
5407,1.8386261796050727,-0.04253728211864942
5408,1.8037793621617166,-0.04253728211864942
5409,1.765033917867875,-0.04253728211864942
5410,1.7224560426652027,-0.04253728211864942
5411,1.6761184801392295,-0.04253728211864942
5412,1.6261003972382508,-0.04253728211864942
5413,1.572487249017863,-0.04253728211864942
5414,1.5153706326424663,-0.04253728211864942
5415,1.454848130893073,-0.04253728211864942
5416,1.3910231454485642,-0.04253728211864942
5417,1.3240047202260417,-0.04253728211864942
5418,1.2539073550807858,-0.04253728211864942
5419,1.1808508101851942,-0.04253728211864942
5420,1.1049599014208542,-0.04253728211864942
5421,1.0263642871322536,-0.04253728211864942
5422,0.9451982466080555,-0.04253728211864942
5423,0.8616004506669233,-0.04253728211864942
5424,0.7757137247409303,-0.04253728211864942
5425,0.6876848048605924,-0.04253728211864942
5426,0.5976640869588845,-0.04253728211864942
5427,0.5058053699222673,-0.04253728211864942
5428,0.41226559282791747,-0.04253728211864942
5429,0.31720456681590087,-0.04253728211864942
5430,0.2207847020545522,-0.04253728211864942
5431,0.12317073026540354,-0.04253728211864942
5432,0.024529423281837104,-0.04253728211864942
5433,-0.07497069187785771,-0.04253728211864942
5434,-0.17515962093598575,-0.04253728211864942
5435,-0.27586619278788554,-0.04253728211864942
5436,-0.3769183519448666,-0.04253728211864942
5437,-0.4781434524881147,-0.04253728211864942
5438,-0.5793685530313595,-0.04253728211864942
5439,-0.6804207121883404,-0.04253728211864942
5440,-0.7811272840402426,-0.04253728211864942
5441,-0.8813162130983712,-0.04253728211864942
5442,-0.9808163282580589,-0.04253728211864942
5443,-1.0794576352416327,-0.04253728211864942
5444,-1.1770716070307772,-0.04253728211864942
5445,-1.2734914717921284,-0.04253728211864942
5446,-1.3685524978041461,-0.04253728211864942
5447,-1.4620922748984941,-0.04253728211864942
5448,-2.925540739203128,-0.04253728211864942
5449,-2.919266945924729,-0.04253728211864942
5450,-2.9088225341066645,-0.04253728211864942
5451,-2.8942253478513287,-0.04253728211864942
5452,-2.8755003262065766,-0.04253728211864942
5453,-2.852679460557788,-0.04253728211864942
5454,-2.8258017399711064,-0.04253728211864942
5455,-2.794913084581293,-0.04253728211864942
5456,-2.760066267137941,-0.04253728211864942
5457,-2.721320822844103,-0.04253728211864942
5458,-2.6787429476414246,-0.04253728211864942
5459,-2.632405385115451,-0.04253728211864942
5460,-2.5823873022144697,-0.04253728211864942
5461,-2.528774153994097,-0.04253728211864942
5462,-2.4716575376187047,-0.04253728211864942
5463,-2.411135035869273,-0.04253728211864942
5464,-2.3473100504247992,-0.04253728211864942
5465,-2.2802916252022745,-0.04253728211864942
5466,-2.2101942600569906,-0.04253728211864942
5467,-1.5539509919351089,-0.04253728211864942
5468,-2.137137715161432,-0.04253728211864942
5469,-2.061246806397083,-0.04253728211864942
5470,-1.9826511921084902,-0.04253728211864942
5471,-1.9014851515842783,-0.04253728211864942
5472,-1.8178873556431507,-0.04253728211864942
5473,-1.6439717098368218,-0.04253728211864942
5474,-1.7320006297171555,-0.04253728211864942
5475,1.9220710409467743,-0.07865002934132231
5476,1.915797247668368,-0.07865002934132231
5477,1.9053528358503051,-0.07865002934132231
5478,1.8907556495949738,-0.07865002934132231
5479,1.8720306279502226,-0.07865002934132231
5480,1.849209762301427,-0.07865002934132231
5481,1.822332041714751,-0.07865002934132231
5482,1.7914433863249375,-0.07865002934132231
5483,1.7565965688815814,-0.07865002934132231
5484,1.7178511245877397,-0.07865002934132231
5485,1.6752732493850675,-0.07865002934132231
5486,1.6289356868590943,-0.07865002934132231
5487,1.5789176039581156,-0.07865002934132231
5488,1.5253044557377278,-0.07865002934132231
5489,1.468187839362331,-0.07865002934132231
5490,1.4076653376129378,-0.07865002934132231
5491,1.3438403521684288,-0.07865002934132231
5492,1.2768219269459062,-0.07865002934132231
5493,1.2067245618006504,-0.07865002934132231
5494,1.1336680169050588,-0.07865002934132231
5495,1.0577771081407188,-0.07865002934132231
5496,0.9791814938521183,-0.07865002934132231
5497,0.8980154533279202,-0.07865002934132231
5498,0.814417657386788,-0.07865002934132231
5499,0.728530931460795,-0.07865002934132231
5500,0.640502011580457,-0.07865002934132231
5501,0.5504812936787492,-0.07865002934132231
5502,0.45862257664213213,-0.07865002934132231
5503,0.3650827995477822,-0.07865002934132231
5504,0.2700217735357656,-0.07865002934132231
5505,0.17360190877441695,-0.07865002934132231
5506,0.07598793698526829,-0.07865002934132231
5507,-0.022653369998298145,-0.07865002934132231
5508,-0.12215348515799296,-0.07865002934132231
5509,-0.222342414216121,-0.07865002934132231
5510,-0.3230489860680208,-0.07865002934132231
5511,-0.42410114522500186,-0.07865002934132231
5512,-0.5253262457682499,-0.07865002934132231
5513,-0.6265513463114948,-0.07865002934132231
5514,-0.7276035054684757,-0.07865002934132231
5515,-0.8283100773203778,-0.07865002934132231
5516,-0.9284990063785064,-0.07865002934132231
5517,-1.027999121538194,-0.07865002934132231
5518,-1.126640428521768,-0.07865002934132231
5519,-1.2242544003109124,-0.07865002934132231
5520,-1.3206742650722636,-0.07865002934132231
5521,-1.4157352910842813,-0.07865002934132231
5522,-1.5092750681786296,-0.07865002934132231
5523,-2.972723532483263,-0.07865002934132231
5524,-2.9664497392048643,-0.07865002934132231
5525,-2.9560053273867997,-0.07865002934132231
5526,-2.941408141131464,-0.07865002934132231
5527,-2.922683119486712,-0.07865002934132231
5528,-2.8998622538379233,-0.07865002934132231
5529,-2.8729845332512416,-0.07865002934132231
5530,-2.842095877861428,-0.07865002934132231
5531,-2.807249060418076,-0.07865002934132231
5532,-2.7685036161242382,-0.07865002934132231
5533,-2.72592574092156,-0.07865002934132231
5534,-2.679588178395586,-0.07865002934132231
5535,-2.629570095494605,-0.07865002934132231
5536,-2.575956947274232,-0.07865002934132231
5537,-2.51884033089884,-0.07865002934132231
5538,-2.4583178291494083,-0.07865002934132231
5539,-2.3944928437049344,-0.07865002934132231
5540,-2.3274744184824097,-0.07865002934132231
5541,-2.257377053337126,-0.07865002934132231
5542,-1.6011337852152443,-0.07865002934132231
5543,-2.184320508441567,-0.07865002934132231
5544,-2.108429599677218,-0.07865002934132231
5545,-2.0298339853886254,-0.07865002934132231
5546,-1.9486679448644137,-0.07865002934132231
5547,-1.865070148923286,-0.07865002934132231
5548,-1.691154503116957,-0.07865002934132231
5549,-1.7791834229972907,-0.07865002934132231
5550,1.851160931767169,-0.10970090596307541
5551,1.8448871384887626,-0.10970090596307541
5552,1.8344427266706997,-0.10970090596307541
5553,1.8198455404153684,-0.10970090596307541
5554,1.8011205187706172,-0.10970090596307541
5555,1.7782996531218216,-0.10970090596307541
5556,1.7514219325351457,-0.10970090596307541
5557,1.720533277145332,-0.10970090596307541
5558,1.685686459701976,-0.10970090596307541
5559,1.6469410154081343,-0.10970090596307541
5560,1.6043631402054621,-0.10970090596307541
5561,1.558025577679489,-0.10970090596307541
5562,1.5080074947785103,-0.10970090596307541
5563,1.4543943465581224,-0.10970090596307541
5564,1.3972777301827257,-0.10970090596307541
5565,1.3367552284333324,-0.10970090596307541
5566,1.2729302429888238,-0.10970090596307541
5567,1.2059118177663013,-0.10970090596307541
5568,1.1358144526210454,-0.10970090596307541
5569,1.0627579077254539,-0.10970090596307541
5570,0.9868669989611137,-0.10970090596307541
5571,0.9082713846725131,-0.10970090596307541
5572,0.827105344148315,-0.10970090596307541
5573,0.7435075482071828,-0.10970090596307541
5574,0.6576208222811898,-0.10970090596307541
5575,0.5695919024008519,-0.10970090596307541
5576,0.47957118449914404,-0.10970090596307541
5577,0.38771246746252697,-0.10970090596307541
5578,0.29417269036817706,-0.10970090596307541
5579,0.19911166435616046,-0.10970090596307541
5580,0.10269179959481178,-0.10970090596307541
5581,0.0050778278056631265,-0.10970090596307541
5582,-0.09356347917790331,-0.10970090596307541
5583,-0.19306359433759812,-0.10970090596307541
5584,-0.29325252339572616,-0.10970090596307541
5585,-0.39395909524762596,-0.10970090596307541
5586,-0.495011254404607,-0.10970090596307541
5587,-0.5962363549478551,-0.10970090596307541
5588,-0.6974614554911,-0.10970090596307541
5589,-0.7985136146480809,-0.10970090596307541
5590,-0.8992201864999829,-0.10970090596307541
5591,-0.9994091155581115,-0.10970090596307541
5592,-1.0989092307177994,-0.10970090596307541
5593,-1.197550537701373,-0.10970090596307541
5594,-1.2951645094905175,-0.10970090596307541
5595,-1.391584374251869,-0.10970090596307541
5596,-1.4866454002638867,-0.10970090596307541
5597,-1.5801851773582345,-0.10970090596307541
5598,-3.0436336416628684,-0.10970090596307541
5599,-3.0373598483844697,-0.10970090596307541
5600,-3.026915436566405,-0.10970090596307541
5601,-3.0123182503110693,-0.10970090596307541
5602,-2.993593228666317,-0.10970090596307541
5603,-2.9707723630175287,-0.10970090596307541
5604,-2.943894642430847,-0.10970090596307541
5605,-2.9130059870410334,-0.10970090596307541
5606,-2.8781591695976814,-0.10970090596307541
5607,-2.8394137253038436,-0.10970090596307541
5608,-2.796835850101165,-0.10970090596307541
5609,-2.7504982875751915,-0.10970090596307541
5610,-2.7004802046742102,-0.10970090596307541
5611,-2.6468670564538375,-0.10970090596307541
5612,-2.5897504400784452,-0.10970090596307541
5613,-2.5292279383290137,-0.10970090596307541
5614,-2.4654029528845394,-0.10970090596307541
5615,-2.3983845276620146,-0.10970090596307541
5616,-2.3282871625167307,-0.10970090596307541
5617,-1.6720438943948492,-0.10970090596307541
5618,-2.2552306176211725,-0.10970090596307541
5619,-2.1793397088568236,-0.10970090596307541
5620,-2.1007440945682307,-0.10970090596307541
5621,-2.0195780540440187,-0.10970090596307541
5622,-1.9359802581028913,-0.10970090596307541
5623,-1.7620646122965624,-0.10970090596307541
5624,-1.850093532176896,-0.10970090596307541
