L,dimension,average_pr2_middle,special_pr2_average,inverse_dimension,special_to_average_ratio
10,123,0.029860655295974696,0.03635606333319451,0.008130081300813009,1.217523961642443
12,322,0.013441670235147415,0.025173898046757733,0.003105590062111801,1.8728251479442466
14,843,0.005738234071499308,0.015869762387572393,0.0011862396204033216,2.765617817229592
16,2207,0.002395261144016709,0.011499587924982466,0.00045310376076121433,4.800974605089761
