angle_deg,p_abprime,p_bcprime,p_acprime,wigner,violation_limit
0,0.172125,0.213186395763547,0.461375,-0.0760636042364528,-0.183012701892219
0.25,0.174316485240072,0.215336320574872,0.463555471486384,-0.0739026656714399,-0.183012701892219
0.5,0.176518817343747,0.217491426795057,0.465724763167733,-0.0717145190289295,-0.183012701892219
0.75,0.178731828594908,0.21965155030442,0.467882709844088,-0.0694993309447597,-0.183012701892219
1,0.180955350464181,0.221816526601193,0.470029147179454,-0.0672572701140804,-0.183012701892219
1.25,0.183189213621766,0.223986190814049,0.472163911714319,-0.0649885072785037,-0.183012701892219
1.5,0.185433247950336,0.226160377714657,0.474286840878097,-0.0626932152131038,-0.183012701892219
1.75,0.187687282557988,0.228338921730268,0.476397773001513,-0.0603715687132574,-0.183012701892219
2,0.189951145791259,0.230521656956319,0.478496547328914,-0.0580237445813348,-0.183012701892219
2.25,0.192224665248201,0.232708417169074,0.480583004030508,-0.0556499216132333,-0.183012701892219
2.5,0.194507667791503,0.234899035838275,0.48265698421454,-0.0532502805847627,-0.183012701892219
2.75,0.196799979561683,0.237093346139829,0.484718329939389,-0.0508250042378777,-0.183012701892219
3,0.199101425990325,0.239291180968511,0.486766884225598,-0.048374277266762,-0.183012701892219
3.25,0.201411831813373,0.24149237295069,0.488802491067825,-0.045898286303763,-0.183012701892219
3.5,0.203731021084478,0.243696754457074,0.49082499544673,-0.0433972199051786,-0.183012701892219
3.75,0.206058817188398,0.245904157615476,0.492834243340773,-0.0408712685368984,-0.183012701892219
4,0.208395042854448,0.248114414323601,0.494830081737947,-0.0383206245598984,-0.183012701892219
4.25,0.210739520169997,0.250327356261841,0.496812358647432,-0.0357454822155931,-0.183012701892219
4.5,0.213092070594022,0.252542814906102,0.498780923111165,-0.0331460376110418,-0.183012701892219
4.75,0.215452514970699,0.254760621540629,0.500735625215343,-0.0305224887040155,-0.183012701892219
5,0.21782067354305,0.25698060727086,0.502676316101832,-0.0278750352879209,-0.183012701892219
5.25,0.220196365966632,0.259202603036288,0.504602847979506,-0.0252038789765854,-0.183012701892219
5.5,0.222579411323267,0.261426439623333,0.506515074135504,-0.0225092231889042,-0.183012701892219
5.75,0.224969628134827,0.263651947678227,0.508412848946402,-0.0197912731333483,-0.183012701892219
6,0.227366834377046,0.265878957719916,0.5102960278893,-0.0170502357923373,-0.183012701892219
6.25,0.229770847493389,0.268107300152964,0.51216446755283,-0.0142863199064772,-0.183012701892219
6.5,0.232181484408948,0.270336805280466,0.514018025648078,-0.0114997359586636,-0.183012701892219
6.75,0.23459856154439,0.272567303316975,0.515856561019418,-0.00869069615805262,-0.183012701892219
7,0.237021894829933,0.274798624401431,0.517679933655265,-0.00585941442390092,-0.183012701892219
7.25,0.239451299719364,0.277030598610093,0.519488004698732,-0.00300610636927434,-0.183012701892219
7.5,0.241886591204096,0.279263055969485,0.521280636458209,-0.000130989284628069,-0.183012701892219
7.75,0.244327583827253,0.281495826469334,0.523057692417847,0.00276571787874003,-0.183012701892219
8,0.246774091697796,0.283728740075524,0.524819037247955,0.00568379452536505,-0.183012701892219
8.25,0.249225928504679,0.285961626743037,0.526564536815304,0.00862301843241176,-0.183012701892219
8.5,0.251682907531037,0.288194316428909,0.528294058193345,0.0115831657666007,-0.183012701892219
8.75,0.254144841668404,0.290426639105176,0.530007469672328,0.0145640111012514,-0.183012701892219
9,0.256611543430963,0.292658424771824,0.531704640769336,0.0175653274334505,-0.183012701892219
9.25,0.259082824969826,0.294889503469733,0.533385442238219,0.0205868862013397,-0.183012701892219
9.5,0.261558498087334,0.297119705293623,0.535049746079437,0.0236284573015203,-0.183012701892219
9.75,0.264038374251396,0.29934886040499,0.536697425549809,0.026689809106577,-0.183012701892219
10,0.26652226460984,0.301576799045041,0.538328355172164,0.0297707084827172,-0.183012701892219
10.25,0.269009980004799,0.303803351547625,0.539942410744898,0.0328709208075256,-0.183012701892219
10.5,0.271501330987113,0.306028348352146,0.541539469351429,0.0359902099878303,-0.183012701892219
10.75,0.27399612783076,0.308251620016484,0.543119409369561,0.0391283384776837,-0.183012701892219
11,0.276494180547301,0.310472997229895,0.544682110480744,0.0422850672964514,-0.183012701892219
11.25,0.27899529890035,0.312692310825902,0.54622745367924,0.0454601560470121,-0.183012701892219
11.5,0.281499292420061,0.314909391795183,0.54775532128118,0.0486533629340645,-0.183012701892219
11.75,0.284005970417633,0.317124071298439,0.54926559693353,0.0518644447825415,-0.183012701892219
12,0.286515141999831,0.31933618067925,0.550758165622954,0.0550931570561276,-0.183012701892219
12.25,0.289026616083525,0.321545551476923,0.552232913684565,0.058339253875883,-0.183012701892219
12.5,0.29154020141024,0.323752015439318,0.553689728810591,0.0616024880389673,-0.183012701892219
12.75,0.294055706560721,0.325955404535662,0.555128500058918,0.0648826110374643,-0.183012701892219
13,0.296572939969512,0.328155550969343,0.556549117861546,0.0681793730773086,-0.183012701892219
13.25,0.299091709939543,0.330352287190693,0.557951474032929,0.0714925230973067,-0.183012701892219
13.5,0.301611824656728,0.332545445909743,0.559335461778214,0.0748218087882576,-0.183012701892219
13.75,0.304133092204577,0.334734860108966,0.560700975701377,0.0781669766121657,-0.183012701892219
14,0.306655320578802,0.336920363055994,0.562047911813246,0.0815277718215498,-0.183012701892219
14.25,0.309178317701948,0.339101788316317,0.563376167539421,0.0849039384788431,-0.183012701892219
14.5,0.311701891438016,0.341278969765953,0.564685641728086,0.0882952194758831,-0.183012701892219
14.75,0.314225849607095,0.343451741604108,0.565976234657711,0.0917013565534923,-0.183012701892219
15,0.31675,0.345619938365793,0.567247848044649,0.0951220903211443,-0.183012701892219
15.25,0.319274150392905,0.347783394934431,0.568500385050616,0.0985571602767195,-0.183012701892219
15.5,0.321798108561984,0.349941946554427,0.56973375029007,0.102006304826341,-0.183012701892219
15.75,0.324321682298052,0.352095428843718,0.570947849837474,0.105469261304297,-0.183012701892219
16,0.326844679421198,0.354243677806291,0.572142591234445,0.108945765993045,-0.183012701892219
16.25,0.329366907795423,0.35638652984467,0.573317883496801,0.112435554143293,-0.183012701892219
16.5,0.331888175343272,0.358523821772376,0.574473637121485,0.115938359994162,-0.183012701892219
16.75,0.334408290060457,0.360655390826353,0.575609764093386,0.119453916793424,-0.183012701892219
17,0.336927060030488,0.362781074679365,0.576726177892034,0.122981956817819,-0.183012701892219
17.25,0.339444293439279,0.364900711452358,0.577822793498197,0.12652221139344,-0.183012701892219
17.5,0.34195979858976,0.367014139726783,0.578899527400351,0.130074410916193,-0.183012701892219
17.75,0.344473383916475,0.369121198556897,0.57995629760104,0.133638284872332,-0.183012701892219
18,0.346984858000169,0.37122172748201,0.580993023623122,0.137213561859057,-0.183012701892219
18.25,0.349494029582367,0.373315566538714,0.582009626515897,0.140799969605183,-0.183012701892219
18.5,0.352000707579939,0.375402556273056,0.583006028861118,0.144397234991876,-0.183012701892219
18.75,0.35450470109965,0.377482537752689,0.58398215477889,0.148005084073449,-0.183012701892219
19,0.357005819452699,0.37955535257897,0.584937929933443,0.151623242098225,-0.183012701892219
19.25,0.35950387216924,0.381620842899025,0.585873281538801,0.155251433529464,-0.183012701892219
19.5,0.361998669012887,0.383678851417768,0.586788138364316,0.158889382066339,-0.183012701892219
19.75,0.364490019995201,0.385729221409884,0.587682430740099,0.162536810664986,-0.183012701892219
20,0.36697773539016,0.387771796731759,0.588556090562324,0.166193441559595,-0.183012701892219
20.25,0.369461625748604,0.389806421833375,0.589409051298413,0.169858996283566,-0.183012701892219
20.5,0.371941501912666,0.391832941770152,0.590241247992103,0.173533195690715,-0.183012701892219
20.75,0.374417175030174,0.393851202214751,0.591052617268393,0.177215759976532,-0.183012701892219
21,0.376888456569037,0.395861049468825,0.591843097338373,0.180906408699489,-0.183012701892219
21.25,0.379355158331596,0.397862330474725,0.592612628003925,0.184604860802396,-0.183012701892219
21.5,0.381817092468963,0.399854892827153,0.593361150662308,0.188310834633808,-0.183012701892219
21.75,0.384274071495321,0.401838584784773,0.594088608310625,0.192024047969469,-0.183012701892219
22,0.386725908302204,0.403813255281761,0.594794945550159,0.195744218033806,-0.183012701892219
22.25,0.389172416172747,0.405778753939313,0.595480108590594,0.199471061521466,-0.183012701892219
22.5,0.391613408795904,0.407734931077097,0.596144045254113,0.203204294618888,-0.183012701892219
22.75,0.394048700280636,0.409681637724651,0.596786704979368,0.206943633025919,-0.183012701892219
23,0.396478105170067,0.411618725632726,0.597408038825332,0.210688791977461,-0.183012701892219
23.25,0.39890143845561,0.413546047284578,0.598007999475028,0.21443948626516,-0.183012701892219
23.5,0.401318515591052,0.415463455907202,0.598586541239129,0.218195430259125,-0.183012701892219
23.75,0.403729152506611,0.417370805482508,0.599143620059441,0.221956337929678,-0.183012701892219
24,0.406133165622954,0.41926795075844,0.599679193512253,0.22572192286914,-0.183012701892219
24.25,0.408530371865173,0.421154747260041,0.600193220811575,0.229491898313639,-0.183012701892219
24.5,0.410920588676733,0.423031051300452,0.600685662812237,0.233265977164948,-0.183012701892219
24.75,0.413303634033368,0.424896719991856,0.601156482012874,0.23704387201235,-0.183012701892219
25,0.41567932645695,0.426751611256359,0.601605642558781,0.240825295154528,-0.183012701892219
25.25,0.418047485029301,0.42859558383681,0.602033110244644,0.244609958621467,-0.183012701892219
25.5,0.420407929405978,0.430428497307557,0.602438852517144,0.248397574196392,-0.183012701892219
25.75,0.422760479830003,0.432250212085144,0.602822838477435,0.252187853437712,-0.183012701892219
26,0.425104957145553,0.434060589438936,0.603185038883499,0.255980507700989,-0.183012701892219
26.25,0.427441182811602,0.43585949150169,0.603525426152375,0.259775248160917,-0.183012701892219
26.5,0.429768978915523,0.437646781280048,0.603843974362252,0.263571785833318,-0.183012701892219
26.75,0.432088168186627,0.439422322664974,0.604140659254453,0.267369831597148,-0.183012701892219
27,0.434398574009675,0.441185980442117,0.604415458235273,0.27116909621652,-0.183012701892219
27.25,0.436700020438317,0.44293762030211,0.604668350377707,0.274969290362721,-0.183012701892219
27.5,0.438992332208497,0.444677108850795,0.604899316423038,0.278770124636255,-0.183012701892219
27.75,0.441275334751799,0.446404313619384,0.605108338782307,0.282571309588876,-0.183012701892219
28,0.443548854208741,0.448119103074548,0.605295401537654,0.286372555745634,-0.183012701892219
28.25,0.445812717442012,0.44982134662843,0.605460490443525,0.290173573626917,-0.183012701892219
28.5,0.448066752049664,0.451510914648593,0.605603592927761,0.293974073770496,-0.183012701892219
28.75,0.450310786378234,0.45318767846789,0.605724698092552,0.297773766753571,-0.183012701892219
29,0.452544649535819,0.454851510394266,0.605823796715274,0.301572363214811,-0.183012701892219
29.25,0.454768171405092,0.456502283720477,0.60590088124918,0.305369573876389,-0.183012701892219
29.5,0.456981182656253,0.458139872733743,0.605955945823986,0.30916510956601,-0.183012701892219
29.75,0.459183514759928,0.459764152725321,0.605988986246312,0.312958681238937,-0.183012701892219
30,0.461375,0.461375,0.606,0.31675,-0.183012701892219
30.25,0.463555471486384,0.462972291885524,0.605988986246312,0.320538777125597,-0.183012701892219
30.5,0.465724763167733,0.464555906741933,0.605955945823986,0.324324724085679,-0.183012701892219
30.75,0.467882709844088,0.466125723970822,0.60590088124918,0.32810755256573,-0.183012701892219
31,0.470029147179454,0.467681624024532,0.605823796715274,0.331886974488713,-0.183012701892219
31.25,0.472163911714319,0.469223488415251,0.605724698092552,0.335662702037018,-0.183012701892219
31.5,0.474286840878097,0.470751199724036,0.605603592927761,0.339434447674372,-0.183012701892219
31.75,0.476397773001513,0.472264641609755,0.605460490443525,0.343201924167743,-0.183012701892219
32,0.478496547328914,0.47376369881795,0.605295401537654,0.346964844609209,-0.183012701892219
32.25,0.480583004030508,0.475248257189609,0.605108338782307,0.35072292243781,-0.183012701892219
32.5,0.48265698421454,0.476718203669867,0.604899316423038,0.354475871461369,-0.183012701892219
32.75,0.484718329939389,0.478173426316606,0.604668350377707,0.358223405878289,-0.183012701892219
33,0.486766884225598,0.479613814308988,0.604415458235273,0.361965240299313,-0.183012701892219
33.25,0.488802491067825,0.481039257955891,0.604140659254453,0.365701089769264,-0.183012701892219
33.5,0.49082499544673,0.482449648704263,0.603843974362253,0.369430669788741,-0.183012701892219
33.75,0.492834243340773,0.483844879147387,0.603525426152375,0.373153696335785,-0.183012701892219
34,0.494830081737947,0.485224843033063,0.603185038883499,0.376869885887511,-0.183012701892219
34.25,0.496812358647432,0.486589435271699,0.602822838477435,0.380578955441696,-0.183012701892219
34.5,0.498780923111165,0.487938551944312,0.602438852517144,0.384280622538334,-0.183012701892219
34.75,0.500735625215343,0.489272090310445,0.602033110244644,0.387974605281144,-0.183012701892219
35,0.502676316101832,0.490589948815987,0.601605642558781,0.391660622359038,-0.183012701892219
35.25,0.504602847979506,0.491892027100912,0.601156482012874,0.395338393067544,-0.183012701892219
35.5,0.506515074135504,0.493178226006917,0.600685662812237,0.399007637330184,-0.183012701892219
35.75,0.508412848946402,0.494448447584975,0.600193220811575,0.402668075719802,-0.183012701892219
36,0.5102960278893,0.495702595102795,0.599679193512253,0.406319429479841,-0.183012701892219
36.25,0.51216446755283,0.496940573052189,0.599143620059441,0.409961420545577,-0.183012701892219
36.5,0.514018025648078,0.498162287156341,0.598586541239129,0.41359377156529,-0.183012701892219
36.75,0.515856561019418,0.499367644376994,0.598007999475028,0.417216205921385,-0.183012701892219
37,0.517679933655265,0.500556552921529,0.597408038825332,0.420828447751462,-0.183012701892219
37.25,0.519488004698732,0.501728922249955,0.596786704979368,0.42443022196932,-0.183012701892219
37.5,0.521280636458209,0.502884663081811,0.596144045254113,0.428021254285907,-0.183012701892219
37.75,0.523057692417847,0.504023687402957,0.595480108590594,0.43160127123021,-0.183012701892219
38,0.524819037247955,0.505145908472281,0.594794945550159,0.435170000170078,-0.183012701892219
38.25,0.526564536815304,0.506251240828304,0.594088608310625,0.438727169332984,-0.183012701892219
38.5,0.528294058193345,0.507339600295688,0.593361150662308,0.442272507826725,-0.183012701892219
38.75,0.530007469672328,0.508410903991644,0.592612628003925,0.445805745660048,-0.183012701892219
39,0.531704640769336,0.50946507033225,0.591843097338373,0.449326613763213,-0.183012701892219
39.25,0.533385442238219,0.510502019038657,0.591052617268393,0.452834844008482,-0.183012701892219
39.5,0.535049746079437,0.511521671143205,0.590241247992103,0.45633016923054,-0.183012701892219
39.75,0.536697425549809,0.512523948995441,0.589409051298413,0.459812323246837,-0.183012701892219
40,0.538328355172164,0.513508776268024,0.588556090562324,0.463281040877865,-0.183012701892219
40.25,0.539942410744898,0.514476077962546,0.587682430740099,0.466736057967344,-0.183012701892219
40.5,0.541539469351429,0.515425780415236,0.586788138364316,0.470177111402349,-0.183012701892219
40.75,0.543119409369561,0.516357811302576,0.585873281538801,0.473603939133337,-0.183012701892219
41,0.544682110480744,0.517272099646807,0.584937929933443,0.477016280194108,-0.183012701892219
41.25,0.54622745367924,0.518168575821329,0.58398215477889,0.480413874721679,-0.183012701892219
41.5,0.54775532128118,0.519047171556013,0.583006028861118,0.483796463976074,-0.183012701892219
41.75,0.54926559693353,0.519907819942391,0.582009626515897,0.487163790360024,-0.183012701892219
42,0.550758165622954,0.520750455438756,0.580993023623123,0.490515597438587,-0.183012701892219
42.25,0.552232913684565,0.521575013875153,0.57995629760104,0.493851629958678,-0.183012701892219
42.5,0.553689728810591,0.522381432458264,0.578899527400351,0.497171633868504,-0.183012701892219
42.75,0.555128500058918,0.523169649776193,0.577822793498197,0.500475356336914,-0.183012701892219
43,0.556549117861546,0.523939605803139,0.576726177892034,0.50376254577265,-0.183012701892219
43.25,0.557951474032929,0.524691241903968,0.575609764093386,0.507032951843511,-0.183012701892219
43.5,0.559335461778214,0.525424500838684,0.574473637121486,0.510286325495412,-0.183012701892219
43.75,0.560700975701377,0.526139326766777,0.573317883496801,0.513522418971354,-0.183012701892219
44,0.562047911813246,0.526835665251487,0.572142591234445,0.516740985830289,-0.183012701892219
44.25,0.563376167539421,0.527513463263942,0.570947849837474,0.519941780965889,-0.183012701892219
44.5,0.564685641728086,0.528172669187198,0.56973375029007,0.523124560625214,-0.183012701892219
44.75,0.565976234657711,0.528813232820174,0.568500385050616,0.526289082427269,-0.183012701892219
45,0.567247848044649,0.529435105381467,0.567247848044649,0.529435105381467,-0.183012701892219
45.25,0.568500385050616,0.530038239513075,0.565976234657711,0.53256238990598,-0.183012701892219
45.5,0.56973375029007,0.530622589283999,0.564685641728086,0.535670697845983,-0.183012701892219
45.75,0.570947849837474,0.53118811019374,0.563376167539421,0.538759792491793,-0.183012701892219
46,0.572142591234445,0.531734759175693,0.562047911813246,0.541829438596892,-0.183012701892219
46.25,0.573317883496801,0.532262494600421,0.560700975701377,0.544879402395845,-0.183012701892219
46.5,0.574473637121485,0.532771276278828,0.559335461778214,0.5479094516221,-0.183012701892219
46.75,0.575609764093386,0.533261065465219,0.557951474032929,0.550919355525677,-0.183012701892219
47,0.576726177892034,0.533731824860252,0.556549117861546,0.553908884890741,-0.183012701892219
47.25,0.577822793498197,0.534183518613776,0.555128500058918,0.556877812053056,-0.183012701892219
47.5,0.578899527400351,0.534616112327563,0.553689728810591,0.559825910917323,-0.183012701892219
47.75,0.57995629760104,0.535029573057927,0.552232913684565,0.562752956974401,-0.183012701892219
48,0.580993023623122,0.535423869318232,0.550758165622954,0.5656587273184,-0.183012701892219
48.25,0.582009626515897,0.535798971081291,0.54926559693353,0.568543000663658,-0.183012701892219
48.5,0.583006028861118,0.536154849781654,0.54775532128118,0.571405557361592,-0.183012701892219
48.75,0.58398215477889,0.536491478317778,0.54622745367924,0.574246179417428,-0.183012701892219
49,0.584937929933443,0.536808831054099,0.544682110480744,0.577064650506797,-0.183012701892219
49.25,0.585873281538801,0.537106883822975,0.543119409369561,0.579860755992215,-0.183012701892219
49.5,0.586788138364316,0.537385613926536,0.541539469351429,0.582634282939423,-0.183012701892219
49.75,0.587682430740099,0.537645000138404,0.539942410744898,0.585385020133605,-0.183012701892219
50,0.588556090562324,0.537885022705315,0.538328355172164,0.588112758095475,-0.183012701892219
50.25,0.589409051298413,0.538105663348622,0.536697425549809,0.590817289097225,-0.183012701892219
50.5,0.590241247992103,0.538306905265684,0.535049746079437,0.59349840717835,-0.183012701892219
50.75,0.591052617268393,0.538488733131152,0.533385442238219,0.596155908161326,-0.183012701892219
51,0.591843097338373,0.538651133098129,0.531704640769336,0.598789589667166,-0.183012701892219
51.25,0.592612628003925,0.538794092799228,0.530007469672328,0.601399251130825,-0.183012701892219
51.5,0.593361150662308,0.538917601347516,0.528294058193345,0.603984693816479,-0.183012701892219
51.75,0.594088608310625,0.539021649337338,0.526564536815304,0.606545720832658,-0.183012701892219
52,0.594794945550159,0.539106228845036,0.524819037247955,0.60908213714724,-0.183012701892219
52.25,0.595480108590594,0.539171333429554,0.523057692417847,0.611593749602302,-0.183012701892219
52.5,0.596144045254113,0.539216958132926,0.521280636458209,0.61408036692883,-0.183012701892219
52.75,0.596786704979368,0.539243099480654,0.519488004698732,0.61654179976129,-0.183012701892219
53,0.597408038825332,0.539249755481972,0.517679933655265,0.618977860652039,-0.183012701892219
53.25,0.598007999475028,0.539236925630001,0.515856561019418,0.621388364085611,-0.183012701892219
53.5,0.598586541239129,0.539204610901784,0.514018025648078,0.623773126492835,-0.183012701892219
53.75,0.599143620059441,0.539152813758212,0.51216446755283,0.626131966264823,-0.183012701892219
54,0.599679193512253,0.539081538143838,0.5102960278893,0.628464703766792,-0.183012701892219
54.25,0.600193220811575,0.538990789486576,0.508412848946402,0.630771161351749,-0.183012701892219
54.5,0.600685662812237,0.538880574697288,0.506515074135504,0.633051163374021,-0.183012701892219
54.75,0.601156482012874,0.538750902169257,0.504602847979506,0.635304536202625,-0.183012701892219
55,0.601605642558781,0.538601781777548,0.502676316101832,0.637531108234497,-0.183012701892219
55.25,0.602033110244644,0.538433224878255,0.500735625215343,0.639730709907556,-0.183012701892219
55.5,0.602438852517144,0.538245244307641,0.498780923111166,0.641903173713619,-0.183012701892219
55.75,0.602822838477435,0.538037854381151,0.496812358647432,0.644048334211154,-0.183012701892219
56,0.603185038883499,0.537811070892334,0.494830081737947,0.646166028037886,-0.183012701892219
56.25,0.603525426152375,0.537564911111628,0.492834243340773,0.64825609392323,-0.183012701892219
56.5,0.603843974362252,0.537299393785056,0.49082499544673,0.650318372700578,-0.183012701892219
56.75,0.604140659254453,0.537014539132788,0.488802491067826,0.652352707319415,-0.183012701892219
57,0.604415458235273,0.53671036884761,0.486766884225598,0.654358942857285,-0.183012701892219
57.25,0.604668350377707,0.536386906093266,0.484718329939389,0.656336926531583,-0.183012701892219
57.5,0.604899316423038,0.536044175502698,0.48265698421454,0.658286507711195,-0.183012701892219
57.75,0.605108338782307,0.535682203176167,0.480583004030508,0.660207537927966,-0.183012701892219
58,0.605295401537654,0.535301016679267,0.478496547328914,0.662099870888007,-0.183012701892219
58.25,0.605460490443525,0.534900645040825,0.476397773001513,0.663963362482837,-0.183012701892219
58.5,0.605603592927761,0.534481118750693,0.474286840878097,0.665797870800357,-0.183012701892219
58.75,0.605724698092552,0.534042469757421,0.472163911714319,0.667603256135654,-0.183012701892219
59,0.605823796715274,0.533584731465828,0.470029147179455,0.669379381001647,-0.183012701892219
59.25,0.60590088124918,0.533107938734458,0.467882709844088,0.67112611013955,-0.183012701892219
59.5,0.605955945823986,0.532612127872923,0.465724763167733,0.672843310529176,-0.183012701892219
59.75,0.605988986246312,0.532097336639139,0.463555471486384,0.674530851399067,-0.183012701892219
60,0.606,0.531563604236453,0.461375,0.676188604236453,-0.183012701892219
60.25,0.605988986246312,0.531010971310653,0.459183514759928,0.677816442797036,-0.183012701892219
60.5,0.605955945823986,0.530439479946876,0.456981182656253,0.679414243114609,-0.183012701892219
60.75,0.60590088124918,0.529849173666402,0.454768171405092,0.68098188351049,-0.183012701892219
61,0.605823796715274,0.529240097423339,0.452544649535819,0.682519244602794,-0.183012701892219
61.25,0.605724698092552,0.528612297601203,0.450310786378234,0.684026209315521,-0.183012701892219
61.5,0.605603592927761,0.527965822009379,0.448066752049664,0.685502662887476,-0.183012701892219
61.75,0.605460490443525,0.527300719879488,0.445812717442012,0.686948492881,-0.183012701892219
62,0.605295401537654,0.52661704186163,0.443548854208741,0.688363589190544,-0.183012701892219
62.25,0.605108338782307,0.525914840020535,0.441275334751799,0.689747844051043,-0.183012701892219
62.5,0.604899316423038,0.525194167831592,0.438992332208497,0.691101152046132,-0.183012701892219
62.75,0.604668350377707,0.524455080176777,0.436700020438317,0.692423410116166,-0.183012701892219
63,0.604415458235273,0.523697633340477,0.434398574009675,0.693714517566075,-0.183012701892219
63.25,0.604140659254453,0.522921885005202,0.432088168186628,0.694974376073027,-0.183012701892219
63.5,0.603843974362253,0.522127894247189,0.429768978915523,0.696202889693919,-0.183012701892219
63.75,0.603525426152375,0.521315721531911,0.427441182811602,0.697399964872683,-0.183012701892219
64,0.603185038883499,0.520485428709462,0.425104957145553,0.698565510447409,-0.183012701892219
64.25,0.602822838477435,0.519637079009858,0.422760479830003,0.699699437657289,-0.183012701892219
64.5,0.602438852517144,0.518770737038211,0.420407929405978,0.700801660149376,-0.183012701892219
64.75,0.602033110244644,0.517886468769816,0.418047485029301,0.70187209398516,-0.183012701892219
65,0.601605642558781,0.516984341545127,0.41567932645695,0.702910657646959,-0.183012701892219
65.25,0.601156482012874,0.516064424064624,0.413303634033368,0.703917272044129,-0.183012701892219
65.5,0.600685662812237,0.515126786383584,0.410920588676733,0.704891860519089,-0.183012701892219
65.75,0.600193220811575,0.514171499906748,0.408530371865173,0.70583434885315,-0.183012701892219
66,0.599679193512253,0.513198637382879,0.406133165622954,0.706744665272179,-0.183012701892219
66.25,0.599143620059441,0.512208272899225,0.403729152506611,0.707622740452055,-0.183012701892219
66.5,0.598586541239129,0.511200481875876,0.401318515591052,0.708468507523953,-0.183012701892219
66.75,0.598007999475028,0.510175341060019,0.39890143845561,0.709281902079438,-0.183012701892219
67,0.597408038825332,0.509132928520098,0.396478105170067,0.710062862175363,-0.183012701892219
67.25,0.596786704979368,0.508073323639862,0.394048700280636,0.710811328338594,-0.183012701892219
67.5,0.596144045254113,0.506996607112326,0.391613408795904,0.711527243570535,-0.183012701892219
67.75,0.595480108590594,0.505902860933623,0.389172416172747,0.71221055335147,-0.183012701892219
68,0.594794945550159,0.504792168396758,0.386725908302204,0.712861205644712,-0.183012701892219
68.25,0.594088608310625,0.503664614085267,0.384274071495321,0.713479150900572,-0.183012701892219
68.5,0.593361150662308,0.502520283866779,0.381817092468963,0.714064342060124,-0.183012701892219
68.75,0.592612628003925,0.501359264886468,0.379355158331596,0.714616734558797,-0.183012701892219
69,0.591843097338373,0.500181645560426,0.376888456569037,0.715136286329762,-0.183012701892219
69.25,0.591052617268393,0.498987515568924,0.374417175030174,0.715622957807143,-0.183012701892219
69.5,0.590241247992103,0.497776965849583,0.371941501912666,0.71607671192902,-0.183012701892219
69.75,0.589409051298413,0.496550088590451,0.369461625748604,0.71649751414026,-0.183012701892219
70,0.588556090562324,0.495306977222983,0.36697773539016,0.716885332395148,-0.183012701892219
70.25,0.587682430740099,0.494047726414921,0.364490019995201,0.717240137159819,-0.183012701892219
70.5,0.586788138364316,0.49277243206309,0.361998669012887,0.717561901414519,-0.183012701892219
70.75,0.585873281538801,0.491481191286092,0.35950387216924,0.717850600655653,-0.183012701892219
71,0.584937929933443,0.490174102416912,0.357005819452699,0.718106212897657,-0.183012701892219
71.25,0.58398215477889,0.488851264995428,0.35450470109965,0.718328718674667,-0.183012701892219
71.5,0.583006028861118,0.48751277976083,0.352000707579939,0.71851810104201,-0.183012701892219
71.75,0.582009626515897,0.486158748643952,0.349494029582367,0.718674345577482,-0.183012701892219
72,0.580993023623123,0.484789274759506,0.346984858000169,0.71879744038246,-0.183012701892219
72.25,0.57995629760104,0.48340446239823,0.344473383916475,0.718887376082795,-0.183012701892219
72.5,0.578899527400351,0.482004417018946,0.34195979858976,0.718944145829537,-0.183012701892219
72.75,0.577822793498197,0.480589245240531,0.339444293439279,0.71896774529945,-0.183012701892219
73,0.576726177892034,0.479159054833796,0.336927060030488,0.718958172695342,-0.183012701892219
73.25,0.575609764093386,0.477713954713276,0.334408290060457,0.718915428746204,-0.183012701892219
73.5,0.574473637121486,0.476254054928941,0.331888175343272,0.718839516707154,-0.183012701892219
73.75,0.573317883496801,0.474779466657811,0.329366907795423,0.718730442359188,-0.183012701892219
74,0.572142591234445,0.473290302195493,0.326844679421198,0.718588214008739,-0.183012701892219
74.25,0.570947849837474,0.471786674947625,0.324321682298052,0.718412842487046,-0.183012701892219
74.5,0.56973375029007,0.470268699421245,0.321798108561984,0.718204341149331,-0.183012701892219
74.75,0.568500385050616,0.468736491216065,0.319274150392905,0.717962725873777,-0.183012701892219
75,0.567247848044649,0.467190167015674,0.31675,0.717688015060323,-0.183012701892219
75.25,0.565976234657711,0.465629844578644,0.314225849607095,0.71738022962926,-0.183012701892219
75.5,0.564685641728086,0.464055642729572,0.311701891438016,0.717039393019642,-0.183012701892219
75.75,0.563376167539421,0.462467681350022,0.309178317701948,0.716665531187496,-0.183012701892219
76,0.562047911813246,0.460866081369402,0.306655320578802,0.716258672603847,-0.183012701892219
76.25,0.560700975701377,0.459250964755751,0.304133092204577,0.715818848252552,-0.183012701892219
76.5,0.559335461778214,0.457622454506452,0.301611824656728,0.715346091627938,-0.183012701892219
76.75,0.557951474032929,0.455980674638867,0.299091709939543,0.714840438732253,-0.183012701892219
77,0.556549117861546,0.454325750180887,0.296572939969512,0.714301928072921,-0.183012701892219
77.25,0.555128500058918,0.452657807161419,0.294055706560721,0.713730600659616,-0.183012701892219
77.5,0.553689728810591,0.45097697260078,0.29154020141024,0.713126500001131,-0.183012701892219
77.75,0.552232913684565,0.44928337450103,0.289026616083525,0.71248967210207,-0.183012701892219
78,0.550758165622954,0.447577141836221,0.286515141999831,0.711820165459344,-0.183012701892219
78.25,0.54926559693353,0.445858404542577,0.284005970417633,0.711118031058475,-0.183012701892219
78.5,0.54775532128118,0.444127293508597,0.281499292420061,0.710383322369716,-0.183012701892219
78.75,0.54622745367924,0.442383940565089,0.27899529890035,0.709616095343979,-0.183012701892219
79,0.544682110480744,0.440628478475129,0.276494180547301,0.708816408408572,-0.183012701892219
79.25,0.543119409369561,0.438861040923951,0.27399612783076,0.707984322462751,-0.183012701892219
79.5,0.541539469351429,0.437081762508768,0.271501330987113,0.707119900873083,-0.183012701892219
79.75,0.539942410744898,0.43529077872852,0.269009980004799,0.706223209468619,-0.183012701892219
80,0.538328355172164,0.433488225973556,0.266522264609841,0.70529431653588,-0.183012701892219
80.25,0.536697425549809,0.431674241515247,0.264038374251396,0.70433329281366,-0.183012701892219
80.5,0.535049746079437,0.429848963495533,0.261558498087334,0.703340211487635,-0.183012701892219
80.75,0.533385442238219,0.428012530916401,0.259082824969826,0.702315148184795,-0.183012701892219
81,0.531704640769336,0.426165083629304,0.256611543430963,0.701258180967677,-0.183012701892219
81.25,0.530007469672328,0.424306762324504,0.254144841668404,0.700169390328428,-0.183012701892219
81.5,0.528294058193345,0.422437708520363,0.251682907531037,0.699048859182671,-0.183012701892219
81.75,0.526564536815304,0.420558064552565,0.249225928504679,0.69789667286319,-0.183012701892219
82,0.524819037247955,0.418667973563276,0.246774091697796,0.696712919113435,-0.183012701892219
82.25,0.523057692417847,0.416767579490242,0.244327583827253,0.695497688080836,-0.183012701892219
82.5,0.521280636458209,0.414857027055829,0.241886591204096,0.694251072309942,-0.183012701892219
82.75,0.519488004698732,0.412936461756003,0.239451299719364,0.692973166735371,-0.183012701892219
83,0.517679933655265,0.411006029849246,0.237021894829933,0.691664068674578,-0.183012701892219
83.25,0.515856561019418,0.409065878345423,0.23459856154439,0.690323877820451,-0.183012701892219
83.5,0.514018025648078,0.407116154994581,0.232181484408948,0.688952696233711,-0.183012701892219
83.75,0.51216446755283,0.405157008275704,0.229770847493389,0.687550628335145,-0.183012701892219
84,0.5102960278893,0.403188587385398,0.227366834377047,0.686117780897651,-0.183012701892219
84.25,0.508412848946402,0.401211042226535,0.224969628134827,0.68465426303811,-0.183012701892219
84.5,0.506515074135504,0.399224523396836,0.222579411323268,0.683160186209073,-0.183012701892219
84.75,0.504602847979506,0.397229182177401,0.220196365966632,0.681635664190275,-0.183012701892219
85,0.502676316101832,0.395225170521189,0.21782067354305,0.68008081307997,-0.183012701892219
85.25,0.500735625215343,0.393212641041446,0.215452514970699,0.67849575128609,-0.183012701892219
85.5,0.498780923111166,0.391191747000084,0.213092070594022,0.676880599517227,-0.183012701892219
85.75,0.496812358647432,0.389162642296008,0.210739520169997,0.675235480773442,-0.183012701892219
86,0.494830081737947,0.387125481453398,0.208395042854448,0.673560520336897,-0.183012701892219
86.25,0.492834243340773,0.385080419609939,0.206058817188398,0.671855845762313,-0.183012701892219
86.5,0.49082499544673,0.383027612505008,0.203731021084478,0.67012158686726,-0.183012701892219
86.75,0.488802491067826,0.380967216467814,0.201411831813373,0.668357875722267,-0.183012701892219
87,0.486766884225598,0.378899388405492,0.199101425990325,0.666564846640765,-0.183012701892219
87.25,0.484718329939389,0.376824285791156,0.196799979561683,0.664742636168862,-0.183012701892219
87.5,0.48265698421454,0.374742066651903,0.194507667791503,0.66289138307494,-0.183012701892219
87.75,0.480583004030508,0.372652889556782,0.192224665248201,0.66101122833909,-0.183012701892219
88,0.478496547328914,0.370556913604719,0.189951145791259,0.659102315142373,-0.183012701892219
88.25,0.476397773001513,0.368454298412395,0.187687282557988,0.657164788855921,-0.183012701892219
88.5,0.474286840878097,0.3663452041021,0.185433247950336,0.655198797029861,-0.183012701892219
88.75,0.472163911714319,0.364229791289531,0.183189213621766,0.653204489382083,-0.183012701892219
89,0.470029147179455,0.362108221071562,0.180955350464181,0.651182017786836,-0.183012701892219
89.25,0.467882709844088,0.359980655013981,0.178731828594908,0.649131536263161,-0.183012701892219
89.5,0.465724763167733,0.35784725513918,0.176518817343747,0.647053200963166,-0.183012701892219
89.75,0.463555471486384,0.355708183913819,0.174316485240072,0.64494717016013,-0.183012701892219
90,0.461375,0.353563604236453,0.172125,0.642813604236453,-0.183012701892219
90.25,0.459183514759928,0.351413679425129,0.169944528513616,0.64065266567144,-0.183012701892219
90.5,0.456981182656253,0.349258573204943,0.167775236832267,0.63846451902893,-0.183012701892219
90.75,0.454768171405092,0.34709844969558,0.165617290155912,0.63624933094476,-0.183012701892219
91,0.452544649535819,0.344933473398807,0.163470852820546,0.634007270114081,-0.183012701892219
91.25,0.450310786378234,0.342763809185951,0.161336088285681,0.631738507278504,-0.183012701892219
91.5,0.448066752049664,0.340589622285343,0.159213159121904,0.629443215213104,-0.183012701892219
91.75,0.445812717442012,0.338411078269733,0.157102226998487,0.627121568713258,-0.183012701892219
92,0.443548854208741,0.336228343043681,0.155003452671086,0.624773744581335,-0.183012701892219
92.25,0.441275334751799,0.334041582830926,0.152916995969492,0.622399921613233,-0.183012701892219
92.5,0.438992332208497,0.331850964161725,0.15084301578546,0.620000280584763,-0.183012701892219
92.75,0.436700020438317,0.329656653860171,0.148781670060611,0.617575004237878,-0.183012701892219
93,0.434398574009675,0.327458819031489,0.146733115774402,0.615124277266762,-0.183012701892219
93.25,0.432088168186628,0.32525762704931,0.144697508932175,0.612648286303763,-0.183012701892219
93.5,0.429768978915523,0.323053245542926,0.14267500455327,0.610147219905179,-0.183012701892219
93.75,0.427441182811602,0.320845842384524,0.140665756659228,0.607621268536898,-0.183012701892219
94,0.425104957145553,0.318635585676399,0.138669918262053,0.605070624559898,-0.183012701892219
94.25,0.422760479830003,0.316422643738159,0.136687641352569,0.602495482215593,-0.183012701892219
94.5,0.420407929405978,0.314207185093898,0.134719076888834,0.599896037611042,-0.183012701892219
94.75,0.418047485029301,0.311989378459371,0.132764374784657,0.597272488704016,-0.183012701892219
95,0.41567932645695,0.30976939272914,0.130823683898169,0.594625035287921,-0.183012701892219
95.25,0.413303634033368,0.307547396963712,0.128897152020494,0.591953878976586,-0.183012701892219
95.5,0.410920588676733,0.305323560376668,0.126984925864496,0.589259223188904,-0.183012701892219
95.75,0.408530371865173,0.303098052321773,0.125087151053598,0.586541273133348,-0.183012701892219
96,0.406133165622954,0.300871042280084,0.1232039721107,0.583800235792338,-0.183012701892219
96.25,0.403729152506611,0.298642699847037,0.12133553244717,0.581036319906477,-0.183012701892219
96.5,0.401318515591052,0.296413194719534,0.119481974351922,0.578249735958664,-0.183012701892219
96.75,0.39890143845561,0.294182696683025,0.117643438980582,0.575440696158053,-0.183012701892219
97,0.396478105170067,0.291951375598569,0.115820066344735,0.572609414423901,-0.183012701892219
97.25,0.394048700280636,0.289719401389907,0.114011995301268,0.569756106369275,-0.183012701892219
97.5,0.391613408795904,0.287486944030515,0.112219363541791,0.566880989284628,-0.183012701892219
97.75,0.389172416172747,0.285254173530666,0.110442307582153,0.56398428212126,-0.183012701892219
98,0.386725908302204,0.283021259924476,0.108680962752045,0.561066205474635,-0.183012701892219
98.25,0.384274071495321,0.280788373256963,0.106935463184696,0.558126981567588,-0.183012701892219
98.5,0.381817092468963,0.278555683571091,0.105205941806655,0.5551668342334,-0.183012701892219
98.75,0.379355158331596,0.276323360894824,0.103492530327672,0.552185988898749,-0.183012701892219
99,0.376888456569037,0.274091575228176,0.101795359230664,0.54918467256655,-0.183012701892219
99.25,0.374417175030174,0.271860496530267,0.100114557761781,0.54616311379866,-0.183012701892219
99.5,0.371941501912666,0.269630294706377,0.0984502539205632,0.54312154269848,-0.183012701892219
99.75,0.369461625748604,0.26740113959501,0.096802574450191,0.540060190893423,-0.183012701892219
100,0.36697773539016,0.265173200954959,0.0951716448278357,0.536979291517283,-0.183012701892219
100.25,0.364490019995201,0.262946648452375,0.093557589255102,0.533879079192474,-0.183012701892219
100.5,0.361998669012887,0.260721651647854,0.0919605306485713,0.53075979001217,-0.183012701892219
100.75,0.35950387216924,0.258498379983516,0.0903805906304393,0.527621661522316,-0.183012701892219
101,0.357005819452699,0.256277002770105,0.0888178895192556,0.524464932703549,-0.183012701892219
101.25,0.35450470109965,0.254057689174098,0.0872725463207603,0.521289843952988,-0.183012701892219
101.5,0.352000707579939,0.251840608204817,0.0857446787188205,0.518096637065935,-0.183012701892219
101.75,0.349494029582367,0.249625928701561,0.0842344030664699,0.514885555217459,-0.183012701892219
102,0.346984858000169,0.24741381932075,0.0827418343770465,0.511656842943873,-0.183012701892219
102.25,0.344473383916475,0.245204448523077,0.0812670863154347,0.508410746124117,-0.183012701892219
102.5,0.34195979858976,0.242997984560682,0.0798102711894092,0.505147511961033,-0.183012701892219
102.75,0.339444293439279,0.240794595464339,0.078371499941082,0.501867388962536,-0.183012701892219
103,0.336927060030488,0.238594449030657,0.0769508821384541,0.498570626922691,-0.183012701892219
103.25,0.334408290060457,0.236397712809307,0.0755485259670717,0.495257476902693,-0.183012701892219
103.5,0.331888175343272,0.234204554090257,0.0741645382217861,0.491928191211743,-0.183012701892219
103.75,0.329366907795423,0.232015139891034,0.0727990242986229,0.488583023387835,-0.183012701892219
104,0.326844679421198,0.229829636944006,0.0714520881867538,0.48522222817845,-0.183012701892219
104.25,0.324321682298052,0.227648211683683,0.0701238324605788,0.481846061521157,-0.183012701892219
104.5,0.321798108561984,0.225471030234047,0.0688143582719141,0.478454780524117,-0.183012701892219
104.75,0.319274150392905,0.223298258395892,0.0675237653422887,0.475048643446508,-0.183012701892219
105,0.31675,0.221130061634207,0.0662521519553512,0.471627909678856,-0.183012701892219
105.25,0.314225849607095,0.218966605065569,0.064999614949384,0.46819283972328,-0.183012701892219
105.5,0.311701891438016,0.216808053445573,0.0637662497099298,0.464743695173659,-0.183012701892219
105.75,0.309178317701948,0.214654571156282,0.0625521501625266,0.461280738695703,-0.183012701892219
106,0.306655320578802,0.212506322193709,0.0613574087655554,0.457804234006955,-0.183012701892219
106.25,0.304133092204577,0.21036347015533,0.0601821165031993,0.454314445856707,-0.183012701892219
106.5,0.301611824656728,0.208226178227625,0.0590263628785146,0.450811640005838,-0.183012701892219
106.75,0.299091709939543,0.206094609173647,0.0578902359066142,0.447296083206576,-0.183012701892219
107,0.296572939969512,0.203968925320635,0.056773822107966,0.443768043182181,-0.183012701892219
107.25,0.294055706560721,0.201849288547642,0.0556772065018028,0.44022778860656,-0.183012701892219
107.5,0.29154020141024,0.199735860273217,0.054600472599649,0.436675589083808,-0.183012701892219
107.75,0.289026616083525,0.197628801443103,0.0535437023989599,0.433111715127669,-0.183012701892219
108,0.286515141999831,0.19552827251799,0.0525069763768777,0.429536438140943,-0.183012701892219
108.25,0.284005970417633,0.193434433461287,0.0514903734841029,0.425950030394817,-0.183012701892219
108.5,0.281499292420061,0.191347443726944,0.0504939711388816,0.422352765008124,-0.183012701892219
108.75,0.27899529890035,0.189267462247311,0.0495178452211103,0.418744915926551,-0.183012701892219
109,0.276494180547301,0.18719464742103,0.0485620700665568,0.415126757901775,-0.183012701892219
109.25,0.27399612783076,0.185129157100976,0.0476267184611994,0.411498566470536,-0.183012701892219
109.5,0.271501330987113,0.183071148582232,0.0467118616356844,0.407860617933661,-0.183012701892219
109.75,0.269009980004799,0.181020778590116,0.045817569259901,0.404213189335014,-0.183012701892219
110,0.266522264609841,0.178978203268241,0.044943909437676,0.400556558440405,-0.183012701892219
110.25,0.264038374251396,0.176943578166625,0.0440909487015874,0.396891003716434,-0.183012701892219
110.5,0.261558498087334,0.174917058229848,0.0432587520078976,0.393216804309285,-0.183012701892219
110.75,0.259082824969826,0.172898797785249,0.0424473827316068,0.389534240023468,-0.183012701892219
111,0.256611543430963,0.170888950531175,0.0416569026616268,0.385843591300511,-0.183012701892219
111.25,0.254144841668404,0.168887669525275,0.0408873719960754,0.382145139197604,-0.183012701892219
111.5,0.251682907531037,0.166895107172847,0.040138849337692,0.378439165366192,-0.183012701892219
111.75,0.249225928504679,0.164911415215227,0.0394113916893752,0.374725952030531,-0.183012701892219
112,0.246774091697796,0.16293674471824,0.0387050544498413,0.371005781966195,-0.183012701892219
112.25,0.244327583827253,0.160971246060687,0.0380198914094058,0.367278938478534,-0.183012701892219
112.5,0.241886591204096,0.159015068922903,0.037355954745887,0.363545705381112,-0.183012701892219
112.75,0.239451299719364,0.157068362275349,0.0367132950206324,0.359806366974081,-0.183012701892219
113,0.237021894829933,0.155131274367274,0.036091961174668,0.356061208022539,-0.183012701892219
113.25,0.23459856154439,0.153203952715421,0.035492000524972,0.35231051373484,-0.183012701892219
113.5,0.232181484408948,0.151286544092798,0.0349134587608707,0.348554569740875,-0.183012701892219
113.75,0.229770847493389,0.149379194517492,0.0343563799405593,0.344793662070322,-0.183012701892219
114,0.227366834377047,0.14748204924156,0.0338208064877467,0.34102807713086,-0.183012701892219
114.25,0.224969628134827,0.145595252739959,0.033306779188425,0.337258101686361,-0.183012701892219
114.5,0.222579411323268,0.143718948699548,0.0328143371877632,0.333484022835053,-0.183012701892219
114.75,0.220196365966632,0.141853280008144,0.0323435179871261,0.32970612798765,-0.183012701892219
115,0.21782067354305,0.139998388743641,0.0318943574412188,0.325924704845473,-0.183012701892219
115.25,0.215452514970699,0.13815441616319,0.0314668897553558,0.322140041378534,-0.183012701892219
115.5,0.213092070594022,0.136321502692443,0.0310611474828564,0.318352425803609,-0.183012701892219
115.75,0.210739520169997,0.134499787914857,0.0306771615225656,0.314562146562288,-0.183012701892219
116,0.208395042854448,0.132689410561064,0.0303149611165008,0.310769492299011,-0.183012701892219
116.25,0.206058817188398,0.13089050849831,0.0299745738476253,0.306974751839083,-0.183012701892219
116.5,0.203731021084478,0.129103218719952,0.0296560256377476,0.303178214166682,-0.183012701892219
116.75,0.201411831813373,0.127327677335026,0.0293593407455471,0.299380168402852,-0.183012701892219
117,0.199101425990325,0.125564019557883,0.0290845417647269,0.295580903783481,-0.183012701892219
117.25,0.196799979561683,0.12381237969789,0.0288316496222935,0.29178070963728,-0.183012701892219
117.5,0.194507667791503,0.122072891149205,0.0286006835769626,0.287979875363745,-0.183012701892219
117.75,0.192224665248201,0.120345686380616,0.0283916612176927,0.284178690411124,-0.183012701892219
118,0.189951145791259,0.118630896925452,0.0282045984623458,0.280377444254366,-0.183012701892219
118.25,0.187687282557988,0.11692865337157,0.028039509556475,0.276576426373083,-0.183012701892219
118.5,0.185433247950336,0.115239085351408,0.0278964070722395,0.272775926229504,-0.183012701892219
118.75,0.183189213621766,0.11356232153211,0.0277753019074476,0.268976233246429,-0.183012701892219
119,0.180955350464181,0.111898489605734,0.0276762032847266,0.265177636785189,-0.183012701892219
119.25,0.178731828594908,0.110247716279523,0.0275991187508201,0.261380426123612,-0.183012701892219
119.5,0.176518817343747,0.108610127266257,0.0275440541760138,0.25758489043399,-0.183012701892219
119.75,0.174316485240072,0.106985847274679,0.0275110137536884,0.253791318761063,-0.183012701892219
120,0.172125,0.105375,0.0275,0.25,-0.183012701892219
120.25,0.169944528513616,0.103777708114476,0.0275110137536884,0.246211222874404,-0.183012701892219
120.5,0.167775236832267,0.102194093258068,0.0275440541760138,0.242425275914321,-0.183012701892219
120.75,0.165617290155912,0.100624276029178,0.0275991187508201,0.23864244743427,-0.183012701892219
121,0.163470852820546,0.0990683759754677,0.0276762032847266,0.234863025511287,-0.183012701892219
121.25,0.161336088285681,0.0975265115847488,0.0277753019074476,0.231087297962982,-0.183012701892219
121.5,0.159213159121904,0.0959988002759641,0.0278964070722395,0.227315552325628,-0.183012701892219
121.75,0.157102226998487,0.0944853583902451,0.028039509556475,0.223548075832257,-0.183012701892219
122,0.155003452671086,0.0929863011820504,0.0282045984623458,0.219785155390791,-0.183012701892219
122.25,0.152916995969492,0.0915017428103906,0.0283916612176927,0.21602707756219,-0.183012701892219
122.5,0.15084301578546,0.0900317963301335,0.0286006835769626,0.212274128538631,-0.183012701892219
122.75,0.148781670060611,0.0885765736833942,0.0288316496222935,0.208526594121711,-0.183012701892219
123,0.146733115774402,0.087136185691012,0.0290845417647269,0.204784759700687,-0.183012701892219
123.25,0.144697508932175,0.0857107420441086,0.0293593407455471,0.201048910230736,-0.183012701892219
123.5,0.14267500455327,0.084300351295737,0.0296560256377476,0.197319330211259,-0.183012701892219
123.75,0.140665756659228,0.0829051208526131,0.0299745738476253,0.193596303664215,-0.183012701892219
124,0.138669918262053,0.0815251569669368,0.0303149611165008,0.189880114112489,-0.183012701892219
124.25,0.136687641352569,0.080160564728301,0.0306771615225656,0.186171044558304,-0.183012701892219
124.5,0.134719076888834,0.0788114480556879,0.0310611474828564,0.182469377461666,-0.183012701892219
124.75,0.132764374784657,0.0774779096895552,0.0314668897553558,0.178775394718856,-0.183012701892219
125,0.130823683898169,0.0761600511840128,0.0318943574412188,0.175089377640963,-0.183012701892219
125.25,0.128897152020494,0.074857972899088,0.0323435179871261,0.171411606932456,-0.183012701892219
125.5,0.126984925864496,0.0735717739930833,0.0328143371877632,0.167742362669816,-0.183012701892219
125.75,0.125087151053598,0.0723015524150254,0.033306779188425,0.164081924280198,-0.183012701892219
126,0.1232039721107,0.071047404897205,0.0338208064877467,0.160430570520159,-0.183012701892219
126.25,0.12133553244717,0.0698094269478116,0.0343563799405592,0.156788579454423,-0.183012701892219
126.5,0.119481974351922,0.0685877128436587,0.0349134587608707,0.15315622843471,-0.183012701892219
126.75,0.117643438980582,0.0673823556230056,0.0354920005249721,0.149533794078615,-0.183012701892219
127,0.115820066344735,0.0661934470784714,0.036091961174668,0.145921552248538,-0.183012701892219
127.25,0.114011995301268,0.0650210777500446,0.0367132950206323,0.14231977803068,-0.183012701892219
127.5,0.112219363541791,0.0638653369181889,0.037355954745887,0.138728745714093,-0.183012701892219
127.75,0.110442307582153,0.0627263125970429,0.0380198914094058,0.13514872876979,-0.183012701892219
128,0.108680962752045,0.0616040915277188,0.0387050544498413,0.131579999829923,-0.183012701892219
128.25,0.106935463184696,0.060498759171696,0.0394113916893751,0.128022830667017,-0.183012701892219
128.5,0.105205941806655,0.0594103997043126,0.040138849337692,0.124477492173276,-0.183012701892219
128.75,0.103492530327672,0.0583390960083559,0.0408873719960754,0.120944254339952,-0.183012701892219
129,0.101795359230664,0.0572849296677502,0.0416569026616268,0.117423386236787,-0.183012701892219
129.25,0.100114557761781,0.0562479809613435,0.0424473827316069,0.113915155991518,-0.183012701892219
129.5,0.0984502539205632,0.0552283288567947,0.0432587520078976,0.11041983076946,-0.183012701892219
129.75,0.096802574450191,0.0542260510045592,0.0440909487015874,0.106937676753163,-0.183012701892219
130,0.0951716448278357,0.0532412237319758,0.044943909437676,0.103468959122135,-0.183012701892219
130.25,0.093557589255102,0.0522739220374545,0.045817569259901,0.100013942032656,-0.183012701892219
130.5,0.0919605306485713,0.0513242195847642,0.0467118616356844,0.096572888597651,-0.183012701892219
130.75,0.0903805906304393,0.0503921886974237,0.0476267184611993,0.0931460608666637,-0.183012701892219
131,0.0888178895192556,0.0494779003531934,0.0485620700665567,0.0897337198058923,-0.183012701892219
131.25,0.0872725463207603,0.0485814241786707,0.0495178452211103,0.0863361252783207,-0.183012701892219
131.5,0.0857446787188205,0.0477028284439872,0.0504939711388816,0.0829535360239261,-0.183012701892219
131.75,0.0842344030664699,0.0468421800576094,0.0514903734841029,0.0795862096399764,-0.183012701892219
132,0.0827418343770465,0.0459995445612443,0.0525069763768777,0.0762344025614131,-0.183012701892219
132.25,0.0812670863154347,0.0451749861248474,0.0535437023989598,0.0728983700413223,-0.183012701892219
132.5,0.0798102711894092,0.0443685675417359,0.054600472599649,0.0695783661314961,-0.183012701892219
132.75,0.078371499941082,0.0435803502238072,0.0556772065018028,0.0662746436630864,-0.183012701892219
133,0.0769508821384541,0.0428103941968616,0.0567738221079659,0.0629874542273498,-0.183012701892219
133.25,0.0755485259670717,0.0420587580960317,0.0578902359066143,0.059717048156489,-0.183012701892219
133.5,0.0741645382217861,0.0413254991613166,0.0590263628785146,0.0564636745045881,-0.183012701892219
133.75,0.0727990242986229,0.0406106732332231,0.0601821165031994,0.0532275810286466,-0.183012701892219
134,0.0714520881867538,0.0399143347485132,0.0613574087655553,0.0500090141697117,-0.183012701892219
134.25,0.0701238324605788,0.0392365367360584,0.0625521501625265,0.0468082190341108,-0.183012701892219
134.5,0.0688143582719141,0.0385773308128017,0.0637662497099298,0.043625439374786,-0.183012701892219
134.75,0.0675237653422887,0.0379367671798265,0.064999614949384,0.0404609175727312,-0.183012701892219
135,0.0662521519553512,0.0373148946185331,0.0662521519553511,0.0373148946185331,-0.183012701892219
135.25,0.064999614949384,0.036711760486925,0.0675237653422886,0.0341876100940204,-0.183012701892219
135.5,0.0637662497099298,0.0361274107160014,0.068814358271914,0.0310793021540171,-0.183012701892219
135.75,0.0625521501625266,0.0355618898062596,0.0701238324605788,0.0279902075082074,-0.183012701892219
136,0.0613574087655554,0.0350152408243067,0.0714520881867537,0.0249205614031084,-0.183012701892219
136.25,0.0601821165031993,0.0344875053995789,0.0727990242986228,0.0218705976041554,-0.183012701892219
136.5,0.0590263628785146,0.033978723721172,0.0741645382217861,0.0188405483779004,-0.183012701892219
136.75,0.0578902359066142,0.0334889345347807,0.0755485259670716,0.0158306444743233,-0.183012701892219
137,0.056773822107966,0.0330181751397478,0.0769508821384542,0.0128411151092595,-0.183012701892219
137.25,0.0556772065018028,0.0325664813862239,0.0783714999410819,0.00987218794694478,-0.183012701892219
137.5,0.054600472599649,0.032133887672437,0.0798102711894091,0.00692408908267686,-0.183012701892219
137.75,0.0535437023989599,0.0317204269420734,0.0812670863154347,0.00399704302559864,-0.183012701892219
138,0.0525069763768777,0.0313261306817685,0.0827418343770464,0.00109127268159982,-0.183012701892219
138.25,0.0514903734841029,0.0309510289187091,0.0842344030664699,-0.00179300066365792,-0.183012701892219
138.5,0.0504939711388816,0.0305951502183466,0.0857446787188205,-0.00465555736159222,-0.183012701892219
138.75,0.0495178452211103,0.030258521682222,0.0872725463207602,-0.00749617941742793,-0.183012701892219
139,0.0485620700665568,0.0299411689459015,0.0888178895192557,-0.0103146505067974,-0.183012701892219
139.25,0.0476267184611994,0.0296431161770249,0.0903805906304392,-0.0131107559922149,-0.183012701892219
139.5,0.0467118616356844,0.0293643860734642,0.0919605306485712,-0.0158842829394225,-0.183012701892219
139.75,0.045817569259901,0.0291049998615962,0.0935575892551019,-0.0186350201336047,-0.183012701892219
140,0.044943909437676,0.028864977294685,0.0951716448278356,-0.0213627580954746,-0.183012701892219
140.25,0.0440909487015874,0.0286443366513785,0.0968025744501911,-0.0240672890972252,-0.183012701892219
140.5,0.0432587520078976,0.0284430947343158,0.0984502539205631,-0.0267484071783497,-0.183012701892219
140.75,0.0424473827316068,0.0282612668688481,0.100114557761781,-0.0294059081613262,-0.183012701892219
141,0.0416569026616268,0.0280988669018713,0.101795359230664,-0.0320395896671657,-0.183012701892219
141.25,0.0408873719960754,0.0279559072007717,0.103492530327672,-0.0346492511308245,-0.183012701892219
141.5,0.040138849337692,0.0278323986524839,0.105205941806655,-0.037234693816479,-0.183012701892219
141.75,0.0394113916893752,0.0277283506626623,0.106935463184696,-0.0397957208326583,-0.183012701892219
142,0.0387050544498413,0.0276437711549638,0.108680962752045,-0.0423321371472401,-0.183012701892219
142.25,0.0380198914094058,0.0275786665704456,0.110442307582153,-0.0448437496023016,-0.183012701892219
142.5,0.037355954745887,0.0275330418670739,0.112219363541791,-0.0473303669288302,-0.183012701892219
142.75,0.0367132950206324,0.0275069005193464,0.114011995301268,-0.0497917997612894,-0.183012701892219
143,0.036091961174668,0.027500244518028,0.115820066344735,-0.0522278606520389,-0.183012701892219
143.25,0.035492000524972,0.0275130743699989,0.117643438980582,-0.0546383640856107,-0.183012701892219
143.5,0.0349134587608707,0.0275453890982163,0.119481974351922,-0.0570231264928354,-0.183012701892219
143.75,0.0343563799405593,0.0275971862417884,0.12133553244717,-0.0593819662648225,-0.183012701892219
144,0.0338208064877467,0.0276684618561624,0.1232039721107,-0.0617147037667912,-0.183012701892219
144.25,0.033306779188425,0.0277592105134241,0.125087151053598,-0.0640211613517487,-0.183012701892219
144.5,0.0328143371877632,0.0278694253027119,0.126984925864496,-0.0663011633740207,-0.183012701892219
144.75,0.0323435179871261,0.027999097830743,0.128897152020494,-0.0685545362026252,-0.183012701892219
145,0.0318943574412188,0.0281482182224523,0.130823683898168,-0.0707811082344973,-0.183012701892219
145.25,0.0314668897553558,0.0283167751217447,0.132764374784657,-0.0729807099075563,-0.183012701892219
145.5,0.0310611474828564,0.0285047556923596,0.134719076888835,-0.0751531737136186,-0.183012701892219
145.75,0.0306771615225656,0.0287121456188487,0.136687641352569,-0.0772983342111542,-0.183012701892219
146,0.0303149611165008,0.0289389291076664,0.138669918262053,-0.0794160280378862,-0.183012701892219
146.25,0.0299745738476253,0.0291850888883718,0.140665756659227,-0.0815060939232304,-0.183012701892219
146.5,0.0296560256377476,0.0294506062149446,0.14267500455327,-0.0835683727005779,-0.183012701892219
146.75,0.0293593407455471,0.0297354608672124,0.144697508932175,-0.0856027073194152,-0.183012701892219
147,0.0290845417647269,0.0300396311523905,0.146733115774402,-0.0876089428572847,-0.183012701892219
147.25,0.0288316496222935,0.0303630939067342,0.148781670060611,-0.089586926531583,-0.183012701892219
147.5,0.0286006835769626,0.0307058244973023,0.15084301578546,-0.091536507711195,-0.183012701892219
147.75,0.0283916612176927,0.0310677968238334,0.152916995969492,-0.093457537927966,-0.183012701892219
148,0.0282045984623458,0.0314489833207334,0.155003452671087,-0.0953498708880073,-0.183012701892219
148.25,0.028039509556475,0.0318493549591748,0.157102226998487,-0.0972133624828374,-0.183012701892219
148.5,0.0278964070722395,0.0322688812493072,0.159213159121903,-0.0990478708003568,-0.183012701892219
148.75,0.0277753019074476,0.0327075302425793,0.161336088285681,-0.100853256135654,-0.183012701892219
149,0.0276762032847266,0.033165268534172,0.163470852820545,-0.102629381001647,-0.183012701892219
149.25,0.0275991187508201,0.0336420612655422,0.165617290155912,-0.10437611013955,-0.183012701892219
149.5,0.0275440541760138,0.0341378721270774,0.167775236832267,-0.106093310529175,-0.183012701892219
149.75,0.0275110137536884,0.0346526633608609,0.169944528513616,-0.107780851399067,-0.183012701892219
150,0.0275,0.0351863957635472,0.172125,-0.109438604236453,-0.183012701892219
150.25,0.0275110137536884,0.0357390286893473,0.174316485240072,-0.111066442797036,-0.183012701892219
150.5,0.0275440541760138,0.0363105200531244,0.176518817343747,-0.112664243114609,-0.183012701892219
150.75,0.0275991187508201,0.0369008263335984,0.178731828594908,-0.11423188351049,-0.183012701892219
151,0.0276762032847266,0.0375099025766608,0.180955350464181,-0.115769244602794,-0.183012701892219
151.25,0.0277753019074476,0.0381377023987973,0.183189213621767,-0.117276209315522,-0.183012701892219
151.5,0.0278964070722395,0.038784177990621,0.185433247950336,-0.118752662887476,-0.183012701892219
151.75,0.028039509556475,0.0394492801205125,0.187687282557988,-0.120198492881,-0.183012701892219
152,0.0282045984623458,0.0401329581383697,0.189951145791259,-0.121613589190544,-0.183012701892219
152.25,0.0283916612176927,0.0408351599794645,0.192224665248201,-0.122997844051043,-0.183012701892219
152.5,0.0286006835769626,0.0415558321684081,0.194507667791503,-0.124351152046132,-0.183012701892219
152.75,0.0288316496222935,0.042294919823223,0.196799979561683,-0.125673410116166,-0.183012701892219
153,0.0290845417647269,0.0430523666595229,0.199101425990325,-0.126964517566075,-0.183012701892219
153.25,0.0293593407455471,0.0438281149947985,0.201411831813372,-0.128224376073027,-0.183012701892219
153.5,0.0296560256377476,0.0446221057528108,0.203731021084478,-0.129452889693919,-0.183012701892219
153.75,0.0299745738476253,0.0454342784680894,0.206058817188398,-0.130649964872683,-0.183012701892219
154,0.0303149611165008,0.0462645712905376,0.208395042854447,-0.131815510447409,-0.183012701892219
154.25,0.0306771615225656,0.0471129209901424,0.210739520169997,-0.132949437657289,-0.183012701892219
154.5,0.0310611474828564,0.0479792629617896,0.213092070594022,-0.134051660149376,-0.183012701892219
154.75,0.0314668897553558,0.0488635312301839,0.215452514970699,-0.135122093985159,-0.183012701892219
155,0.0318943574412188,0.0497656584548732,0.21782067354305,-0.136160657646958,-0.183012701892219
155.25,0.0323435179871261,0.0506855759353763,0.220196365966632,-0.137167272044129,-0.183012701892219
155.5,0.0328143371877632,0.0516232136164159,0.222579411323267,-0.138141860519088,-0.183012701892219
155.75,0.033306779188425,0.052578500093252,0.224969628134827,-0.13908434885315,-0.183012701892219
156,0.0338208064877467,0.053551362617121,0.227366834377046,-0.139994665272179,-0.183012701892219
156.25,0.0343563799405592,0.0545417271007751,0.229770847493389,-0.140872740452055,-0.183012701892219
156.5,0.0349134587608707,0.0555495181241244,0.232181484408948,-0.141718507523953,-0.183012701892219
156.75,0.0354920005249721,0.0565746589399809,0.23459856154439,-0.142531902079437,-0.183012701892219
157,0.036091961174668,0.0576170714799024,0.237021894829933,-0.143312862175363,-0.183012701892219
157.25,0.0367132950206323,0.0586766763601379,0.239451299719364,-0.144061328338594,-0.183012701892219
157.5,0.037355954745887,0.0597533928876737,0.241886591204096,-0.144777243570535,-0.183012701892219
157.75,0.0380198914094058,0.0608471390663772,0.244327583827253,-0.14546055335147,-0.183012701892219
158,0.0387050544498413,0.0619578316032425,0.246774091697796,-0.146111205644712,-0.183012701892219
158.25,0.0394113916893751,0.0630853859147327,0.249225928504679,-0.146729150900572,-0.183012701892219
158.5,0.040138849337692,0.0642297161332213,0.251682907531037,-0.147314342060124,-0.183012701892219
158.75,0.0408873719960754,0.0653907351135319,0.254144841668404,-0.147866734558797,-0.183012701892219
159,0.0416569026616268,0.066568354439574,0.256611543430963,-0.148386286329763,-0.183012701892219
159.25,0.0424473827316069,0.0677624844310765,0.259082824969826,-0.148872957807142,-0.183012701892219
159.5,0.0432587520078976,0.0689730341504174,0.261558498087334,-0.149326711929019,-0.183012701892219
159.75,0.0440909487015874,0.0701999114095486,0.264038374251396,-0.14974751414026,-0.183012701892219
160,0.044943909437676,0.0714430227770171,0.26652226460984,-0.150135332395147,-0.183012701892219
160.25,0.045817569259901,0.0727022735850791,0.269009980004799,-0.150490137159819,-0.183012701892219
160.5,0.0467118616356844,0.0739775679369101,0.271501330987113,-0.150811901414519,-0.183012701892219
160.75,0.0476267184611993,0.0752688087139079,0.27399612783076,-0.151100600655653,-0.183012701892219
161,0.0485620700665567,0.076575897583088,0.276494180547301,-0.151356212897656,-0.183012701892219
161.25,0.0495178452211103,0.0778987350045725,0.27899529890035,-0.151578718674667,-0.183012701892219
161.5,0.0504939711388816,0.07923722023917,0.281499292420061,-0.151768101042009,-0.183012701892219
161.75,0.0514903734841029,0.0805912513560479,0.284005970417633,-0.151924345577482,-0.183012701892219
162,0.0525069763768777,0.0819607252404942,0.286515141999831,-0.152047440382459,-0.183012701892219
162.25,0.0535437023989598,0.0833455376017705,0.289026616083525,-0.152137376082795,-0.183012701892219
162.5,0.054600472599649,0.0847455829810541,0.29154020141024,-0.152194145829537,-0.183012701892219
162.75,0.0556772065018028,0.0861607547594687,0.294055706560721,-0.152217745299449,-0.183012701892219
163,0.0567738221079659,0.0875909451662042,0.296572939969512,-0.152208172695341,-0.183012701892219
163.25,0.0578902359066143,0.0890360452867243,0.299091709939543,-0.152165428746204,-0.183012701892219
163.5,0.0590263628785146,0.0904959450710596,0.301611824656729,-0.152089516707154,-0.183012701892219
163.75,0.0601821165031994,0.0919705333421893,0.304133092204577,-0.151980442359188,-0.183012701892219
164,0.0613574087655553,0.0934596978045076,0.306655320578802,-0.151838214008739,-0.183012701892219
164.25,0.0625521501625265,0.0949633250523749,0.309178317701948,-0.151662842487046,-0.183012701892219
164.5,0.0637662497099298,0.0964813005787551,0.311701891438016,-0.151454341149331,-0.183012701892219
164.75,0.064999614949384,0.0980135087839347,0.314225849607095,-0.151212725873777,-0.183012701892219
165,0.0662521519553511,0.0995598329843263,0.31675,-0.150938015060323,-0.183012701892219
165.25,0.0675237653422886,0.101120155421356,0.319274150392905,-0.15063022962926,-0.183012701892219
165.5,0.068814358271914,0.102694357270428,0.321798108561984,-0.150289393019642,-0.183012701892219
165.75,0.0701238324605788,0.104282318649978,0.324321682298052,-0.149915531187496,-0.183012701892219
166,0.0714520881867537,0.105883918630598,0.326844679421198,-0.149508672603847,-0.183012701892219
166.25,0.0727990242986228,0.107499035244249,0.329366907795423,-0.149068848252552,-0.183012701892219
166.5,0.0741645382217861,0.109127545493548,0.331888175343272,-0.148596091627938,-0.183012701892219
166.75,0.0755485259670716,0.110769325361133,0.334408290060457,-0.148090438732252,-0.183012701892219
167,0.0769508821384542,0.112424249819113,0.336927060030488,-0.147551928072921,-0.183012701892219
167.25,0.0783714999410819,0.114092192838582,0.339444293439279,-0.146980600659616,-0.183012701892219
167.5,0.0798102711894091,0.11577302739922,0.34195979858976,-0.146376500001131,-0.183012701892219
167.75,0.0812670863154347,0.11746662549897,0.344473383916475,-0.14573967210207,-0.183012701892219
168,0.0827418343770464,0.119172858163779,0.346984858000169,-0.145070165459344,-0.183012701892219
168.25,0.0842344030664699,0.120891595457423,0.349494029582367,-0.144368031058474,-0.183012701892219
168.5,0.0857446787188205,0.122622706491403,0.352000707579939,-0.143633322369716,-0.183012701892219
168.75,0.0872725463207602,0.124366059434911,0.35450470109965,-0.142866095343979,-0.183012701892219
169,0.0888178895192557,0.126121521524871,0.357005819452699,-0.142066408408572,-0.183012701892219
169.25,0.0903805906304392,0.127888959076049,0.35950387216924,-0.141234322462751,-0.183012701892219
169.5,0.0919605306485712,0.129668237491233,0.361998669012887,-0.140369900873083,-0.183012701892219
169.75,0.0935575892551019,0.13145922127148,0.364490019995201,-0.139473209468619,-0.183012701892219
170,0.0951716448278356,0.133261774026444,0.36697773539016,-0.13854431653588,-0.183012701892219
170.25,0.0968025744501911,0.135075758484753,0.369461625748604,-0.137583292813659,-0.183012701892219
170.5,0.0984502539205631,0.136901036504467,0.371941501912666,-0.136590211487635,-0.183012701892219
170.75,0.100114557761781,0.138737469083599,0.374417175030174,-0.135565148184794,-0.183012701892219
171,0.101795359230664,0.140584916370696,0.376888456569037,-0.134508180967677,-0.183012701892219
171.25,0.103492530327672,0.142443237675497,0.379355158331596,-0.133419390328428,-0.183012701892219
171.5,0.105205941806655,0.144312291479637,0.381817092468963,-0.132298859182671,-0.183012701892219
171.75,0.106935463184696,0.146191935447435,0.384274071495321,-0.13114667286319,-0.183012701892219
172,0.108680962752045,0.148082026436724,0.386725908302204,-0.129962919113435,-0.183012701892219
172.25,0.110442307582153,0.149982420509758,0.389172416172747,-0.128747688080836,-0.183012701892219
172.5,0.112219363541791,0.151892972944171,0.391613408795904,-0.127501072309942,-0.183012701892219
172.75,0.114011995301268,0.153813538243998,0.394048700280636,-0.12622316673537,-0.183012701892219
173,0.115820066344735,0.155743970150754,0.396478105170067,-0.124914068674578,-0.183012701892219
173.25,0.117643438980582,0.157684121654577,0.39890143845561,-0.123573877820451,-0.183012701892219
173.5,0.119481974351922,0.159633845005419,0.401318515591051,-0.12220269623371,-0.183012701892219
173.75,0.12133553244717,0.161592991724296,0.403729152506611,-0.120800628335145,-0.183012701892219
174,0.1232039721107,0.163561412614602,0.406133165622954,-0.119367780897651,-0.183012701892219
174.25,0.125087151053598,0.165538957773465,0.408530371865173,-0.11790426303811,-0.183012701892219
174.5,0.126984925864496,0.167525476603164,0.410920588676733,-0.116410186209073,-0.183012701892219
174.75,0.128897152020494,0.169520817822599,0.413303634033368,-0.114885664190275,-0.183012701892219
175,0.130823683898168,0.171524829478811,0.41567932645695,-0.11333081307997,-0.183012701892219
175.25,0.132764374784657,0.173537358958555,0.418047485029301,-0.11174575128609,-0.183012701892219
175.5,0.134719076888835,0.175558252999917,0.420407929405978,-0.110130599517227,-0.183012701892219
175.75,0.136687641352569,0.177587357703992,0.422760479830003,-0.108485480773442,-0.183012701892219
176,0.138669918262053,0.179624518546602,0.425104957145553,-0.106810520336897,-0.183012701892219
176.25,0.140665756659227,0.181669580390061,0.427441182811602,-0.105105845762313,-0.183012701892219
176.5,0.14267500455327,0.183722387494992,0.429768978915522,-0.10337158686726,-0.183012701892219
176.75,0.144697508932175,0.185782783532186,0.432088168186627,-0.101607875722267,-0.183012701892219
177,0.146733115774402,0.187850611594508,0.434398574009675,-0.0998148466407654,-0.183012701892219
177.25,0.148781670060611,0.189925714208844,0.436700020438317,-0.0979926361688623,-0.183012701892219
177.5,0.15084301578546,0.192007933348097,0.438992332208497,-0.0961413830749404,-0.183012701892219
177.75,0.152916995969492,0.194097110443218,0.441275334751799,-0.0942612283390897,-0.183012701892219
178,0.155003452671087,0.196193086395281,0.443548854208741,-0.0923523151423729,-0.183012701892219
178.25,0.157102226998487,0.198295701587604,0.445812717442012,-0.0904147888559206,-0.183012701892219
178.5,0.159213159121903,0.2004047958979,0.448066752049664,-0.0884487970298609,-0.183012701892219
178.75,0.161336088285681,0.202520208710469,0.450310786378234,-0.0864544893820831,-0.183012701892219
179,0.163470852820545,0.204641778928438,0.452544649535819,-0.0844320177868355,-0.183012701892219
179.25,0.165617290155912,0.206769344986019,0.454768171405092,-0.0823815362631608,-0.183012701892219
179.5,0.167775236832267,0.20890274486082,0.456981182656253,-0.0803032009631658,-0.183012701892219
179.75,0.169944528513616,0.211041816086182,0.459183514759928,-0.0781971701601299,-0.183012701892219
180,0.172125,0.213186395763547,0.461375,-0.0760636042364526,-0.183012701892219
180.25,0.174316485240072,0.215336320574872,0.463555471486384,-0.0739026656714399,-0.183012701892219
180.5,0.176518817343747,0.217491426795057,0.465724763167733,-0.0717145190289294,-0.183012701892219
180.75,0.178731828594908,0.21965155030442,0.467882709844088,-0.06949933094476,-0.183012701892219
181,0.180955350464181,0.221816526601193,0.470029147179455,-0.0672572701140804,-0.183012701892219
181.25,0.183189213621767,0.223986190814049,0.472163911714319,-0.0649885072785036,-0.183012701892219
181.5,0.185433247950336,0.226160377714657,0.474286840878097,-0.0626932152131037,-0.183012701892219
181.75,0.187687282557988,0.228338921730268,0.476397773001513,-0.0603715687132575,-0.183012701892219
182,0.189951145791259,0.230521656956319,0.478496547328914,-0.058023744581335,-0.183012701892219
182.25,0.192224665248201,0.232708417169074,0.480583004030508,-0.0556499216132333,-0.183012701892219
182.5,0.194507667791503,0.234899035838275,0.48265698421454,-0.0532502805847626,-0.183012701892219
182.75,0.196799979561683,0.237093346139829,0.48471832993939,-0.0508250042378777,-0.183012701892219
183,0.199101425990325,0.239291180968511,0.486766884225598,-0.0483742772667621,-0.183012701892219
183.25,0.201411831813372,0.24149237295069,0.488802491067825,-0.0458982863037632,-0.183012701892219
183.5,0.203731021084478,0.243696754457074,0.49082499544673,-0.0433972199051785,-0.183012701892219
183.75,0.206058817188398,0.245904157615476,0.492834243340772,-0.0408712685368983,-0.183012701892219
184,0.208395042854447,0.248114414323601,0.494830081737947,-0.0383206245598985,-0.183012701892219
184.25,0.210739520169997,0.250327356261842,0.496812358647432,-0.0357454822155931,-0.183012701892219
184.5,0.213092070594022,0.252542814906102,0.498780923111166,-0.0331460376110418,-0.183012701892219
184.75,0.215452514970699,0.254760621540629,0.500735625215343,-0.0305224887040155,-0.183012701892219
185,0.21782067354305,0.256980607270861,0.502676316101832,-0.0278750352879207,-0.183012701892219
185.25,0.220196365966632,0.259202603036289,0.504602847979506,-0.0252038789765856,-0.183012701892219
185.5,0.222579411323267,0.261426439623333,0.506515074135504,-0.0225092231889041,-0.183012701892219
185.75,0.224969628134827,0.263651947678226,0.508412848946402,-0.0197912731333483,-0.183012701892219
186,0.227366834377046,0.265878957719916,0.5102960278893,-0.0170502357923373,-0.183012701892219
186.25,0.229770847493389,0.268107300152964,0.51216446755283,-0.0142863199064772,-0.183012701892219
186.5,0.232181484408948,0.270336805280466,0.514018025648078,-0.0114997359586636,-0.183012701892219
186.75,0.23459856154439,0.272567303316976,0.515856561019419,-0.00869069615805262,-0.183012701892219
187,0.237021894829933,0.274798624401431,0.517679933655265,-0.00585941442390092,-0.183012701892219
187.25,0.239451299719364,0.277030598610093,0.519488004698732,-0.00300610636927434,-0.183012701892219
187.5,0.241886591204096,0.279263055969485,0.521280636458209,-0.000130989284627958,-0.183012701892219
187.75,0.244327583827253,0.281495826469334,0.523057692417847,0.00276571787873992,-0.183012701892219
188,0.246774091697796,0.283728740075524,0.524819037247955,0.00568379452536483,-0.183012701892219
188.25,0.249225928504679,0.285961626743037,0.526564536815304,0.00862301843241198,-0.183012701892219
188.5,0.251682907531037,0.288194316428909,0.528294058193345,0.0115831657666007,-0.183012701892219
188.75,0.254144841668404,0.290426639105176,0.530007469672328,0.0145640111012514,-0.183012701892219
189,0.256611543430963,0.292658424771824,0.531704640769336,0.0175653274334507,-0.183012701892219
189.25,0.259082824969826,0.294889503469733,0.533385442238219,0.0205868862013397,-0.183012701892219
189.5,0.261558498087334,0.297119705293623,0.535049746079437,0.0236284573015203,-0.183012701892219
189.75,0.264038374251396,0.299348860404989,0.536697425549809,0.0266898091065768,-0.183012701892219
190,0.26652226460984,0.301576799045041,0.538328355172164,0.0297707084827173,-0.183012701892219
190.25,0.269009980004799,0.303803351547625,0.539942410744898,0.0328709208075257,-0.183012701892219
190.5,0.271501330987113,0.306028348352146,0.541539469351429,0.0359902099878302,-0.183012701892219
190.75,0.27399612783076,0.308251620016484,0.543119409369561,0.0391283384776837,-0.183012701892219
191,0.276494180547301,0.310472997229895,0.544682110480744,0.0422850672964512,-0.183012701892219
191.25,0.27899529890035,0.312692310825902,0.54622745367924,0.0454601560470121,-0.183012701892219
191.5,0.281499292420061,0.314909391795183,0.547755321281179,0.0486533629340644,-0.183012701892219
191.75,0.284005970417633,0.317124071298439,0.54926559693353,0.0518644447825414,-0.183012701892219
192,0.286515141999831,0.31933618067925,0.550758165622954,0.0550931570561276,-0.183012701892219
192.25,0.289026616083525,0.321545551476923,0.552232913684565,0.0583392538758828,-0.183012701892219
192.5,0.29154020141024,0.323752015439318,0.553689728810591,0.0616024880389671,-0.183012701892219
192.75,0.294055706560721,0.325955404535662,0.555128500058918,0.0648826110374643,-0.183012701892219
193,0.296572939969512,0.328155550969343,0.556549117861546,0.0681793730773085,-0.183012701892219
193.25,0.299091709939543,0.330352287190693,0.557951474032929,0.0714925230973068,-0.183012701892219
193.5,0.301611824656729,0.332545445909743,0.559335461778214,0.0748218087882577,-0.183012701892219
193.75,0.304133092204577,0.334734860108966,0.560700975701377,0.0781669766121655,-0.183012701892219
194,0.306655320578802,0.336920363055995,0.562047911813246,0.0815277718215499,-0.183012701892219
194.25,0.309178317701948,0.339101788316317,0.563376167539421,0.0849039384788429,-0.183012701892219
194.5,0.311701891438016,0.341278969765953,0.564685641728086,0.0882952194758831,-0.183012701892219
194.75,0.314225849607095,0.343451741604108,0.565976234657711,0.0917013565534923,-0.183012701892219
195,0.31675,0.345619938365793,0.567247848044649,0.0951220903211443,-0.183012701892219
195.25,0.319274150392905,0.347783394934431,0.568500385050616,0.0985571602767195,-0.183012701892219
195.5,0.321798108561984,0.349941946554427,0.56973375029007,0.102006304826341,-0.183012701892219
195.75,0.324321682298052,0.352095428843718,0.570947849837474,0.105469261304297,-0.183012701892219
196,0.326844679421198,0.354243677806291,0.572142591234445,0.108945765993045,-0.183012701892219
196.25,0.329366907795423,0.35638652984467,0.573317883496801,0.112435554143293,-0.183012701892219
196.5,0.331888175343272,0.358523821772376,0.574473637121486,0.115938359994162,-0.183012701892219
196.75,0.334408290060457,0.360655390826353,0.575609764093386,0.119453916793424,-0.183012701892219
197,0.336927060030488,0.362781074679365,0.576726177892034,0.122981956817819,-0.183012701892219
197.25,0.339444293439279,0.364900711452358,0.577822793498197,0.12652221139344,-0.183012701892219
197.5,0.34195979858976,0.367014139726784,0.578899527400351,0.130074410916193,-0.183012701892219
197.75,0.344473383916475,0.369121198556897,0.57995629760104,0.133638284872332,-0.183012701892219
198,0.346984858000169,0.37122172748201,0.580993023623122,0.137213561859057,-0.183012701892219
198.25,0.349494029582367,0.373315566538714,0.582009626515897,0.140799969605183,-0.183012701892219
198.5,0.352000707579939,0.375402556273056,0.583006028861118,0.144397234991877,-0.183012701892219
198.75,0.35450470109965,0.377482537752689,0.58398215477889,0.148005084073449,-0.183012701892219
199,0.357005819452699,0.37955535257897,0.584937929933443,0.151623242098226,-0.183012701892219
199.25,0.35950387216924,0.381620842899024,0.585873281538801,0.155251433529464,-0.183012701892219
199.5,0.361998669012887,0.383678851417768,0.586788138364316,0.158889382066339,-0.183012701892219
199.75,0.364490019995201,0.385729221409884,0.587682430740099,0.162536810664986,-0.183012701892219
200,0.36697773539016,0.387771796731759,0.588556090562324,0.166193441559595,-0.183012701892219
200.25,0.369461625748604,0.389806421833375,0.589409051298413,0.169858996283566,-0.183012701892219
200.5,0.371941501912666,0.391832941770152,0.590241247992103,0.173533195690715,-0.183012701892219
200.75,0.374417175030174,0.393851202214751,0.591052617268393,0.177215759976532,-0.183012701892219
201,0.376888456569037,0.395861049468825,0.591843097338373,0.180906408699488,-0.183012701892219
201.25,0.379355158331596,0.397862330474725,0.592612628003925,0.184604860802396,-0.183012701892219
201.5,0.381817092468963,0.399854892827153,0.593361150662308,0.188310834633808,-0.183012701892219
201.75,0.384274071495321,0.401838584784773,0.594088608310625,0.192024047969468,-0.183012701892219
202,0.386725908302204,0.40381325528176,0.594794945550159,0.195744218033806,-0.183012701892219
202.25,0.389172416172747,0.405778753939313,0.595480108590594,0.199471061521466,-0.183012701892219
202.5,0.391613408795904,0.407734931077097,0.596144045254113,0.203204294618888,-0.183012701892219
202.75,0.394048700280636,0.409681637724651,0.596786704979368,0.206943633025919,-0.183012701892219
203,0.396478105170067,0.411618725632726,0.597408038825332,0.210688791977461,-0.183012701892219
203.25,0.39890143845561,0.413546047284579,0.598007999475028,0.21443948626516,-0.183012701892219
203.5,0.401318515591051,0.415463455907202,0.598586541239129,0.218195430259124,-0.183012701892219
203.75,0.403729152506611,0.417370805482508,0.599143620059441,0.221956337929678,-0.183012701892219
204,0.406133165622954,0.41926795075844,0.599679193512254,0.22572192286914,-0.183012701892219
204.25,0.408530371865173,0.421154747260041,0.600193220811575,0.229491898313638,-0.183012701892219
204.5,0.410920588676733,0.423031051300452,0.600685662812237,0.233265977164948,-0.183012701892219
204.75,0.413303634033368,0.424896719991856,0.601156482012874,0.23704387201235,-0.183012701892219
205,0.41567932645695,0.426751611256359,0.601605642558781,0.240825295154527,-0.183012701892219
205.25,0.418047485029301,0.42859558383681,0.602033110244644,0.244609958621467,-0.183012701892219
205.5,0.420407929405978,0.430428497307557,0.602438852517144,0.248397574196392,-0.183012701892219
205.75,0.422760479830003,0.432250212085144,0.602822838477435,0.252187853437712,-0.183012701892219
206,0.425104957145553,0.434060589438936,0.603185038883499,0.255980507700989,-0.183012701892219
206.25,0.427441182811602,0.43585949150169,0.603525426152375,0.259775248160917,-0.183012701892219
206.5,0.429768978915522,0.437646781280048,0.603843974362253,0.263571785833318,-0.183012701892219
206.75,0.432088168186627,0.439422322664974,0.604140659254453,0.267369831597148,-0.183012701892219
207,0.434398574009675,0.441185980442117,0.604415458235273,0.271169096216519,-0.183012701892219
207.25,0.436700020438317,0.44293762030211,0.604668350377707,0.274969290362721,-0.183012701892219
207.5,0.438992332208497,0.444677108850795,0.604899316423038,0.278770124636255,-0.183012701892219
207.75,0.441275334751799,0.446404313619384,0.605108338782307,0.282571309588876,-0.183012701892219
208,0.443548854208741,0.448119103074548,0.605295401537654,0.286372555745635,-0.183012701892219
208.25,0.445812717442012,0.44982134662843,0.605460490443525,0.290173573626917,-0.183012701892219
208.5,0.448066752049664,0.451510914648592,0.605603592927761,0.293974073770496,-0.183012701892219
208.75,0.450310786378234,0.45318767846789,0.605724698092552,0.297773766753571,-0.183012701892219
209,0.452544649535819,0.454851510394266,0.605823796715274,0.301572363214811,-0.183012701892219
209.25,0.454768171405092,0.456502283720477,0.60590088124918,0.305369573876389,-0.183012701892219
209.5,0.456981182656253,0.458139872733743,0.605955945823986,0.30916510956601,-0.183012701892219
209.75,0.459183514759928,0.459764152725321,0.605988986246312,0.312958681238937,-0.183012701892219
210,0.461375,0.461375,0.606,0.31675,-0.183012701892219
210.25,0.463555471486384,0.462972291885524,0.605988986246312,0.320538777125596,-0.183012701892219
210.5,0.465724763167733,0.464555906741933,0.605955945823986,0.324324724085679,-0.183012701892219
210.75,0.467882709844088,0.466125723970822,0.60590088124918,0.32810755256573,-0.183012701892219
211,0.470029147179455,0.467681624024532,0.605823796715274,0.331886974488713,-0.183012701892219
211.25,0.472163911714319,0.469223488415252,0.605724698092552,0.335662702037018,-0.183012701892219
211.5,0.474286840878097,0.470751199724036,0.605603592927761,0.339434447674372,-0.183012701892219
211.75,0.476397773001513,0.472264641609755,0.605460490443525,0.343201924167743,-0.183012701892219
212,0.478496547328914,0.47376369881795,0.605295401537654,0.346964844609209,-0.183012701892219
212.25,0.480583004030508,0.475248257189609,0.605108338782307,0.35072292243781,-0.183012701892219
212.5,0.48265698421454,0.476718203669867,0.604899316423038,0.354475871461369,-0.183012701892219
212.75,0.48471832993939,0.478173426316606,0.604668350377707,0.358223405878289,-0.183012701892219
213,0.486766884225598,0.479613814308988,0.604415458235273,0.361965240299313,-0.183012701892219
213.25,0.488802491067825,0.481039257955891,0.604140659254453,0.365701089769264,-0.183012701892219
213.5,0.49082499544673,0.482449648704263,0.603843974362253,0.369430669788741,-0.183012701892219
213.75,0.492834243340772,0.483844879147387,0.603525426152375,0.373153696335785,-0.183012701892219
214,0.494830081737947,0.485224843033063,0.603185038883499,0.376869885887511,-0.183012701892219
214.25,0.496812358647432,0.486589435271699,0.602822838477435,0.380578955441696,-0.183012701892219
214.5,0.498780923111166,0.487938551944312,0.602438852517144,0.384280622538334,-0.183012701892219
214.75,0.500735625215343,0.489272090310445,0.602033110244644,0.387974605281144,-0.183012701892219
215,0.502676316101832,0.490589948815987,0.601605642558781,0.391660622359038,-0.183012701892219
215.25,0.504602847979506,0.491892027100912,0.601156482012874,0.395338393067544,-0.183012701892219
215.5,0.506515074135504,0.493178226006917,0.600685662812237,0.399007637330184,-0.183012701892219
215.75,0.508412848946402,0.494448447584975,0.600193220811575,0.402668075719801,-0.183012701892219
216,0.5102960278893,0.495702595102795,0.599679193512254,0.406319429479841,-0.183012701892219
216.25,0.51216446755283,0.496940573052189,0.599143620059441,0.409961420545577,-0.183012701892219
216.5,0.514018025648078,0.498162287156341,0.598586541239129,0.41359377156529,-0.183012701892219
216.75,0.515856561019419,0.499367644376994,0.598007999475028,0.417216205921385,-0.183012701892219
217,0.517679933655265,0.500556552921529,0.597408038825332,0.420828447751462,-0.183012701892219
217.25,0.519488004698732,0.501728922249955,0.596786704979368,0.424430221969319,-0.183012701892219
217.5,0.521280636458209,0.502884663081811,0.596144045254113,0.428021254285907,-0.183012701892219
217.75,0.523057692417847,0.504023687402957,0.595480108590594,0.43160127123021,-0.183012701892219
218,0.524819037247955,0.505145908472281,0.594794945550159,0.435170000170077,-0.183012701892219
218.25,0.526564536815304,0.506251240828304,0.594088608310625,0.438727169332984,-0.183012701892219
218.5,0.528294058193345,0.507339600295688,0.593361150662308,0.442272507826725,-0.183012701892219
218.75,0.530007469672328,0.508410903991644,0.592612628003925,0.445805745660048,-0.183012701892219
219,0.531704640769336,0.50946507033225,0.591843097338373,0.449326613763213,-0.183012701892219
219.25,0.533385442238219,0.510502019038656,0.591052617268393,0.452834844008482,-0.183012701892219
219.5,0.535049746079437,0.511521671143205,0.590241247992102,0.45633016923054,-0.183012701892219
219.75,0.536697425549809,0.512523948995441,0.589409051298413,0.459812323246837,-0.183012701892219
220,0.538328355172164,0.513508776268024,0.588556090562324,0.463281040877864,-0.183012701892219
220.25,0.539942410744898,0.514476077962546,0.587682430740099,0.466736057967345,-0.183012701892219
220.5,0.541539469351429,0.515425780415236,0.586788138364316,0.470177111402349,-0.183012701892219
220.75,0.543119409369561,0.516357811302576,0.585873281538801,0.473603939133337,-0.183012701892219
221,0.544682110480744,0.517272099646807,0.584937929933443,0.477016280194108,-0.183012701892219
221.25,0.54622745367924,0.518168575821329,0.58398215477889,0.480413874721679,-0.183012701892219
221.5,0.547755321281179,0.519047171556013,0.583006028861119,0.483796463976074,-0.183012701892219
221.75,0.54926559693353,0.519907819942391,0.582009626515897,0.487163790360023,-0.183012701892219
222,0.550758165622954,0.520750455438756,0.580993023623122,0.490515597438587,-0.183012701892219
222.25,0.552232913684565,0.521575013875153,0.57995629760104,0.493851629958678,-0.183012701892219
222.5,0.553689728810591,0.522381432458264,0.578899527400351,0.497171633868504,-0.183012701892219
222.75,0.555128500058918,0.523169649776193,0.577822793498197,0.500475356336914,-0.183012701892219
223,0.556549117861546,0.523939605803138,0.576726177892034,0.50376254577265,-0.183012701892219
223.25,0.557951474032929,0.524691241903968,0.575609764093386,0.507032951843511,-0.183012701892219
223.5,0.559335461778214,0.525424500838684,0.574473637121485,0.510286325495412,-0.183012701892219
223.75,0.560700975701377,0.526139326766777,0.573317883496801,0.513522418971353,-0.183012701892219
224,0.562047911813246,0.526835665251487,0.572142591234445,0.516740985830289,-0.183012701892219
224.25,0.563376167539421,0.527513463263942,0.570947849837473,0.51994178096589,-0.183012701892219
224.5,0.564685641728086,0.528172669187198,0.56973375029007,0.523124560625214,-0.183012701892219
224.75,0.565976234657711,0.528813232820174,0.568500385050616,0.526289082427269,-0.183012701892219
225,0.567247848044649,0.529435105381467,0.567247848044649,0.529435105381467,-0.183012701892219
225.25,0.568500385050616,0.530038239513075,0.565976234657711,0.53256238990598,-0.183012701892219
225.5,0.56973375029007,0.530622589283999,0.564685641728086,0.535670697845983,-0.183012701892219
225.75,0.570947849837474,0.53118811019374,0.563376167539421,0.538759792491793,-0.183012701892219
226,0.572142591234445,0.531734759175693,0.562047911813246,0.541829438596892,-0.183012701892219
226.25,0.573317883496801,0.532262494600421,0.560700975701377,0.544879402395844,-0.183012701892219
226.5,0.574473637121486,0.532771276278828,0.559335461778214,0.5479094516221,-0.183012701892219
226.75,0.575609764093386,0.533261065465219,0.557951474032928,0.550919355525677,-0.183012701892219
227,0.576726177892034,0.533731824860252,0.556549117861546,0.553908884890741,-0.183012701892219
227.25,0.577822793498197,0.534183518613776,0.555128500058918,0.556877812053055,-0.183012701892219
227.5,0.578899527400351,0.534616112327563,0.553689728810591,0.559825910917323,-0.183012701892219
227.75,0.57995629760104,0.535029573057927,0.552232913684565,0.562752956974402,-0.183012701892219
228,0.580993023623122,0.535423869318232,0.550758165622954,0.5656587273184,-0.183012701892219
228.25,0.582009626515897,0.535798971081291,0.54926559693353,0.568543000663658,-0.183012701892219
228.5,0.583006028861118,0.536154849781654,0.54775532128118,0.571405557361592,-0.183012701892219
228.75,0.58398215477889,0.536491478317778,0.54622745367924,0.574246179417428,-0.183012701892219
229,0.584937929933443,0.536808831054099,0.544682110480745,0.577064650506797,-0.183012701892219
229.25,0.585873281538801,0.537106883822975,0.543119409369561,0.579860755992215,-0.183012701892219
229.5,0.586788138364316,0.537385613926536,0.541539469351429,0.582634282939423,-0.183012701892219
229.75,0.587682430740099,0.537645000138404,0.539942410744898,0.585385020133605,-0.183012701892219
230,0.588556090562324,0.537885022705315,0.538328355172164,0.588112758095475,-0.183012701892219
230.25,0.589409051298413,0.538105663348622,0.536697425549809,0.590817289097225,-0.183012701892219
230.5,0.590241247992103,0.538306905265684,0.535049746079437,0.59349840717835,-0.183012701892219
230.75,0.591052617268393,0.538488733131152,0.533385442238219,0.596155908161326,-0.183012701892219
231,0.591843097338373,0.538651133098129,0.531704640769336,0.598789589667166,-0.183012701892219
231.25,0.592612628003925,0.538794092799228,0.530007469672328,0.601399251130824,-0.183012701892219
231.5,0.593361150662308,0.538917601347516,0.528294058193345,0.603984693816479,-0.183012701892219
231.75,0.594088608310625,0.539021649337338,0.526564536815304,0.606545720832659,-0.183012701892219
232,0.594794945550159,0.539106228845036,0.524819037247955,0.60908213714724,-0.183012701892219
232.25,0.595480108590594,0.539171333429554,0.523057692417847,0.611593749602302,-0.183012701892219
232.5,0.596144045254113,0.539216958132926,0.521280636458209,0.614080366928831,-0.183012701892219
232.75,0.596786704979368,0.539243099480654,0.519488004698732,0.616541799761289,-0.183012701892219
233,0.597408038825332,0.539249755481972,0.517679933655265,0.618977860652039,-0.183012701892219
233.25,0.598007999475028,0.539236925630001,0.515856561019418,0.621388364085611,-0.183012701892219
233.5,0.598586541239129,0.539204610901784,0.514018025648078,0.623773126492835,-0.183012701892219
233.75,0.599143620059441,0.539152813758212,0.51216446755283,0.626131966264822,-0.183012701892219
234,0.599679193512254,0.539081538143838,0.5102960278893,0.628464703766791,-0.183012701892219
234.25,0.600193220811575,0.538990789486576,0.508412848946402,0.630771161351749,-0.183012701892219
234.5,0.600685662812237,0.538880574697288,0.506515074135504,0.633051163374021,-0.183012701892219
234.75,0.601156482012874,0.538750902169257,0.504602847979506,0.635304536202625,-0.183012701892219
235,0.601605642558781,0.538601781777548,0.502676316101831,0.637531108234498,-0.183012701892219
235.25,0.602033110244644,0.538433224878255,0.500735625215343,0.639730709907556,-0.183012701892219
235.5,0.602438852517144,0.538245244307641,0.498780923111166,0.641903173713619,-0.183012701892219
235.75,0.602822838477435,0.538037854381151,0.496812358647431,0.644048334211155,-0.183012701892219
236,0.603185038883499,0.537811070892334,0.494830081737947,0.646166028037886,-0.183012701892219
236.25,0.603525426152375,0.537564911111628,0.492834243340773,0.64825609392323,-0.183012701892219
236.5,0.603843974362253,0.537299393785056,0.49082499544673,0.650318372700578,-0.183012701892219
236.75,0.604140659254453,0.537014539132788,0.488802491067825,0.652352707319415,-0.183012701892219
237,0.604415458235273,0.53671036884761,0.486766884225598,0.654358942857285,-0.183012701892219
237.25,0.604668350377707,0.536386906093266,0.48471832993939,0.656336926531583,-0.183012701892219
237.5,0.604899316423038,0.536044175502698,0.48265698421454,0.658286507711195,-0.183012701892219
237.75,0.605108338782307,0.535682203176167,0.480583004030508,0.660207537927966,-0.183012701892219
238,0.605295401537654,0.535301016679267,0.478496547328914,0.662099870888007,-0.183012701892219
238.25,0.605460490443525,0.534900645040825,0.476397773001513,0.663963362482838,-0.183012701892219
238.5,0.605603592927761,0.534481118750693,0.474286840878097,0.665797870800357,-0.183012701892219
238.75,0.605724698092552,0.534042469757421,0.472163911714319,0.667603256135654,-0.183012701892219
239,0.605823796715274,0.533584731465828,0.470029147179454,0.669379381001647,-0.183012701892219
239.25,0.60590088124918,0.533107938734458,0.467882709844088,0.67112611013955,-0.183012701892219
239.5,0.605955945823986,0.532612127872923,0.465724763167733,0.672843310529175,-0.183012701892219
239.75,0.605988986246312,0.532097336639139,0.463555471486384,0.674530851399067,-0.183012701892219
240,0.606,0.531563604236453,0.461375,0.676188604236453,-0.183012701892219
240.25,0.605988986246312,0.531010971310653,0.459183514759928,0.677816442797036,-0.183012701892219
240.5,0.605955945823986,0.530439479946876,0.456981182656253,0.679414243114609,-0.183012701892219
240.75,0.60590088124918,0.529849173666402,0.454768171405092,0.68098188351049,-0.183012701892219
241,0.605823796715274,0.529240097423339,0.452544649535819,0.682519244602794,-0.183012701892219
241.25,0.605724698092552,0.528612297601203,0.450310786378234,0.684026209315521,-0.183012701892219
241.5,0.605603592927761,0.527965822009379,0.448066752049664,0.685502662887476,-0.183012701892219
241.75,0.605460490443525,0.527300719879488,0.445812717442012,0.686948492881,-0.183012701892219
242,0.605295401537654,0.52661704186163,0.443548854208741,0.688363589190544,-0.183012701892219
242.25,0.605108338782307,0.525914840020535,0.441275334751799,0.689747844051043,-0.183012701892219
242.5,0.604899316423038,0.525194167831592,0.438992332208497,0.691101152046132,-0.183012701892219
242.75,0.604668350377707,0.524455080176777,0.436700020438317,0.692423410116166,-0.183012701892219
243,0.604415458235273,0.523697633340477,0.434398574009676,0.693714517566075,-0.183012701892219
243.25,0.604140659254453,0.522921885005202,0.432088168186627,0.694974376073027,-0.183012701892219
243.5,0.603843974362253,0.522127894247189,0.429768978915523,0.696202889693919,-0.183012701892219
243.75,0.603525426152375,0.521315721531911,0.427441182811603,0.697399964872683,-0.183012701892219
244,0.603185038883499,0.520485428709463,0.425104957145553,0.698565510447409,-0.183012701892219
244.25,0.602822838477435,0.519637079009858,0.422760479830003,0.699699437657289,-0.183012701892219
244.5,0.602438852517144,0.518770737038211,0.420407929405978,0.700801660149376,-0.183012701892219
244.75,0.602033110244644,0.517886468769816,0.418047485029301,0.701872093985159,-0.183012701892219
245,0.601605642558781,0.516984341545127,0.41567932645695,0.702910657646958,-0.183012701892219
245.25,0.601156482012874,0.516064424064624,0.413303634033368,0.703917272044129,-0.183012701892219
245.5,0.600685662812237,0.515126786383584,0.410920588676732,0.704891860519089,-0.183012701892219
245.75,0.600193220811575,0.514171499906748,0.408530371865173,0.70583434885315,-0.183012701892219
246,0.599679193512254,0.513198637382879,0.406133165622954,0.706744665272179,-0.183012701892219
246.25,0.599143620059441,0.512208272899225,0.403729152506611,0.707622740452055,-0.183012701892219
246.5,0.598586541239129,0.511200481875876,0.401318515591052,0.708468507523953,-0.183012701892219
246.75,0.598007999475028,0.510175341060019,0.39890143845561,0.709281902079437,-0.183012701892219
247,0.597408038825332,0.509132928520098,0.396478105170067,0.710062862175362,-0.183012701892219
247.25,0.596786704979368,0.508073323639862,0.394048700280636,0.710811328338594,-0.183012701892219
247.5,0.596144045254113,0.506996607112326,0.391613408795904,0.711527243570535,-0.183012701892219
247.75,0.595480108590594,0.505902860933623,0.389172416172747,0.71221055335147,-0.183012701892219
248,0.594794945550159,0.504792168396758,0.386725908302204,0.712861205644713,-0.183012701892219
248.25,0.594088608310625,0.503664614085267,0.384274071495321,0.713479150900572,-0.183012701892219
248.5,0.593361150662308,0.502520283866779,0.381817092468963,0.714064342060124,-0.183012701892219
248.75,0.592612628003925,0.501359264886468,0.379355158331597,0.714616734558796,-0.183012701892219
249,0.591843097338373,0.500181645560426,0.376888456569037,0.715136286329762,-0.183012701892219
249.25,0.591052617268393,0.498987515568924,0.374417175030174,0.715622957807143,-0.183012701892219
249.5,0.590241247992102,0.497776965849583,0.371941501912666,0.716076711929019,-0.183012701892219
249.75,0.589409051298413,0.496550088590451,0.369461625748604,0.716497514140261,-0.183012701892219
250,0.588556090562324,0.495306977222983,0.36697773539016,0.716885332395147,-0.183012701892219
250.25,0.587682430740099,0.494047726414921,0.364490019995201,0.717240137159819,-0.183012701892219
250.5,0.586788138364316,0.49277243206309,0.361998669012887,0.717561901414519,-0.183012701892219
250.75,0.585873281538801,0.491481191286092,0.35950387216924,0.717850600655653,-0.183012701892219
251,0.584937929933443,0.490174102416912,0.357005819452699,0.718106212897656,-0.183012701892219
251.25,0.58398215477889,0.488851264995427,0.35450470109965,0.718328718674667,-0.183012701892219
251.5,0.583006028861119,0.48751277976083,0.352000707579939,0.71851810104201,-0.183012701892219
251.75,0.582009626515897,0.486158748643952,0.349494029582367,0.718674345577482,-0.183012701892219
252,0.580993023623122,0.484789274759506,0.346984858000169,0.718797440382459,-0.183012701892219
252.25,0.57995629760104,0.48340446239823,0.344473383916475,0.718887376082795,-0.183012701892219
252.5,0.578899527400351,0.482004417018946,0.34195979858976,0.718944145829537,-0.183012701892219
252.75,0.577822793498197,0.480589245240532,0.339444293439279,0.718967745299449,-0.183012701892219
253,0.576726177892034,0.479159054833796,0.336927060030488,0.718958172695342,-0.183012701892219
253.25,0.575609764093386,0.477713954713276,0.334408290060458,0.718915428746205,-0.183012701892219
253.5,0.574473637121485,0.476254054928941,0.331888175343272,0.718839516707154,-0.183012701892219
253.75,0.573317883496801,0.474779466657811,0.329366907795423,0.718730442359188,-0.183012701892219
254,0.572142591234445,0.473290302195493,0.326844679421198,0.718588214008739,-0.183012701892219
254.25,0.570947849837473,0.471786674947625,0.324321682298053,0.718412842487046,-0.183012701892219
254.5,0.56973375029007,0.470268699421245,0.321798108561984,0.718204341149331,-0.183012701892219
254.75,0.568500385050616,0.468736491216066,0.319274150392905,0.717962725873777,-0.183012701892219
255,0.567247848044649,0.467190167015674,0.31675,0.717688015060323,-0.183012701892219
255.25,0.565976234657711,0.465629844578645,0.314225849607096,0.71738022962926,-0.183012701892219
255.5,0.564685641728086,0.464055642729572,0.311701891438016,0.717039393019642,-0.183012701892219
255.75,0.563376167539421,0.462467681350022,0.309178317701948,0.716665531187496,-0.183012701892219
256,0.562047911813246,0.460866081369402,0.306655320578802,0.716258672603847,-0.183012701892219
256.25,0.560700975701377,0.459250964755751,0.304133092204577,0.715818848252552,-0.183012701892219
256.5,0.559335461778214,0.457622454506453,0.301611824656729,0.715346091627938,-0.183012701892219
256.75,0.557951474032928,0.455980674638867,0.299091709939543,0.714840438732252,-0.183012701892219
257,0.556549117861546,0.454325750180887,0.296572939969512,0.714301928072921,-0.183012701892219
257.25,0.555128500058918,0.452657807161419,0.294055706560721,0.713730600659616,-0.183012701892219
257.5,0.553689728810591,0.45097697260078,0.29154020141024,0.713126500001131,-0.183012701892219
257.75,0.552232913684565,0.44928337450103,0.289026616083526,0.71248967210207,-0.183012701892219
258,0.550758165622954,0.447577141836221,0.286515141999831,0.711820165459344,-0.183012701892219
258.25,0.54926559693353,0.445858404542577,0.284005970417633,0.711118031058475,-0.183012701892219
258.5,0.54775532128118,0.444127293508598,0.281499292420061,0.710383322369716,-0.183012701892219
258.75,0.54622745367924,0.442383940565089,0.27899529890035,0.709616095343979,-0.183012701892219
259,0.544682110480745,0.440628478475129,0.276494180547301,0.708816408408572,-0.183012701892219
259.25,0.543119409369561,0.438861040923951,0.27399612783076,0.707984322462751,-0.183012701892219
259.5,0.541539469351429,0.437081762508768,0.271501330987113,0.707119900873084,-0.183012701892219
259.75,0.539942410744898,0.43529077872852,0.269009980004799,0.706223209468619,-0.183012701892219
260,0.538328355172164,0.433488225973556,0.266522264609841,0.70529431653588,-0.183012701892219
260.25,0.536697425549809,0.431674241515247,0.264038374251396,0.704333292813659,-0.183012701892219
260.5,0.535049746079437,0.429848963495533,0.261558498087334,0.703340211487635,-0.183012701892219
260.75,0.533385442238219,0.428012530916402,0.259082824969826,0.702315148184795,-0.183012701892219
261,0.531704640769336,0.426165083629304,0.256611543430963,0.701258180967677,-0.183012701892219
261.25,0.530007469672328,0.424306762324503,0.254144841668404,0.700169390328428,-0.183012701892219
261.5,0.528294058193345,0.422437708520363,0.251682907531037,0.699048859182671,-0.183012701892219
261.75,0.526564536815304,0.420558064552565,0.24922592850468,0.69789667286319,-0.183012701892219
262,0.524819037247955,0.418667973563276,0.246774091697796,0.696712919113435,-0.183012701892219
262.25,0.523057692417847,0.416767579490242,0.244327583827253,0.695497688080836,-0.183012701892219
262.5,0.521280636458209,0.414857027055829,0.241886591204096,0.694251072309942,-0.183012701892219
262.75,0.519488004698732,0.412936461756003,0.239451299719364,0.69297316673537,-0.183012701892219
263,0.517679933655265,0.411006029849246,0.237021894829933,0.691664068674578,-0.183012701892219
263.25,0.515856561019418,0.409065878345423,0.234598561544391,0.690323877820451,-0.183012701892219
263.5,0.514018025648078,0.407116154994581,0.232181484408948,0.688952696233711,-0.183012701892219
263.75,0.51216446755283,0.405157008275704,0.229770847493389,0.687550628335145,-0.183012701892219
264,0.5102960278893,0.403188587385398,0.227366834377047,0.686117780897651,-0.183012701892219
264.25,0.508412848946402,0.401211042226536,0.224969628134827,0.68465426303811,-0.183012701892219
264.5,0.506515074135504,0.399224523396836,0.222579411323267,0.683160186209073,-0.183012701892219
264.75,0.504602847979506,0.397229182177401,0.220196365966632,0.681635664190275,-0.183012701892219
265,0.502676316101831,0.395225170521189,0.217820673543051,0.68008081307997,-0.183012701892219
265.25,0.500735625215343,0.393212641041446,0.215452514970699,0.67849575128609,-0.183012701892219
265.5,0.498780923111166,0.391191747000084,0.213092070594022,0.676880599517227,-0.183012701892219
265.75,0.496812358647431,0.389162642296008,0.210739520169997,0.675235480773442,-0.183012701892219
266,0.494830081737947,0.387125481453398,0.208395042854447,0.673560520336897,-0.183012701892219
266.25,0.492834243340773,0.385080419609939,0.206058817188398,0.671855845762314,-0.183012701892219
266.5,0.49082499544673,0.383027612505008,0.203731021084478,0.67012158686726,-0.183012701892219
266.75,0.488802491067825,0.380967216467814,0.201411831813372,0.668357875722267,-0.183012701892219
267,0.486766884225598,0.378899388405492,0.199101425990325,0.666564846640765,-0.183012701892219
267.25,0.48471832993939,0.376824285791156,0.196799979561683,0.664742636168863,-0.183012701892219
267.5,0.48265698421454,0.374742066651903,0.194507667791503,0.66289138307494,-0.183012701892219
267.75,0.480583004030508,0.372652889556782,0.192224665248201,0.66101122833909,-0.183012701892219
268,0.478496547328914,0.370556913604719,0.189951145791259,0.659102315142373,-0.183012701892219
268.25,0.476397773001513,0.368454298412396,0.187687282557988,0.65716478885592,-0.183012701892219
268.5,0.474286840878097,0.3663452041021,0.185433247950336,0.655198797029861,-0.183012701892219
268.75,0.472163911714319,0.364229791289531,0.183189213621767,0.653204489382083,-0.183012701892219
269,0.470029147179454,0.362108221071562,0.180955350464181,0.651182017786835,-0.183012701892219
269.25,0.467882709844088,0.359980655013981,0.178731828594908,0.649131536263161,-0.183012701892219
269.5,0.465724763167733,0.35784725513918,0.176518817343747,0.647053200963166,-0.183012701892219
269.75,0.463555471486384,0.355708183913819,0.174316485240072,0.64494717016013,-0.183012701892219
270,0.461375,0.353563604236453,0.172125,0.642813604236453,-0.183012701892219
270.25,0.459183514759928,0.351413679425128,0.169944528513616,0.64065266567144,-0.183012701892219
270.5,0.456981182656253,0.349258573204943,0.167775236832267,0.63846451902893,-0.183012701892219
270.75,0.454768171405092,0.34709844969558,0.165617290155912,0.63624933094476,-0.183012701892219
271,0.452544649535819,0.344933473398807,0.163470852820545,0.634007270114081,-0.183012701892219
271.25,0.450310786378234,0.342763809185951,0.161336088285681,0.631738507278504,-0.183012701892219
271.5,0.448066752049664,0.340589622285343,0.159213159121904,0.629443215213104,-0.183012701892219
271.75,0.445812717442012,0.338411078269732,0.157102226998487,0.627121568713258,-0.183012701892219
272,0.443548854208741,0.336228343043681,0.155003452671087,0.624773744581335,-0.183012701892219
272.25,0.441275334751799,0.334041582830926,0.152916995969492,0.622399921613233,-0.183012701892219
272.5,0.438992332208497,0.331850964161725,0.15084301578546,0.620000280584763,-0.183012701892219
272.75,0.436700020438317,0.329656653860171,0.148781670060611,0.617575004237878,-0.183012701892219
273,0.434398574009676,0.327458819031489,0.146733115774402,0.615124277266762,-0.183012701892219
273.25,0.432088168186627,0.32525762704931,0.144697508932175,0.612648286303763,-0.183012701892219
273.5,0.429768978915523,0.323053245542926,0.14267500455327,0.610147219905179,-0.183012701892219
273.75,0.427441182811603,0.320845842384524,0.140665756659228,0.607621268536899,-0.183012701892219
274,0.425104957145553,0.318635585676399,0.138669918262054,0.605070624559899,-0.183012701892219
274.25,0.422760479830003,0.316422643738159,0.136687641352568,0.602495482215593,-0.183012701892219
274.5,0.420407929405978,0.314207185093898,0.134719076888835,0.599896037611042,-0.183012701892219
274.75,0.418047485029301,0.311989378459372,0.132764374784657,0.597272488704015,-0.183012701892219
275,0.41567932645695,0.30976939272914,0.130823683898168,0.594625035287921,-0.183012701892219
275.25,0.413303634033368,0.307547396963712,0.128897152020494,0.591953878976585,-0.183012701892219
275.5,0.410920588676732,0.305323560376668,0.126984925864496,0.589259223188904,-0.183012701892219
275.75,0.408530371865173,0.303098052321773,0.125087151053598,0.586541273133348,-0.183012701892219
276,0.406133165622954,0.300871042280084,0.1232039721107,0.583800235792338,-0.183012701892219
276.25,0.403729152506611,0.298642699847037,0.12133553244717,0.581036319906478,-0.183012701892219
276.5,0.401318515591052,0.296413194719534,0.119481974351923,0.578249735958664,-0.183012701892219
276.75,0.39890143845561,0.294182696683025,0.117643438980582,0.575440696158053,-0.183012701892219
277,0.396478105170067,0.291951375598569,0.115820066344735,0.572609414423901,-0.183012701892219
277.25,0.394048700280636,0.289719401389907,0.114011995301268,0.569756106369274,-0.183012701892219
277.5,0.391613408795904,0.287486944030515,0.112219363541791,0.566880989284628,-0.183012701892219
277.75,0.389172416172747,0.285254173530666,0.110442307582153,0.56398428212126,-0.183012701892219
278,0.386725908302204,0.283021259924477,0.108680962752045,0.561066205474635,-0.183012701892219
278.25,0.384274071495321,0.280788373256963,0.106935463184696,0.558126981567588,-0.183012701892219
278.5,0.381817092468963,0.278555683571091,0.105205941806655,0.5551668342334,-0.183012701892219
278.75,0.379355158331597,0.276323360894824,0.103492530327672,0.552185988898749,-0.183012701892219
279,0.376888456569037,0.274091575228177,0.101795359230664,0.549184672566549,-0.183012701892219
279.25,0.374417175030174,0.271860496530267,0.100114557761781,0.54616311379866,-0.183012701892219
279.5,0.371941501912666,0.269630294706377,0.0984502539205633,0.54312154269848,-0.183012701892219
279.75,0.369461625748604,0.267401139595011,0.0968025744501912,0.540060190893423,-0.183012701892219
280,0.36697773539016,0.265173200954959,0.0951716448278356,0.536979291517283,-0.183012701892219
280.25,0.364490019995201,0.262946648452376,0.0935575892551021,0.533879079192475,-0.183012701892219
280.5,0.361998669012887,0.260721651647854,0.0919605306485713,0.53075979001217,-0.183012701892219
280.75,0.35950387216924,0.258498379983516,0.0903805906304392,0.527621661522316,-0.183012701892219
281,0.357005819452699,0.256277002770105,0.0888178895192557,0.524464932703549,-0.183012701892219
281.25,0.35450470109965,0.254057689174098,0.0872725463207603,0.521289843952988,-0.183012701892219
281.5,0.352000707579939,0.251840608204817,0.0857446787188205,0.518096637065935,-0.183012701892219
281.75,0.349494029582367,0.249625928701562,0.0842344030664699,0.514885555217459,-0.183012701892219
282,0.346984858000169,0.24741381932075,0.0827418343770465,0.511656842943873,-0.183012701892219
282.25,0.344473383916475,0.245204448523077,0.0812670863154348,0.508410746124117,-0.183012701892219
282.5,0.34195979858976,0.242997984560682,0.0798102711894091,0.505147511961033,-0.183012701892219
282.75,0.339444293439279,0.240794595464339,0.078371499941082,0.501867388962536,-0.183012701892219
283,0.336927060030488,0.238594449030658,0.0769508821384543,0.498570626922691,-0.183012701892219
283.25,0.334408290060458,0.236397712809307,0.0755485259670716,0.495257476902693,-0.183012701892219
283.5,0.331888175343272,0.234204554090257,0.0741645382217861,0.491928191211743,-0.183012701892219
283.75,0.329366907795423,0.232015139891034,0.0727990242986229,0.488583023387834,-0.183012701892219
284,0.326844679421198,0.229829636944005,0.0714520881867537,0.48522222817845,-0.183012701892219
284.25,0.324321682298053,0.227648211683683,0.0701238324605788,0.481846061521157,-0.183012701892219
284.5,0.321798108561984,0.225471030234047,0.0688143582719141,0.478454780524117,-0.183012701892219
284.75,0.319274150392905,0.223298258395892,0.0675237653422886,0.475048643446508,-0.183012701892219
285,0.31675,0.221130061634207,0.0662521519553511,0.471627909678856,-0.183012701892219
285.25,0.314225849607096,0.218966605065569,0.0649996149493841,0.468192839723281,-0.183012701892219
285.5,0.311701891438016,0.216808053445574,0.0637662497099299,0.464743695173659,-0.183012701892219
285.75,0.309178317701948,0.214654571156282,0.0625521501625265,0.461280738695703,-0.183012701892219
286,0.306655320578802,0.212506322193709,0.0613574087655554,0.457804234006955,-0.183012701892219
286.25,0.304133092204577,0.21036347015533,0.0601821165031995,0.454314445856707,-0.183012701892219
286.5,0.301611824656729,0.208226178227624,0.0590263628785145,0.450811640005838,-0.183012701892219
286.75,0.299091709939543,0.206094609173647,0.0578902359066143,0.447296083206576,-0.183012701892219
287,0.296572939969512,0.203968925320635,0.056773822107966,0.443768043182181,-0.183012701892219
287.25,0.294055706560721,0.201849288547642,0.0556772065018028,0.44022778860656,-0.183012701892219
287.5,0.29154020141024,0.199735860273217,0.054600472599649,0.436675589083808,-0.183012701892219
287.75,0.289026616083526,0.197628801443103,0.0535437023989599,0.433111715127669,-0.183012701892219
288,0.286515141999831,0.19552827251799,0.0525069763768778,0.429536438140943,-0.183012701892219
288.25,0.284005970417633,0.193434433461286,0.0514903734841029,0.425950030394817,-0.183012701892219
288.5,0.281499292420061,0.191347443726944,0.0504939711388817,0.422352765008124,-0.183012701892219
288.75,0.27899529890035,0.189267462247311,0.0495178452211104,0.418744915926551,-0.183012701892219
289,0.276494180547301,0.18719464742103,0.0485620700665567,0.415126757901775,-0.183012701892219
289.25,0.27399612783076,0.185129157100976,0.0476267184611994,0.411498566470537,-0.183012701892219
289.5,0.271501330987113,0.183071148582232,0.0467118616356845,0.407860617933661,-0.183012701892219
289.75,0.269009980004799,0.181020778590116,0.0458175692599009,0.404213189335014,-0.183012701892219
290,0.266522264609841,0.178978203268241,0.044943909437676,0.400556558440405,-0.183012701892219
290.25,0.264038374251396,0.176943578166625,0.0440909487015875,0.396891003716434,-0.183012701892219
290.5,0.261558498087334,0.174917058229848,0.0432587520078976,0.393216804309285,-0.183012701892219
290.75,0.259082824969826,0.172898797785249,0.0424473827316068,0.389534240023468,-0.183012701892219
291,0.256611543430963,0.170888950531175,0.0416569026616269,0.385843591300512,-0.183012701892219
291.25,0.254144841668404,0.168887669525275,0.0408873719960755,0.382145139197604,-0.183012701892219
291.5,0.251682907531037,0.166895107172847,0.040138849337692,0.378439165366192,-0.183012701892219
291.75,0.24922592850468,0.164911415215227,0.0394113916893752,0.374725952030532,-0.183012701892219
292,0.246774091697796,0.16293674471824,0.0387050544498413,0.371005781966195,-0.183012701892219
292.25,0.244327583827253,0.160971246060687,0.0380198914094058,0.367278938478534,-0.183012701892219
292.5,0.241886591204096,0.159015068922903,0.037355954745887,0.363545705381112,-0.183012701892219
292.75,0.239451299719364,0.157068362275349,0.0367132950206324,0.359806366974081,-0.183012701892219
293,0.237021894829933,0.155131274367274,0.036091961174668,0.356061208022539,-0.183012701892219
293.25,0.234598561544391,0.153203952715422,0.035492000524972,0.35231051373484,-0.183012701892219
293.5,0.232181484408948,0.151286544092798,0.0349134587608707,0.348554569740875,-0.183012701892219
293.75,0.229770847493389,0.149379194517492,0.0343563799405592,0.344793662070322,-0.183012701892219
294,0.227366834377047,0.14748204924156,0.0338208064877467,0.34102807713086,-0.183012701892219
294.25,0.224969628134827,0.145595252739959,0.0333067791884251,0.337258101686362,-0.183012701892219
294.5,0.222579411323267,0.143718948699548,0.0328143371877633,0.333484022835053,-0.183012701892219
294.75,0.220196365966632,0.141853280008144,0.0323435179871261,0.32970612798765,-0.183012701892219
295,0.217820673543051,0.139998388743641,0.0318943574412188,0.325924704845473,-0.183012701892219
295.25,0.215452514970699,0.13815441616319,0.0314668897553558,0.322140041378534,-0.183012701892219
295.5,0.213092070594022,0.136321502692443,0.0310611474828564,0.318352425803609,-0.183012701892219
295.75,0.210739520169997,0.134499787914857,0.0306771615225656,0.314562146562288,-0.183012701892219
296,0.208395042854447,0.132689410561064,0.0303149611165008,0.310769492299011,-0.183012701892219
296.25,0.206058817188398,0.13089050849831,0.0299745738476253,0.306974751839083,-0.183012701892219
296.5,0.203731021084478,0.129103218719952,0.0296560256377476,0.303178214166682,-0.183012701892219
296.75,0.201411831813372,0.127327677335026,0.0293593407455471,0.299380168402852,-0.183012701892219
297,0.199101425990325,0.125564019557883,0.029084541764727,0.295580903783481,-0.183012701892219
297.25,0.196799979561683,0.12381237969789,0.0288316496222935,0.291780709637279,-0.183012701892219
297.5,0.194507667791503,0.122072891149205,0.0286006835769626,0.287979875363746,-0.183012701892219
297.75,0.192224665248201,0.120345686380616,0.0283916612176928,0.284178690411124,-0.183012701892219
298,0.189951145791259,0.118630896925452,0.0282045984623458,0.280377444254366,-0.183012701892219
298.25,0.187687282557988,0.11692865337157,0.028039509556475,0.276576426373083,-0.183012701892219
298.5,0.185433247950336,0.115239085351408,0.0278964070722395,0.272775926229504,-0.183012701892219
298.75,0.183189213621767,0.11356232153211,0.0277753019074476,0.268976233246429,-0.183012701892219
299,0.180955350464181,0.111898489605734,0.0276762032847266,0.265177636785189,-0.183012701892219
299.25,0.178731828594908,0.110247716279523,0.0275991187508201,0.261380426123611,-0.183012701892219
299.5,0.176518817343747,0.108610127266257,0.0275440541760138,0.25758489043399,-0.183012701892219
299.75,0.174316485240072,0.106985847274679,0.0275110137536884,0.253791318761063,-0.183012701892219
300,0.172125,0.105375,0.0275,0.25,-0.183012701892219
300.25,0.169944528513616,0.103777708114476,0.0275110137536884,0.246211222874404,-0.183012701892219
300.5,0.167775236832267,0.102194093258068,0.0275440541760138,0.242425275914321,-0.183012701892219
300.75,0.165617290155912,0.100624276029178,0.0275991187508201,0.23864244743427,-0.183012701892219
301,0.163470852820545,0.0990683759754679,0.0276762032847265,0.234863025511287,-0.183012701892219
301.25,0.161336088285681,0.0975265115847486,0.0277753019074476,0.231087297962982,-0.183012701892219
301.5,0.159213159121904,0.0959988002759641,0.0278964070722395,0.227315552325628,-0.183012701892219
301.75,0.157102226998487,0.0944853583902451,0.028039509556475,0.223548075832257,-0.183012701892219
302,0.155003452671087,0.0929863011820503,0.0282045984623458,0.219785155390791,-0.183012701892219
302.25,0.152916995969492,0.0915017428103907,0.0283916612176927,0.21602707756219,-0.183012701892219
302.5,0.15084301578546,0.0900317963301335,0.0286006835769626,0.212274128538631,-0.183012701892219
302.75,0.148781670060611,0.0885765736833941,0.0288316496222935,0.208526594121711,-0.183012701892219
303,0.146733115774402,0.0871361856910119,0.0290845417647269,0.204784759700687,-0.183012701892219
303.25,0.144697508932175,0.0857107420441087,0.029359340745547,0.201048910230736,-0.183012701892219
303.5,0.14267500455327,0.0843003512957372,0.0296560256377476,0.19731933021126,-0.183012701892219
303.75,0.140665756659228,0.082905120852613,0.0299745738476253,0.193596303664215,-0.183012701892219
304,0.138669918262054,0.0815251569669369,0.0303149611165008,0.18988011411249,-0.183012701892219
304.25,0.136687641352568,0.0801605647283012,0.0306771615225655,0.186171044558304,-0.183012701892219
304.5,0.134719076888835,0.0788114480556878,0.0310611474828564,0.182469377461666,-0.183012701892219
304.75,0.132764374784657,0.0774779096895553,0.0314668897553558,0.178775394718856,-0.183012701892219
305,0.130823683898168,0.0761600511840129,0.0318943574412188,0.175089377640962,-0.183012701892219
305.25,0.128897152020494,0.0748579728990878,0.0323435179871262,0.171411606932456,-0.183012701892219
305.5,0.126984925864496,0.0735717739930833,0.0328143371877632,0.167742362669816,-0.183012701892219
305.75,0.125087151053598,0.0723015524150254,0.033306779188425,0.164081924280198,-0.183012701892219
306,0.1232039721107,0.0710474048972052,0.0338208064877467,0.160430570520159,-0.183012701892219
306.25,0.12133553244717,0.0698094269478115,0.0343563799405593,0.156788579454423,-0.183012701892219
306.5,0.119481974351923,0.0685877128436587,0.0349134587608707,0.153156228434711,-0.183012701892219
306.75,0.117643438980582,0.0673823556230057,0.035492000524972,0.149533794078615,-0.183012701892219
307,0.115820066344735,0.0661934470784713,0.036091961174668,0.145921552248538,-0.183012701892219
307.25,0.114011995301268,0.0650210777500446,0.0367132950206323,0.142319778030681,-0.183012701892219
307.5,0.112219363541791,0.0638653369181889,0.0373559547458869,0.138728745714093,-0.183012701892219
307.75,0.110442307582153,0.0627263125970428,0.0380198914094058,0.13514872876979,-0.183012701892219
308,0.108680962752045,0.0616040915277189,0.0387050544498413,0.131579999829923,-0.183012701892219
308.25,0.106935463184696,0.060498759171696,0.0394113916893751,0.128022830667017,-0.183012701892219
308.5,0.105205941806655,0.0594103997043125,0.040138849337692,0.124477492173275,-0.183012701892219
308.75,0.103492530327672,0.0583390960083559,0.0408873719960754,0.120944254339952,-0.183012701892219
309,0.101795359230664,0.0572849296677503,0.0416569026616268,0.117423386236787,-0.183012701892219
309.25,0.100114557761781,0.0562479809613437,0.0424473827316067,0.113915155991518,-0.183012701892219
309.5,0.0984502539205633,0.0552283288567947,0.0432587520078976,0.11041983076946,-0.183012701892219
309.75,0.0968025744501912,0.0542260510045592,0.0440909487015874,0.106937676753163,-0.183012701892219
310,0.0951716448278356,0.053241223731976,0.0449439094376759,0.103468959122136,-0.183012701892219
310.25,0.0935575892551021,0.0522739220374545,0.045817569259901,0.100013942032656,-0.183012701892219
310.5,0.0919605306485713,0.0513242195847642,0.0467118616356844,0.0965728885976512,-0.183012701892219
310.75,0.0903805906304392,0.0503921886974237,0.0476267184611993,0.0931460608666636,-0.183012701892219
311,0.0888178895192557,0.0494779003531933,0.0485620700665568,0.0897337198058923,-0.183012701892219
311.25,0.0872725463207603,0.0485814241786707,0.0495178452211103,0.0863361252783207,-0.183012701892219
311.5,0.0857446787188205,0.0477028284439872,0.0504939711388816,0.082953536023926,-0.183012701892219
311.75,0.0842344030664699,0.0468421800576093,0.0514903734841029,0.0795862096399763,-0.183012701892219
312,0.0827418343770465,0.0459995445612444,0.0525069763768777,0.0762344025614132,-0.183012701892219
312.25,0.0812670863154348,0.0451749861248475,0.0535437023989598,0.0728983700413225,-0.183012701892219
312.5,0.0798102711894091,0.044368567541736,0.0546004725996489,0.0695783661314962,-0.183012701892219
312.75,0.078371499941082,0.0435803502238072,0.0556772065018029,0.0662746436630863,-0.183012701892219
313,0.0769508821384543,0.0428103941968616,0.0567738221079659,0.0629874542273501,-0.183012701892219
313.25,0.0755485259670716,0.0420587580960317,0.0578902359066141,0.0597170481564892,-0.183012701892219
313.5,0.0741645382217861,0.0413254991613165,0.0590263628785146,0.056463674504588,-0.183012701892219
313.75,0.0727990242986229,0.0406106732332231,0.0601821165031994,0.0532275810286467,-0.183012701892219
314,0.0714520881867537,0.0399143347485132,0.0613574087655553,0.0500090141697117,-0.183012701892219
314.25,0.0701238324605788,0.0392365367360584,0.0625521501625266,0.0468082190341106,-0.183012701892219
314.5,0.0688143582719141,0.0385773308128018,0.0637662497099298,0.0436254393747861,-0.183012701892219
314.75,0.0675237653422886,0.0379367671798265,0.0649996149493839,0.0404609175727311,-0.183012701892219
315,0.0662521519553511,0.0373148946185332,0.066252151955351,0.0373148946185333,-0.183012701892219
315.25,0.0649996149493841,0.036711760486925,0.0675237653422887,0.0341876100940203,-0.183012701892219
315.5,0.0637662497099299,0.0361274107160014,0.068814358271914,0.0310793021540173,-0.183012701892219
315.75,0.0625521501625265,0.0355618898062597,0.0701238324605787,0.0279902075082075,-0.183012701892219
316,0.0613574087655554,0.0350152408243067,0.0714520881867538,0.0249205614031083,-0.183012701892219
316.25,0.0601821165031995,0.0344875053995789,0.0727990242986228,0.0218705976041556,-0.183012701892219
316.5,0.0590263628785145,0.033978723721172,0.074164538221786,0.0188405483779006,-0.183012701892219
316.75,0.0578902359066143,0.0334889345347806,0.0755485259670717,0.0158306444743232,-0.183012701892219
317,0.056773822107966,0.0330181751397478,0.0769508821384542,0.0128411151092596,-0.183012701892219
317.25,0.0556772065018028,0.0325664813862239,0.0783714999410819,0.00987218794694475,-0.183012701892219
317.5,0.054600472599649,0.032133887672437,0.0798102711894092,0.00692408908267673,-0.183012701892219
317.75,0.0535437023989599,0.0317204269420734,0.0812670863154347,0.00399704302559871,-0.183012701892219
318,0.0525069763768778,0.0313261306817685,0.0827418343770464,0.00109127268159998,-0.183012701892219
318.25,0.0514903734841029,0.0309510289187091,0.0842344030664697,-0.00179300066365774,-0.183012701892219
318.5,0.0504939711388817,0.0305951502183466,0.0857446787188206,-0.0046555573615923,-0.183012701892219
318.75,0.0495178452211104,0.030258521682222,0.0872725463207602,-0.00749617941742775,-0.183012701892219
319,0.0485620700665567,0.0299411689459016,0.0888178895192555,-0.0103146505067972,-0.183012701892219
319.25,0.0476267184611994,0.0296431161770249,0.0903805906304393,-0.013110755992215,-0.183012701892219
319.5,0.0467118616356845,0.0293643860734642,0.0919605306485712,-0.0158842829394224,-0.183012701892219
319.75,0.0458175692599009,0.0291049998615962,0.0935575892551019,-0.0186350201336047,-0.183012701892219
320,0.044943909437676,0.028864977294685,0.0951716448278357,-0.0213627580954747,-0.183012701892219
320.25,0.0440909487015875,0.0286443366513785,0.0968025744501911,-0.0240672890972251,-0.183012701892219
320.5,0.0432587520078976,0.0284430947343158,0.0984502539205631,-0.0267484071783497,-0.183012701892219
320.75,0.0424473827316068,0.0282612668688481,0.100114557761781,-0.0294059081613263,-0.183012701892219
321,0.0416569026616269,0.0280988669018713,0.101795359230664,-0.0320395896671656,-0.183012701892219
321.25,0.0408873719960755,0.0279559072007717,0.103492530327672,-0.0346492511308244,-0.183012701892219
321.5,0.040138849337692,0.027832398652484,0.105205941806655,-0.0372346938164788,-0.183012701892219
321.75,0.0394113916893752,0.0277283506626623,0.106935463184696,-0.0397957208326584,-0.183012701892219
322,0.0387050544498413,0.0276437711549638,0.108680962752045,-0.04233213714724,-0.183012701892219
322.25,0.0380198914094058,0.0275786665704456,0.110442307582153,-0.0448437496023014,-0.183012701892219
322.5,0.037355954745887,0.0275330418670739,0.112219363541791,-0.0473303669288303,-0.183012701892219
322.75,0.0367132950206324,0.0275069005193464,0.114011995301268,-0.0497917997612893,-0.183012701892219
323,0.036091961174668,0.027500244518028,0.115820066344735,-0.052227860652039,-0.183012701892219
323.25,0.035492000524972,0.0275130743699989,0.117643438980582,-0.0546383640856108,-0.183012701892219
323.5,0.0349134587608707,0.0275453890982163,0.119481974351922,-0.0570231264928353,-0.183012701892219
323.75,0.0343563799405592,0.0275971862417884,0.12133553244717,-0.0593819662648225,-0.183012701892219
324,0.0338208064877467,0.0276684618561624,0.1232039721107,-0.0617147037667913,-0.183012701892219
324.25,0.0333067791884251,0.027759210513424,0.125087151053598,-0.0640211613517489,-0.183012701892219
324.5,0.0328143371877633,0.0278694253027119,0.126984925864496,-0.0663011633740205,-0.183012701892219
324.75,0.0323435179871261,0.027999097830743,0.128897152020494,-0.0685545362026251,-0.183012701892219
325,0.0318943574412188,0.0281482182224523,0.130823683898169,-0.0707811082344974,-0.183012701892219
325.25,0.0314668897553558,0.0283167751217447,0.132764374784657,-0.0729807099075562,-0.183012701892219
325.5,0.0310611474828564,0.0285047556923595,0.134719076888834,-0.0751531737136184,-0.183012701892219
325.75,0.0306771615225656,0.0287121456188488,0.136687641352569,-0.0772983342111544,-0.183012701892219
326,0.0303149611165008,0.0289389291076664,0.138669918262053,-0.0794160280378862,-0.183012701892219
326.25,0.0299745738476253,0.0291850888883717,0.140665756659227,-0.0815060939232304,-0.183012701892219
326.5,0.0296560256377476,0.0294506062149445,0.14267500455327,-0.083568372700578,-0.183012701892219
326.75,0.0293593407455471,0.0297354608672123,0.144697508932175,-0.0856027073194151,-0.183012701892219
327,0.029084541764727,0.0300396311523905,0.146733115774402,-0.0876089428572846,-0.183012701892219
327.25,0.0288316496222935,0.0303630939067341,0.14878167006061,-0.0895869265315828,-0.183012701892219
327.5,0.0286006835769626,0.0307058244973023,0.15084301578546,-0.0915365077111951,-0.183012701892219
327.75,0.0283916612176928,0.0310677968238334,0.152916995969492,-0.0934575379279659,-0.183012701892219
328,0.0282045984623458,0.0314489833207334,0.155003452671086,-0.0953498708880071,-0.183012701892219
328.25,0.028039509556475,0.0318493549591748,0.157102226998487,-0.0972133624828375,-0.183012701892219
328.5,0.0278964070722395,0.0322688812493072,0.159213159121903,-0.0990478708003567,-0.183012701892219
328.75,0.0277753019074476,0.0327075302425793,0.161336088285681,-0.100853256135654,-0.183012701892219
329,0.0276762032847266,0.033165268534172,0.163470852820546,-0.102629381001647,-0.183012701892219
329.25,0.0275991187508201,0.0336420612655422,0.165617290155912,-0.10437611013955,-0.183012701892219
329.5,0.0275440541760138,0.0341378721270774,0.167775236832267,-0.106093310529175,-0.183012701892219
329.75,0.0275110137536884,0.034652663360861,0.169944528513616,-0.107780851399067,-0.183012701892219
330,0.0275,0.0351863957635472,0.172125,-0.109438604236453,-0.183012701892219
330.25,0.0275110137536884,0.0357390286893473,0.174316485240072,-0.111066442797036,-0.183012701892219
330.5,0.0275440541760138,0.0363105200531243,0.176518817343747,-0.112664243114609,-0.183012701892219
330.75,0.0275991187508201,0.0369008263335985,0.178731828594908,-0.11423188351049,-0.183012701892219
331,0.0276762032847265,0.0375099025766608,0.180955350464181,-0.115769244602794,-0.183012701892219
331.25,0.0277753019074476,0.0381377023987973,0.183189213621766,-0.117276209315521,-0.183012701892219
331.5,0.0278964070722395,0.038784177990621,0.185433247950336,-0.118752662887476,-0.183012701892219
331.75,0.028039509556475,0.0394492801205125,0.187687282557988,-0.120198492881,-0.183012701892219
332,0.0282045984623458,0.0401329581383697,0.189951145791259,-0.121613589190544,-0.183012701892219
332.25,0.0283916612176927,0.0408351599794646,0.192224665248201,-0.122997844051043,-0.183012701892219
332.5,0.0286006835769626,0.0415558321684081,0.194507667791503,-0.124351152046132,-0.183012701892219
332.75,0.0288316496222935,0.042294919823223,0.196799979561683,-0.125673410116166,-0.183012701892219
333,0.0290845417647269,0.0430523666595229,0.199101425990325,-0.126964517566075,-0.183012701892219
333.25,0.029359340745547,0.0438281149947985,0.201411831813373,-0.128224376073027,-0.183012701892219
333.5,0.0296560256377476,0.0446221057528107,0.203731021084478,-0.129452889693919,-0.183012701892219
333.75,0.0299745738476253,0.0454342784680893,0.206058817188398,-0.130649964872683,-0.183012701892219
334,0.0303149611165008,0.0462645712905376,0.208395042854448,-0.131815510447409,-0.183012701892219
334.25,0.0306771615225655,0.0471129209901424,0.210739520169997,-0.132949437657289,-0.183012701892219
334.5,0.0310611474828564,0.0479792629617895,0.213092070594022,-0.134051660149376,-0.183012701892219
334.75,0.0314668897553558,0.0488635312301839,0.215452514970699,-0.135122093985159,-0.183012701892219
335,0.0318943574412188,0.0497656584548731,0.21782067354305,-0.136160657646958,-0.183012701892219
335.25,0.0323435179871262,0.0506855759353763,0.220196365966632,-0.137167272044129,-0.183012701892219
335.5,0.0328143371877632,0.0516232136164159,0.222579411323268,-0.138141860519088,-0.183012701892219
335.75,0.033306779188425,0.052578500093252,0.224969628134827,-0.13908434885315,-0.183012701892219
336,0.0338208064877467,0.0535513626171209,0.227366834377046,-0.139994665272179,-0.183012701892219
336.25,0.0343563799405593,0.054541727100775,0.229770847493389,-0.140872740452054,-0.183012701892219
336.5,0.0349134587608707,0.0555495181241245,0.232181484408948,-0.141718507523953,-0.183012701892219
336.75,0.035492000524972,0.0565746589399809,0.23459856154439,-0.142531902079437,-0.183012701892219
337,0.036091961174668,0.0576170714799023,0.237021894829933,-0.143312862175362,-0.183012701892219
337.25,0.0367132950206323,0.058676676360138,0.239451299719364,-0.144061328338594,-0.183012701892219
337.5,0.0373559547458869,0.0597533928876736,0.241886591204096,-0.144777243570535,-0.183012701892219
337.75,0.0380198914094058,0.0608471390663771,0.244327583827253,-0.14546055335147,-0.183012701892219
338,0.0387050544498413,0.0619578316032426,0.246774091697796,-0.146111205644712,-0.183012701892219
338.25,0.0394113916893751,0.0630853859147327,0.249225928504679,-0.146729150900572,-0.183012701892219
338.5,0.040138849337692,0.0642297161332212,0.251682907531037,-0.147314342060124,-0.183012701892219
338.75,0.0408873719960754,0.0653907351135319,0.254144841668404,-0.147866734558797,-0.183012701892219
339,0.0416569026616268,0.066568354439574,0.256611543430963,-0.148386286329762,-0.183012701892219
339.25,0.0424473827316067,0.0677624844310764,0.259082824969826,-0.148872957807142,-0.183012701892219
339.5,0.0432587520078976,0.0689730341504172,0.261558498087334,-0.149326711929019,-0.183012701892219
339.75,0.0440909487015874,0.0701999114095487,0.264038374251396,-0.14974751414026,-0.183012701892219
340,0.0449439094376759,0.0714430227770171,0.26652226460984,-0.150135332395147,-0.183012701892219
340.25,0.045817569259901,0.072702273585079,0.269009980004799,-0.150490137159819,-0.183012701892219
340.5,0.0467118616356844,0.0739775679369102,0.271501330987113,-0.150811901414519,-0.183012701892219
340.75,0.0476267184611993,0.0752688087139079,0.27399612783076,-0.151100600655653,-0.183012701892219
341,0.0485620700665568,0.076575897583088,0.276494180547301,-0.151356212897656,-0.183012701892219
341.25,0.0495178452211103,0.0778987350045726,0.27899529890035,-0.151578718674667,-0.183012701892219
341.5,0.0504939711388816,0.07923722023917,0.281499292420061,-0.151768101042009,-0.183012701892219
341.75,0.0514903734841029,0.0805912513560479,0.284005970417633,-0.151924345577482,-0.183012701892219
342,0.0525069763768777,0.0819607252404943,0.286515141999831,-0.152047440382459,-0.183012701892219
342.25,0.0535437023989598,0.0833455376017706,0.289026616083525,-0.152137376082795,-0.183012701892219
342.5,0.0546004725996489,0.0847455829810541,0.29154020141024,-0.152194145829537,-0.183012701892219
342.75,0.0556772065018029,0.0861607547594685,0.294055706560721,-0.152217745299449,-0.183012701892219
343,0.0567738221079659,0.0875909451662043,0.296572939969512,-0.152208172695342,-0.183012701892219
343.25,0.0578902359066141,0.0890360452867242,0.299091709939543,-0.152165428746204,-0.183012701892219
343.5,0.0590263628785146,0.0904959450710594,0.301611824656728,-0.152089516707154,-0.183012701892219
343.75,0.0601821165031994,0.0919705333421894,0.304133092204577,-0.151980442359188,-0.183012701892219
344,0.0613574087655553,0.0934596978045076,0.306655320578802,-0.151838214008739,-0.183012701892219
344.25,0.0625521501625266,0.0949633250523749,0.309178317701948,-0.151662842487046,-0.183012701892219
344.5,0.0637662497099298,0.0964813005787553,0.311701891438016,-0.151454341149331,-0.183012701892219
344.75,0.0649996149493839,0.0980135087839347,0.314225849607095,-0.151212725873777,-0.183012701892219
345,0.066252151955351,0.0995598329843263,0.31675,-0.150938015060323,-0.183012701892219
345.25,0.0675237653422887,0.101120155421356,0.319274150392904,-0.15063022962926,-0.183012701892219
345.5,0.068814358271914,0.102694357270428,0.321798108561984,-0.150289393019642,-0.183012701892219
345.75,0.0701238324605787,0.104282318649978,0.324321682298052,-0.149915531187496,-0.183012701892219
346,0.0714520881867538,0.105883918630598,0.326844679421198,-0.149508672603847,-0.183012701892219
346.25,0.0727990242986228,0.107499035244249,0.329366907795424,-0.149068848252552,-0.183012701892219
346.5,0.074164538221786,0.109127545493548,0.331888175343271,-0.148596091627938,-0.183012701892219
346.75,0.0755485259670717,0.110769325361133,0.334408290060457,-0.148090438732252,-0.183012701892219
347,0.0769508821384542,0.112424249819113,0.336927060030488,-0.147551928072921,-0.183012701892219
347.25,0.0783714999410819,0.114092192838581,0.339444293439279,-0.146980600659616,-0.183012701892219
347.5,0.0798102711894092,0.11577302739922,0.34195979858976,-0.146376500001131,-0.183012701892219
347.75,0.0812670863154347,0.11746662549897,0.344473383916475,-0.14573967210207,-0.183012701892219
348,0.0827418343770464,0.119172858163779,0.346984858000169,-0.145070165459344,-0.183012701892219
348.25,0.0842344030664697,0.120891595457423,0.349494029582367,-0.144368031058475,-0.183012701892219
348.5,0.0857446787188206,0.122622706491402,0.352000707579939,-0.143633322369716,-0.183012701892219
348.75,0.0872725463207602,0.124366059434911,0.35450470109965,-0.142866095343979,-0.183012701892219
349,0.0888178895192555,0.126121521524871,0.357005819452699,-0.142066408408572,-0.183012701892219
349.25,0.0903805906304393,0.127888959076049,0.35950387216924,-0.141234322462751,-0.183012701892219
349.5,0.0919605306485712,0.129668237491232,0.361998669012887,-0.140369900873083,-0.183012701892219
349.75,0.0935575892551019,0.13145922127148,0.364490019995201,-0.139473209468619,-0.183012701892219
350,0.0951716448278357,0.133261774026444,0.366977735390159,-0.13854431653588,-0.183012701892219
350.25,0.0968025744501911,0.135075758484753,0.369461625748604,-0.137583292813659,-0.183012701892219
350.5,0.0984502539205631,0.136901036504467,0.371941501912666,-0.136590211487635,-0.183012701892219
350.75,0.100114557761781,0.138737469083599,0.374417175030174,-0.135565148184794,-0.183012701892219
351,0.101795359230664,0.140584916370696,0.376888456569037,-0.134508180967677,-0.183012701892219
351.25,0.103492530327672,0.142443237675497,0.379355158331596,-0.133419390328428,-0.183012701892219
351.5,0.105205941806655,0.144312291479637,0.381817092468963,-0.132298859182671,-0.183012701892219
351.75,0.106935463184696,0.146191935447435,0.38427407149532,-0.13114667286319,-0.183012701892219
352,0.108680962752045,0.148082026436724,0.386725908302204,-0.129962919113435,-0.183012701892219
352.25,0.110442307582153,0.149982420509758,0.389172416172747,-0.128747688080836,-0.183012701892219
352.5,0.112219363541791,0.151892972944171,0.391613408795904,-0.127501072309942,-0.183012701892219
352.75,0.114011995301268,0.153813538243998,0.394048700280636,-0.12622316673537,-0.183012701892219
353,0.115820066344735,0.155743970150754,0.396478105170067,-0.124914068674578,-0.183012701892219
353.25,0.117643438980582,0.157684121654577,0.398901438455609,-0.12357387782045,-0.183012701892219
353.5,0.119481974351922,0.159633845005419,0.401318515591052,-0.122202696233711,-0.183012701892219
353.75,0.12133553244717,0.161592991724296,0.403729152506611,-0.120800628335145,-0.183012701892219
354,0.1232039721107,0.163561412614602,0.406133165622953,-0.119367780897651,-0.183012701892219
354.25,0.125087151053598,0.165538957773465,0.408530371865173,-0.11790426303811,-0.183012701892219
354.5,0.126984925864496,0.167525476603164,0.410920588676733,-0.116410186209073,-0.183012701892219
354.75,0.128897152020494,0.169520817822599,0.413303634033368,-0.114885664190275,-0.183012701892219
355,0.130823683898169,0.171524829478811,0.41567932645695,-0.11333081307997,-0.183012701892219
355.25,0.132764374784657,0.173537358958555,0.418047485029301,-0.11174575128609,-0.183012701892219
355.5,0.134719076888834,0.175558252999916,0.420407929405978,-0.110130599517227,-0.183012701892219
355.75,0.136687641352569,0.177587357703992,0.422760479830003,-0.108485480773442,-0.183012701892219
356,0.138669918262053,0.179624518546602,0.425104957145553,-0.106810520336897,-0.183012701892219
356.25,0.140665756659227,0.181669580390061,0.427441182811602,-0.105105845762314,-0.183012701892219
356.5,0.14267500455327,0.183722387494992,0.429768978915522,-0.10337158686726,-0.183012701892219
356.75,0.144697508932175,0.185782783532186,0.432088168186628,-0.101607875722267,-0.183012701892219
357,0.146733115774402,0.187850611594508,0.434398574009675,-0.0998148466407655,-0.183012701892219
357.25,0.14878167006061,0.189925714208844,0.436700020438317,-0.0979926361688626,-0.183012701892219
357.5,0.15084301578546,0.192007933348097,0.438992332208497,-0.0961413830749401,-0.183012701892219
357.75,0.152916995969492,0.194097110443218,0.441275334751799,-0.0942612283390897,-0.183012701892219
358,0.155003452671086,0.196193086395281,0.443548854208741,-0.092352315142373,-0.183012701892219
358.25,0.157102226998487,0.198295701587604,0.445812717442012,-0.0904147888559205,-0.183012701892219
358.5,0.159213159121903,0.2004047958979,0.448066752049664,-0.0884487970298609,-0.183012701892219
358.75,0.161336088285681,0.202520208710469,0.450310786378234,-0.0864544893820832,-0.183012701892219
359,0.163470852820546,0.204641778928438,0.452544649535819,-0.0844320177868354,-0.183012701892219
359.25,0.165617290155912,0.206769344986019,0.454768171405092,-0.0823815362631609,-0.183012701892219
359.5,0.167775236832267,0.20890274486082,0.456981182656253,-0.0803032009631659,-0.183012701892219
359.75,0.169944528513616,0.211041816086182,0.459183514759928,-0.0781971701601298,-0.183012701892219
360,0.172125,0.213186395763547,0.461375,-0.0760636042364528,-0.183012701892219
