artifact_state,parameter_match,group,length,dimension,beta,observable,family,boundary,shell_mode,shell_width,delta,count,log_d_count
final_reproduction_candidate,paper_exact_reconstructed_metadata,main,8,256,0.25,sigma_z,eth_nonintegrable,periodic,centred,16,0.0,256,1.0
final_reproduction_candidate,paper_exact_reconstructed_metadata,main,8,256,0.25,sigma_z,eth_nonintegrable,periodic,centred,16,0.0025,247,0.9935459039480847
final_reproduction_candidate,paper_exact_reconstructed_metadata,main,8,256,0.25,sigma_z,eth_nonintegrable,periodic,centred,16,0.005,234,0.9837955899479256
final_reproduction_candidate,paper_exact_reconstructed_metadata,main,8,256,0.25,sigma_z,eth_nonintegrable,periodic,centred,16,0.0075,220,0.9726699641905826
final_reproduction_candidate,paper_exact_reconstructed_metadata,main,8,256,0.25,sigma_z,eth_nonintegrable,periodic,centred,16,0.01,210,0.9642806897082653
final_reproduction_candidate,paper_exact_reconstructed_metadata,main,8,256,0.25,sigma_z,eth_nonintegrable,periodic,centred,16,0.0125,200,0.9554820237218405
final_reproduction_candidate,paper_exact_reconstructed_metadata,main,8,256,0.25,sigma_z,eth_nonintegrable,periodic,centred,16,0.015,191,0.9471786035044686
final_reproduction_candidate,paper_exact_reconstructed_metadata,main,8,256,0.25,sigma_z,eth_nonintegrable,periodic,centred,16,0.0175,181,0.9374807358854007
final_reproduction_candidate,paper_exact_reconstructed_metadata,main,8,256,0.25,sigma_z,eth_nonintegrable,periodic,centred,16,0.02,170,0.9261738670172128
final_reproduction_candidate,paper_exact_reconstructed_metadata,main,8,256,0.25,sigma_z,eth_nonintegrable,periodic,centred,16,0.0225,165,0.9207902767807269
final_reproduction_candidate,paper_exact_reconstructed_metadata,main,8,256,0.25,sigma_z,eth_nonintegrable,periodic,centred,16,0.025,160,0.9152410118609202
final_reproduction_candidate,paper_exact_reconstructed_metadata,main,8,256,0.25,sigma_z,eth_nonintegrable,periodic,centred,16,0.0275,153,0.9071734803365815
final_reproduction_candidate,paper_exact_reconstructed_metadata,main,8,256,0.25,sigma_z,eth_nonintegrable,periodic,centred,16,0.03,142,0.8937183899380853
final_reproduction_candidate,paper_exact_reconstructed_metadata,main,8,256,0.25,sigma_z,eth_nonintegrable,periodic,centred,16,0.0325,134,0.8832611488072215
final_reproduction_candidate,paper_exact_reconstructed_metadata,main,8,256,0.25,sigma_z,eth_nonintegrable,periodic,centred,16,0.035,125,0.870723035582761
final_reproduction_candidate,paper_exact_reconstructed_metadata,main,8,256,0.25,sigma_z,eth_nonintegrable,periodic,centred,16,0.0375,121,0.8648579046593244
final_reproduction_candidate,paper_exact_reconstructed_metadata,main,8,256,0.25,sigma_z,eth_nonintegrable,periodic,centred,16,0.04,114,0.8541112517705928
final_reproduction_candidate,paper_exact_reconstructed_metadata,main,8,256,0.25,sigma_z,eth_nonintegrable,periodic,centred,16,0.0425,109,0.8460230405971157
final_reproduction_candidate,paper_exact_reconstructed_metadata,main,8,256,0.25,sigma_z,eth_nonintegrable,periodic,centred,16,0.045,101,0.8322764353439744
final_reproduction_candidate,paper_exact_reconstructed_metadata,main,8,256,0.25,sigma_z,eth_nonintegrable,periodic,centred,16,0.0475,93,0.817394851388504
final_reproduction_candidate,paper_exact_reconstructed_metadata,main,8,256,0.25,sigma_z,eth_nonintegrable,periodic,centred,16,0.05,88,0.8074289523296623
final_reproduction_candidate,paper_exact_reconstructed_metadata,main,8,256,0.25,sigma_z,eth_nonintegrable,periodic,centred,16,0.0525,83,0.7968799289183657
final_reproduction_candidate,paper_exact_reconstructed_metadata,main,8,256,0.25,sigma_z,eth_nonintegrable,periodic,centred,16,0.055,79,0.7879725935221379
final_reproduction_candidate,paper_exact_reconstructed_metadata,main,8,256,0.25,sigma_z,eth_nonintegrable,periodic,centred,16,0.0575,71,0.7687183899380853
final_reproduction_candidate,paper_exact_reconstructed_metadata,main,8,256,0.25,sigma_z,eth_nonintegrable,periodic,centred,16,0.06,65,0.7527959766285568
final_reproduction_candidate,paper_exact_reconstructed_metadata,main,8,256,0.25,sigma_z,eth_nonintegrable,periodic,centred,16,0.0625,58,0.7322476243909465
final_reproduction_candidate,paper_exact_reconstructed_metadata,main,8,256,0.25,sigma_z,eth_nonintegrable,periodic,centred,16,0.065,57,0.7291112517705928
final_reproduction_candidate,paper_exact_reconstructed_metadata,main,8,256,0.25,sigma_z,eth_nonintegrable,periodic,centred,16,0.0675,54,0.7193609377704336
final_reproduction_candidate,paper_exact_reconstructed_metadata,main,8,256,0.25,sigma_z,eth_nonintegrable,periodic,centred,16,0.07,52,0.7125549647676366
final_reproduction_candidate,paper_exact_reconstructed_metadata,main,8,256,0.25,sigma_z,eth_nonintegrable,periodic,centred,16,0.0725,46,0.6904452445071266
final_reproduction_candidate,paper_exact_reconstructed_metadata,main,8,256,0.25,sigma_z,eth_nonintegrable,periodic,centred,16,0.075,38,0.6559909391804482
final_reproduction_candidate,paper_exact_reconstructed_metadata,main,8,256,0.25,sigma_z,eth_nonintegrable,periodic,centred,16,0.0775,33,0.6305492649198067
final_reproduction_candidate,paper_exact_reconstructed_metadata,main,8,256,0.25,sigma_z,eth_nonintegrable,periodic,centred,16,0.08,32,0.625
final_reproduction_candidate,paper_exact_reconstructed_metadata,main,8,256,0.25,sigma_z,eth_nonintegrable,periodic,centred,16,0.0825,29,0.6072476243909466
final_reproduction_candidate,paper_exact_reconstructed_metadata,main,8,256,0.25,sigma_z,eth_nonintegrable,periodic,centred,16,0.085,27,0.5943609377704336
final_reproduction_candidate,paper_exact_reconstructed_metadata,main,8,256,0.25,sigma_z,eth_nonintegrable,periodic,centred,16,0.08750000000000001,26,0.5875549647676366
final_reproduction_candidate,paper_exact_reconstructed_metadata,main,8,256,0.25,sigma_z,eth_nonintegrable,periodic,centred,16,0.09,24,0.5731203125901446
final_reproduction_candidate,paper_exact_reconstructed_metadata,main,8,256,0.25,sigma_z,eth_nonintegrable,periodic,centred,16,0.0925,24,0.5731203125901446
final_reproduction_candidate,paper_exact_reconstructed_metadata,main,8,256,0.25,sigma_z,eth_nonintegrable,periodic,centred,16,0.095,20,0.5402410118609203
final_reproduction_candidate,paper_exact_reconstructed_metadata,main,8,256,0.25,sigma_z,eth_nonintegrable,periodic,centred,16,0.0975,18,0.521240625180289
final_reproduction_candidate,paper_exact_reconstructed_metadata,main,8,256,0.25,sigma_z,eth_nonintegrable,periodic,centred,16,0.1,16,0.5
final_reproduction_candidate,paper_exact_reconstructed_metadata,main,8,256,0.25,sigma_z,eth_nonintegrable,periodic,centred,16,0.10250000000000001,13,0.4625549647676365
final_reproduction_candidate,paper_exact_reconstructed_metadata,main,8,256,0.25,sigma_z,eth_nonintegrable,periodic,centred,16,0.105,11,0.4324289523296622
final_reproduction_candidate,paper_exact_reconstructed_metadata,main,8,256,0.25,sigma_z,eth_nonintegrable,periodic,centred,16,0.1075,11,0.4324289523296622
final_reproduction_candidate,paper_exact_reconstructed_metadata,main,8,256,0.25,sigma_z,eth_nonintegrable,periodic,centred,16,0.11,11,0.4324289523296622
final_reproduction_candidate,paper_exact_reconstructed_metadata,main,8,256,0.25,sigma_z,eth_nonintegrable,periodic,centred,16,0.1125,11,0.4324289523296622
final_reproduction_candidate,paper_exact_reconstructed_metadata,main,8,256,0.25,sigma_z,eth_nonintegrable,periodic,centred,16,0.115,10,0.41524101186092033
final_reproduction_candidate,paper_exact_reconstructed_metadata,main,8,256,0.25,sigma_z,eth_nonintegrable,periodic,centred,16,0.11750000000000001,10,0.41524101186092033
final_reproduction_candidate,paper_exact_reconstructed_metadata,main,8,256,0.25,sigma_z,eth_nonintegrable,periodic,centred,16,0.12,9,0.3962406251802891
final_reproduction_candidate,paper_exact_reconstructed_metadata,main,8,256,0.25,sigma_z,eth_nonintegrable,periodic,centred,16,0.1225,8,0.375
final_reproduction_candidate,paper_exact_reconstructed_metadata,main,8,256,0.25,sigma_z,eth_nonintegrable,periodic,centred,16,0.125,8,0.375
final_reproduction_candidate,paper_exact_reconstructed_metadata,main,8,256,0.25,sigma_z,eth_nonintegrable,periodic,centred,16,0.1275,8,0.375
final_reproduction_candidate,paper_exact_reconstructed_metadata,main,8,256,0.25,sigma_z,eth_nonintegrable,periodic,centred,16,0.13,7,0.3509193652572005
final_reproduction_candidate,paper_exact_reconstructed_metadata,main,8,256,0.25,sigma_z,eth_nonintegrable,periodic,centred,16,0.1325,7,0.3509193652572005
final_reproduction_candidate,paper_exact_reconstructed_metadata,main,8,256,0.25,sigma_z,eth_nonintegrable,periodic,centred,16,0.135,7,0.3509193652572005
final_reproduction_candidate,paper_exact_reconstructed_metadata,main,8,256,0.25,sigma_z,eth_nonintegrable,periodic,centred,16,0.1375,7,0.3509193652572005
final_reproduction_candidate,paper_exact_reconstructed_metadata,main,8,256,0.25,sigma_z,eth_nonintegrable,periodic,centred,16,0.14,5,0.2902410118609203
final_reproduction_candidate,paper_exact_reconstructed_metadata,main,8,256,0.25,sigma_z,eth_nonintegrable,periodic,centred,16,0.14250000000000002,5,0.2902410118609203
final_reproduction_candidate,paper_exact_reconstructed_metadata,main,8,256,0.25,sigma_z,eth_nonintegrable,periodic,centred,16,0.145,4,0.25
final_reproduction_candidate,paper_exact_reconstructed_metadata,main,8,256,0.25,sigma_z,eth_nonintegrable,periodic,centred,16,0.1475,3,0.19812031259014454
final_reproduction_candidate,paper_exact_reconstructed_metadata,main,8,256,0.25,sigma_z,eth_nonintegrable,periodic,centred,16,0.15,2,0.125
final_reproduction_candidate,paper_exact_reconstructed_metadata,main,8,256,0.25,sigma_z,eth_nonintegrable,periodic,centred,16,0.1525,2,0.125
final_reproduction_candidate,paper_exact_reconstructed_metadata,main,8,256,0.25,sigma_z,eth_nonintegrable,periodic,centred,16,0.155,2,0.125
final_reproduction_candidate,paper_exact_reconstructed_metadata,main,8,256,0.25,sigma_z,eth_nonintegrable,periodic,centred,16,0.1575,2,0.125
final_reproduction_candidate,paper_exact_reconstructed_metadata,main,8,256,0.25,sigma_z,eth_nonintegrable,periodic,centred,16,0.16,2,0.125
final_reproduction_candidate,paper_exact_reconstructed_metadata,main,8,256,0.25,sigma_z,eth_nonintegrable,periodic,centred,16,0.1625,2,0.125
final_reproduction_candidate,paper_exact_reconstructed_metadata,main,8,256,0.25,sigma_z,eth_nonintegrable,periodic,centred,16,0.165,2,0.125
final_reproduction_candidate,paper_exact_reconstructed_metadata,main,8,256,0.25,sigma_z,eth_nonintegrable,periodic,centred,16,0.1675,2,0.125
final_reproduction_candidate,paper_exact_reconstructed_metadata,main,8,256,0.25,sigma_z,eth_nonintegrable,periodic,centred,16,0.17,1,0.0
final_reproduction_candidate,paper_exact_reconstructed_metadata,main,8,256,0.25,sigma_z,eth_integrable,periodic,centred,16,0.0,256,1.0
final_reproduction_candidate,paper_exact_reconstructed_metadata,main,8,256,0.25,sigma_z,eth_integrable,periodic,centred,16,0.0025,252,0.9971599904374896
final_reproduction_candidate,paper_exact_reconstructed_metadata,main,8,256,0.25,sigma_z,eth_integrable,periodic,centred,16,0.005,249,0.9950002415085101
final_reproduction_candidate,paper_exact_reconstructed_metadata,main,8,256,0.25,sigma_z,eth_integrable,periodic,centred,16,0.0075,246,0.992814313167405
final_reproduction_candidate,paper_exact_reconstructed_metadata,main,8,256,0.25,sigma_z,eth_integrable,periodic,centred,16,0.01,243,0.9906015629507227
final_reproduction_candidate,paper_exact_reconstructed_metadata,main,8,256,0.25,sigma_z,eth_integrable,periodic,centred,16,0.0125,240,0.9883613244510648
final_reproduction_candidate,paper_exact_reconstructed_metadata,main,8,256,0.25,sigma_z,eth_integrable,periodic,centred,16,0.015,239,0.9876083509975937
final_reproduction_candidate,paper_exact_reconstructed_metadata,main,8,256,0.25,sigma_z,eth_integrable,periodic,centred,16,0.0175,238,0.9868522204134931
final_reproduction_candidate,paper_exact_reconstructed_metadata,main,8,256,0.25,sigma_z,eth_integrable,periodic,centred,16,0.02,235,0.984564618320625
final_reproduction_candidate,paper_exact_reconstructed_metadata,main,8,256,0.25,sigma_z,eth_integrable,periodic,centred,16,0.0225,234,0.9837955899479256
final_reproduction_candidate,paper_exact_reconstructed_metadata,main,8,256,0.25,sigma_z,eth_integrable,periodic,centred,16,0.025,232,0.9822476243909465
final_reproduction_candidate,paper_exact_reconstructed_metadata,main,8,256,0.25,sigma_z,eth_integrable,periodic,centred,16,0.0275,229,0.9799004735121181
final_reproduction_candidate,paper_exact_reconstructed_metadata,main,8,256,0.25,sigma_z,eth_integrable,periodic,centred,16,0.03,228,0.9791112517705928
final_reproduction_candidate,paper_exact_reconstructed_metadata,main,8,256,0.25,sigma_z,eth_integrable,periodic,centred,16,0.0325,227,0.9783185609113645
final_reproduction_candidate,paper_exact_reconstructed_metadata,main,8,256,0.25,sigma_z,eth_integrable,periodic,centred,16,0.035,224,0.9759193652572005
final_reproduction_candidate,paper_exact_reconstructed_metadata,main,8,256,0.25,sigma_z,eth_integrable,periodic,centred,16,0.0375,223,0.9751124874900381
final_reproduction_candidate,paper_exact_reconstructed_metadata,main,8,256,0.25,sigma_z,eth_integrable,periodic,centred,16,0.04,220,0.9726699641905826
final_reproduction_candidate,paper_exact_reconstructed_metadata,main,8,256,0.25,sigma_z,eth_integrable,periodic,centred,16,0.0425,217,0.9701939040555599
final_reproduction_candidate,paper_exact_reconstructed_metadata,main,8,256,0.25,sigma_z,eth_integrable,periodic,centred,16,0.045,214,0.9676833733001433
final_reproduction_candidate,paper_exact_reconstructed_metadata,main,8,256,0.25,sigma_z,eth_integrable,periodic,centred,16,0.0475,214,0.9676833733001433
final_reproduction_candidate,paper_exact_reconstructed_metadata,main,8,256,0.25,sigma_z,eth_integrable,periodic,centred,16,0.05,209,0.9634198915101103
final_reproduction_candidate,paper_exact_reconstructed_metadata,main,8,256,0.25,sigma_z,eth_integrable,periodic,centred,16,0.0525,208,0.9625549647676366
final_reproduction_candidate,paper_exact_reconstructed_metadata,main,8,256,0.25,sigma_z,eth_integrable,periodic,centred,16,0.055,204,0.9590531677464369
final_reproduction_candidate,paper_exact_reconstructed_metadata,main,8,256,0.25,sigma_z,eth_integrable,periodic,centred,16,0.0575,200,0.9554820237218405
final_reproduction_candidate,paper_exact_reconstructed_metadata,main,8,256,0.25,sigma_z,eth_integrable,periodic,centred,16,0.06,198,0.9536695775099512
final_reproduction_candidate,paper_exact_reconstructed_metadata,main,8,256,0.25,sigma_z,eth_integrable,periodic,centred,16,0.0625,195,0.9509162892187014
final_reproduction_candidate,paper_exact_reconstructed_metadata,main,8,256,0.25,sigma_z,eth_integrable,periodic,centred,16,0.065,193,0.9490571296585101
final_reproduction_candidate,paper_exact_reconstructed_metadata,main,8,256,0.25,sigma_z,eth_integrable,periodic,centred,16,0.0675,191,0.9471786035044686
final_reproduction_candidate,paper_exact_reconstructed_metadata,main,8,256,0.25,sigma_z,eth_integrable,periodic,centred,16,0.07,190,0.9462319510413685
final_reproduction_candidate,paper_exact_reconstructed_metadata,main,8,256,0.25,sigma_z,eth_integrable,periodic,centred,16,0.0725,188,0.9443236064597047
final_reproduction_candidate,paper_exact_reconstructed_metadata,main,8,256,0.25,sigma_z,eth_integrable,periodic,centred,16,0.075,184,0.9404452445071266
final_reproduction_candidate,paper_exact_reconstructed_metadata,main,8,256,0.25,sigma_z,eth_integrable,periodic,centred,16,0.0775,181,0.9374807358854007
final_reproduction_candidate,paper_exact_reconstructed_metadata,main,8,256,0.25,sigma_z,eth_integrable,periodic,centred,16,0.08,180,0.9364816370412093
final_reproduction_candidate,paper_exact_reconstructed_metadata,main,8,256,0.25,sigma_z,eth_integrable,periodic,centred,16,0.0825,179,0.935476972158032
final_reproduction_candidate,paper_exact_reconstructed_metadata,main,8,256,0.25,sigma_z,eth_integrable,periodic,centred,16,0.085,174,0.9303679369810911
final_reproduction_candidate,paper_exact_reconstructed_metadata,main,8,256,0.25,sigma_z,eth_integrable,periodic,centred,16,0.08750000000000001,171,0.9272315643607374
final_reproduction_candidate,paper_exact_reconstructed_metadata,main,8,256,0.25,sigma_z,eth_integrable,periodic,centred,16,0.09,171,0.9272315643607374
final_reproduction_candidate,paper_exact_reconstructed_metadata,main,8,256,0.25,sigma_z,eth_integrable,periodic,centred,16,0.0925,170,0.9261738670172128
final_reproduction_candidate,paper_exact_reconstructed_metadata,main,8,256,0.25,sigma_z,eth_integrable,periodic,centred,16,0.095,168,0.9240396778473451
final_reproduction_candidate,paper_exact_reconstructed_metadata,main,8,256,0.25,sigma_z,eth_integrable,periodic,centred,16,0.0975,167,0.9229630365592566
final_reproduction_candidate,paper_exact_reconstructed_metadata,main,8,256,0.25,sigma_z,eth_integrable,periodic,centred,16,0.1,165,0.9207902767807269
final_reproduction_candidate,paper_exact_reconstructed_metadata,main,8,256,0.25,sigma_z,eth_integrable,periodic,centred,16,0.10250000000000001,163,0.9185910192788848
final_reproduction_candidate,paper_exact_reconstructed_metadata,main,8,256,0.25,sigma_z,eth_integrable,periodic,centred,16,0.105,157,0.9118275936114534
final_reproduction_candidate,paper_exact_reconstructed_metadata,main,8,256,0.25,sigma_z,eth_integrable,periodic,centred,16,0.1075,153,0.9071734803365815
final_reproduction_candidate,paper_exact_reconstructed_metadata,main,8,256,0.25,sigma_z,eth_integrable,periodic,centred,16,0.11,151,0.9048005924156349
final_reproduction_candidate,paper_exact_reconstructed_metadata,main,8,256,0.25,sigma_z,eth_integrable,periodic,centred,16,0.1125,151,0.9048005924156349
final_reproduction_candidate,paper_exact_reconstructed_metadata,main,8,256,0.25,sigma_z,eth_integrable,periodic,centred,16,0.115,150,0.903602336311985
final_reproduction_candidate,paper_exact_reconstructed_metadata,main,8,256,0.25,sigma_z,eth_integrable,periodic,centred,16,0.11750000000000001,148,0.9011816707036187
final_reproduction_candidate,paper_exact_reconstructed_metadata,main,8,256,0.25,sigma_z,eth_integrable,periodic,centred,16,0.12,148,0.9011816707036187
final_reproduction_candidate,paper_exact_reconstructed_metadata,main,8,256,0.25,sigma_z,eth_integrable,periodic,centred,16,0.1225,144,0.8962406251802891
final_reproduction_candidate,paper_exact_reconstructed_metadata,main,8,256,0.25,sigma_z,eth_integrable,periodic,centred,16,0.125,143,0.8949839170972986
final_reproduction_candidate,paper_exact_reconstructed_metadata,main,8,256,0.25,sigma_z,eth_integrable,periodic,centred,16,0.1275,141,0.8924439190498492
final_reproduction_candidate,paper_exact_reconstructed_metadata,main,8,256,0.25,sigma_z,eth_integrable,periodic,centred,16,0.13,137,0.8872540103700659
final_reproduction_candidate,paper_exact_reconstructed_metadata,main,8,256,0.25,sigma_z,eth_integrable,periodic,centred,16,0.1325,135,0.884601949631354
final_reproduction_candidate,paper_exact_reconstructed_metadata,main,8,256,0.25,sigma_z,eth_integrable,periodic,centred,16,0.135,133,0.8819103044376487
final_reproduction_candidate,paper_exact_reconstructed_metadata,main,8,256,0.25,sigma_z,eth_integrable,periodic,centred,16,0.1375,131,0.8791778751921813
final_reproduction_candidate,paper_exact_reconstructed_metadata,main,8,256,0.25,sigma_z,eth_integrable,periodic,centred,16,0.14,129,0.8764034069279067
final_reproduction_candidate,paper_exact_reconstructed_metadata,main,8,256,0.25,sigma_z,eth_integrable,periodic,centred,16,0.14250000000000002,127,0.8735855858465208
final_reproduction_candidate,paper_exact_reconstructed_metadata,main,8,256,0.25,sigma_z,eth_integrable,periodic,centred,16,0.145,126,0.8721599904374896
final_reproduction_candidate,paper_exact_reconstructed_metadata,main,8,256,0.25,sigma_z,eth_integrable,periodic,centred,16,0.1475,126,0.8721599904374896
final_reproduction_candidate,paper_exact_reconstructed_metadata,main,8,256,0.25,sigma_z,eth_integrable,periodic,centred,16,0.15,124,0.8692745387983595
final_reproduction_candidate,paper_exact_reconstructed_metadata,main,8,256,0.25,sigma_z,eth_integrable,periodic,centred,16,0.1525,121,0.8648579046593244
final_reproduction_candidate,paper_exact_reconstructed_metadata,main,8,256,0.25,sigma_z,eth_integrable,periodic,centred,16,0.155,119,0.861852220413493
final_reproduction_candidate,paper_exact_reconstructed_metadata,main,8,256,0.25,sigma_z,eth_integrable,periodic,centred,16,0.1575,118,0.8603303811702302
final_reproduction_candidate,paper_exact_reconstructed_metadata,main,8,256,0.25,sigma_z,eth_integrable,periodic,centred,16,0.16,116,0.8572476243909465
final_reproduction_candidate,paper_exact_reconstructed_metadata,main,8,256,0.25,sigma_z,eth_integrable,periodic,centred,16,0.1625,115,0.855686256368047
final_reproduction_candidate,paper_exact_reconstructed_metadata,main,8,256,0.25,sigma_z,eth_integrable,periodic,centred,16,0.165,113,0.8525223703018986
final_reproduction_candidate,paper_exact_reconstructed_metadata,main,8,256,0.25,sigma_z,eth_integrable,periodic,centred,16,0.1675,112,0.8509193652572005
final_reproduction_candidate,paper_exact_reconstructed_metadata,main,8,256,0.25,sigma_z,eth_integrable,periodic,centred,16,0.17,110,0.8476699641905825
final_reproduction_candidate,paper_exact_reconstructed_metadata,main,8,256,0.75,sigma_z,eth_nonintegrable,periodic,centred,16,0.0,256,1.0
final_reproduction_candidate,paper_exact_reconstructed_metadata,main,8,256,0.75,sigma_z,eth_nonintegrable,periodic,centred,16,0.0025,247,0.9935459039480847
final_reproduction_candidate,paper_exact_reconstructed_metadata,main,8,256,0.75,sigma_z,eth_nonintegrable,periodic,centred,16,0.005,234,0.9837955899479256
final_reproduction_candidate,paper_exact_reconstructed_metadata,main,8,256,0.75,sigma_z,eth_nonintegrable,periodic,centred,16,0.0075,220,0.9726699641905826
final_reproduction_candidate,paper_exact_reconstructed_metadata,main,8,256,0.75,sigma_z,eth_nonintegrable,periodic,centred,16,0.01,210,0.9642806897082653
final_reproduction_candidate,paper_exact_reconstructed_metadata,main,8,256,0.75,sigma_z,eth_nonintegrable,periodic,centred,16,0.0125,200,0.9554820237218405
final_reproduction_candidate,paper_exact_reconstructed_metadata,main,8,256,0.75,sigma_z,eth_nonintegrable,periodic,centred,16,0.015,191,0.9471786035044686
final_reproduction_candidate,paper_exact_reconstructed_metadata,main,8,256,0.75,sigma_z,eth_nonintegrable,periodic,centred,16,0.0175,181,0.9374807358854007
final_reproduction_candidate,paper_exact_reconstructed_metadata,main,8,256,0.75,sigma_z,eth_nonintegrable,periodic,centred,16,0.02,170,0.9261738670172128
final_reproduction_candidate,paper_exact_reconstructed_metadata,main,8,256,0.75,sigma_z,eth_nonintegrable,periodic,centred,16,0.0225,165,0.9207902767807269
final_reproduction_candidate,paper_exact_reconstructed_metadata,main,8,256,0.75,sigma_z,eth_nonintegrable,periodic,centred,16,0.025,160,0.9152410118609202
final_reproduction_candidate,paper_exact_reconstructed_metadata,main,8,256,0.75,sigma_z,eth_nonintegrable,periodic,centred,16,0.0275,153,0.9071734803365815
final_reproduction_candidate,paper_exact_reconstructed_metadata,main,8,256,0.75,sigma_z,eth_nonintegrable,periodic,centred,16,0.03,142,0.8937183899380853
final_reproduction_candidate,paper_exact_reconstructed_metadata,main,8,256,0.75,sigma_z,eth_nonintegrable,periodic,centred,16,0.0325,134,0.8832611488072215
final_reproduction_candidate,paper_exact_reconstructed_metadata,main,8,256,0.75,sigma_z,eth_nonintegrable,periodic,centred,16,0.035,125,0.870723035582761
final_reproduction_candidate,paper_exact_reconstructed_metadata,main,8,256,0.75,sigma_z,eth_nonintegrable,periodic,centred,16,0.0375,121,0.8648579046593244
final_reproduction_candidate,paper_exact_reconstructed_metadata,main,8,256,0.75,sigma_z,eth_nonintegrable,periodic,centred,16,0.04,114,0.8541112517705928
final_reproduction_candidate,paper_exact_reconstructed_metadata,main,8,256,0.75,sigma_z,eth_nonintegrable,periodic,centred,16,0.0425,109,0.8460230405971157
final_reproduction_candidate,paper_exact_reconstructed_metadata,main,8,256,0.75,sigma_z,eth_nonintegrable,periodic,centred,16,0.045,101,0.8322764353439744
final_reproduction_candidate,paper_exact_reconstructed_metadata,main,8,256,0.75,sigma_z,eth_nonintegrable,periodic,centred,16,0.0475,93,0.817394851388504
final_reproduction_candidate,paper_exact_reconstructed_metadata,main,8,256,0.75,sigma_z,eth_nonintegrable,periodic,centred,16,0.05,88,0.8074289523296623
final_reproduction_candidate,paper_exact_reconstructed_metadata,main,8,256,0.75,sigma_z,eth_nonintegrable,periodic,centred,16,0.0525,83,0.7968799289183657
final_reproduction_candidate,paper_exact_reconstructed_metadata,main,8,256,0.75,sigma_z,eth_nonintegrable,periodic,centred,16,0.055,79,0.7879725935221379
final_reproduction_candidate,paper_exact_reconstructed_metadata,main,8,256,0.75,sigma_z,eth_nonintegrable,periodic,centred,16,0.0575,71,0.7687183899380853
final_reproduction_candidate,paper_exact_reconstructed_metadata,main,8,256,0.75,sigma_z,eth_nonintegrable,periodic,centred,16,0.06,65,0.7527959766285568
final_reproduction_candidate,paper_exact_reconstructed_metadata,main,8,256,0.75,sigma_z,eth_nonintegrable,periodic,centred,16,0.0625,58,0.7322476243909465
final_reproduction_candidate,paper_exact_reconstructed_metadata,main,8,256,0.75,sigma_z,eth_nonintegrable,periodic,centred,16,0.065,57,0.7291112517705928
final_reproduction_candidate,paper_exact_reconstructed_metadata,main,8,256,0.75,sigma_z,eth_nonintegrable,periodic,centred,16,0.0675,54,0.7193609377704336
final_reproduction_candidate,paper_exact_reconstructed_metadata,main,8,256,0.75,sigma_z,eth_nonintegrable,periodic,centred,16,0.07,52,0.7125549647676366
final_reproduction_candidate,paper_exact_reconstructed_metadata,main,8,256,0.75,sigma_z,eth_nonintegrable,periodic,centred,16,0.0725,46,0.6904452445071266
final_reproduction_candidate,paper_exact_reconstructed_metadata,main,8,256,0.75,sigma_z,eth_nonintegrable,periodic,centred,16,0.075,38,0.6559909391804482
final_reproduction_candidate,paper_exact_reconstructed_metadata,main,8,256,0.75,sigma_z,eth_nonintegrable,periodic,centred,16,0.0775,33,0.6305492649198067
final_reproduction_candidate,paper_exact_reconstructed_metadata,main,8,256,0.75,sigma_z,eth_nonintegrable,periodic,centred,16,0.08,32,0.625
final_reproduction_candidate,paper_exact_reconstructed_metadata,main,8,256,0.75,sigma_z,eth_nonintegrable,periodic,centred,16,0.0825,29,0.6072476243909466
final_reproduction_candidate,paper_exact_reconstructed_metadata,main,8,256,0.75,sigma_z,eth_nonintegrable,periodic,centred,16,0.085,27,0.5943609377704336
final_reproduction_candidate,paper_exact_reconstructed_metadata,main,8,256,0.75,sigma_z,eth_nonintegrable,periodic,centred,16,0.08750000000000001,26,0.5875549647676366
final_reproduction_candidate,paper_exact_reconstructed_metadata,main,8,256,0.75,sigma_z,eth_nonintegrable,periodic,centred,16,0.09,24,0.5731203125901446
final_reproduction_candidate,paper_exact_reconstructed_metadata,main,8,256,0.75,sigma_z,eth_nonintegrable,periodic,centred,16,0.0925,24,0.5731203125901446
final_reproduction_candidate,paper_exact_reconstructed_metadata,main,8,256,0.75,sigma_z,eth_nonintegrable,periodic,centred,16,0.095,20,0.5402410118609203
final_reproduction_candidate,paper_exact_reconstructed_metadata,main,8,256,0.75,sigma_z,eth_nonintegrable,periodic,centred,16,0.0975,18,0.521240625180289
final_reproduction_candidate,paper_exact_reconstructed_metadata,main,8,256,0.75,sigma_z,eth_nonintegrable,periodic,centred,16,0.1,16,0.5
final_reproduction_candidate,paper_exact_reconstructed_metadata,main,8,256,0.75,sigma_z,eth_nonintegrable,periodic,centred,16,0.10250000000000001,13,0.4625549647676365
final_reproduction_candidate,paper_exact_reconstructed_metadata,main,8,256,0.75,sigma_z,eth_nonintegrable,periodic,centred,16,0.105,11,0.4324289523296622
final_reproduction_candidate,paper_exact_reconstructed_metadata,main,8,256,0.75,sigma_z,eth_nonintegrable,periodic,centred,16,0.1075,11,0.4324289523296622
final_reproduction_candidate,paper_exact_reconstructed_metadata,main,8,256,0.75,sigma_z,eth_nonintegrable,periodic,centred,16,0.11,11,0.4324289523296622
final_reproduction_candidate,paper_exact_reconstructed_metadata,main,8,256,0.75,sigma_z,eth_nonintegrable,periodic,centred,16,0.1125,11,0.4324289523296622
final_reproduction_candidate,paper_exact_reconstructed_metadata,main,8,256,0.75,sigma_z,eth_nonintegrable,periodic,centred,16,0.115,10,0.41524101186092033
final_reproduction_candidate,paper_exact_reconstructed_metadata,main,8,256,0.75,sigma_z,eth_nonintegrable,periodic,centred,16,0.11750000000000001,10,0.41524101186092033
final_reproduction_candidate,paper_exact_reconstructed_metadata,main,8,256,0.75,sigma_z,eth_nonintegrable,periodic,centred,16,0.12,9,0.3962406251802891
final_reproduction_candidate,paper_exact_reconstructed_metadata,main,8,256,0.75,sigma_z,eth_nonintegrable,periodic,centred,16,0.1225,8,0.375
final_reproduction_candidate,paper_exact_reconstructed_metadata,main,8,256,0.75,sigma_z,eth_nonintegrable,periodic,centred,16,0.125,8,0.375
final_reproduction_candidate,paper_exact_reconstructed_metadata,main,8,256,0.75,sigma_z,eth_nonintegrable,periodic,centred,16,0.1275,8,0.375
final_reproduction_candidate,paper_exact_reconstructed_metadata,main,8,256,0.75,sigma_z,eth_nonintegrable,periodic,centred,16,0.13,7,0.3509193652572005
final_reproduction_candidate,paper_exact_reconstructed_metadata,main,8,256,0.75,sigma_z,eth_nonintegrable,periodic,centred,16,0.1325,7,0.3509193652572005
final_reproduction_candidate,paper_exact_reconstructed_metadata,main,8,256,0.75,sigma_z,eth_nonintegrable,periodic,centred,16,0.135,7,0.3509193652572005
final_reproduction_candidate,paper_exact_reconstructed_metadata,main,8,256,0.75,sigma_z,eth_nonintegrable,periodic,centred,16,0.1375,7,0.3509193652572005
final_reproduction_candidate,paper_exact_reconstructed_metadata,main,8,256,0.75,sigma_z,eth_nonintegrable,periodic,centred,16,0.14,5,0.2902410118609203
final_reproduction_candidate,paper_exact_reconstructed_metadata,main,8,256,0.75,sigma_z,eth_nonintegrable,periodic,centred,16,0.14250000000000002,5,0.2902410118609203
final_reproduction_candidate,paper_exact_reconstructed_metadata,main,8,256,0.75,sigma_z,eth_nonintegrable,periodic,centred,16,0.145,4,0.25
final_reproduction_candidate,paper_exact_reconstructed_metadata,main,8,256,0.75,sigma_z,eth_nonintegrable,periodic,centred,16,0.1475,3,0.19812031259014454
final_reproduction_candidate,paper_exact_reconstructed_metadata,main,8,256,0.75,sigma_z,eth_nonintegrable,periodic,centred,16,0.15,2,0.125
final_reproduction_candidate,paper_exact_reconstructed_metadata,main,8,256,0.75,sigma_z,eth_nonintegrable,periodic,centred,16,0.1525,2,0.125
final_reproduction_candidate,paper_exact_reconstructed_metadata,main,8,256,0.75,sigma_z,eth_nonintegrable,periodic,centred,16,0.155,2,0.125
final_reproduction_candidate,paper_exact_reconstructed_metadata,main,8,256,0.75,sigma_z,eth_nonintegrable,periodic,centred,16,0.1575,2,0.125
final_reproduction_candidate,paper_exact_reconstructed_metadata,main,8,256,0.75,sigma_z,eth_nonintegrable,periodic,centred,16,0.16,2,0.125
final_reproduction_candidate,paper_exact_reconstructed_metadata,main,8,256,0.75,sigma_z,eth_nonintegrable,periodic,centred,16,0.1625,2,0.125
final_reproduction_candidate,paper_exact_reconstructed_metadata,main,8,256,0.75,sigma_z,eth_nonintegrable,periodic,centred,16,0.165,2,0.125
final_reproduction_candidate,paper_exact_reconstructed_metadata,main,8,256,0.75,sigma_z,eth_nonintegrable,periodic,centred,16,0.1675,2,0.125
final_reproduction_candidate,paper_exact_reconstructed_metadata,main,8,256,0.75,sigma_z,eth_nonintegrable,periodic,centred,16,0.17,1,0.0
final_reproduction_candidate,paper_exact_reconstructed_metadata,main,8,256,0.75,sigma_z,eth_integrable,periodic,centred,16,0.0,256,1.0
final_reproduction_candidate,paper_exact_reconstructed_metadata,main,8,256,0.75,sigma_z,eth_integrable,periodic,centred,16,0.0025,252,0.9971599904374896
final_reproduction_candidate,paper_exact_reconstructed_metadata,main,8,256,0.75,sigma_z,eth_integrable,periodic,centred,16,0.005,249,0.9950002415085101
final_reproduction_candidate,paper_exact_reconstructed_metadata,main,8,256,0.75,sigma_z,eth_integrable,periodic,centred,16,0.0075,246,0.992814313167405
final_reproduction_candidate,paper_exact_reconstructed_metadata,main,8,256,0.75,sigma_z,eth_integrable,periodic,centred,16,0.01,243,0.9906015629507227
final_reproduction_candidate,paper_exact_reconstructed_metadata,main,8,256,0.75,sigma_z,eth_integrable,periodic,centred,16,0.0125,240,0.9883613244510648
final_reproduction_candidate,paper_exact_reconstructed_metadata,main,8,256,0.75,sigma_z,eth_integrable,periodic,centred,16,0.015,239,0.9876083509975937
final_reproduction_candidate,paper_exact_reconstructed_metadata,main,8,256,0.75,sigma_z,eth_integrable,periodic,centred,16,0.0175,238,0.9868522204134931
final_reproduction_candidate,paper_exact_reconstructed_metadata,main,8,256,0.75,sigma_z,eth_integrable,periodic,centred,16,0.02,235,0.984564618320625
final_reproduction_candidate,paper_exact_reconstructed_metadata,main,8,256,0.75,sigma_z,eth_integrable,periodic,centred,16,0.0225,234,0.9837955899479256
final_reproduction_candidate,paper_exact_reconstructed_metadata,main,8,256,0.75,sigma_z,eth_integrable,periodic,centred,16,0.025,232,0.9822476243909465
final_reproduction_candidate,paper_exact_reconstructed_metadata,main,8,256,0.75,sigma_z,eth_integrable,periodic,centred,16,0.0275,229,0.9799004735121181
final_reproduction_candidate,paper_exact_reconstructed_metadata,main,8,256,0.75,sigma_z,eth_integrable,periodic,centred,16,0.03,228,0.9791112517705928
final_reproduction_candidate,paper_exact_reconstructed_metadata,main,8,256,0.75,sigma_z,eth_integrable,periodic,centred,16,0.0325,227,0.9783185609113645
final_reproduction_candidate,paper_exact_reconstructed_metadata,main,8,256,0.75,sigma_z,eth_integrable,periodic,centred,16,0.035,224,0.9759193652572005
final_reproduction_candidate,paper_exact_reconstructed_metadata,main,8,256,0.75,sigma_z,eth_integrable,periodic,centred,16,0.0375,223,0.9751124874900381
final_reproduction_candidate,paper_exact_reconstructed_metadata,main,8,256,0.75,sigma_z,eth_integrable,periodic,centred,16,0.04,220,0.9726699641905826
final_reproduction_candidate,paper_exact_reconstructed_metadata,main,8,256,0.75,sigma_z,eth_integrable,periodic,centred,16,0.0425,217,0.9701939040555599
final_reproduction_candidate,paper_exact_reconstructed_metadata,main,8,256,0.75,sigma_z,eth_integrable,periodic,centred,16,0.045,214,0.9676833733001433
final_reproduction_candidate,paper_exact_reconstructed_metadata,main,8,256,0.75,sigma_z,eth_integrable,periodic,centred,16,0.0475,214,0.9676833733001433
final_reproduction_candidate,paper_exact_reconstructed_metadata,main,8,256,0.75,sigma_z,eth_integrable,periodic,centred,16,0.05,209,0.9634198915101103
final_reproduction_candidate,paper_exact_reconstructed_metadata,main,8,256,0.75,sigma_z,eth_integrable,periodic,centred,16,0.0525,208,0.9625549647676366
final_reproduction_candidate,paper_exact_reconstructed_metadata,main,8,256,0.75,sigma_z,eth_integrable,periodic,centred,16,0.055,204,0.9590531677464369
final_reproduction_candidate,paper_exact_reconstructed_metadata,main,8,256,0.75,sigma_z,eth_integrable,periodic,centred,16,0.0575,200,0.9554820237218405
final_reproduction_candidate,paper_exact_reconstructed_metadata,main,8,256,0.75,sigma_z,eth_integrable,periodic,centred,16,0.06,198,0.9536695775099512
final_reproduction_candidate,paper_exact_reconstructed_metadata,main,8,256,0.75,sigma_z,eth_integrable,periodic,centred,16,0.0625,195,0.9509162892187014
final_reproduction_candidate,paper_exact_reconstructed_metadata,main,8,256,0.75,sigma_z,eth_integrable,periodic,centred,16,0.065,193,0.9490571296585101
final_reproduction_candidate,paper_exact_reconstructed_metadata,main,8,256,0.75,sigma_z,eth_integrable,periodic,centred,16,0.0675,191,0.9471786035044686
final_reproduction_candidate,paper_exact_reconstructed_metadata,main,8,256,0.75,sigma_z,eth_integrable,periodic,centred,16,0.07,190,0.9462319510413685
final_reproduction_candidate,paper_exact_reconstructed_metadata,main,8,256,0.75,sigma_z,eth_integrable,periodic,centred,16,0.0725,188,0.9443236064597047
final_reproduction_candidate,paper_exact_reconstructed_metadata,main,8,256,0.75,sigma_z,eth_integrable,periodic,centred,16,0.075,184,0.9404452445071266
final_reproduction_candidate,paper_exact_reconstructed_metadata,main,8,256,0.75,sigma_z,eth_integrable,periodic,centred,16,0.0775,181,0.9374807358854007
final_reproduction_candidate,paper_exact_reconstructed_metadata,main,8,256,0.75,sigma_z,eth_integrable,periodic,centred,16,0.08,180,0.9364816370412093
final_reproduction_candidate,paper_exact_reconstructed_metadata,main,8,256,0.75,sigma_z,eth_integrable,periodic,centred,16,0.0825,179,0.935476972158032
final_reproduction_candidate,paper_exact_reconstructed_metadata,main,8,256,0.75,sigma_z,eth_integrable,periodic,centred,16,0.085,174,0.9303679369810911
final_reproduction_candidate,paper_exact_reconstructed_metadata,main,8,256,0.75,sigma_z,eth_integrable,periodic,centred,16,0.08750000000000001,171,0.9272315643607374
final_reproduction_candidate,paper_exact_reconstructed_metadata,main,8,256,0.75,sigma_z,eth_integrable,periodic,centred,16,0.09,171,0.9272315643607374
final_reproduction_candidate,paper_exact_reconstructed_metadata,main,8,256,0.75,sigma_z,eth_integrable,periodic,centred,16,0.0925,170,0.9261738670172128
final_reproduction_candidate,paper_exact_reconstructed_metadata,main,8,256,0.75,sigma_z,eth_integrable,periodic,centred,16,0.095,168,0.9240396778473451
final_reproduction_candidate,paper_exact_reconstructed_metadata,main,8,256,0.75,sigma_z,eth_integrable,periodic,centred,16,0.0975,167,0.9229630365592566
final_reproduction_candidate,paper_exact_reconstructed_metadata,main,8,256,0.75,sigma_z,eth_integrable,periodic,centred,16,0.1,165,0.9207902767807269
final_reproduction_candidate,paper_exact_reconstructed_metadata,main,8,256,0.75,sigma_z,eth_integrable,periodic,centred,16,0.10250000000000001,163,0.9185910192788848
final_reproduction_candidate,paper_exact_reconstructed_metadata,main,8,256,0.75,sigma_z,eth_integrable,periodic,centred,16,0.105,157,0.9118275936114534
final_reproduction_candidate,paper_exact_reconstructed_metadata,main,8,256,0.75,sigma_z,eth_integrable,periodic,centred,16,0.1075,153,0.9071734803365815
final_reproduction_candidate,paper_exact_reconstructed_metadata,main,8,256,0.75,sigma_z,eth_integrable,periodic,centred,16,0.11,151,0.9048005924156349
final_reproduction_candidate,paper_exact_reconstructed_metadata,main,8,256,0.75,sigma_z,eth_integrable,periodic,centred,16,0.1125,151,0.9048005924156349
final_reproduction_candidate,paper_exact_reconstructed_metadata,main,8,256,0.75,sigma_z,eth_integrable,periodic,centred,16,0.115,150,0.903602336311985
final_reproduction_candidate,paper_exact_reconstructed_metadata,main,8,256,0.75,sigma_z,eth_integrable,periodic,centred,16,0.11750000000000001,148,0.9011816707036187
final_reproduction_candidate,paper_exact_reconstructed_metadata,main,8,256,0.75,sigma_z,eth_integrable,periodic,centred,16,0.12,148,0.9011816707036187
final_reproduction_candidate,paper_exact_reconstructed_metadata,main,8,256,0.75,sigma_z,eth_integrable,periodic,centred,16,0.1225,144,0.8962406251802891
final_reproduction_candidate,paper_exact_reconstructed_metadata,main,8,256,0.75,sigma_z,eth_integrable,periodic,centred,16,0.125,143,0.8949839170972986
final_reproduction_candidate,paper_exact_reconstructed_metadata,main,8,256,0.75,sigma_z,eth_integrable,periodic,centred,16,0.1275,141,0.8924439190498492
final_reproduction_candidate,paper_exact_reconstructed_metadata,main,8,256,0.75,sigma_z,eth_integrable,periodic,centred,16,0.13,137,0.8872540103700659
final_reproduction_candidate,paper_exact_reconstructed_metadata,main,8,256,0.75,sigma_z,eth_integrable,periodic,centred,16,0.1325,135,0.884601949631354
final_reproduction_candidate,paper_exact_reconstructed_metadata,main,8,256,0.75,sigma_z,eth_integrable,periodic,centred,16,0.135,133,0.8819103044376487
final_reproduction_candidate,paper_exact_reconstructed_metadata,main,8,256,0.75,sigma_z,eth_integrable,periodic,centred,16,0.1375,131,0.8791778751921813
final_reproduction_candidate,paper_exact_reconstructed_metadata,main,8,256,0.75,sigma_z,eth_integrable,periodic,centred,16,0.14,129,0.8764034069279067
final_reproduction_candidate,paper_exact_reconstructed_metadata,main,8,256,0.75,sigma_z,eth_integrable,periodic,centred,16,0.14250000000000002,127,0.8735855858465208
final_reproduction_candidate,paper_exact_reconstructed_metadata,main,8,256,0.75,sigma_z,eth_integrable,periodic,centred,16,0.145,126,0.8721599904374896
final_reproduction_candidate,paper_exact_reconstructed_metadata,main,8,256,0.75,sigma_z,eth_integrable,periodic,centred,16,0.1475,126,0.8721599904374896
final_reproduction_candidate,paper_exact_reconstructed_metadata,main,8,256,0.75,sigma_z,eth_integrable,periodic,centred,16,0.15,124,0.8692745387983595
final_reproduction_candidate,paper_exact_reconstructed_metadata,main,8,256,0.75,sigma_z,eth_integrable,periodic,centred,16,0.1525,121,0.8648579046593244
final_reproduction_candidate,paper_exact_reconstructed_metadata,main,8,256,0.75,sigma_z,eth_integrable,periodic,centred,16,0.155,119,0.861852220413493
final_reproduction_candidate,paper_exact_reconstructed_metadata,main,8,256,0.75,sigma_z,eth_integrable,periodic,centred,16,0.1575,118,0.8603303811702302
final_reproduction_candidate,paper_exact_reconstructed_metadata,main,8,256,0.75,sigma_z,eth_integrable,periodic,centred,16,0.16,116,0.8572476243909465
final_reproduction_candidate,paper_exact_reconstructed_metadata,main,8,256,0.75,sigma_z,eth_integrable,periodic,centred,16,0.1625,115,0.855686256368047
final_reproduction_candidate,paper_exact_reconstructed_metadata,main,8,256,0.75,sigma_z,eth_integrable,periodic,centred,16,0.165,113,0.8525223703018986
final_reproduction_candidate,paper_exact_reconstructed_metadata,main,8,256,0.75,sigma_z,eth_integrable,periodic,centred,16,0.1675,112,0.8509193652572005
final_reproduction_candidate,paper_exact_reconstructed_metadata,main,8,256,0.75,sigma_z,eth_integrable,periodic,centred,16,0.17,110,0.8476699641905825
final_reproduction_candidate,paper_exact_reconstructed_metadata,main,8,256,1.75,sigma_z,eth_nonintegrable,periodic,centred,16,0.0,256,1.0
final_reproduction_candidate,paper_exact_reconstructed_metadata,main,8,256,1.75,sigma_z,eth_nonintegrable,periodic,centred,16,0.0025,247,0.9935459039480847
final_reproduction_candidate,paper_exact_reconstructed_metadata,main,8,256,1.75,sigma_z,eth_nonintegrable,periodic,centred,16,0.005,234,0.9837955899479256
final_reproduction_candidate,paper_exact_reconstructed_metadata,main,8,256,1.75,sigma_z,eth_nonintegrable,periodic,centred,16,0.0075,220,0.9726699641905826
final_reproduction_candidate,paper_exact_reconstructed_metadata,main,8,256,1.75,sigma_z,eth_nonintegrable,periodic,centred,16,0.01,210,0.9642806897082653
final_reproduction_candidate,paper_exact_reconstructed_metadata,main,8,256,1.75,sigma_z,eth_nonintegrable,periodic,centred,16,0.0125,200,0.9554820237218405
final_reproduction_candidate,paper_exact_reconstructed_metadata,main,8,256,1.75,sigma_z,eth_nonintegrable,periodic,centred,16,0.015,191,0.9471786035044686
final_reproduction_candidate,paper_exact_reconstructed_metadata,main,8,256,1.75,sigma_z,eth_nonintegrable,periodic,centred,16,0.0175,181,0.9374807358854007
final_reproduction_candidate,paper_exact_reconstructed_metadata,main,8,256,1.75,sigma_z,eth_nonintegrable,periodic,centred,16,0.02,170,0.9261738670172128
final_reproduction_candidate,paper_exact_reconstructed_metadata,main,8,256,1.75,sigma_z,eth_nonintegrable,periodic,centred,16,0.0225,165,0.9207902767807269
final_reproduction_candidate,paper_exact_reconstructed_metadata,main,8,256,1.75,sigma_z,eth_nonintegrable,periodic,centred,16,0.025,160,0.9152410118609202
final_reproduction_candidate,paper_exact_reconstructed_metadata,main,8,256,1.75,sigma_z,eth_nonintegrable,periodic,centred,16,0.0275,153,0.9071734803365815
final_reproduction_candidate,paper_exact_reconstructed_metadata,main,8,256,1.75,sigma_z,eth_nonintegrable,periodic,centred,16,0.03,142,0.8937183899380853
final_reproduction_candidate,paper_exact_reconstructed_metadata,main,8,256,1.75,sigma_z,eth_nonintegrable,periodic,centred,16,0.0325,134,0.8832611488072215
final_reproduction_candidate,paper_exact_reconstructed_metadata,main,8,256,1.75,sigma_z,eth_nonintegrable,periodic,centred,16,0.035,125,0.870723035582761
final_reproduction_candidate,paper_exact_reconstructed_metadata,main,8,256,1.75,sigma_z,eth_nonintegrable,periodic,centred,16,0.0375,121,0.8648579046593244
final_reproduction_candidate,paper_exact_reconstructed_metadata,main,8,256,1.75,sigma_z,eth_nonintegrable,periodic,centred,16,0.04,114,0.8541112517705928
final_reproduction_candidate,paper_exact_reconstructed_metadata,main,8,256,1.75,sigma_z,eth_nonintegrable,periodic,centred,16,0.0425,109,0.8460230405971157
final_reproduction_candidate,paper_exact_reconstructed_metadata,main,8,256,1.75,sigma_z,eth_nonintegrable,periodic,centred,16,0.045,101,0.8322764353439744
final_reproduction_candidate,paper_exact_reconstructed_metadata,main,8,256,1.75,sigma_z,eth_nonintegrable,periodic,centred,16,0.0475,93,0.817394851388504
final_reproduction_candidate,paper_exact_reconstructed_metadata,main,8,256,1.75,sigma_z,eth_nonintegrable,periodic,centred,16,0.05,88,0.8074289523296623
final_reproduction_candidate,paper_exact_reconstructed_metadata,main,8,256,1.75,sigma_z,eth_nonintegrable,periodic,centred,16,0.0525,83,0.7968799289183657
final_reproduction_candidate,paper_exact_reconstructed_metadata,main,8,256,1.75,sigma_z,eth_nonintegrable,periodic,centred,16,0.055,79,0.7879725935221379
final_reproduction_candidate,paper_exact_reconstructed_metadata,main,8,256,1.75,sigma_z,eth_nonintegrable,periodic,centred,16,0.0575,71,0.7687183899380853
final_reproduction_candidate,paper_exact_reconstructed_metadata,main,8,256,1.75,sigma_z,eth_nonintegrable,periodic,centred,16,0.06,65,0.7527959766285568
final_reproduction_candidate,paper_exact_reconstructed_metadata,main,8,256,1.75,sigma_z,eth_nonintegrable,periodic,centred,16,0.0625,58,0.7322476243909465
final_reproduction_candidate,paper_exact_reconstructed_metadata,main,8,256,1.75,sigma_z,eth_nonintegrable,periodic,centred,16,0.065,57,0.7291112517705928
final_reproduction_candidate,paper_exact_reconstructed_metadata,main,8,256,1.75,sigma_z,eth_nonintegrable,periodic,centred,16,0.0675,54,0.7193609377704336
final_reproduction_candidate,paper_exact_reconstructed_metadata,main,8,256,1.75,sigma_z,eth_nonintegrable,periodic,centred,16,0.07,52,0.7125549647676366
final_reproduction_candidate,paper_exact_reconstructed_metadata,main,8,256,1.75,sigma_z,eth_nonintegrable,periodic,centred,16,0.0725,46,0.6904452445071266
final_reproduction_candidate,paper_exact_reconstructed_metadata,main,8,256,1.75,sigma_z,eth_nonintegrable,periodic,centred,16,0.075,38,0.6559909391804482
final_reproduction_candidate,paper_exact_reconstructed_metadata,main,8,256,1.75,sigma_z,eth_nonintegrable,periodic,centred,16,0.0775,33,0.6305492649198067
final_reproduction_candidate,paper_exact_reconstructed_metadata,main,8,256,1.75,sigma_z,eth_nonintegrable,periodic,centred,16,0.08,32,0.625
final_reproduction_candidate,paper_exact_reconstructed_metadata,main,8,256,1.75,sigma_z,eth_nonintegrable,periodic,centred,16,0.0825,29,0.6072476243909466
final_reproduction_candidate,paper_exact_reconstructed_metadata,main,8,256,1.75,sigma_z,eth_nonintegrable,periodic,centred,16,0.085,27,0.5943609377704336
final_reproduction_candidate,paper_exact_reconstructed_metadata,main,8,256,1.75,sigma_z,eth_nonintegrable,periodic,centred,16,0.08750000000000001,26,0.5875549647676366
final_reproduction_candidate,paper_exact_reconstructed_metadata,main,8,256,1.75,sigma_z,eth_nonintegrable,periodic,centred,16,0.09,24,0.5731203125901446
final_reproduction_candidate,paper_exact_reconstructed_metadata,main,8,256,1.75,sigma_z,eth_nonintegrable,periodic,centred,16,0.0925,24,0.5731203125901446
final_reproduction_candidate,paper_exact_reconstructed_metadata,main,8,256,1.75,sigma_z,eth_nonintegrable,periodic,centred,16,0.095,20,0.5402410118609203
final_reproduction_candidate,paper_exact_reconstructed_metadata,main,8,256,1.75,sigma_z,eth_nonintegrable,periodic,centred,16,0.0975,18,0.521240625180289
final_reproduction_candidate,paper_exact_reconstructed_metadata,main,8,256,1.75,sigma_z,eth_nonintegrable,periodic,centred,16,0.1,16,0.5
final_reproduction_candidate,paper_exact_reconstructed_metadata,main,8,256,1.75,sigma_z,eth_nonintegrable,periodic,centred,16,0.10250000000000001,13,0.4625549647676365
final_reproduction_candidate,paper_exact_reconstructed_metadata,main,8,256,1.75,sigma_z,eth_nonintegrable,periodic,centred,16,0.105,11,0.4324289523296622
final_reproduction_candidate,paper_exact_reconstructed_metadata,main,8,256,1.75,sigma_z,eth_nonintegrable,periodic,centred,16,0.1075,11,0.4324289523296622
final_reproduction_candidate,paper_exact_reconstructed_metadata,main,8,256,1.75,sigma_z,eth_nonintegrable,periodic,centred,16,0.11,11,0.4324289523296622
final_reproduction_candidate,paper_exact_reconstructed_metadata,main,8,256,1.75,sigma_z,eth_nonintegrable,periodic,centred,16,0.1125,11,0.4324289523296622
final_reproduction_candidate,paper_exact_reconstructed_metadata,main,8,256,1.75,sigma_z,eth_nonintegrable,periodic,centred,16,0.115,10,0.41524101186092033
final_reproduction_candidate,paper_exact_reconstructed_metadata,main,8,256,1.75,sigma_z,eth_nonintegrable,periodic,centred,16,0.11750000000000001,10,0.41524101186092033
final_reproduction_candidate,paper_exact_reconstructed_metadata,main,8,256,1.75,sigma_z,eth_nonintegrable,periodic,centred,16,0.12,9,0.3962406251802891
final_reproduction_candidate,paper_exact_reconstructed_metadata,main,8,256,1.75,sigma_z,eth_nonintegrable,periodic,centred,16,0.1225,8,0.375
final_reproduction_candidate,paper_exact_reconstructed_metadata,main,8,256,1.75,sigma_z,eth_nonintegrable,periodic,centred,16,0.125,8,0.375
final_reproduction_candidate,paper_exact_reconstructed_metadata,main,8,256,1.75,sigma_z,eth_nonintegrable,periodic,centred,16,0.1275,8,0.375
final_reproduction_candidate,paper_exact_reconstructed_metadata,main,8,256,1.75,sigma_z,eth_nonintegrable,periodic,centred,16,0.13,7,0.3509193652572005
final_reproduction_candidate,paper_exact_reconstructed_metadata,main,8,256,1.75,sigma_z,eth_nonintegrable,periodic,centred,16,0.1325,7,0.3509193652572005
final_reproduction_candidate,paper_exact_reconstructed_metadata,main,8,256,1.75,sigma_z,eth_nonintegrable,periodic,centred,16,0.135,7,0.3509193652572005
final_reproduction_candidate,paper_exact_reconstructed_metadata,main,8,256,1.75,sigma_z,eth_nonintegrable,periodic,centred,16,0.1375,7,0.3509193652572005
final_reproduction_candidate,paper_exact_reconstructed_metadata,main,8,256,1.75,sigma_z,eth_nonintegrable,periodic,centred,16,0.14,5,0.2902410118609203
final_reproduction_candidate,paper_exact_reconstructed_metadata,main,8,256,1.75,sigma_z,eth_nonintegrable,periodic,centred,16,0.14250000000000002,5,0.2902410118609203
final_reproduction_candidate,paper_exact_reconstructed_metadata,main,8,256,1.75,sigma_z,eth_nonintegrable,periodic,centred,16,0.145,4,0.25
final_reproduction_candidate,paper_exact_reconstructed_metadata,main,8,256,1.75,sigma_z,eth_nonintegrable,periodic,centred,16,0.1475,3,0.19812031259014454
final_reproduction_candidate,paper_exact_reconstructed_metadata,main,8,256,1.75,sigma_z,eth_nonintegrable,periodic,centred,16,0.15,2,0.125
final_reproduction_candidate,paper_exact_reconstructed_metadata,main,8,256,1.75,sigma_z,eth_nonintegrable,periodic,centred,16,0.1525,2,0.125
final_reproduction_candidate,paper_exact_reconstructed_metadata,main,8,256,1.75,sigma_z,eth_nonintegrable,periodic,centred,16,0.155,2,0.125
final_reproduction_candidate,paper_exact_reconstructed_metadata,main,8,256,1.75,sigma_z,eth_nonintegrable,periodic,centred,16,0.1575,2,0.125
final_reproduction_candidate,paper_exact_reconstructed_metadata,main,8,256,1.75,sigma_z,eth_nonintegrable,periodic,centred,16,0.16,2,0.125
final_reproduction_candidate,paper_exact_reconstructed_metadata,main,8,256,1.75,sigma_z,eth_nonintegrable,periodic,centred,16,0.1625,2,0.125
final_reproduction_candidate,paper_exact_reconstructed_metadata,main,8,256,1.75,sigma_z,eth_nonintegrable,periodic,centred,16,0.165,2,0.125
final_reproduction_candidate,paper_exact_reconstructed_metadata,main,8,256,1.75,sigma_z,eth_nonintegrable,periodic,centred,16,0.1675,2,0.125
final_reproduction_candidate,paper_exact_reconstructed_metadata,main,8,256,1.75,sigma_z,eth_nonintegrable,periodic,centred,16,0.17,1,0.0
final_reproduction_candidate,paper_exact_reconstructed_metadata,main,8,256,1.75,sigma_z,eth_integrable,periodic,centred,16,0.0,256,1.0
final_reproduction_candidate,paper_exact_reconstructed_metadata,main,8,256,1.75,sigma_z,eth_integrable,periodic,centred,16,0.0025,252,0.9971599904374896
final_reproduction_candidate,paper_exact_reconstructed_metadata,main,8,256,1.75,sigma_z,eth_integrable,periodic,centred,16,0.005,249,0.9950002415085101
final_reproduction_candidate,paper_exact_reconstructed_metadata,main,8,256,1.75,sigma_z,eth_integrable,periodic,centred,16,0.0075,246,0.992814313167405
final_reproduction_candidate,paper_exact_reconstructed_metadata,main,8,256,1.75,sigma_z,eth_integrable,periodic,centred,16,0.01,243,0.9906015629507227
final_reproduction_candidate,paper_exact_reconstructed_metadata,main,8,256,1.75,sigma_z,eth_integrable,periodic,centred,16,0.0125,240,0.9883613244510648
final_reproduction_candidate,paper_exact_reconstructed_metadata,main,8,256,1.75,sigma_z,eth_integrable,periodic,centred,16,0.015,239,0.9876083509975937
final_reproduction_candidate,paper_exact_reconstructed_metadata,main,8,256,1.75,sigma_z,eth_integrable,periodic,centred,16,0.0175,238,0.9868522204134931
final_reproduction_candidate,paper_exact_reconstructed_metadata,main,8,256,1.75,sigma_z,eth_integrable,periodic,centred,16,0.02,235,0.984564618320625
final_reproduction_candidate,paper_exact_reconstructed_metadata,main,8,256,1.75,sigma_z,eth_integrable,periodic,centred,16,0.0225,234,0.9837955899479256
final_reproduction_candidate,paper_exact_reconstructed_metadata,main,8,256,1.75,sigma_z,eth_integrable,periodic,centred,16,0.025,232,0.9822476243909465
final_reproduction_candidate,paper_exact_reconstructed_metadata,main,8,256,1.75,sigma_z,eth_integrable,periodic,centred,16,0.0275,229,0.9799004735121181
final_reproduction_candidate,paper_exact_reconstructed_metadata,main,8,256,1.75,sigma_z,eth_integrable,periodic,centred,16,0.03,228,0.9791112517705928
final_reproduction_candidate,paper_exact_reconstructed_metadata,main,8,256,1.75,sigma_z,eth_integrable,periodic,centred,16,0.0325,227,0.9783185609113645
final_reproduction_candidate,paper_exact_reconstructed_metadata,main,8,256,1.75,sigma_z,eth_integrable,periodic,centred,16,0.035,224,0.9759193652572005
final_reproduction_candidate,paper_exact_reconstructed_metadata,main,8,256,1.75,sigma_z,eth_integrable,periodic,centred,16,0.0375,223,0.9751124874900381
final_reproduction_candidate,paper_exact_reconstructed_metadata,main,8,256,1.75,sigma_z,eth_integrable,periodic,centred,16,0.04,220,0.9726699641905826
final_reproduction_candidate,paper_exact_reconstructed_metadata,main,8,256,1.75,sigma_z,eth_integrable,periodic,centred,16,0.0425,217,0.9701939040555599
final_reproduction_candidate,paper_exact_reconstructed_metadata,main,8,256,1.75,sigma_z,eth_integrable,periodic,centred,16,0.045,214,0.9676833733001433
final_reproduction_candidate,paper_exact_reconstructed_metadata,main,8,256,1.75,sigma_z,eth_integrable,periodic,centred,16,0.0475,214,0.9676833733001433
final_reproduction_candidate,paper_exact_reconstructed_metadata,main,8,256,1.75,sigma_z,eth_integrable,periodic,centred,16,0.05,209,0.9634198915101103
final_reproduction_candidate,paper_exact_reconstructed_metadata,main,8,256,1.75,sigma_z,eth_integrable,periodic,centred,16,0.0525,208,0.9625549647676366
final_reproduction_candidate,paper_exact_reconstructed_metadata,main,8,256,1.75,sigma_z,eth_integrable,periodic,centred,16,0.055,204,0.9590531677464369
final_reproduction_candidate,paper_exact_reconstructed_metadata,main,8,256,1.75,sigma_z,eth_integrable,periodic,centred,16,0.0575,200,0.9554820237218405
final_reproduction_candidate,paper_exact_reconstructed_metadata,main,8,256,1.75,sigma_z,eth_integrable,periodic,centred,16,0.06,198,0.9536695775099512
final_reproduction_candidate,paper_exact_reconstructed_metadata,main,8,256,1.75,sigma_z,eth_integrable,periodic,centred,16,0.0625,195,0.9509162892187014
final_reproduction_candidate,paper_exact_reconstructed_metadata,main,8,256,1.75,sigma_z,eth_integrable,periodic,centred,16,0.065,193,0.9490571296585101
final_reproduction_candidate,paper_exact_reconstructed_metadata,main,8,256,1.75,sigma_z,eth_integrable,periodic,centred,16,0.0675,191,0.9471786035044686
final_reproduction_candidate,paper_exact_reconstructed_metadata,main,8,256,1.75,sigma_z,eth_integrable,periodic,centred,16,0.07,190,0.9462319510413685
final_reproduction_candidate,paper_exact_reconstructed_metadata,main,8,256,1.75,sigma_z,eth_integrable,periodic,centred,16,0.0725,188,0.9443236064597047
final_reproduction_candidate,paper_exact_reconstructed_metadata,main,8,256,1.75,sigma_z,eth_integrable,periodic,centred,16,0.075,184,0.9404452445071266
final_reproduction_candidate,paper_exact_reconstructed_metadata,main,8,256,1.75,sigma_z,eth_integrable,periodic,centred,16,0.0775,181,0.9374807358854007
final_reproduction_candidate,paper_exact_reconstructed_metadata,main,8,256,1.75,sigma_z,eth_integrable,periodic,centred,16,0.08,180,0.9364816370412093
final_reproduction_candidate,paper_exact_reconstructed_metadata,main,8,256,1.75,sigma_z,eth_integrable,periodic,centred,16,0.0825,179,0.935476972158032
final_reproduction_candidate,paper_exact_reconstructed_metadata,main,8,256,1.75,sigma_z,eth_integrable,periodic,centred,16,0.085,174,0.9303679369810911
final_reproduction_candidate,paper_exact_reconstructed_metadata,main,8,256,1.75,sigma_z,eth_integrable,periodic,centred,16,0.08750000000000001,171,0.9272315643607374
final_reproduction_candidate,paper_exact_reconstructed_metadata,main,8,256,1.75,sigma_z,eth_integrable,periodic,centred,16,0.09,171,0.9272315643607374
final_reproduction_candidate,paper_exact_reconstructed_metadata,main,8,256,1.75,sigma_z,eth_integrable,periodic,centred,16,0.0925,170,0.9261738670172128
final_reproduction_candidate,paper_exact_reconstructed_metadata,main,8,256,1.75,sigma_z,eth_integrable,periodic,centred,16,0.095,168,0.9240396778473451
final_reproduction_candidate,paper_exact_reconstructed_metadata,main,8,256,1.75,sigma_z,eth_integrable,periodic,centred,16,0.0975,167,0.9229630365592566
final_reproduction_candidate,paper_exact_reconstructed_metadata,main,8,256,1.75,sigma_z,eth_integrable,periodic,centred,16,0.1,165,0.9207902767807269
final_reproduction_candidate,paper_exact_reconstructed_metadata,main,8,256,1.75,sigma_z,eth_integrable,periodic,centred,16,0.10250000000000001,163,0.9185910192788848
final_reproduction_candidate,paper_exact_reconstructed_metadata,main,8,256,1.75,sigma_z,eth_integrable,periodic,centred,16,0.105,157,0.9118275936114534
final_reproduction_candidate,paper_exact_reconstructed_metadata,main,8,256,1.75,sigma_z,eth_integrable,periodic,centred,16,0.1075,153,0.9071734803365815
final_reproduction_candidate,paper_exact_reconstructed_metadata,main,8,256,1.75,sigma_z,eth_integrable,periodic,centred,16,0.11,151,0.9048005924156349
final_reproduction_candidate,paper_exact_reconstructed_metadata,main,8,256,1.75,sigma_z,eth_integrable,periodic,centred,16,0.1125,151,0.9048005924156349
final_reproduction_candidate,paper_exact_reconstructed_metadata,main,8,256,1.75,sigma_z,eth_integrable,periodic,centred,16,0.115,150,0.903602336311985
final_reproduction_candidate,paper_exact_reconstructed_metadata,main,8,256,1.75,sigma_z,eth_integrable,periodic,centred,16,0.11750000000000001,148,0.9011816707036187
final_reproduction_candidate,paper_exact_reconstructed_metadata,main,8,256,1.75,sigma_z,eth_integrable,periodic,centred,16,0.12,148,0.9011816707036187
final_reproduction_candidate,paper_exact_reconstructed_metadata,main,8,256,1.75,sigma_z,eth_integrable,periodic,centred,16,0.1225,144,0.8962406251802891
final_reproduction_candidate,paper_exact_reconstructed_metadata,main,8,256,1.75,sigma_z,eth_integrable,periodic,centred,16,0.125,143,0.8949839170972986
final_reproduction_candidate,paper_exact_reconstructed_metadata,main,8,256,1.75,sigma_z,eth_integrable,periodic,centred,16,0.1275,141,0.8924439190498492
final_reproduction_candidate,paper_exact_reconstructed_metadata,main,8,256,1.75,sigma_z,eth_integrable,periodic,centred,16,0.13,137,0.8872540103700659
final_reproduction_candidate,paper_exact_reconstructed_metadata,main,8,256,1.75,sigma_z,eth_integrable,periodic,centred,16,0.1325,135,0.884601949631354
final_reproduction_candidate,paper_exact_reconstructed_metadata,main,8,256,1.75,sigma_z,eth_integrable,periodic,centred,16,0.135,133,0.8819103044376487
final_reproduction_candidate,paper_exact_reconstructed_metadata,main,8,256,1.75,sigma_z,eth_integrable,periodic,centred,16,0.1375,131,0.8791778751921813
final_reproduction_candidate,paper_exact_reconstructed_metadata,main,8,256,1.75,sigma_z,eth_integrable,periodic,centred,16,0.14,129,0.8764034069279067
final_reproduction_candidate,paper_exact_reconstructed_metadata,main,8,256,1.75,sigma_z,eth_integrable,periodic,centred,16,0.14250000000000002,127,0.8735855858465208
final_reproduction_candidate,paper_exact_reconstructed_metadata,main,8,256,1.75,sigma_z,eth_integrable,periodic,centred,16,0.145,126,0.8721599904374896
final_reproduction_candidate,paper_exact_reconstructed_metadata,main,8,256,1.75,sigma_z,eth_integrable,periodic,centred,16,0.1475,126,0.8721599904374896
final_reproduction_candidate,paper_exact_reconstructed_metadata,main,8,256,1.75,sigma_z,eth_integrable,periodic,centred,16,0.15,124,0.8692745387983595
final_reproduction_candidate,paper_exact_reconstructed_metadata,main,8,256,1.75,sigma_z,eth_integrable,periodic,centred,16,0.1525,121,0.8648579046593244
final_reproduction_candidate,paper_exact_reconstructed_metadata,main,8,256,1.75,sigma_z,eth_integrable,periodic,centred,16,0.155,119,0.861852220413493
final_reproduction_candidate,paper_exact_reconstructed_metadata,main,8,256,1.75,sigma_z,eth_integrable,periodic,centred,16,0.1575,118,0.8603303811702302
final_reproduction_candidate,paper_exact_reconstructed_metadata,main,8,256,1.75,sigma_z,eth_integrable,periodic,centred,16,0.16,116,0.8572476243909465
final_reproduction_candidate,paper_exact_reconstructed_metadata,main,8,256,1.75,sigma_z,eth_integrable,periodic,centred,16,0.1625,115,0.855686256368047
final_reproduction_candidate,paper_exact_reconstructed_metadata,main,8,256,1.75,sigma_z,eth_integrable,periodic,centred,16,0.165,113,0.8525223703018986
final_reproduction_candidate,paper_exact_reconstructed_metadata,main,8,256,1.75,sigma_z,eth_integrable,periodic,centred,16,0.1675,112,0.8509193652572005
final_reproduction_candidate,paper_exact_reconstructed_metadata,main,8,256,1.75,sigma_z,eth_integrable,periodic,centred,16,0.17,110,0.8476699641905825
final_reproduction_candidate,paper_exact_reconstructed_metadata,main,8,256,0.25,sigma_z_sigma_z,eth_nonintegrable,periodic,centred,16,0.0,256,1.0
final_reproduction_candidate,paper_exact_reconstructed_metadata,main,8,256,0.25,sigma_z_sigma_z,eth_nonintegrable,periodic,centred,16,0.0025,248,0.9942745387983595
final_reproduction_candidate,paper_exact_reconstructed_metadata,main,8,256,0.25,sigma_z_sigma_z,eth_nonintegrable,periodic,centred,16,0.005,244,0.9913421671953608
final_reproduction_candidate,paper_exact_reconstructed_metadata,main,8,256,0.25,sigma_z_sigma_z,eth_nonintegrable,periodic,centred,16,0.0075,232,0.9822476243909465
final_reproduction_candidate,paper_exact_reconstructed_metadata,main,8,256,0.25,sigma_z_sigma_z,eth_nonintegrable,periodic,centred,16,0.01,229,0.9799004735121181
final_reproduction_candidate,paper_exact_reconstructed_metadata,main,8,256,0.25,sigma_z_sigma_z,eth_nonintegrable,periodic,centred,16,0.0125,227,0.9783185609113645
final_reproduction_candidate,paper_exact_reconstructed_metadata,main,8,256,0.25,sigma_z_sigma_z,eth_nonintegrable,periodic,centred,16,0.015,221,0.973487819923929
final_reproduction_candidate,paper_exact_reconstructed_metadata,main,8,256,0.25,sigma_z_sigma_z,eth_nonintegrable,periodic,centred,16,0.0175,216,0.9693609377704336
final_reproduction_candidate,paper_exact_reconstructed_metadata,main,8,256,0.25,sigma_z_sigma_z,eth_nonintegrable,periodic,centred,16,0.02,209,0.9634198915101103
final_reproduction_candidate,paper_exact_reconstructed_metadata,main,8,256,0.25,sigma_z_sigma_z,eth_nonintegrable,periodic,centred,16,0.0225,202,0.9572764353439744
final_reproduction_candidate,paper_exact_reconstructed_metadata,main,8,256,0.25,sigma_z_sigma_z,eth_nonintegrable,periodic,centred,16,0.025,197,0.952756477432047
final_reproduction_candidate,paper_exact_reconstructed_metadata,main,8,256,0.25,sigma_z_sigma_z,eth_nonintegrable,periodic,centred,16,0.0275,193,0.9490571296585101
final_reproduction_candidate,paper_exact_reconstructed_metadata,main,8,256,0.25,sigma_z_sigma_z,eth_nonintegrable,periodic,centred,16,0.03,187,0.9433618074859547
final_reproduction_candidate,paper_exact_reconstructed_metadata,main,8,256,0.25,sigma_z_sigma_z,eth_nonintegrable,periodic,centred,16,0.0325,182,0.938474330024837
final_reproduction_candidate,paper_exact_reconstructed_metadata,main,8,256,0.25,sigma_z_sigma_z,eth_nonintegrable,periodic,centred,16,0.035,174,0.9303679369810911
final_reproduction_candidate,paper_exact_reconstructed_metadata,main,8,256,0.25,sigma_z_sigma_z,eth_nonintegrable,periodic,centred,16,0.0375,170,0.9261738670172128
final_reproduction_candidate,paper_exact_reconstructed_metadata,main,8,256,0.25,sigma_z_sigma_z,eth_nonintegrable,periodic,centred,16,0.04,164,0.9196940005772606
final_reproduction_candidate,paper_exact_reconstructed_metadata,main,8,256,0.25,sigma_z_sigma_z,eth_nonintegrable,periodic,centred,16,0.0425,162,0.917481250360578
final_reproduction_candidate,paper_exact_reconstructed_metadata,main,8,256,0.25,sigma_z_sigma_z,eth_nonintegrable,periodic,centred,16,0.045,156,0.9106752773577811
final_reproduction_candidate,paper_exact_reconstructed_metadata,main,8,256,0.25,sigma_z_sigma_z,eth_nonintegrable,periodic,centred,16,0.0475,151,0.9048005924156349
final_reproduction_candidate,paper_exact_reconstructed_metadata,main,8,256,0.25,sigma_z_sigma_z,eth_nonintegrable,periodic,centred,16,0.05,142,0.8937183899380853
final_reproduction_candidate,paper_exact_reconstructed_metadata,main,8,256,0.25,sigma_z_sigma_z,eth_nonintegrable,periodic,centred,16,0.0525,138,0.8885655570972713
final_reproduction_candidate,paper_exact_reconstructed_metadata,main,8,256,0.25,sigma_z_sigma_z,eth_nonintegrable,periodic,centred,16,0.055,135,0.884601949631354
final_reproduction_candidate,paper_exact_reconstructed_metadata,main,8,256,0.25,sigma_z_sigma_z,eth_nonintegrable,periodic,centred,16,0.0575,130,0.8777959766285568
final_reproduction_candidate,paper_exact_reconstructed_metadata,main,8,256,0.25,sigma_z_sigma_z,eth_nonintegrable,periodic,centred,16,0.06,130,0.8777959766285568
final_reproduction_candidate,paper_exact_reconstructed_metadata,main,8,256,0.25,sigma_z_sigma_z,eth_nonintegrable,periodic,centred,16,0.0625,127,0.8735855858465208
final_reproduction_candidate,paper_exact_reconstructed_metadata,main,8,256,0.25,sigma_z_sigma_z,eth_nonintegrable,periodic,centred,16,0.065,123,0.867814313167405
final_reproduction_candidate,paper_exact_reconstructed_metadata,main,8,256,0.25,sigma_z_sigma_z,eth_nonintegrable,periodic,centred,16,0.0675,120,0.8633613244510648
final_reproduction_candidate,paper_exact_reconstructed_metadata,main,8,256,0.25,sigma_z_sigma_z,eth_nonintegrable,periodic,centred,16,0.07,113,0.8525223703018986
final_reproduction_candidate,paper_exact_reconstructed_metadata,main,8,256,0.25,sigma_z_sigma_z,eth_nonintegrable,periodic,centred,16,0.0725,110,0.8476699641905825
final_reproduction_candidate,paper_exact_reconstructed_metadata,main,8,256,0.25,sigma_z_sigma_z,eth_nonintegrable,periodic,centred,16,0.075,104,0.8375549647676365
final_reproduction_candidate,paper_exact_reconstructed_metadata,main,8,256,0.25,sigma_z_sigma_z,eth_nonintegrable,periodic,centred,16,0.0775,101,0.8322764353439744
final_reproduction_candidate,paper_exact_reconstructed_metadata,main,8,256,0.25,sigma_z_sigma_z,eth_nonintegrable,periodic,centred,16,0.08,98,0.8268387305144012
final_reproduction_candidate,paper_exact_reconstructed_metadata,main,8,256,0.25,sigma_z_sigma_z,eth_nonintegrable,periodic,centred,16,0.0825,96,0.8231203125901445
final_reproduction_candidate,paper_exact_reconstructed_metadata,main,8,256,0.25,sigma_z_sigma_z,eth_nonintegrable,periodic,centred,16,0.085,92,0.8154452445071266
final_reproduction_candidate,paper_exact_reconstructed_metadata,main,8,256,0.25,sigma_z_sigma_z,eth_nonintegrable,periodic,centred,16,0.08750000000000001,90,0.8114816370412093
final_reproduction_candidate,paper_exact_reconstructed_metadata,main,8,256,0.25,sigma_z_sigma_z,eth_nonintegrable,periodic,centred,16,0.09,88,0.8074289523296623
final_reproduction_candidate,paper_exact_reconstructed_metadata,main,8,256,0.25,sigma_z_sigma_z,eth_nonintegrable,periodic,centred,16,0.0925,83,0.7968799289183657
final_reproduction_candidate,paper_exact_reconstructed_metadata,main,8,256,0.25,sigma_z_sigma_z,eth_nonintegrable,periodic,centred,16,0.095,81,0.7924812503605781
final_reproduction_candidate,paper_exact_reconstructed_metadata,main,8,256,0.25,sigma_z_sigma_z,eth_nonintegrable,periodic,centred,16,0.0975,76,0.7809909391804483
final_reproduction_candidate,paper_exact_reconstructed_metadata,main,8,256,0.25,sigma_z_sigma_z,eth_nonintegrable,periodic,centred,16,0.1,74,0.7761816707036189
final_reproduction_candidate,paper_exact_reconstructed_metadata,main,8,256,0.25,sigma_z_sigma_z,eth_nonintegrable,periodic,centred,16,0.10250000000000001,72,0.771240625180289
final_reproduction_candidate,paper_exact_reconstructed_metadata,main,8,256,0.25,sigma_z_sigma_z,eth_nonintegrable,periodic,centred,16,0.105,70,0.7661603771181209
final_reproduction_candidate,paper_exact_reconstructed_metadata,main,8,256,0.25,sigma_z_sigma_z,eth_nonintegrable,periodic,centred,16,0.1075,69,0.7635655570972713
final_reproduction_candidate,paper_exact_reconstructed_metadata,main,8,256,0.25,sigma_z_sigma_z,eth_nonintegrable,periodic,centred,16,0.11,63,0.7471599904374896
final_reproduction_candidate,paper_exact_reconstructed_metadata,main,8,256,0.25,sigma_z_sigma_z,eth_nonintegrable,periodic,centred,16,0.1125,61,0.7413421671953608
final_reproduction_candidate,paper_exact_reconstructed_metadata,main,8,256,0.25,sigma_z_sigma_z,eth_nonintegrable,periodic,centred,16,0.115,60,0.7383613244510648
final_reproduction_candidate,paper_exact_reconstructed_metadata,main,8,256,0.25,sigma_z_sigma_z,eth_nonintegrable,periodic,centred,16,0.11750000000000001,54,0.7193609377704336
final_reproduction_candidate,paper_exact_reconstructed_metadata,main,8,256,0.25,sigma_z_sigma_z,eth_nonintegrable,periodic,centred,16,0.12,54,0.7193609377704336
final_reproduction_candidate,paper_exact_reconstructed_metadata,main,8,256,0.25,sigma_z_sigma_z,eth_nonintegrable,periodic,centred,16,0.1225,53,0.7159900568204
final_reproduction_candidate,paper_exact_reconstructed_metadata,main,8,256,0.25,sigma_z_sigma_z,eth_nonintegrable,periodic,centred,16,0.125,48,0.6981203125901446
final_reproduction_candidate,paper_exact_reconstructed_metadata,main,8,256,0.25,sigma_z_sigma_z,eth_nonintegrable,periodic,centred,16,0.1275,47,0.6943236064597047
final_reproduction_candidate,paper_exact_reconstructed_metadata,main,8,256,0.25,sigma_z_sigma_z,eth_nonintegrable,periodic,centred,16,0.13,43,0.6782830943377622
final_reproduction_candidate,paper_exact_reconstructed_metadata,main,8,256,0.25,sigma_z_sigma_z,eth_nonintegrable,periodic,centred,16,0.1325,40,0.6652410118609203
final_reproduction_candidate,paper_exact_reconstructed_metadata,main,8,256,0.25,sigma_z_sigma_z,eth_nonintegrable,periodic,centred,16,0.135,39,0.6606752773577811
final_reproduction_candidate,paper_exact_reconstructed_metadata,main,8,256,0.25,sigma_z_sigma_z,eth_nonintegrable,periodic,centred,16,0.1375,37,0.6511816707036188
final_reproduction_candidate,paper_exact_reconstructed_metadata,main,8,256,0.25,sigma_z_sigma_z,eth_nonintegrable,periodic,centred,16,0.14,37,0.6511816707036188
final_reproduction_candidate,paper_exact_reconstructed_metadata,main,8,256,0.25,sigma_z_sigma_z,eth_nonintegrable,periodic,centred,16,0.14250000000000002,35,0.6411603771181208
final_reproduction_candidate,paper_exact_reconstructed_metadata,main,8,256,0.25,sigma_z_sigma_z,eth_nonintegrable,periodic,centred,16,0.145,33,0.6305492649198067
final_reproduction_candidate,paper_exact_reconstructed_metadata,main,8,256,0.25,sigma_z_sigma_z,eth_nonintegrable,periodic,centred,16,0.1475,32,0.625
final_reproduction_candidate,paper_exact_reconstructed_metadata,main,8,256,0.25,sigma_z_sigma_z,eth_nonintegrable,periodic,centred,16,0.15,32,0.625
final_reproduction_candidate,paper_exact_reconstructed_metadata,main,8,256,0.25,sigma_z_sigma_z,eth_nonintegrable,periodic,centred,16,0.1525,32,0.625
final_reproduction_candidate,paper_exact_reconstructed_metadata,main,8,256,0.25,sigma_z_sigma_z,eth_nonintegrable,periodic,centred,16,0.155,31,0.6192745387983595
final_reproduction_candidate,paper_exact_reconstructed_metadata,main,8,256,0.25,sigma_z_sigma_z,eth_nonintegrable,periodic,centred,16,0.1575,30,0.6133613244510648
final_reproduction_candidate,paper_exact_reconstructed_metadata,main,8,256,0.25,sigma_z_sigma_z,eth_nonintegrable,periodic,centred,16,0.16,30,0.6133613244510648
final_reproduction_candidate,paper_exact_reconstructed_metadata,main,8,256,0.25,sigma_z_sigma_z,eth_nonintegrable,periodic,centred,16,0.1625,28,0.6009193652572005
final_reproduction_candidate,paper_exact_reconstructed_metadata,main,8,256,0.25,sigma_z_sigma_z,eth_nonintegrable,periodic,centred,16,0.165,25,0.5804820237218405
final_reproduction_candidate,paper_exact_reconstructed_metadata,main,8,256,0.25,sigma_z_sigma_z,eth_nonintegrable,periodic,centred,16,0.1675,24,0.5731203125901446
final_reproduction_candidate,paper_exact_reconstructed_metadata,main,8,256,0.25,sigma_z_sigma_z,eth_nonintegrable,periodic,centred,16,0.17,24,0.5731203125901446
final_reproduction_candidate,paper_exact_reconstructed_metadata,main,8,256,0.25,sigma_z_sigma_z,eth_integrable,periodic,centred,16,0.0,256,1.0
final_reproduction_candidate,paper_exact_reconstructed_metadata,main,8,256,0.25,sigma_z_sigma_z,eth_integrable,periodic,centred,16,0.0025,253,0.9978741968367888
final_reproduction_candidate,paper_exact_reconstructed_metadata,main,8,256,0.25,sigma_z_sigma_z,eth_integrable,periodic,centred,16,0.005,251,0.9964429442438465
final_reproduction_candidate,paper_exact_reconstructed_metadata,main,8,256,0.25,sigma_z_sigma_z,eth_integrable,periodic,centred,16,0.0075,248,0.9942745387983595
final_reproduction_candidate,paper_exact_reconstructed_metadata,main,8,256,0.25,sigma_z_sigma_z,eth_integrable,periodic,centred,16,0.01,245,0.9920797423753215
final_reproduction_candidate,paper_exact_reconstructed_metadata,main,8,256,0.25,sigma_z_sigma_z,eth_integrable,periodic,centred,16,0.0125,243,0.9906015629507227
final_reproduction_candidate,paper_exact_reconstructed_metadata,main,8,256,0.25,sigma_z_sigma_z,eth_integrable,periodic,centred,16,0.015,242,0.9898579046593244
final_reproduction_candidate,paper_exact_reconstructed_metadata,main,8,256,0.25,sigma_z_sigma_z,eth_integrable,periodic,centred,16,0.0175,238,0.9868522204134931
final_reproduction_candidate,paper_exact_reconstructed_metadata,main,8,256,0.25,sigma_z_sigma_z,eth_integrable,periodic,centred,16,0.02,236,0.9853303811702303
final_reproduction_candidate,paper_exact_reconstructed_metadata,main,8,256,0.25,sigma_z_sigma_z,eth_integrable,periodic,centred,16,0.0225,233,0.983023268081785
final_reproduction_candidate,paper_exact_reconstructed_metadata,main,8,256,0.25,sigma_z_sigma_z,eth_integrable,periodic,centred,16,0.025,230,0.980686256368047
final_reproduction_candidate,paper_exact_reconstructed_metadata,main,8,256,0.25,sigma_z_sigma_z,eth_integrable,periodic,centred,16,0.0275,226,0.9775223703018986
final_reproduction_candidate,paper_exact_reconstructed_metadata,main,8,256,0.25,sigma_z_sigma_z,eth_integrable,periodic,centred,16,0.03,223,0.9751124874900381
final_reproduction_candidate,paper_exact_reconstructed_metadata,main,8,256,0.25,sigma_z_sigma_z,eth_integrable,periodic,centred,16,0.0325,220,0.9726699641905826
final_reproduction_candidate,paper_exact_reconstructed_metadata,main,8,256,0.25,sigma_z_sigma_z,eth_integrable,periodic,centred,16,0.035,219,0.9718483824501467
final_reproduction_candidate,paper_exact_reconstructed_metadata,main,8,256,0.25,sigma_z_sigma_z,eth_integrable,periodic,centred,16,0.0375,216,0.9693609377704336
final_reproduction_candidate,paper_exact_reconstructed_metadata,main,8,256,0.25,sigma_z_sigma_z,eth_integrable,periodic,centred,16,0.04,214,0.9676833733001433
final_reproduction_candidate,paper_exact_reconstructed_metadata,main,8,256,0.25,sigma_z_sigma_z,eth_integrable,periodic,centred,16,0.0425,209,0.9634198915101103
final_reproduction_candidate,paper_exact_reconstructed_metadata,main,8,256,0.25,sigma_z_sigma_z,eth_integrable,periodic,centred,16,0.045,206,0.9608125658979023
final_reproduction_candidate,paper_exact_reconstructed_metadata,main,8,256,0.25,sigma_z_sigma_z,eth_integrable,periodic,centred,16,0.0475,202,0.9572764353439744
final_reproduction_candidate,paper_exact_reconstructed_metadata,main,8,256,0.25,sigma_z_sigma_z,eth_integrable,periodic,centred,16,0.05,199,0.9545780775679561
final_reproduction_candidate,paper_exact_reconstructed_metadata,main,8,256,0.25,sigma_z_sigma_z,eth_integrable,periodic,centred,16,0.0525,195,0.9509162892187014
final_reproduction_candidate,paper_exact_reconstructed_metadata,main,8,256,0.25,sigma_z_sigma_z,eth_integrable,periodic,centred,16,0.055,194,0.949989105273391
final_reproduction_candidate,paper_exact_reconstructed_metadata,main,8,256,0.25,sigma_z_sigma_z,eth_integrable,periodic,centred,16,0.0575,188,0.9443236064597047
final_reproduction_candidate,paper_exact_reconstructed_metadata,main,8,256,0.25,sigma_z_sigma_z,eth_integrable,periodic,centred,16,0.06,187,0.9433618074859547
final_reproduction_candidate,paper_exact_reconstructed_metadata,main,8,256,0.25,sigma_z_sigma_z,eth_integrable,periodic,centred,16,0.0625,186,0.942394851388504
final_reproduction_candidate,paper_exact_reconstructed_metadata,main,8,256,0.25,sigma_z_sigma_z,eth_integrable,periodic,centred,16,0.065,184,0.9404452445071266
final_reproduction_candidate,paper_exact_reconstructed_metadata,main,8,256,0.25,sigma_z_sigma_z,eth_integrable,periodic,centred,16,0.0675,180,0.9364816370412093
final_reproduction_candidate,paper_exact_reconstructed_metadata,main,8,256,0.25,sigma_z_sigma_z,eth_integrable,periodic,centred,16,0.07,176,0.9324289523296622
final_reproduction_candidate,paper_exact_reconstructed_metadata,main,8,256,0.25,sigma_z_sigma_z,eth_integrable,periodic,centred,16,0.0725,173,0.9293285284545907
final_reproduction_candidate,paper_exact_reconstructed_metadata,main,8,256,0.25,sigma_z_sigma_z,eth_integrable,periodic,centred,16,0.075,170,0.9261738670172128
final_reproduction_candidate,paper_exact_reconstructed_metadata,main,8,256,0.25,sigma_z_sigma_z,eth_integrable,periodic,centred,16,0.0775,167,0.9229630365592566
final_reproduction_candidate,paper_exact_reconstructed_metadata,main,8,256,0.25,sigma_z_sigma_z,eth_integrable,periodic,centred,16,0.08,162,0.917481250360578
final_reproduction_candidate,paper_exact_reconstructed_metadata,main,8,256,0.25,sigma_z_sigma_z,eth_integrable,periodic,centred,16,0.0825,156,0.9106752773577811
final_reproduction_candidate,paper_exact_reconstructed_metadata,main,8,256,0.25,sigma_z_sigma_z,eth_integrable,periodic,centred,16,0.085,154,0.9083483175868627
final_reproduction_candidate,paper_exact_reconstructed_metadata,main,8,256,0.25,sigma_z_sigma_z,eth_integrable,periodic,centred,16,0.08750000000000001,151,0.9048005924156349
final_reproduction_candidate,paper_exact_reconstructed_metadata,main,8,256,0.25,sigma_z_sigma_z,eth_integrable,periodic,centred,16,0.09,148,0.9011816707036187
final_reproduction_candidate,paper_exact_reconstructed_metadata,main,8,256,0.25,sigma_z_sigma_z,eth_integrable,periodic,centred,16,0.0925,144,0.8962406251802891
final_reproduction_candidate,paper_exact_reconstructed_metadata,main,8,256,0.25,sigma_z_sigma_z,eth_integrable,periodic,centred,16,0.095,143,0.8949839170972986
final_reproduction_candidate,paper_exact_reconstructed_metadata,main,8,256,0.25,sigma_z_sigma_z,eth_integrable,periodic,centred,16,0.0975,140,0.8911603771181208
final_reproduction_candidate,paper_exact_reconstructed_metadata,main,8,256,0.25,sigma_z_sigma_z,eth_integrable,periodic,centred,16,0.1,134,0.8832611488072215
final_reproduction_candidate,paper_exact_reconstructed_metadata,main,8,256,0.25,sigma_z_sigma_z,eth_integrable,periodic,centred,16,0.10250000000000001,131,0.8791778751921813
final_reproduction_candidate,paper_exact_reconstructed_metadata,main,8,256,0.25,sigma_z_sigma_z,eth_integrable,periodic,centred,16,0.105,128,0.875
final_reproduction_candidate,paper_exact_reconstructed_metadata,main,8,256,0.25,sigma_z_sigma_z,eth_integrable,periodic,centred,16,0.1075,125,0.870723035582761
final_reproduction_candidate,paper_exact_reconstructed_metadata,main,8,256,0.25,sigma_z_sigma_z,eth_integrable,periodic,centred,16,0.11,124,0.8692745387983595
final_reproduction_candidate,paper_exact_reconstructed_metadata,main,8,256,0.25,sigma_z_sigma_z,eth_integrable,periodic,centred,16,0.1125,122,0.8663421671953608
final_reproduction_candidate,paper_exact_reconstructed_metadata,main,8,256,0.25,sigma_z_sigma_z,eth_integrable,periodic,centred,16,0.115,121,0.8648579046593244
final_reproduction_candidate,paper_exact_reconstructed_metadata,main,8,256,0.25,sigma_z_sigma_z,eth_integrable,periodic,centred,16,0.11750000000000001,117,0.8587955899479256
final_reproduction_candidate,paper_exact_reconstructed_metadata,main,8,256,0.25,sigma_z_sigma_z,eth_integrable,periodic,centred,16,0.12,115,0.855686256368047
final_reproduction_candidate,paper_exact_reconstructed_metadata,main,8,256,0.25,sigma_z_sigma_z,eth_integrable,periodic,centred,16,0.1225,114,0.8541112517705928
final_reproduction_candidate,paper_exact_reconstructed_metadata,main,8,256,0.25,sigma_z_sigma_z,eth_integrable,periodic,centred,16,0.125,112,0.8509193652572005
final_reproduction_candidate,paper_exact_reconstructed_metadata,main,8,256,0.25,sigma_z_sigma_z,eth_integrable,periodic,centred,16,0.1275,112,0.8509193652572005
final_reproduction_candidate,paper_exact_reconstructed_metadata,main,8,256,0.25,sigma_z_sigma_z,eth_integrable,periodic,centred,16,0.13,110,0.8476699641905825
final_reproduction_candidate,paper_exact_reconstructed_metadata,main,8,256,0.25,sigma_z_sigma_z,eth_integrable,periodic,centred,16,0.1325,103,0.8358125658979023
final_reproduction_candidate,paper_exact_reconstructed_metadata,main,8,256,0.25,sigma_z_sigma_z,eth_integrable,periodic,centred,16,0.135,102,0.8340531677464369
final_reproduction_candidate,paper_exact_reconstructed_metadata,main,8,256,0.25,sigma_z_sigma_z,eth_integrable,periodic,centred,16,0.1375,101,0.8322764353439744
final_reproduction_candidate,paper_exact_reconstructed_metadata,main,8,256,0.25,sigma_z_sigma_z,eth_integrable,periodic,centred,16,0.14,99,0.8286695775099512
final_reproduction_candidate,paper_exact_reconstructed_metadata,main,8,256,0.25,sigma_z_sigma_z,eth_integrable,periodic,centred,16,0.14250000000000002,96,0.8231203125901445
final_reproduction_candidate,paper_exact_reconstructed_metadata,main,8,256,0.25,sigma_z_sigma_z,eth_integrable,periodic,centred,16,0.145,96,0.8231203125901445
final_reproduction_candidate,paper_exact_reconstructed_metadata,main,8,256,0.25,sigma_z_sigma_z,eth_integrable,periodic,centred,16,0.1475,94,0.8193236064597047
final_reproduction_candidate,paper_exact_reconstructed_metadata,main,8,256,0.25,sigma_z_sigma_z,eth_integrable,periodic,centred,16,0.15,92,0.8154452445071266
final_reproduction_candidate,paper_exact_reconstructed_metadata,main,8,256,0.25,sigma_z_sigma_z,eth_integrable,periodic,centred,16,0.1525,91,0.813474330024837
final_reproduction_candidate,paper_exact_reconstructed_metadata,main,8,256,0.25,sigma_z_sigma_z,eth_integrable,periodic,centred,16,0.155,89,0.8094666788707997
final_reproduction_candidate,paper_exact_reconstructed_metadata,main,8,256,0.25,sigma_z_sigma_z,eth_integrable,periodic,centred,16,0.1575,87,0.8053679369810911
final_reproduction_candidate,paper_exact_reconstructed_metadata,main,8,256,0.25,sigma_z_sigma_z,eth_integrable,periodic,centred,16,0.16,87,0.8053679369810911
final_reproduction_candidate,paper_exact_reconstructed_metadata,main,8,256,0.25,sigma_z_sigma_z,eth_integrable,periodic,centred,16,0.1625,86,0.8032830943377622
final_reproduction_candidate,paper_exact_reconstructed_metadata,main,8,256,0.25,sigma_z_sigma_z,eth_integrable,periodic,centred,16,0.165,85,0.8011738670172128
final_reproduction_candidate,paper_exact_reconstructed_metadata,main,8,256,0.25,sigma_z_sigma_z,eth_integrable,periodic,centred,16,0.1675,82,0.7946940005772606
final_reproduction_candidate,paper_exact_reconstructed_metadata,main,8,256,0.25,sigma_z_sigma_z,eth_integrable,periodic,centred,16,0.17,82,0.7946940005772606
final_reproduction_candidate,paper_exact_reconstructed_metadata,main,8,256,0.75,sigma_z_sigma_z,eth_nonintegrable,periodic,centred,16,0.0,256,1.0
final_reproduction_candidate,paper_exact_reconstructed_metadata,main,8,256,0.75,sigma_z_sigma_z,eth_nonintegrable,periodic,centred,16,0.0025,248,0.9942745387983595
final_reproduction_candidate,paper_exact_reconstructed_metadata,main,8,256,0.75,sigma_z_sigma_z,eth_nonintegrable,periodic,centred,16,0.005,244,0.9913421671953608
final_reproduction_candidate,paper_exact_reconstructed_metadata,main,8,256,0.75,sigma_z_sigma_z,eth_nonintegrable,periodic,centred,16,0.0075,232,0.9822476243909465
final_reproduction_candidate,paper_exact_reconstructed_metadata,main,8,256,0.75,sigma_z_sigma_z,eth_nonintegrable,periodic,centred,16,0.01,229,0.9799004735121181
final_reproduction_candidate,paper_exact_reconstructed_metadata,main,8,256,0.75,sigma_z_sigma_z,eth_nonintegrable,periodic,centred,16,0.0125,227,0.9783185609113645
final_reproduction_candidate,paper_exact_reconstructed_metadata,main,8,256,0.75,sigma_z_sigma_z,eth_nonintegrable,periodic,centred,16,0.015,221,0.973487819923929
final_reproduction_candidate,paper_exact_reconstructed_metadata,main,8,256,0.75,sigma_z_sigma_z,eth_nonintegrable,periodic,centred,16,0.0175,216,0.9693609377704336
final_reproduction_candidate,paper_exact_reconstructed_metadata,main,8,256,0.75,sigma_z_sigma_z,eth_nonintegrable,periodic,centred,16,0.02,209,0.9634198915101103
final_reproduction_candidate,paper_exact_reconstructed_metadata,main,8,256,0.75,sigma_z_sigma_z,eth_nonintegrable,periodic,centred,16,0.0225,202,0.9572764353439744
final_reproduction_candidate,paper_exact_reconstructed_metadata,main,8,256,0.75,sigma_z_sigma_z,eth_nonintegrable,periodic,centred,16,0.025,197,0.952756477432047
final_reproduction_candidate,paper_exact_reconstructed_metadata,main,8,256,0.75,sigma_z_sigma_z,eth_nonintegrable,periodic,centred,16,0.0275,193,0.9490571296585101
final_reproduction_candidate,paper_exact_reconstructed_metadata,main,8,256,0.75,sigma_z_sigma_z,eth_nonintegrable,periodic,centred,16,0.03,187,0.9433618074859547
final_reproduction_candidate,paper_exact_reconstructed_metadata,main,8,256,0.75,sigma_z_sigma_z,eth_nonintegrable,periodic,centred,16,0.0325,182,0.938474330024837
final_reproduction_candidate,paper_exact_reconstructed_metadata,main,8,256,0.75,sigma_z_sigma_z,eth_nonintegrable,periodic,centred,16,0.035,174,0.9303679369810911
final_reproduction_candidate,paper_exact_reconstructed_metadata,main,8,256,0.75,sigma_z_sigma_z,eth_nonintegrable,periodic,centred,16,0.0375,170,0.9261738670172128
final_reproduction_candidate,paper_exact_reconstructed_metadata,main,8,256,0.75,sigma_z_sigma_z,eth_nonintegrable,periodic,centred,16,0.04,164,0.9196940005772606
final_reproduction_candidate,paper_exact_reconstructed_metadata,main,8,256,0.75,sigma_z_sigma_z,eth_nonintegrable,periodic,centred,16,0.0425,162,0.917481250360578
final_reproduction_candidate,paper_exact_reconstructed_metadata,main,8,256,0.75,sigma_z_sigma_z,eth_nonintegrable,periodic,centred,16,0.045,156,0.9106752773577811
final_reproduction_candidate,paper_exact_reconstructed_metadata,main,8,256,0.75,sigma_z_sigma_z,eth_nonintegrable,periodic,centred,16,0.0475,151,0.9048005924156349
final_reproduction_candidate,paper_exact_reconstructed_metadata,main,8,256,0.75,sigma_z_sigma_z,eth_nonintegrable,periodic,centred,16,0.05,142,0.8937183899380853
final_reproduction_candidate,paper_exact_reconstructed_metadata,main,8,256,0.75,sigma_z_sigma_z,eth_nonintegrable,periodic,centred,16,0.0525,138,0.8885655570972713
final_reproduction_candidate,paper_exact_reconstructed_metadata,main,8,256,0.75,sigma_z_sigma_z,eth_nonintegrable,periodic,centred,16,0.055,135,0.884601949631354
final_reproduction_candidate,paper_exact_reconstructed_metadata,main,8,256,0.75,sigma_z_sigma_z,eth_nonintegrable,periodic,centred,16,0.0575,130,0.8777959766285568
final_reproduction_candidate,paper_exact_reconstructed_metadata,main,8,256,0.75,sigma_z_sigma_z,eth_nonintegrable,periodic,centred,16,0.06,130,0.8777959766285568
final_reproduction_candidate,paper_exact_reconstructed_metadata,main,8,256,0.75,sigma_z_sigma_z,eth_nonintegrable,periodic,centred,16,0.0625,127,0.8735855858465208
final_reproduction_candidate,paper_exact_reconstructed_metadata,main,8,256,0.75,sigma_z_sigma_z,eth_nonintegrable,periodic,centred,16,0.065,123,0.867814313167405
final_reproduction_candidate,paper_exact_reconstructed_metadata,main,8,256,0.75,sigma_z_sigma_z,eth_nonintegrable,periodic,centred,16,0.0675,120,0.8633613244510648
final_reproduction_candidate,paper_exact_reconstructed_metadata,main,8,256,0.75,sigma_z_sigma_z,eth_nonintegrable,periodic,centred,16,0.07,113,0.8525223703018986
final_reproduction_candidate,paper_exact_reconstructed_metadata,main,8,256,0.75,sigma_z_sigma_z,eth_nonintegrable,periodic,centred,16,0.0725,110,0.8476699641905825
final_reproduction_candidate,paper_exact_reconstructed_metadata,main,8,256,0.75,sigma_z_sigma_z,eth_nonintegrable,periodic,centred,16,0.075,104,0.8375549647676365
final_reproduction_candidate,paper_exact_reconstructed_metadata,main,8,256,0.75,sigma_z_sigma_z,eth_nonintegrable,periodic,centred,16,0.0775,101,0.8322764353439744
final_reproduction_candidate,paper_exact_reconstructed_metadata,main,8,256,0.75,sigma_z_sigma_z,eth_nonintegrable,periodic,centred,16,0.08,98,0.8268387305144012
final_reproduction_candidate,paper_exact_reconstructed_metadata,main,8,256,0.75,sigma_z_sigma_z,eth_nonintegrable,periodic,centred,16,0.0825,96,0.8231203125901445
final_reproduction_candidate,paper_exact_reconstructed_metadata,main,8,256,0.75,sigma_z_sigma_z,eth_nonintegrable,periodic,centred,16,0.085,92,0.8154452445071266
final_reproduction_candidate,paper_exact_reconstructed_metadata,main,8,256,0.75,sigma_z_sigma_z,eth_nonintegrable,periodic,centred,16,0.08750000000000001,90,0.8114816370412093
final_reproduction_candidate,paper_exact_reconstructed_metadata,main,8,256,0.75,sigma_z_sigma_z,eth_nonintegrable,periodic,centred,16,0.09,88,0.8074289523296623
final_reproduction_candidate,paper_exact_reconstructed_metadata,main,8,256,0.75,sigma_z_sigma_z,eth_nonintegrable,periodic,centred,16,0.0925,83,0.7968799289183657
final_reproduction_candidate,paper_exact_reconstructed_metadata,main,8,256,0.75,sigma_z_sigma_z,eth_nonintegrable,periodic,centred,16,0.095,81,0.7924812503605781
final_reproduction_candidate,paper_exact_reconstructed_metadata,main,8,256,0.75,sigma_z_sigma_z,eth_nonintegrable,periodic,centred,16,0.0975,76,0.7809909391804483
final_reproduction_candidate,paper_exact_reconstructed_metadata,main,8,256,0.75,sigma_z_sigma_z,eth_nonintegrable,periodic,centred,16,0.1,74,0.7761816707036189
final_reproduction_candidate,paper_exact_reconstructed_metadata,main,8,256,0.75,sigma_z_sigma_z,eth_nonintegrable,periodic,centred,16,0.10250000000000001,72,0.771240625180289
final_reproduction_candidate,paper_exact_reconstructed_metadata,main,8,256,0.75,sigma_z_sigma_z,eth_nonintegrable,periodic,centred,16,0.105,70,0.7661603771181209
final_reproduction_candidate,paper_exact_reconstructed_metadata,main,8,256,0.75,sigma_z_sigma_z,eth_nonintegrable,periodic,centred,16,0.1075,69,0.7635655570972713
final_reproduction_candidate,paper_exact_reconstructed_metadata,main,8,256,0.75,sigma_z_sigma_z,eth_nonintegrable,periodic,centred,16,0.11,63,0.7471599904374896
final_reproduction_candidate,paper_exact_reconstructed_metadata,main,8,256,0.75,sigma_z_sigma_z,eth_nonintegrable,periodic,centred,16,0.1125,61,0.7413421671953608
final_reproduction_candidate,paper_exact_reconstructed_metadata,main,8,256,0.75,sigma_z_sigma_z,eth_nonintegrable,periodic,centred,16,0.115,60,0.7383613244510648
final_reproduction_candidate,paper_exact_reconstructed_metadata,main,8,256,0.75,sigma_z_sigma_z,eth_nonintegrable,periodic,centred,16,0.11750000000000001,54,0.7193609377704336
final_reproduction_candidate,paper_exact_reconstructed_metadata,main,8,256,0.75,sigma_z_sigma_z,eth_nonintegrable,periodic,centred,16,0.12,54,0.7193609377704336
final_reproduction_candidate,paper_exact_reconstructed_metadata,main,8,256,0.75,sigma_z_sigma_z,eth_nonintegrable,periodic,centred,16,0.1225,53,0.7159900568204
final_reproduction_candidate,paper_exact_reconstructed_metadata,main,8,256,0.75,sigma_z_sigma_z,eth_nonintegrable,periodic,centred,16,0.125,48,0.6981203125901446
final_reproduction_candidate,paper_exact_reconstructed_metadata,main,8,256,0.75,sigma_z_sigma_z,eth_nonintegrable,periodic,centred,16,0.1275,47,0.6943236064597047
final_reproduction_candidate,paper_exact_reconstructed_metadata,main,8,256,0.75,sigma_z_sigma_z,eth_nonintegrable,periodic,centred,16,0.13,43,0.6782830943377622
final_reproduction_candidate,paper_exact_reconstructed_metadata,main,8,256,0.75,sigma_z_sigma_z,eth_nonintegrable,periodic,centred,16,0.1325,40,0.6652410118609203
final_reproduction_candidate,paper_exact_reconstructed_metadata,main,8,256,0.75,sigma_z_sigma_z,eth_nonintegrable,periodic,centred,16,0.135,39,0.6606752773577811
final_reproduction_candidate,paper_exact_reconstructed_metadata,main,8,256,0.75,sigma_z_sigma_z,eth_nonintegrable,periodic,centred,16,0.1375,37,0.6511816707036188
final_reproduction_candidate,paper_exact_reconstructed_metadata,main,8,256,0.75,sigma_z_sigma_z,eth_nonintegrable,periodic,centred,16,0.14,37,0.6511816707036188
final_reproduction_candidate,paper_exact_reconstructed_metadata,main,8,256,0.75,sigma_z_sigma_z,eth_nonintegrable,periodic,centred,16,0.14250000000000002,35,0.6411603771181208
final_reproduction_candidate,paper_exact_reconstructed_metadata,main,8,256,0.75,sigma_z_sigma_z,eth_nonintegrable,periodic,centred,16,0.145,33,0.6305492649198067
final_reproduction_candidate,paper_exact_reconstructed_metadata,main,8,256,0.75,sigma_z_sigma_z,eth_nonintegrable,periodic,centred,16,0.1475,32,0.625
final_reproduction_candidate,paper_exact_reconstructed_metadata,main,8,256,0.75,sigma_z_sigma_z,eth_nonintegrable,periodic,centred,16,0.15,32,0.625
final_reproduction_candidate,paper_exact_reconstructed_metadata,main,8,256,0.75,sigma_z_sigma_z,eth_nonintegrable,periodic,centred,16,0.1525,32,0.625
final_reproduction_candidate,paper_exact_reconstructed_metadata,main,8,256,0.75,sigma_z_sigma_z,eth_nonintegrable,periodic,centred,16,0.155,31,0.6192745387983595
final_reproduction_candidate,paper_exact_reconstructed_metadata,main,8,256,0.75,sigma_z_sigma_z,eth_nonintegrable,periodic,centred,16,0.1575,30,0.6133613244510648
final_reproduction_candidate,paper_exact_reconstructed_metadata,main,8,256,0.75,sigma_z_sigma_z,eth_nonintegrable,periodic,centred,16,0.16,30,0.6133613244510648
final_reproduction_candidate,paper_exact_reconstructed_metadata,main,8,256,0.75,sigma_z_sigma_z,eth_nonintegrable,periodic,centred,16,0.1625,28,0.6009193652572005
final_reproduction_candidate,paper_exact_reconstructed_metadata,main,8,256,0.75,sigma_z_sigma_z,eth_nonintegrable,periodic,centred,16,0.165,25,0.5804820237218405
final_reproduction_candidate,paper_exact_reconstructed_metadata,main,8,256,0.75,sigma_z_sigma_z,eth_nonintegrable,periodic,centred,16,0.1675,24,0.5731203125901446
final_reproduction_candidate,paper_exact_reconstructed_metadata,main,8,256,0.75,sigma_z_sigma_z,eth_nonintegrable,periodic,centred,16,0.17,24,0.5731203125901446
final_reproduction_candidate,paper_exact_reconstructed_metadata,main,8,256,0.75,sigma_z_sigma_z,eth_integrable,periodic,centred,16,0.0,256,1.0
final_reproduction_candidate,paper_exact_reconstructed_metadata,main,8,256,0.75,sigma_z_sigma_z,eth_integrable,periodic,centred,16,0.0025,253,0.9978741968367888
final_reproduction_candidate,paper_exact_reconstructed_metadata,main,8,256,0.75,sigma_z_sigma_z,eth_integrable,periodic,centred,16,0.005,251,0.9964429442438465
final_reproduction_candidate,paper_exact_reconstructed_metadata,main,8,256,0.75,sigma_z_sigma_z,eth_integrable,periodic,centred,16,0.0075,248,0.9942745387983595
final_reproduction_candidate,paper_exact_reconstructed_metadata,main,8,256,0.75,sigma_z_sigma_z,eth_integrable,periodic,centred,16,0.01,245,0.9920797423753215
final_reproduction_candidate,paper_exact_reconstructed_metadata,main,8,256,0.75,sigma_z_sigma_z,eth_integrable,periodic,centred,16,0.0125,243,0.9906015629507227
final_reproduction_candidate,paper_exact_reconstructed_metadata,main,8,256,0.75,sigma_z_sigma_z,eth_integrable,periodic,centred,16,0.015,242,0.9898579046593244
final_reproduction_candidate,paper_exact_reconstructed_metadata,main,8,256,0.75,sigma_z_sigma_z,eth_integrable,periodic,centred,16,0.0175,238,0.9868522204134931
final_reproduction_candidate,paper_exact_reconstructed_metadata,main,8,256,0.75,sigma_z_sigma_z,eth_integrable,periodic,centred,16,0.02,236,0.9853303811702303
final_reproduction_candidate,paper_exact_reconstructed_metadata,main,8,256,0.75,sigma_z_sigma_z,eth_integrable,periodic,centred,16,0.0225,233,0.983023268081785
final_reproduction_candidate,paper_exact_reconstructed_metadata,main,8,256,0.75,sigma_z_sigma_z,eth_integrable,periodic,centred,16,0.025,230,0.980686256368047
final_reproduction_candidate,paper_exact_reconstructed_metadata,main,8,256,0.75,sigma_z_sigma_z,eth_integrable,periodic,centred,16,0.0275,226,0.9775223703018986
final_reproduction_candidate,paper_exact_reconstructed_metadata,main,8,256,0.75,sigma_z_sigma_z,eth_integrable,periodic,centred,16,0.03,223,0.9751124874900381
final_reproduction_candidate,paper_exact_reconstructed_metadata,main,8,256,0.75,sigma_z_sigma_z,eth_integrable,periodic,centred,16,0.0325,220,0.9726699641905826
final_reproduction_candidate,paper_exact_reconstructed_metadata,main,8,256,0.75,sigma_z_sigma_z,eth_integrable,periodic,centred,16,0.035,219,0.9718483824501467
final_reproduction_candidate,paper_exact_reconstructed_metadata,main,8,256,0.75,sigma_z_sigma_z,eth_integrable,periodic,centred,16,0.0375,216,0.9693609377704336
final_reproduction_candidate,paper_exact_reconstructed_metadata,main,8,256,0.75,sigma_z_sigma_z,eth_integrable,periodic,centred,16,0.04,214,0.9676833733001433
final_reproduction_candidate,paper_exact_reconstructed_metadata,main,8,256,0.75,sigma_z_sigma_z,eth_integrable,periodic,centred,16,0.0425,209,0.9634198915101103
final_reproduction_candidate,paper_exact_reconstructed_metadata,main,8,256,0.75,sigma_z_sigma_z,eth_integrable,periodic,centred,16,0.045,206,0.9608125658979023
final_reproduction_candidate,paper_exact_reconstructed_metadata,main,8,256,0.75,sigma_z_sigma_z,eth_integrable,periodic,centred,16,0.0475,202,0.9572764353439744
final_reproduction_candidate,paper_exact_reconstructed_metadata,main,8,256,0.75,sigma_z_sigma_z,eth_integrable,periodic,centred,16,0.05,199,0.9545780775679561
final_reproduction_candidate,paper_exact_reconstructed_metadata,main,8,256,0.75,sigma_z_sigma_z,eth_integrable,periodic,centred,16,0.0525,195,0.9509162892187014
final_reproduction_candidate,paper_exact_reconstructed_metadata,main,8,256,0.75,sigma_z_sigma_z,eth_integrable,periodic,centred,16,0.055,194,0.949989105273391
final_reproduction_candidate,paper_exact_reconstructed_metadata,main,8,256,0.75,sigma_z_sigma_z,eth_integrable,periodic,centred,16,0.0575,188,0.9443236064597047
final_reproduction_candidate,paper_exact_reconstructed_metadata,main,8,256,0.75,sigma_z_sigma_z,eth_integrable,periodic,centred,16,0.06,187,0.9433618074859547
final_reproduction_candidate,paper_exact_reconstructed_metadata,main,8,256,0.75,sigma_z_sigma_z,eth_integrable,periodic,centred,16,0.0625,186,0.942394851388504
final_reproduction_candidate,paper_exact_reconstructed_metadata,main,8,256,0.75,sigma_z_sigma_z,eth_integrable,periodic,centred,16,0.065,184,0.9404452445071266
final_reproduction_candidate,paper_exact_reconstructed_metadata,main,8,256,0.75,sigma_z_sigma_z,eth_integrable,periodic,centred,16,0.0675,180,0.9364816370412093
final_reproduction_candidate,paper_exact_reconstructed_metadata,main,8,256,0.75,sigma_z_sigma_z,eth_integrable,periodic,centred,16,0.07,176,0.9324289523296622
final_reproduction_candidate,paper_exact_reconstructed_metadata,main,8,256,0.75,sigma_z_sigma_z,eth_integrable,periodic,centred,16,0.0725,173,0.9293285284545907
final_reproduction_candidate,paper_exact_reconstructed_metadata,main,8,256,0.75,sigma_z_sigma_z,eth_integrable,periodic,centred,16,0.075,170,0.9261738670172128
final_reproduction_candidate,paper_exact_reconstructed_metadata,main,8,256,0.75,sigma_z_sigma_z,eth_integrable,periodic,centred,16,0.0775,167,0.9229630365592566
final_reproduction_candidate,paper_exact_reconstructed_metadata,main,8,256,0.75,sigma_z_sigma_z,eth_integrable,periodic,centred,16,0.08,162,0.917481250360578
final_reproduction_candidate,paper_exact_reconstructed_metadata,main,8,256,0.75,sigma_z_sigma_z,eth_integrable,periodic,centred,16,0.0825,156,0.9106752773577811
final_reproduction_candidate,paper_exact_reconstructed_metadata,main,8,256,0.75,sigma_z_sigma_z,eth_integrable,periodic,centred,16,0.085,154,0.9083483175868627
final_reproduction_candidate,paper_exact_reconstructed_metadata,main,8,256,0.75,sigma_z_sigma_z,eth_integrable,periodic,centred,16,0.08750000000000001,151,0.9048005924156349
final_reproduction_candidate,paper_exact_reconstructed_metadata,main,8,256,0.75,sigma_z_sigma_z,eth_integrable,periodic,centred,16,0.09,148,0.9011816707036187
final_reproduction_candidate,paper_exact_reconstructed_metadata,main,8,256,0.75,sigma_z_sigma_z,eth_integrable,periodic,centred,16,0.0925,144,0.8962406251802891
final_reproduction_candidate,paper_exact_reconstructed_metadata,main,8,256,0.75,sigma_z_sigma_z,eth_integrable,periodic,centred,16,0.095,143,0.8949839170972986
final_reproduction_candidate,paper_exact_reconstructed_metadata,main,8,256,0.75,sigma_z_sigma_z,eth_integrable,periodic,centred,16,0.0975,140,0.8911603771181208
final_reproduction_candidate,paper_exact_reconstructed_metadata,main,8,256,0.75,sigma_z_sigma_z,eth_integrable,periodic,centred,16,0.1,134,0.8832611488072215
final_reproduction_candidate,paper_exact_reconstructed_metadata,main,8,256,0.75,sigma_z_sigma_z,eth_integrable,periodic,centred,16,0.10250000000000001,131,0.8791778751921813
final_reproduction_candidate,paper_exact_reconstructed_metadata,main,8,256,0.75,sigma_z_sigma_z,eth_integrable,periodic,centred,16,0.105,128,0.875
final_reproduction_candidate,paper_exact_reconstructed_metadata,main,8,256,0.75,sigma_z_sigma_z,eth_integrable,periodic,centred,16,0.1075,125,0.870723035582761
final_reproduction_candidate,paper_exact_reconstructed_metadata,main,8,256,0.75,sigma_z_sigma_z,eth_integrable,periodic,centred,16,0.11,124,0.8692745387983595
final_reproduction_candidate,paper_exact_reconstructed_metadata,main,8,256,0.75,sigma_z_sigma_z,eth_integrable,periodic,centred,16,0.1125,122,0.8663421671953608
final_reproduction_candidate,paper_exact_reconstructed_metadata,main,8,256,0.75,sigma_z_sigma_z,eth_integrable,periodic,centred,16,0.115,121,0.8648579046593244
final_reproduction_candidate,paper_exact_reconstructed_metadata,main,8,256,0.75,sigma_z_sigma_z,eth_integrable,periodic,centred,16,0.11750000000000001,117,0.8587955899479256
final_reproduction_candidate,paper_exact_reconstructed_metadata,main,8,256,0.75,sigma_z_sigma_z,eth_integrable,periodic,centred,16,0.12,115,0.855686256368047
final_reproduction_candidate,paper_exact_reconstructed_metadata,main,8,256,0.75,sigma_z_sigma_z,eth_integrable,periodic,centred,16,0.1225,114,0.8541112517705928
final_reproduction_candidate,paper_exact_reconstructed_metadata,main,8,256,0.75,sigma_z_sigma_z,eth_integrable,periodic,centred,16,0.125,112,0.8509193652572005
final_reproduction_candidate,paper_exact_reconstructed_metadata,main,8,256,0.75,sigma_z_sigma_z,eth_integrable,periodic,centred,16,0.1275,112,0.8509193652572005
final_reproduction_candidate,paper_exact_reconstructed_metadata,main,8,256,0.75,sigma_z_sigma_z,eth_integrable,periodic,centred,16,0.13,110,0.8476699641905825
final_reproduction_candidate,paper_exact_reconstructed_metadata,main,8,256,0.75,sigma_z_sigma_z,eth_integrable,periodic,centred,16,0.1325,103,0.8358125658979023
final_reproduction_candidate,paper_exact_reconstructed_metadata,main,8,256,0.75,sigma_z_sigma_z,eth_integrable,periodic,centred,16,0.135,102,0.8340531677464369
final_reproduction_candidate,paper_exact_reconstructed_metadata,main,8,256,0.75,sigma_z_sigma_z,eth_integrable,periodic,centred,16,0.1375,101,0.8322764353439744
final_reproduction_candidate,paper_exact_reconstructed_metadata,main,8,256,0.75,sigma_z_sigma_z,eth_integrable,periodic,centred,16,0.14,99,0.8286695775099512
final_reproduction_candidate,paper_exact_reconstructed_metadata,main,8,256,0.75,sigma_z_sigma_z,eth_integrable,periodic,centred,16,0.14250000000000002,96,0.8231203125901445
final_reproduction_candidate,paper_exact_reconstructed_metadata,main,8,256,0.75,sigma_z_sigma_z,eth_integrable,periodic,centred,16,0.145,96,0.8231203125901445
final_reproduction_candidate,paper_exact_reconstructed_metadata,main,8,256,0.75,sigma_z_sigma_z,eth_integrable,periodic,centred,16,0.1475,94,0.8193236064597047
final_reproduction_candidate,paper_exact_reconstructed_metadata,main,8,256,0.75,sigma_z_sigma_z,eth_integrable,periodic,centred,16,0.15,92,0.8154452445071266
final_reproduction_candidate,paper_exact_reconstructed_metadata,main,8,256,0.75,sigma_z_sigma_z,eth_integrable,periodic,centred,16,0.1525,91,0.813474330024837
final_reproduction_candidate,paper_exact_reconstructed_metadata,main,8,256,0.75,sigma_z_sigma_z,eth_integrable,periodic,centred,16,0.155,89,0.8094666788707997
final_reproduction_candidate,paper_exact_reconstructed_metadata,main,8,256,0.75,sigma_z_sigma_z,eth_integrable,periodic,centred,16,0.1575,87,0.8053679369810911
final_reproduction_candidate,paper_exact_reconstructed_metadata,main,8,256,0.75,sigma_z_sigma_z,eth_integrable,periodic,centred,16,0.16,87,0.8053679369810911
final_reproduction_candidate,paper_exact_reconstructed_metadata,main,8,256,0.75,sigma_z_sigma_z,eth_integrable,periodic,centred,16,0.1625,86,0.8032830943377622
final_reproduction_candidate,paper_exact_reconstructed_metadata,main,8,256,0.75,sigma_z_sigma_z,eth_integrable,periodic,centred,16,0.165,85,0.8011738670172128
final_reproduction_candidate,paper_exact_reconstructed_metadata,main,8,256,0.75,sigma_z_sigma_z,eth_integrable,periodic,centred,16,0.1675,82,0.7946940005772606
final_reproduction_candidate,paper_exact_reconstructed_metadata,main,8,256,0.75,sigma_z_sigma_z,eth_integrable,periodic,centred,16,0.17,82,0.7946940005772606
final_reproduction_candidate,paper_exact_reconstructed_metadata,main,8,256,1.75,sigma_z_sigma_z,eth_nonintegrable,periodic,centred,16,0.0,256,1.0
final_reproduction_candidate,paper_exact_reconstructed_metadata,main,8,256,1.75,sigma_z_sigma_z,eth_nonintegrable,periodic,centred,16,0.0025,248,0.9942745387983595
final_reproduction_candidate,paper_exact_reconstructed_metadata,main,8,256,1.75,sigma_z_sigma_z,eth_nonintegrable,periodic,centred,16,0.005,244,0.9913421671953608
final_reproduction_candidate,paper_exact_reconstructed_metadata,main,8,256,1.75,sigma_z_sigma_z,eth_nonintegrable,periodic,centred,16,0.0075,232,0.9822476243909465
final_reproduction_candidate,paper_exact_reconstructed_metadata,main,8,256,1.75,sigma_z_sigma_z,eth_nonintegrable,periodic,centred,16,0.01,229,0.9799004735121181
final_reproduction_candidate,paper_exact_reconstructed_metadata,main,8,256,1.75,sigma_z_sigma_z,eth_nonintegrable,periodic,centred,16,0.0125,227,0.9783185609113645
final_reproduction_candidate,paper_exact_reconstructed_metadata,main,8,256,1.75,sigma_z_sigma_z,eth_nonintegrable,periodic,centred,16,0.015,221,0.973487819923929
final_reproduction_candidate,paper_exact_reconstructed_metadata,main,8,256,1.75,sigma_z_sigma_z,eth_nonintegrable,periodic,centred,16,0.0175,216,0.9693609377704336
final_reproduction_candidate,paper_exact_reconstructed_metadata,main,8,256,1.75,sigma_z_sigma_z,eth_nonintegrable,periodic,centred,16,0.02,209,0.9634198915101103
final_reproduction_candidate,paper_exact_reconstructed_metadata,main,8,256,1.75,sigma_z_sigma_z,eth_nonintegrable,periodic,centred,16,0.0225,202,0.9572764353439744
final_reproduction_candidate,paper_exact_reconstructed_metadata,main,8,256,1.75,sigma_z_sigma_z,eth_nonintegrable,periodic,centred,16,0.025,197,0.952756477432047
final_reproduction_candidate,paper_exact_reconstructed_metadata,main,8,256,1.75,sigma_z_sigma_z,eth_nonintegrable,periodic,centred,16,0.0275,193,0.9490571296585101
final_reproduction_candidate,paper_exact_reconstructed_metadata,main,8,256,1.75,sigma_z_sigma_z,eth_nonintegrable,periodic,centred,16,0.03,187,0.9433618074859547
final_reproduction_candidate,paper_exact_reconstructed_metadata,main,8,256,1.75,sigma_z_sigma_z,eth_nonintegrable,periodic,centred,16,0.0325,182,0.938474330024837
final_reproduction_candidate,paper_exact_reconstructed_metadata,main,8,256,1.75,sigma_z_sigma_z,eth_nonintegrable,periodic,centred,16,0.035,174,0.9303679369810911
final_reproduction_candidate,paper_exact_reconstructed_metadata,main,8,256,1.75,sigma_z_sigma_z,eth_nonintegrable,periodic,centred,16,0.0375,170,0.9261738670172128
final_reproduction_candidate,paper_exact_reconstructed_metadata,main,8,256,1.75,sigma_z_sigma_z,eth_nonintegrable,periodic,centred,16,0.04,164,0.9196940005772606
final_reproduction_candidate,paper_exact_reconstructed_metadata,main,8,256,1.75,sigma_z_sigma_z,eth_nonintegrable,periodic,centred,16,0.0425,162,0.917481250360578
final_reproduction_candidate,paper_exact_reconstructed_metadata,main,8,256,1.75,sigma_z_sigma_z,eth_nonintegrable,periodic,centred,16,0.045,156,0.9106752773577811
final_reproduction_candidate,paper_exact_reconstructed_metadata,main,8,256,1.75,sigma_z_sigma_z,eth_nonintegrable,periodic,centred,16,0.0475,151,0.9048005924156349
final_reproduction_candidate,paper_exact_reconstructed_metadata,main,8,256,1.75,sigma_z_sigma_z,eth_nonintegrable,periodic,centred,16,0.05,142,0.8937183899380853
final_reproduction_candidate,paper_exact_reconstructed_metadata,main,8,256,1.75,sigma_z_sigma_z,eth_nonintegrable,periodic,centred,16,0.0525,138,0.8885655570972713
final_reproduction_candidate,paper_exact_reconstructed_metadata,main,8,256,1.75,sigma_z_sigma_z,eth_nonintegrable,periodic,centred,16,0.055,135,0.884601949631354
final_reproduction_candidate,paper_exact_reconstructed_metadata,main,8,256,1.75,sigma_z_sigma_z,eth_nonintegrable,periodic,centred,16,0.0575,130,0.8777959766285568
final_reproduction_candidate,paper_exact_reconstructed_metadata,main,8,256,1.75,sigma_z_sigma_z,eth_nonintegrable,periodic,centred,16,0.06,130,0.8777959766285568
final_reproduction_candidate,paper_exact_reconstructed_metadata,main,8,256,1.75,sigma_z_sigma_z,eth_nonintegrable,periodic,centred,16,0.0625,127,0.8735855858465208
final_reproduction_candidate,paper_exact_reconstructed_metadata,main,8,256,1.75,sigma_z_sigma_z,eth_nonintegrable,periodic,centred,16,0.065,123,0.867814313167405
final_reproduction_candidate,paper_exact_reconstructed_metadata,main,8,256,1.75,sigma_z_sigma_z,eth_nonintegrable,periodic,centred,16,0.0675,120,0.8633613244510648
final_reproduction_candidate,paper_exact_reconstructed_metadata,main,8,256,1.75,sigma_z_sigma_z,eth_nonintegrable,periodic,centred,16,0.07,113,0.8525223703018986
final_reproduction_candidate,paper_exact_reconstructed_metadata,main,8,256,1.75,sigma_z_sigma_z,eth_nonintegrable,periodic,centred,16,0.0725,110,0.8476699641905825
final_reproduction_candidate,paper_exact_reconstructed_metadata,main,8,256,1.75,sigma_z_sigma_z,eth_nonintegrable,periodic,centred,16,0.075,104,0.8375549647676365
final_reproduction_candidate,paper_exact_reconstructed_metadata,main,8,256,1.75,sigma_z_sigma_z,eth_nonintegrable,periodic,centred,16,0.0775,101,0.8322764353439744
final_reproduction_candidate,paper_exact_reconstructed_metadata,main,8,256,1.75,sigma_z_sigma_z,eth_nonintegrable,periodic,centred,16,0.08,98,0.8268387305144012
final_reproduction_candidate,paper_exact_reconstructed_metadata,main,8,256,1.75,sigma_z_sigma_z,eth_nonintegrable,periodic,centred,16,0.0825,96,0.8231203125901445
final_reproduction_candidate,paper_exact_reconstructed_metadata,main,8,256,1.75,sigma_z_sigma_z,eth_nonintegrable,periodic,centred,16,0.085,92,0.8154452445071266
final_reproduction_candidate,paper_exact_reconstructed_metadata,main,8,256,1.75,sigma_z_sigma_z,eth_nonintegrable,periodic,centred,16,0.08750000000000001,90,0.8114816370412093
final_reproduction_candidate,paper_exact_reconstructed_metadata,main,8,256,1.75,sigma_z_sigma_z,eth_nonintegrable,periodic,centred,16,0.09,88,0.8074289523296623
final_reproduction_candidate,paper_exact_reconstructed_metadata,main,8,256,1.75,sigma_z_sigma_z,eth_nonintegrable,periodic,centred,16,0.0925,83,0.7968799289183657
final_reproduction_candidate,paper_exact_reconstructed_metadata,main,8,256,1.75,sigma_z_sigma_z,eth_nonintegrable,periodic,centred,16,0.095,81,0.7924812503605781
final_reproduction_candidate,paper_exact_reconstructed_metadata,main,8,256,1.75,sigma_z_sigma_z,eth_nonintegrable,periodic,centred,16,0.0975,76,0.7809909391804483
final_reproduction_candidate,paper_exact_reconstructed_metadata,main,8,256,1.75,sigma_z_sigma_z,eth_nonintegrable,periodic,centred,16,0.1,74,0.7761816707036189
final_reproduction_candidate,paper_exact_reconstructed_metadata,main,8,256,1.75,sigma_z_sigma_z,eth_nonintegrable,periodic,centred,16,0.10250000000000001,72,0.771240625180289
final_reproduction_candidate,paper_exact_reconstructed_metadata,main,8,256,1.75,sigma_z_sigma_z,eth_nonintegrable,periodic,centred,16,0.105,70,0.7661603771181209
final_reproduction_candidate,paper_exact_reconstructed_metadata,main,8,256,1.75,sigma_z_sigma_z,eth_nonintegrable,periodic,centred,16,0.1075,69,0.7635655570972713
final_reproduction_candidate,paper_exact_reconstructed_metadata,main,8,256,1.75,sigma_z_sigma_z,eth_nonintegrable,periodic,centred,16,0.11,63,0.7471599904374896
final_reproduction_candidate,paper_exact_reconstructed_metadata,main,8,256,1.75,sigma_z_sigma_z,eth_nonintegrable,periodic,centred,16,0.1125,61,0.7413421671953608
final_reproduction_candidate,paper_exact_reconstructed_metadata,main,8,256,1.75,sigma_z_sigma_z,eth_nonintegrable,periodic,centred,16,0.115,60,0.7383613244510648
final_reproduction_candidate,paper_exact_reconstructed_metadata,main,8,256,1.75,sigma_z_sigma_z,eth_nonintegrable,periodic,centred,16,0.11750000000000001,54,0.7193609377704336
final_reproduction_candidate,paper_exact_reconstructed_metadata,main,8,256,1.75,sigma_z_sigma_z,eth_nonintegrable,periodic,centred,16,0.12,54,0.7193609377704336
final_reproduction_candidate,paper_exact_reconstructed_metadata,main,8,256,1.75,sigma_z_sigma_z,eth_nonintegrable,periodic,centred,16,0.1225,53,0.7159900568204
final_reproduction_candidate,paper_exact_reconstructed_metadata,main,8,256,1.75,sigma_z_sigma_z,eth_nonintegrable,periodic,centred,16,0.125,48,0.6981203125901446
final_reproduction_candidate,paper_exact_reconstructed_metadata,main,8,256,1.75,sigma_z_sigma_z,eth_nonintegrable,periodic,centred,16,0.1275,47,0.6943236064597047
final_reproduction_candidate,paper_exact_reconstructed_metadata,main,8,256,1.75,sigma_z_sigma_z,eth_nonintegrable,periodic,centred,16,0.13,43,0.6782830943377622
final_reproduction_candidate,paper_exact_reconstructed_metadata,main,8,256,1.75,sigma_z_sigma_z,eth_nonintegrable,periodic,centred,16,0.1325,40,0.6652410118609203
final_reproduction_candidate,paper_exact_reconstructed_metadata,main,8,256,1.75,sigma_z_sigma_z,eth_nonintegrable,periodic,centred,16,0.135,39,0.6606752773577811
final_reproduction_candidate,paper_exact_reconstructed_metadata,main,8,256,1.75,sigma_z_sigma_z,eth_nonintegrable,periodic,centred,16,0.1375,37,0.6511816707036188
final_reproduction_candidate,paper_exact_reconstructed_metadata,main,8,256,1.75,sigma_z_sigma_z,eth_nonintegrable,periodic,centred,16,0.14,37,0.6511816707036188
final_reproduction_candidate,paper_exact_reconstructed_metadata,main,8,256,1.75,sigma_z_sigma_z,eth_nonintegrable,periodic,centred,16,0.14250000000000002,35,0.6411603771181208
final_reproduction_candidate,paper_exact_reconstructed_metadata,main,8,256,1.75,sigma_z_sigma_z,eth_nonintegrable,periodic,centred,16,0.145,33,0.6305492649198067
final_reproduction_candidate,paper_exact_reconstructed_metadata,main,8,256,1.75,sigma_z_sigma_z,eth_nonintegrable,periodic,centred,16,0.1475,32,0.625
final_reproduction_candidate,paper_exact_reconstructed_metadata,main,8,256,1.75,sigma_z_sigma_z,eth_nonintegrable,periodic,centred,16,0.15,32,0.625
final_reproduction_candidate,paper_exact_reconstructed_metadata,main,8,256,1.75,sigma_z_sigma_z,eth_nonintegrable,periodic,centred,16,0.1525,32,0.625
final_reproduction_candidate,paper_exact_reconstructed_metadata,main,8,256,1.75,sigma_z_sigma_z,eth_nonintegrable,periodic,centred,16,0.155,31,0.6192745387983595
final_reproduction_candidate,paper_exact_reconstructed_metadata,main,8,256,1.75,sigma_z_sigma_z,eth_nonintegrable,periodic,centred,16,0.1575,30,0.6133613244510648
final_reproduction_candidate,paper_exact_reconstructed_metadata,main,8,256,1.75,sigma_z_sigma_z,eth_nonintegrable,periodic,centred,16,0.16,30,0.6133613244510648
final_reproduction_candidate,paper_exact_reconstructed_metadata,main,8,256,1.75,sigma_z_sigma_z,eth_nonintegrable,periodic,centred,16,0.1625,28,0.6009193652572005
final_reproduction_candidate,paper_exact_reconstructed_metadata,main,8,256,1.75,sigma_z_sigma_z,eth_nonintegrable,periodic,centred,16,0.165,25,0.5804820237218405
final_reproduction_candidate,paper_exact_reconstructed_metadata,main,8,256,1.75,sigma_z_sigma_z,eth_nonintegrable,periodic,centred,16,0.1675,24,0.5731203125901446
final_reproduction_candidate,paper_exact_reconstructed_metadata,main,8,256,1.75,sigma_z_sigma_z,eth_nonintegrable,periodic,centred,16,0.17,24,0.5731203125901446
final_reproduction_candidate,paper_exact_reconstructed_metadata,main,8,256,1.75,sigma_z_sigma_z,eth_integrable,periodic,centred,16,0.0,256,1.0
final_reproduction_candidate,paper_exact_reconstructed_metadata,main,8,256,1.75,sigma_z_sigma_z,eth_integrable,periodic,centred,16,0.0025,253,0.9978741968367888
final_reproduction_candidate,paper_exact_reconstructed_metadata,main,8,256,1.75,sigma_z_sigma_z,eth_integrable,periodic,centred,16,0.005,251,0.9964429442438465
final_reproduction_candidate,paper_exact_reconstructed_metadata,main,8,256,1.75,sigma_z_sigma_z,eth_integrable,periodic,centred,16,0.0075,248,0.9942745387983595
final_reproduction_candidate,paper_exact_reconstructed_metadata,main,8,256,1.75,sigma_z_sigma_z,eth_integrable,periodic,centred,16,0.01,245,0.9920797423753215
final_reproduction_candidate,paper_exact_reconstructed_metadata,main,8,256,1.75,sigma_z_sigma_z,eth_integrable,periodic,centred,16,0.0125,243,0.9906015629507227
final_reproduction_candidate,paper_exact_reconstructed_metadata,main,8,256,1.75,sigma_z_sigma_z,eth_integrable,periodic,centred,16,0.015,242,0.9898579046593244
final_reproduction_candidate,paper_exact_reconstructed_metadata,main,8,256,1.75,sigma_z_sigma_z,eth_integrable,periodic,centred,16,0.0175,238,0.9868522204134931
final_reproduction_candidate,paper_exact_reconstructed_metadata,main,8,256,1.75,sigma_z_sigma_z,eth_integrable,periodic,centred,16,0.02,236,0.9853303811702303
final_reproduction_candidate,paper_exact_reconstructed_metadata,main,8,256,1.75,sigma_z_sigma_z,eth_integrable,periodic,centred,16,0.0225,233,0.983023268081785
final_reproduction_candidate,paper_exact_reconstructed_metadata,main,8,256,1.75,sigma_z_sigma_z,eth_integrable,periodic,centred,16,0.025,230,0.980686256368047
final_reproduction_candidate,paper_exact_reconstructed_metadata,main,8,256,1.75,sigma_z_sigma_z,eth_integrable,periodic,centred,16,0.0275,226,0.9775223703018986
final_reproduction_candidate,paper_exact_reconstructed_metadata,main,8,256,1.75,sigma_z_sigma_z,eth_integrable,periodic,centred,16,0.03,223,0.9751124874900381
final_reproduction_candidate,paper_exact_reconstructed_metadata,main,8,256,1.75,sigma_z_sigma_z,eth_integrable,periodic,centred,16,0.0325,220,0.9726699641905826
final_reproduction_candidate,paper_exact_reconstructed_metadata,main,8,256,1.75,sigma_z_sigma_z,eth_integrable,periodic,centred,16,0.035,219,0.9718483824501467
final_reproduction_candidate,paper_exact_reconstructed_metadata,main,8,256,1.75,sigma_z_sigma_z,eth_integrable,periodic,centred,16,0.0375,216,0.9693609377704336
final_reproduction_candidate,paper_exact_reconstructed_metadata,main,8,256,1.75,sigma_z_sigma_z,eth_integrable,periodic,centred,16,0.04,214,0.9676833733001433
final_reproduction_candidate,paper_exact_reconstructed_metadata,main,8,256,1.75,sigma_z_sigma_z,eth_integrable,periodic,centred,16,0.0425,209,0.9634198915101103
final_reproduction_candidate,paper_exact_reconstructed_metadata,main,8,256,1.75,sigma_z_sigma_z,eth_integrable,periodic,centred,16,0.045,206,0.9608125658979023
final_reproduction_candidate,paper_exact_reconstructed_metadata,main,8,256,1.75,sigma_z_sigma_z,eth_integrable,periodic,centred,16,0.0475,202,0.9572764353439744
final_reproduction_candidate,paper_exact_reconstructed_metadata,main,8,256,1.75,sigma_z_sigma_z,eth_integrable,periodic,centred,16,0.05,199,0.9545780775679561
final_reproduction_candidate,paper_exact_reconstructed_metadata,main,8,256,1.75,sigma_z_sigma_z,eth_integrable,periodic,centred,16,0.0525,195,0.9509162892187014
final_reproduction_candidate,paper_exact_reconstructed_metadata,main,8,256,1.75,sigma_z_sigma_z,eth_integrable,periodic,centred,16,0.055,194,0.949989105273391
final_reproduction_candidate,paper_exact_reconstructed_metadata,main,8,256,1.75,sigma_z_sigma_z,eth_integrable,periodic,centred,16,0.0575,188,0.9443236064597047
final_reproduction_candidate,paper_exact_reconstructed_metadata,main,8,256,1.75,sigma_z_sigma_z,eth_integrable,periodic,centred,16,0.06,187,0.9433618074859547
final_reproduction_candidate,paper_exact_reconstructed_metadata,main,8,256,1.75,sigma_z_sigma_z,eth_integrable,periodic,centred,16,0.0625,186,0.942394851388504
final_reproduction_candidate,paper_exact_reconstructed_metadata,main,8,256,1.75,sigma_z_sigma_z,eth_integrable,periodic,centred,16,0.065,184,0.9404452445071266
final_reproduction_candidate,paper_exact_reconstructed_metadata,main,8,256,1.75,sigma_z_sigma_z,eth_integrable,periodic,centred,16,0.0675,180,0.9364816370412093
final_reproduction_candidate,paper_exact_reconstructed_metadata,main,8,256,1.75,sigma_z_sigma_z,eth_integrable,periodic,centred,16,0.07,176,0.9324289523296622
final_reproduction_candidate,paper_exact_reconstructed_metadata,main,8,256,1.75,sigma_z_sigma_z,eth_integrable,periodic,centred,16,0.0725,173,0.9293285284545907
final_reproduction_candidate,paper_exact_reconstructed_metadata,main,8,256,1.75,sigma_z_sigma_z,eth_integrable,periodic,centred,16,0.075,170,0.9261738670172128
final_reproduction_candidate,paper_exact_reconstructed_metadata,main,8,256,1.75,sigma_z_sigma_z,eth_integrable,periodic,centred,16,0.0775,167,0.9229630365592566
final_reproduction_candidate,paper_exact_reconstructed_metadata,main,8,256,1.75,sigma_z_sigma_z,eth_integrable,periodic,centred,16,0.08,162,0.917481250360578
final_reproduction_candidate,paper_exact_reconstructed_metadata,main,8,256,1.75,sigma_z_sigma_z,eth_integrable,periodic,centred,16,0.0825,156,0.9106752773577811
final_reproduction_candidate,paper_exact_reconstructed_metadata,main,8,256,1.75,sigma_z_sigma_z,eth_integrable,periodic,centred,16,0.085,154,0.9083483175868627
final_reproduction_candidate,paper_exact_reconstructed_metadata,main,8,256,1.75,sigma_z_sigma_z,eth_integrable,periodic,centred,16,0.08750000000000001,151,0.9048005924156349
final_reproduction_candidate,paper_exact_reconstructed_metadata,main,8,256,1.75,sigma_z_sigma_z,eth_integrable,periodic,centred,16,0.09,148,0.9011816707036187
final_reproduction_candidate,paper_exact_reconstructed_metadata,main,8,256,1.75,sigma_z_sigma_z,eth_integrable,periodic,centred,16,0.0925,144,0.8962406251802891
final_reproduction_candidate,paper_exact_reconstructed_metadata,main,8,256,1.75,sigma_z_sigma_z,eth_integrable,periodic,centred,16,0.095,143,0.8949839170972986
final_reproduction_candidate,paper_exact_reconstructed_metadata,main,8,256,1.75,sigma_z_sigma_z,eth_integrable,periodic,centred,16,0.0975,140,0.8911603771181208
final_reproduction_candidate,paper_exact_reconstructed_metadata,main,8,256,1.75,sigma_z_sigma_z,eth_integrable,periodic,centred,16,0.1,134,0.8832611488072215
final_reproduction_candidate,paper_exact_reconstructed_metadata,main,8,256,1.75,sigma_z_sigma_z,eth_integrable,periodic,centred,16,0.10250000000000001,131,0.8791778751921813
final_reproduction_candidate,paper_exact_reconstructed_metadata,main,8,256,1.75,sigma_z_sigma_z,eth_integrable,periodic,centred,16,0.105,128,0.875
final_reproduction_candidate,paper_exact_reconstructed_metadata,main,8,256,1.75,sigma_z_sigma_z,eth_integrable,periodic,centred,16,0.1075,125,0.870723035582761
final_reproduction_candidate,paper_exact_reconstructed_metadata,main,8,256,1.75,sigma_z_sigma_z,eth_integrable,periodic,centred,16,0.11,124,0.8692745387983595
final_reproduction_candidate,paper_exact_reconstructed_metadata,main,8,256,1.75,sigma_z_sigma_z,eth_integrable,periodic,centred,16,0.1125,122,0.8663421671953608
final_reproduction_candidate,paper_exact_reconstructed_metadata,main,8,256,1.75,sigma_z_sigma_z,eth_integrable,periodic,centred,16,0.115,121,0.8648579046593244
final_reproduction_candidate,paper_exact_reconstructed_metadata,main,8,256,1.75,sigma_z_sigma_z,eth_integrable,periodic,centred,16,0.11750000000000001,117,0.8587955899479256
final_reproduction_candidate,paper_exact_reconstructed_metadata,main,8,256,1.75,sigma_z_sigma_z,eth_integrable,periodic,centred,16,0.12,115,0.855686256368047
final_reproduction_candidate,paper_exact_reconstructed_metadata,main,8,256,1.75,sigma_z_sigma_z,eth_integrable,periodic,centred,16,0.1225,114,0.8541112517705928
final_reproduction_candidate,paper_exact_reconstructed_metadata,main,8,256,1.75,sigma_z_sigma_z,eth_integrable,periodic,centred,16,0.125,112,0.8509193652572005
final_reproduction_candidate,paper_exact_reconstructed_metadata,main,8,256,1.75,sigma_z_sigma_z,eth_integrable,periodic,centred,16,0.1275,112,0.8509193652572005
final_reproduction_candidate,paper_exact_reconstructed_metadata,main,8,256,1.75,sigma_z_sigma_z,eth_integrable,periodic,centred,16,0.13,110,0.8476699641905825
final_reproduction_candidate,paper_exact_reconstructed_metadata,main,8,256,1.75,sigma_z_sigma_z,eth_integrable,periodic,centred,16,0.1325,103,0.8358125658979023
final_reproduction_candidate,paper_exact_reconstructed_metadata,main,8,256,1.75,sigma_z_sigma_z,eth_integrable,periodic,centred,16,0.135,102,0.8340531677464369
final_reproduction_candidate,paper_exact_reconstructed_metadata,main,8,256,1.75,sigma_z_sigma_z,eth_integrable,periodic,centred,16,0.1375,101,0.8322764353439744
final_reproduction_candidate,paper_exact_reconstructed_metadata,main,8,256,1.75,sigma_z_sigma_z,eth_integrable,periodic,centred,16,0.14,99,0.8286695775099512
final_reproduction_candidate,paper_exact_reconstructed_metadata,main,8,256,1.75,sigma_z_sigma_z,eth_integrable,periodic,centred,16,0.14250000000000002,96,0.8231203125901445
final_reproduction_candidate,paper_exact_reconstructed_metadata,main,8,256,1.75,sigma_z_sigma_z,eth_integrable,periodic,centred,16,0.145,96,0.8231203125901445
final_reproduction_candidate,paper_exact_reconstructed_metadata,main,8,256,1.75,sigma_z_sigma_z,eth_integrable,periodic,centred,16,0.1475,94,0.8193236064597047
final_reproduction_candidate,paper_exact_reconstructed_metadata,main,8,256,1.75,sigma_z_sigma_z,eth_integrable,periodic,centred,16,0.15,92,0.8154452445071266
final_reproduction_candidate,paper_exact_reconstructed_metadata,main,8,256,1.75,sigma_z_sigma_z,eth_integrable,periodic,centred,16,0.1525,91,0.813474330024837
final_reproduction_candidate,paper_exact_reconstructed_metadata,main,8,256,1.75,sigma_z_sigma_z,eth_integrable,periodic,centred,16,0.155,89,0.8094666788707997
final_reproduction_candidate,paper_exact_reconstructed_metadata,main,8,256,1.75,sigma_z_sigma_z,eth_integrable,periodic,centred,16,0.1575,87,0.8053679369810911
final_reproduction_candidate,paper_exact_reconstructed_metadata,main,8,256,1.75,sigma_z_sigma_z,eth_integrable,periodic,centred,16,0.16,87,0.8053679369810911
final_reproduction_candidate,paper_exact_reconstructed_metadata,main,8,256,1.75,sigma_z_sigma_z,eth_integrable,periodic,centred,16,0.1625,86,0.8032830943377622
final_reproduction_candidate,paper_exact_reconstructed_metadata,main,8,256,1.75,sigma_z_sigma_z,eth_integrable,periodic,centred,16,0.165,85,0.8011738670172128
final_reproduction_candidate,paper_exact_reconstructed_metadata,main,8,256,1.75,sigma_z_sigma_z,eth_integrable,periodic,centred,16,0.1675,82,0.7946940005772606
final_reproduction_candidate,paper_exact_reconstructed_metadata,main,8,256,1.75,sigma_z_sigma_z,eth_integrable,periodic,centred,16,0.17,82,0.7946940005772606
final_reproduction_candidate,paper_exact_reconstructed_metadata,main,8,256,0.25,sigma_z,leaf,periodic,centred,16,0.0,256,1.0
final_reproduction_candidate,paper_exact_reconstructed_metadata,main,8,256,0.25,sigma_z,leaf,periodic,centred,16,0.0025,244,0.9913421671953608
final_reproduction_candidate,paper_exact_reconstructed_metadata,main,8,256,0.25,sigma_z,leaf,periodic,centred,16,0.005,236,0.9853303811702303
final_reproduction_candidate,paper_exact_reconstructed_metadata,main,8,256,0.25,sigma_z,leaf,periodic,centred,16,0.0075,226,0.9775223703018986
final_reproduction_candidate,paper_exact_reconstructed_metadata,main,8,256,0.25,sigma_z,leaf,periodic,centred,16,0.01,224,0.9759193652572005
final_reproduction_candidate,paper_exact_reconstructed_metadata,main,8,256,0.25,sigma_z,leaf,periodic,centred,16,0.0125,215,0.9685241061986825
final_reproduction_candidate,paper_exact_reconstructed_metadata,main,8,256,0.25,sigma_z,leaf,periodic,centred,16,0.015,207,0.9616858696874157
final_reproduction_candidate,paper_exact_reconstructed_metadata,main,8,256,0.25,sigma_z,leaf,periodic,centred,16,0.0175,202,0.9572764353439744
final_reproduction_candidate,paper_exact_reconstructed_metadata,main,8,256,0.25,sigma_z,leaf,periodic,centred,16,0.02,188,0.9443236064597047
final_reproduction_candidate,paper_exact_reconstructed_metadata,main,8,256,0.25,sigma_z,leaf,periodic,centred,16,0.0225,181,0.9374807358854007
final_reproduction_candidate,paper_exact_reconstructed_metadata,main,8,256,0.25,sigma_z,leaf,periodic,centred,16,0.025,172,0.9282830943377622
final_reproduction_candidate,paper_exact_reconstructed_metadata,main,8,256,0.25,sigma_z,leaf,periodic,centred,16,0.0275,165,0.9207902767807269
final_reproduction_candidate,paper_exact_reconstructed_metadata,main,8,256,0.25,sigma_z,leaf,periodic,centred,16,0.03,158,0.9129725935221379
final_reproduction_candidate,paper_exact_reconstructed_metadata,main,8,256,0.25,sigma_z,leaf,periodic,centred,16,0.0325,151,0.9048005924156349
final_reproduction_candidate,paper_exact_reconstructed_metadata,main,8,256,0.25,sigma_z,leaf,periodic,centred,16,0.035,144,0.8962406251802891
final_reproduction_candidate,paper_exact_reconstructed_metadata,main,8,256,0.25,sigma_z,leaf,periodic,centred,16,0.0375,133,0.8819103044376487
final_reproduction_candidate,paper_exact_reconstructed_metadata,main,8,256,0.25,sigma_z,leaf,periodic,centred,16,0.04,128,0.875
final_reproduction_candidate,paper_exact_reconstructed_metadata,main,8,256,0.25,sigma_z,leaf,periodic,centred,16,0.0425,127,0.8735855858465208
final_reproduction_candidate,paper_exact_reconstructed_metadata,main,8,256,0.25,sigma_z,leaf,periodic,centred,16,0.045,117,0.8587955899479256
final_reproduction_candidate,paper_exact_reconstructed_metadata,main,8,256,0.25,sigma_z,leaf,periodic,centred,16,0.0475,112,0.8509193652572005
final_reproduction_candidate,paper_exact_reconstructed_metadata,main,8,256,0.25,sigma_z,leaf,periodic,centred,16,0.05,107,0.8426833733001433
final_reproduction_candidate,paper_exact_reconstructed_metadata,main,8,256,0.25,sigma_z,leaf,periodic,centred,16,0.0525,102,0.8340531677464369
final_reproduction_candidate,paper_exact_reconstructed_metadata,main,8,256,0.25,sigma_z,leaf,periodic,centred,16,0.055,97,0.824989105273391
final_reproduction_candidate,paper_exact_reconstructed_metadata,main,8,256,0.25,sigma_z,leaf,periodic,centred,16,0.0575,92,0.8154452445071266
final_reproduction_candidate,paper_exact_reconstructed_metadata,main,8,256,0.25,sigma_z,leaf,periodic,centred,16,0.06,91,0.813474330024837
final_reproduction_candidate,paper_exact_reconstructed_metadata,main,8,256,0.25,sigma_z,leaf,periodic,centred,16,0.0625,88,0.8074289523296623
final_reproduction_candidate,paper_exact_reconstructed_metadata,main,8,256,0.25,sigma_z,leaf,periodic,centred,16,0.065,82,0.7946940005772606
final_reproduction_candidate,paper_exact_reconstructed_metadata,main,8,256,0.25,sigma_z,leaf,periodic,centred,16,0.0675,76,0.7809909391804483
final_reproduction_candidate,paper_exact_reconstructed_metadata,main,8,256,0.25,sigma_z,leaf,periodic,centred,16,0.07,69,0.7635655570972713
final_reproduction_candidate,paper_exact_reconstructed_metadata,main,8,256,0.25,sigma_z,leaf,periodic,centred,16,0.0725,64,0.75
final_reproduction_candidate,paper_exact_reconstructed_metadata,main,8,256,0.25,sigma_z,leaf,periodic,centred,16,0.075,61,0.7413421671953608
final_reproduction_candidate,paper_exact_reconstructed_metadata,main,8,256,0.25,sigma_z,leaf,periodic,centred,16,0.0775,54,0.7193609377704336
final_reproduction_candidate,paper_exact_reconstructed_metadata,main,8,256,0.25,sigma_z,leaf,periodic,centred,16,0.08,51,0.709053167746437
final_reproduction_candidate,paper_exact_reconstructed_metadata,main,8,256,0.25,sigma_z,leaf,periodic,centred,16,0.0825,49,0.701838730514401
final_reproduction_candidate,paper_exact_reconstructed_metadata,main,8,256,0.25,sigma_z,leaf,periodic,centred,16,0.085,46,0.6904452445071266
final_reproduction_candidate,paper_exact_reconstructed_metadata,main,8,256,0.25,sigma_z,leaf,periodic,centred,16,0.08750000000000001,43,0.6782830943377622
final_reproduction_candidate,paper_exact_reconstructed_metadata,main,8,256,0.25,sigma_z,leaf,periodic,centred,16,0.09,42,0.6740396778473451
final_reproduction_candidate,paper_exact_reconstructed_metadata,main,8,256,0.25,sigma_z,leaf,periodic,centred,16,0.0925,39,0.6606752773577811
final_reproduction_candidate,paper_exact_reconstructed_metadata,main,8,256,0.25,sigma_z,leaf,periodic,centred,16,0.095,35,0.6411603771181208
final_reproduction_candidate,paper_exact_reconstructed_metadata,main,8,256,0.25,sigma_z,leaf,periodic,centred,16,0.0975,33,0.6305492649198067
final_reproduction_candidate,paper_exact_reconstructed_metadata,main,8,256,0.25,sigma_z,leaf,periodic,centred,16,0.1,32,0.625
final_reproduction_candidate,paper_exact_reconstructed_metadata,main,8,256,0.25,sigma_z,leaf,periodic,centred,16,0.10250000000000001,29,0.6072476243909466
final_reproduction_candidate,paper_exact_reconstructed_metadata,main,8,256,0.25,sigma_z,leaf,periodic,centred,16,0.105,28,0.6009193652572005
final_reproduction_candidate,paper_exact_reconstructed_metadata,main,8,256,0.25,sigma_z,leaf,periodic,centred,16,0.1075,27,0.5943609377704336
final_reproduction_candidate,paper_exact_reconstructed_metadata,main,8,256,0.25,sigma_z,leaf,periodic,centred,16,0.11,27,0.5943609377704336
final_reproduction_candidate,paper_exact_reconstructed_metadata,main,8,256,0.25,sigma_z,leaf,periodic,centred,16,0.1125,27,0.5943609377704336
final_reproduction_candidate,paper_exact_reconstructed_metadata,main,8,256,0.25,sigma_z,leaf,periodic,centred,16,0.115,27,0.5943609377704336
final_reproduction_candidate,paper_exact_reconstructed_metadata,main,8,256,0.25,sigma_z,leaf,periodic,centred,16,0.11750000000000001,25,0.5804820237218405
final_reproduction_candidate,paper_exact_reconstructed_metadata,main,8,256,0.25,sigma_z,leaf,periodic,centred,16,0.12,22,0.5574289523296622
final_reproduction_candidate,paper_exact_reconstructed_metadata,main,8,256,0.25,sigma_z,leaf,periodic,centred,16,0.1225,20,0.5402410118609203
final_reproduction_candidate,paper_exact_reconstructed_metadata,main,8,256,0.25,sigma_z,leaf,periodic,centred,16,0.125,19,0.5309909391804482
final_reproduction_candidate,paper_exact_reconstructed_metadata,main,8,256,0.25,sigma_z,leaf,periodic,centred,16,0.1275,16,0.5
final_reproduction_candidate,paper_exact_reconstructed_metadata,main,8,256,0.25,sigma_z,leaf,periodic,centred,16,0.13,14,0.47591936525720047
final_reproduction_candidate,paper_exact_reconstructed_metadata,main,8,256,0.25,sigma_z,leaf,periodic,centred,16,0.1325,14,0.47591936525720047
final_reproduction_candidate,paper_exact_reconstructed_metadata,main,8,256,0.25,sigma_z,leaf,periodic,centred,16,0.135,14,0.47591936525720047
final_reproduction_candidate,paper_exact_reconstructed_metadata,main,8,256,0.25,sigma_z,leaf,periodic,centred,16,0.1375,13,0.4625549647676365
final_reproduction_candidate,paper_exact_reconstructed_metadata,main,8,256,0.25,sigma_z,leaf,periodic,centred,16,0.14,12,0.44812031259014456
final_reproduction_candidate,paper_exact_reconstructed_metadata,main,8,256,0.25,sigma_z,leaf,periodic,centred,16,0.14250000000000002,12,0.44812031259014456
final_reproduction_candidate,paper_exact_reconstructed_metadata,main,8,256,0.25,sigma_z,leaf,periodic,centred,16,0.145,12,0.44812031259014456
final_reproduction_candidate,paper_exact_reconstructed_metadata,main,8,256,0.25,sigma_z,leaf,periodic,centred,16,0.1475,12,0.44812031259014456
final_reproduction_candidate,paper_exact_reconstructed_metadata,main,8,256,0.25,sigma_z,leaf,periodic,centred,16,0.15,11,0.4324289523296622
final_reproduction_candidate,paper_exact_reconstructed_metadata,main,8,256,0.25,sigma_z,leaf,periodic,centred,16,0.1525,10,0.41524101186092033
final_reproduction_candidate,paper_exact_reconstructed_metadata,main,8,256,0.25,sigma_z,leaf,periodic,centred,16,0.155,10,0.41524101186092033
final_reproduction_candidate,paper_exact_reconstructed_metadata,main,8,256,0.25,sigma_z,leaf,periodic,centred,16,0.1575,10,0.41524101186092033
final_reproduction_candidate,paper_exact_reconstructed_metadata,main,8,256,0.25,sigma_z,leaf,periodic,centred,16,0.16,10,0.41524101186092033
final_reproduction_candidate,paper_exact_reconstructed_metadata,main,8,256,0.25,sigma_z,leaf,periodic,centred,16,0.1625,10,0.41524101186092033
final_reproduction_candidate,paper_exact_reconstructed_metadata,main,8,256,0.25,sigma_z,leaf,periodic,centred,16,0.165,9,0.3962406251802891
final_reproduction_candidate,paper_exact_reconstructed_metadata,main,8,256,0.25,sigma_z,leaf,periodic,centred,16,0.1675,6,0.3231203125901445
final_reproduction_candidate,paper_exact_reconstructed_metadata,main,8,256,0.25,sigma_z,leaf,periodic,centred,16,0.17,5,0.2902410118609203
final_reproduction_candidate,paper_exact_reconstructed_metadata,main,8,256,0.25,sigma_z_sigma_z,leaf,periodic,centred,16,0.0,256,1.0
final_reproduction_candidate,paper_exact_reconstructed_metadata,main,8,256,0.25,sigma_z_sigma_z,leaf,periodic,centred,16,0.0025,249,0.9950002415085101
final_reproduction_candidate,paper_exact_reconstructed_metadata,main,8,256,0.25,sigma_z_sigma_z,leaf,periodic,centred,16,0.005,242,0.9898579046593244
final_reproduction_candidate,paper_exact_reconstructed_metadata,main,8,256,0.25,sigma_z_sigma_z,leaf,periodic,centred,16,0.0075,235,0.984564618320625
final_reproduction_candidate,paper_exact_reconstructed_metadata,main,8,256,0.25,sigma_z_sigma_z,leaf,periodic,centred,16,0.01,230,0.980686256368047
final_reproduction_candidate,paper_exact_reconstructed_metadata,main,8,256,0.25,sigma_z_sigma_z,leaf,periodic,centred,16,0.0125,226,0.9775223703018986
final_reproduction_candidate,paper_exact_reconstructed_metadata,main,8,256,0.25,sigma_z_sigma_z,leaf,periodic,centred,16,0.015,220,0.9726699641905826
final_reproduction_candidate,paper_exact_reconstructed_metadata,main,8,256,0.25,sigma_z_sigma_z,leaf,periodic,centred,16,0.0175,214,0.9676833733001433
final_reproduction_candidate,paper_exact_reconstructed_metadata,main,8,256,0.25,sigma_z_sigma_z,leaf,periodic,centred,16,0.02,211,0.9651373985883982
final_reproduction_candidate,paper_exact_reconstructed_metadata,main,8,256,0.25,sigma_z_sigma_z,leaf,periodic,centred,16,0.0225,206,0.9608125658979023
final_reproduction_candidate,paper_exact_reconstructed_metadata,main,8,256,0.25,sigma_z_sigma_z,leaf,periodic,centred,16,0.025,205,0.9599350124381808
final_reproduction_candidate,paper_exact_reconstructed_metadata,main,8,256,0.25,sigma_z_sigma_z,leaf,periodic,centred,16,0.0275,200,0.9554820237218405
final_reproduction_candidate,paper_exact_reconstructed_metadata,main,8,256,0.25,sigma_z_sigma_z,leaf,periodic,centred,16,0.03,195,0.9509162892187014
final_reproduction_candidate,paper_exact_reconstructed_metadata,main,8,256,0.25,sigma_z_sigma_z,leaf,periodic,centred,16,0.0325,192,0.9481203125901445
final_reproduction_candidate,paper_exact_reconstructed_metadata,main,8,256,0.25,sigma_z_sigma_z,leaf,periodic,centred,16,0.035,188,0.9443236064597047
final_reproduction_candidate,paper_exact_reconstructed_metadata,main,8,256,0.25,sigma_z_sigma_z,leaf,periodic,centred,16,0.0375,184,0.9404452445071266
final_reproduction_candidate,paper_exact_reconstructed_metadata,main,8,256,0.25,sigma_z_sigma_z,leaf,periodic,centred,16,0.04,178,0.9344666788707997
final_reproduction_candidate,paper_exact_reconstructed_metadata,main,8,256,0.25,sigma_z_sigma_z,leaf,periodic,centred,16,0.0425,177,0.9334506937603747
final_reproduction_candidate,paper_exact_reconstructed_metadata,main,8,256,0.25,sigma_z_sigma_z,leaf,periodic,centred,16,0.045,171,0.9272315643607374
final_reproduction_candidate,paper_exact_reconstructed_metadata,main,8,256,0.25,sigma_z_sigma_z,leaf,periodic,centred,16,0.0475,166,0.9218799289183657
final_reproduction_candidate,paper_exact_reconstructed_metadata,main,8,256,0.25,sigma_z_sigma_z,leaf,periodic,centred,16,0.05,164,0.9196940005772606
final_reproduction_candidate,paper_exact_reconstructed_metadata,main,8,256,0.25,sigma_z_sigma_z,leaf,periodic,centred,16,0.0525,153,0.9071734803365815
final_reproduction_candidate,paper_exact_reconstructed_metadata,main,8,256,0.25,sigma_z_sigma_z,leaf,periodic,centred,16,0.055,148,0.9011816707036187
final_reproduction_candidate,paper_exact_reconstructed_metadata,main,8,256,0.25,sigma_z_sigma_z,leaf,periodic,centred,16,0.0575,142,0.8937183899380853
final_reproduction_candidate,paper_exact_reconstructed_metadata,main,8,256,0.25,sigma_z_sigma_z,leaf,periodic,centred,16,0.06,139,0.8898676340904385
final_reproduction_candidate,paper_exact_reconstructed_metadata,main,8,256,0.25,sigma_z_sigma_z,leaf,periodic,centred,16,0.0625,135,0.884601949631354
final_reproduction_candidate,paper_exact_reconstructed_metadata,main,8,256,0.25,sigma_z_sigma_z,leaf,periodic,centred,16,0.065,132,0.8805492649198067
final_reproduction_candidate,paper_exact_reconstructed_metadata,main,8,256,0.25,sigma_z_sigma_z,leaf,periodic,centred,16,0.0675,128,0.875
final_reproduction_candidate,paper_exact_reconstructed_metadata,main,8,256,0.25,sigma_z_sigma_z,leaf,periodic,centred,16,0.07,121,0.8648579046593244
final_reproduction_candidate,paper_exact_reconstructed_metadata,main,8,256,0.25,sigma_z_sigma_z,leaf,periodic,centred,16,0.0725,118,0.8603303811702302
final_reproduction_candidate,paper_exact_reconstructed_metadata,main,8,256,0.25,sigma_z_sigma_z,leaf,periodic,centred,16,0.075,112,0.8509193652572005
final_reproduction_candidate,paper_exact_reconstructed_metadata,main,8,256,0.25,sigma_z_sigma_z,leaf,periodic,centred,16,0.0775,112,0.8509193652572005
final_reproduction_candidate,paper_exact_reconstructed_metadata,main,8,256,0.25,sigma_z_sigma_z,leaf,periodic,centred,16,0.08,110,0.8476699641905825
final_reproduction_candidate,paper_exact_reconstructed_metadata,main,8,256,0.25,sigma_z_sigma_z,leaf,periodic,centred,16,0.0825,107,0.8426833733001433
final_reproduction_candidate,paper_exact_reconstructed_metadata,main,8,256,0.25,sigma_z_sigma_z,leaf,periodic,centred,16,0.085,105,0.8392806897082653
final_reproduction_candidate,paper_exact_reconstructed_metadata,main,8,256,0.25,sigma_z_sigma_z,leaf,periodic,centred,16,0.08750000000000001,101,0.8322764353439744
final_reproduction_candidate,paper_exact_reconstructed_metadata,main,8,256,0.25,sigma_z_sigma_z,leaf,periodic,centred,16,0.09,100,0.8304820237218407
final_reproduction_candidate,paper_exact_reconstructed_metadata,main,8,256,0.25,sigma_z_sigma_z,leaf,periodic,centred,16,0.0925,97,0.824989105273391
final_reproduction_candidate,paper_exact_reconstructed_metadata,main,8,256,0.25,sigma_z_sigma_z,leaf,periodic,centred,16,0.095,95,0.8212319510413685
final_reproduction_candidate,paper_exact_reconstructed_metadata,main,8,256,0.25,sigma_z_sigma_z,leaf,periodic,centred,16,0.0975,93,0.817394851388504
final_reproduction_candidate,paper_exact_reconstructed_metadata,main,8,256,0.25,sigma_z_sigma_z,leaf,periodic,centred,16,0.1,91,0.813474330024837
final_reproduction_candidate,paper_exact_reconstructed_metadata,main,8,256,0.25,sigma_z_sigma_z,leaf,periodic,centred,16,0.10250000000000001,90,0.8114816370412093
final_reproduction_candidate,paper_exact_reconstructed_metadata,main,8,256,0.25,sigma_z_sigma_z,leaf,periodic,centred,16,0.105,86,0.8032830943377622
final_reproduction_candidate,paper_exact_reconstructed_metadata,main,8,256,0.25,sigma_z_sigma_z,leaf,periodic,centred,16,0.1075,84,0.799039677847345
final_reproduction_candidate,paper_exact_reconstructed_metadata,main,8,256,0.25,sigma_z_sigma_z,leaf,periodic,centred,16,0.11,77,0.7833483175868627
final_reproduction_candidate,paper_exact_reconstructed_metadata,main,8,256,0.25,sigma_z_sigma_z,leaf,periodic,centred,16,0.1125,74,0.7761816707036189
final_reproduction_candidate,paper_exact_reconstructed_metadata,main,8,256,0.25,sigma_z_sigma_z,leaf,periodic,centred,16,0.115,72,0.771240625180289
final_reproduction_candidate,paper_exact_reconstructed_metadata,main,8,256,0.25,sigma_z_sigma_z,leaf,periodic,centred,16,0.11750000000000001,72,0.771240625180289
final_reproduction_candidate,paper_exact_reconstructed_metadata,main,8,256,0.25,sigma_z_sigma_z,leaf,periodic,centred,16,0.12,70,0.7661603771181209
final_reproduction_candidate,paper_exact_reconstructed_metadata,main,8,256,0.25,sigma_z_sigma_z,leaf,periodic,centred,16,0.1225,65,0.7527959766285568
final_reproduction_candidate,paper_exact_reconstructed_metadata,main,8,256,0.25,sigma_z_sigma_z,leaf,periodic,centred,16,0.125,60,0.7383613244510648
final_reproduction_candidate,paper_exact_reconstructed_metadata,main,8,256,0.25,sigma_z_sigma_z,leaf,periodic,centred,16,0.1275,59,0.7353303811702302
final_reproduction_candidate,paper_exact_reconstructed_metadata,main,8,256,0.25,sigma_z_sigma_z,leaf,periodic,centred,16,0.13,57,0.7291112517705928
final_reproduction_candidate,paper_exact_reconstructed_metadata,main,8,256,0.25,sigma_z_sigma_z,leaf,periodic,centred,16,0.1325,53,0.7159900568204
final_reproduction_candidate,paper_exact_reconstructed_metadata,main,8,256,0.25,sigma_z_sigma_z,leaf,periodic,centred,16,0.135,51,0.709053167746437
final_reproduction_candidate,paper_exact_reconstructed_metadata,main,8,256,0.25,sigma_z_sigma_z,leaf,periodic,centred,16,0.1375,51,0.709053167746437
final_reproduction_candidate,paper_exact_reconstructed_metadata,main,8,256,0.25,sigma_z_sigma_z,leaf,periodic,centred,16,0.14,50,0.7054820237218405
final_reproduction_candidate,paper_exact_reconstructed_metadata,main,8,256,0.25,sigma_z_sigma_z,leaf,periodic,centred,16,0.14250000000000002,50,0.7054820237218405
final_reproduction_candidate,paper_exact_reconstructed_metadata,main,8,256,0.25,sigma_z_sigma_z,leaf,periodic,centred,16,0.145,47,0.6943236064597047
final_reproduction_candidate,paper_exact_reconstructed_metadata,main,8,256,0.25,sigma_z_sigma_z,leaf,periodic,centred,16,0.1475,45,0.6864816370412093
final_reproduction_candidate,paper_exact_reconstructed_metadata,main,8,256,0.25,sigma_z_sigma_z,leaf,periodic,centred,16,0.15,42,0.6740396778473451
final_reproduction_candidate,paper_exact_reconstructed_metadata,main,8,256,0.25,sigma_z_sigma_z,leaf,periodic,centred,16,0.1525,41,0.6696940005772605
final_reproduction_candidate,paper_exact_reconstructed_metadata,main,8,256,0.25,sigma_z_sigma_z,leaf,periodic,centred,16,0.155,39,0.6606752773577811
final_reproduction_candidate,paper_exact_reconstructed_metadata,main,8,256,0.25,sigma_z_sigma_z,leaf,periodic,centred,16,0.1575,36,0.646240625180289
final_reproduction_candidate,paper_exact_reconstructed_metadata,main,8,256,0.25,sigma_z_sigma_z,leaf,periodic,centred,16,0.16,33,0.6305492649198067
final_reproduction_candidate,paper_exact_reconstructed_metadata,main,8,256,0.25,sigma_z_sigma_z,leaf,periodic,centred,16,0.1625,33,0.6305492649198067
final_reproduction_candidate,paper_exact_reconstructed_metadata,main,8,256,0.25,sigma_z_sigma_z,leaf,periodic,centred,16,0.165,33,0.6305492649198067
final_reproduction_candidate,paper_exact_reconstructed_metadata,main,8,256,0.25,sigma_z_sigma_z,leaf,periodic,centred,16,0.1675,31,0.6192745387983595
final_reproduction_candidate,paper_exact_reconstructed_metadata,main,8,256,0.25,sigma_z_sigma_z,leaf,periodic,centred,16,0.17,27,0.5943609377704336
final_reproduction_candidate,paper_exact_reconstructed_metadata,main,8,256,0.75,sigma_z,leaf,periodic,centred,16,0.0,256,1.0
final_reproduction_candidate,paper_exact_reconstructed_metadata,main,8,256,0.75,sigma_z,leaf,periodic,centred,16,0.0025,249,0.9950002415085101
final_reproduction_candidate,paper_exact_reconstructed_metadata,main,8,256,0.75,sigma_z,leaf,periodic,centred,16,0.005,247,0.9935459039480847
final_reproduction_candidate,paper_exact_reconstructed_metadata,main,8,256,0.75,sigma_z,leaf,periodic,centred,16,0.0075,245,0.9920797423753215
final_reproduction_candidate,paper_exact_reconstructed_metadata,main,8,256,0.75,sigma_z,leaf,periodic,centred,16,0.01,237,0.9860929061122825
final_reproduction_candidate,paper_exact_reconstructed_metadata,main,8,256,0.75,sigma_z,leaf,periodic,centred,16,0.0125,234,0.9837955899479256
final_reproduction_candidate,paper_exact_reconstructed_metadata,main,8,256,0.75,sigma_z,leaf,periodic,centred,16,0.015,226,0.9775223703018986
final_reproduction_candidate,paper_exact_reconstructed_metadata,main,8,256,0.75,sigma_z,leaf,periodic,centred,16,0.0175,222,0.9743019832937633
final_reproduction_candidate,paper_exact_reconstructed_metadata,main,8,256,0.75,sigma_z,leaf,periodic,centred,16,0.02,212,0.9659900568204
final_reproduction_candidate,paper_exact_reconstructed_metadata,main,8,256,0.75,sigma_z,leaf,periodic,centred,16,0.0225,207,0.9616858696874157
final_reproduction_candidate,paper_exact_reconstructed_metadata,main,8,256,0.75,sigma_z,leaf,periodic,centred,16,0.025,204,0.9590531677464369
final_reproduction_candidate,paper_exact_reconstructed_metadata,main,8,256,0.75,sigma_z,leaf,periodic,centred,16,0.0275,198,0.9536695775099512
final_reproduction_candidate,paper_exact_reconstructed_metadata,main,8,256,0.75,sigma_z,leaf,periodic,centred,16,0.03,193,0.9490571296585101
final_reproduction_candidate,paper_exact_reconstructed_metadata,main,8,256,0.75,sigma_z,leaf,periodic,centred,16,0.0325,192,0.9481203125901445
final_reproduction_candidate,paper_exact_reconstructed_metadata,main,8,256,0.75,sigma_z,leaf,periodic,centred,16,0.035,183,0.9394624797855055
final_reproduction_candidate,paper_exact_reconstructed_metadata,main,8,256,0.75,sigma_z,leaf,periodic,centred,16,0.0375,177,0.9334506937603747
final_reproduction_candidate,paper_exact_reconstructed_metadata,main,8,256,0.75,sigma_z,leaf,periodic,centred,16,0.04,174,0.9303679369810911
final_reproduction_candidate,paper_exact_reconstructed_metadata,main,8,256,0.75,sigma_z,leaf,periodic,centred,16,0.0425,171,0.9272315643607374
final_reproduction_candidate,paper_exact_reconstructed_metadata,main,8,256,0.75,sigma_z,leaf,periodic,centred,16,0.045,163,0.9185910192788848
final_reproduction_candidate,paper_exact_reconstructed_metadata,main,8,256,0.75,sigma_z,leaf,periodic,centred,16,0.0475,158,0.9129725935221379
final_reproduction_candidate,paper_exact_reconstructed_metadata,main,8,256,0.75,sigma_z,leaf,periodic,centred,16,0.05,149,0.9023960650577703
final_reproduction_candidate,paper_exact_reconstructed_metadata,main,8,256,0.75,sigma_z,leaf,periodic,centred,16,0.0525,146,0.8987280698600022
final_reproduction_candidate,paper_exact_reconstructed_metadata,main,8,256,0.75,sigma_z,leaf,periodic,centred,16,0.055,140,0.8911603771181208
final_reproduction_candidate,paper_exact_reconstructed_metadata,main,8,256,0.75,sigma_z,leaf,periodic,centred,16,0.0575,127,0.8735855858465208
final_reproduction_candidate,paper_exact_reconstructed_metadata,main,8,256,0.75,sigma_z,leaf,periodic,centred,16,0.06,123,0.867814313167405
final_reproduction_candidate,paper_exact_reconstructed_metadata,main,8,256,0.75,sigma_z,leaf,periodic,centred,16,0.0625,123,0.867814313167405
final_reproduction_candidate,paper_exact_reconstructed_metadata,main,8,256,0.75,sigma_z,leaf,periodic,centred,16,0.065,121,0.8648579046593244
final_reproduction_candidate,paper_exact_reconstructed_metadata,main,8,256,0.75,sigma_z,leaf,periodic,centred,16,0.0675,116,0.8572476243909465
final_reproduction_candidate,paper_exact_reconstructed_metadata,main,8,256,0.75,sigma_z,leaf,periodic,centred,16,0.07,109,0.8460230405971157
final_reproduction_candidate,paper_exact_reconstructed_metadata,main,8,256,0.75,sigma_z,leaf,periodic,centred,16,0.0725,108,0.8443609377704336
final_reproduction_candidate,paper_exact_reconstructed_metadata,main,8,256,0.75,sigma_z,leaf,periodic,centred,16,0.075,98,0.8268387305144012
final_reproduction_candidate,paper_exact_reconstructed_metadata,main,8,256,0.75,sigma_z,leaf,periodic,centred,16,0.0775,93,0.817394851388504
final_reproduction_candidate,paper_exact_reconstructed_metadata,main,8,256,0.75,sigma_z,leaf,periodic,centred,16,0.08,87,0.8053679369810911
final_reproduction_candidate,paper_exact_reconstructed_metadata,main,8,256,0.75,sigma_z,leaf,periodic,centred,16,0.0825,81,0.7924812503605781
final_reproduction_candidate,paper_exact_reconstructed_metadata,main,8,256,0.75,sigma_z,leaf,periodic,centred,16,0.085,77,0.7833483175868627
final_reproduction_candidate,paper_exact_reconstructed_metadata,main,8,256,0.75,sigma_z,leaf,periodic,centred,16,0.08750000000000001,73,0.7737280698600022
final_reproduction_candidate,paper_exact_reconstructed_metadata,main,8,256,0.75,sigma_z,leaf,periodic,centred,16,0.09,72,0.771240625180289
final_reproduction_candidate,paper_exact_reconstructed_metadata,main,8,256,0.75,sigma_z,leaf,periodic,centred,16,0.0925,71,0.7687183899380853
final_reproduction_candidate,paper_exact_reconstructed_metadata,main,8,256,0.75,sigma_z,leaf,periodic,centred,16,0.095,71,0.7687183899380853
final_reproduction_candidate,paper_exact_reconstructed_metadata,main,8,256,0.75,sigma_z,leaf,periodic,centred,16,0.0975,69,0.7635655570972713
final_reproduction_candidate,paper_exact_reconstructed_metadata,main,8,256,0.75,sigma_z,leaf,periodic,centred,16,0.1,67,0.7582611488072215
final_reproduction_candidate,paper_exact_reconstructed_metadata,main,8,256,0.75,sigma_z,leaf,periodic,centred,16,0.10250000000000001,63,0.7471599904374896
final_reproduction_candidate,paper_exact_reconstructed_metadata,main,8,256,0.75,sigma_z,leaf,periodic,centred,16,0.105,61,0.7413421671953608
final_reproduction_candidate,paper_exact_reconstructed_metadata,main,8,256,0.75,sigma_z,leaf,periodic,centred,16,0.1075,56,0.7259193652572006
final_reproduction_candidate,paper_exact_reconstructed_metadata,main,8,256,0.75,sigma_z,leaf,periodic,centred,16,0.11,47,0.6943236064597047
final_reproduction_candidate,paper_exact_reconstructed_metadata,main,8,256,0.75,sigma_z,leaf,periodic,centred,16,0.1125,43,0.6782830943377622
final_reproduction_candidate,paper_exact_reconstructed_metadata,main,8,256,0.75,sigma_z,leaf,periodic,centred,16,0.115,43,0.6782830943377622
final_reproduction_candidate,paper_exact_reconstructed_metadata,main,8,256,0.75,sigma_z,leaf,periodic,centred,16,0.11750000000000001,42,0.6740396778473451
final_reproduction_candidate,paper_exact_reconstructed_metadata,main,8,256,0.75,sigma_z,leaf,periodic,centred,16,0.12,38,0.6559909391804482
final_reproduction_candidate,paper_exact_reconstructed_metadata,main,8,256,0.75,sigma_z,leaf,periodic,centred,16,0.1225,35,0.6411603771181208
final_reproduction_candidate,paper_exact_reconstructed_metadata,main,8,256,0.75,sigma_z,leaf,periodic,centred,16,0.125,34,0.6359328551562925
final_reproduction_candidate,paper_exact_reconstructed_metadata,main,8,256,0.75,sigma_z,leaf,periodic,centred,16,0.1275,33,0.6305492649198067
final_reproduction_candidate,paper_exact_reconstructed_metadata,main,8,256,0.75,sigma_z,leaf,periodic,centred,16,0.13,32,0.625
final_reproduction_candidate,paper_exact_reconstructed_metadata,main,8,256,0.75,sigma_z,leaf,periodic,centred,16,0.1325,30,0.6133613244510648
final_reproduction_candidate,paper_exact_reconstructed_metadata,main,8,256,0.75,sigma_z,leaf,periodic,centred,16,0.135,29,0.6072476243909466
final_reproduction_candidate,paper_exact_reconstructed_metadata,main,8,256,0.75,sigma_z,leaf,periodic,centred,16,0.1375,28,0.6009193652572005
final_reproduction_candidate,paper_exact_reconstructed_metadata,main,8,256,0.75,sigma_z,leaf,periodic,centred,16,0.14,28,0.6009193652572005
final_reproduction_candidate,paper_exact_reconstructed_metadata,main,8,256,0.75,sigma_z,leaf,periodic,centred,16,0.14250000000000002,27,0.5943609377704336
final_reproduction_candidate,paper_exact_reconstructed_metadata,main,8,256,0.75,sigma_z,leaf,periodic,centred,16,0.145,26,0.5875549647676366
final_reproduction_candidate,paper_exact_reconstructed_metadata,main,8,256,0.75,sigma_z,leaf,periodic,centred,16,0.1475,25,0.5804820237218405
final_reproduction_candidate,paper_exact_reconstructed_metadata,main,8,256,0.75,sigma_z,leaf,periodic,centred,16,0.15,23,0.5654452445071266
final_reproduction_candidate,paper_exact_reconstructed_metadata,main,8,256,0.75,sigma_z,leaf,periodic,centred,16,0.1525,22,0.5574289523296622
final_reproduction_candidate,paper_exact_reconstructed_metadata,main,8,256,0.75,sigma_z,leaf,periodic,centred,16,0.155,22,0.5574289523296622
final_reproduction_candidate,paper_exact_reconstructed_metadata,main,8,256,0.75,sigma_z,leaf,periodic,centred,16,0.1575,22,0.5574289523296622
final_reproduction_candidate,paper_exact_reconstructed_metadata,main,8,256,0.75,sigma_z,leaf,periodic,centred,16,0.16,21,0.5490396778473451
final_reproduction_candidate,paper_exact_reconstructed_metadata,main,8,256,0.75,sigma_z,leaf,periodic,centred,16,0.1625,19,0.5309909391804482
final_reproduction_candidate,paper_exact_reconstructed_metadata,main,8,256,0.75,sigma_z,leaf,periodic,centred,16,0.165,18,0.521240625180289
final_reproduction_candidate,paper_exact_reconstructed_metadata,main,8,256,0.75,sigma_z,leaf,periodic,centred,16,0.1675,18,0.521240625180289
final_reproduction_candidate,paper_exact_reconstructed_metadata,main,8,256,0.75,sigma_z,leaf,periodic,centred,16,0.17,17,0.5109328551562925
final_reproduction_candidate,paper_exact_reconstructed_metadata,main,8,256,0.75,sigma_z_sigma_z,leaf,periodic,centred,16,0.0,256,1.0
final_reproduction_candidate,paper_exact_reconstructed_metadata,main,8,256,0.75,sigma_z_sigma_z,leaf,periodic,centred,16,0.0025,252,0.9971599904374896
final_reproduction_candidate,paper_exact_reconstructed_metadata,main,8,256,0.75,sigma_z_sigma_z,leaf,periodic,centred,16,0.005,250,0.9957230355827609
final_reproduction_candidate,paper_exact_reconstructed_metadata,main,8,256,0.75,sigma_z_sigma_z,leaf,periodic,centred,16,0.0075,244,0.9913421671953608
final_reproduction_candidate,paper_exact_reconstructed_metadata,main,8,256,0.75,sigma_z_sigma_z,leaf,periodic,centred,16,0.01,242,0.9898579046593244
final_reproduction_candidate,paper_exact_reconstructed_metadata,main,8,256,0.75,sigma_z_sigma_z,leaf,periodic,centred,16,0.0125,237,0.9860929061122825
final_reproduction_candidate,paper_exact_reconstructed_metadata,main,8,256,0.75,sigma_z_sigma_z,leaf,periodic,centred,16,0.015,232,0.9822476243909465
final_reproduction_candidate,paper_exact_reconstructed_metadata,main,8,256,0.75,sigma_z_sigma_z,leaf,periodic,centred,16,0.0175,227,0.9783185609113645
final_reproduction_candidate,paper_exact_reconstructed_metadata,main,8,256,0.75,sigma_z_sigma_z,leaf,periodic,centred,16,0.02,223,0.9751124874900381
final_reproduction_candidate,paper_exact_reconstructed_metadata,main,8,256,0.75,sigma_z_sigma_z,leaf,periodic,centred,16,0.0225,215,0.9685241061986825
final_reproduction_candidate,paper_exact_reconstructed_metadata,main,8,256,0.75,sigma_z_sigma_z,leaf,periodic,centred,16,0.025,210,0.9642806897082653
final_reproduction_candidate,paper_exact_reconstructed_metadata,main,8,256,0.75,sigma_z_sigma_z,leaf,periodic,centred,16,0.0275,208,0.9625549647676366
final_reproduction_candidate,paper_exact_reconstructed_metadata,main,8,256,0.75,sigma_z_sigma_z,leaf,periodic,centred,16,0.03,203,0.9581669896481471
final_reproduction_candidate,paper_exact_reconstructed_metadata,main,8,256,0.75,sigma_z_sigma_z,leaf,periodic,centred,16,0.0325,199,0.9545780775679561
final_reproduction_candidate,paper_exact_reconstructed_metadata,main,8,256,0.75,sigma_z_sigma_z,leaf,periodic,centred,16,0.035,197,0.952756477432047
final_reproduction_candidate,paper_exact_reconstructed_metadata,main,8,256,0.75,sigma_z_sigma_z,leaf,periodic,centred,16,0.0375,191,0.9471786035044686
final_reproduction_candidate,paper_exact_reconstructed_metadata,main,8,256,0.75,sigma_z_sigma_z,leaf,periodic,centred,16,0.04,187,0.9433618074859547
final_reproduction_candidate,paper_exact_reconstructed_metadata,main,8,256,0.75,sigma_z_sigma_z,leaf,periodic,centred,16,0.0425,184,0.9404452445071266
final_reproduction_candidate,paper_exact_reconstructed_metadata,main,8,256,0.75,sigma_z_sigma_z,leaf,periodic,centred,16,0.045,180,0.9364816370412093
final_reproduction_candidate,paper_exact_reconstructed_metadata,main,8,256,0.75,sigma_z_sigma_z,leaf,periodic,centred,16,0.0475,174,0.9303679369810911
final_reproduction_candidate,paper_exact_reconstructed_metadata,main,8,256,0.75,sigma_z_sigma_z,leaf,periodic,centred,16,0.05,168,0.9240396778473451
final_reproduction_candidate,paper_exact_reconstructed_metadata,main,8,256,0.75,sigma_z_sigma_z,leaf,periodic,centred,16,0.0525,166,0.9218799289183657
final_reproduction_candidate,paper_exact_reconstructed_metadata,main,8,256,0.75,sigma_z_sigma_z,leaf,periodic,centred,16,0.055,162,0.917481250360578
final_reproduction_candidate,paper_exact_reconstructed_metadata,main,8,256,0.75,sigma_z_sigma_z,leaf,periodic,centred,16,0.0575,159,0.9141103694105445
final_reproduction_candidate,paper_exact_reconstructed_metadata,main,8,256,0.75,sigma_z_sigma_z,leaf,periodic,centred,16,0.06,158,0.9129725935221379
final_reproduction_candidate,paper_exact_reconstructed_metadata,main,8,256,0.75,sigma_z_sigma_z,leaf,periodic,centred,16,0.0625,158,0.9129725935221379
final_reproduction_candidate,paper_exact_reconstructed_metadata,main,8,256,0.75,sigma_z_sigma_z,leaf,periodic,centred,16,0.065,151,0.9048005924156349
final_reproduction_candidate,paper_exact_reconstructed_metadata,main,8,256,0.75,sigma_z_sigma_z,leaf,periodic,centred,16,0.0675,145,0.8974886362518668
final_reproduction_candidate,paper_exact_reconstructed_metadata,main,8,256,0.75,sigma_z_sigma_z,leaf,periodic,centred,16,0.07,139,0.8898676340904385
final_reproduction_candidate,paper_exact_reconstructed_metadata,main,8,256,0.75,sigma_z_sigma_z,leaf,periodic,centred,16,0.0725,136,0.8859328551562925
final_reproduction_candidate,paper_exact_reconstructed_metadata,main,8,256,0.75,sigma_z_sigma_z,leaf,periodic,centred,16,0.075,133,0.8819103044376487
final_reproduction_candidate,paper_exact_reconstructed_metadata,main,8,256,0.75,sigma_z_sigma_z,leaf,periodic,centred,16,0.0775,128,0.875
final_reproduction_candidate,paper_exact_reconstructed_metadata,main,8,256,0.75,sigma_z_sigma_z,leaf,periodic,centred,16,0.08,128,0.875
final_reproduction_candidate,paper_exact_reconstructed_metadata,main,8,256,0.75,sigma_z_sigma_z,leaf,periodic,centred,16,0.0825,125,0.870723035582761
final_reproduction_candidate,paper_exact_reconstructed_metadata,main,8,256,0.75,sigma_z_sigma_z,leaf,periodic,centred,16,0.085,123,0.867814313167405
final_reproduction_candidate,paper_exact_reconstructed_metadata,main,8,256,0.75,sigma_z_sigma_z,leaf,periodic,centred,16,0.08750000000000001,118,0.8603303811702302
final_reproduction_candidate,paper_exact_reconstructed_metadata,main,8,256,0.75,sigma_z_sigma_z,leaf,periodic,centred,16,0.09,114,0.8541112517705928
final_reproduction_candidate,paper_exact_reconstructed_metadata,main,8,256,0.75,sigma_z_sigma_z,leaf,periodic,centred,16,0.0925,110,0.8476699641905825
final_reproduction_candidate,paper_exact_reconstructed_metadata,main,8,256,0.75,sigma_z_sigma_z,leaf,periodic,centred,16,0.095,108,0.8443609377704336
final_reproduction_candidate,paper_exact_reconstructed_metadata,main,8,256,0.75,sigma_z_sigma_z,leaf,periodic,centred,16,0.0975,104,0.8375549647676365
final_reproduction_candidate,paper_exact_reconstructed_metadata,main,8,256,0.75,sigma_z_sigma_z,leaf,periodic,centred,16,0.1,103,0.8358125658979023
final_reproduction_candidate,paper_exact_reconstructed_metadata,main,8,256,0.75,sigma_z_sigma_z,leaf,periodic,centred,16,0.10250000000000001,99,0.8286695775099512
final_reproduction_candidate,paper_exact_reconstructed_metadata,main,8,256,0.75,sigma_z_sigma_z,leaf,periodic,centred,16,0.105,95,0.8212319510413685
final_reproduction_candidate,paper_exact_reconstructed_metadata,main,8,256,0.75,sigma_z_sigma_z,leaf,periodic,centred,16,0.1075,92,0.8154452445071266
final_reproduction_candidate,paper_exact_reconstructed_metadata,main,8,256,0.75,sigma_z_sigma_z,leaf,periodic,centred,16,0.11,87,0.8053679369810911
final_reproduction_candidate,paper_exact_reconstructed_metadata,main,8,256,0.75,sigma_z_sigma_z,leaf,periodic,centred,16,0.1125,85,0.8011738670172128
final_reproduction_candidate,paper_exact_reconstructed_metadata,main,8,256,0.75,sigma_z_sigma_z,leaf,periodic,centred,16,0.115,81,0.7924812503605781
final_reproduction_candidate,paper_exact_reconstructed_metadata,main,8,256,0.75,sigma_z_sigma_z,leaf,periodic,centred,16,0.11750000000000001,79,0.7879725935221379
final_reproduction_candidate,paper_exact_reconstructed_metadata,main,8,256,0.75,sigma_z_sigma_z,leaf,periodic,centred,16,0.12,77,0.7833483175868627
final_reproduction_candidate,paper_exact_reconstructed_metadata,main,8,256,0.75,sigma_z_sigma_z,leaf,periodic,centred,16,0.1225,74,0.7761816707036189
final_reproduction_candidate,paper_exact_reconstructed_metadata,main,8,256,0.75,sigma_z_sigma_z,leaf,periodic,centred,16,0.125,71,0.7687183899380853
final_reproduction_candidate,paper_exact_reconstructed_metadata,main,8,256,0.75,sigma_z_sigma_z,leaf,periodic,centred,16,0.1275,70,0.7661603771181209
final_reproduction_candidate,paper_exact_reconstructed_metadata,main,8,256,0.75,sigma_z_sigma_z,leaf,periodic,centred,16,0.13,69,0.7635655570972713
final_reproduction_candidate,paper_exact_reconstructed_metadata,main,8,256,0.75,sigma_z_sigma_z,leaf,periodic,centred,16,0.1325,69,0.7635655570972713
final_reproduction_candidate,paper_exact_reconstructed_metadata,main,8,256,0.75,sigma_z_sigma_z,leaf,periodic,centred,16,0.135,68,0.7609328551562925
final_reproduction_candidate,paper_exact_reconstructed_metadata,main,8,256,0.75,sigma_z_sigma_z,leaf,periodic,centred,16,0.1375,65,0.7527959766285568
final_reproduction_candidate,paper_exact_reconstructed_metadata,main,8,256,0.75,sigma_z_sigma_z,leaf,periodic,centred,16,0.14,63,0.7471599904374896
final_reproduction_candidate,paper_exact_reconstructed_metadata,main,8,256,0.75,sigma_z_sigma_z,leaf,periodic,centred,16,0.14250000000000002,61,0.7413421671953608
final_reproduction_candidate,paper_exact_reconstructed_metadata,main,8,256,0.75,sigma_z_sigma_z,leaf,periodic,centred,16,0.145,59,0.7353303811702302
final_reproduction_candidate,paper_exact_reconstructed_metadata,main,8,256,0.75,sigma_z_sigma_z,leaf,periodic,centred,16,0.1475,57,0.7291112517705928
final_reproduction_candidate,paper_exact_reconstructed_metadata,main,8,256,0.75,sigma_z_sigma_z,leaf,periodic,centred,16,0.15,55,0.7226699641905825
final_reproduction_candidate,paper_exact_reconstructed_metadata,main,8,256,0.75,sigma_z_sigma_z,leaf,periodic,centred,16,0.1525,54,0.7193609377704336
final_reproduction_candidate,paper_exact_reconstructed_metadata,main,8,256,0.75,sigma_z_sigma_z,leaf,periodic,centred,16,0.155,53,0.7159900568204
final_reproduction_candidate,paper_exact_reconstructed_metadata,main,8,256,0.75,sigma_z_sigma_z,leaf,periodic,centred,16,0.1575,51,0.709053167746437
final_reproduction_candidate,paper_exact_reconstructed_metadata,main,8,256,0.75,sigma_z_sigma_z,leaf,periodic,centred,16,0.16,48,0.6981203125901446
final_reproduction_candidate,paper_exact_reconstructed_metadata,main,8,256,0.75,sigma_z_sigma_z,leaf,periodic,centred,16,0.1625,47,0.6943236064597047
final_reproduction_candidate,paper_exact_reconstructed_metadata,main,8,256,0.75,sigma_z_sigma_z,leaf,periodic,centred,16,0.165,46,0.6904452445071266
final_reproduction_candidate,paper_exact_reconstructed_metadata,main,8,256,0.75,sigma_z_sigma_z,leaf,periodic,centred,16,0.1675,44,0.6824289523296622
final_reproduction_candidate,paper_exact_reconstructed_metadata,main,8,256,0.75,sigma_z_sigma_z,leaf,periodic,centred,16,0.17,43,0.6782830943377622
final_reproduction_candidate,paper_exact_reconstructed_metadata,main,8,256,1.75,sigma_z,leaf,periodic,centred,16,0.0,256,1.0
final_reproduction_candidate,paper_exact_reconstructed_metadata,main,8,256,1.75,sigma_z,leaf,periodic,centred,16,0.0025,249,0.9950002415085101
final_reproduction_candidate,paper_exact_reconstructed_metadata,main,8,256,1.75,sigma_z,leaf,periodic,centred,16,0.005,244,0.9913421671953608
final_reproduction_candidate,paper_exact_reconstructed_metadata,main,8,256,1.75,sigma_z,leaf,periodic,centred,16,0.0075,242,0.9898579046593244
final_reproduction_candidate,paper_exact_reconstructed_metadata,main,8,256,1.75,sigma_z,leaf,periodic,centred,16,0.01,239,0.9876083509975937
final_reproduction_candidate,paper_exact_reconstructed_metadata,main,8,256,1.75,sigma_z,leaf,periodic,centred,16,0.0125,233,0.983023268081785
final_reproduction_candidate,paper_exact_reconstructed_metadata,main,8,256,1.75,sigma_z,leaf,periodic,centred,16,0.015,229,0.9799004735121181
final_reproduction_candidate,paper_exact_reconstructed_metadata,main,8,256,1.75,sigma_z,leaf,periodic,centred,16,0.0175,224,0.9759193652572005
final_reproduction_candidate,paper_exact_reconstructed_metadata,main,8,256,1.75,sigma_z,leaf,periodic,centred,16,0.02,215,0.9685241061986825
final_reproduction_candidate,paper_exact_reconstructed_metadata,main,8,256,1.75,sigma_z,leaf,periodic,centred,16,0.0225,208,0.9625549647676366
final_reproduction_candidate,paper_exact_reconstructed_metadata,main,8,256,1.75,sigma_z,leaf,periodic,centred,16,0.025,203,0.9581669896481471
final_reproduction_candidate,paper_exact_reconstructed_metadata,main,8,256,1.75,sigma_z,leaf,periodic,centred,16,0.0275,198,0.9536695775099512
final_reproduction_candidate,paper_exact_reconstructed_metadata,main,8,256,1.75,sigma_z,leaf,periodic,centred,16,0.03,192,0.9481203125901445
final_reproduction_candidate,paper_exact_reconstructed_metadata,main,8,256,1.75,sigma_z,leaf,periodic,centred,16,0.0325,187,0.9433618074859547
final_reproduction_candidate,paper_exact_reconstructed_metadata,main,8,256,1.75,sigma_z,leaf,periodic,centred,16,0.035,182,0.938474330024837
final_reproduction_candidate,paper_exact_reconstructed_metadata,main,8,256,1.75,sigma_z,leaf,periodic,centred,16,0.0375,176,0.9324289523296622
final_reproduction_candidate,paper_exact_reconstructed_metadata,main,8,256,1.75,sigma_z,leaf,periodic,centred,16,0.04,171,0.9272315643607374
final_reproduction_candidate,paper_exact_reconstructed_metadata,main,8,256,1.75,sigma_z,leaf,periodic,centred,16,0.0425,166,0.9218799289183657
final_reproduction_candidate,paper_exact_reconstructed_metadata,main,8,256,1.75,sigma_z,leaf,periodic,centred,16,0.045,158,0.9129725935221379
final_reproduction_candidate,paper_exact_reconstructed_metadata,main,8,256,1.75,sigma_z,leaf,periodic,centred,16,0.0475,153,0.9071734803365815
final_reproduction_candidate,paper_exact_reconstructed_metadata,main,8,256,1.75,sigma_z,leaf,periodic,centred,16,0.05,150,0.903602336311985
final_reproduction_candidate,paper_exact_reconstructed_metadata,main,8,256,1.75,sigma_z,leaf,periodic,centred,16,0.0525,142,0.8937183899380853
final_reproduction_candidate,paper_exact_reconstructed_metadata,main,8,256,1.75,sigma_z,leaf,periodic,centred,16,0.055,137,0.8872540103700659
final_reproduction_candidate,paper_exact_reconstructed_metadata,main,8,256,1.75,sigma_z,leaf,periodic,centred,16,0.0575,133,0.8819103044376487
final_reproduction_candidate,paper_exact_reconstructed_metadata,main,8,256,1.75,sigma_z,leaf,periodic,centred,16,0.06,127,0.8735855858465208
final_reproduction_candidate,paper_exact_reconstructed_metadata,main,8,256,1.75,sigma_z,leaf,periodic,centred,16,0.0625,125,0.870723035582761
final_reproduction_candidate,paper_exact_reconstructed_metadata,main,8,256,1.75,sigma_z,leaf,periodic,centred,16,0.065,123,0.867814313167405
final_reproduction_candidate,paper_exact_reconstructed_metadata,main,8,256,1.75,sigma_z,leaf,periodic,centred,16,0.0675,120,0.8633613244510648
final_reproduction_candidate,paper_exact_reconstructed_metadata,main,8,256,1.75,sigma_z,leaf,periodic,centred,16,0.07,113,0.8525223703018986
final_reproduction_candidate,paper_exact_reconstructed_metadata,main,8,256,1.75,sigma_z,leaf,periodic,centred,16,0.0725,109,0.8460230405971157
final_reproduction_candidate,paper_exact_reconstructed_metadata,main,8,256,1.75,sigma_z,leaf,periodic,centred,16,0.075,105,0.8392806897082653
final_reproduction_candidate,paper_exact_reconstructed_metadata,main,8,256,1.75,sigma_z,leaf,periodic,centred,16,0.0775,97,0.824989105273391
final_reproduction_candidate,paper_exact_reconstructed_metadata,main,8,256,1.75,sigma_z,leaf,periodic,centred,16,0.08,94,0.8193236064597047
final_reproduction_candidate,paper_exact_reconstructed_metadata,main,8,256,1.75,sigma_z,leaf,periodic,centred,16,0.0825,91,0.813474330024837
final_reproduction_candidate,paper_exact_reconstructed_metadata,main,8,256,1.75,sigma_z,leaf,periodic,centred,16,0.085,89,0.8094666788707997
final_reproduction_candidate,paper_exact_reconstructed_metadata,main,8,256,1.75,sigma_z,leaf,periodic,centred,16,0.08750000000000001,86,0.8032830943377622
final_reproduction_candidate,paper_exact_reconstructed_metadata,main,8,256,1.75,sigma_z,leaf,periodic,centred,16,0.09,81,0.7924812503605781
final_reproduction_candidate,paper_exact_reconstructed_metadata,main,8,256,1.75,sigma_z,leaf,periodic,centred,16,0.0925,76,0.7809909391804483
final_reproduction_candidate,paper_exact_reconstructed_metadata,main,8,256,1.75,sigma_z,leaf,periodic,centred,16,0.095,73,0.7737280698600022
final_reproduction_candidate,paper_exact_reconstructed_metadata,main,8,256,1.75,sigma_z,leaf,periodic,centred,16,0.0975,64,0.75
final_reproduction_candidate,paper_exact_reconstructed_metadata,main,8,256,1.75,sigma_z,leaf,periodic,centred,16,0.1,62,0.7442745387983595
final_reproduction_candidate,paper_exact_reconstructed_metadata,main,8,256,1.75,sigma_z,leaf,periodic,centred,16,0.10250000000000001,60,0.7383613244510648
final_reproduction_candidate,paper_exact_reconstructed_metadata,main,8,256,1.75,sigma_z,leaf,periodic,centred,16,0.105,59,0.7353303811702302
final_reproduction_candidate,paper_exact_reconstructed_metadata,main,8,256,1.75,sigma_z,leaf,periodic,centred,16,0.1075,57,0.7291112517705928
final_reproduction_candidate,paper_exact_reconstructed_metadata,main,8,256,1.75,sigma_z,leaf,periodic,centred,16,0.11,56,0.7259193652572006
final_reproduction_candidate,paper_exact_reconstructed_metadata,main,8,256,1.75,sigma_z,leaf,periodic,centred,16,0.1125,52,0.7125549647676366
final_reproduction_candidate,paper_exact_reconstructed_metadata,main,8,256,1.75,sigma_z,leaf,periodic,centred,16,0.115,51,0.709053167746437
final_reproduction_candidate,paper_exact_reconstructed_metadata,main,8,256,1.75,sigma_z,leaf,periodic,centred,16,0.11750000000000001,50,0.7054820237218405
final_reproduction_candidate,paper_exact_reconstructed_metadata,main,8,256,1.75,sigma_z,leaf,periodic,centred,16,0.12,48,0.6981203125901446
final_reproduction_candidate,paper_exact_reconstructed_metadata,main,8,256,1.75,sigma_z,leaf,periodic,centred,16,0.1225,47,0.6943236064597047
final_reproduction_candidate,paper_exact_reconstructed_metadata,main,8,256,1.75,sigma_z,leaf,periodic,centred,16,0.125,47,0.6943236064597047
final_reproduction_candidate,paper_exact_reconstructed_metadata,main,8,256,1.75,sigma_z,leaf,periodic,centred,16,0.1275,45,0.6864816370412093
final_reproduction_candidate,paper_exact_reconstructed_metadata,main,8,256,1.75,sigma_z,leaf,periodic,centred,16,0.13,45,0.6864816370412093
final_reproduction_candidate,paper_exact_reconstructed_metadata,main,8,256,1.75,sigma_z,leaf,periodic,centred,16,0.1325,44,0.6824289523296622
final_reproduction_candidate,paper_exact_reconstructed_metadata,main,8,256,1.75,sigma_z,leaf,periodic,centred,16,0.135,43,0.6782830943377622
final_reproduction_candidate,paper_exact_reconstructed_metadata,main,8,256,1.75,sigma_z,leaf,periodic,centred,16,0.1375,41,0.6696940005772605
final_reproduction_candidate,paper_exact_reconstructed_metadata,main,8,256,1.75,sigma_z,leaf,periodic,centred,16,0.14,40,0.6652410118609203
final_reproduction_candidate,paper_exact_reconstructed_metadata,main,8,256,1.75,sigma_z,leaf,periodic,centred,16,0.14250000000000002,37,0.6511816707036188
final_reproduction_candidate,paper_exact_reconstructed_metadata,main,8,256,1.75,sigma_z,leaf,periodic,centred,16,0.145,37,0.6511816707036188
final_reproduction_candidate,paper_exact_reconstructed_metadata,main,8,256,1.75,sigma_z,leaf,periodic,centred,16,0.1475,36,0.646240625180289
final_reproduction_candidate,paper_exact_reconstructed_metadata,main,8,256,1.75,sigma_z,leaf,periodic,centred,16,0.15,36,0.646240625180289
final_reproduction_candidate,paper_exact_reconstructed_metadata,main,8,256,1.75,sigma_z,leaf,periodic,centred,16,0.1525,35,0.6411603771181208
final_reproduction_candidate,paper_exact_reconstructed_metadata,main,8,256,1.75,sigma_z,leaf,periodic,centred,16,0.155,30,0.6133613244510648
final_reproduction_candidate,paper_exact_reconstructed_metadata,main,8,256,1.75,sigma_z,leaf,periodic,centred,16,0.1575,26,0.5875549647676366
final_reproduction_candidate,paper_exact_reconstructed_metadata,main,8,256,1.75,sigma_z,leaf,periodic,centred,16,0.16,26,0.5875549647676366
final_reproduction_candidate,paper_exact_reconstructed_metadata,main,8,256,1.75,sigma_z,leaf,periodic,centred,16,0.1625,25,0.5804820237218405
final_reproduction_candidate,paper_exact_reconstructed_metadata,main,8,256,1.75,sigma_z,leaf,periodic,centred,16,0.165,25,0.5804820237218405
final_reproduction_candidate,paper_exact_reconstructed_metadata,main,8,256,1.75,sigma_z,leaf,periodic,centred,16,0.1675,24,0.5731203125901446
final_reproduction_candidate,paper_exact_reconstructed_metadata,main,8,256,1.75,sigma_z,leaf,periodic,centred,16,0.17,23,0.5654452445071266
final_reproduction_candidate,paper_exact_reconstructed_metadata,main,8,256,1.75,sigma_z_sigma_z,leaf,periodic,centred,16,0.0,256,1.0
final_reproduction_candidate,paper_exact_reconstructed_metadata,main,8,256,1.75,sigma_z_sigma_z,leaf,periodic,centred,16,0.0025,254,0.9985855858465208
final_reproduction_candidate,paper_exact_reconstructed_metadata,main,8,256,1.75,sigma_z_sigma_z,leaf,periodic,centred,16,0.005,252,0.9971599904374896
final_reproduction_candidate,paper_exact_reconstructed_metadata,main,8,256,1.75,sigma_z_sigma_z,leaf,periodic,centred,16,0.0075,250,0.9957230355827609
final_reproduction_candidate,paper_exact_reconstructed_metadata,main,8,256,1.75,sigma_z_sigma_z,leaf,periodic,centred,16,0.01,240,0.9883613244510648
final_reproduction_candidate,paper_exact_reconstructed_metadata,main,8,256,1.75,sigma_z_sigma_z,leaf,periodic,centred,16,0.0125,234,0.9837955899479256
final_reproduction_candidate,paper_exact_reconstructed_metadata,main,8,256,1.75,sigma_z_sigma_z,leaf,periodic,centred,16,0.015,231,0.9814686301770071
final_reproduction_candidate,paper_exact_reconstructed_metadata,main,8,256,1.75,sigma_z_sigma_z,leaf,periodic,centred,16,0.0175,222,0.9743019832937633
final_reproduction_candidate,paper_exact_reconstructed_metadata,main,8,256,1.75,sigma_z_sigma_z,leaf,periodic,centred,16,0.02,219,0.9718483824501467
final_reproduction_candidate,paper_exact_reconstructed_metadata,main,8,256,1.75,sigma_z_sigma_z,leaf,periodic,centred,16,0.0225,218,0.9710230405971157
final_reproduction_candidate,paper_exact_reconstructed_metadata,main,8,256,1.75,sigma_z_sigma_z,leaf,periodic,centred,16,0.025,216,0.9693609377704336
final_reproduction_candidate,paper_exact_reconstructed_metadata,main,8,256,1.75,sigma_z_sigma_z,leaf,periodic,centred,16,0.0275,214,0.9676833733001433
final_reproduction_candidate,paper_exact_reconstructed_metadata,main,8,256,1.75,sigma_z_sigma_z,leaf,periodic,centred,16,0.03,205,0.9599350124381808
final_reproduction_candidate,paper_exact_reconstructed_metadata,main,8,256,1.75,sigma_z_sigma_z,leaf,periodic,centred,16,0.0325,200,0.9554820237218405
final_reproduction_candidate,paper_exact_reconstructed_metadata,main,8,256,1.75,sigma_z_sigma_z,leaf,periodic,centred,16,0.035,197,0.952756477432047
final_reproduction_candidate,paper_exact_reconstructed_metadata,main,8,256,1.75,sigma_z_sigma_z,leaf,periodic,centred,16,0.0375,195,0.9509162892187014
final_reproduction_candidate,paper_exact_reconstructed_metadata,main,8,256,1.75,sigma_z_sigma_z,leaf,periodic,centred,16,0.04,192,0.9481203125901445
final_reproduction_candidate,paper_exact_reconstructed_metadata,main,8,256,1.75,sigma_z_sigma_z,leaf,periodic,centred,16,0.0425,188,0.9443236064597047
final_reproduction_candidate,paper_exact_reconstructed_metadata,main,8,256,1.75,sigma_z_sigma_z,leaf,periodic,centred,16,0.045,186,0.942394851388504
final_reproduction_candidate,paper_exact_reconstructed_metadata,main,8,256,1.75,sigma_z_sigma_z,leaf,periodic,centred,16,0.0475,182,0.938474330024837
final_reproduction_candidate,paper_exact_reconstructed_metadata,main,8,256,1.75,sigma_z_sigma_z,leaf,periodic,centred,16,0.05,180,0.9364816370412093
final_reproduction_candidate,paper_exact_reconstructed_metadata,main,8,256,1.75,sigma_z_sigma_z,leaf,periodic,centred,16,0.0525,177,0.9334506937603747
final_reproduction_candidate,paper_exact_reconstructed_metadata,main,8,256,1.75,sigma_z_sigma_z,leaf,periodic,centred,16,0.055,171,0.9272315643607374
final_reproduction_candidate,paper_exact_reconstructed_metadata,main,8,256,1.75,sigma_z_sigma_z,leaf,periodic,centred,16,0.0575,166,0.9218799289183657
final_reproduction_candidate,paper_exact_reconstructed_metadata,main,8,256,1.75,sigma_z_sigma_z,leaf,periodic,centred,16,0.06,163,0.9185910192788848
final_reproduction_candidate,paper_exact_reconstructed_metadata,main,8,256,1.75,sigma_z_sigma_z,leaf,periodic,centred,16,0.0625,160,0.9152410118609202
final_reproduction_candidate,paper_exact_reconstructed_metadata,main,8,256,1.75,sigma_z_sigma_z,leaf,periodic,centred,16,0.065,155,0.9095155506592798
final_reproduction_candidate,paper_exact_reconstructed_metadata,main,8,256,1.75,sigma_z_sigma_z,leaf,periodic,centred,16,0.0675,154,0.9083483175868627
final_reproduction_candidate,paper_exact_reconstructed_metadata,main,8,256,1.75,sigma_z_sigma_z,leaf,periodic,centred,16,0.07,151,0.9048005924156349
final_reproduction_candidate,paper_exact_reconstructed_metadata,main,8,256,1.75,sigma_z_sigma_z,leaf,periodic,centred,16,0.0725,148,0.9011816707036187
final_reproduction_candidate,paper_exact_reconstructed_metadata,main,8,256,1.75,sigma_z_sigma_z,leaf,periodic,centred,16,0.075,146,0.8987280698600022
final_reproduction_candidate,paper_exact_reconstructed_metadata,main,8,256,1.75,sigma_z_sigma_z,leaf,periodic,centred,16,0.0775,141,0.8924439190498492
final_reproduction_candidate,paper_exact_reconstructed_metadata,main,8,256,1.75,sigma_z_sigma_z,leaf,periodic,centred,16,0.08,139,0.8898676340904385
final_reproduction_candidate,paper_exact_reconstructed_metadata,main,8,256,1.75,sigma_z_sigma_z,leaf,periodic,centred,16,0.0825,136,0.8859328551562925
final_reproduction_candidate,paper_exact_reconstructed_metadata,main,8,256,1.75,sigma_z_sigma_z,leaf,periodic,centred,16,0.085,136,0.8859328551562925
final_reproduction_candidate,paper_exact_reconstructed_metadata,main,8,256,1.75,sigma_z_sigma_z,leaf,periodic,centred,16,0.08750000000000001,136,0.8859328551562925
final_reproduction_candidate,paper_exact_reconstructed_metadata,main,8,256,1.75,sigma_z_sigma_z,leaf,periodic,centred,16,0.09,135,0.884601949631354
final_reproduction_candidate,paper_exact_reconstructed_metadata,main,8,256,1.75,sigma_z_sigma_z,leaf,periodic,centred,16,0.0925,133,0.8819103044376487
final_reproduction_candidate,paper_exact_reconstructed_metadata,main,8,256,1.75,sigma_z_sigma_z,leaf,periodic,centred,16,0.095,132,0.8805492649198067
final_reproduction_candidate,paper_exact_reconstructed_metadata,main,8,256,1.75,sigma_z_sigma_z,leaf,periodic,centred,16,0.0975,128,0.875
final_reproduction_candidate,paper_exact_reconstructed_metadata,main,8,256,1.75,sigma_z_sigma_z,leaf,periodic,centred,16,0.1,126,0.8721599904374896
final_reproduction_candidate,paper_exact_reconstructed_metadata,main,8,256,1.75,sigma_z_sigma_z,leaf,periodic,centred,16,0.10250000000000001,123,0.867814313167405
final_reproduction_candidate,paper_exact_reconstructed_metadata,main,8,256,1.75,sigma_z_sigma_z,leaf,periodic,centred,16,0.105,118,0.8603303811702302
final_reproduction_candidate,paper_exact_reconstructed_metadata,main,8,256,1.75,sigma_z_sigma_z,leaf,periodic,centred,16,0.1075,118,0.8603303811702302
final_reproduction_candidate,paper_exact_reconstructed_metadata,main,8,256,1.75,sigma_z_sigma_z,leaf,periodic,centred,16,0.11,118,0.8603303811702302
final_reproduction_candidate,paper_exact_reconstructed_metadata,main,8,256,1.75,sigma_z_sigma_z,leaf,periodic,centred,16,0.1125,117,0.8587955899479256
final_reproduction_candidate,paper_exact_reconstructed_metadata,main,8,256,1.75,sigma_z_sigma_z,leaf,periodic,centred,16,0.115,115,0.855686256368047
final_reproduction_candidate,paper_exact_reconstructed_metadata,main,8,256,1.75,sigma_z_sigma_z,leaf,periodic,centred,16,0.11750000000000001,110,0.8476699641905825
final_reproduction_candidate,paper_exact_reconstructed_metadata,main,8,256,1.75,sigma_z_sigma_z,leaf,periodic,centred,16,0.12,107,0.8426833733001433
final_reproduction_candidate,paper_exact_reconstructed_metadata,main,8,256,1.75,sigma_z_sigma_z,leaf,periodic,centred,16,0.1225,104,0.8375549647676365
final_reproduction_candidate,paper_exact_reconstructed_metadata,main,8,256,1.75,sigma_z_sigma_z,leaf,periodic,centred,16,0.125,99,0.8286695775099512
final_reproduction_candidate,paper_exact_reconstructed_metadata,main,8,256,1.75,sigma_z_sigma_z,leaf,periodic,centred,16,0.1275,96,0.8231203125901445
final_reproduction_candidate,paper_exact_reconstructed_metadata,main,8,256,1.75,sigma_z_sigma_z,leaf,periodic,centred,16,0.13,95,0.8212319510413685
final_reproduction_candidate,paper_exact_reconstructed_metadata,main,8,256,1.75,sigma_z_sigma_z,leaf,periodic,centred,16,0.1325,93,0.817394851388504
final_reproduction_candidate,paper_exact_reconstructed_metadata,main,8,256,1.75,sigma_z_sigma_z,leaf,periodic,centred,16,0.135,88,0.8074289523296623
final_reproduction_candidate,paper_exact_reconstructed_metadata,main,8,256,1.75,sigma_z_sigma_z,leaf,periodic,centred,16,0.1375,84,0.799039677847345
final_reproduction_candidate,paper_exact_reconstructed_metadata,main,8,256,1.75,sigma_z_sigma_z,leaf,periodic,centred,16,0.14,83,0.7968799289183657
final_reproduction_candidate,paper_exact_reconstructed_metadata,main,8,256,1.75,sigma_z_sigma_z,leaf,periodic,centred,16,0.14250000000000002,82,0.7946940005772606
final_reproduction_candidate,paper_exact_reconstructed_metadata,main,8,256,1.75,sigma_z_sigma_z,leaf,periodic,centred,16,0.145,81,0.7924812503605781
final_reproduction_candidate,paper_exact_reconstructed_metadata,main,8,256,1.75,sigma_z_sigma_z,leaf,periodic,centred,16,0.1475,78,0.7856752773577811
final_reproduction_candidate,paper_exact_reconstructed_metadata,main,8,256,1.75,sigma_z_sigma_z,leaf,periodic,centred,16,0.15,78,0.7856752773577811
final_reproduction_candidate,paper_exact_reconstructed_metadata,main,8,256,1.75,sigma_z_sigma_z,leaf,periodic,centred,16,0.1525,73,0.7737280698600022
final_reproduction_candidate,paper_exact_reconstructed_metadata,main,8,256,1.75,sigma_z_sigma_z,leaf,periodic,centred,16,0.155,71,0.7687183899380853
final_reproduction_candidate,paper_exact_reconstructed_metadata,main,8,256,1.75,sigma_z_sigma_z,leaf,periodic,centred,16,0.1575,69,0.7635655570972713
final_reproduction_candidate,paper_exact_reconstructed_metadata,main,8,256,1.75,sigma_z_sigma_z,leaf,periodic,centred,16,0.16,68,0.7609328551562925
final_reproduction_candidate,paper_exact_reconstructed_metadata,main,8,256,1.75,sigma_z_sigma_z,leaf,periodic,centred,16,0.1625,65,0.7527959766285568
final_reproduction_candidate,paper_exact_reconstructed_metadata,main,8,256,1.75,sigma_z_sigma_z,leaf,periodic,centred,16,0.165,63,0.7471599904374896
final_reproduction_candidate,paper_exact_reconstructed_metadata,main,8,256,1.75,sigma_z_sigma_z,leaf,periodic,centred,16,0.1675,61,0.7413421671953608
final_reproduction_candidate,paper_exact_reconstructed_metadata,main,8,256,1.75,sigma_z_sigma_z,leaf,periodic,centred,16,0.17,60,0.7383613244510648
