artifact_state,parameter_match,group,length,beta,decomposition,representative_index,energy_density,diagonal_entropy,participation_number,population
final_reproduction_candidate,paper_exact_reconstructed_metadata,main,9,0.25,eigen,0,-1.33485200877396,1.1611058773508303,3.193462902384057,0.03503495506802826
final_reproduction_candidate,paper_exact_reconstructed_metadata,main,9,0.25,eigen,1,-1.2652937554294348,1.8187870253447629,6.1643766805237705,0.025308575978513576
final_reproduction_candidate,paper_exact_reconstructed_metadata,main,9,0.25,eigen,2,-1.2652937554294335,1.8187870253447642,6.1643766805237785,0.02530857597851349
final_reproduction_candidate,paper_exact_reconstructed_metadata,main,9,0.25,eigen,3,-1.108912542320338,1.9851035698191128,7.2798013141158915,0.018136541701802494
final_reproduction_candidate,paper_exact_reconstructed_metadata,main,9,0.25,eigen,4,-1.108912542320339,1.9851035698191106,7.2798013141158755,0.018136541701802445
final_reproduction_candidate,paper_exact_reconstructed_metadata,main,9,0.25,eigen,5,-1.1556689649331926,1.7989603103211829,6.0433609769480645,0.016752173417812745
final_reproduction_candidate,paper_exact_reconstructed_metadata,main,9,0.25,eigen,6,-1.1556689649331928,1.7989603103211862,6.043360976948084,0.016752173417812717
final_reproduction_candidate,paper_exact_reconstructed_metadata,main,9,0.25,eigen,7,-0.9803453239266313,2.5934908249422555,13.37638481432765,0.013308735315201787
final_reproduction_candidate,paper_exact_reconstructed_metadata,main,9,0.25,eigen,8,-0.9803453239266305,2.593490824942259,13.376384814327697,0.013308735315201782
final_reproduction_candidate,paper_exact_reconstructed_metadata,main,9,0.25,eigen,9,-1.0289454716479347,1.4473532695054987,4.251846118762263,0.01320650792805324
final_reproduction_candidate,paper_exact_reconstructed_metadata,main,9,0.25,eigen,10,-1.0096642144630394,2.3733075547315754,10.732833073441162,0.01194548788163929
final_reproduction_candidate,paper_exact_reconstructed_metadata,main,9,0.25,eigen,11,-1.0096642144630381,2.37330755473156,10.732833073440997,0.011945487881639268
final_reproduction_candidate,paper_exact_reconstructed_metadata,main,9,0.25,eigen,12,-0.8969474426344625,2.810707597625189,16.621675516700375,0.010822667925052456
final_reproduction_candidate,paper_exact_reconstructed_metadata,main,9,0.25,eigen,13,-0.8969474426344625,2.8107075976252043,16.621675516700623,0.01082266792505243
final_reproduction_candidate,paper_exact_reconstructed_metadata,main,9,0.25,eigen,14,-0.8680464317610576,2.7724994734530224,15.99857208313273,0.010068045629496888
final_reproduction_candidate,paper_exact_reconstructed_metadata,main,9,0.25,eigen,15,-0.8829407211777794,3.0441789222335305,20.99278741360076,0.009417176892736048
final_reproduction_candidate,paper_exact_reconstructed_metadata,main,9,0.25,eigen,16,-0.8829407211777848,2.579972345731184,13.196773207498351,0.009417176892736048
final_reproduction_candidate,paper_exact_reconstructed_metadata,main,9,0.25,eigen,17,-0.8829407211777823,2.9139623347223735,18.42967863964081,0.009417176892736048
final_reproduction_candidate,paper_exact_reconstructed_metadata,main,9,0.25,eigen,18,-0.8829407211777798,2.800200079826535,16.447937342347924,0.009417176892736032
final_reproduction_candidate,paper_exact_reconstructed_metadata,main,9,0.25,eigen,19,-0.9620587502126909,2.3342626181660613,10.321845980801893,0.009407264240760767
final_reproduction_candidate,paper_exact_reconstructed_metadata,main,9,0.25,eigen,20,-0.9620587502126994,2.3342626181660213,10.32184598080148,0.009407264240760757
final_reproduction_candidate,paper_exact_reconstructed_metadata,main,9,0.25,eigen,21,-0.9021925844668421,2.7004957635152507,14.88711038186208,0.009176276785563505
final_reproduction_candidate,paper_exact_reconstructed_metadata,main,9,0.25,eigen,22,-0.9021925844668437,2.7004957635152507,14.88711038186208,0.009176276785563499
final_reproduction_candidate,paper_exact_reconstructed_metadata,main,9,0.25,eigen,23,-0.8452260489866599,3.0516999642457794,21.151270280781723,0.007961133223167001
final_reproduction_candidate,paper_exact_reconstructed_metadata,main,9,0.25,eigen,24,-0.8452260489866608,3.051699964245786,21.151270280781862,0.007961133223166984
final_reproduction_candidate,paper_exact_reconstructed_metadata,main,9,0.25,eigen,25,-0.7754690911815874,3.4348531869896686,31.02685708484459,0.007234080563522378
final_reproduction_candidate,paper_exact_reconstructed_metadata,main,9,0.25,eigen,26,-0.7754690911815878,3.0985677479350673,22.166180976854676,0.007234080563522374
final_reproduction_candidate,paper_exact_reconstructed_metadata,main,9,0.25,eigen,27,-0.7754690911815867,3.343514310393479,28.318471938430896,0.007234080563522374
final_reproduction_candidate,paper_exact_reconstructed_metadata,main,9,0.25,eigen,28,-0.7754690911815871,3.4917278067616406,32.84264445477345,0.007234080563522368
final_reproduction_candidate,paper_exact_reconstructed_metadata,main,9,0.25,eigen,29,-0.8334915318189874,2.715664492815834,15.114650312238501,0.006903123642805886
final_reproduction_candidate,paper_exact_reconstructed_metadata,main,9,0.25,eigen,30,-0.8334915318189882,2.7156644928158356,15.114650312238522,0.00690312364280588
final_reproduction_candidate,paper_exact_reconstructed_metadata,main,9,0.25,eigen,31,-0.8056775371035989,2.7952491720906507,16.366706371565435,0.006741400241059849
final_reproduction_candidate,paper_exact_reconstructed_metadata,main,9,0.25,eigen,32,-0.8056775371035992,2.795249172090661,16.366706371565602,0.006741400241059846
final_reproduction_candidate,paper_exact_reconstructed_metadata,main,9,0.25,eigen,33,-0.7369359707076257,2.3398522948310703,10.379703313668841,0.006715115086608225
final_reproduction_candidate,paper_exact_reconstructed_metadata,main,9,0.25,eigen,34,-0.7185025557014042,3.507609356187023,33.36840039479032,0.006276127067562952
final_reproduction_candidate,paper_exact_reconstructed_metadata,main,9,0.25,eigen,35,-0.7185025557014044,3.5443189415474365,34.61610172358737,0.0062761270675629425
final_reproduction_candidate,paper_exact_reconstructed_metadata,main,9,0.25,eigen,36,-0.7185025557014039,3.9245161848875516,50.62857726158765,0.00627612706756294
final_reproduction_candidate,paper_exact_reconstructed_metadata,main,9,0.25,eigen,37,-0.718502555701404,3.9480094416986864,51.8320892833419,0.006276127067562937
final_reproduction_candidate,paper_exact_reconstructed_metadata,main,9,0.25,eigen,38,-0.7500936505268215,2.895806097727984,18.09808438753381,0.005613622411314281
final_reproduction_candidate,paper_exact_reconstructed_metadata,main,9,0.25,eigen,39,-0.7500936505268239,2.8958060977280007,18.098084387534115,0.005613622411314276
final_reproduction_candidate,paper_exact_reconstructed_metadata,main,9,0.25,eigen,40,-0.7211926396534145,2.2166126646631326,9.176195311734295,0.005222206481365781
final_reproduction_candidate,paper_exact_reconstructed_metadata,main,9,0.25,eigen,41,-0.6294643407114324,3.9512707543710746,52.00140588006611,0.005158412556455125
final_reproduction_candidate,paper_exact_reconstructed_metadata,main,9,0.25,eigen,42,-0.6294643407114324,3.677799642050755,39.5592537193586,0.005158412556455125
final_reproduction_candidate,paper_exact_reconstructed_metadata,main,9,0.25,eigen,43,-0.6294643407114331,3.83541725411074,46.312747821371545,0.005158412556455115
final_reproduction_candidate,paper_exact_reconstructed_metadata,main,9,0.25,eigen,44,-0.6294643407114331,3.757161785085691,42.82670193681162,0.005158412556455115
final_reproduction_candidate,paper_exact_reconstructed_metadata,main,9,0.25,eigen,45,-0.6771103187098926,4.133500598386168,62.395964286383354,0.004946891912320112
final_reproduction_candidate,paper_exact_reconstructed_metadata,main,9,0.25,eigen,46,-0.6771103187098917,3.7973338494810367,44.58216314198838,0.004946891912320112
final_reproduction_candidate,paper_exact_reconstructed_metadata,main,9,0.25,eigen,47,-0.6771103187098934,4.191653618451435,66.13205778367605,0.004946891912320111
final_reproduction_candidate,paper_exact_reconstructed_metadata,main,9,0.25,eigen,48,-0.6771103187098911,4.147641687110303,63.284579337516035,0.004946891912320109
final_reproduction_candidate,paper_exact_reconstructed_metadata,main,9,0.25,eigen,49,-0.6771103187098926,4.0910309807619605,59.80151414353022,0.004946891912320109
final_reproduction_candidate,paper_exact_reconstructed_metadata,main,9,0.25,eigen,50,-0.6771103187098915,3.9240736446419002,50.60617703543569,0.004946891912320109
final_reproduction_candidate,paper_exact_reconstructed_metadata,main,9,0.25,eigen,51,-0.6771103187098897,3.8627361161829885,47.595399917702416,0.004946891912320107
final_reproduction_candidate,paper_exact_reconstructed_metadata,main,9,0.25,eigen,52,-0.6771103187098916,4.085888834323371,59.494795273074786,0.004946891912320107
final_reproduction_candidate,paper_exact_reconstructed_metadata,main,9,0.25,eigen,53,-0.7037576773370134,2.91862201186643,18.51575538113704,0.004502879484418051
final_reproduction_candidate,paper_exact_reconstructed_metadata,main,9,0.25,eigen,54,-0.7037576773370143,2.9186220118664754,18.51575538113788,0.004502879484418051
final_reproduction_candidate,paper_exact_reconstructed_metadata,main,9,0.25,eigen,55,-0.5724978052312489,4.310329924417161,74.46505272714597,0.004475323766018545
final_reproduction_candidate,paper_exact_reconstructed_metadata,main,9,0.25,eigen,56,-0.572497805231249,4.309816998745271,74.42686748387655,0.004475323766018541
final_reproduction_candidate,paper_exact_reconstructed_metadata,main,9,0.25,eigen,57,-0.5724978052312489,4.263346902461272,71.04737460309269,0.0044753237660185375
final_reproduction_candidate,paper_exact_reconstructed_metadata,main,9,0.25,eigen,58,-0.5724978052312483,4.180140327041771,65.37502645443608,0.0044753237660185375
final_reproduction_candidate,paper_exact_reconstructed_metadata,main,9,0.25,eigen,59,-0.5937124374177251,4.205816166986708,67.07531999379025,0.004022814126223874
final_reproduction_candidate,paper_exact_reconstructed_metadata,main,9,0.25,eigen,60,-0.5937124374177248,4.432726936827306,84.16060493061227,0.004022814126223874
final_reproduction_candidate,paper_exact_reconstructed_metadata,main,9,0.25,eigen,61,-0.5937124374177252,4.427520349915087,83.72355418511891,0.00402281412622387
final_reproduction_candidate,paper_exact_reconstructed_metadata,main,9,0.25,eigen,62,-0.5937124374177237,3.840374436055423,46.54289851681289,0.00402281412622387
final_reproduction_candidate,paper_exact_reconstructed_metadata,main,9,0.25,eigen,63,-0.5937124374177238,4.191042059694007,66.09162650890191,0.00402281412622387
final_reproduction_candidate,paper_exact_reconstructed_metadata,main,9,0.25,eigen,64,-0.5937124374177253,4.490593032788339,89.17431349277375,0.004022814126223869
final_reproduction_candidate,paper_exact_reconstructed_metadata,main,9,0.25,eigen,65,-0.5937124374177238,4.320607862111363,75.23434650414389,0.004022814126223867
final_reproduction_candidate,paper_exact_reconstructed_metadata,main,9,0.25,eigen,66,-0.5937124374177246,4.320222661584759,75.2053717751505,0.004022814126223863
final_reproduction_candidate,paper_exact_reconstructed_metadata,main,9,0.25,eigen,67,-0.5219927107152391,2.597689063513452,13.432660114911794,0.003962585861805977
final_reproduction_candidate,paper_exact_reconstructed_metadata,main,9,0.25,eigen,68,-0.5648114265443178,4.134839971286745,62.47959174172586,0.00374231903466726
final_reproduction_candidate,paper_exact_reconstructed_metadata,main,9,0.25,eigen,69,-0.5648114265443176,3.956539400121634,52.2761058792299,0.0037423190346672565
final_reproduction_candidate,paper_exact_reconstructed_metadata,main,9,0.25,eigen,70,-0.5648114265443184,4.142572019927537,62.964559465012506,0.003742319034667255
final_reproduction_candidate,paper_exact_reconstructed_metadata,main,9,0.25,eigen,71,-0.5648114265443176,4.137927962490153,62.67282637128287,0.0037423190346672504
final_reproduction_candidate,paper_exact_reconstructed_metadata,main,9,0.25,eigen,72,-0.5485431003161846,3.554239821420558,34.96123308308317,0.0036300677481108474
final_reproduction_candidate,paper_exact_reconstructed_metadata,main,9,0.25,eigen,73,-0.5485431003161847,3.5542398214205586,34.961233083083194,0.0036300677481108474
final_reproduction_candidate,paper_exact_reconstructed_metadata,main,9,0.25,eigen,74,-0.5207291056007941,3.4911453352657174,32.82352012075822,0.0035450240874189453
final_reproduction_candidate,paper_exact_reconstructed_metadata,main,9,0.25,eigen,75,-0.5207291056007952,3.491145335265685,32.82352012075715,0.0035450240874189422
final_reproduction_candidate,paper_exact_reconstructed_metadata,main,9,0.25,eigen,76,-0.5962860473408218,3.4359918038906985,31.062204908703176,0.0034590189107776568
final_reproduction_candidate,paper_exact_reconstructed_metadata,main,9,0.25,eigen,77,-0.596286047340821,3.4359918038906994,31.062204908703205,0.0034590189107776507
final_reproduction_candidate,paper_exact_reconstructed_metadata,main,9,0.25,eigen,78,-0.4650261752350555,4.320181699958046,75.20229130387604,0.003437851177691791
final_reproduction_candidate,paper_exact_reconstructed_metadata,main,9,0.25,eigen,79,-0.46502617523505496,4.420487339085462,83.1367912953171,0.003437851177691791
final_reproduction_candidate,paper_exact_reconstructed_metadata,main,9,0.25,eigen,80,-0.46502617523505463,4.213177778412583,67.57092442125656,0.003437851177691791
final_reproduction_candidate,paper_exact_reconstructed_metadata,main,9,0.25,eigen,81,-0.46502617523505546,4.399761470634193,81.43144255786163,0.003437851177691788
final_reproduction_candidate,paper_exact_reconstructed_metadata,main,9,0.25,eigen,82,-0.557752926866859,3.062773265763998,21.386786237156294,0.003210872462459319
final_reproduction_candidate,paper_exact_reconstructed_metadata,main,9,0.25,eigen,83,-0.5577529268668591,3.062773265763992,21.38678623715617,0.003210872462459318
final_reproduction_candidate,paper_exact_reconstructed_metadata,main,9,0.25,eigen,84,-0.5393195118606388,3.4314522467707573,30.921515829908497,0.0030009677142126203
final_reproduction_candidate,paper_exact_reconstructed_metadata,main,9,0.25,eigen,85,-0.5393195118606386,3.4314522467707653,30.921515829908746,0.0030009677142126203
final_reproduction_candidate,paper_exact_reconstructed_metadata,main,9,0.25,eigen,86,-0.4080596397548728,3.230084121956981,25.281783634627402,0.002982603060762531
final_reproduction_candidate,paper_exact_reconstructed_metadata,main,9,0.25,eigen,87,-0.4651452190240165,4.31201572916916,74.59069213889502,0.0029519722838256047
final_reproduction_candidate,paper_exact_reconstructed_metadata,main,9,0.25,eigen,88,-0.4651452190240164,4.700214523831071,109.97076127086476,0.002951972283825603
final_reproduction_candidate,paper_exact_reconstructed_metadata,main,9,0.25,eigen,89,-0.4651452190240178,4.644986161281649,104.06192569177007,0.002951972283825603
final_reproduction_candidate,paper_exact_reconstructed_metadata,main,9,0.25,eigen,90,-0.4651452190240182,4.761208540369863,116.88710335560044,0.002951972283825603
final_reproduction_candidate,paper_exact_reconstructed_metadata,main,9,0.25,eigen,91,-0.4651452190240174,4.865603622525018,129.74923453941082,0.002951972283825602
final_reproduction_candidate,paper_exact_reconstructed_metadata,main,9,0.25,eigen,92,-0.46514521902401706,4.436784178181224,84.50275844765197,0.002951972283825602
final_reproduction_candidate,paper_exact_reconstructed_metadata,main,9,0.25,eigen,93,-0.4651452190240172,4.358282866985944,78.1228718203448,0.002951972283825601
final_reproduction_candidate,paper_exact_reconstructed_metadata,main,9,0.25,eigen,94,-0.4651452190240175,4.379513744894422,79.7992211908054,0.002951972283825599
final_reproduction_candidate,paper_exact_reconstructed_metadata,main,9,0.25,eigen,95,-0.4373312243086282,3.680117740700576,39.65106234160326,0.0028828147510472656
final_reproduction_candidate,paper_exact_reconstructed_metadata,main,9,0.25,eigen,96,-0.4373312243086284,3.6801177407005667,39.65106234160289,0.0028828147510472656
final_reproduction_candidate,paper_exact_reconstructed_metadata,main,9,0.25,eigen,97,-0.43624420815061055,4.231074395117067,68.79110130776502,0.0027461428047486063
final_reproduction_candidate,paper_exact_reconstructed_metadata,main,9,0.25,eigen,98,-0.43624420815061077,4.269047816998927,71.45356634591904,0.0027461428047486055
final_reproduction_candidate,paper_exact_reconstructed_metadata,main,9,0.25,eigen,99,-0.43624420815061016,4.4358161637964395,84.4209981408817,0.0027461428047486055
final_reproduction_candidate,paper_exact_reconstructed_metadata,main,9,0.25,eigen,100,-0.43624420815061066,4.44023911919293,84.79521541328526,0.0027461428047486037
final_reproduction_candidate,paper_exact_reconstructed_metadata,main,9,0.25,eigen,101,-0.4084302134352207,2.8724979027889113,17.681128825878925,0.0026818073561829174
final_reproduction_candidate,paper_exact_reconstructed_metadata,main,9,0.25,eigen,102,-0.3921618872070892,3.6132179538008673,37.08519946637527,0.0026013662384590424
final_reproduction_candidate,paper_exact_reconstructed_metadata,main,9,0.25,eigen,103,-0.39216188720708756,3.61321795380087,37.08519946637537,0.002601366238459041
final_reproduction_candidate,paper_exact_reconstructed_metadata,main,9,0.25,eigen,104,-0.4310294335816025,2.775216644236749,16.042102048171106,0.0025312782749937306
final_reproduction_candidate,paper_exact_reconstructed_metadata,main,9,0.25,eigen,105,-0.4502812968706656,4.394086909789458,80.97066347830177,0.0024665258322314177
final_reproduction_candidate,paper_exact_reconstructed_metadata,main,9,0.25,eigen,106,-0.450281296870666,4.257219810184398,70.61339166730495,0.002466525832231417
final_reproduction_candidate,paper_exact_reconstructed_metadata,main,9,0.25,eigen,107,-0.450281296870666,4.32431246748818,75.51357696871581,0.0024665258322314155
final_reproduction_candidate,paper_exact_reconstructed_metadata,main,9,0.25,eigen,108,-0.4502812968706659,4.523669853716678,92.17324035885076,0.0024665258322314155
final_reproduction_candidate,paper_exact_reconstructed_metadata,main,9,0.25,eigen,109,-0.450281296870666,4.601863935950599,99.6699209588542,0.0024665258322314155
final_reproduction_candidate,paper_exact_reconstructed_metadata,main,9,0.25,eigen,110,-0.4502812968706661,4.206533064141978,67.12342334039865,0.0024665258322314142
final_reproduction_candidate,paper_exact_reconstructed_metadata,main,9,0.25,eigen,111,-0.4502812968706658,4.436121036393842,84.44673971361087,0.0024665258322314142
final_reproduction_candidate,paper_exact_reconstructed_metadata,main,9,0.25,eigen,112,-0.4502812968706648,4.429442064607116,83.88460166335571,0.0024665258322314134
final_reproduction_candidate,paper_exact_reconstructed_metadata,main,9,0.25,eigen,113,-0.38174733773185127,3.825830185722158,45.87086590134969,0.0024005448297788785
final_reproduction_candidate,paper_exact_reconstructed_metadata,main,9,0.25,eigen,114,-0.38174733773185054,3.825830185722149,45.87086590134928,0.0024005448297788777
final_reproduction_candidate,paper_exact_reconstructed_metadata,main,9,0.25,eigen,115,-0.3528463268584436,4.610459110646282,100.53029357104532,0.0022331642298587333
final_reproduction_candidate,paper_exact_reconstructed_metadata,main,9,0.25,eigen,116,-0.35284632685844397,4.273106417566254,71.74415712789448,0.0022331642298587333
final_reproduction_candidate,paper_exact_reconstructed_metadata,main,9,0.25,eigen,117,-0.3528463268584435,4.634575390701756,102.98418066956452,0.0022331642298587333
final_reproduction_candidate,paper_exact_reconstructed_metadata,main,9,0.25,eigen,118,-0.3528463268584434,4.035127897421815,56.55015239452057,0.0022331642298587325
final_reproduction_candidate,paper_exact_reconstructed_metadata,main,9,0.25,eigen,119,-0.39331476139048294,4.798786146657854,121.36301117526503,0.0021399028394250056
final_reproduction_candidate,paper_exact_reconstructed_metadata,main,9,0.25,eigen,120,-0.3933147613904824,4.4276256165300305,83.73236794414821,0.0021399028394250056
final_reproduction_candidate,paper_exact_reconstructed_metadata,main,9,0.25,eigen,121,-0.39331476139048277,4.758925154666438,116.62050949901557,0.0021399028394250056
final_reproduction_candidate,paper_exact_reconstructed_metadata,main,9,0.25,eigen,122,-0.39331476139048316,4.7932006626949715,120.68702962213828,0.0021399028394250056
final_reproduction_candidate,paper_exact_reconstructed_metadata,main,9,0.25,eigen,123,-0.3933147613904818,4.85068926275955,127.82846689026643,0.0021399028394250056
final_reproduction_candidate,paper_exact_reconstructed_metadata,main,9,0.25,eigen,124,-0.39331476139048216,4.898707269345443,134.11629133116006,0.0021399028394250047
final_reproduction_candidate,paper_exact_reconstructed_metadata,main,9,0.25,eigen,125,-0.3933147613904824,4.45641593916592,86.17808742660665,0.0021399028394250047
final_reproduction_candidate,paper_exact_reconstructed_metadata,main,9,0.25,eigen,126,-0.39331476139048294,4.646900395562531,104.26131537566276,0.0021399028394250047
final_reproduction_candidate,paper_exact_reconstructed_metadata,main,9,0.25,eigen,127,-0.30876400591492215,4.7672834454109445,117.59934261153617,0.002115431878649411
final_reproduction_candidate,paper_exact_reconstructed_metadata,main,9,0.25,eigen,128,-0.30876400591492126,4.84828188779203,127.5211059538918,0.0021154318786494085
final_reproduction_candidate,paper_exact_reconstructed_metadata,main,9,0.25,eigen,129,-0.30876400591492126,4.80567605338458,122.20207822994566,0.0021154318786494085
final_reproduction_candidate,paper_exact_reconstructed_metadata,main,9,0.25,eigen,130,-0.30876400591492037,4.6814954254383965,107.9313552424698,0.0021154318786494077
final_reproduction_candidate,paper_exact_reconstructed_metadata,main,9,0.25,eigen,131,-0.30876400591492126,4.649937487332141,104.57844789499391,0.002115431878649407
final_reproduction_candidate,paper_exact_reconstructed_metadata,main,9,0.25,eigen,132,-0.3087640059149202,4.730070666520282,113.30356883470637,0.002115431878649407
final_reproduction_candidate,paper_exact_reconstructed_metadata,main,9,0.25,eigen,133,-0.3087640059149209,4.154749994949417,63.73602822685474,0.002115431878649407
final_reproduction_candidate,paper_exact_reconstructed_metadata,main,9,0.25,eigen,134,-0.3087640059149198,4.748115620092359,115.36668490834971,0.002115431878649406
final_reproduction_candidate,paper_exact_reconstructed_metadata,main,9,0.25,eigen,135,-0.2798629950415122,4.257162175996006,70.60932203906262,0.0019679310894343397
final_reproduction_candidate,paper_exact_reconstructed_metadata,main,9,0.25,eigen,136,-0.2798629950415141,4.193746381222175,66.27060141106648,0.0019679310894343397
final_reproduction_candidate,paper_exact_reconstructed_metadata,main,9,0.25,eigen,137,-0.2798629950415139,4.209624034284703,67.33122082028123,0.0019679310894343397
final_reproduction_candidate,paper_exact_reconstructed_metadata,main,9,0.25,eigen,138,-0.27986299504151224,4.437226453327234,84.54014018337966,0.001967931089434338
final_reproduction_candidate,paper_exact_reconstructed_metadata,main,9,0.25,eigen,139,-0.3235578035854094,4.054442188887305,57.652994544000336,0.0019444756298592223
final_reproduction_candidate,paper_exact_reconstructed_metadata,main,9,0.25,eigen,140,-0.32355780358540925,4.298775307210445,73.6095893412484,0.0019444756298592205
final_reproduction_candidate,paper_exact_reconstructed_metadata,main,9,0.25,eigen,141,-0.32355780358540637,4.047754045261648,57.26868961186802,0.0019444756298592205
final_reproduction_candidate,paper_exact_reconstructed_metadata,main,9,0.25,eigen,142,-0.3235578035854095,4.280507670370323,72.27712364906729,0.0019444756298592205
final_reproduction_candidate,paper_exact_reconstructed_metadata,main,9,0.25,eigen,143,-0.3428096668744727,3.650234000350684,38.483670187824785,0.0018947341422602376
final_reproduction_candidate,paper_exact_reconstructed_metadata,main,9,0.25,eigen,144,-0.34280966687447223,3.650234000350689,38.48367018782497,0.0018947341422602365
final_reproduction_candidate,paper_exact_reconstructed_metadata,main,9,0.25,eigen,145,-0.3738753134931532,3.2954476258228125,26.989492560190605,0.0018387727317880824
final_reproduction_candidate,paper_exact_reconstructed_metadata,main,9,0.25,eigen,146,-0.37387531349315295,3.2954476258228085,26.989492560190495,0.0018387727317880807
final_reproduction_candidate,paper_exact_reconstructed_metadata,main,9,0.25,eigen,147,-0.3042765464005114,3.685954660015461,39.8831791577938,0.0017588078695115123
final_reproduction_candidate,paper_exact_reconstructed_metadata,main,9,0.25,eigen,148,-0.3042765464005114,3.6859546600154616,39.88317915779381,0.0017588078695115114
final_reproduction_candidate,paper_exact_reconstructed_metadata,main,9,0.25,eigen,149,-0.22536612462275324,3.9343674539918125,51.12979777613204,0.0017202698978122455
final_reproduction_candidate,paper_exact_reconstructed_metadata,main,9,0.25,eigen,150,-0.22536612462275332,3.934367453991813,51.12979777613206,0.0017202698978122449
final_reproduction_candidate,paper_exact_reconstructed_metadata,main,9,0.25,eigen,151,-0.26659126810522493,4.447514298450862,85.41436528792129,0.0016869837190247932
final_reproduction_candidate,paper_exact_reconstructed_metadata,main,9,0.25,eigen,152,-0.26659126810522554,4.474612191302213,87.76055950120399,0.0016869837190247926
final_reproduction_candidate,paper_exact_reconstructed_metadata,main,9,0.25,eigen,153,-0.2665912681052246,4.453346587367538,85.9139820824322,0.0016869837190247926
final_reproduction_candidate,paper_exact_reconstructed_metadata,main,9,0.25,eigen,154,-0.2665912681052258,4.198790668571879,66.60573390911621,0.0016869837190247915
final_reproduction_candidate,paper_exact_reconstructed_metadata,main,9,0.25,eigen,155,-0.28584313139428913,4.849694926426454,127.70142557259966,0.0016438291129957973
final_reproduction_candidate,paper_exact_reconstructed_metadata,main,9,0.25,eigen,156,-0.28584313139428946,4.490600197712803,89.17495242228303,0.0016438291129957973
final_reproduction_candidate,paper_exact_reconstructed_metadata,main,9,0.25,eigen,157,-0.28584313139428946,4.868544562754232,130.1313809424063,0.0016438291129957966
final_reproduction_candidate,paper_exact_reconstructed_metadata,main,9,0.25,eigen,158,-0.28584313139428935,4.072658329471876,58.71283337749433,0.001643829112995796
final_reproduction_candidate,paper_exact_reconstructed_metadata,main,9,0.25,eigen,159,-0.28584313139428885,4.4624099576727705,86.69619168958273,0.001643829112995796
final_reproduction_candidate,paper_exact_reconstructed_metadata,main,9,0.25,eigen,160,-0.2858431313942894,4.844540509732879,127.04489268842777,0.001643829112995796
final_reproduction_candidate,paper_exact_reconstructed_metadata,main,9,0.25,eigen,161,-0.2858431313942896,4.600538961008303,99.53794826064943,0.001643829112995795
final_reproduction_candidate,paper_exact_reconstructed_metadata,main,9,0.25,eigen,162,-0.28584313139428913,4.608427243080682,100.32623670664401,0.0016438291129957944
final_reproduction_candidate,paper_exact_reconstructed_metadata,main,9,0.25,eigen,163,-0.19646511374934658,4.680202555336852,107.79190418573306,0.0016003222076260547
final_reproduction_candidate,paper_exact_reconstructed_metadata,main,9,0.25,eigen,164,-0.19646511374934728,4.494732326487076,89.54419716716052,0.0016003222076260547
final_reproduction_candidate,paper_exact_reconstructed_metadata,main,9,0.25,eigen,165,-0.19646511374934642,4.717924864968954,111.93572973900515,0.0016003222076260547
final_reproduction_candidate,paper_exact_reconstructed_metadata,main,9,0.25,eigen,166,-0.1964651137493466,4.455043072844867,86.0598576082034,0.0016003222076260543
final_reproduction_candidate,paper_exact_reconstructed_metadata,main,9,0.25,eigen,167,-0.18019678752121343,3.8475789952003354,46.87943040825269,0.001552320360363242
final_reproduction_candidate,paper_exact_reconstructed_metadata,main,9,0.25,eigen,168,-0.1801967875212136,3.8475789952003354,46.87943040825269,0.0015523203603632412
final_reproduction_candidate,paper_exact_reconstructed_metadata,main,9,0.25,eigen,169,-0.24731001092032823,3.8127779184936905,45.27603747602546,0.0015259025082116442
final_reproduction_candidate,paper_exact_reconstructed_metadata,main,9,0.25,eigen,170,-0.24731001092032803,3.812777918493694,45.276037476025614,0.0015259025082116442
final_reproduction_candidate,paper_exact_reconstructed_metadata,main,9,0.25,eigen,171,-0.2904774322009861,3.4882797603801277,32.72959650269536,0.0014952905888099579
final_reproduction_candidate,paper_exact_reconstructed_metadata,main,9,0.25,eigen,172,-0.29047743220098576,3.4882797603801214,32.72959650269516,0.0014952905888099572
final_reproduction_candidate,paper_exact_reconstructed_metadata,main,9,0.25,eigen,173,-0.2160861735892149,3.2680748447295387,26.260734656225644,0.0014937059715908866
final_reproduction_candidate,paper_exact_reconstructed_metadata,main,9,0.25,eigen,174,-0.1512957766478063,3.2718417494300103,26.35984288948296,0.001444083134395757
final_reproduction_candidate,paper_exact_reconstructed_metadata,main,9,0.25,eigen,175,-0.22887659591410645,3.5199099285418276,33.78138558815448,0.0014261495016441247
final_reproduction_candidate,paper_exact_reconstructed_metadata,main,9,0.25,eigen,176,-0.22887659591410653,3.519909928541864,33.78138558815571,0.0014261495016441243
final_reproduction_candidate,paper_exact_reconstructed_metadata,main,9,0.25,eigen,177,-0.26157642132757886,2.8258408844484997,16.875129055260654,0.0013910298257093546
final_reproduction_candidate,paper_exact_reconstructed_metadata,main,9,0.25,eigen,178,-0.177553053115254,3.9649997779672908,52.72025768402437,0.001386549046103355
final_reproduction_candidate,paper_exact_reconstructed_metadata,main,9,0.25,eigen,179,-0.177553053115254,4.214939890031135,67.69009689902316,0.0013865490461033546
final_reproduction_candidate,paper_exact_reconstructed_metadata,main,9,0.25,eigen,180,-0.17755305311525393,4.2395219963069355,69.37468255739964,0.0013865490461033546
final_reproduction_candidate,paper_exact_reconstructed_metadata,main,9,0.25,eigen,181,-0.17755305311525355,4.246213937042865,69.840490663448,0.0013865490461033546
final_reproduction_candidate,paper_exact_reconstructed_metadata,main,9,0.25,eigen,182,-0.19680491640431755,3.8725842407856055,48.06644097510764,0.001351079837272424
final_reproduction_candidate,paper_exact_reconstructed_metadata,main,9,0.25,eigen,183,-0.1968049164043179,3.8725842407855877,48.06644097510679,0.001351079837272424
final_reproduction_candidate,paper_exact_reconstructed_metadata,main,9,0.25,eigen,184,-0.24530809509944554,3.623530375671285,37.46961641654077,0.0013493057273287106
final_reproduction_candidate,paper_exact_reconstructed_metadata,main,9,0.25,eigen,185,-0.24530809509944498,3.6235303756712858,37.469616416540795,0.0013493057273287088
final_reproduction_candidate,paper_exact_reconstructed_metadata,main,9,0.25,eigen,186,-0.15911963810903115,4.348621078204477,77.37169980995978,0.0012959060100261436
final_reproduction_candidate,paper_exact_reconstructed_metadata,main,9,0.25,eigen,187,-0.15911963810903215,4.560792408289533,95.65925098870835,0.0012959060100261436
final_reproduction_candidate,paper_exact_reconstructed_metadata,main,9,0.25,eigen,188,-0.15911963810903124,4.499294995270152,89.95369116261392,0.0012959060100261436
final_reproduction_candidate,paper_exact_reconstructed_metadata,main,9,0.25,eigen,189,-0.15911963810903296,4.594517128412769,98.94034852796452,0.0012959060100261432
final_reproduction_candidate,paper_exact_reconstructed_metadata,main,9,0.25,eigen,190,-0.09679890622904548,3.896004274722274,49.20544434142733,0.0012623474263793644
final_reproduction_candidate,paper_exact_reconstructed_metadata,main,9,0.25,eigen,191,-0.09679890622904702,3.896004274722255,49.20544434142641,0.0012623474263793637
final_reproduction_candidate,paper_exact_reconstructed_metadata,main,9,0.25,eigen,192,-0.12058651763507099,4.535008669651268,93.22432352329501,0.001202939049729857
final_reproduction_candidate,paper_exact_reconstructed_metadata,main,9,0.25,eigen,193,-0.12058651763507106,4.52644178915824,92.4290930703415,0.001202939049729857
final_reproduction_candidate,paper_exact_reconstructed_metadata,main,9,0.25,eigen,194,-0.1205865176350706,4.482373336814746,88.44433197029812,0.0012029390497298566
final_reproduction_candidate,paper_exact_reconstructed_metadata,main,9,0.25,eigen,195,-0.12058651763507082,4.508470870002463,90.78289347470431,0.0012029390497298566
final_reproduction_candidate,paper_exact_reconstructed_metadata,main,9,0.25,eigen,196,-0.06789789535563055,4.566575831017882,96.21409176791552,0.0011743288787088805
final_reproduction_candidate,paper_exact_reconstructed_metadata,main,9,0.25,eigen,197,-0.06789789535563523,4.675258160097184,107.2602538356387,0.0011743288787088794
final_reproduction_candidate,paper_exact_reconstructed_metadata,main,9,0.25,eigen,198,-0.0678978953556384,4.482158444548249,88.42532800931748,0.0011743288787088794
final_reproduction_candidate,paper_exact_reconstructed_metadata,main,9,0.25,eigen,199,-0.0678978953556397,4.421557660604222,83.2258220292969,0.0011743288787088794
final_reproduction_candidate,paper_exact_reconstructed_metadata,main,9,0.25,eigen,200,-0.1398383809241342,5.025323080489946,152.21942729626693,0.0011721667546670481
final_reproduction_candidate,paper_exact_reconstructed_metadata,main,9,0.25,eigen,201,-0.13983838092413847,4.918274739633405,136.76645178634857,0.0011721667546670477
final_reproduction_candidate,paper_exact_reconstructed_metadata,main,9,0.25,eigen,202,-0.1398383809241347,4.652937274161951,104.89263195266585,0.0011721667546670477
final_reproduction_candidate,paper_exact_reconstructed_metadata,main,9,0.25,eigen,203,-0.13983838092413434,4.783397293198781,119.50967054962624,0.0011721667546670477
final_reproduction_candidate,paper_exact_reconstructed_metadata,main,9,0.25,eigen,204,-0.13983838092413642,4.697643039603901,109.68833647389079,0.0011721667546670473
final_reproduction_candidate,paper_exact_reconstructed_metadata,main,9,0.25,eigen,205,-0.13983838092414025,4.6036361522694165,99.84671423096175,0.0011721667546670473
final_reproduction_candidate,paper_exact_reconstructed_metadata,main,9,0.25,eigen,206,-0.13983838092413706,4.692001302346982,109.07124606711628,0.0011721667546670473
final_reproduction_candidate,paper_exact_reconstructed_metadata,main,9,0.25,eigen,207,-0.13983838092413448,4.825782255592743,124.68396497352298,0.0011721667546670466
final_reproduction_candidate,paper_exact_reconstructed_metadata,main,9,0.25,eigen,208,-0.10215310262884927,3.498622989427931,33.06988301290689,0.0011242991718331595
final_reproduction_candidate,paper_exact_reconstructed_metadata,main,9,0.25,eigen,209,-0.16191021380727844,4.3526324752010135,77.68269175324589,0.0010972558601845337
final_reproduction_candidate,paper_exact_reconstructed_metadata,main,9,0.25,eigen,210,-0.16191021380727844,4.504772915344162,90.4478024085305,0.0010972558601845333
final_reproduction_candidate,paper_exact_reconstructed_metadata,main,9,0.25,eigen,211,-0.1619102138072781,4.926786409484574,137.93553102074284,0.0010972558601845333
final_reproduction_candidate,paper_exact_reconstructed_metadata,main,9,0.25,eigen,212,-0.16191021380727813,4.847153699645192,127.37731927814563,0.0010972558601845333
final_reproduction_candidate,paper_exact_reconstructed_metadata,main,9,0.25,eigen,213,-0.16191021380727735,4.723466522234212,112.55776113949064,0.0010972558601845329
final_reproduction_candidate,paper_exact_reconstructed_metadata,main,9,0.25,eigen,214,-0.16191021380727919,4.795452919675986,120.95915415928394,0.0010972558601845329
final_reproduction_candidate,paper_exact_reconstructed_metadata,main,9,0.25,eigen,215,-0.16191021380727819,4.70838827689102,110.87331873321617,0.0010972558601845329
final_reproduction_candidate,paper_exact_reconstructed_metadata,main,9,0.25,eigen,216,-0.16191021380727813,4.432561300840522,84.14666606018739,0.0010972558601845329
final_reproduction_candidate,paper_exact_reconstructed_metadata,main,9,0.25,eigen,217,-0.07008142311905977,4.115817525198614,61.30230996584238,0.0010651183065833408
final_reproduction_candidate,paper_exact_reconstructed_metadata,main,9,0.25,eigen,218,-0.0700814231190603,4.458811391741731,86.38477039890819,0.0010651183065833404
final_reproduction_candidate,paper_exact_reconstructed_metadata,main,9,0.25,eigen,219,-0.07008142311906046,4.500490516805958,90.06129704738385,0.0010651183065833404
final_reproduction_candidate,paper_exact_reconstructed_metadata,main,9,0.25,eigen,220,-0.07008142311906047,4.277872307187843,72.0868979454701,0.0010651183065833404
final_reproduction_candidate,paper_exact_reconstructed_metadata,main,9,0.25,eigen,221,-0.13300920293387153,4.241760686331088,69.53016494066348,0.0010207485015777378
final_reproduction_candidate,paper_exact_reconstructed_metadata,main,9,0.25,eigen,222,-0.13300920293387164,4.282765239105079,72.44047854673059,0.0010207485015777374
final_reproduction_candidate,paper_exact_reconstructed_metadata,main,9,0.25,eigen,223,-0.13300920293387175,4.116393110509717,61.337604831624134,0.0010207485015777374
final_reproduction_candidate,paper_exact_reconstructed_metadata,main,9,0.25,eigen,224,-0.13300920293387128,3.9261889573443773,50.71333822429641,0.0010207485015777374
final_reproduction_candidate,paper_exact_reconstructed_metadata,main,9,0.25,eigen,225,-0.08287184544395129,3.9191089350716743,50.355554712303565,0.0010169457517184726
final_reproduction_candidate,paper_exact_reconstructed_metadata,main,9,0.25,eigen,226,-0.08287184544395156,3.919108935071674,50.355554712303544,0.0010169457517184726
final_reproduction_candidate,paper_exact_reconstructed_metadata,main,9,0.25,eigen,227,-0.08892688199034852,3.8396594700770423,46.50963382081811,0.0009669346711942262
final_reproduction_candidate,paper_exact_reconstructed_metadata,main,9,0.25,eigen,228,-0.08892688199034883,3.8396594700770366,46.50963382081785,0.0009669346711942257
final_reproduction_candidate,paper_exact_reconstructed_metadata,main,9,0.25,eigen,229,0.015499985936527535,3.437565857040356,31.111136970905335,0.0009549646294752179
final_reproduction_candidate,paper_exact_reconstructed_metadata,main,9,0.25,eigen,230,-0.013114887638876974,5.3796060183490075,216.9367894716277,0.0009240729040000593
final_reproduction_candidate,paper_exact_reconstructed_metadata,main,9,0.25,eigen,231,-0.013114887638876988,5.401824398934109,221.81071852613653,0.0009240729040000593
final_reproduction_candidate,paper_exact_reconstructed_metadata,main,9,0.25,eigen,232,-0.013114887638877228,5.337975209633021,208.09094290127828,0.0009240729040000593
final_reproduction_candidate,paper_exact_reconstructed_metadata,main,9,0.25,eigen,233,-0.013114887638877491,5.1837663718328395,178.3532923763715,0.0009240729040000593
final_reproduction_candidate,paper_exact_reconstructed_metadata,main,9,0.25,eigen,234,-0.013114887638877063,5.015928833962778,150.79613631054661,0.0009240729040000588
final_reproduction_candidate,paper_exact_reconstructed_metadata,main,9,0.25,eigen,235,-0.013114887638877408,5.321014538573482,204.59134254561965,0.0009240729040000588
final_reproduction_candidate,paper_exact_reconstructed_metadata,main,9,0.25,eigen,236,-0.013114887638877191,5.136174498695639,170.06394250212185,0.0009240729040000588
final_reproduction_candidate,paper_exact_reconstructed_metadata,main,9,0.25,eigen,237,-0.013114887638877158,5.154589032909593,173.22460251770377,0.0009240729040000588
final_reproduction_candidate,paper_exact_reconstructed_metadata,main,9,0.25,eigen,238,-0.013114887638877196,4.915684130921067,136.41260196590713,0.0009240729040000588
final_reproduction_candidate,paper_exact_reconstructed_metadata,main,9,0.25,eigen,239,-0.013114887638877387,5.014017147121477,150.50813669129295,0.0009240729040000588
final_reproduction_candidate,paper_exact_reconstructed_metadata,main,9,0.25,eigen,240,-0.013114887638877235,5.470400728148451,237.55536881313057,0.0009240729040000588
final_reproduction_candidate,paper_exact_reconstructed_metadata,main,9,0.25,eigen,241,-0.013114887638877198,5.167670867612686,175.50558532491252,0.0009240729040000588
final_reproduction_candidate,paper_exact_reconstructed_metadata,main,9,0.25,eigen,242,-0.013114887638877096,5.174632729691516,176.7316940517333,0.0009240729040000588
final_reproduction_candidate,paper_exact_reconstructed_metadata,main,9,0.25,eigen,243,-0.01311488763887695,4.919267338071107,136.90227334970604,0.0009240729040000585
final_reproduction_candidate,paper_exact_reconstructed_metadata,main,9,0.25,eigen,244,-0.013114887638877167,4.945721404805601,140.57222375935234,0.0009240729040000585
final_reproduction_candidate,paper_exact_reconstructed_metadata,main,9,0.25,eigen,245,-0.013114887638877158,5.29229506720592,198.7991596708852,0.0009240729040000579
final_reproduction_candidate,paper_exact_reconstructed_metadata,main,9,0.25,eigen,246,-0.0323667509279409,4.025705519764132,56.019817931495986,0.0009004342632328284
final_reproduction_candidate,paper_exact_reconstructed_metadata,main,9,0.25,eigen,247,-0.03236675092794076,4.025705519764127,56.01981793149574,0.0009004342632328281
final_reproduction_candidate,paper_exact_reconstructed_metadata,main,9,0.25,eigen,248,-0.07851233251511164,3.8703863333061883,47.96091139958382,0.000892288825522783
final_reproduction_candidate,paper_exact_reconstructed_metadata,main,9,0.25,eigen,249,-0.07851233251511155,3.870386333306183,47.960911399583566,0.000892288825522783
final_reproduction_candidate,paper_exact_reconstructed_metadata,main,9,0.25,eigen,250,-0.049611321641704155,4.041563700742686,56.915271710895354,0.0008300730164009013
final_reproduction_candidate,paper_exact_reconstructed_metadata,main,9,0.25,eigen,251,-0.04961132164170487,4.192641594645883,66.19742696873831,0.0008300730164009013
final_reproduction_candidate,paper_exact_reconstructed_metadata,main,9,0.25,eigen,252,-0.0496113216417046,4.061838371502238,58.08098742564287,0.000830073016400901
final_reproduction_candidate,paper_exact_reconstructed_metadata,main,9,0.25,eigen,253,-0.04961132164170472,4.165076504294249,64.39760894863453,0.0008300730164009007
final_reproduction_candidate,paper_exact_reconstructed_metadata,main,9,0.25,eigen,254,-0.03334299541357066,3.7993180015327734,44.67070874738043,0.0008051748815375688
final_reproduction_candidate,paper_exact_reconstructed_metadata,main,9,0.25,eigen,255,-0.033342995413570733,3.799318001532789,44.67070874738112,0.0008051748815375688
final_reproduction_candidate,paper_exact_reconstructed_metadata,main,9,0.25,eigen,256,0.04385164784130556,4.181072436385604,65.43599153609473,0.0008017050562638953
final_reproduction_candidate,paper_exact_reconstructed_metadata,main,9,0.25,eigen,257,0.04385164784130543,4.122590578749459,61.7189230728232,0.0008017050562638953
final_reproduction_candidate,paper_exact_reconstructed_metadata,main,9,0.25,eigen,258,0.04385164784130571,4.426292933967431,83.62085360057894,0.000801705056263895
final_reproduction_candidate,paper_exact_reconstructed_metadata,main,9,0.25,eigen,259,0.04385164784130537,4.463294421432928,86.77290524945671,0.0008017050562638943
final_reproduction_candidate,paper_exact_reconstructed_metadata,main,9,0.25,eigen,260,-0.005529000698181231,4.756723593709872,116.36404475354051,0.0007863115918761685
final_reproduction_candidate,paper_exact_reconstructed_metadata,main,9,0.25,eigen,261,-0.005529000698181474,4.8430970001481075,126.86163446745651,0.0007863115918761685
final_reproduction_candidate,paper_exact_reconstructed_metadata,main,9,0.25,eigen,262,-0.005529000698181615,4.918752747190196,136.83184281127498,0.0007863115918761685
final_reproduction_candidate,paper_exact_reconstructed_metadata,main,9,0.25,eigen,263,-0.005529000698181415,4.961694268801064,142.83559289331532,0.0007863115918761681
final_reproduction_candidate,paper_exact_reconstructed_metadata,main,9,0.25,eigen,264,-0.005529000698181765,4.90105872153273,134.4320304550029,0.0007863115918761681
final_reproduction_candidate,paper_exact_reconstructed_metadata,main,9,0.25,eigen,265,-0.0055290006981812455,4.537260095070651,93.43444758554917,0.0007863115918761681
final_reproduction_candidate,paper_exact_reconstructed_metadata,main,9,0.25,eigen,266,-0.005529000698181564,5.025890303343274,152.30579412645415,0.0007863115918761681
final_reproduction_candidate,paper_exact_reconstructed_metadata,main,9,0.25,eigen,267,-0.005529000698181913,4.643550880364093,103.91267472973125,0.0007863115918761678
final_reproduction_candidate,paper_exact_reconstructed_metadata,main,9,0.25,eigen,268,0.024599784552241946,3.9516783427951316,52.02260537117762,0.0007811966983797283
final_reproduction_candidate,paper_exact_reconstructed_metadata,main,9,0.25,eigen,269,0.02459978455224194,3.9516783427951263,52.02260537117734,0.000781196698379728
final_reproduction_candidate,paper_exact_reconstructed_metadata,main,9,0.25,eigen,270,0.07592332735109394,3.23925602207755,25.514732286839102,0.0007595049016311272
final_reproduction_candidate,paper_exact_reconstructed_metadata,main,9,0.25,eigen,271,-0.004441984540164045,3.2379375696793042,25.48111449346493,0.0007490331869353469
final_reproduction_candidate,paper_exact_reconstructed_metadata,main,9,0.25,eigen,272,0.023372010175225104,4.539823138185602,93.6742312598149,0.0007314851606678331
final_reproduction_candidate,paper_exact_reconstructed_metadata,main,9,0.25,eigen,273,0.023372010175225208,4.53143487641944,92.8917536887227,0.0007314851606678331
final_reproduction_candidate,paper_exact_reconstructed_metadata,main,9,0.25,eigen,274,0.023372010175225652,4.088782952346426,59.66722963469142,0.0007314851606678331
final_reproduction_candidate,paper_exact_reconstructed_metadata,main,9,0.25,eigen,275,0.023372010175225683,3.9385770101308144,51.345485185871524,0.0007314851606678329
final_reproduction_candidate,paper_exact_reconstructed_metadata,main,9,0.25,eigen,276,0.09435674235731649,4.683686999115974,108.16815414594765,0.0007098536971585251
final_reproduction_candidate,paper_exact_reconstructed_metadata,main,9,0.25,eigen,277,0.094356742357316,4.381201330590489,79.93400291090819,0.0007098536971585251
final_reproduction_candidate,paper_exact_reconstructed_metadata,main,9,0.25,eigen,278,0.09435674235731611,4.630153501752411,102.5298014068016,0.0007098536971585251
final_reproduction_candidate,paper_exact_reconstructed_metadata,main,9,0.25,eigen,279,0.09435674235731624,4.640994155559699,103.64733795785064,0.0007098536971585251
final_reproduction_candidate,paper_exact_reconstructed_metadata,main,9,0.25,eigen,280,0.0016299907255120205,3.6637119735746273,39.00586321104398,0.0006629867236171512
final_reproduction_candidate,paper_exact_reconstructed_metadata,main,9,0.25,eigen,281,0.001629990725512359,3.6637119735746295,39.005863211044066,0.0006629867236171512
final_reproduction_candidate,paper_exact_reconstructed_metadata,main,9,0.25,eigen,282,0.13288986283127877,4.536179317447057,93.33352027513946,0.0006589295252129243
final_reproduction_candidate,paper_exact_reconstructed_metadata,main,9,0.25,eigen,283,0.13288986283127782,4.486695609749761,88.82743986463394,0.0006589295252129243
final_reproduction_candidate,paper_exact_reconstructed_metadata,main,9,0.25,eigen,284,0.13288986283127743,4.033422505581694,56.453794413480274,0.0006589295252129243
final_reproduction_candidate,paper_exact_reconstructed_metadata,main,9,0.25,eigen,285,0.1328898628312792,4.002652598089135,54.74316923538892,0.0006589295252129243
final_reproduction_candidate,paper_exact_reconstructed_metadata,main,9,0.25,eigen,286,0.05005488587859406,3.7708239756877266,43.41582368479628,0.0006547684778523552
final_reproduction_candidate,paper_exact_reconstructed_metadata,main,9,0.25,eigen,287,0.050054885878595044,3.7708239756877213,43.415823684796045,0.0006547684778523552
final_reproduction_candidate,paper_exact_reconstructed_metadata,main,9,0.25,eigen,288,0.07786888059398521,3.9238809953558373,50.596428730591576,0.0006394288445104689
final_reproduction_candidate,paper_exact_reconstructed_metadata,main,9,0.25,eigen,289,0.07786888059398499,3.9238809953558387,50.59642873059165,0.0006394288445104682
final_reproduction_candidate,paper_exact_reconstructed_metadata,main,9,0.25,eigen,290,0.15132327783749935,4.522989707478234,92.11057039092293,0.0006158532468121945
final_reproduction_candidate,paper_exact_reconstructed_metadata,main,9,0.25,eigen,291,0.15132327783749885,4.43216985418329,84.11373357511705,0.0006158532468121945
final_reproduction_candidate,paper_exact_reconstructed_metadata,main,9,0.25,eigen,292,0.15132327783750002,4.352036965823031,77.6364447534277,0.0006158532468121945
final_reproduction_candidate,paper_exact_reconstructed_metadata,main,9,0.25,eigen,293,0.1513232778374997,4.319843235969115,75.17684234340587,0.0006158532468121939
final_reproduction_candidate,paper_exact_reconstructed_metadata,main,9,0.25,eigen,294,0.07895589675200262,4.357440619402842,78.05710072203148,0.0006091140333811719
final_reproduction_candidate,paper_exact_reconstructed_metadata,main,9,0.25,eigen,295,0.07895589675200253,4.313242120690299,74.68222564777717,0.0006091140333811719
final_reproduction_candidate,paper_exact_reconstructed_metadata,main,9,0.25,eigen,296,0.07895589675200265,4.122385251985438,61.7062518269873,0.0006091140333811719
final_reproduction_candidate,paper_exact_reconstructed_metadata,main,9,0.25,eigen,297,0.0789558967520022,4.345976179087494,77.16732985754524,0.0006091140333811719
final_reproduction_candidate,paper_exact_reconstructed_metadata,main,9,0.25,eigen,298,0.10676989146739185,4.5514575062119835,94.77043620171459,0.0005948439726627452
final_reproduction_candidate,paper_exact_reconstructed_metadata,main,9,0.25,eigen,299,0.10676989146739174,4.347665511448065,77.2978012988377,0.0005948439726627452
final_reproduction_candidate,paper_exact_reconstructed_metadata,main,9,0.25,eigen,300,0.10676989146739196,4.499228404962068,89.94770131804108,0.0005948439726627452
final_reproduction_candidate,paper_exact_reconstructed_metadata,main,9,0.25,eigen,301,0.1067698914673932,4.468623890467159,87.23659326894497,0.0005948439726627447
final_reproduction_candidate,paper_exact_reconstructed_metadata,main,9,0.25,eigen,302,0.12303821769552568,4.859964524616654,129.01962500553523,0.0005770015598130732
final_reproduction_candidate,paper_exact_reconstructed_metadata,main,9,0.25,eigen,303,0.12303821769552623,4.89325619758458,133.38720276521465,0.0005770015598130732
final_reproduction_candidate,paper_exact_reconstructed_metadata,main,9,0.25,eigen,304,0.12303821769552561,4.231880732311203,68.84659250067487,0.0005770015598130732
final_reproduction_candidate,paper_exact_reconstructed_metadata,main,9,0.25,eigen,305,0.12303821769552584,4.819983643415605,123.96306315093712,0.0005770015598130732
final_reproduction_candidate,paper_exact_reconstructed_metadata,main,9,0.25,eigen,306,0.12303821769552546,4.99749219943814,148.04143479881714,0.0005770015598130732
final_reproduction_candidate,paper_exact_reconstructed_metadata,main,9,0.25,eigen,307,0.12303821769552571,4.749422687982298,115.5175755884614,0.0005770015598130732
final_reproduction_candidate,paper_exact_reconstructed_metadata,main,9,0.25,eigen,308,0.12303821769552568,4.892781340050319,133.32387788334614,0.0005770015598130732
final_reproduction_candidate,paper_exact_reconstructed_metadata,main,9,0.25,eigen,309,0.12303821769552581,4.632984749463056,102.82049999798207,0.0005770015598130728
final_reproduction_candidate,paper_exact_reconstructed_metadata,main,9,0.25,eigen,310,0.05859652620569611,3.6144242317567783,37.12996151729197,0.0005751925051139361
final_reproduction_candidate,paper_exact_reconstructed_metadata,main,9,0.25,eigen,311,0.05859652620569536,3.614424231756778,37.12996151729195,0.0005751925051139361
final_reproduction_candidate,paper_exact_reconstructed_metadata,main,9,0.25,eigen,312,0.18985639831145976,3.50136111869918,33.160556709081085,0.0005716725702031144
final_reproduction_candidate,paper_exact_reconstructed_metadata,main,9,0.25,eigen,313,0.15193922856893227,4.473662724678142,87.67727332402737,0.0005367694983084075
final_reproduction_candidate,paper_exact_reconstructed_metadata,main,9,0.25,eigen,314,0.15193922856893333,4.28569126104333,72.65275138221283,0.0005367694983084075
final_reproduction_candidate,paper_exact_reconstructed_metadata,main,9,0.25,eigen,315,0.15193922856893236,4.328298923951176,75.81520937844374,0.0005367694983084075
final_reproduction_candidate,paper_exact_reconstructed_metadata,main,9,0.25,eigen,316,0.1519392285689326,4.49606683641906,89.66377455849334,0.0005367694983084071
final_reproduction_candidate,paper_exact_reconstructed_metadata,main,9,0.25,eigen,317,0.1091016207217051,3.7132477859968716,40.98670664650064,0.0005092926920478368
final_reproduction_candidate,paper_exact_reconstructed_metadata,main,9,0.25,eigen,318,0.10910162072170575,3.7132477859968738,40.986706646500735,0.0005092926920478368
final_reproduction_candidate,paper_exact_reconstructed_metadata,main,9,0.25,eigen,319,0.24036149282747107,4.214202674597378,67.64021310468749,0.0005061760361272064
final_reproduction_candidate,paper_exact_reconstructed_metadata,main,9,0.25,eigen,320,0.24036149282747143,4.620216357667758,101.51599351730015,0.0005061760361272064
final_reproduction_candidate,paper_exact_reconstructed_metadata,main,9,0.25,eigen,321,0.24036149282747107,4.617321657713486,101.22256008128157,0.0005061760361272059
final_reproduction_candidate,paper_exact_reconstructed_metadata,main,9,0.25,eigen,322,0.2403614928274712,4.220343590113797,68.05686393830676,0.0005061760361272059
final_reproduction_candidate,paper_exact_reconstructed_metadata,main,9,0.25,eigen,323,0.1623537780441698,3.1708094403870692,23.826762897143414,0.0004953317318020304
final_reproduction_candidate,paper_exact_reconstructed_metadata,main,9,0.25,eigen,324,0.20643609898769158,4.812939614721714,123.09293198942285,0.000469217857760026
final_reproduction_candidate,paper_exact_reconstructed_metadata,main,9,0.25,eigen,325,0.20643609898769294,5.055527368356565,156.88724590050427,0.000469217857760026
final_reproduction_candidate,paper_exact_reconstructed_metadata,main,9,0.25,eigen,326,0.20643609898769222,4.980452275591914,145.54019104655,0.000469217857760026
final_reproduction_candidate,paper_exact_reconstructed_metadata,main,9,0.25,eigen,327,0.20643609898769272,4.822263478645107,124.24600091265316,0.000469217857760026
final_reproduction_candidate,paper_exact_reconstructed_metadata,main,9,0.25,eigen,328,0.20643609898769247,4.515742008901814,91.4453941512286,0.000469217857760026
final_reproduction_candidate,paper_exact_reconstructed_metadata,main,9,0.25,eigen,329,0.20643609898769213,4.493057668758235,89.3943667776279,0.000469217857760026
final_reproduction_candidate,paper_exact_reconstructed_metadata,main,9,0.25,eigen,330,0.20643609898769222,4.994802732770757,147.64381722381293,0.00046921785776002557
final_reproduction_candidate,paper_exact_reconstructed_metadata,main,9,0.25,eigen,331,0.2064360989876921,5.06218190845627,157.93473979905434,0.0004692178577600252
final_reproduction_candidate,paper_exact_reconstructed_metadata,main,9,0.25,eigen,332,0.16606815620188625,4.630417190437153,102.55684092013155,0.00044185098877542214
final_reproduction_candidate,paper_exact_reconstructed_metadata,main,9,0.25,eigen,333,0.16606815620188964,4.721785995842462,112.36876370336927,0.00044185098877542176
final_reproduction_candidate,paper_exact_reconstructed_metadata,main,9,0.25,eigen,334,0.16606815620189075,4.865362293036698,129.7179260010182,0.00044185098877542176
final_reproduction_candidate,paper_exact_reconstructed_metadata,main,9,0.25,eigen,335,0.16606815620188867,4.747504590005246,115.29621392495832,0.00044185098877542176
final_reproduction_candidate,paper_exact_reconstructed_metadata,main,9,0.25,eigen,336,0.16606815620188786,4.795103950971308,120.91695056423326,0.00044185098877542176
final_reproduction_candidate,paper_exact_reconstructed_metadata,main,9,0.25,eigen,337,0.16606815620188642,4.741957616159773,114.65843933661702,0.00044185098877542176
final_reproduction_candidate,paper_exact_reconstructed_metadata,main,9,0.25,eigen,338,0.16606815620189253,4.877146627030533,131.25560784939088,0.00044185098877542176
final_reproduction_candidate,paper_exact_reconstructed_metadata,main,9,0.25,eigen,339,0.1660681562018892,4.687202007161149,108.54903508562852,0.00044185098877542176
final_reproduction_candidate,paper_exact_reconstructed_metadata,main,9,0.25,eigen,340,0.2973280283076533,4.546630885849755,94.31411740927032,0.00043914704756105625
final_reproduction_candidate,paper_exact_reconstructed_metadata,main,9,0.25,eigen,341,0.2973280283076597,4.565602321637836,96.12047202432983,0.00043914704756105625
final_reproduction_candidate,paper_exact_reconstructed_metadata,main,9,0.25,eigen,342,0.29732802830765487,4.468927394292279,87.26307392697977,0.00043914704756105625
final_reproduction_candidate,paper_exact_reconstructed_metadata,main,9,0.25,eigen,343,0.29732802830765415,4.599766965261094,99.46113504146044,0.00043914704756105625
final_reproduction_candidate,paper_exact_reconstructed_metadata,main,9,0.25,eigen,344,0.23533710986110012,5.083948877010693,161.41018807915827,0.0004365011321438868
final_reproduction_candidate,paper_exact_reconstructed_metadata,main,9,0.25,eigen,345,0.23533710986110018,5.147957546879308,172.0796664954881,0.0004365011321438868
final_reproduction_candidate,paper_exact_reconstructed_metadata,main,9,0.25,eigen,346,0.2353371098610976,5.250591528384907,190.6790271623282,0.0004365011321438868
final_reproduction_candidate,paper_exact_reconstructed_metadata,main,9,0.25,eigen,347,0.23533710986110076,5.151765950373732,172.736264800724,0.00043650113214388644
final_reproduction_candidate,paper_exact_reconstructed_metadata,main,9,0.25,eigen,348,0.23533710986110037,5.171982084428131,176.26386132721566,0.00043650113214388644
final_reproduction_candidate,paper_exact_reconstructed_metadata,main,9,0.25,eigen,349,0.2353371098610986,5.020709096526959,151.51870709887032,0.00043650113214388644
final_reproduction_candidate,paper_exact_reconstructed_metadata,main,9,0.25,eigen,350,0.23533710986109682,4.117716691792877,61.41884388872082,0.00043650113214388644
final_reproduction_candidate,paper_exact_reconstructed_metadata,main,9,0.25,eigen,351,0.23533710986110068,5.081008576647111,160.9362906862197,0.00043650113214388644
final_reproduction_candidate,paper_exact_reconstructed_metadata,main,9,0.25,eigen,352,0.23533710986109935,4.73374079582255,113.72017160812997,0.00043650113214388644
final_reproduction_candidate,paper_exact_reconstructed_metadata,main,9,0.25,eigen,353,0.23533710986110248,5.167722130205039,175.51458242679416,0.00043650113214388644
final_reproduction_candidate,paper_exact_reconstructed_metadata,main,9,0.25,eigen,354,0.23533710986109904,5.252096352835741,190.96618162900617,0.00043650113214388644
final_reproduction_candidate,paper_exact_reconstructed_metadata,main,9,0.25,eigen,355,0.23533710986109713,4.759624824054068,116.70213385118223,0.00043650113214388644
final_reproduction_candidate,paper_exact_reconstructed_metadata,main,9,0.25,eigen,356,0.2353371098610983,5.002261364246107,148.74915507567937,0.00043650113214388644
final_reproduction_candidate,paper_exact_reconstructed_metadata,main,9,0.25,eigen,357,0.23533710986109568,4.91983676678105,136.98025163403778,0.000436501132143886
final_reproduction_candidate,paper_exact_reconstructed_metadata,main,9,0.25,eigen,358,0.2353371098611007,5.136186191902333,170.0659311065792,0.000436501132143886
final_reproduction_candidate,paper_exact_reconstructed_metadata,main,9,0.25,eigen,359,0.23533710986109982,5.249931223455692,190.55316241992298,0.000436501132143886
final_reproduction_candidate,paper_exact_reconstructed_metadata,main,9,0.25,eigen,360,0.27941943080462256,3.7893417183754767,44.227276687727326,0.0004134888055511021
final_reproduction_candidate,paper_exact_reconstructed_metadata,main,9,0.25,eigen,361,0.2794194308046223,3.7893417183754767,44.227276687727326,0.0004134888055511021
final_reproduction_candidate,paper_exact_reconstructed_metadata,main,9,0.25,eigen,362,0.30832044167802924,3.1429227625199694,23.17149275391774,0.00038465784873044465
final_reproduction_candidate,paper_exact_reconstructed_metadata,main,9,0.25,eigen,363,0.2230346916820719,3.691764003036506,40.11554852947627,0.0003833400701211717
final_reproduction_candidate,paper_exact_reconstructed_metadata,main,9,0.25,eigen,364,0.22303469168207218,3.6917640030365297,40.115548529477216,0.0003833400701211717
final_reproduction_candidate,paper_exact_reconstructed_metadata,main,9,0.25,eigen,365,0.2551063711918607,3.524597952790716,33.94012534012998,0.0003631618136543389
final_reproduction_candidate,paper_exact_reconstructed_metadata,main,9,0.25,eigen,366,0.25510637119186036,3.5245979527907147,33.94012534012993,0.0003631618136543389
final_reproduction_candidate,paper_exact_reconstructed_metadata,main,9,0.25,eigen,367,0.3187349911532662,4.400945949236597,81.52795350542681,0.0003549628638798353
final_reproduction_candidate,paper_exact_reconstructed_metadata,main,9,0.25,eigen,368,0.318734991153267,4.370345643819343,79.07095736452139,0.00035496286387983497
final_reproduction_candidate,paper_exact_reconstructed_metadata,main,9,0.25,eigen,369,0.3187349911532663,4.37075991698847,79.10372112671988,0.00035496286387983497
final_reproduction_candidate,paper_exact_reconstructed_metadata,main,9,0.25,eigen,370,0.3187349911532657,4.420917941610963,83.17259791626829,0.0003549628638798347
final_reproduction_candidate,paper_exact_reconstructed_metadata,main,9,0.25,eigen,371,0.335003317381399,3.9498811214797405,51.9291932022364,0.0003443157122657819
final_reproduction_candidate,paper_exact_reconstructed_metadata,main,9,0.25,eigen,372,0.33500331738140154,3.9498811214797356,51.92919320223614,0.0003443157122657819
final_reproduction_candidate,paper_exact_reconstructed_metadata,main,9,0.25,eigen,373,0.2735397861980835,3.6226436445788637,37.436405669320315,0.00033942079311889814
final_reproduction_candidate,paper_exact_reconstructed_metadata,main,9,0.25,eigen,374,0.27353978619808106,3.622643644578861,37.436405669320216,0.00033942079311889814
final_reproduction_candidate,paper_exact_reconstructed_metadata,main,9,0.25,eigen,375,0.4047996583038477,3.2031890276070683,24.61088999254539,0.00033734368138928445
final_reproduction_candidate,paper_exact_reconstructed_metadata,main,9,0.25,eigen,376,0.36281731209679,3.801695044556012,44.777019246208795,0.0003362492323440062
final_reproduction_candidate,paper_exact_reconstructed_metadata,main,9,0.25,eigen,377,0.36281731209678925,3.8016950445560154,44.77701924620895,0.0003362492323440062
final_reproduction_candidate,paper_exact_reconstructed_metadata,main,9,0.25,eigen,378,0.3639043282548063,4.484052837240464,88.59299907177898,0.00032030792463105275
final_reproduction_candidate,paper_exact_reconstructed_metadata,main,9,0.25,eigen,379,0.3639043282548069,4.480904014282606,88.31447414537077,0.00032030792463105275
final_reproduction_candidate,paper_exact_reconstructed_metadata,main,9,0.25,eigen,380,0.36390432825480584,4.274511617719079,71.84504289420137,0.00032030792463105275
final_reproduction_candidate,paper_exact_reconstructed_metadata,main,9,0.25,eigen,381,0.3639043282548063,4.556872493016727,95.28500880780163,0.00032030792463105275
final_reproduction_candidate,paper_exact_reconstructed_metadata,main,9,0.25,eigen,382,0.31207290667204335,4.591444808972145,98.63683865010853,0.0003150710955687018
final_reproduction_candidate,paper_exact_reconstructed_metadata,main,9,0.25,eigen,383,0.312072906672045,4.509308065818346,90.85892835687667,0.0003150710955687015
final_reproduction_candidate,paper_exact_reconstructed_metadata,main,9,0.25,eigen,384,0.3120729066720455,4.734187370641821,113.77096751445546,0.0003150710955687015
final_reproduction_candidate,paper_exact_reconstructed_metadata,main,9,0.25,eigen,385,0.31207290667204574,4.264413925248994,71.12322423024584,0.0003150710955687013
final_reproduction_candidate,paper_exact_reconstructed_metadata,main,9,0.25,eigen,386,0.31207290667204407,4.850625810735511,127.82035617263583,0.0003150710955687013
final_reproduction_candidate,paper_exact_reconstructed_metadata,main,9,0.25,eigen,387,0.31207290667204407,4.76776021154927,117.65542336362216,0.0003150710955687013
final_reproduction_candidate,paper_exact_reconstructed_metadata,main,9,0.25,eigen,388,0.31207290667204396,4.8831558175142495,132.04672239740208,0.0003150710955687013
final_reproduction_candidate,paper_exact_reconstructed_metadata,main,9,0.25,eigen,389,0.3120729066720482,4.65968737445742,105.60306278077829,0.0003150710955687013
final_reproduction_candidate,paper_exact_reconstructed_metadata,main,9,0.25,eigen,390,0.3917183229701969,4.297712694892249,73.53141242810862,0.00031280388879771995
final_reproduction_candidate,paper_exact_reconstructed_metadata,main,9,0.25,eigen,391,0.3917183229701919,4.298683795933139,73.60285354191137,0.0003128038887977197
final_reproduction_candidate,paper_exact_reconstructed_metadata,main,9,0.25,eigen,392,0.39171832297019177,4.355143379042473,77.8779906080991,0.0003128038887977197
final_reproduction_candidate,paper_exact_reconstructed_metadata,main,9,0.25,eigen,393,0.39171832297019404,4.368219788517607,78.90304249518984,0.0003128038887977197
final_reproduction_candidate,paper_exact_reconstructed_metadata,main,9,0.25,eigen,394,0.3305063216782661,3.5033194797607394,33.22556068196931,0.00029447391527942117
final_reproduction_candidate,paper_exact_reconstructed_metadata,main,9,0.25,eigen,395,0.33050632167826677,3.503319479760748,33.22556068196959,0.00029447391527942117
final_reproduction_candidate,paper_exact_reconstructed_metadata,main,9,0.25,eigen,396,0.3818298644771178,2.8403760869219616,17.122203763314204,0.00028629714196323297
final_reproduction_candidate,paper_exact_reconstructed_metadata,main,9,0.25,eigen,397,0.3690394421522272,3.576559960226358,35.75034645801548,0.0002733486603780092
final_reproduction_candidate,paper_exact_reconstructed_metadata,main,9,0.25,eigen,398,0.3690394421522275,3.5765599602263523,35.75034645801527,0.000273348660378009
final_reproduction_candidate,paper_exact_reconstructed_metadata,main,9,0.25,eigen,399,0.4473022095469733,4.377538919446644,79.64178716161372,0.0002604745094062349
final_reproduction_candidate,paper_exact_reconstructed_metadata,main,9,0.25,eigen,400,0.4473022095469735,4.376346797922626,79.54690104205713,0.00026047450940623466
final_reproduction_candidate,paper_exact_reconstructed_metadata,main,9,0.25,eigen,401,0.4473022095469738,4.134041026938134,62.4296939604297,0.00026047450940623466
final_reproduction_candidate,paper_exact_reconstructed_metadata,main,9,0.25,eigen,402,0.4473022095469731,4.4681905495251515,87.19879827109173,0.00026047450940623444
final_reproduction_candidate,paper_exact_reconstructed_metadata,main,9,0.25,eigen,403,0.47511620426236345,3.0976868264199124,22.146662909328363,0.0002543722250044183
final_reproduction_candidate,paper_exact_reconstructed_metadata,main,9,0.25,eigen,404,0.43879639995730085,4.237582308375888,69.24024774586321,0.0002483850195285147
final_reproduction_candidate,paper_exact_reconstructed_metadata,main,9,0.25,eigen,405,0.4387963999573004,4.1956175816907795,66.39472308353088,0.0002483850195285145
final_reproduction_candidate,paper_exact_reconstructed_metadata,main,9,0.25,eigen,406,0.438796399957301,4.093622449498327,59.95668887621242,0.0002483850195285145
final_reproduction_candidate,paper_exact_reconstructed_metadata,main,9,0.25,eigen,407,0.4387963999573017,3.666710003867145,39.12297944181844,0.0002483850195285143
final_reproduction_candidate,paper_exact_reconstructed_metadata,main,9,0.25,eigen,408,0.4913845304904968,3.7272801555933155,41.5659014968617,0.0002467423010838618
final_reproduction_candidate,paper_exact_reconstructed_metadata,main,9,0.25,eigen,409,0.49138453049049574,3.727280155593316,41.56590149686171,0.0002467423010838616
final_reproduction_candidate,paper_exact_reconstructed_metadata,main,9,0.25,eigen,410,0.41954453666823643,4.82492972439346,124.57771330120096,0.00024203110067300026
final_reproduction_candidate,paper_exact_reconstructed_metadata,main,9,0.25,eigen,411,0.41954453666823716,4.151398058746207,63.52274677898883,0.00024203110067300026
final_reproduction_candidate,paper_exact_reconstructed_metadata,main,9,0.25,eigen,412,0.4195445366682365,4.906684425579119,135.19043655663205,0.00024203110067300007
final_reproduction_candidate,paper_exact_reconstructed_metadata,main,9,0.25,eigen,413,0.41954453666823666,4.6380832093184114,103.34606483667174,0.00024203110067300007
final_reproduction_candidate,paper_exact_reconstructed_metadata,main,9,0.25,eigen,414,0.4195445366682362,4.608772408358237,100.36087181705783,0.00024203110067300007
final_reproduction_candidate,paper_exact_reconstructed_metadata,main,9,0.25,eigen,415,0.4195445366682379,4.1251707792603325,61.87837589132594,0.00024203110067299986
final_reproduction_candidate,paper_exact_reconstructed_metadata,main,9,0.25,eigen,416,0.41954453666823804,4.554172633950066,95.0280996781325,0.00024203110067299986
final_reproduction_candidate,paper_exact_reconstructed_metadata,main,9,0.25,eigen,417,0.4195445366682372,4.902413310140888,134.6142539430957,0.00024203110067299986
final_reproduction_candidate,paper_exact_reconstructed_metadata,main,9,0.25,eigen,418,0.5202855413639029,4.38081848905823,79.90340671187573,0.00022953792569842176
final_reproduction_candidate,paper_exact_reconstructed_metadata,main,9,0.25,eigen,419,0.520285541363904,4.049667606189581,57.37838165643673,0.00022953792569842135
final_reproduction_candidate,paper_exact_reconstructed_metadata,main,9,0.25,eigen,420,0.5202855413639034,4.409667294028064,82.24209651521863,0.00022953792569842135
final_reproduction_candidate,paper_exact_reconstructed_metadata,main,9,0.25,eigen,421,0.520285541363905,4.185617592759197,65.7340852782441,0.00022953792569842092
final_reproduction_candidate,paper_exact_reconstructed_metadata,main,9,0.25,eigen,422,0.49576293543748434,2.980689449927763,19.70139508881671,0.000215493307069421
final_reproduction_candidate,paper_exact_reconstructed_metadata,main,9,0.25,eigen,423,0.42627322291226494,3.424171441391242,30.69719988240717,0.00021447299702286594
final_reproduction_candidate,paper_exact_reconstructed_metadata,main,9,0.25,eigen,424,0.42627322291226505,3.424171441391228,30.697199882406732,0.00021447299702286575
final_reproduction_candidate,paper_exact_reconstructed_metadata,main,9,0.25,eigen,425,0.4765110721484207,3.94664943549158,51.761645233219845,0.00020998078868314884
final_reproduction_candidate,paper_exact_reconstructed_metadata,main,9,0.25,eigen,426,0.4765110721484194,4.329021320477711,75.86999780946073,0.00020998078868314884
final_reproduction_candidate,paper_exact_reconstructed_metadata,main,9,0.25,eigen,427,0.47651107214842064,4.0915024277487735,59.82971403403443,0.00020998078868314865
final_reproduction_candidate,paper_exact_reconstructed_metadata,main,9,0.25,eigen,428,0.4765110721484203,4.494122328432947,89.4895920373346,0.00020998078868314865
final_reproduction_candidate,paper_exact_reconstructed_metadata,main,9,0.25,eigen,429,0.47651107214842015,4.632176867431784,102.73746670865465,0.00020998078868314865
final_reproduction_candidate,paper_exact_reconstructed_metadata,main,9,0.25,eigen,430,0.47651107214842064,4.463952226986953,86.83000372625733,0.00020998078868314865
final_reproduction_candidate,paper_exact_reconstructed_metadata,main,9,0.25,eigen,431,0.4765110721484214,3.8471031467059174,46.85712820852865,0.00020998078868314827
final_reproduction_candidate,paper_exact_reconstructed_metadata,main,9,0.25,eigen,432,0.4765110721484204,4.524717973315831,92.26989958495425,0.00020998078868314827
final_reproduction_candidate,paper_exact_reconstructed_metadata,main,9,0.25,eigen,433,0.45517423378567073,2.715471445115821,15.111732745383067,0.00019951863397034804
final_reproduction_candidate,paper_exact_reconstructed_metadata,main,9,0.25,eigen,434,0.5462680299534955,4.3619372134954935,78.40888213640986,0.00019080423597302813
final_reproduction_candidate,paper_exact_reconstructed_metadata,main,9,0.25,eigen,435,0.5462680299534941,3.974169013266941,53.20588514560136,0.000190804235973028
final_reproduction_candidate,paper_exact_reconstructed_metadata,main,9,0.25,eigen,436,0.5462680299534934,4.172553140340264,64.88089084310378,0.000190804235973028
final_reproduction_candidate,paper_exact_reconstructed_metadata,main,9,0.25,eigen,437,0.5462680299534957,4.368367340738266,78.91468567329406,0.000190804235973028
final_reproduction_candidate,paper_exact_reconstructed_metadata,main,9,0.25,eigen,438,0.6036834226560702,4.1772193681516505,65.18434730826857,0.0001866603164916661
final_reproduction_candidate,paper_exact_reconstructed_metadata,main,9,0.25,eigen,439,0.6036834226560717,4.308834786247478,74.35380037405076,0.0001866603164916661
final_reproduction_candidate,paper_exact_reconstructed_metadata,main,9,0.25,eigen,440,0.603683422656071,4.29673791467059,73.45977038489926,0.0001866603164916661
final_reproduction_candidate,paper_exact_reconstructed_metadata,main,9,0.25,eigen,441,0.6036834226560708,4.05146083647609,57.48136661849326,0.00018666031649166597
final_reproduction_candidate,paper_exact_reconstructed_metadata,main,9,0.25,eigen,442,0.5096711042044313,3.2753374054544433,26.452149074422973,0.00017440951154974916
final_reproduction_candidate,paper_exact_reconstructed_metadata,main,9,0.25,eigen,443,0.5096711042044324,3.2753374054544637,26.452149074423513,0.000174409511549749
final_reproduction_candidate,paper_exact_reconstructed_metadata,main,9,0.25,eigen,444,0.5655492871383913,3.5815173000232052,35.928013086336925,0.00017258534209029397
final_reproduction_candidate,paper_exact_reconstructed_metadata,main,9,0.25,eigen,445,0.5655492871383907,3.581517300023209,35.92801308633705,0.00017258534209029384
final_reproduction_candidate,paper_exact_reconstructed_metadata,main,9,0.25,eigen,446,0.6032345654336768,3.554206557991841,34.96007017193996,0.00016553750258663195
final_reproduction_candidate,paper_exact_reconstructed_metadata,main,9,0.25,eigen,447,0.6032345654336759,3.9293530064405178,50.87405183506663,0.0001655375025866315
final_reproduction_candidate,paper_exact_reconstructed_metadata,main,9,0.25,eigen,448,0.6032345654336755,4.137818258856553,62.6659513116184,0.0001655375025866315
final_reproduction_candidate,paper_exact_reconstructed_metadata,main,9,0.25,eigen,449,0.603234565433681,4.1337115901566674,62.40913071031486,0.0001655375025866315
final_reproduction_candidate,paper_exact_reconstructed_metadata,main,9,0.25,eigen,450,0.5385721150778378,3.9691666805709156,52.94039619237009,0.00016224861860876418
final_reproduction_candidate,paper_exact_reconstructed_metadata,main,9,0.25,eigen,451,0.5385721150778368,3.6980009866241015,40.366530418625345,0.00016224861860876418
final_reproduction_candidate,paper_exact_reconstructed_metadata,main,9,0.25,eigen,452,0.5385721150778385,3.9315845055804877,50.987703998173735,0.00016224861860876402
final_reproduction_candidate,paper_exact_reconstructed_metadata,main,9,0.25,eigen,453,0.5385721150778401,3.9708280122239374,53.02842084711474,0.00016224861860876402
final_reproduction_candidate,paper_exact_reconstructed_metadata,main,9,0.25,eigen,454,0.5839827021446145,3.3622404298333137,28.853763349399507,0.000161302899948451
final_reproduction_candidate,paper_exact_reconstructed_metadata,main,9,0.25,eigen,455,0.5839827021446148,3.3622404298333164,28.853763349399586,0.000161302899948451
final_reproduction_candidate,paper_exact_reconstructed_metadata,main,9,0.25,eigen,456,0.6225158226185735,3.483258653125241,32.565669579980366,0.00014973119630701113
final_reproduction_candidate,paper_exact_reconstructed_metadata,main,9,0.25,eigen,457,0.6225158226185754,3.483258653125239,32.565669579980295,0.00014973119630701113
final_reproduction_candidate,paper_exact_reconstructed_metadata,main,9,0.25,eigen,458,0.7322506410497784,2.9748277432802115,19.586249095971784,0.0001369727915544388
final_reproduction_candidate,paper_exact_reconstructed_metadata,main,9,0.25,eigen,459,0.6922727804236497,4.237692330692311,69.24786613739876,0.0001360569540282876
final_reproduction_candidate,paper_exact_reconstructed_metadata,main,9,0.25,eigen,460,0.6922727804236496,4.237337769237574,69.22331786543634,0.0001360569540282876
final_reproduction_candidate,paper_exact_reconstructed_metadata,main,9,0.25,eigen,461,0.6922727804236496,3.637394913261733,37.99273332922789,0.00013605695402828745
final_reproduction_candidate,paper_exact_reconstructed_metadata,main,9,0.25,eigen,462,0.6922727804236496,3.651519640732057,38.53317816615057,0.00013605695402828745
final_reproduction_candidate,paper_exact_reconstructed_metadata,main,9,0.25,eigen,463,0.6219699963700055,2.8857292601129534,17.91662871514499,0.0001319406298880563
final_reproduction_candidate,paper_exact_reconstructed_metadata,main,9,0.25,eigen,464,0.6382383225981387,3.341297592476651,28.255767399122323,0.0001279830556361554
final_reproduction_candidate,paper_exact_reconstructed_metadata,main,9,0.25,eigen,465,0.638238322598139,3.341297592476658,28.255767399122522,0.00012798305563615516
final_reproduction_candidate,paper_exact_reconstructed_metadata,main,9,0.25,eigen,466,0.7107061954298705,2.937120200743674,18.86145083373443,0.0001271624865536604
final_reproduction_candidate,paper_exact_reconstructed_metadata,main,9,0.25,eigen,467,0.6671393334715447,3.872513235441325,48.06302812208471,0.00011905929784323559
final_reproduction_candidate,paper_exact_reconstructed_metadata,main,9,0.25,eigen,468,0.6671393334715495,3.879764178212427,48.41279693276106,0.00011905929784323559
final_reproduction_candidate,paper_exact_reconstructed_metadata,main,9,0.25,eigen,469,0.6671393334715386,3.6408835964340653,38.125509410838156,0.00011905929784323505
final_reproduction_candidate,paper_exact_reconstructed_metadata,main,9,0.25,eigen,470,0.6671393334715473,3.1910656563936155,24.314324357245464,0.00011905929784323505
final_reproduction_candidate,paper_exact_reconstructed_metadata,main,9,0.25,eigen,471,0.7492393159038314,4.131664223508876,62.28148704885565,0.00011803998094974504
final_reproduction_candidate,paper_exact_reconstructed_metadata,main,9,0.25,eigen,472,0.749239315903835,3.865945021612738,47.74837436392923,0.00011803998094974504
final_reproduction_candidate,paper_exact_reconstructed_metadata,main,9,0.25,eigen,473,0.7492393159038343,4.014450801763311,55.392865383208644,0.00011803998094974504
final_reproduction_candidate,paper_exact_reconstructed_metadata,main,9,0.25,eigen,474,0.7492393159038317,3.6256263395470225,37.548233739741384,0.00011803998094974495
final_reproduction_candidate,paper_exact_reconstructed_metadata,main,9,0.25,eigen,475,0.7299874526147684,3.4811672200083916,32.49763183314715,0.00011502040890757899
final_reproduction_candidate,paper_exact_reconstructed_metadata,main,9,0.25,eigen,476,0.7299874526147686,3.4811672200083716,32.49763183314651,0.00011502040890757888
final_reproduction_candidate,paper_exact_reconstructed_metadata,main,9,0.25,eigen,477,0.7505372147637125,3.627296646393643,37.6110032191875,9.681906007067632e-05
final_reproduction_candidate,paper_exact_reconstructed_metadata,main,9,0.25,eigen,478,0.7505372147637122,3.598236254509761,36.533741364135075,9.681906007067632e-05
final_reproduction_candidate,paper_exact_reconstructed_metadata,main,9,0.25,eigen,479,0.7505372147637123,3.6456384066413845,38.30722063097907,9.681906007067616e-05
final_reproduction_candidate,paper_exact_reconstructed_metadata,main,9,0.25,eigen,480,0.7505372147637132,3.6255103337875694,37.543878181010115,9.681906007067616e-05
final_reproduction_candidate,paper_exact_reconstructed_metadata,main,9,0.25,eigen,481,0.7946195357072364,3.5170736331451358,33.68570734973139,9.171476212805746e-05
final_reproduction_candidate,paper_exact_reconstructed_metadata,main,9,0.25,eigen,482,0.7946195357072349,3.517073633145129,33.68570734973116,9.171476212805738e-05
final_reproduction_candidate,paper_exact_reconstructed_metadata,main,9,0.25,eigen,483,0.856710945900026,3.9696136972811877,52.964066724283995,9.067587257129783e-05
final_reproduction_candidate,paper_exact_reconstructed_metadata,main,9,0.25,eigen,484,0.8567109459000254,3.734994036106387,41.887775748119545,9.067587257129766e-05
final_reproduction_candidate,paper_exact_reconstructed_metadata,main,9,0.25,eigen,485,0.856710945900025,3.23452253336724,25.394243979604585,9.067587257129766e-05
final_reproduction_candidate,paper_exact_reconstructed_metadata,main,9,0.25,eigen,486,0.8567109459000252,3.987298546476303,53.90905965675726,9.067587257129766e-05
final_reproduction_candidate,paper_exact_reconstructed_metadata,main,9,0.25,eigen,487,0.8235205465806424,4.0137852641123395,55.3560116108478,8.531985055794474e-05
final_reproduction_candidate,paper_exact_reconstructed_metadata,main,9,0.25,eigen,488,0.8235205465806429,4.024514918685899,55.95316036502369,8.531985055794459e-05
final_reproduction_candidate,paper_exact_reconstructed_metadata,main,9,0.25,eigen,489,0.8235205465806423,3.8276695279760893,45.955315765519124,8.531985055794451e-05
final_reproduction_candidate,paper_exact_reconstructed_metadata,main,9,0.25,eigen,490,0.8235205465806431,3.9117653649463966,49.987119635235466,8.531985055794436e-05
final_reproduction_candidate,paper_exact_reconstructed_metadata,main,9,0.25,eigen,491,0.8791044331574199,2.293892203116677,9.913447840457188,7.104657906304094e-05
final_reproduction_candidate,paper_exact_reconstructed_metadata,main,9,0.25,eigen,492,0.9069184278728079,3.7677798394997066,43.283860962938846,6.93821304680245e-05
final_reproduction_candidate,paper_exact_reconstructed_metadata,main,9,0.25,eigen,493,0.906918427872809,3.8324168977400612,46.17400132195834,6.93821304680245e-05
final_reproduction_candidate,paper_exact_reconstructed_metadata,main,9,0.25,eigen,494,0.9069184278728102,3.552977896934018,34.91714247233768,6.938213046802437e-05
final_reproduction_candidate,paper_exact_reconstructed_metadata,main,9,0.25,eigen,495,0.9069184278728092,3.814915361269308,45.37291591441256,6.938213046802437e-05
final_reproduction_candidate,paper_exact_reconstructed_metadata,main,9,0.25,eigen,496,0.8714558242644144,3.1753922280820563,23.936206479767765,6.50564467445602e-05
final_reproduction_candidate,paper_exact_reconstructed_metadata,main,9,0.25,eigen,497,0.8714558242644164,3.1753922280820555,23.936206479767748,6.50564467445602e-05
final_reproduction_candidate,paper_exact_reconstructed_metadata,main,9,0.25,eigen,498,1.0027156963701787,2.6910044531161628,14.746480632301902,6.465832879963867e-05
final_reproduction_candidate,paper_exact_reconstructed_metadata,main,9,0.25,eigen,499,0.9284223597445982,2.9398199241866334,18.91244033252133,5.644152325201544e-05
final_reproduction_candidate,paper_exact_reconstructed_metadata,main,9,0.25,eigen,500,0.9284223597446017,2.939819924186615,18.912440332520987,5.644152325201539e-05
final_reproduction_candidate,paper_exact_reconstructed_metadata,main,9,0.25,eigen,501,1.0354856462665167,3.419071567743866,30.541046561227862,5.091314679424059e-05
final_reproduction_candidate,paper_exact_reconstructed_metadata,main,9,0.25,eigen,502,1.035485646266515,3.41671540657924,30.46917164109214,5.091314679424054e-05
final_reproduction_candidate,paper_exact_reconstructed_metadata,main,9,0.25,eigen,503,1.0354856462665172,3.429953173621925,30.87519694218119,5.091314679424049e-05
final_reproduction_candidate,paper_exact_reconstructed_metadata,main,9,0.25,eigen,504,1.0354856462665172,3.5037327857047256,33.23929584190754,5.0913146794240356e-05
final_reproduction_candidate,paper_exact_reconstructed_metadata,main,9,0.25,eigen,505,1.0358939897407928,2.7728465158396305,16.004125229303597,4.335721108179956e-05
final_reproduction_candidate,paper_exact_reconstructed_metadata,main,9,0.25,eigen,506,1.0358939897407937,2.772846515839634,16.004125229303654,4.335721108179956e-05
final_reproduction_candidate,paper_exact_reconstructed_metadata,main,9,0.25,eigen,507,1.1918668593756134,2.3420552484742334,10.402594523778399,3.648519817107347e-05
final_reproduction_candidate,paper_exact_reconstructed_metadata,main,9,0.25,eigen,508,1.1818987402109473,2.4465012310948775,11.54787261811185,3.0916766836272134e-05
final_reproduction_candidate,paper_exact_reconstructed_metadata,main,9,0.25,eigen,509,1.1818987402109447,2.4465012310948824,11.547872618111906,3.0916766836272134e-05
final_reproduction_candidate,paper_exact_reconstructed_metadata,main,9,0.25,eigen,510,1.3086222334962008,2.1382575235498376,8.484640454586,2.437310766487468e-05
final_reproduction_candidate,paper_exact_reconstructed_metadata,main,9,0.25,eigen,511,1.3387206514832564,2.034404910919373,7.6476997084777345,1.8924550540839737e-05
final_reproduction_candidate,paper_exact_reconstructed_metadata,main,9,0.25,min_variance,0,-1.4666393720477346,0.46942575901337813,1.5990756747239812,0.028865918039106427
final_reproduction_candidate,paper_exact_reconstructed_metadata,main,9,0.25,min_variance,1,-1.3887047420357157,0.47151409799666,1.60241857613348,0.021175933695449282
final_reproduction_candidate,paper_exact_reconstructed_metadata,main,9,0.25,min_variance,2,-1.3624142863741686,0.41655935624921947,1.5167340262933884,0.021947190909459197
final_reproduction_candidate,paper_exact_reconstructed_metadata,main,9,0.25,min_variance,3,-1.279590822698103,0.4539298594189526,1.574487558129745,0.014178151556838773
final_reproduction_candidate,paper_exact_reconstructed_metadata,main,9,0.25,min_variance,4,-1.2741024339815166,0.40070230380709243,1.492872779798904,0.014198453457813325
final_reproduction_candidate,paper_exact_reconstructed_metadata,main,9,0.25,min_variance,5,-1.2274055359547331,0.375653241307862,1.4559421856204513,0.015051736447789397
final_reproduction_candidate,paper_exact_reconstructed_metadata,main,9,0.25,min_variance,6,-1.2161552219662908,0.43246799904880284,1.5410561592406713,0.015381848815092644
final_reproduction_candidate,paper_exact_reconstructed_metadata,main,9,0.25,min_variance,7,-1.1733314857071935,0.4960946645262332,1.6422950175400994,0.010595183879134789
final_reproduction_candidate,paper_exact_reconstructed_metadata,main,9,0.25,min_variance,8,-1.1627949568239289,0.4067228888096641,1.501887858059082,0.01052360318758422
final_reproduction_candidate,paper_exact_reconstructed_metadata,main,9,0.25,min_variance,9,-1.1539402212771568,0.45903793446304936,1.582550734856259,0.011266000714964705
final_reproduction_candidate,paper_exact_reconstructed_metadata,main,9,0.25,min_variance,10,-1.0886237868958482,0.34626031264860774,1.4137705902882762,0.008055640361131506
final_reproduction_candidate,paper_exact_reconstructed_metadata,main,9,0.25,min_variance,11,-1.0870186916097409,0.4534054213075848,1.5736620533303967,0.0070782383553707785
final_reproduction_candidate,paper_exact_reconstructed_metadata,main,9,0.25,min_variance,12,-1.0793444270538748,0.4789307977349281,1.6143474151952721,0.008484777958774909
final_reproduction_candidate,paper_exact_reconstructed_metadata,main,9,0.25,min_variance,13,-1.069710845552187,0.4870980942495798,1.627586258400776,0.010240344004590344
final_reproduction_candidate,paper_exact_reconstructed_metadata,main,9,0.25,min_variance,14,-1.0644448866313565,0.41527496942613845,1.5147872036002366,0.009859925292445976
final_reproduction_candidate,paper_exact_reconstructed_metadata,main,9,0.25,min_variance,15,-1.0617352332265393,0.44728900999761345,1.5640662647594474,0.008371686983095488
final_reproduction_candidate,paper_exact_reconstructed_metadata,main,9,0.25,min_variance,16,-1.04862769331097,0.4158851475122521,1.5157117756051008,0.008220629591944363
final_reproduction_candidate,paper_exact_reconstructed_metadata,main,9,0.25,min_variance,17,-1.0031894409295647,1.010149171643094,2.7460106113809286,0.010666238107934942
final_reproduction_candidate,paper_exact_reconstructed_metadata,main,9,0.25,min_variance,18,-0.9881113582914196,0.39097821051659204,1.4784262989168697,0.005509520840535934
final_reproduction_candidate,paper_exact_reconstructed_metadata,main,9,0.25,min_variance,19,-0.9776515473697667,0.4163220039171561,1.51637406865521,0.008068269303411578
final_reproduction_candidate,paper_exact_reconstructed_metadata,main,9,0.25,min_variance,20,-0.9748757599262752,0.7099986400958691,2.0339884926155167,0.006774833852676018
final_reproduction_candidate,paper_exact_reconstructed_metadata,main,9,0.25,min_variance,21,-0.96694860215537,0.4795857613038356,1.615405100274572,0.00765786159003798
final_reproduction_candidate,paper_exact_reconstructed_metadata,main,9,0.25,min_variance,22,-0.966660437457769,0.34674048824285264,1.414449611433238,0.008092817155204244
final_reproduction_candidate,paper_exact_reconstructed_metadata,main,9,0.25,min_variance,23,-0.9592067839879928,0.5026322344254683,1.6530668083146582,0.008209837810186514
final_reproduction_candidate,paper_exact_reconstructed_metadata,main,9,0.25,min_variance,24,-0.9583585364676773,0.721971759382385,2.058488054877325,0.007716144139290055
final_reproduction_candidate,paper_exact_reconstructed_metadata,main,9,0.25,min_variance,25,-0.9460863491277665,0.4773985263078927,1.6118756909374923,0.007820606021413878
final_reproduction_candidate,paper_exact_reconstructed_metadata,main,9,0.25,min_variance,26,-0.9408351387651392,0.4224891778508261,1.5257547075690658,0.006799334203807909
final_reproduction_candidate,paper_exact_reconstructed_metadata,main,9,0.25,min_variance,27,-0.9145313881197344,0.5304960667422691,1.6997753015073038,0.00689483522230087
final_reproduction_candidate,paper_exact_reconstructed_metadata,main,9,0.25,min_variance,28,-0.9089945794674301,0.495397480457361,1.6411504346563202,0.0069019050643957065
final_reproduction_candidate,paper_exact_reconstructed_metadata,main,9,0.25,min_variance,29,-0.8934329248889016,0.5483432069978746,1.7303837539410123,0.004688980420044299
final_reproduction_candidate,paper_exact_reconstructed_metadata,main,9,0.25,min_variance,30,-0.8877897315209662,0.8258004083883363,2.2837079329776646,0.005142505912933345
final_reproduction_candidate,paper_exact_reconstructed_metadata,main,9,0.25,min_variance,31,-0.8844478264631079,0.4311371124734199,1.539006552486016,0.006481994091221699
final_reproduction_candidate,paper_exact_reconstructed_metadata,main,9,0.25,min_variance,32,-0.872238381298132,0.4856438138546195,1.6252210118967483,0.004965459765454536
final_reproduction_candidate,paper_exact_reconstructed_metadata,main,9,0.25,min_variance,33,-0.8676074778453526,0.5039089563575071,1.6551786628025664,0.005695521339682094
final_reproduction_candidate,paper_exact_reconstructed_metadata,main,9,0.25,min_variance,34,-0.8651755332572322,0.5134061358983334,1.6709730741993012,0.004918391154226367
final_reproduction_candidate,paper_exact_reconstructed_metadata,main,9,0.25,min_variance,35,-0.8518865777419015,0.7576394895205049,2.1332347496336097,0.005773122875201788
final_reproduction_candidate,paper_exact_reconstructed_metadata,main,9,0.25,min_variance,36,-0.8510498322782806,0.7636970770598736,2.1461962238695507,0.006970921096923042
final_reproduction_candidate,paper_exact_reconstructed_metadata,main,9,0.25,min_variance,37,-0.8403245771886111,0.5505742974004666,1.7342487064532244,0.006310909745340403
final_reproduction_candidate,paper_exact_reconstructed_metadata,main,9,0.25,min_variance,38,-0.833310939707503,0.6325497873871163,1.88240419579164,0.005930377323404424
final_reproduction_candidate,paper_exact_reconstructed_metadata,main,9,0.25,min_variance,39,-0.8271021275752962,0.7161273791482704,2.0464925552516453,0.004927235495188998
final_reproduction_candidate,paper_exact_reconstructed_metadata,main,9,0.25,min_variance,40,-0.8209064388959594,0.5520972703542618,1.73689193259837,0.005208602150514843
final_reproduction_candidate,paper_exact_reconstructed_metadata,main,9,0.25,min_variance,41,-0.8140380504150365,0.6065434083692615,1.8340807611152947,0.0051480264332649395
final_reproduction_candidate,paper_exact_reconstructed_metadata,main,9,0.25,min_variance,42,-0.8004088555258234,0.8609722435716995,2.3654593787589557,0.004654092460612696
final_reproduction_candidate,paper_exact_reconstructed_metadata,main,9,0.25,min_variance,43,-0.797201296057452,0.5279605501511292,1.6954709522096503,0.005449162200345497
final_reproduction_candidate,paper_exact_reconstructed_metadata,main,9,0.25,min_variance,44,-0.7953437894391719,0.6582025443419612,1.9313177546104696,0.0041974613386877
final_reproduction_candidate,paper_exact_reconstructed_metadata,main,9,0.25,min_variance,45,-0.7871542793658513,0.885387699573219,2.4239239636241345,0.004284566805551223
final_reproduction_candidate,paper_exact_reconstructed_metadata,main,9,0.25,min_variance,46,-0.7859749912087148,0.6114969848680493,1.843188559935668,0.005486918442273483
final_reproduction_candidate,paper_exact_reconstructed_metadata,main,9,0.25,min_variance,47,-0.7747592315408026,0.669267292050594,1.9528059598648282,0.005361997671510782
final_reproduction_candidate,paper_exact_reconstructed_metadata,main,9,0.25,min_variance,48,-0.7679715711389753,0.7966847783672565,2.2181749836779736,0.004688444079528136
final_reproduction_candidate,paper_exact_reconstructed_metadata,main,9,0.25,min_variance,49,-0.7652331070436783,0.5808815839870095,1.7876136678806998,0.005648238094524272
final_reproduction_candidate,paper_exact_reconstructed_metadata,main,9,0.25,min_variance,50,-0.7533487640047511,0.7455341796219279,2.1075669536578854,0.005298839701745762
final_reproduction_candidate,paper_exact_reconstructed_metadata,main,9,0.25,min_variance,51,-0.7527092185124322,0.6994095090837549,2.0125639557972246,0.004153994968966357
final_reproduction_candidate,paper_exact_reconstructed_metadata,main,9,0.25,min_variance,52,-0.7435863010517777,0.8087098953681581,2.2450098200419735,0.003904498218219189
final_reproduction_candidate,paper_exact_reconstructed_metadata,main,9,0.25,min_variance,53,-0.7426063595892232,0.5289606644517882,1.6971674651673339,0.004058294666967885
final_reproduction_candidate,paper_exact_reconstructed_metadata,main,9,0.25,min_variance,54,-0.7423217336799723,0.6786369402720784,1.9711890518180808,0.00393403941078189
final_reproduction_candidate,paper_exact_reconstructed_metadata,main,9,0.25,min_variance,55,-0.7412881394456696,0.46878394322470474,1.5980496919898377,0.00459144492030035
final_reproduction_candidate,paper_exact_reconstructed_metadata,main,9,0.25,min_variance,56,-0.7303506644082104,0.6680621342805958,1.9504539381522934,0.003936202034499287
final_reproduction_candidate,paper_exact_reconstructed_metadata,main,9,0.25,min_variance,57,-0.728300362415313,0.5314088269417915,1.7013274970340349,0.004771318160456802
final_reproduction_candidate,paper_exact_reconstructed_metadata,main,9,0.25,min_variance,58,-0.7158116886183629,0.37808935400368043,1.4594933486236166,0.004654392608006056
final_reproduction_candidate,paper_exact_reconstructed_metadata,main,9,0.25,min_variance,59,-0.7086901837863783,0.6859066706719349,1.9855712789082476,0.004435775349830552
final_reproduction_candidate,paper_exact_reconstructed_metadata,main,9,0.25,min_variance,60,-0.69541264173694,0.5833424768205298,1.7920182108764133,0.0039036050344524115
final_reproduction_candidate,paper_exact_reconstructed_metadata,main,9,0.25,min_variance,61,-0.6941821722877914,0.5707360116579181,1.7695689956621945,0.004119511616207802
final_reproduction_candidate,paper_exact_reconstructed_metadata,main,9,0.25,min_variance,62,-0.6913944468785328,0.5040604522491517,1.655429434564885,0.003178230517425785
final_reproduction_candidate,paper_exact_reconstructed_metadata,main,9,0.25,min_variance,63,-0.6910003300509717,0.6115039449867444,1.8432013887914678,0.003396676368310082
final_reproduction_candidate,paper_exact_reconstructed_metadata,main,9,0.25,min_variance,64,-0.6738100042902037,0.6154562531685676,1.8505007037906098,0.0036410816377643873
final_reproduction_candidate,paper_exact_reconstructed_metadata,main,9,0.25,min_variance,65,-0.6641818390716812,0.6410185997036385,1.8984136183431646,0.003501915337960974
final_reproduction_candidate,paper_exact_reconstructed_metadata,main,9,0.25,min_variance,66,-0.6612158654531167,0.5763597496037992,1.779548623073985,0.003878406264147395
final_reproduction_candidate,paper_exact_reconstructed_metadata,main,9,0.25,min_variance,67,-0.661113095708249,0.6786161636042582,1.971148097503389,0.003942973919856689
final_reproduction_candidate,paper_exact_reconstructed_metadata,main,9,0.25,min_variance,68,-0.658212712541167,0.5732311731317621,1.7739898691484475,0.003725082561077966
final_reproduction_candidate,paper_exact_reconstructed_metadata,main,9,0.25,min_variance,69,-0.6530159255720852,0.6010818742250386,1.8240911704914164,0.0032616014911806524
final_reproduction_candidate,paper_exact_reconstructed_metadata,main,9,0.25,min_variance,70,-0.649846859515876,0.991957318314307,2.696507233422623,0.00349314142233726
final_reproduction_candidate,paper_exact_reconstructed_metadata,main,9,0.25,min_variance,71,-0.6431022791662785,0.7230710273602274,2.0607521290629585,0.003576001806055107
final_reproduction_candidate,paper_exact_reconstructed_metadata,main,9,0.25,min_variance,72,-0.6417219541574828,0.5640431521033749,1.7577650639930196,0.003363289029833603
final_reproduction_candidate,paper_exact_reconstructed_metadata,main,9,0.25,min_variance,73,-0.6401792445086931,0.6964677058064744,2.006652088595022,0.003524081512047363
final_reproduction_candidate,paper_exact_reconstructed_metadata,main,9,0.25,min_variance,74,-0.6401489930663671,0.6084388282651464,1.8375604109375705,0.003164390011912801
final_reproduction_candidate,paper_exact_reconstructed_metadata,main,9,0.25,min_variance,75,-0.6395733236599215,0.8417292201126284,2.320375950345459,0.0034749989288633417
final_reproduction_candidate,paper_exact_reconstructed_metadata,main,9,0.25,min_variance,76,-0.6295239942732717,0.6029779882453604,1.8275531364379962,0.002674435201007716
final_reproduction_candidate,paper_exact_reconstructed_metadata,main,9,0.25,min_variance,77,-0.6170030143626559,0.6885661993416272,1.9908589909443941,0.003624677995792724
final_reproduction_candidate,paper_exact_reconstructed_metadata,main,9,0.25,min_variance,78,-0.614740403448095,0.7389540307488937,2.0937443765251404,0.00318129147927625
final_reproduction_candidate,paper_exact_reconstructed_metadata,main,9,0.25,min_variance,79,-0.6087737934644216,0.753721265206009,2.1248926112265467,0.00275511777837219
final_reproduction_candidate,paper_exact_reconstructed_metadata,main,9,0.25,min_variance,80,-0.6050469176302287,0.6220310014027033,1.8627073639119334,0.00288621849108033
final_reproduction_candidate,paper_exact_reconstructed_metadata,main,9,0.25,min_variance,81,-0.5982341944358255,0.5685595102249579,1.7657217145326245,0.0031704122018113234
final_reproduction_candidate,paper_exact_reconstructed_metadata,main,9,0.25,min_variance,82,-0.5967001294026423,0.7228431450082172,2.0602825735246197,0.0035409176732120137
final_reproduction_candidate,paper_exact_reconstructed_metadata,main,9,0.25,min_variance,83,-0.5912646848935559,0.8610478188172707,2.365638155687864,0.0027705992428039552
final_reproduction_candidate,paper_exact_reconstructed_metadata,main,9,0.25,min_variance,84,-0.5885112915340841,0.5441443866423643,1.7231334154984472,0.0030206221336889633
final_reproduction_candidate,paper_exact_reconstructed_metadata,main,9,0.25,min_variance,85,-0.5836219587898426,0.7962191169309062,2.21714230558684,0.003071924111153311
final_reproduction_candidate,paper_exact_reconstructed_metadata,main,9,0.25,min_variance,86,-0.5784456386802505,0.6734645643784534,1.96101964375747,0.001861388487690007
final_reproduction_candidate,paper_exact_reconstructed_metadata,main,9,0.25,min_variance,87,-0.57451330000604,0.8140045086606408,2.2569278015873615,0.00353960964554047
final_reproduction_candidate,paper_exact_reconstructed_metadata,main,9,0.25,min_variance,88,-0.5679433886123226,0.9209195701597978,2.511598919766046,0.00311916479475769
final_reproduction_candidate,paper_exact_reconstructed_metadata,main,9,0.25,min_variance,89,-0.5647827347777166,0.8698970270279207,2.3866650788738912,0.00309859150296753
final_reproduction_candidate,paper_exact_reconstructed_metadata,main,9,0.25,min_variance,90,-0.5640366523239654,1.0108761794825998,2.748007708487433,0.0031489728642874024
final_reproduction_candidate,paper_exact_reconstructed_metadata,main,9,0.25,min_variance,91,-0.5624823815094239,0.6437228317071005,1.9035543168936948,0.0031799263213021147
final_reproduction_candidate,paper_exact_reconstructed_metadata,main,9,0.25,min_variance,92,-0.555112237625983,0.8210705081557182,2.272931727572859,0.0026204212120624934
final_reproduction_candidate,paper_exact_reconstructed_metadata,main,9,0.25,min_variance,93,-0.5542067927638761,0.8878475725617485,2.429893848277203,0.0026171379354004527
final_reproduction_candidate,paper_exact_reconstructed_metadata,main,9,0.25,min_variance,94,-0.5493946577646097,0.5811834098980735,1.7881532974376328,0.003066075740429216
final_reproduction_candidate,paper_exact_reconstructed_metadata,main,9,0.25,min_variance,95,-0.5448012208333409,0.6367341589835965,1.8902973769262954,0.0033811365958183767
final_reproduction_candidate,paper_exact_reconstructed_metadata,main,9,0.25,min_variance,96,-0.538001097636751,0.7746441767407058,2.169819917411396,0.002694344303765735
final_reproduction_candidate,paper_exact_reconstructed_metadata,main,9,0.25,min_variance,97,-0.5298279683286626,0.6039165671038448,1.8292692443999587,0.0026919164306135647
final_reproduction_candidate,paper_exact_reconstructed_metadata,main,9,0.25,min_variance,98,-0.5276070717878034,0.8225721671366025,2.2763474599052054,0.0028991219653565813
final_reproduction_candidate,paper_exact_reconstructed_metadata,main,9,0.25,min_variance,99,-0.5215253868511522,0.7022585811168075,2.018306071444804,0.0027695787179361597
final_reproduction_candidate,paper_exact_reconstructed_metadata,main,9,0.25,min_variance,100,-0.519645746543133,0.5590027088863114,1.7489274404795356,0.0020207879957941455
final_reproduction_candidate,paper_exact_reconstructed_metadata,main,9,0.25,min_variance,101,-0.5165622090260904,0.6746913488879484,1.9634268685503842,0.0024370243446406115
final_reproduction_candidate,paper_exact_reconstructed_metadata,main,9,0.25,min_variance,102,-0.5163823309852209,0.5476108947424523,1.7291170365843496,0.0027006383705779707
final_reproduction_candidate,paper_exact_reconstructed_metadata,main,9,0.25,min_variance,103,-0.5147739916848626,0.6200434681350403,1.8590088477377231,0.002798653364668975
final_reproduction_candidate,paper_exact_reconstructed_metadata,main,9,0.25,min_variance,104,-0.5127463675106021,0.8889190639076863,2.4324988538784256,0.0029554894145315076
final_reproduction_candidate,paper_exact_reconstructed_metadata,main,9,0.25,min_variance,105,-0.5016272967352375,0.552023108274273,1.73676312585628,0.002620601623733308
final_reproduction_candidate,paper_exact_reconstructed_metadata,main,9,0.25,min_variance,106,-0.4941960842228172,0.8116669770000732,2.251658322581934,0.002788789042191796
final_reproduction_candidate,paper_exact_reconstructed_metadata,main,9,0.25,min_variance,107,-0.4916312424434283,0.4884159585243772,1.6297326101743927,0.00248881844367081
final_reproduction_candidate,paper_exact_reconstructed_metadata,main,9,0.25,min_variance,108,-0.49147713884945726,0.5256500231620269,1.6915580429972683,0.0025850981546840404
final_reproduction_candidate,paper_exact_reconstructed_metadata,main,9,0.25,min_variance,109,-0.48669395487665795,0.6479044357809168,1.9115308931988615,0.002670571661505678
final_reproduction_candidate,paper_exact_reconstructed_metadata,main,9,0.25,min_variance,110,-0.4849157383940887,0.9857850878270755,2.6799150274026586,0.00234005811902417
final_reproduction_candidate,paper_exact_reconstructed_metadata,main,9,0.25,min_variance,111,-0.4837451680965123,0.8426533810703123,2.32252134239701,0.002575271472945006
final_reproduction_candidate,paper_exact_reconstructed_metadata,main,9,0.25,min_variance,112,-0.48241934971766853,0.6295742706040941,1.876811395376794,0.0024636446770582416
final_reproduction_candidate,paper_exact_reconstructed_metadata,main,9,0.25,min_variance,113,-0.47773602973699714,0.8186467886246804,2.2674294492353173,0.0026752331112349995
final_reproduction_candidate,paper_exact_reconstructed_metadata,main,9,0.25,min_variance,114,-0.4744594997204525,0.6949120233273771,2.003532802037967,0.002468684666418304
final_reproduction_candidate,paper_exact_reconstructed_metadata,main,9,0.25,min_variance,115,-0.46919818008626607,0.862423207754137,2.368894066794618,0.0023678462166779176
final_reproduction_candidate,paper_exact_reconstructed_metadata,main,9,0.25,min_variance,116,-0.4560696015036039,0.6394378607479398,1.8954150925502629,0.0023280036510266353
final_reproduction_candidate,paper_exact_reconstructed_metadata,main,9,0.25,min_variance,117,-0.45165117266769833,0.9824176102725142,2.6709056516488516,0.0025112003168718624
final_reproduction_candidate,paper_exact_reconstructed_metadata,main,9,0.25,min_variance,118,-0.44821404887087873,0.6533336259431299,1.9219371812158552,0.0023856082306995805
final_reproduction_candidate,paper_exact_reconstructed_metadata,main,9,0.25,min_variance,119,-0.4458981021689447,0.660262250820667,1.9352998018185135,0.00232828872145078
final_reproduction_candidate,paper_exact_reconstructed_metadata,main,9,0.25,min_variance,120,-0.44242097454544244,0.8586670955709549,2.3600129246543005,0.0023821714790533944
final_reproduction_candidate,paper_exact_reconstructed_metadata,main,9,0.25,min_variance,121,-0.43056945062952606,0.7813823000467933,2.1844897998013013,0.0023366340305266847
final_reproduction_candidate,paper_exact_reconstructed_metadata,main,9,0.25,min_variance,122,-0.42983569646310366,0.8991511550506819,2.4575161753464876,0.0023422809864149827
final_reproduction_candidate,paper_exact_reconstructed_metadata,main,9,0.25,min_variance,123,-0.4294288817777661,0.7523139366039985,2.121904292345099,0.002586828101024316
final_reproduction_candidate,paper_exact_reconstructed_metadata,main,9,0.25,min_variance,124,-0.4281957312575874,0.855710923662708,2.3530466226097233,0.002513302691484117
final_reproduction_candidate,paper_exact_reconstructed_metadata,main,9,0.25,min_variance,125,-0.4279456356346054,0.8234700657939669,2.2783923071285535,0.0024225112558550065
final_reproduction_candidate,paper_exact_reconstructed_metadata,main,9,0.25,min_variance,126,-0.4264046393383294,0.7988751392953249,2.223038912428956,0.002603868408266155
final_reproduction_candidate,paper_exact_reconstructed_metadata,main,9,0.25,min_variance,127,-0.42024800789794126,0.6092091953097528,1.838976552324922,0.0024815601609629516
final_reproduction_candidate,paper_exact_reconstructed_metadata,main,9,0.25,min_variance,128,-0.4161226924123548,0.9015231209863317,2.4633522387362485,0.00227285820929874
final_reproduction_candidate,paper_exact_reconstructed_metadata,main,9,0.25,min_variance,129,-0.41482600802355113,0.7862513180132067,2.195152056178446,0.0024983833742036597
final_reproduction_candidate,paper_exact_reconstructed_metadata,main,9,0.25,min_variance,130,-0.41212754498636345,1.1507650829018579,3.16061011364854,0.0026728753641536316
final_reproduction_candidate,paper_exact_reconstructed_metadata,main,9,0.25,min_variance,131,-0.41048424877346945,0.7187059722647965,2.0517764364296833,0.002174688846990676
final_reproduction_candidate,paper_exact_reconstructed_metadata,main,9,0.25,min_variance,132,-0.40635197731062656,0.9533117971888947,2.5942872009962064,0.0023907210614826186
final_reproduction_candidate,paper_exact_reconstructed_metadata,main,9,0.25,min_variance,133,-0.4043653318184216,0.6901807251105805,1.9940758802641905,0.002168737665492219
final_reproduction_candidate,paper_exact_reconstructed_metadata,main,9,0.25,min_variance,134,-0.3969855640580593,0.8523292470253788,2.3451028190771757,0.002072237631167182
final_reproduction_candidate,paper_exact_reconstructed_metadata,main,9,0.25,min_variance,135,-0.3920107321992789,0.9412453202435003,2.563171400875164,0.002452452964876968
final_reproduction_candidate,paper_exact_reconstructed_metadata,main,9,0.25,min_variance,136,-0.391370530640008,0.8432354984783781,2.323873716082967,0.0020274974780735313
final_reproduction_candidate,paper_exact_reconstructed_metadata,main,9,0.25,min_variance,137,-0.3911512947116125,0.963490296422438,2.620827994868974,0.0022494275519741183
final_reproduction_candidate,paper_exact_reconstructed_metadata,main,9,0.25,min_variance,138,-0.38865943387249635,0.6454736122741113,1.9068899419216618,0.002109897321935786
final_reproduction_candidate,paper_exact_reconstructed_metadata,main,9,0.25,min_variance,139,-0.38661667286607865,0.7774453471602558,2.1759064735404174,0.0022847019510134274
final_reproduction_candidate,paper_exact_reconstructed_metadata,main,9,0.25,min_variance,140,-0.3861716352370904,0.6885978241541008,1.9909219524822122,0.002086470271202787
final_reproduction_candidate,paper_exact_reconstructed_metadata,main,9,0.25,min_variance,141,-0.3803702287681431,0.8090388073123732,2.2457483520360046,0.0018004397000078286
final_reproduction_candidate,paper_exact_reconstructed_metadata,main,9,0.25,min_variance,142,-0.37801969399585406,0.9161826958077546,2.499729924423213,0.002356039336266051
final_reproduction_candidate,paper_exact_reconstructed_metadata,main,9,0.25,min_variance,143,-0.37584484043125516,0.8401717704421544,2.316764894335144,0.0018968241987599793
final_reproduction_candidate,paper_exact_reconstructed_metadata,main,9,0.25,min_variance,144,-0.3706325898361505,0.7222371600530128,2.0590344514913754,0.0018136080785075524
final_reproduction_candidate,paper_exact_reconstructed_metadata,main,9,0.25,min_variance,145,-0.3635262623946197,0.6079233133393267,1.8366133652477046,0.0019696479090969493
final_reproduction_candidate,paper_exact_reconstructed_metadata,main,9,0.25,min_variance,146,-0.36113827633498635,0.5922338693282632,1.8080227942474547,0.0020545356596063345
final_reproduction_candidate,paper_exact_reconstructed_metadata,main,9,0.25,min_variance,147,-0.35852650565557753,0.758610256230958,2.135306628406897,0.001972788297060669
final_reproduction_candidate,paper_exact_reconstructed_metadata,main,9,0.25,min_variance,148,-0.35154458073704986,0.9260272424103527,2.524460161415935,0.0018466554958601986
final_reproduction_candidate,paper_exact_reconstructed_metadata,main,9,0.25,min_variance,149,-0.3483797097650855,0.652272250864705,1.9198983671540284,0.0016472403344623663
final_reproduction_candidate,paper_exact_reconstructed_metadata,main,9,0.25,min_variance,150,-0.3464818007791714,0.887943288143737,2.430126438112119,0.0015555738251722994
final_reproduction_candidate,paper_exact_reconstructed_metadata,main,9,0.25,min_variance,151,-0.3414131228228534,0.6637332901345443,1.942028975371588,0.0022520010926270493
final_reproduction_candidate,paper_exact_reconstructed_metadata,main,9,0.25,min_variance,152,-0.3410551295900373,0.7847579085512871,2.1918762420021696,0.0018889938129585282
final_reproduction_candidate,paper_exact_reconstructed_metadata,main,9,0.25,min_variance,153,-0.33696379670781174,0.7582792832958636,2.1346000166459014,0.002049131207423503
final_reproduction_candidate,paper_exact_reconstructed_metadata,main,9,0.25,min_variance,154,-0.3356668427127506,1.0998034168052795,3.0035755134360977,0.0020679406318728725
final_reproduction_candidate,paper_exact_reconstructed_metadata,main,9,0.25,min_variance,155,-0.33484320426477976,0.518406367163439,1.6793492499640594,0.0019711531075201284
final_reproduction_candidate,paper_exact_reconstructed_metadata,main,9,0.25,min_variance,156,-0.3325731683800191,0.9224738702055779,2.5155057334758615,0.0016417386549731564
final_reproduction_candidate,paper_exact_reconstructed_metadata,main,9,0.25,min_variance,157,-0.3293112282229067,0.5306667533588313,1.7000654551644026,0.001926017829411495
final_reproduction_candidate,paper_exact_reconstructed_metadata,main,9,0.25,min_variance,158,-0.31782136490358276,0.7391729129794626,2.0942027101232257,0.001774354638934265
final_reproduction_candidate,paper_exact_reconstructed_metadata,main,9,0.25,min_variance,159,-0.316932508216195,0.935956668032192,2.549651461419346,0.0012535288418805243
final_reproduction_candidate,paper_exact_reconstructed_metadata,main,9,0.25,min_variance,160,-0.31464627730920947,0.715699303555791,2.0456166892203616,0.0020008222168611087
final_reproduction_candidate,paper_exact_reconstructed_metadata,main,9,0.25,min_variance,161,-0.3114461144218568,0.8282729048436617,2.2893613789294163,0.001980656889570874
final_reproduction_candidate,paper_exact_reconstructed_metadata,main,9,0.25,min_variance,162,-0.3086878133380614,0.6306160720241885,1.8787676790063408,0.0016504258851429054
final_reproduction_candidate,paper_exact_reconstructed_metadata,main,9,0.25,min_variance,163,-0.30569859920332754,0.7825527474625767,2.1870481271440334,0.001956143396095818
final_reproduction_candidate,paper_exact_reconstructed_metadata,main,9,0.25,min_variance,164,-0.3051878621711659,0.8077275904542884,2.242805618640235,0.0016245403602337042
final_reproduction_candidate,paper_exact_reconstructed_metadata,main,9,0.25,min_variance,165,-0.303713973120752,0.6405887947584,1.8975978461059217,0.0017933182032726415
final_reproduction_candidate,paper_exact_reconstructed_metadata,main,9,0.25,min_variance,166,-0.3034774567119215,0.831075180119965,2.2957857970099798,0.0017762951588682892
final_reproduction_candidate,paper_exact_reconstructed_metadata,main,9,0.25,min_variance,167,-0.2980060803131855,0.8523973673165582,2.3452625736052575,0.0016310852117331362
final_reproduction_candidate,paper_exact_reconstructed_metadata,main,9,0.25,min_variance,168,-0.2967457181294815,0.8199707969755943,2.270433533038388,0.001777816611997597
final_reproduction_candidate,paper_exact_reconstructed_metadata,main,9,0.25,min_variance,169,-0.2906011455134587,1.0842686709434999,2.9572762856328256,0.0016494569497474615
final_reproduction_candidate,paper_exact_reconstructed_metadata,main,9,0.25,min_variance,170,-0.2867484936686628,0.8048077567867009,2.2362665504265333,0.0015622026409296563
final_reproduction_candidate,paper_exact_reconstructed_metadata,main,9,0.25,min_variance,171,-0.28659579611511954,1.0369640643267923,2.8206407186187645,0.0018589108554045875
final_reproduction_candidate,paper_exact_reconstructed_metadata,main,9,0.25,min_variance,172,-0.2789727898542286,0.9489061771903162,2.582882897381447,0.001883957312029257
final_reproduction_candidate,paper_exact_reconstructed_metadata,main,9,0.25,min_variance,173,-0.27788775456924264,0.6929181424535064,1.9995419762415716,0.0016513724967735603
final_reproduction_candidate,paper_exact_reconstructed_metadata,main,9,0.25,min_variance,174,-0.2745491096495395,0.9048211325392913,2.4714898144119535,0.0016380937267917667
final_reproduction_candidate,paper_exact_reconstructed_metadata,main,9,0.25,min_variance,175,-0.2675996453549676,0.8385443308584623,2.3129975658212683,0.0013766624687766922
final_reproduction_candidate,paper_exact_reconstructed_metadata,main,9,0.25,min_variance,176,-0.2669095688399155,0.9496601857786626,2.5848311476751897,0.001913260388897775
final_reproduction_candidate,paper_exact_reconstructed_metadata,main,9,0.25,min_variance,177,-0.2618069088090207,0.7933978583129105,2.210895989130077,0.0019180791250192634
final_reproduction_candidate,paper_exact_reconstructed_metadata,main,9,0.25,min_variance,178,-0.2595492565159982,1.3113480412525695,3.7111731562347505,0.0015496757920310238
final_reproduction_candidate,paper_exact_reconstructed_metadata,main,9,0.25,min_variance,179,-0.2549122030242691,0.6141375712838677,1.848062090266016,0.0013560938363880132
final_reproduction_candidate,paper_exact_reconstructed_metadata,main,9,0.25,min_variance,180,-0.2536690330081886,0.6417019620810347,1.8997113661521885,0.0015225975868777897
final_reproduction_candidate,paper_exact_reconstructed_metadata,main,9,0.25,min_variance,181,-0.2525943045398128,0.6882941388061149,1.9903174304531472,0.0014527280545835934
final_reproduction_candidate,paper_exact_reconstructed_metadata,main,9,0.25,min_variance,182,-0.24803103501515159,0.8277464455799004,2.2881564406266777,0.0016060861388046594
final_reproduction_candidate,paper_exact_reconstructed_metadata,main,9,0.25,min_variance,183,-0.24698760769896932,0.8033792209635044,2.2330742442537783,0.001971312468388494
final_reproduction_candidate,paper_exact_reconstructed_metadata,main,9,0.25,min_variance,184,-0.24420402590968537,0.8251501440740601,2.2822234019257133,0.0012468402666800907
final_reproduction_candidate,paper_exact_reconstructed_metadata,main,9,0.25,min_variance,185,-0.24250271350354233,1.1067675210811572,3.02456573070987,0.00155287686198968
final_reproduction_candidate,paper_exact_reconstructed_metadata,main,9,0.25,min_variance,186,-0.23996141463755766,0.7509934918349651,2.1191042839569323,0.0015677838955621916
final_reproduction_candidate,paper_exact_reconstructed_metadata,main,9,0.25,min_variance,187,-0.23960250398137883,0.9732496250973109,2.64653073340444,0.0016404765557128027
final_reproduction_candidate,paper_exact_reconstructed_metadata,main,9,0.25,min_variance,188,-0.23770526106519987,0.5026392605849148,1.6530784230664326,0.0015912666270845764
final_reproduction_candidate,paper_exact_reconstructed_metadata,main,9,0.25,min_variance,189,-0.23041669088062852,0.6529682333761594,1.9212350479406064,0.0016252361845817567
final_reproduction_candidate,paper_exact_reconstructed_metadata,main,9,0.25,min_variance,190,-0.2268496584084469,0.6745791041588632,1.9632064966014717,0.0011762566158783033
final_reproduction_candidate,paper_exact_reconstructed_metadata,main,9,0.25,min_variance,191,-0.22088977264280774,0.7320792196448151,2.0793996445953917,0.0016217511138095497
final_reproduction_candidate,paper_exact_reconstructed_metadata,main,9,0.25,min_variance,192,-0.21986811858200975,0.7270173150114807,2.068900517109041,0.001470688715037294
final_reproduction_candidate,paper_exact_reconstructed_metadata,main,9,0.25,min_variance,193,-0.21610265368206658,1.257612363686838,3.5170141038840685,0.0014509986796339784
final_reproduction_candidate,paper_exact_reconstructed_metadata,main,9,0.25,min_variance,194,-0.2119455038773726,0.7887856177138911,2.2007222847103125,0.0014860764122413964
final_reproduction_candidate,paper_exact_reconstructed_metadata,main,9,0.25,min_variance,195,-0.21159937595687583,1.089626196393486,2.973162485958464,0.0016327839728786646
final_reproduction_candidate,paper_exact_reconstructed_metadata,main,9,0.25,min_variance,196,-0.20616354406647738,0.943844878359771,2.569843181977901,0.0015231176444683904
final_reproduction_candidate,paper_exact_reconstructed_metadata,main,9,0.25,min_variance,197,-0.20314743704641516,0.687893500406492,1.9895201925757864,0.0012940413898080022
final_reproduction_candidate,paper_exact_reconstructed_metadata,main,9,0.25,min_variance,198,-0.19985266501576204,0.9789250952529327,2.661593743998537,0.0015427245345545724
final_reproduction_candidate,paper_exact_reconstructed_metadata,main,9,0.25,min_variance,199,-0.19483935137534564,0.9125765226466551,2.4907316997892845,0.0012735056549906282
final_reproduction_candidate,paper_exact_reconstructed_metadata,main,9,0.25,min_variance,200,-0.19298166746140183,0.8826882880081348,2.417389618654917,0.0012890275159143912
final_reproduction_candidate,paper_exact_reconstructed_metadata,main,9,0.25,min_variance,201,-0.19162871809345072,0.8211791657241556,2.2731787122257345,0.001369172254811901
final_reproduction_candidate,paper_exact_reconstructed_metadata,main,9,0.25,min_variance,202,-0.1913792031400966,0.8100649386000282,2.2480539674139592,0.0014303270492114833
final_reproduction_candidate,paper_exact_reconstructed_metadata,main,9,0.25,min_variance,203,-0.18953277850854253,0.7411925642238447,2.098436543226715,0.0016767809036004955
final_reproduction_candidate,paper_exact_reconstructed_metadata,main,9,0.25,min_variance,204,-0.18916941785638397,0.7040476199357747,2.02192013123786,0.0013728127375853317
final_reproduction_candidate,paper_exact_reconstructed_metadata,main,9,0.25,min_variance,205,-0.1789168540834396,1.1185861869986264,3.0605241342482974,0.0014509017275122068
final_reproduction_candidate,paper_exact_reconstructed_metadata,main,9,0.25,min_variance,206,-0.16972139135536965,0.8625308151255453,2.369148990973905,0.0013258804284241048
final_reproduction_candidate,paper_exact_reconstructed_metadata,main,9,0.25,min_variance,207,-0.1688233638833131,0.6980879618523748,2.009906014158011,0.0012681550908091113
final_reproduction_candidate,paper_exact_reconstructed_metadata,main,9,0.25,min_variance,208,-0.15951120483257222,0.5830937029981119,1.7915724591042361,0.0012414136952988196
final_reproduction_candidate,paper_exact_reconstructed_metadata,main,9,0.25,min_variance,209,-0.15845309697058385,0.8872901048746976,2.428539638472999,0.0013570340325735968
final_reproduction_candidate,paper_exact_reconstructed_metadata,main,9,0.25,min_variance,210,-0.1532278220561912,0.6744489931264931,1.9629510783941666,0.0012759285722855117
final_reproduction_candidate,paper_exact_reconstructed_metadata,main,9,0.25,min_variance,211,-0.15321767531162475,0.6666140436681235,1.9476315481458366,0.0011994383665264322
final_reproduction_candidate,paper_exact_reconstructed_metadata,main,9,0.25,min_variance,212,-0.15032221464941223,0.570126906693937,1.7684914705990762,0.0011383875430835287
final_reproduction_candidate,paper_exact_reconstructed_metadata,main,9,0.25,min_variance,213,-0.14728125271385148,0.9451055768995009,2.5730850225872453,0.0012601144782579989
final_reproduction_candidate,paper_exact_reconstructed_metadata,main,9,0.25,min_variance,214,-0.14678104684246196,0.74515265147722,2.106763010921351,0.0010241255482835883
final_reproduction_candidate,paper_exact_reconstructed_metadata,main,9,0.25,min_variance,215,-0.14460835962237006,0.8244015058983956,2.2805154817485276,0.001007808923258894
final_reproduction_candidate,paper_exact_reconstructed_metadata,main,9,0.25,min_variance,216,-0.1443302542611427,0.8392772072670618,2.314693328486732,0.0011936441851623303
final_reproduction_candidate,paper_exact_reconstructed_metadata,main,9,0.25,min_variance,217,-0.13749227919876175,0.7491550226632494,2.1152119551188435,0.0013126308714556552
final_reproduction_candidate,paper_exact_reconstructed_metadata,main,9,0.25,min_variance,218,-0.13411298225216467,0.8454805239110864,2.329096732386467,0.00118394352681316
final_reproduction_candidate,paper_exact_reconstructed_metadata,main,9,0.25,min_variance,219,-0.1331859371464141,0.8522545769876301,2.3449277166986824,0.0014526014025959331
final_reproduction_candidate,paper_exact_reconstructed_metadata,main,9,0.25,min_variance,220,-0.1327387823576372,0.6503614022768232,1.9162332349418525,0.0012548530212219704
final_reproduction_candidate,paper_exact_reconstructed_metadata,main,9,0.25,min_variance,221,-0.12637028300712086,0.8578789632221177,2.358153654896268,0.0012365682243328578
final_reproduction_candidate,paper_exact_reconstructed_metadata,main,9,0.25,min_variance,222,-0.12217580907104159,0.6070578934544879,1.8350246110895372,0.0011714485888039273
final_reproduction_candidate,paper_exact_reconstructed_metadata,main,9,0.25,min_variance,223,-0.11149435108778166,0.7664335359795458,2.152077244585665,0.0010312592538751018
final_reproduction_candidate,paper_exact_reconstructed_metadata,main,9,0.25,min_variance,224,-0.11094019293030227,0.6651039220711376,1.9446926073195308,0.001169464085994808
final_reproduction_candidate,paper_exact_reconstructed_metadata,main,9,0.25,min_variance,225,-0.10847518872945548,1.0654182709958495,2.9020525746574766,0.0013141567221983228
final_reproduction_candidate,paper_exact_reconstructed_metadata,main,9,0.25,min_variance,226,-0.1076472645397342,0.7196033420266316,2.0536184649285074,0.0011820485652298284
final_reproduction_candidate,paper_exact_reconstructed_metadata,main,9,0.25,min_variance,227,-0.10363489839274208,0.8869952854023173,2.4278237632302955,0.0012379578860959783
final_reproduction_candidate,paper_exact_reconstructed_metadata,main,9,0.25,min_variance,228,-0.10330375147965108,0.7560388650479039,2.1298229731024625,0.0012866173905789302
final_reproduction_candidate,paper_exact_reconstructed_metadata,main,9,0.25,min_variance,229,-0.10226018599292436,1.0708330515404023,2.9178091732413267,0.0013697277609157198
final_reproduction_candidate,paper_exact_reconstructed_metadata,main,9,0.25,min_variance,230,-0.0982588964204414,0.7805959246162988,2.1827726459468613,0.0013174641172538333
final_reproduction_candidate,paper_exact_reconstructed_metadata,main,9,0.25,min_variance,231,-0.0928459909979536,0.8079617482360828,2.243330850520058,0.001126390856161662
final_reproduction_candidate,paper_exact_reconstructed_metadata,main,9,0.25,min_variance,232,-0.08726518207466677,0.7660036447594242,2.1511522843035906,0.0010723738999291732
final_reproduction_candidate,paper_exact_reconstructed_metadata,main,9,0.25,min_variance,233,-0.0867533101273034,0.5855978355423397,1.7960644158847003,0.0013009594485887774
final_reproduction_candidate,paper_exact_reconstructed_metadata,main,9,0.25,min_variance,234,-0.08546754430962765,0.9330387606647642,2.5422226581863887,0.00122960775612645
final_reproduction_candidate,paper_exact_reconstructed_metadata,main,9,0.25,min_variance,235,-0.08442096150222311,0.8274794931604931,2.2875456932527416,0.0013124705818600216
final_reproduction_candidate,paper_exact_reconstructed_metadata,main,9,0.25,min_variance,236,-0.08039259742947408,0.9330489304304599,2.542248512126633,0.001138400303995476
final_reproduction_candidate,paper_exact_reconstructed_metadata,main,9,0.25,min_variance,237,-0.07867431215829497,0.9019903215840644,2.464503387262313,0.0010257031446427702
final_reproduction_candidate,paper_exact_reconstructed_metadata,main,9,0.25,min_variance,238,-0.0755543065912848,0.9092688658907925,2.4825068242866966,0.0012892873699267495
final_reproduction_candidate,paper_exact_reconstructed_metadata,main,9,0.25,min_variance,239,-0.06827991304685968,0.9540684126202766,2.596250821485023,0.001098469001987198
final_reproduction_candidate,paper_exact_reconstructed_metadata,main,9,0.25,min_variance,240,-0.06332177429394865,0.5971708913869718,1.8169711135144473,0.0010542722861139975
final_reproduction_candidate,paper_exact_reconstructed_metadata,main,9,0.25,min_variance,241,-0.06283172416253885,0.9084754784214853,2.480538015597184,0.001113176136719182
final_reproduction_candidate,paper_exact_reconstructed_metadata,main,9,0.25,min_variance,242,-0.06195448021054141,1.0534894399700327,2.8676401380019776,0.0011119898391383253
final_reproduction_candidate,paper_exact_reconstructed_metadata,main,9,0.25,min_variance,243,-0.056946710280344,0.7080280957172815,2.029984374467216,0.0009530320173022099
final_reproduction_candidate,paper_exact_reconstructed_metadata,main,9,0.25,min_variance,244,-0.054892136984617965,0.8552965022027663,2.352071671627329,0.0011942587477941262
final_reproduction_candidate,paper_exact_reconstructed_metadata,main,9,0.25,min_variance,245,-0.0544248594040094,0.8918864076801629,2.4397276340377383,0.001180387494870402
final_reproduction_candidate,paper_exact_reconstructed_metadata,main,9,0.25,min_variance,246,-0.04994763148350464,0.664517770722873,1.943553057132856,0.0011136900858299344
final_reproduction_candidate,paper_exact_reconstructed_metadata,main,9,0.25,min_variance,247,-0.04786499196668295,1.404861146932071,4.074960881162689,0.0008680829415669444
final_reproduction_candidate,paper_exact_reconstructed_metadata,main,9,0.25,min_variance,248,-0.04371274689196969,1.2881349244900309,3.6260174489246126,0.0011303869729523523
final_reproduction_candidate,paper_exact_reconstructed_metadata,main,9,0.25,min_variance,249,-0.04351228929769513,1.3415269433769006,3.8248794229769247,0.001418576786332574
final_reproduction_candidate,paper_exact_reconstructed_metadata,main,9,0.25,min_variance,250,-0.041469124217766,0.8888787960268344,2.43240090427653,0.0012168972154688762
final_reproduction_candidate,paper_exact_reconstructed_metadata,main,9,0.25,min_variance,251,-0.04001061539585167,0.9421431463326404,2.5654737164146293,0.0010355282292236717
final_reproduction_candidate,paper_exact_reconstructed_metadata,main,9,0.25,min_variance,252,-0.03928538842309927,1.0563784513795407,2.875936761828908,0.0010811942403240865
final_reproduction_candidate,paper_exact_reconstructed_metadata,main,9,0.25,min_variance,253,-0.038956437647057876,0.706400321025301,2.026682705193208,0.0009424210909126727
final_reproduction_candidate,paper_exact_reconstructed_metadata,main,9,0.25,min_variance,254,-0.035176102629009304,0.7308272444792266,2.0767979168701127,0.001388499970102168
final_reproduction_candidate,paper_exact_reconstructed_metadata,main,9,0.25,min_variance,255,-0.03385104651257634,0.7538356775252036,2.125135739026379,0.0010866444431865087
final_reproduction_candidate,paper_exact_reconstructed_metadata,main,9,0.25,min_variance,256,-0.03380422124070526,1.023454298371123,2.782790770313048,0.001127432850697268
final_reproduction_candidate,paper_exact_reconstructed_metadata,main,9,0.25,min_variance,257,-0.03274806704270268,1.2173146470304217,3.3781041407674306,0.0010494250187074617
final_reproduction_candidate,paper_exact_reconstructed_metadata,main,9,0.25,min_variance,258,-0.029742048165466946,1.357121077939753,3.884992595663808,0.0009252887723744689
final_reproduction_candidate,paper_exact_reconstructed_metadata,main,9,0.25,min_variance,259,-0.025762930743677442,0.8578951368876904,2.3581917951932847,0.0009977192702720211
final_reproduction_candidate,paper_exact_reconstructed_metadata,main,9,0.25,min_variance,260,-0.021780767031427214,1.0097681126502163,2.7449644186861515,0.0010876195691139812
final_reproduction_candidate,paper_exact_reconstructed_metadata,main,9,0.25,min_variance,261,-0.021612195251654063,1.2831170391440776,3.6078680829045315,0.0008683332428464295
final_reproduction_candidate,paper_exact_reconstructed_metadata,main,9,0.25,min_variance,262,-0.010896127175533708,1.187520946161237,3.2789424484765872,0.0009224364666485221
final_reproduction_candidate,paper_exact_reconstructed_metadata,main,9,0.25,min_variance,263,-0.009515245073926586,0.6811715249431446,1.976191534302258,0.0008386364904195134
final_reproduction_candidate,paper_exact_reconstructed_metadata,main,9,0.25,min_variance,264,-0.008419629234859323,1.0512783528468508,2.861306540467261,0.0009896995806736098
final_reproduction_candidate,paper_exact_reconstructed_metadata,main,9,0.25,min_variance,265,-0.003333659736464377,1.5157299597495852,4.552743233506716,0.000920747232148075
final_reproduction_candidate,paper_exact_reconstructed_metadata,main,9,0.25,min_variance,266,-0.0032595870453423913,1.0761667815877192,2.933413557493904,0.0010299320167219256
final_reproduction_candidate,paper_exact_reconstructed_metadata,main,9,0.25,min_variance,267,-7.891245308765686e-05,0.7813755146483937,2.1844749772179988,0.0008489977043665452
final_reproduction_candidate,paper_exact_reconstructed_metadata,main,9,0.25,min_variance,268,0.0027473325181686485,1.0968362790906114,2.994676699782824,0.0011672318626705987
final_reproduction_candidate,paper_exact_reconstructed_metadata,main,9,0.25,min_variance,269,0.0070932564087553595,0.740454587640746,2.09688851747033,0.0010521857948812164
final_reproduction_candidate,paper_exact_reconstructed_metadata,main,9,0.25,min_variance,270,0.014528653704052699,0.851838190379057,2.343951523450379,0.0009843981479741172
final_reproduction_candidate,paper_exact_reconstructed_metadata,main,9,0.25,min_variance,271,0.014775862945363325,0.8361924862793447,2.307564146817526,0.0009617205716501571
final_reproduction_candidate,paper_exact_reconstructed_metadata,main,9,0.25,min_variance,272,0.01538748955551634,0.7889039131498773,2.2009826355113193,0.001017322927068294
final_reproduction_candidate,paper_exact_reconstructed_metadata,main,9,0.25,min_variance,273,0.015646506652020383,0.757578001569637,2.1331035854326847,0.0009554618099039777
final_reproduction_candidate,paper_exact_reconstructed_metadata,main,9,0.25,min_variance,274,0.021905198560666937,1.365232264113008,3.9166326395623634,0.0010398551898781422
final_reproduction_candidate,paper_exact_reconstructed_metadata,main,9,0.25,min_variance,275,0.023525582530004585,0.9121646661048606,2.4897060868620655,0.0007891397647414586
final_reproduction_candidate,paper_exact_reconstructed_metadata,main,9,0.25,min_variance,276,0.024157691631858148,0.6549170657711988,1.9249828637868167,0.00093669006005929
final_reproduction_candidate,paper_exact_reconstructed_metadata,main,9,0.25,min_variance,277,0.02664435237093548,0.8557717627071559,2.3531897840726432,0.0008657168797667607
final_reproduction_candidate,paper_exact_reconstructed_metadata,main,9,0.25,min_variance,278,0.035825904381477355,0.7818256128385503,2.185458426759513,0.0010463980946494949
final_reproduction_candidate,paper_exact_reconstructed_metadata,main,9,0.25,min_variance,279,0.04007562457352075,0.7769393496372164,2.174805748759932,0.0009596417916160124
final_reproduction_candidate,paper_exact_reconstructed_metadata,main,9,0.25,min_variance,280,0.048852120417929315,0.73254370783888,2.080365725530274,0.0009740728212048059
final_reproduction_candidate,paper_exact_reconstructed_metadata,main,9,0.25,min_variance,281,0.049810467210368164,1.0405308212483146,2.830719221525341,0.0008752706204710096
final_reproduction_candidate,paper_exact_reconstructed_metadata,main,9,0.25,min_variance,282,0.050309558095291015,0.9207884380635996,2.511269590128203,0.0008533218358845263
final_reproduction_candidate,paper_exact_reconstructed_metadata,main,9,0.25,min_variance,283,0.05340184192276961,1.1481815894545877,3.1524552367018988,0.0009338203037741857
final_reproduction_candidate,paper_exact_reconstructed_metadata,main,9,0.25,min_variance,284,0.05409487334632554,1.1685655883636539,3.217374287895386,0.0009835574523802176
final_reproduction_candidate,paper_exact_reconstructed_metadata,main,9,0.25,min_variance,285,0.05697003867560235,0.9177575572934727,2.503669754334785,0.0009915839460406073
final_reproduction_candidate,paper_exact_reconstructed_metadata,main,9,0.25,min_variance,286,0.057811480169422294,1.2147154801982964,3.3693352853250165,0.0007021802532759196
final_reproduction_candidate,paper_exact_reconstructed_metadata,main,9,0.25,min_variance,287,0.06475485671278519,0.7671961104836744,2.1537189897202333,0.0008858338803412898
final_reproduction_candidate,paper_exact_reconstructed_metadata,main,9,0.25,min_variance,288,0.06808206076230318,0.8332904267674529,2.3008771660371603,0.0007528812600066496
final_reproduction_candidate,paper_exact_reconstructed_metadata,main,9,0.25,min_variance,289,0.07185494475267631,0.9134493160582419,2.492906542963227,0.000823039699976505
final_reproduction_candidate,paper_exact_reconstructed_metadata,main,9,0.25,min_variance,290,0.07214921310648885,0.6074679367913743,1.8357772049918497,0.000814335800496754
final_reproduction_candidate,paper_exact_reconstructed_metadata,main,9,0.25,min_variance,291,0.07437588306388043,1.038115141156291,2.8238893621547594,0.000885511388585376
final_reproduction_candidate,paper_exact_reconstructed_metadata,main,9,0.25,min_variance,292,0.07594970527750745,0.5751641244229221,1.777422221372663,0.0009369572474170384
final_reproduction_candidate,paper_exact_reconstructed_metadata,main,9,0.25,min_variance,293,0.08234979300331884,0.8286220988282542,2.290160949746032,0.0007043910921399853
final_reproduction_candidate,paper_exact_reconstructed_metadata,main,9,0.25,min_variance,294,0.09129951272652442,0.5626044763148029,1.7552380281819435,0.0008545775217329547
final_reproduction_candidate,paper_exact_reconstructed_metadata,main,9,0.25,min_variance,295,0.09422802540276456,0.7184941768294606,2.0513419255614513,0.0008039603560789179
final_reproduction_candidate,paper_exact_reconstructed_metadata,main,9,0.25,min_variance,296,0.09516581010677268,1.105183078044859,3.0197772731209307,0.000915963386756281
final_reproduction_candidate,paper_exact_reconstructed_metadata,main,9,0.25,min_variance,297,0.09735378161259484,0.5871967023001775,1.7989383805051968,0.0009181669347548576
final_reproduction_candidate,paper_exact_reconstructed_metadata,main,9,0.25,min_variance,298,0.11194881840521373,0.8799958461959367,2.4108896920330123,0.0009179931137361372
final_reproduction_candidate,paper_exact_reconstructed_metadata,main,9,0.25,min_variance,299,0.11261208454857313,0.7330394269805328,2.0813972582962026,0.0008337963121019664
final_reproduction_candidate,paper_exact_reconstructed_metadata,main,9,0.25,min_variance,300,0.11707524500618106,0.6909972675578535,1.995704792811123,0.0007236060216461302
final_reproduction_candidate,paper_exact_reconstructed_metadata,main,9,0.25,min_variance,301,0.11856970083937211,0.614908926987258,1.8494881534298317,0.0008397822879622822
final_reproduction_candidate,paper_exact_reconstructed_metadata,main,9,0.25,min_variance,302,0.12066428407512303,0.8076675710441892,2.2426710108096186,0.0007734827935060158
final_reproduction_candidate,paper_exact_reconstructed_metadata,main,9,0.25,min_variance,303,0.12239215111890595,0.9110495710681003,2.486931375282684,0.0007957299243430137
final_reproduction_candidate,paper_exact_reconstructed_metadata,main,9,0.25,min_variance,304,0.1260892920528409,1.1657565656267506,3.2083492920112713,0.0008711640582507846
final_reproduction_candidate,paper_exact_reconstructed_metadata,main,9,0.25,min_variance,305,0.1270250416986937,1.024803674775147,2.7865483371316913,0.0007689928475471342
final_reproduction_candidate,paper_exact_reconstructed_metadata,main,9,0.25,min_variance,306,0.12931693225409818,0.8522974326510108,2.3450282122849484,0.0008439822950820255
final_reproduction_candidate,paper_exact_reconstructed_metadata,main,9,0.25,min_variance,307,0.13373726158647312,0.8482906101472607,2.3356508996314864,0.0007177468201303699
final_reproduction_candidate,paper_exact_reconstructed_metadata,main,9,0.25,min_variance,308,0.1347919201947979,0.7763231742535615,2.173466099765067,0.0008069199555061574
final_reproduction_candidate,paper_exact_reconstructed_metadata,main,9,0.25,min_variance,309,0.13809030131738187,0.8684868168657098,2.3833017515824175,0.0008916738904265654
final_reproduction_candidate,paper_exact_reconstructed_metadata,main,9,0.25,min_variance,310,0.14382689844055144,0.9582657073190364,2.6071709527673477,0.0006829108712241761
final_reproduction_candidate,paper_exact_reconstructed_metadata,main,9,0.25,min_variance,311,0.14488143952467858,0.7756881935748726,2.172086428864471,0.0007620263397794893
final_reproduction_candidate,paper_exact_reconstructed_metadata,main,9,0.25,min_variance,312,0.14573501598894478,1.0632963826623967,2.895901271653258,0.0007205484125020458
final_reproduction_candidate,paper_exact_reconstructed_metadata,main,9,0.25,min_variance,313,0.1480908644626779,0.8729615047550053,2.393990178920567,0.0008221697741382545
final_reproduction_candidate,paper_exact_reconstructed_metadata,main,9,0.25,min_variance,314,0.15077158761244377,1.0894890134370592,2.9727546467136396,0.0007094355952706331
final_reproduction_candidate,paper_exact_reconstructed_metadata,main,9,0.25,min_variance,315,0.1512699977122443,1.0524341092174878,2.8646154254939,0.0007668833464875887
final_reproduction_candidate,paper_exact_reconstructed_metadata,main,9,0.25,min_variance,316,0.15466398872135512,0.6478911214553608,1.911505442623668,0.0006456359878500511
final_reproduction_candidate,paper_exact_reconstructed_metadata,main,9,0.25,min_variance,317,0.15536095809114464,1.008645694125529,2.7418851482114004,0.0007873771423067815
final_reproduction_candidate,paper_exact_reconstructed_metadata,main,9,0.25,min_variance,318,0.15586951519211056,0.7921774100602785,2.2081993508718356,0.0007456233936063098
final_reproduction_candidate,paper_exact_reconstructed_metadata,main,9,0.25,min_variance,319,0.15875635115183015,1.1490866726908435,3.1553097626866293,0.0007182320379391493
final_reproduction_candidate,paper_exact_reconstructed_metadata,main,9,0.25,min_variance,320,0.1596426470430941,0.7630922155702147,2.1448984649462446,0.0007084474427695481
final_reproduction_candidate,paper_exact_reconstructed_metadata,main,9,0.25,min_variance,321,0.16002445462169718,0.9957535793147643,2.7067633337699695,0.0007801133110813446
final_reproduction_candidate,paper_exact_reconstructed_metadata,main,9,0.25,min_variance,322,0.16732690145967047,0.6672190236039964,1.9488101826441013,0.0008279330703484936
final_reproduction_candidate,paper_exact_reconstructed_metadata,main,9,0.25,min_variance,323,0.17397539076436266,0.6784993486837645,1.970917851443447,0.0007218203962935036
final_reproduction_candidate,paper_exact_reconstructed_metadata,main,9,0.25,min_variance,324,0.17644760336087034,0.9598942418847511,2.6114202799315955,0.0006792657605015485
final_reproduction_candidate,paper_exact_reconstructed_metadata,main,9,0.25,min_variance,325,0.18089946283325037,0.8485404754519559,2.3362345706717185,0.0006706425191396439
final_reproduction_candidate,paper_exact_reconstructed_metadata,main,9,0.25,min_variance,326,0.18474115057818186,0.7147593705010419,2.043694849818498,0.0005891843886855227
final_reproduction_candidate,paper_exact_reconstructed_metadata,main,9,0.25,min_variance,327,0.1899088592063891,0.7236761403408489,2.0619994942864803,0.0006310089608404083
final_reproduction_candidate,paper_exact_reconstructed_metadata,main,9,0.25,min_variance,328,0.19187304243933773,0.8146547922005665,2.2583959218830305,0.0006568277730942948
final_reproduction_candidate,paper_exact_reconstructed_metadata,main,9,0.25,min_variance,329,0.1961566567550021,0.8385093515014086,2.312916660068573,0.0006587692451112139
final_reproduction_candidate,paper_exact_reconstructed_metadata,main,9,0.25,min_variance,330,0.19938766989595846,0.5133986801840147,1.6709606159478683,0.0006860392846760607
final_reproduction_candidate,paper_exact_reconstructed_metadata,main,9,0.25,min_variance,331,0.20261004225678808,0.8529948585334296,2.346664266102022,0.0008535815330596474
final_reproduction_candidate,paper_exact_reconstructed_metadata,main,9,0.25,min_variance,332,0.21245929014043388,0.8721269384842933,2.3919930689410536,0.0006135815370799706
final_reproduction_candidate,paper_exact_reconstructed_metadata,main,9,0.25,min_variance,333,0.22135555822723443,0.7753198955969614,2.1712866011213827,0.0007009676150542589
final_reproduction_candidate,paper_exact_reconstructed_metadata,main,9,0.25,min_variance,334,0.2243330589653515,0.9854533730946838,2.679026207531984,0.0006101064219187144
final_reproduction_candidate,paper_exact_reconstructed_metadata,main,9,0.25,min_variance,335,0.22445149971417688,0.9258321967493084,2.523967824430629,0.00060991703697669
final_reproduction_candidate,paper_exact_reconstructed_metadata,main,9,0.25,min_variance,336,0.22623230739040767,0.7760679053628875,2.1729113522927612,0.0006162809236823304
final_reproduction_candidate,paper_exact_reconstructed_metadata,main,9,0.25,min_variance,337,0.22634434037269704,0.7865991916486377,2.195915824544289,0.00059862872149488
final_reproduction_candidate,paper_exact_reconstructed_metadata,main,9,0.25,min_variance,338,0.2282185445930529,1.1163483604208675,3.053682869635704,0.0006683756534703497
final_reproduction_candidate,paper_exact_reconstructed_metadata,main,9,0.25,min_variance,339,0.2334603773907844,0.5952382820227167,1.8134630091154857,0.0007456503998410014
final_reproduction_candidate,paper_exact_reconstructed_metadata,main,9,0.25,min_variance,340,0.2395775983410448,0.8867349380514477,2.42719176801787,0.0005453432984594814
final_reproduction_candidate,paper_exact_reconstructed_metadata,main,9,0.25,min_variance,341,0.24190711820032357,1.0870275497543342,2.965446317396677,0.0005039326737850064
final_reproduction_candidate,paper_exact_reconstructed_metadata,main,9,0.25,min_variance,342,0.24867409980348798,0.634421722422893,1.8859312343207963,0.0005841814678056326
final_reproduction_candidate,paper_exact_reconstructed_metadata,main,9,0.25,min_variance,343,0.24897810645279556,0.8280247263234098,2.2887932791080745,0.0005949110755022617
final_reproduction_candidate,paper_exact_reconstructed_metadata,main,9,0.25,min_variance,344,0.2508531825444756,0.6612779775772349,1.937266536272515,0.0006338395752193748
final_reproduction_candidate,paper_exact_reconstructed_metadata,main,9,0.25,min_variance,345,0.2518392342380167,1.0401441932932298,2.8296249978836583,0.0006089542787219888
final_reproduction_candidate,paper_exact_reconstructed_metadata,main,9,0.25,min_variance,346,0.2532192119908987,1.095340415012613,2.990200419270691,0.0006223287327691636
final_reproduction_candidate,paper_exact_reconstructed_metadata,main,9,0.25,min_variance,347,0.2600386724126039,1.4765110393042091,4.377645572358477,0.0006873882160367776
final_reproduction_candidate,paper_exact_reconstructed_metadata,main,9,0.25,min_variance,348,0.26004070362117376,1.3007173411864061,3.6719297495402143,0.0005959766543609441
final_reproduction_candidate,paper_exact_reconstructed_metadata,main,9,0.25,min_variance,349,0.26107498143450286,0.8932289794883996,2.4430053433667047,0.0006004483684195828
final_reproduction_candidate,paper_exact_reconstructed_metadata,main,9,0.25,min_variance,350,0.26137352672757874,0.9348656487715814,2.5468712594698095,0.0005866894211079657
final_reproduction_candidate,paper_exact_reconstructed_metadata,main,9,0.25,min_variance,351,0.2614540970954942,0.815379862869287,2.260034012318244,0.0006172410810153476
final_reproduction_candidate,paper_exact_reconstructed_metadata,main,9,0.25,min_variance,352,0.26303452059329857,0.7656102480406125,2.150306194488672,0.000551724658921589
final_reproduction_candidate,paper_exact_reconstructed_metadata,main,9,0.25,min_variance,353,0.269655183167034,0.9868234475335121,2.682699188413938,0.000593950110981315
final_reproduction_candidate,paper_exact_reconstructed_metadata,main,9,0.25,min_variance,354,0.2816562971986824,1.0999939393320404,3.0041478167488402,0.000594180623121229
final_reproduction_candidate,paper_exact_reconstructed_metadata,main,9,0.25,min_variance,355,0.2844693279552355,0.7327601693595213,2.080816093400611,0.0006415497290351707
final_reproduction_candidate,paper_exact_reconstructed_metadata,main,9,0.25,min_variance,356,0.2922973893376575,0.941298508781208,2.563307735839567,0.0005288047098468372
final_reproduction_candidate,paper_exact_reconstructed_metadata,main,9,0.25,min_variance,357,0.29371872997569426,0.5748415641834432,1.7768489880913843,0.0005609593448652019
final_reproduction_candidate,paper_exact_reconstructed_metadata,main,9,0.25,min_variance,358,0.29395101026084675,0.7868197695897221,2.196400248560324,0.0005222735315203704
final_reproduction_candidate,paper_exact_reconstructed_metadata,main,9,0.25,min_variance,359,0.30273715961667874,0.7807165247076657,2.1830359044015735,0.0005519289077364238
final_reproduction_candidate,paper_exact_reconstructed_metadata,main,9,0.25,min_variance,360,0.3092906849432435,0.8605489022249664,2.3644581939363274,0.0005140880137904268
final_reproduction_candidate,paper_exact_reconstructed_metadata,main,9,0.25,min_variance,361,0.3170334643036806,0.69357358523601,2.000852991198923,0.000521460423033249
final_reproduction_candidate,paper_exact_reconstructed_metadata,main,9,0.25,min_variance,362,0.3199746236020786,0.5406784628770226,1.71717150417607,0.0005489711081487366
final_reproduction_candidate,paper_exact_reconstructed_metadata,main,9,0.25,min_variance,363,0.3213542495484172,0.6316361038979583,1.8806850596507743,0.0005244602839055572
final_reproduction_candidate,paper_exact_reconstructed_metadata,main,9,0.25,min_variance,364,0.3253947995810007,0.8477310995824756,2.334344443799495,0.0005613716818895444
final_reproduction_candidate,paper_exact_reconstructed_metadata,main,9,0.25,min_variance,365,0.32602946822033857,0.620760010800655,1.8603413842454992,0.0005463150432804284
final_reproduction_candidate,paper_exact_reconstructed_metadata,main,9,0.25,min_variance,366,0.33625565803721447,0.7703233744159265,2.160464779872416,0.000505084983356187
final_reproduction_candidate,paper_exact_reconstructed_metadata,main,9,0.25,min_variance,367,0.3394864679128948,0.7280059358364863,2.0709468866202054,0.0004234729523463384
final_reproduction_candidate,paper_exact_reconstructed_metadata,main,9,0.25,min_variance,368,0.34446772966196815,0.7859748888365239,2.1945453359643112,0.00047718153186924843
final_reproduction_candidate,paper_exact_reconstructed_metadata,main,9,0.25,min_variance,369,0.3582745112297008,0.9084626211174632,2.480506122770808,0.0006424347891129988
final_reproduction_candidate,paper_exact_reconstructed_metadata,main,9,0.25,min_variance,370,0.3586196125459739,0.7687687804935586,2.1571087437686964,0.0006266091985745309
final_reproduction_candidate,paper_exact_reconstructed_metadata,main,9,0.25,min_variance,371,0.35870260171940754,0.7887585572894209,2.2006627330368977,0.0004713451557505136
final_reproduction_candidate,paper_exact_reconstructed_metadata,main,9,0.25,min_variance,372,0.36020171593436134,1.0003194688285695,2.719150373499651,0.00045399086315273606
final_reproduction_candidate,paper_exact_reconstructed_metadata,main,9,0.25,min_variance,373,0.3618506094976647,1.0476235726565892,2.8508681805794898,0.0006292875028097105
final_reproduction_candidate,paper_exact_reconstructed_metadata,main,9,0.25,min_variance,374,0.3619125645971069,1.096740737812219,2.994390598210027,0.0005473552785141214
final_reproduction_candidate,paper_exact_reconstructed_metadata,main,9,0.25,min_variance,375,0.37004092040782166,1.1118261009593153,3.0399045015452266,0.000548134285522635
final_reproduction_candidate,paper_exact_reconstructed_metadata,main,9,0.25,min_variance,376,0.37164392164812476,0.9129858238825846,2.4917513680138743,0.0006636303778268044
final_reproduction_candidate,paper_exact_reconstructed_metadata,main,9,0.25,min_variance,377,0.37351471886142484,0.6464066978509608,1.908670063796977,0.0005365762367457927
final_reproduction_candidate,paper_exact_reconstructed_metadata,main,9,0.25,min_variance,378,0.3741005383143349,0.7576473210612121,2.133251456213809,0.0006431742265259067
final_reproduction_candidate,paper_exact_reconstructed_metadata,main,9,0.25,min_variance,379,0.3747929532191907,1.1232753975664653,3.0749092774853826,0.0005132717240756538
final_reproduction_candidate,paper_exact_reconstructed_metadata,main,9,0.25,min_variance,380,0.3767197255507666,0.8673646976766517,2.3806289028615306,0.0005093729618233488
final_reproduction_candidate,paper_exact_reconstructed_metadata,main,9,0.25,min_variance,381,0.37831783733369423,0.9038886991422634,2.469186388830941,0.0005363890016994116
final_reproduction_candidate,paper_exact_reconstructed_metadata,main,9,0.25,min_variance,382,0.3822777480801457,0.9055804204205834,2.4733670992864103,0.0004380488826984395
final_reproduction_candidate,paper_exact_reconstructed_metadata,main,9,0.25,min_variance,383,0.38740581158565424,1.1257224609840628,3.0824429894668453,0.0006158119937767927
final_reproduction_candidate,paper_exact_reconstructed_metadata,main,9,0.25,min_variance,384,0.3916923534231465,1.0264843441355491,2.791235541260061,0.00047377236309115015
final_reproduction_candidate,paper_exact_reconstructed_metadata,main,9,0.25,min_variance,385,0.3942832309697647,0.8129034949637034,2.2544442606220105,0.0005988614457692232
final_reproduction_candidate,paper_exact_reconstructed_metadata,main,9,0.25,min_variance,386,0.39482010884509233,0.9988063667017348,2.7150391324345082,0.0005319041298776259
final_reproduction_candidate,paper_exact_reconstructed_metadata,main,9,0.25,min_variance,387,0.39522280464750137,0.6129275277614747,1.8458272071303345,0.0005231180435190893
final_reproduction_candidate,paper_exact_reconstructed_metadata,main,9,0.25,min_variance,388,0.39615435643703284,0.7102806632881836,2.0345622054396935,0.0004829361757090524
final_reproduction_candidate,paper_exact_reconstructed_metadata,main,9,0.25,min_variance,389,0.39909255190884907,0.7770300550155376,2.1750030242849885,0.0003475375643311023
final_reproduction_candidate,paper_exact_reconstructed_metadata,main,9,0.25,min_variance,390,0.4005760460671855,1.0697569888477585,2.914671116321536,0.0005074659880473239
final_reproduction_candidate,paper_exact_reconstructed_metadata,main,9,0.25,min_variance,391,0.4167743804652247,0.9453346431485437,2.57367449703361,0.0005087002281451599
final_reproduction_candidate,paper_exact_reconstructed_metadata,main,9,0.25,min_variance,392,0.42413283463671525,0.6574257466205319,1.929818093921245,0.000493633078026634
final_reproduction_candidate,paper_exact_reconstructed_metadata,main,9,0.25,min_variance,393,0.4328501824484869,0.9840193291378534,2.6751871195572554,0.00032898511318499535
final_reproduction_candidate,paper_exact_reconstructed_metadata,main,9,0.25,min_variance,394,0.4371712954377394,0.7368531307251651,2.089350246345144,0.00044423843006588726
final_reproduction_candidate,paper_exact_reconstructed_metadata,main,9,0.25,min_variance,395,0.43754362414444753,0.8656236719572155,2.3764877726663434,0.00046822390461043304
final_reproduction_candidate,paper_exact_reconstructed_metadata,main,9,0.25,min_variance,396,0.4387544240088145,1.066122261229294,2.9040963106276525,0.0004759594858202076
final_reproduction_candidate,paper_exact_reconstructed_metadata,main,9,0.25,min_variance,397,0.44114302863283705,1.0410248734509746,2.832118090120449,0.0003120176865554249
final_reproduction_candidate,paper_exact_reconstructed_metadata,main,9,0.25,min_variance,398,0.44234552667977284,0.6399832312071614,1.8964490778766003,0.00044282920495182965
final_reproduction_candidate,paper_exact_reconstructed_metadata,main,9,0.25,min_variance,399,0.4546907846593402,0.7613786079289137,2.1412260979436204,0.000421509158577377
final_reproduction_candidate,paper_exact_reconstructed_metadata,main,9,0.25,min_variance,400,0.4558770309721768,0.9889163496499515,2.6883196947563524,0.0005168089113901486
final_reproduction_candidate,paper_exact_reconstructed_metadata,main,9,0.25,min_variance,401,0.45796721036431776,0.7773212356247562,2.1756364352046655,0.0005024028046404479
final_reproduction_candidate,paper_exact_reconstructed_metadata,main,9,0.25,min_variance,402,0.4685601467297661,0.6424521105872752,1.9011369664349056,0.00046656278624593366
final_reproduction_candidate,paper_exact_reconstructed_metadata,main,9,0.25,min_variance,403,0.4744568940827299,0.8243233042647518,2.2803371486853643,0.000489434216203628
final_reproduction_candidate,paper_exact_reconstructed_metadata,main,9,0.25,min_variance,404,0.4750359657444221,0.8378309613708815,2.311348132330674,0.0003956962312767161
final_reproduction_candidate,paper_exact_reconstructed_metadata,main,9,0.25,min_variance,405,0.48618484067400597,0.5367613217411277,1.7104582579900696,0.00047518344496574053
final_reproduction_candidate,paper_exact_reconstructed_metadata,main,9,0.25,min_variance,406,0.49580077567564806,0.9587963041305881,2.608554676429274,0.00047405877250037234
final_reproduction_candidate,paper_exact_reconstructed_metadata,main,9,0.25,min_variance,407,0.49591567363838124,1.0278158476528814,2.794954556592496,0.0004028540297518922
final_reproduction_candidate,paper_exact_reconstructed_metadata,main,9,0.25,min_variance,408,0.4984909222811624,0.5244331200588893,1.689500832732254,0.0004334624136615312
final_reproduction_candidate,paper_exact_reconstructed_metadata,main,9,0.25,min_variance,409,0.5002366868122745,0.7926091277931663,2.209152875501294,0.0004151976863179466
final_reproduction_candidate,paper_exact_reconstructed_metadata,main,9,0.25,min_variance,410,0.5009998595802103,1.1040961021999278,3.0164966314800967,0.00047581762301104696
final_reproduction_candidate,paper_exact_reconstructed_metadata,main,9,0.25,min_variance,411,0.5016164897488924,1.0634862684051871,2.8964512142287484,0.0004708587137637696
final_reproduction_candidate,paper_exact_reconstructed_metadata,main,9,0.25,min_variance,412,0.5050313626585172,0.8008042424997237,2.227331523031636,0.0003866647193915431
final_reproduction_candidate,paper_exact_reconstructed_metadata,main,9,0.25,min_variance,413,0.5154201476780262,0.45507452237740514,1.5762908475985125,0.0004925773280579973
final_reproduction_candidate,paper_exact_reconstructed_metadata,main,9,0.25,min_variance,414,0.5236840437775361,0.41148422111666016,1.5090558964036331,0.00047790028712413427
final_reproduction_candidate,paper_exact_reconstructed_metadata,main,9,0.25,min_variance,415,0.5254635941205845,0.7777417470950877,2.1765515076666895,0.00036928093825529967
final_reproduction_candidate,paper_exact_reconstructed_metadata,main,9,0.25,min_variance,416,0.5424370129473313,0.8343953611328142,2.3034208893532457,0.00034674424646338026
final_reproduction_candidate,paper_exact_reconstructed_metadata,main,9,0.25,min_variance,417,0.546383525285269,0.4568690634794509,1.579122105958245,0.00040902463324529303
final_reproduction_candidate,paper_exact_reconstructed_metadata,main,9,0.25,min_variance,418,0.5527858742906403,1.4888595953727084,4.432038318917331,0.00040973055941874854
final_reproduction_candidate,paper_exact_reconstructed_metadata,main,9,0.25,min_variance,419,0.5532870807226921,0.9078551065070108,2.478999636712387,0.00037900740257957433
final_reproduction_candidate,paper_exact_reconstructed_metadata,main,9,0.25,min_variance,420,0.5580079810230794,0.5604986931034854,1.7515457663262357,0.00035388447581190594
final_reproduction_candidate,paper_exact_reconstructed_metadata,main,9,0.25,min_variance,421,0.5594969581952819,0.5658466137751946,1.76093798617578,0.0004055684636198648
final_reproduction_candidate,paper_exact_reconstructed_metadata,main,9,0.25,min_variance,422,0.5615695370230948,0.7604523449685432,2.139243677782237,0.0003777889897256767
final_reproduction_candidate,paper_exact_reconstructed_metadata,main,9,0.25,min_variance,423,0.5665878395452233,0.9272582596746061,2.527569729030579,0.00039830971290979
final_reproduction_candidate,paper_exact_reconstructed_metadata,main,9,0.25,min_variance,424,0.5676736822638232,0.5357509947444068,1.7087310085255658,0.0003885261825222476
final_reproduction_candidate,paper_exact_reconstructed_metadata,main,9,0.25,min_variance,425,0.5723227800526034,0.8662894217515702,2.3780704456859447,0.00035524600424762095
final_reproduction_candidate,paper_exact_reconstructed_metadata,main,9,0.25,min_variance,426,0.5733779180778242,1.0781880047715888,2.939348637023791,0.00035191709339288586
final_reproduction_candidate,paper_exact_reconstructed_metadata,main,9,0.25,min_variance,427,0.5735061337033155,0.45893667913098746,1.582390501268486,0.00030922574945597584
final_reproduction_candidate,paper_exact_reconstructed_metadata,main,9,0.25,min_variance,428,0.5818875941831537,1.063320780938092,2.8959719275128073,0.0003498988958019582
final_reproduction_candidate,paper_exact_reconstructed_metadata,main,9,0.25,min_variance,429,0.5897711154951246,1.0326094138737147,2.8083845193351764,0.00042114770017649255
final_reproduction_candidate,paper_exact_reconstructed_metadata,main,9,0.25,min_variance,430,0.5983267669251646,0.7698670215970478,2.15947907061274,0.00035771978281993365
final_reproduction_candidate,paper_exact_reconstructed_metadata,main,9,0.25,min_variance,431,0.6030517127580172,0.5723430028091276,1.772414963489779,0.000325666735343099
final_reproduction_candidate,paper_exact_reconstructed_metadata,main,9,0.25,min_variance,432,0.6037966305921743,1.006869214336659,2.7370185686321937,0.0003295827024826547
final_reproduction_candidate,paper_exact_reconstructed_metadata,main,9,0.25,min_variance,433,0.6152072997167684,0.6936762934543955,2.001058505798739,0.000354190388168496
final_reproduction_candidate,paper_exact_reconstructed_metadata,main,9,0.25,min_variance,434,0.6193199973179871,0.9964907116260707,2.708759312042011,0.00036101288970631174
final_reproduction_candidate,paper_exact_reconstructed_metadata,main,9,0.25,min_variance,435,0.6237397162296023,0.5626120459982025,1.7552513148283955,0.0003158661352573764
final_reproduction_candidate,paper_exact_reconstructed_metadata,main,9,0.25,min_variance,436,0.6263198449942403,0.5067643915114489,1.6599116723273915,0.00033283096186292
final_reproduction_candidate,paper_exact_reconstructed_metadata,main,9,0.25,min_variance,437,0.6269449156974461,0.6910997638733124,1.995909355682421,0.00028044559007071233
final_reproduction_candidate,paper_exact_reconstructed_metadata,main,9,0.25,min_variance,438,0.6474538070650455,1.1303797093925443,3.0968321731668222,0.00036729196623703564
final_reproduction_candidate,paper_exact_reconstructed_metadata,main,9,0.25,min_variance,439,0.6582706081112101,0.9535007249902575,2.5947773802759833,0.00029693028435832903
final_reproduction_candidate,paper_exact_reconstructed_metadata,main,9,0.25,min_variance,440,0.6616911253430933,0.6299660373552506,1.8775468117261251,0.00031980766156185583
final_reproduction_candidate,paper_exact_reconstructed_metadata,main,9,0.25,min_variance,441,0.6659728356073975,0.7503086108059855,2.1176534465166514,0.0003287382296273912
final_reproduction_candidate,paper_exact_reconstructed_metadata,main,9,0.25,min_variance,442,0.6666813135216386,0.6205465192939527,1.8599442595532787,0.00033022062174779555
final_reproduction_candidate,paper_exact_reconstructed_metadata,main,9,0.25,min_variance,443,0.6740405326300387,0.7101745596286606,2.034346342396301,0.00039543932664890696
final_reproduction_candidate,paper_exact_reconstructed_metadata,main,9,0.25,min_variance,444,0.6744480886129357,0.6409994845167433,1.8983773301588742,0.0003165530948838426
final_reproduction_candidate,paper_exact_reconstructed_metadata,main,9,0.25,min_variance,445,0.6799593450163841,1.0024915572427753,2.7250630276015064,0.0002767074028479827
final_reproduction_candidate,paper_exact_reconstructed_metadata,main,9,0.25,min_variance,446,0.6911687217853452,0.6278280190642,1.8735368704916977,0.00022895681911337982
final_reproduction_candidate,paper_exact_reconstructed_metadata,main,9,0.25,min_variance,447,0.692716512131919,0.8617919160363468,2.3673990755273806,0.0002257818259518844
final_reproduction_candidate,paper_exact_reconstructed_metadata,main,9,0.25,min_variance,448,0.7054676330556617,0.7484932359711528,2.1138125990846546,0.0002998180573072136
final_reproduction_candidate,paper_exact_reconstructed_metadata,main,9,0.25,min_variance,449,0.7168675601718185,0.6723769894700701,1.9588880473435677,0.00035869218932375245
final_reproduction_candidate,paper_exact_reconstructed_metadata,main,9,0.25,min_variance,450,0.7194771949776271,1.1602291700803578,3.190664397153742,0.0003398656524079096
final_reproduction_candidate,paper_exact_reconstructed_metadata,main,9,0.25,min_variance,451,0.7219225882830838,0.7442391426512979,2.1048393430942918,0.0003059312475768454
final_reproduction_candidate,paper_exact_reconstructed_metadata,main,9,0.25,min_variance,452,0.7311653475799017,0.6106862544944022,1.8416948365710368,0.0003767447903295546
final_reproduction_candidate,paper_exact_reconstructed_metadata,main,9,0.25,min_variance,453,0.731173475839327,0.8866237733453457,2.4269219649548917,0.00027430106838813485
final_reproduction_candidate,paper_exact_reconstructed_metadata,main,9,0.25,min_variance,454,0.7362363911817124,0.6336254621771625,1.8844301399629182,0.00027724449304131676
final_reproduction_candidate,paper_exact_reconstructed_metadata,main,9,0.25,min_variance,455,0.7372299762892364,0.9803915106953294,2.66549960927678,0.0002596077533834883
final_reproduction_candidate,paper_exact_reconstructed_metadata,main,9,0.25,min_variance,456,0.7522830867018566,1.066227858402445,2.9044029911806275,0.00034264957676935183
final_reproduction_candidate,paper_exact_reconstructed_metadata,main,9,0.25,min_variance,457,0.7579763648230975,1.1778935270163042,3.247526166686266,0.00024392848428361573
final_reproduction_candidate,paper_exact_reconstructed_metadata,main,9,0.25,min_variance,458,0.7677429137606558,0.35184178156175305,1.4216835693690568,0.00032528201253393015
final_reproduction_candidate,paper_exact_reconstructed_metadata,main,9,0.25,min_variance,459,0.7773658760721559,0.5469362786119927,1.72795093971812,0.0002950262777289664
final_reproduction_candidate,paper_exact_reconstructed_metadata,main,9,0.25,min_variance,460,0.779286850729521,0.6917473246656839,1.9972022468939374,0.00023006748009666563
final_reproduction_candidate,paper_exact_reconstructed_metadata,main,9,0.25,min_variance,461,0.7913629556252023,0.35345327750970607,1.4239764536710444,0.00024179972702349884
final_reproduction_candidate,paper_exact_reconstructed_metadata,main,9,0.25,min_variance,462,0.7988436731107866,1.0612798934053946,2.8900676015928863,0.00028180311061871114
final_reproduction_candidate,paper_exact_reconstructed_metadata,main,9,0.25,min_variance,463,0.7992058429512262,0.6739132409537827,1.9618997047519973,0.00026502666918481885
final_reproduction_candidate,paper_exact_reconstructed_metadata,main,9,0.25,min_variance,464,0.812067999388039,0.46274379545233574,1.5884263282299416,0.00031477178566777757
final_reproduction_candidate,paper_exact_reconstructed_metadata,main,9,0.25,min_variance,465,0.8200717222361047,0.8007700672425676,2.2272554047047537,0.00022820189405075723
final_reproduction_candidate,paper_exact_reconstructed_metadata,main,9,0.25,min_variance,466,0.8222943463134365,0.8565256188221687,2.354964419406958,0.00025167819392484653
final_reproduction_candidate,paper_exact_reconstructed_metadata,main,9,0.25,min_variance,467,0.822396286772363,0.9849267667656326,2.6776157867762462,0.0002549679489577108
final_reproduction_candidate,paper_exact_reconstructed_metadata,main,9,0.25,min_variance,468,0.8232239551630436,1.4061999531005185,4.080420117540812,0.00028949940963473827
final_reproduction_candidate,paper_exact_reconstructed_metadata,main,9,0.25,min_variance,469,0.8449316900030274,0.4608179006136155,1.5853701300654897,0.00024243670661891158
final_reproduction_candidate,paper_exact_reconstructed_metadata,main,9,0.25,min_variance,470,0.847150063876629,0.40466897828911785,1.4988062805123206,0.0002736277059355015
final_reproduction_candidate,paper_exact_reconstructed_metadata,main,9,0.25,min_variance,471,0.8735761079665505,0.49612517071559353,1.6423451184670803,0.00017167406343958466
final_reproduction_candidate,paper_exact_reconstructed_metadata,main,9,0.25,min_variance,472,0.8834285558807262,0.5350933942109338,1.7076077154823295,0.00019147485498822525
final_reproduction_candidate,paper_exact_reconstructed_metadata,main,9,0.25,min_variance,473,0.8877573738867892,0.45934423785315653,1.5830355497577957,0.00025735908029650683
final_reproduction_candidate,paper_exact_reconstructed_metadata,main,9,0.25,min_variance,474,0.8960477311586108,0.5288539011513641,1.6969862796395347,0.0002894046979999754
final_reproduction_candidate,paper_exact_reconstructed_metadata,main,9,0.25,min_variance,475,0.9143743149331242,0.544262281693846,1.7233365763767732,0.00023730173232518144
final_reproduction_candidate,paper_exact_reconstructed_metadata,main,9,0.25,min_variance,476,0.9211057627140673,0.5192955371266664,1.6808431409379616,0.00022667506878632337
final_reproduction_candidate,paper_exact_reconstructed_metadata,main,9,0.25,min_variance,477,0.9271005806266223,0.5272946405435155,1.69434229764581,0.00020525306935550598
final_reproduction_candidate,paper_exact_reconstructed_metadata,main,9,0.25,min_variance,478,0.930072892120985,0.7334095428239047,2.0821677589763077,0.0001999309902092051
final_reproduction_candidate,paper_exact_reconstructed_metadata,main,9,0.25,min_variance,479,0.9355447680432774,0.6209892185415147,1.8607678377627663,0.0002069336454616144
final_reproduction_candidate,paper_exact_reconstructed_metadata,main,9,0.25,min_variance,480,0.9614906254684032,0.7043224918721358,2.0224759767291642,0.0001674233667269652
final_reproduction_candidate,paper_exact_reconstructed_metadata,main,9,0.25,min_variance,481,0.9787244490214027,0.6337801203107909,1.8847216049494524,0.00021387909370189766
final_reproduction_candidate,paper_exact_reconstructed_metadata,main,9,0.25,min_variance,482,0.9825963867188788,0.8079823370470665,2.2433770385103893,0.00021027158663983338
final_reproduction_candidate,paper_exact_reconstructed_metadata,main,9,0.25,min_variance,483,0.9887034510318475,0.5171480393119176,1.6772374070044607,0.00018769938785777546
final_reproduction_candidate,paper_exact_reconstructed_metadata,main,9,0.25,min_variance,484,1.0242757167789707,0.566239256952696,1.7616295422205515,0.00016963097024835772
final_reproduction_candidate,paper_exact_reconstructed_metadata,main,9,0.25,min_variance,485,1.0272696702509916,0.4851289586116332,1.6243844737042776,0.00016718054757416644
final_reproduction_candidate,paper_exact_reconstructed_metadata,main,9,0.25,min_variance,486,1.028981045424529,0.7096725077255979,2.0333252512854276,0.00016325400011784163
final_reproduction_candidate,paper_exact_reconstructed_metadata,main,9,0.25,min_variance,487,1.0354433218409265,0.6745883504290138,1.9632246490230214,0.000163913759564623
final_reproduction_candidate,paper_exact_reconstructed_metadata,main,9,0.25,min_variance,488,1.036336491500072,0.5059357312779166,1.6585367392882022,0.00017316173458465172
final_reproduction_candidate,paper_exact_reconstructed_metadata,main,9,0.25,min_variance,489,1.0421282972061716,0.7779856529013297,2.1770824459638285,0.00018549260954806842
final_reproduction_candidate,paper_exact_reconstructed_metadata,main,9,0.25,min_variance,490,1.0472732669263425,0.6326685671050252,1.8826278005105963,0.00016135565147014597
final_reproduction_candidate,paper_exact_reconstructed_metadata,main,9,0.25,min_variance,491,1.0659888412047076,0.7378459110858953,2.091425542222444,0.00013728833801134732
final_reproduction_candidate,paper_exact_reconstructed_metadata,main,9,0.25,min_variance,492,1.0698155051275227,0.8884659915489549,2.431397005512455,0.0001722321088636278
final_reproduction_candidate,paper_exact_reconstructed_metadata,main,9,0.25,min_variance,493,1.1763938502269904,0.4180634916744733,1.5190171162808457,0.0001484174632088363
final_reproduction_candidate,paper_exact_reconstructed_metadata,main,9,0.25,min_variance,494,1.1782895567928076,0.3304081124943201,1.3915359157888774,0.0001561858024105099
final_reproduction_candidate,paper_exact_reconstructed_metadata,main,9,0.25,min_variance,495,1.1914397142950652,0.5592614295690341,1.7493799827194634,0.00013694728669605682
final_reproduction_candidate,paper_exact_reconstructed_metadata,main,9,0.25,min_variance,496,1.1926987618087503,0.3116335610239113,1.365654172413319,0.00015010143989316059
final_reproduction_candidate,paper_exact_reconstructed_metadata,main,9,0.25,min_variance,497,1.2132741888007148,0.3938542383410373,1.4826844143831306,0.0001388877150942183
final_reproduction_candidate,paper_exact_reconstructed_metadata,main,9,0.25,min_variance,498,1.2157279268030552,0.7422204950287145,2.1005946998193505,0.0001376378082550175
final_reproduction_candidate,paper_exact_reconstructed_metadata,main,9,0.25,min_variance,499,1.2331336371389336,0.6303857012010835,1.87833491559965,0.00013543518521271403
final_reproduction_candidate,paper_exact_reconstructed_metadata,main,9,0.25,min_variance,500,1.2362888745313452,1.062539768441331,2.8937110202604854,0.00015960108726043032
final_reproduction_candidate,paper_exact_reconstructed_metadata,main,9,0.25,min_variance,501,1.2422517708825973,0.8334566772693608,2.3012597198198406,0.00014462962414047331
final_reproduction_candidate,paper_exact_reconstructed_metadata,main,9,0.25,min_variance,502,1.4230917662505618,0.30735984522614856,1.3598302084501774,0.00011844007447785173
final_reproduction_candidate,paper_exact_reconstructed_metadata,main,9,0.25,min_variance,503,1.4375891914224093,0.3202604461201427,1.3774864786299645,9.955977018513125e-05
final_reproduction_candidate,paper_exact_reconstructed_metadata,main,9,0.25,min_variance,504,1.451119646354551,0.33704414123009047,1.4008008954484983,0.00012482260924629381
final_reproduction_candidate,paper_exact_reconstructed_metadata,main,9,0.25,min_variance,505,1.486689475644473,0.3353661729559032,1.3984523669167048,8.00382765934239e-05
final_reproduction_candidate,paper_exact_reconstructed_metadata,main,9,0.25,min_variance,506,1.505364664328245,0.35740995116998353,1.4296218248789399,0.00011395641360780296
final_reproduction_candidate,paper_exact_reconstructed_metadata,main,9,0.25,min_variance,507,1.5466819502078488,0.32701709122281997,1.3868251795159061,6.737357617212265e-05
final_reproduction_candidate,paper_exact_reconstructed_metadata,main,9,0.25,min_variance,508,1.5598375046302135,0.3805487063868049,1.4630871744994123,9.35663356032984e-05
final_reproduction_candidate,paper_exact_reconstructed_metadata,main,9,0.25,min_variance,509,1.5887529942175316,0.7855756877539102,2.193669445930106,8.518893496498697e-05
final_reproduction_candidate,paper_exact_reconstructed_metadata,main,9,0.25,min_variance,510,1.592812963169825,0.35014620440767547,1.4192750376911916,7.46902654235556e-05
final_reproduction_candidate,paper_exact_reconstructed_metadata,main,9,0.25,min_variance,511,2.1192764527818384,0.2975110867800625,1.3465033036560028,3.895414503728885e-05
final_reproduction_candidate,paper_exact_reconstructed_metadata,main,9,0.75,eigen,0,-1.33485200877396,1.1611058773508303,3.193462902384057,0.33754670059999364
final_reproduction_candidate,paper_exact_reconstructed_metadata,main,9,0.75,eigen,1,-1.2652937554294348,1.8187870253447629,6.1643766805237705,0.12724253176294728
final_reproduction_candidate,paper_exact_reconstructed_metadata,main,9,0.75,eigen,2,-1.2652937554294335,1.8187870253447642,6.1643766805237785,0.12724253176294592
final_reproduction_candidate,paper_exact_reconstructed_metadata,main,9,0.75,eigen,3,-1.108912542320338,1.9851035698191128,7.2798013141158915,0.046826598231996676
final_reproduction_candidate,paper_exact_reconstructed_metadata,main,9,0.75,eigen,4,-1.108912542320339,1.9851035698191106,7.2798013141158755,0.046826598231996336
final_reproduction_candidate,paper_exact_reconstructed_metadata,main,9,0.75,eigen,5,-1.1556689649331926,1.7989603103211829,6.0433609769480645,0.03690138385946887
final_reproduction_candidate,paper_exact_reconstructed_metadata,main,9,0.75,eigen,6,-1.1556689649331928,1.7989603103211862,6.043360976948084,0.036901383859468666
final_reproduction_candidate,paper_exact_reconstructed_metadata,main,9,0.75,eigen,7,-0.9803453239266313,2.5934908249422555,13.37638481432765,0.018502888696341813
final_reproduction_candidate,paper_exact_reconstructed_metadata,main,9,0.75,eigen,8,-0.9803453239266305,2.593490824942259,13.376384814327697,0.018502888696341813
final_reproduction_candidate,paper_exact_reconstructed_metadata,main,9,0.75,eigen,9,-1.0289454716479347,1.4473532695054987,4.251846118762263,0.0180797808494461
final_reproduction_candidate,paper_exact_reconstructed_metadata,main,9,0.75,eigen,10,-1.0096642144630394,2.3733075547315754,10.732833073441162,0.013379529728471354
final_reproduction_candidate,paper_exact_reconstructed_metadata,main,9,0.75,eigen,11,-1.0096642144630381,2.37330755473156,10.732833073440997,0.013379529728471281
final_reproduction_candidate,paper_exact_reconstructed_metadata,main,9,0.75,eigen,12,-0.8969474426344625,2.810707597625189,16.621675516700375,0.009950208287808598
final_reproduction_candidate,paper_exact_reconstructed_metadata,main,9,0.75,eigen,13,-0.8969474426344625,2.8107075976252043,16.621675516700623,0.009950208287808538
final_reproduction_candidate,paper_exact_reconstructed_metadata,main,9,0.75,eigen,14,-0.8680464317610576,2.7724994734530224,15.99857208313273,0.008010593578926436
final_reproduction_candidate,paper_exact_reconstructed_metadata,main,9,0.75,eigen,15,-0.8829407211777794,3.0441789222335305,20.99278741360076,0.0065552816740053095
final_reproduction_candidate,paper_exact_reconstructed_metadata,main,9,0.75,eigen,16,-0.8829407211777848,2.579972345731184,13.196773207498351,0.0065552816740053095
final_reproduction_candidate,paper_exact_reconstructed_metadata,main,9,0.75,eigen,17,-0.8829407211777823,2.9139623347223735,18.42967863964081,0.0065552816740053095
final_reproduction_candidate,paper_exact_reconstructed_metadata,main,9,0.75,eigen,18,-0.8829407211777798,2.800200079826535,16.447937342347924,0.006555281674005275
final_reproduction_candidate,paper_exact_reconstructed_metadata,main,9,0.75,eigen,19,-0.9620587502126909,2.3342626181660613,10.321845980801893,0.006534602912797133
final_reproduction_candidate,paper_exact_reconstructed_metadata,main,9,0.75,eigen,20,-0.9620587502126994,2.3342626181660213,10.32184598080148,0.006534602912797121
final_reproduction_candidate,paper_exact_reconstructed_metadata,main,9,0.75,eigen,21,-0.9021925844668421,2.7004957635152507,14.88711038186208,0.006064970420076454
final_reproduction_candidate,paper_exact_reconstructed_metadata,main,9,0.75,eigen,22,-0.9021925844668437,2.7004957635152507,14.88711038186208,0.0060649704200764435
final_reproduction_candidate,paper_exact_reconstructed_metadata,main,9,0.75,eigen,23,-0.8452260489866599,3.0516999642457794,21.151270280781723,0.0039605349250072
final_reproduction_candidate,paper_exact_reconstructed_metadata,main,9,0.75,eigen,24,-0.8452260489866608,3.051699964245786,21.151270280781862,0.0039605349250071715
final_reproduction_candidate,paper_exact_reconstructed_metadata,main,9,0.75,eigen,25,-0.7754690911815874,3.4348531869896686,31.02685708484459,0.0029715236824436483
final_reproduction_candidate,paper_exact_reconstructed_metadata,main,9,0.75,eigen,26,-0.7754690911815878,3.0985677479350673,22.166180976854676,0.002971523682443646
final_reproduction_candidate,paper_exact_reconstructed_metadata,main,9,0.75,eigen,27,-0.7754690911815867,3.343514310393479,28.318471938430896,0.002971523682443646
final_reproduction_candidate,paper_exact_reconstructed_metadata,main,9,0.75,eigen,28,-0.7754690911815871,3.4917278067616406,32.84264445477345,0.002971523682443638
final_reproduction_candidate,paper_exact_reconstructed_metadata,main,9,0.75,eigen,29,-0.8334915318189874,2.715664492815834,15.114650312238501,0.0025820588070747143
final_reproduction_candidate,paper_exact_reconstructed_metadata,main,9,0.75,eigen,30,-0.8334915318189882,2.7156644928158356,15.114650312238522,0.0025820588070747073
final_reproduction_candidate,paper_exact_reconstructed_metadata,main,9,0.75,eigen,31,-0.8056775371035989,2.7952491720906507,16.366706371565435,0.002404803024300488
final_reproduction_candidate,paper_exact_reconstructed_metadata,main,9,0.75,eigen,32,-0.8056775371035992,2.795249172090661,16.366706371565602,0.0024048030243004836
final_reproduction_candidate,paper_exact_reconstructed_metadata,main,9,0.75,eigen,33,-0.7369359707076257,2.3398522948310703,10.379703313668841,0.0023767831138763996
final_reproduction_candidate,paper_exact_reconstructed_metadata,main,9,0.75,eigen,34,-0.7185025557014042,3.507609356187023,33.36840039479032,0.001940458486960884
final_reproduction_candidate,paper_exact_reconstructed_metadata,main,9,0.75,eigen,35,-0.7185025557014044,3.5443189415474365,34.61610172358737,0.001940458486960877
final_reproduction_candidate,paper_exact_reconstructed_metadata,main,9,0.75,eigen,36,-0.7185025557014039,3.9245161848875516,50.62857726158765,0.0019404584869608737
final_reproduction_candidate,paper_exact_reconstructed_metadata,main,9,0.75,eigen,37,-0.718502555701404,3.9480094416986864,51.8320892833419,0.001940458486960872
final_reproduction_candidate,paper_exact_reconstructed_metadata,main,9,0.75,eigen,38,-0.7500936505268215,2.895806097727984,18.09808438753381,0.0013885411820503248
final_reproduction_candidate,paper_exact_reconstructed_metadata,main,9,0.75,eigen,39,-0.7500936505268239,2.8958060977280007,18.098084387534115,0.0013885411820503209
final_reproduction_candidate,paper_exact_reconstructed_metadata,main,9,0.75,eigen,40,-0.7211926396534145,2.2166126646631326,9.176195311734295,0.001117869973700512
final_reproduction_candidate,paper_exact_reconstructed_metadata,main,9,0.75,eigen,41,-0.6294643407114324,3.9512707543710746,52.00140588006611,0.0010774010427229532
final_reproduction_candidate,paper_exact_reconstructed_metadata,main,9,0.75,eigen,42,-0.6294643407114324,3.677799642050755,39.5592537193586,0.0010774010427229532
final_reproduction_candidate,paper_exact_reconstructed_metadata,main,9,0.75,eigen,43,-0.6294643407114331,3.83541725411074,46.312747821371545,0.0010774010427229465
final_reproduction_candidate,paper_exact_reconstructed_metadata,main,9,0.75,eigen,44,-0.6294643407114331,3.757161785085691,42.82670193681162,0.0010774010427229465
final_reproduction_candidate,paper_exact_reconstructed_metadata,main,9,0.75,eigen,45,-0.6771103187098926,4.133500598386168,62.395964286383354,0.0009502249656233681
final_reproduction_candidate,paper_exact_reconstructed_metadata,main,9,0.75,eigen,46,-0.6771103187098917,3.7973338494810367,44.58216314198838,0.0009502249656233681
final_reproduction_candidate,paper_exact_reconstructed_metadata,main,9,0.75,eigen,47,-0.6771103187098934,4.191653618451435,66.13205778367605,0.0009502249656233672
final_reproduction_candidate,paper_exact_reconstructed_metadata,main,9,0.75,eigen,48,-0.6771103187098911,4.147641687110303,63.284579337516035,0.0009502249656233654
final_reproduction_candidate,paper_exact_reconstructed_metadata,main,9,0.75,eigen,49,-0.6771103187098926,4.0910309807619605,59.80151414353022,0.0009502249656233654
final_reproduction_candidate,paper_exact_reconstructed_metadata,main,9,0.75,eigen,50,-0.6771103187098915,3.9240736446419002,50.60617703543569,0.0009502249656233654
final_reproduction_candidate,paper_exact_reconstructed_metadata,main,9,0.75,eigen,51,-0.6771103187098897,3.8627361161829885,47.595399917702416,0.0009502249656233647
final_reproduction_candidate,paper_exact_reconstructed_metadata,main,9,0.75,eigen,52,-0.6771103187098916,4.085888834323371,59.494795273074786,0.0009502249656233647
final_reproduction_candidate,paper_exact_reconstructed_metadata,main,9,0.75,eigen,53,-0.7037576773370134,2.91862201186643,18.51575538113704,0.0007166385123286071
final_reproduction_candidate,paper_exact_reconstructed_metadata,main,9,0.75,eigen,54,-0.7037576773370143,2.9186220118664754,18.51575538113788,0.0007166385123286065
final_reproduction_candidate,paper_exact_reconstructed_metadata,main,9,0.75,eigen,55,-0.5724978052312489,4.310329924417161,74.46505272714597,0.0007035622867703289
final_reproduction_candidate,paper_exact_reconstructed_metadata,main,9,0.75,eigen,56,-0.572497805231249,4.309816998745271,74.42686748387655,0.0007035622867703283
final_reproduction_candidate,paper_exact_reconstructed_metadata,main,9,0.75,eigen,57,-0.5724978052312489,4.263346902461272,71.04737460309269,0.0007035622867703258
final_reproduction_candidate,paper_exact_reconstructed_metadata,main,9,0.75,eigen,58,-0.5724978052312483,4.180140327041771,65.37502645443608,0.0007035622867703258
final_reproduction_candidate,paper_exact_reconstructed_metadata,main,9,0.75,eigen,59,-0.5937124374177251,4.205816166986708,67.07531999379025,0.0005109978492221921
final_reproduction_candidate,paper_exact_reconstructed_metadata,main,9,0.75,eigen,60,-0.5937124374177248,4.432726936827306,84.16060493061227,0.0005109978492221917
final_reproduction_candidate,paper_exact_reconstructed_metadata,main,9,0.75,eigen,61,-0.5937124374177252,4.427520349915087,83.72355418511891,0.0005109978492221913
final_reproduction_candidate,paper_exact_reconstructed_metadata,main,9,0.75,eigen,62,-0.5937124374177237,3.840374436055423,46.54289851681289,0.0005109978492221904
final_reproduction_candidate,paper_exact_reconstructed_metadata,main,9,0.75,eigen,63,-0.5937124374177238,4.191042059694007,66.09162650890191,0.0005109978492221904
final_reproduction_candidate,paper_exact_reconstructed_metadata,main,9,0.75,eigen,64,-0.5937124374177253,4.490593032788339,89.17431349277375,0.0005109978492221899
final_reproduction_candidate,paper_exact_reconstructed_metadata,main,9,0.75,eigen,65,-0.5937124374177238,4.320607862111363,75.23434650414389,0.0005109978492221899
final_reproduction_candidate,paper_exact_reconstructed_metadata,main,9,0.75,eigen,66,-0.5937124374177246,4.320222661584759,75.2053717751505,0.0005109978492221886
final_reproduction_candidate,paper_exact_reconstructed_metadata,main,9,0.75,eigen,67,-0.5219927107152391,2.597689063513452,13.432660114911794,0.0004883882757679569
final_reproduction_candidate,paper_exact_reconstructed_metadata,main,9,0.75,eigen,68,-0.5648114265443178,4.134839971286745,62.47959174172586,0.0004113879801732299
final_reproduction_candidate,paper_exact_reconstructed_metadata,main,9,0.75,eigen,69,-0.5648114265443176,3.956539400121634,52.2761058792299,0.0004113879801732284
final_reproduction_candidate,paper_exact_reconstructed_metadata,main,9,0.75,eigen,70,-0.5648114265443184,4.142572019927537,62.964559465012506,0.0004113879801732281
final_reproduction_candidate,paper_exact_reconstructed_metadata,main,9,0.75,eigen,71,-0.5648114265443176,4.137927962490153,62.67282637128287,0.00041138798017322626
final_reproduction_candidate,paper_exact_reconstructed_metadata,main,9,0.75,eigen,72,-0.5485431003161846,3.554239821420558,34.96123308308317,0.0003754683756506697
final_reproduction_candidate,paper_exact_reconstructed_metadata,main,9,0.75,eigen,73,-0.5485431003161847,3.5542398214205586,34.961233083083194,0.0003754683756506693
final_reproduction_candidate,paper_exact_reconstructed_metadata,main,9,0.75,eigen,74,-0.5207291056007941,3.4911453352657174,32.82352012075822,0.00034969284309867255
final_reproduction_candidate,paper_exact_reconstructed_metadata,main,9,0.75,eigen,75,-0.5207291056007952,3.491145335265685,32.82352012075715,0.0003496928430986723
final_reproduction_candidate,paper_exact_reconstructed_metadata,main,9,0.75,eigen,76,-0.5962860473408218,3.4359918038906985,31.062204908703176,0.00032485382277013794
final_reproduction_candidate,paper_exact_reconstructed_metadata,main,9,0.75,eigen,77,-0.596286047340821,3.4359918038906994,31.062204908703205,0.0003248538227701368
final_reproduction_candidate,paper_exact_reconstructed_metadata,main,9,0.75,eigen,78,-0.4650261752350555,4.320181699958046,75.20229130387604,0.00031892634080128685
final_reproduction_candidate,paper_exact_reconstructed_metadata,main,9,0.75,eigen,79,-0.46502617523505496,4.420487339085462,83.1367912953171,0.0003189263408012866
final_reproduction_candidate,paper_exact_reconstructed_metadata,main,9,0.75,eigen,80,-0.46502617523505463,4.213177778412583,67.57092442125656,0.0003189263408012866
final_reproduction_candidate,paper_exact_reconstructed_metadata,main,9,0.75,eigen,81,-0.46502617523505546,4.399761470634193,81.43144255786163,0.0003189263408012857
final_reproduction_candidate,paper_exact_reconstructed_metadata,main,9,0.75,eigen,82,-0.557752926866859,3.062773265763998,21.386786237156294,0.00025983541204804194
final_reproduction_candidate,paper_exact_reconstructed_metadata,main,9,0.75,eigen,83,-0.5577529268668591,3.062773265763992,21.38678623715617,0.0002598354120480417
final_reproduction_candidate,paper_exact_reconstructed_metadata,main,9,0.75,eigen,84,-0.5393195118606388,3.4314522467707573,30.921515829908497,0.00021213539745293603
final_reproduction_candidate,paper_exact_reconstructed_metadata,main,9,0.75,eigen,85,-0.5393195118606386,3.4314522467707653,30.921515829908746,0.00021213539745293584
final_reproduction_candidate,paper_exact_reconstructed_metadata,main,9,0.75,eigen,86,-0.4080596397548728,3.230084121956981,25.281783634627402,0.00020826464496298663
final_reproduction_candidate,paper_exact_reconstructed_metadata,main,9,0.75,eigen,87,-0.4651452190240165,4.31201572916916,74.59069213889502,0.00020191379867879589
final_reproduction_candidate,paper_exact_reconstructed_metadata,main,9,0.75,eigen,88,-0.4651452190240164,4.700214523831071,109.97076127086476,0.00020191379867879589
final_reproduction_candidate,paper_exact_reconstructed_metadata,main,9,0.75,eigen,89,-0.4651452190240178,4.644986161281649,104.06192569177007,0.00020191379867879589
final_reproduction_candidate,paper_exact_reconstructed_metadata,main,9,0.75,eigen,90,-0.4651452190240182,4.761208540369863,116.88710335560044,0.0002019137986787957
final_reproduction_candidate,paper_exact_reconstructed_metadata,main,9,0.75,eigen,91,-0.4651452190240174,4.865603622525018,129.74923453941082,0.00020191379867879553
final_reproduction_candidate,paper_exact_reconstructed_metadata,main,9,0.75,eigen,92,-0.46514521902401706,4.436784178181224,84.50275844765197,0.00020191379867879553
final_reproduction_candidate,paper_exact_reconstructed_metadata,main,9,0.75,eigen,93,-0.4651452190240172,4.358282866985944,78.1228718203448,0.00020191379867879534
final_reproduction_candidate,paper_exact_reconstructed_metadata,main,9,0.75,eigen,94,-0.4651452190240175,4.379513744894422,79.7992211908054,0.00020191379867879483
final_reproduction_candidate,paper_exact_reconstructed_metadata,main,9,0.75,eigen,95,-0.4373312243086282,3.680117740700576,39.65106234160326,0.00018805261614505102
final_reproduction_candidate,paper_exact_reconstructed_metadata,main,9,0.75,eigen,96,-0.4373312243086284,3.6801177407005667,39.65106234160289,0.00018805261614505102
final_reproduction_candidate,paper_exact_reconstructed_metadata,main,9,0.75,eigen,97,-0.43624420815061055,4.231074395117067,68.79110130776502,0.00016255432372956177
final_reproduction_candidate,paper_exact_reconstructed_metadata,main,9,0.75,eigen,98,-0.43624420815061077,4.269047816998927,71.45356634591904,0.00016255432372956163
final_reproduction_candidate,paper_exact_reconstructed_metadata,main,9,0.75,eigen,99,-0.43624420815061016,4.4358161637964395,84.4209981408817,0.0001625543237295615
final_reproduction_candidate,paper_exact_reconstructed_metadata,main,9,0.75,eigen,100,-0.43624420815061066,4.44023911919293,84.79521541328526,0.0001625543237295612
final_reproduction_candidate,paper_exact_reconstructed_metadata,main,9,0.75,eigen,101,-0.4084302134352207,2.8724979027889113,17.681128825878925,0.00015139513021426707
final_reproduction_candidate,paper_exact_reconstructed_metadata,main,9,0.75,eigen,102,-0.3921618872070892,3.6132179538008673,37.08519946637527,0.00013817633563099375
final_reproduction_candidate,paper_exact_reconstructed_metadata,main,9,0.75,eigen,103,-0.39216188720708756,3.61321795380087,37.08519946637537,0.00013817633563099354
final_reproduction_candidate,paper_exact_reconstructed_metadata,main,9,0.75,eigen,104,-0.4310294335816025,2.775216644236749,16.042102048171106,0.00012730599276830924
final_reproduction_candidate,paper_exact_reconstructed_metadata,main,9,0.75,eigen,105,-0.4502812968706656,4.394086909789458,80.97066347830177,0.00011778396701091036
final_reproduction_candidate,paper_exact_reconstructed_metadata,main,9,0.75,eigen,106,-0.450281296870666,4.257219810184398,70.61339166730495,0.00011778396701091026
final_reproduction_candidate,paper_exact_reconstructed_metadata,main,9,0.75,eigen,107,-0.450281296870666,4.32431246748818,75.51357696871581,0.00011778396701091016
final_reproduction_candidate,paper_exact_reconstructed_metadata,main,9,0.75,eigen,108,-0.4502812968706659,4.523669853716678,92.17324035885076,0.00011778396701091016
final_reproduction_candidate,paper_exact_reconstructed_metadata,main,9,0.75,eigen,109,-0.450281296870666,4.601863935950599,99.6699209588542,0.00011778396701091005
final_reproduction_candidate,paper_exact_reconstructed_metadata,main,9,0.75,eigen,110,-0.4502812968706661,4.206533064141978,67.12342334039865,0.00011778396701091005
final_reproduction_candidate,paper_exact_reconstructed_metadata,main,9,0.75,eigen,111,-0.4502812968706658,4.436121036393842,84.44673971361087,0.00011778396701091005
final_reproduction_candidate,paper_exact_reconstructed_metadata,main,9,0.75,eigen,112,-0.4502812968706648,4.429442064607116,83.88460166335571,0.00011778396701090974
final_reproduction_candidate,paper_exact_reconstructed_metadata,main,9,0.75,eigen,113,-0.38174733773185127,3.825830185722158,45.87086590134969,0.00010858219956940504
final_reproduction_candidate,paper_exact_reconstructed_metadata,main,9,0.75,eigen,114,-0.38174733773185054,3.825830185722149,45.87086590134928,0.00010858219956940465
final_reproduction_candidate,paper_exact_reconstructed_metadata,main,9,0.75,eigen,115,-0.3528463268584436,4.610459110646282,100.53029357104532,8.741604652860457e-05
final_reproduction_candidate,paper_exact_reconstructed_metadata,main,9,0.75,eigen,116,-0.35284632685844397,4.273106417566254,71.74415712789448,8.741604652860457e-05
final_reproduction_candidate,paper_exact_reconstructed_metadata,main,9,0.75,eigen,117,-0.3528463268584435,4.634575390701756,102.98418066956452,8.741604652860457e-05
final_reproduction_candidate,paper_exact_reconstructed_metadata,main,9,0.75,eigen,118,-0.3528463268584434,4.035127897421815,56.55015239452057,8.741604652860442e-05
final_reproduction_candidate,paper_exact_reconstructed_metadata,main,9,0.75,eigen,119,-0.39331476139048294,4.798786146657854,121.36301117526503,7.691505195283741e-05
final_reproduction_candidate,paper_exact_reconstructed_metadata,main,9,0.75,eigen,120,-0.3933147613904824,4.4276256165300305,83.73236794414821,7.691505195283727e-05
final_reproduction_candidate,paper_exact_reconstructed_metadata,main,9,0.75,eigen,121,-0.39331476139048277,4.758925154666438,116.62050949901557,7.691505195283727e-05
final_reproduction_candidate,paper_exact_reconstructed_metadata,main,9,0.75,eigen,122,-0.39331476139048316,4.7932006626949715,120.68702962213828,7.691505195283727e-05
final_reproduction_candidate,paper_exact_reconstructed_metadata,main,9,0.75,eigen,123,-0.3933147613904818,4.85068926275955,127.82846689026643,7.691505195283727e-05
final_reproduction_candidate,paper_exact_reconstructed_metadata,main,9,0.75,eigen,124,-0.39331476139048216,4.898707269345443,134.11629133116006,7.691505195283715e-05
final_reproduction_candidate,paper_exact_reconstructed_metadata,main,9,0.75,eigen,125,-0.3933147613904824,4.45641593916592,86.17808742660665,7.691505195283715e-05
final_reproduction_candidate,paper_exact_reconstructed_metadata,main,9,0.75,eigen,126,-0.39331476139048294,4.646900395562531,104.26131537566276,7.691505195283715e-05
final_reproduction_candidate,paper_exact_reconstructed_metadata,main,9,0.75,eigen,127,-0.30876400591492215,4.7672834454109445,117.59934261153617,7.430641466520676e-05
final_reproduction_candidate,paper_exact_reconstructed_metadata,main,9,0.75,eigen,128,-0.30876400591492126,4.84828188779203,127.5211059538918,7.43064146652065e-05
final_reproduction_candidate,paper_exact_reconstructed_metadata,main,9,0.75,eigen,129,-0.30876400591492126,4.80567605338458,122.20207822994566,7.43064146652065e-05
final_reproduction_candidate,paper_exact_reconstructed_metadata,main,9,0.75,eigen,130,-0.30876400591492037,4.6814954254383965,107.9313552424698,7.430641466520636e-05
final_reproduction_candidate,paper_exact_reconstructed_metadata,main,9,0.75,eigen,131,-0.30876400591492126,4.649937487332141,104.57844789499391,7.430641466520636e-05
final_reproduction_candidate,paper_exact_reconstructed_metadata,main,9,0.75,eigen,132,-0.3087640059149202,4.730070666520282,113.30356883470637,7.430641466520636e-05
final_reproduction_candidate,paper_exact_reconstructed_metadata,main,9,0.75,eigen,133,-0.3087640059149209,4.154749994949417,63.73602822685474,7.430641466520623e-05
final_reproduction_candidate,paper_exact_reconstructed_metadata,main,9,0.75,eigen,134,-0.3087640059149198,4.748115620092359,115.36668490834971,7.430641466520623e-05
final_reproduction_candidate,paper_exact_reconstructed_metadata,main,9,0.75,eigen,135,-0.2798629950415122,4.257162175996006,70.60932203906262,5.982171136251065e-05
final_reproduction_candidate,paper_exact_reconstructed_metadata,main,9,0.75,eigen,136,-0.2798629950415141,4.193746381222175,66.27060141106648,5.982171136251065e-05
final_reproduction_candidate,paper_exact_reconstructed_metadata,main,9,0.75,eigen,137,-0.2798629950415139,4.209624034284703,67.33122082028123,5.982171136251065e-05
final_reproduction_candidate,paper_exact_reconstructed_metadata,main,9,0.75,eigen,138,-0.27986299504151224,4.437226453327234,84.54014018337966,5.9821711362510545e-05
final_reproduction_candidate,paper_exact_reconstructed_metadata,main,9,0.75,eigen,139,-0.3235578035854094,4.054442188887305,57.652994544000336,5.770808810979656e-05
final_reproduction_candidate,paper_exact_reconstructed_metadata,main,9,0.75,eigen,140,-0.32355780358540925,4.298775307210445,73.6095893412484,5.770808810979646e-05
final_reproduction_candidate,paper_exact_reconstructed_metadata,main,9,0.75,eigen,141,-0.32355780358540637,4.047754045261648,57.26868961186802,5.770808810979646e-05
final_reproduction_candidate,paper_exact_reconstructed_metadata,main,9,0.75,eigen,142,-0.3235578035854095,4.280507670370323,72.27712364906729,5.770808810979636e-05
final_reproduction_candidate,paper_exact_reconstructed_metadata,main,9,0.75,eigen,143,-0.3428096668744727,3.650234000350684,38.483670187824785,5.339173277221391e-05
final_reproduction_candidate,paper_exact_reconstructed_metadata,main,9,0.75,eigen,144,-0.34280966687447223,3.650234000350689,38.48367018782497,5.339173277221381e-05
final_reproduction_candidate,paper_exact_reconstructed_metadata,main,9,0.75,eigen,145,-0.3738753134931532,3.2954476258228125,26.989492560190605,4.87992712982402e-05
final_reproduction_candidate,paper_exact_reconstructed_metadata,main,9,0.75,eigen,146,-0.37387531349315295,3.2954476258228085,26.989492560190495,4.87992712982402e-05
final_reproduction_candidate,paper_exact_reconstructed_metadata,main,9,0.75,eigen,147,-0.3042765464005114,3.685954660015461,39.8831791577938,4.270555527568344e-05
final_reproduction_candidate,paper_exact_reconstructed_metadata,main,9,0.75,eigen,148,-0.3042765464005114,3.6859546600154616,39.88317915779381,4.270555527568336e-05
final_reproduction_candidate,paper_exact_reconstructed_metadata,main,9,0.75,eigen,149,-0.22536612462275324,3.9343674539918125,51.12979777613204,3.995939851193385e-05
final_reproduction_candidate,paper_exact_reconstructed_metadata,main,9,0.75,eigen,150,-0.22536612462275332,3.934367453991813,51.12979777613206,3.995939851193378e-05
final_reproduction_candidate,paper_exact_reconstructed_metadata,main,9,0.75,eigen,151,-0.26659126810522493,4.447514298450862,85.41436528792129,3.7684420959032356e-05
final_reproduction_candidate,paper_exact_reconstructed_metadata,main,9,0.75,eigen,152,-0.26659126810522554,4.474612191302213,87.76055950120399,3.768442095903228e-05
final_reproduction_candidate,paper_exact_reconstructed_metadata,main,9,0.75,eigen,153,-0.2665912681052246,4.453346587367538,85.9139820824322,3.768442095903228e-05
final_reproduction_candidate,paper_exact_reconstructed_metadata,main,9,0.75,eigen,154,-0.2665912681052258,4.198790668571879,66.60573390911621,3.768442095903228e-05
final_reproduction_candidate,paper_exact_reconstructed_metadata,main,9,0.75,eigen,155,-0.28584313139428913,4.849694926426454,127.70142557259966,3.486576317850168e-05
final_reproduction_candidate,paper_exact_reconstructed_metadata,main,9,0.75,eigen,156,-0.28584313139428946,4.490600197712803,89.17495242228303,3.486576317850162e-05
final_reproduction_candidate,paper_exact_reconstructed_metadata,main,9,0.75,eigen,157,-0.28584313139428946,4.868544562754232,130.1313809424063,3.486576317850162e-05
final_reproduction_candidate,paper_exact_reconstructed_metadata,main,9,0.75,eigen,158,-0.28584313139428935,4.072658329471876,58.71283337749433,3.486576317850162e-05
final_reproduction_candidate,paper_exact_reconstructed_metadata,main,9,0.75,eigen,159,-0.28584313139428885,4.4624099576727705,86.69619168958273,3.486576317850162e-05
final_reproduction_candidate,paper_exact_reconstructed_metadata,main,9,0.75,eigen,160,-0.2858431313942894,4.844540509732879,127.04489268842777,3.486576317850156e-05
final_reproduction_candidate,paper_exact_reconstructed_metadata,main,9,0.75,eigen,161,-0.2858431313942896,4.600538961008303,99.53794826064943,3.4865763178501494e-05
final_reproduction_candidate,paper_exact_reconstructed_metadata,main,9,0.75,eigen,162,-0.28584313139428913,4.608427243080682,100.32623670664401,3.4865763178501494e-05
final_reproduction_candidate,paper_exact_reconstructed_metadata,main,9,0.75,eigen,163,-0.19646511374934658,4.680202555336852,107.79190418573306,3.2170030202247894e-05
final_reproduction_candidate,paper_exact_reconstructed_metadata,main,9,0.75,eigen,164,-0.19646511374934728,4.494732326487076,89.54419716716052,3.2170030202247894e-05
final_reproduction_candidate,paper_exact_reconstructed_metadata,main,9,0.75,eigen,165,-0.19646511374934642,4.717924864968954,111.93572973900515,3.2170030202247894e-05
final_reproduction_candidate,paper_exact_reconstructed_metadata,main,9,0.75,eigen,166,-0.1964651137493466,4.455043072844867,86.0598576082034,3.217003020224784e-05
final_reproduction_candidate,paper_exact_reconstructed_metadata,main,9,0.75,eigen,167,-0.18019678752121343,3.8475789952003354,46.87943040825269,2.9361161644987325e-05
final_reproduction_candidate,paper_exact_reconstructed_metadata,main,9,0.75,eigen,168,-0.1801967875212136,3.8475789952003354,46.87943040825269,2.936116164498727e-05
final_reproduction_candidate,paper_exact_reconstructed_metadata,main,9,0.75,eigen,169,-0.24731001092032823,3.8127779184936905,45.27603747602546,2.788749679656911e-05
final_reproduction_candidate,paper_exact_reconstructed_metadata,main,9,0.75,eigen,170,-0.24731001092032803,3.812777918493694,45.276037476025614,2.788749679656906e-05
final_reproduction_candidate,paper_exact_reconstructed_metadata,main,9,0.75,eigen,171,-0.2904774322009861,3.4882797603801277,32.72959650269536,2.624254632233565e-05
final_reproduction_candidate,paper_exact_reconstructed_metadata,main,9,0.75,eigen,172,-0.29047743220098576,3.4882797603801214,32.72959650269516,2.6242546322335607e-05
final_reproduction_candidate,paper_exact_reconstructed_metadata,main,9,0.75,eigen,173,-0.2160861735892149,3.2680748447295387,26.260734656225644,2.6159203984598593e-05
final_reproduction_candidate,paper_exact_reconstructed_metadata,main,9,0.75,eigen,174,-0.1512957766478063,3.2718417494300103,26.35984288948296,2.363772959721192e-05
final_reproduction_candidate,paper_exact_reconstructed_metadata,main,9,0.75,eigen,175,-0.22887659591410645,3.5199099285418276,33.78138558815448,2.276797134877766e-05
final_reproduction_candidate,paper_exact_reconstructed_metadata,main,9,0.75,eigen,176,-0.22887659591410653,3.519909928541864,33.78138558815571,2.276797134877762e-05
final_reproduction_candidate,paper_exact_reconstructed_metadata,main,9,0.75,eigen,177,-0.26157642132757886,2.8258408844484997,16.875129055260654,2.1127032418200702e-05
final_reproduction_candidate,paper_exact_reconstructed_metadata,main,9,0.75,eigen,178,-0.177553053115254,3.9649997779672908,52.72025768402437,2.0923526428674713e-05
final_reproduction_candidate,paper_exact_reconstructed_metadata,main,9,0.75,eigen,179,-0.177553053115254,4.214939890031135,67.69009689902316,2.0923526428674676e-05
final_reproduction_candidate,paper_exact_reconstructed_metadata,main,9,0.75,eigen,180,-0.17755305311525393,4.2395219963069355,69.37468255739964,2.092352642867464e-05
final_reproduction_candidate,paper_exact_reconstructed_metadata,main,9,0.75,eigen,181,-0.17755305311525355,4.246213937042865,69.840490663448,2.092352642867464e-05
final_reproduction_candidate,paper_exact_reconstructed_metadata,main,9,0.75,eigen,182,-0.19680491640431755,3.8725842407856055,48.06644097510764,1.935852266681676e-05
final_reproduction_candidate,paper_exact_reconstructed_metadata,main,9,0.75,eigen,183,-0.1968049164043179,3.8725842407855877,48.06644097510679,1.935852266681676e-05
final_reproduction_candidate,paper_exact_reconstructed_metadata,main,9,0.75,eigen,184,-0.24530809509944554,3.623530375671285,37.46961641654077,1.9282363429871242e-05
final_reproduction_candidate,paper_exact_reconstructed_metadata,main,9,0.75,eigen,185,-0.24530809509944498,3.6235303756712858,37.469616416540795,1.9282363429871175e-05
final_reproduction_candidate,paper_exact_reconstructed_metadata,main,9,0.75,eigen,186,-0.15911963810903115,4.348621078204477,77.37169980995978,1.7082431374839824e-05
final_reproduction_candidate,paper_exact_reconstructed_metadata,main,9,0.75,eigen,187,-0.15911963810903215,4.560792408289533,95.65925098870835,1.7082431374839824e-05
final_reproduction_candidate,paper_exact_reconstructed_metadata,main,9,0.75,eigen,188,-0.15911963810903124,4.499294995270152,89.95369116261392,1.7082431374839824e-05
final_reproduction_candidate,paper_exact_reconstructed_metadata,main,9,0.75,eigen,189,-0.15911963810903296,4.594517128412769,98.94034852796452,1.7082431374839824e-05
final_reproduction_candidate,paper_exact_reconstructed_metadata,main,9,0.75,eigen,190,-0.09679890622904548,3.896004274722274,49.20544434142733,1.5789408817954e-05
final_reproduction_candidate,paper_exact_reconstructed_metadata,main,9,0.75,eigen,191,-0.09679890622904702,3.896004274722255,49.20544434142641,1.5789408817954e-05
final_reproduction_candidate,paper_exact_reconstructed_metadata,main,9,0.75,eigen,192,-0.12058651763507099,4.535008669651268,93.22432352329501,1.3663439627135395e-05
final_reproduction_candidate,paper_exact_reconstructed_metadata,main,9,0.75,eigen,193,-0.12058651763507106,4.52644178915824,92.4290930703415,1.3663439627135395e-05
final_reproduction_candidate,paper_exact_reconstructed_metadata,main,9,0.75,eigen,194,-0.1205865176350706,4.482373336814746,88.44433197029812,1.3663439627135395e-05
final_reproduction_candidate,paper_exact_reconstructed_metadata,main,9,0.75,eigen,195,-0.12058651763507082,4.508470870002463,90.78289347470431,1.3663439627135395e-05
final_reproduction_candidate,paper_exact_reconstructed_metadata,main,9,0.75,eigen,196,-0.06789789535563055,4.566575831017882,96.21409176791552,1.271154665647739e-05
final_reproduction_candidate,paper_exact_reconstructed_metadata,main,9,0.75,eigen,197,-0.06789789535563523,4.675258160097184,107.2602538356387,1.2711546656477367e-05
final_reproduction_candidate,paper_exact_reconstructed_metadata,main,9,0.75,eigen,198,-0.0678978953556384,4.482158444548249,88.42532800931748,1.2711546656477367e-05
final_reproduction_candidate,paper_exact_reconstructed_metadata,main,9,0.75,eigen,199,-0.0678978953556397,4.421557660604222,83.2258220292969,1.2711546656477344e-05
final_reproduction_candidate,paper_exact_reconstructed_metadata,main,9,0.75,eigen,200,-0.1398383809241342,5.025323080489946,152.21942729626693,1.264146398219439e-05
final_reproduction_candidate,paper_exact_reconstructed_metadata,main,9,0.75,eigen,201,-0.13983838092413847,4.918274739633405,136.76645178634857,1.264146398219439e-05
final_reproduction_candidate,paper_exact_reconstructed_metadata,main,9,0.75,eigen,202,-0.1398383809241347,4.652937274161951,104.89263195266585,1.264146398219437e-05
final_reproduction_candidate,paper_exact_reconstructed_metadata,main,9,0.75,eigen,203,-0.13983838092413434,4.783397293198781,119.50967054962624,1.264146398219437e-05
final_reproduction_candidate,paper_exact_reconstructed_metadata,main,9,0.75,eigen,204,-0.13983838092413642,4.697643039603901,109.68833647389079,1.264146398219437e-05
final_reproduction_candidate,paper_exact_reconstructed_metadata,main,9,0.75,eigen,205,-0.13983838092414025,4.6036361522694165,99.84671423096175,1.264146398219437e-05
final_reproduction_candidate,paper_exact_reconstructed_metadata,main,9,0.75,eigen,206,-0.13983838092413706,4.692001302346982,109.07124606711628,1.264146398219437e-05
final_reproduction_candidate,paper_exact_reconstructed_metadata,main,9,0.75,eigen,207,-0.13983838092413448,4.825782255592743,124.68396497352298,1.2641463982194347e-05
final_reproduction_candidate,paper_exact_reconstructed_metadata,main,9,0.75,eigen,208,-0.10215310262884927,3.498622989427931,33.06988301290689,1.1155135372158755e-05
final_reproduction_candidate,paper_exact_reconstructed_metadata,main,9,0.75,eigen,209,-0.16191021380727844,4.3526324752010135,77.68269175324589,1.0369382616800556e-05
final_reproduction_candidate,paper_exact_reconstructed_metadata,main,9,0.75,eigen,210,-0.16191021380727844,4.504772915344162,90.4478024085305,1.0369382616800556e-05
final_reproduction_candidate,paper_exact_reconstructed_metadata,main,9,0.75,eigen,211,-0.1619102138072781,4.926786409484574,137.93553102074284,1.0369382616800556e-05
final_reproduction_candidate,paper_exact_reconstructed_metadata,main,9,0.75,eigen,212,-0.16191021380727813,4.847153699645192,127.37731927814563,1.0369382616800556e-05
final_reproduction_candidate,paper_exact_reconstructed_metadata,main,9,0.75,eigen,213,-0.16191021380727735,4.723466522234212,112.55776113949064,1.0369382616800537e-05
final_reproduction_candidate,paper_exact_reconstructed_metadata,main,9,0.75,eigen,214,-0.16191021380727919,4.795452919675986,120.95915415928394,1.0369382616800537e-05
final_reproduction_candidate,paper_exact_reconstructed_metadata,main,9,0.75,eigen,215,-0.16191021380727819,4.70838827689102,110.87331873321617,1.0369382616800537e-05
final_reproduction_candidate,paper_exact_reconstructed_metadata,main,9,0.75,eigen,216,-0.16191021380727813,4.432561300840522,84.14666606018739,1.0369382616800537e-05
final_reproduction_candidate,paper_exact_reconstructed_metadata,main,9,0.75,eigen,217,-0.07008142311905977,4.115817525198614,61.30230996584238,9.484680810832898e-06
final_reproduction_candidate,paper_exact_reconstructed_metadata,main,9,0.75,eigen,218,-0.0700814231190603,4.458811391741731,86.38477039890819,9.48468081083288e-06
final_reproduction_candidate,paper_exact_reconstructed_metadata,main,9,0.75,eigen,219,-0.07008142311906046,4.500490516805958,90.06129704738385,9.48468081083288e-06
final_reproduction_candidate,paper_exact_reconstructed_metadata,main,9,0.75,eigen,220,-0.07008142311906047,4.277872307187843,72.0868979454701,9.48468081083288e-06
final_reproduction_candidate,paper_exact_reconstructed_metadata,main,9,0.75,eigen,221,-0.13300920293387153,4.241760686331088,69.53016494066348,8.348057387838636e-06
final_reproduction_candidate,paper_exact_reconstructed_metadata,main,9,0.75,eigen,222,-0.13300920293387164,4.282765239105079,72.44047854673059,8.348057387838636e-06
final_reproduction_candidate,paper_exact_reconstructed_metadata,main,9,0.75,eigen,223,-0.13300920293387175,4.116393110509717,61.337604831624134,8.348057387838636e-06
final_reproduction_candidate,paper_exact_reconstructed_metadata,main,9,0.75,eigen,224,-0.13300920293387128,3.9261889573443773,50.71333822429641,8.348057387838622e-06
final_reproduction_candidate,paper_exact_reconstructed_metadata,main,9,0.75,eigen,225,-0.08287184544395129,3.9191089350716743,50.355554712303565,8.255103675191512e-06
final_reproduction_candidate,paper_exact_reconstructed_metadata,main,9,0.75,eigen,226,-0.08287184544395156,3.919108935071674,50.355554712303544,8.255103675191512e-06
final_reproduction_candidate,paper_exact_reconstructed_metadata,main,9,0.75,eigen,227,-0.08892688199034852,3.8396594700770423,46.50963382081811,7.096113797673256e-06
final_reproduction_candidate,paper_exact_reconstructed_metadata,main,9,0.75,eigen,228,-0.08892688199034883,3.8396594700770366,46.50963382081785,7.0961137976732435e-06
final_reproduction_candidate,paper_exact_reconstructed_metadata,main,9,0.75,eigen,229,0.015499985936527535,3.437565857040356,31.111136970905335,6.8358265008184225e-06
final_reproduction_candidate,paper_exact_reconstructed_metadata,main,9,0.75,eigen,230,-0.013114887638876974,5.3796060183490075,216.9367894716277,6.19366740512076e-06
final_reproduction_candidate,paper_exact_reconstructed_metadata,main,9,0.75,eigen,231,-0.013114887638876988,5.401824398934109,221.81071852613653,6.19366740512076e-06
final_reproduction_candidate,paper_exact_reconstructed_metadata,main,9,0.75,eigen,232,-0.013114887638877228,5.337975209633021,208.09094290127828,6.19366740512076e-06
final_reproduction_candidate,paper_exact_reconstructed_metadata,main,9,0.75,eigen,233,-0.013114887638877491,5.1837663718328395,178.3532923763715,6.19366740512076e-06
final_reproduction_candidate,paper_exact_reconstructed_metadata,main,9,0.75,eigen,234,-0.013114887638877063,5.015928833962778,150.79613631054661,6.193667405120748e-06
final_reproduction_candidate,paper_exact_reconstructed_metadata,main,9,0.75,eigen,235,-0.013114887638877408,5.321014538573482,204.59134254561965,6.193667405120748e-06
final_reproduction_candidate,paper_exact_reconstructed_metadata,main,9,0.75,eigen,236,-0.013114887638877191,5.136174498695639,170.06394250212185,6.193667405120748e-06
final_reproduction_candidate,paper_exact_reconstructed_metadata,main,9,0.75,eigen,237,-0.013114887638877158,5.154589032909593,173.22460251770377,6.193667405120748e-06
final_reproduction_candidate,paper_exact_reconstructed_metadata,main,9,0.75,eigen,238,-0.013114887638877196,4.915684130921067,136.41260196590713,6.193667405120748e-06
final_reproduction_candidate,paper_exact_reconstructed_metadata,main,9,0.75,eigen,239,-0.013114887638877387,5.014017147121477,150.50813669129295,6.193667405120748e-06
final_reproduction_candidate,paper_exact_reconstructed_metadata,main,9,0.75,eigen,240,-0.013114887638877235,5.470400728148451,237.55536881313057,6.193667405120748e-06
final_reproduction_candidate,paper_exact_reconstructed_metadata,main,9,0.75,eigen,241,-0.013114887638877198,5.167670867612686,175.50558532491252,6.193667405120748e-06
final_reproduction_candidate,paper_exact_reconstructed_metadata,main,9,0.75,eigen,242,-0.013114887638877096,5.174632729691516,176.7316940517333,6.193667405120748e-06
final_reproduction_candidate,paper_exact_reconstructed_metadata,main,9,0.75,eigen,243,-0.01311488763887695,4.919267338071107,136.90227334970604,6.193667405120748e-06
final_reproduction_candidate,paper_exact_reconstructed_metadata,main,9,0.75,eigen,244,-0.013114887638877167,4.945721404805601,140.57222375935234,6.193667405120738e-06
final_reproduction_candidate,paper_exact_reconstructed_metadata,main,9,0.75,eigen,245,-0.013114887638877158,5.29229506720592,198.7991596708852,6.193667405120738e-06
final_reproduction_candidate,paper_exact_reconstructed_metadata,main,9,0.75,eigen,246,-0.0323667509279409,4.025705519764132,56.019817931495986,5.730403584762675e-06
final_reproduction_candidate,paper_exact_reconstructed_metadata,main,9,0.75,eigen,247,-0.03236675092794076,4.025705519764127,56.01981793149574,5.730403584762665e-06
final_reproduction_candidate,paper_exact_reconstructed_metadata,main,9,0.75,eigen,248,-0.07851233251511164,3.8703863333061883,47.96091139958382,5.576292358800517e-06
final_reproduction_candidate,paper_exact_reconstructed_metadata,main,9,0.75,eigen,249,-0.07851233251511155,3.870386333306183,47.960911399583566,5.576292358800507e-06
final_reproduction_candidate,paper_exact_reconstructed_metadata,main,9,0.75,eigen,250,-0.049611321641704155,4.041563700742686,56.915271710895354,4.489294140541242e-06
final_reproduction_candidate,paper_exact_reconstructed_metadata,main,9,0.75,eigen,251,-0.04961132164170487,4.192641594645883,66.19742696873831,4.4892941405412344e-06
final_reproduction_candidate,paper_exact_reconstructed_metadata,main,9,0.75,eigen,252,-0.0496113216417046,4.061838371502238,58.08098742564287,4.4892941405412344e-06
final_reproduction_candidate,paper_exact_reconstructed_metadata,main,9,0.75,eigen,253,-0.04961132164170472,4.165076504294249,64.39760894863453,4.489294140541226e-06
final_reproduction_candidate,paper_exact_reconstructed_metadata,main,9,0.75,eigen,254,-0.03334299541357066,3.7993180015327734,44.67070874738043,4.097319464845111e-06
final_reproduction_candidate,paper_exact_reconstructed_metadata,main,9,0.75,eigen,255,-0.033342995413570733,3.799318001532789,44.67070874738112,4.097319464845111e-06
final_reproduction_candidate,paper_exact_reconstructed_metadata,main,9,0.75,eigen,256,0.04385164784130556,4.181072436385604,65.43599153609473,4.0445763742983075e-06
final_reproduction_candidate,paper_exact_reconstructed_metadata,main,9,0.75,eigen,257,0.04385164784130543,4.122590578749459,61.7189230728232,4.0445763742983075e-06
final_reproduction_candidate,paper_exact_reconstructed_metadata,main,9,0.75,eigen,258,0.04385164784130571,4.426292933967431,83.62085360057894,4.044576374298301e-06
final_reproduction_candidate,paper_exact_reconstructed_metadata,main,9,0.75,eigen,259,0.04385164784130537,4.463294421432928,86.77290524945671,4.044576374298293e-06
final_reproduction_candidate,paper_exact_reconstructed_metadata,main,9,0.75,eigen,260,-0.005529000698181231,4.756723593709872,116.36404475354051,3.816042536904045e-06
final_reproduction_candidate,paper_exact_reconstructed_metadata,main,9,0.75,eigen,261,-0.005529000698181474,4.8430970001481075,126.86163446745651,3.816042536904045e-06
final_reproduction_candidate,paper_exact_reconstructed_metadata,main,9,0.75,eigen,262,-0.005529000698181615,4.918752747190196,136.83184281127498,3.816042536904045e-06
final_reproduction_candidate,paper_exact_reconstructed_metadata,main,9,0.75,eigen,263,-0.005529000698181415,4.961694268801064,142.83559289331532,3.816042536904045e-06
final_reproduction_candidate,paper_exact_reconstructed_metadata,main,9,0.75,eigen,264,-0.005529000698181765,4.90105872153273,134.4320304550029,3.816042536904045e-06
final_reproduction_candidate,paper_exact_reconstructed_metadata,main,9,0.75,eigen,265,-0.0055290006981812455,4.537260095070651,93.43444758554917,3.816042536904045e-06
final_reproduction_candidate,paper_exact_reconstructed_metadata,main,9,0.75,eigen,266,-0.005529000698181564,5.025890303343274,152.30579412645415,3.816042536904045e-06
final_reproduction_candidate,paper_exact_reconstructed_metadata,main,9,0.75,eigen,267,-0.005529000698181913,4.643550880364093,103.91267472973125,3.816042536904038e-06
final_reproduction_candidate,paper_exact_reconstructed_metadata,main,9,0.75,eigen,268,0.024599784552241946,3.9516783427951316,52.02260537117762,3.742056755414938e-06
final_reproduction_candidate,paper_exact_reconstructed_metadata,main,9,0.75,eigen,269,0.02459978455224194,3.9516783427951263,52.02260537117734,3.742056755414938e-06
final_reproduction_candidate,paper_exact_reconstructed_metadata,main,9,0.75,eigen,270,0.07592332735109394,3.23925602207755,25.514732286839102,3.4389108375142397e-06
final_reproduction_candidate,paper_exact_reconstructed_metadata,main,9,0.75,eigen,271,-0.004441984540164045,3.2379375696793042,25.48111449346493,3.298620495825535e-06
final_reproduction_candidate,paper_exact_reconstructed_metadata,main,9,0.75,eigen,272,0.023372010175225104,4.539823138185602,93.6742312598149,3.0721734619854934e-06
final_reproduction_candidate,paper_exact_reconstructed_metadata,main,9,0.75,eigen,273,0.023372010175225208,4.53143487641944,92.8917536887227,3.0721734619854934e-06
final_reproduction_candidate,paper_exact_reconstructed_metadata,main,9,0.75,eigen,274,0.023372010175225652,4.088782952346426,59.66722963469142,3.0721734619854934e-06
final_reproduction_candidate,paper_exact_reconstructed_metadata,main,9,0.75,eigen,275,0.023372010175225683,3.9385770101308144,51.345485185871524,3.0721734619854874e-06
final_reproduction_candidate,paper_exact_reconstructed_metadata,main,9,0.75,eigen,276,0.09435674235731649,4.683686999115974,108.16815414594765,2.80760313450427e-06
final_reproduction_candidate,paper_exact_reconstructed_metadata,main,9,0.75,eigen,277,0.094356742357316,4.381201330590489,79.93400291090819,2.8076031345042647e-06
final_reproduction_candidate,paper_exact_reconstructed_metadata,main,9,0.75,eigen,278,0.09435674235731611,4.630153501752411,102.5298014068016,2.8076031345042647e-06
final_reproduction_candidate,paper_exact_reconstructed_metadata,main,9,0.75,eigen,279,0.09435674235731624,4.640994155559699,103.64733795785064,2.8076031345042647e-06
final_reproduction_candidate,paper_exact_reconstructed_metadata,main,9,0.75,eigen,280,0.0016299907255120205,3.6637119735746273,39.00586321104398,2.2874081691980064e-06
final_reproduction_candidate,paper_exact_reconstructed_metadata,main,9,0.75,eigen,281,0.001629990725512359,3.6637119735746295,39.005863211044066,2.2874081691980064e-06
final_reproduction_candidate,paper_exact_reconstructed_metadata,main,9,0.75,eigen,282,0.13288986283127877,4.536179317447057,93.33352027513946,2.245670717679958e-06
final_reproduction_candidate,paper_exact_reconstructed_metadata,main,9,0.75,eigen,283,0.13288986283127782,4.486695609749761,88.82743986463394,2.2456707176799543e-06
final_reproduction_candidate,paper_exact_reconstructed_metadata,main,9,0.75,eigen,284,0.13288986283127743,4.033422505581694,56.453794413480274,2.2456707176799543e-06
final_reproduction_candidate,paper_exact_reconstructed_metadata,main,9,0.75,eigen,285,0.1328898628312792,4.002652598089135,54.74316923538892,2.2456707176799543e-06
final_reproduction_candidate,paper_exact_reconstructed_metadata,main,9,0.75,eigen,286,0.05005488587859406,3.7708239756877266,43.41582368479628,2.2033955219631096e-06
final_reproduction_candidate,paper_exact_reconstructed_metadata,main,9,0.75,eigen,287,0.050054885878595044,3.7708239756877213,43.415823684796045,2.2033955219631096e-06
final_reproduction_candidate,paper_exact_reconstructed_metadata,main,9,0.75,eigen,288,0.07786888059398521,3.9238809953558373,50.596428730591576,2.052134599114782e-06
final_reproduction_candidate,paper_exact_reconstructed_metadata,main,9,0.75,eigen,289,0.07786888059398499,3.9238809953558387,50.59642873059165,2.0521345991147785e-06
final_reproduction_candidate,paper_exact_reconstructed_metadata,main,9,0.75,eigen,290,0.15132327783749935,4.522989707478234,92.11057039092293,1.8334154166614378e-06
final_reproduction_candidate,paper_exact_reconstructed_metadata,main,9,0.75,eigen,291,0.15132327783749885,4.43216985418329,84.11373357511705,1.8334154166614378e-06
final_reproduction_candidate,paper_exact_reconstructed_metadata,main,9,0.75,eigen,292,0.15132327783750002,4.352036965823031,77.6364447534277,1.8334154166614378e-06
final_reproduction_candidate,paper_exact_reconstructed_metadata,main,9,0.75,eigen,293,0.1513232778374997,4.319843235969115,75.17684234340587,1.8334154166614344e-06
final_reproduction_candidate,paper_exact_reconstructed_metadata,main,9,0.75,eigen,294,0.07895589675200262,4.357440619402842,78.05710072203148,1.7738830695332347e-06
final_reproduction_candidate,paper_exact_reconstructed_metadata,main,9,0.75,eigen,295,0.07895589675200253,4.313242120690299,74.68222564777717,1.7738830695332347e-06
final_reproduction_candidate,paper_exact_reconstructed_metadata,main,9,0.75,eigen,296,0.07895589675200265,4.122385251985438,61.7062518269873,1.7738830695332316e-06
final_reproduction_candidate,paper_exact_reconstructed_metadata,main,9,0.75,eigen,297,0.0789558967520022,4.345976179087494,77.16732985754524,1.7738830695332316e-06
final_reproduction_candidate,paper_exact_reconstructed_metadata,main,9,0.75,eigen,298,0.10676989146739185,4.5514575062119835,94.77043620171459,1.6521077516440695e-06
final_reproduction_candidate,paper_exact_reconstructed_metadata,main,9,0.75,eigen,299,0.10676989146739174,4.347665511448065,77.2978012988377,1.6521077516440666e-06
final_reproduction_candidate,paper_exact_reconstructed_metadata,main,9,0.75,eigen,300,0.10676989146739196,4.499228404962068,89.94770131804108,1.6521077516440666e-06
final_reproduction_candidate,paper_exact_reconstructed_metadata,main,9,0.75,eigen,301,0.1067698914673932,4.468623890467159,87.23659326894497,1.6521077516440666e-06
final_reproduction_candidate,paper_exact_reconstructed_metadata,main,9,0.75,eigen,302,0.12303821769552568,4.859964524616654,129.01962500553523,1.5078569229185429e-06
final_reproduction_candidate,paper_exact_reconstructed_metadata,main,9,0.75,eigen,303,0.12303821769552623,4.89325619758458,133.38720276521465,1.5078569229185403e-06
final_reproduction_candidate,paper_exact_reconstructed_metadata,main,9,0.75,eigen,304,0.12303821769552561,4.231880732311203,68.84659250067487,1.5078569229185403e-06
final_reproduction_candidate,paper_exact_reconstructed_metadata,main,9,0.75,eigen,305,0.12303821769552584,4.819983643415605,123.96306315093712,1.5078569229185403e-06
final_reproduction_candidate,paper_exact_reconstructed_metadata,main,9,0.75,eigen,306,0.12303821769552546,4.99749219943814,148.04143479881714,1.5078569229185403e-06
final_reproduction_candidate,paper_exact_reconstructed_metadata,main,9,0.75,eigen,307,0.12303821769552571,4.749422687982298,115.5175755884614,1.5078569229185403e-06
final_reproduction_candidate,paper_exact_reconstructed_metadata,main,9,0.75,eigen,308,0.12303821769552568,4.892781340050319,133.32387788334614,1.5078569229185403e-06
final_reproduction_candidate,paper_exact_reconstructed_metadata,main,9,0.75,eigen,309,0.12303821769552581,4.632984749463056,102.82049999798207,1.5078569229185376e-06
final_reproduction_candidate,paper_exact_reconstructed_metadata,main,9,0.75,eigen,310,0.05859652620569611,3.6144242317567783,37.12996151729197,1.4937187346976735e-06
final_reproduction_candidate,paper_exact_reconstructed_metadata,main,9,0.75,eigen,311,0.05859652620569536,3.614424231756778,37.12996151729195,1.4937187346976735e-06
final_reproduction_candidate,paper_exact_reconstructed_metadata,main,9,0.75,eigen,312,0.18985639831145976,3.50136111869918,33.160556709081085,1.4664634270920776e-06
final_reproduction_candidate,paper_exact_reconstructed_metadata,main,9,0.75,eigen,313,0.15193922856893227,4.473662724678142,87.67727332402737,1.213927250092896e-06
final_reproduction_candidate,paper_exact_reconstructed_metadata,main,9,0.75,eigen,314,0.15193922856893333,4.28569126104333,72.65275138221283,1.2139272500928936e-06
final_reproduction_candidate,paper_exact_reconstructed_metadata,main,9,0.75,eigen,315,0.15193922856893236,4.328298923951176,75.81520937844374,1.2139272500928936e-06
final_reproduction_candidate,paper_exact_reconstructed_metadata,main,9,0.75,eigen,316,0.1519392285689326,4.49606683641906,89.66377455849334,1.2139272500928936e-06
final_reproduction_candidate,paper_exact_reconstructed_metadata,main,9,0.75,eigen,317,0.1091016207217051,3.7132477859968716,40.98670664650064,1.03688718261193e-06
final_reproduction_candidate,paper_exact_reconstructed_metadata,main,9,0.75,eigen,318,0.10910162072170575,3.7132477859968738,40.986706646500735,1.036887182611928e-06
final_reproduction_candidate,paper_exact_reconstructed_metadata,main,9,0.75,eigen,319,0.24036149282747107,4.214202674597378,67.64021310468749,1.0179675035197964e-06
final_reproduction_candidate,paper_exact_reconstructed_metadata,main,9,0.75,eigen,320,0.24036149282747143,4.620216357667758,101.51599351730015,1.0179675035197964e-06
final_reproduction_candidate,paper_exact_reconstructed_metadata,main,9,0.75,eigen,321,0.24036149282747107,4.617321657713486,101.22256008128157,1.0179675035197945e-06
final_reproduction_candidate,paper_exact_reconstructed_metadata,main,9,0.75,eigen,322,0.2403614928274712,4.220343590113797,68.05686393830676,1.0179675035197945e-06
final_reproduction_candidate,paper_exact_reconstructed_metadata,main,9,0.75,eigen,323,0.1623537780441698,3.1708094403870692,23.826762897143414,9.539324539936628e-07
final_reproduction_candidate,paper_exact_reconstructed_metadata,main,9,0.75,eigen,324,0.20643609898769158,4.812939614721714,123.09293198942285,8.108728695006408e-07
final_reproduction_candidate,paper_exact_reconstructed_metadata,main,9,0.75,eigen,325,0.20643609898769294,5.055527368356565,156.88724590050427,8.108728695006408e-07
final_reproduction_candidate,paper_exact_reconstructed_metadata,main,9,0.75,eigen,326,0.20643609898769222,4.980452275591914,145.54019104655,8.108728695006394e-07
final_reproduction_candidate,paper_exact_reconstructed_metadata,main,9,0.75,eigen,327,0.20643609898769272,4.822263478645107,124.24600091265316,8.108728695006394e-07
final_reproduction_candidate,paper_exact_reconstructed_metadata,main,9,0.75,eigen,328,0.20643609898769247,4.515742008901814,91.4453941512286,8.108728695006394e-07
final_reproduction_candidate,paper_exact_reconstructed_metadata,main,9,0.75,eigen,329,0.20643609898769213,4.493057668758235,89.3943667776279,8.108728695006394e-07
final_reproduction_candidate,paper_exact_reconstructed_metadata,main,9,0.75,eigen,330,0.20643609898769222,4.994802732770757,147.64381722381293,8.108728695006366e-07
final_reproduction_candidate,paper_exact_reconstructed_metadata,main,9,0.75,eigen,331,0.2064360989876921,5.06218190845627,157.93473979905434,8.108728695006366e-07
final_reproduction_candidate,paper_exact_reconstructed_metadata,main,9,0.75,eigen,332,0.16606815620188625,4.630417190437153,102.55684092013155,6.771060063925385e-07
final_reproduction_candidate,paper_exact_reconstructed_metadata,main,9,0.75,eigen,333,0.16606815620188964,4.721785995842462,112.36876370336927,6.771060063925373e-07
final_reproduction_candidate,paper_exact_reconstructed_metadata,main,9,0.75,eigen,334,0.16606815620189075,4.865362293036698,129.7179260010182,6.771060063925373e-07
final_reproduction_candidate,paper_exact_reconstructed_metadata,main,9,0.75,eigen,335,0.16606815620188867,4.747504590005246,115.29621392495832,6.771060063925373e-07
final_reproduction_candidate,paper_exact_reconstructed_metadata,main,9,0.75,eigen,336,0.16606815620188786,4.795103950971308,120.91695056423326,6.771060063925373e-07
final_reproduction_candidate,paper_exact_reconstructed_metadata,main,9,0.75,eigen,337,0.16606815620188642,4.741957616159773,114.65843933661702,6.771060063925373e-07
final_reproduction_candidate,paper_exact_reconstructed_metadata,main,9,0.75,eigen,338,0.16606815620189253,4.877146627030533,131.25560784939088,6.771060063925361e-07
final_reproduction_candidate,paper_exact_reconstructed_metadata,main,9,0.75,eigen,339,0.1660681562018892,4.687202007161149,108.54903508562852,6.771060063925361e-07
final_reproduction_candidate,paper_exact_reconstructed_metadata,main,9,0.75,eigen,340,0.2973280283076533,4.546630885849755,94.31411740927032,6.647511151689507e-07
final_reproduction_candidate,paper_exact_reconstructed_metadata,main,9,0.75,eigen,341,0.2973280283076597,4.565602321637836,96.12047202432983,6.647511151689493e-07
final_reproduction_candidate,paper_exact_reconstructed_metadata,main,9,0.75,eigen,342,0.29732802830765487,4.468927394292279,87.26307392697977,6.647511151689493e-07
final_reproduction_candidate,paper_exact_reconstructed_metadata,main,9,0.75,eigen,343,0.29732802830765415,4.599766965261094,99.46113504146044,6.647511151689493e-07
final_reproduction_candidate,paper_exact_reconstructed_metadata,main,9,0.75,eigen,344,0.23533710986110012,5.083948877010693,161.41018807915827,6.528077416938224e-07
final_reproduction_candidate,paper_exact_reconstructed_metadata,main,9,0.75,eigen,345,0.23533710986110018,5.147957546879308,172.0796664954881,6.528077416938224e-07
final_reproduction_candidate,paper_exact_reconstructed_metadata,main,9,0.75,eigen,346,0.2353371098610976,5.250591528384907,190.6790271623282,6.528077416938224e-07
final_reproduction_candidate,paper_exact_reconstructed_metadata,main,9,0.75,eigen,347,0.23533710986110076,5.151765950373732,172.736264800724,6.528077416938214e-07
final_reproduction_candidate,paper_exact_reconstructed_metadata,main,9,0.75,eigen,348,0.23533710986110037,5.171982084428131,176.26386132721566,6.528077416938214e-07
final_reproduction_candidate,paper_exact_reconstructed_metadata,main,9,0.75,eigen,349,0.2353371098610986,5.020709096526959,151.51870709887032,6.528077416938214e-07
final_reproduction_candidate,paper_exact_reconstructed_metadata,main,9,0.75,eigen,350,0.23533710986109682,4.117716691792877,61.41884388872082,6.528077416938214e-07
final_reproduction_candidate,paper_exact_reconstructed_metadata,main,9,0.75,eigen,351,0.23533710986110068,5.081008576647111,160.9362906862197,6.528077416938214e-07
final_reproduction_candidate,paper_exact_reconstructed_metadata,main,9,0.75,eigen,352,0.23533710986109935,4.73374079582255,113.72017160812997,6.528077416938214e-07
final_reproduction_candidate,paper_exact_reconstructed_metadata,main,9,0.75,eigen,353,0.23533710986110248,5.167722130205039,175.51458242679416,6.528077416938214e-07
final_reproduction_candidate,paper_exact_reconstructed_metadata,main,9,0.75,eigen,354,0.23533710986109904,5.252096352835741,190.96618162900617,6.528077416938214e-07
final_reproduction_candidate,paper_exact_reconstructed_metadata,main,9,0.75,eigen,355,0.23533710986109713,4.759624824054068,116.70213385118223,6.528077416938214e-07
final_reproduction_candidate,paper_exact_reconstructed_metadata,main,9,0.75,eigen,356,0.2353371098610983,5.002261364246107,148.74915507567937,6.528077416938214e-07
final_reproduction_candidate,paper_exact_reconstructed_metadata,main,9,0.75,eigen,357,0.23533710986109568,4.91983676678105,136.98025163403778,6.528077416938202e-07
final_reproduction_candidate,paper_exact_reconstructed_metadata,main,9,0.75,eigen,358,0.2353371098611007,5.136186191902333,170.0659311065792,6.528077416938202e-07
final_reproduction_candidate,paper_exact_reconstructed_metadata,main,9,0.75,eigen,359,0.23533710986109982,5.249931223455692,190.55316241992298,6.528077416938202e-07
final_reproduction_candidate,paper_exact_reconstructed_metadata,main,9,0.75,eigen,360,0.27941943080462256,3.7893417183754767,44.227276687727326,5.549073045197157e-07
final_reproduction_candidate,paper_exact_reconstructed_metadata,main,9,0.75,eigen,361,0.2794194308046223,3.7893417183754767,44.227276687727326,5.549073045197157e-07
final_reproduction_candidate,paper_exact_reconstructed_metadata,main,9,0.75,eigen,362,0.30832044167802924,3.1429227625199694,23.17149275391774,4.4673807441110214e-07
final_reproduction_candidate,paper_exact_reconstructed_metadata,main,9,0.75,eigen,363,0.2230346916820719,3.691764003036506,40.11554852947627,4.4216241803467405e-07
final_reproduction_candidate,paper_exact_reconstructed_metadata,main,9,0.75,eigen,364,0.22303469168207218,3.6917640030365297,40.115548529477216,4.421624180346733e-07
final_reproduction_candidate,paper_exact_reconstructed_metadata,main,9,0.75,eigen,365,0.2551063711918607,3.524597952790716,33.94012534012998,3.759496645887273e-07
final_reproduction_candidate,paper_exact_reconstructed_metadata,main,9,0.75,eigen,366,0.25510637119186036,3.5245979527907147,33.94012534012993,3.759496645887273e-07
final_reproduction_candidate,paper_exact_reconstructed_metadata,main,9,0.75,eigen,367,0.3187349911532662,4.400945949236597,81.52795350542681,3.510572380534138e-07
final_reproduction_candidate,paper_exact_reconstructed_metadata,main,9,0.75,eigen,368,0.318734991153267,4.370345643819343,79.07095736452139,3.510572380534132e-07
final_reproduction_candidate,paper_exact_reconstructed_metadata,main,9,0.75,eigen,369,0.3187349911532663,4.37075991698847,79.10372112671988,3.510572380534132e-07
final_reproduction_candidate,paper_exact_reconstructed_metadata,main,9,0.75,eigen,370,0.3187349911532657,4.420917941610963,83.17259791626829,3.510572380534126e-07
final_reproduction_candidate,paper_exact_reconstructed_metadata,main,9,0.75,eigen,371,0.335003317381399,3.9498811214797405,51.9291932022364,3.2040530420169835e-07
final_reproduction_candidate,paper_exact_reconstructed_metadata,main,9,0.75,eigen,372,0.33500331738140154,3.9498811214797356,51.92919320223614,3.2040530420169777e-07
final_reproduction_candidate,paper_exact_reconstructed_metadata,main,9,0.75,eigen,373,0.2735397861980835,3.6226436445788637,37.436405669320315,3.069336503874305e-07
final_reproduction_candidate,paper_exact_reconstructed_metadata,main,9,0.75,eigen,374,0.27353978619808106,3.622643644578861,37.436405669320216,3.069336503874305e-07
final_reproduction_candidate,paper_exact_reconstructed_metadata,main,9,0.75,eigen,375,0.4047996583038477,3.2031890276070683,24.61088999254539,3.013331508680145e-07
final_reproduction_candidate,paper_exact_reconstructed_metadata,main,9,0.75,eigen,376,0.36281731209679,3.801695044556012,44.777019246208795,2.984097970328954e-07
final_reproduction_candidate,paper_exact_reconstructed_metadata,main,9,0.75,eigen,377,0.36281731209678925,3.8016950445560154,44.77701924620895,2.9840979703289483e-07
final_reproduction_candidate,paper_exact_reconstructed_metadata,main,9,0.75,eigen,378,0.3639043282548063,4.484052837240464,88.59299907177898,2.5794803467951965e-07
final_reproduction_candidate,paper_exact_reconstructed_metadata,main,9,0.75,eigen,379,0.3639043282548069,4.480904014282606,88.31447414537077,2.579480346795192e-07
final_reproduction_candidate,paper_exact_reconstructed_metadata,main,9,0.75,eigen,380,0.36390432825480584,4.274511617719079,71.84504289420137,2.579480346795192e-07
final_reproduction_candidate,paper_exact_reconstructed_metadata,main,9,0.75,eigen,381,0.3639043282548063,4.556872493016727,95.28500880780163,2.579480346795192e-07
final_reproduction_candidate,paper_exact_reconstructed_metadata,main,9,0.75,eigen,382,0.31207290667204335,4.591444808972145,98.63683865010853,2.455019024857214e-07
final_reproduction_candidate,paper_exact_reconstructed_metadata,main,9,0.75,eigen,383,0.312072906672045,4.509308065818346,90.85892835687667,2.4550190248572055e-07
final_reproduction_candidate,paper_exact_reconstructed_metadata,main,9,0.75,eigen,384,0.3120729066720455,4.734187370641821,113.77096751445546,2.4550190248572055e-07
final_reproduction_candidate,paper_exact_reconstructed_metadata,main,9,0.75,eigen,385,0.31207290667204574,4.264413925248994,71.12322423024584,2.4550190248572055e-07
final_reproduction_candidate,paper_exact_reconstructed_metadata,main,9,0.75,eigen,386,0.31207290667204407,4.850625810735511,127.82035617263583,2.4550190248572055e-07
final_reproduction_candidate,paper_exact_reconstructed_metadata,main,9,0.75,eigen,387,0.31207290667204407,4.76776021154927,117.65542336362216,2.4550190248572055e-07
final_reproduction_candidate,paper_exact_reconstructed_metadata,main,9,0.75,eigen,388,0.31207290667204396,4.8831558175142495,132.04672239740208,2.4550190248572055e-07
final_reproduction_candidate,paper_exact_reconstructed_metadata,main,9,0.75,eigen,389,0.3120729066720482,4.65968737445742,105.60306278077829,2.4550190248571965e-07
final_reproduction_candidate,paper_exact_reconstructed_metadata,main,9,0.75,eigen,390,0.3917183229701969,4.297712694892249,73.53141242810862,2.4024015727683983e-07
final_reproduction_candidate,paper_exact_reconstructed_metadata,main,9,0.75,eigen,391,0.3917183229701919,4.298683795933139,73.60285354191137,2.402401572768394e-07
final_reproduction_candidate,paper_exact_reconstructed_metadata,main,9,0.75,eigen,392,0.39171832297019177,4.355143379042473,77.8779906080991,2.402401572768394e-07
final_reproduction_candidate,paper_exact_reconstructed_metadata,main,9,0.75,eigen,393,0.39171832297019404,4.368219788517607,78.90304249518984,2.402401572768394e-07
final_reproduction_candidate,paper_exact_reconstructed_metadata,main,9,0.75,eigen,394,0.3305063216782661,3.5033194797607394,33.22556068196931,2.004332021134635e-07
final_reproduction_candidate,paper_exact_reconstructed_metadata,main,9,0.75,eigen,395,0.33050632167826677,3.503319479760748,33.22556068196959,2.0043320211346279e-07
final_reproduction_candidate,paper_exact_reconstructed_metadata,main,9,0.75,eigen,396,0.3818298644771178,2.8403760869219616,17.122203763314204,1.8419600663412223e-07
final_reproduction_candidate,paper_exact_reconstructed_metadata,main,9,0.75,eigen,397,0.3690394421522272,3.576559960226358,35.75034645801548,1.6031716424070281e-07
final_reproduction_candidate,paper_exact_reconstructed_metadata,main,9,0.75,eigen,398,0.3690394421522275,3.5765599602263523,35.75034645801527,1.6031716424070252e-07
final_reproduction_candidate,paper_exact_reconstructed_metadata,main,9,0.75,eigen,399,0.4473022095469733,4.377538919446644,79.64178716161372,1.3871545760309053e-07
final_reproduction_candidate,paper_exact_reconstructed_metadata,main,9,0.75,eigen,400,0.4473022095469735,4.376346797922626,79.54690104205713,1.3871545760309002e-07
final_reproduction_candidate,paper_exact_reconstructed_metadata,main,9,0.75,eigen,401,0.4473022095469738,4.134041026938134,62.4296939604297,1.3871545760309002e-07
final_reproduction_candidate,paper_exact_reconstructed_metadata,main,9,0.75,eigen,402,0.4473022095469731,4.4681905495251515,87.19879827109173,1.3871545760308979e-07
final_reproduction_candidate,paper_exact_reconstructed_metadata,main,9,0.75,eigen,403,0.47511620426236345,3.0976868264199124,22.146662909328363,1.2919277866450465e-07
final_reproduction_candidate,paper_exact_reconstructed_metadata,main,9,0.75,eigen,404,0.43879639995730085,4.237582308375888,69.24024774586321,1.202833100234803e-07
final_reproduction_candidate,paper_exact_reconstructed_metadata,main,9,0.75,eigen,405,0.4387963999573004,4.1956175816907795,66.39472308353088,1.2028331002347986e-07
final_reproduction_candidate,paper_exact_reconstructed_metadata,main,9,0.75,eigen,406,0.438796399957301,4.093622449498327,59.95668887621242,1.2028331002347986e-07
final_reproduction_candidate,paper_exact_reconstructed_metadata,main,9,0.75,eigen,407,0.4387963999573017,3.666710003867145,39.12297944181844,1.2028331002347965e-07
final_reproduction_candidate,paper_exact_reconstructed_metadata,main,9,0.75,eigen,408,0.4913845304904968,3.7272801555933155,41.5659014968617,1.1791254263319082e-07
final_reproduction_candidate,paper_exact_reconstructed_metadata,main,9,0.75,eigen,409,0.49138453049049574,3.727280155593316,41.56590149686171,1.1791254263319061e-07
final_reproduction_candidate,paper_exact_reconstructed_metadata,main,9,0.75,eigen,410,0.41954453666823643,4.82492972439346,124.57771330120096,1.1128655542204306e-07
final_reproduction_candidate,paper_exact_reconstructed_metadata,main,9,0.75,eigen,411,0.41954453666823716,4.151398058746207,63.52274677898883,1.1128655542204306e-07
final_reproduction_candidate,paper_exact_reconstructed_metadata,main,9,0.75,eigen,412,0.4195445366682365,4.906684425579119,135.19043655663205,1.1128655542204306e-07
final_reproduction_candidate,paper_exact_reconstructed_metadata,main,9,0.75,eigen,413,0.41954453666823666,4.6380832093184114,103.34606483667174,1.1128655542204306e-07
final_reproduction_candidate,paper_exact_reconstructed_metadata,main,9,0.75,eigen,414,0.4195445366682362,4.608772408358237,100.36087181705783,1.1128655542204284e-07
final_reproduction_candidate,paper_exact_reconstructed_metadata,main,9,0.75,eigen,415,0.4195445366682379,4.1251707792603325,61.87837589132594,1.1128655542204265e-07
final_reproduction_candidate,paper_exact_reconstructed_metadata,main,9,0.75,eigen,416,0.41954453666823804,4.554172633950066,95.0280996781325,1.1128655542204265e-07
final_reproduction_candidate,paper_exact_reconstructed_metadata,main,9,0.75,eigen,417,0.4195445366682372,4.902413310140888,134.6142539430957,1.1128655542204265e-07
final_reproduction_candidate,paper_exact_reconstructed_metadata,main,9,0.75,eigen,418,0.5202855413639029,4.38081848905823,79.90340671187573,9.492760649539687e-08
final_reproduction_candidate,paper_exact_reconstructed_metadata,main,9,0.75,eigen,419,0.520285541363904,4.049667606189581,57.37838165643673,9.492760649539638e-08
final_reproduction_candidate,paper_exact_reconstructed_metadata,main,9,0.75,eigen,420,0.5202855413639034,4.409667294028064,82.24209651521863,9.492760649539638e-08
final_reproduction_candidate,paper_exact_reconstructed_metadata,main,9,0.75,eigen,421,0.520285541363905,4.185617592759197,65.7340852782441,9.492760649539585e-08
final_reproduction_candidate,paper_exact_reconstructed_metadata,main,9,0.75,eigen,422,0.49576293543748434,2.980689449927763,19.70139508881671,7.854716795757299e-08
final_reproduction_candidate,paper_exact_reconstructed_metadata,main,9,0.75,eigen,423,0.42627322291226494,3.424171441391242,30.69719988240717,7.743673521791798e-08
final_reproduction_candidate,paper_exact_reconstructed_metadata,main,9,0.75,eigen,424,0.42627322291226505,3.424171441391228,30.697199882406732,7.743673521791785e-08
final_reproduction_candidate,paper_exact_reconstructed_metadata,main,9,0.75,eigen,425,0.4765110721484207,3.94664943549158,51.761645233219845,7.267212515559006e-08
final_reproduction_candidate,paper_exact_reconstructed_metadata,main,9,0.75,eigen,426,0.4765110721484194,4.329021320477711,75.86999780946073,7.267212515559006e-08
final_reproduction_candidate,paper_exact_reconstructed_metadata,main,9,0.75,eigen,427,0.47651107214842064,4.0915024277487735,59.82971403403443,7.267212515558993e-08
final_reproduction_candidate,paper_exact_reconstructed_metadata,main,9,0.75,eigen,428,0.4765110721484203,4.494122328432947,89.4895920373346,7.267212515558993e-08
final_reproduction_candidate,paper_exact_reconstructed_metadata,main,9,0.75,eigen,429,0.47651107214842015,4.632176867431784,102.73746670865465,7.267212515558981e-08
final_reproduction_candidate,paper_exact_reconstructed_metadata,main,9,0.75,eigen,430,0.47651107214842064,4.463952226986953,86.83000372625733,7.267212515558981e-08
final_reproduction_candidate,paper_exact_reconstructed_metadata,main,9,0.75,eigen,431,0.4765110721484214,3.8471031467059174,46.85712820852865,7.267212515558954e-08
final_reproduction_candidate,paper_exact_reconstructed_metadata,main,9,0.75,eigen,432,0.4765110721484204,4.524717973315831,92.26989958495425,7.267212515558954e-08
final_reproduction_candidate,paper_exact_reconstructed_metadata,main,9,0.75,eigen,433,0.45517423378567073,2.715471445115821,15.111732745383067,6.234183204684426e-08
final_reproduction_candidate,paper_exact_reconstructed_metadata,main,9,0.75,eigen,434,0.5462680299534955,4.3619372134954935,78.40888213640986,5.452469048810472e-08
final_reproduction_candidate,paper_exact_reconstructed_metadata,main,9,0.75,eigen,435,0.5462680299534941,3.974169013266941,53.20588514560136,5.452469048810462e-08
final_reproduction_candidate,paper_exact_reconstructed_metadata,main,9,0.75,eigen,436,0.5462680299534934,4.172553140340264,64.88089084310378,5.452469048810462e-08
final_reproduction_candidate,paper_exact_reconstructed_metadata,main,9,0.75,eigen,437,0.5462680299534957,4.368367340738266,78.91468567329406,5.452469048810452e-08
final_reproduction_candidate,paper_exact_reconstructed_metadata,main,9,0.75,eigen,438,0.6036834226560702,4.1772193681516505,65.18434730826857,5.1048756353329515e-08
final_reproduction_candidate,paper_exact_reconstructed_metadata,main,9,0.75,eigen,439,0.6036834226560717,4.308834786247478,74.35380037405076,5.104875635332942e-08
final_reproduction_candidate,paper_exact_reconstructed_metadata,main,9,0.75,eigen,440,0.603683422656071,4.29673791467059,73.45977038489926,5.104875635332942e-08
final_reproduction_candidate,paper_exact_reconstructed_metadata,main,9,0.75,eigen,441,0.6036834226560708,4.05146083647609,57.48136661849326,5.1048756353329336e-08
final_reproduction_candidate,paper_exact_reconstructed_metadata,main,9,0.75,eigen,442,0.5096711042044313,3.2753374054544433,26.452149074422973,4.164277574120098e-08
final_reproduction_candidate,paper_exact_reconstructed_metadata,main,9,0.75,eigen,443,0.5096711042044324,3.2753374054544637,26.452149074423513,4.164277574120098e-08
final_reproduction_candidate,paper_exact_reconstructed_metadata,main,9,0.75,eigen,444,0.5655492871383913,3.5815173000232052,35.928013086336925,4.0349754424354284e-08
final_reproduction_candidate,paper_exact_reconstructed_metadata,main,9,0.75,eigen,445,0.5655492871383907,3.581517300023209,35.92801308633705,4.0349754424354145e-08
final_reproduction_candidate,paper_exact_reconstructed_metadata,main,9,0.75,eigen,446,0.6032345654336768,3.554206557991841,34.96007017193996,3.560560497352329e-08
final_reproduction_candidate,paper_exact_reconstructed_metadata,main,9,0.75,eigen,447,0.6032345654336759,3.9293530064405178,50.87405183506663,3.560560497352304e-08
final_reproduction_candidate,paper_exact_reconstructed_metadata,main,9,0.75,eigen,448,0.6032345654336755,4.137818258856553,62.6659513116184,3.560560497352304e-08
final_reproduction_candidate,paper_exact_reconstructed_metadata,main,9,0.75,eigen,449,0.603234565433681,4.1337115901566674,62.40913071031486,3.560560497352304e-08
final_reproduction_candidate,paper_exact_reconstructed_metadata,main,9,0.75,eigen,450,0.5385721150778378,3.9691666805709156,52.94039619237009,3.3525263221862326e-08
final_reproduction_candidate,paper_exact_reconstructed_metadata,main,9,0.75,eigen,451,0.5385721150778368,3.6980009866241015,40.366530418625345,3.3525263221862326e-08
final_reproduction_candidate,paper_exact_reconstructed_metadata,main,9,0.75,eigen,452,0.5385721150778385,3.9315845055804877,50.987703998173735,3.3525263221862326e-08
final_reproduction_candidate,paper_exact_reconstructed_metadata,main,9,0.75,eigen,453,0.5385721150778401,3.9708280122239374,53.02842084711474,3.352526322186221e-08
final_reproduction_candidate,paper_exact_reconstructed_metadata,main,9,0.75,eigen,454,0.5839827021446145,3.3622404298333137,28.853763349399507,3.29424350763864e-08
final_reproduction_candidate,paper_exact_reconstructed_metadata,main,9,0.75,eigen,455,0.5839827021446148,3.3622404298333164,28.853763349399586,3.294243507638628e-08
final_reproduction_candidate,paper_exact_reconstructed_metadata,main,9,0.75,eigen,456,0.6225158226185735,3.483258653125241,32.565669579980366,2.6349116408568285e-08
final_reproduction_candidate,paper_exact_reconstructed_metadata,main,9,0.75,eigen,457,0.6225158226185754,3.483258653125239,32.565669579980295,2.6349116408568285e-08
final_reproduction_candidate,paper_exact_reconstructed_metadata,main,9,0.75,eigen,458,0.7322506410497784,2.9748277432802115,19.586249095971784,2.0171216628051285e-08
final_reproduction_candidate,paper_exact_reconstructed_metadata,main,9,0.75,eigen,459,0.6922727804236497,4.237692330692311,69.24786613739876,1.9769305132281735e-08
final_reproduction_candidate,paper_exact_reconstructed_metadata,main,9,0.75,eigen,460,0.6922727804236496,4.237337769237574,69.22331786543634,1.9769305132281735e-08
final_reproduction_candidate,paper_exact_reconstructed_metadata,main,9,0.75,eigen,461,0.6922727804236496,3.637394913261733,37.99273332922789,1.9769305132281666e-08
final_reproduction_candidate,paper_exact_reconstructed_metadata,main,9,0.75,eigen,462,0.6922727804236496,3.651519640732057,38.53317816615057,1.9769305132281666e-08
final_reproduction_candidate,paper_exact_reconstructed_metadata,main,9,0.75,eigen,463,0.6219699963700055,2.8857292601129534,17.91662871514499,1.802871743086756e-08
final_reproduction_candidate,paper_exact_reconstructed_metadata,main,9,0.75,eigen,464,0.6382383225981387,3.341297592476651,28.255767399122323,1.6454572265291652e-08
final_reproduction_candidate,paper_exact_reconstructed_metadata,main,9,0.75,eigen,465,0.638238322598139,3.341297592476658,28.255767399122522,1.6454572265291533e-08
final_reproduction_candidate,paper_exact_reconstructed_metadata,main,9,0.75,eigen,466,0.7107061954298705,2.937120200743674,18.86145083373443,1.6140099490478755e-08
final_reproduction_candidate,paper_exact_reconstructed_metadata,main,9,0.75,eigen,467,0.6671393334715447,3.872513235441325,48.06302812208471,1.3247048415441353e-08
final_reproduction_candidate,paper_exact_reconstructed_metadata,main,9,0.75,eigen,468,0.6671393334715495,3.879764178212427,48.41279693276106,1.3247048415441353e-08
final_reproduction_candidate,paper_exact_reconstructed_metadata,main,9,0.75,eigen,469,0.6671393334715386,3.6408835964340653,38.125509410838156,1.3247048415441212e-08
final_reproduction_candidate,paper_exact_reconstructed_metadata,main,9,0.75,eigen,470,0.6671393334715473,3.1910656563936155,24.314324357245464,1.3247048415441166e-08
final_reproduction_candidate,paper_exact_reconstructed_metadata,main,9,0.75,eigen,471,0.7492393159038314,4.131664223508876,62.28148704885565,1.2909712331051788e-08
final_reproduction_candidate,paper_exact_reconstructed_metadata,main,9,0.75,eigen,472,0.749239315903835,3.865945021612738,47.74837436392923,1.2909712331051788e-08
final_reproduction_candidate,paper_exact_reconstructed_metadata,main,9,0.75,eigen,473,0.7492393159038343,4.014450801763311,55.392865383208644,1.2909712331051788e-08
final_reproduction_candidate,paper_exact_reconstructed_metadata,main,9,0.75,eigen,474,0.7492393159038317,3.6256263395470225,37.548233739741384,1.2909712331051788e-08
final_reproduction_candidate,paper_exact_reconstructed_metadata,main,9,0.75,eigen,475,0.7299874526147684,3.4811672200083916,32.49763183314715,1.1944112749572456e-08
final_reproduction_candidate,paper_exact_reconstructed_metadata,main,9,0.75,eigen,476,0.7299874526147686,3.4811672200083716,32.49763183314651,1.1944112749572413e-08
final_reproduction_candidate,paper_exact_reconstructed_metadata,main,9,0.75,eigen,477,0.7505372147637125,3.627296646393643,37.6110032191875,7.123800672182974e-09
final_reproduction_candidate,paper_exact_reconstructed_metadata,main,9,0.75,eigen,478,0.7505372147637122,3.598236254509761,36.533741364135075,7.123800672182949e-09
final_reproduction_candidate,paper_exact_reconstructed_metadata,main,9,0.75,eigen,479,0.7505372147637123,3.6456384066413845,38.30722063097907,7.123800672182949e-09
final_reproduction_candidate,paper_exact_reconstructed_metadata,main,9,0.75,eigen,480,0.7505372147637132,3.6255103337875694,37.543878181010115,7.1238006721829235e-09
final_reproduction_candidate,paper_exact_reconstructed_metadata,main,9,0.75,eigen,481,0.7946195357072364,3.5170736331451358,33.68570734973139,6.0554567240270725e-09
final_reproduction_candidate,paper_exact_reconstructed_metadata,main,9,0.75,eigen,482,0.7946195357072349,3.517073633145129,33.68570734973116,6.055456724027052e-09
final_reproduction_candidate,paper_exact_reconstructed_metadata,main,9,0.75,eigen,483,0.856710945900026,3.9696136972811877,52.964066724283995,5.852001154637857e-09
final_reproduction_candidate,paper_exact_reconstructed_metadata,main,9,0.75,eigen,484,0.8567109459000254,3.734994036106387,41.887775748119545,5.8520011546378375e-09
final_reproduction_candidate,paper_exact_reconstructed_metadata,main,9,0.75,eigen,485,0.856710945900025,3.23452253336724,25.394243979604585,5.8520011546378375e-09
final_reproduction_candidate,paper_exact_reconstructed_metadata,main,9,0.75,eigen,486,0.8567109459000252,3.987298546476303,53.90905965675726,5.8520011546378375e-09
final_reproduction_candidate,paper_exact_reconstructed_metadata,main,9,0.75,eigen,487,0.8235205465806424,4.0137852641123395,55.3560116108478,4.875054003682727e-09
final_reproduction_candidate,paper_exact_reconstructed_metadata,main,9,0.75,eigen,488,0.8235205465806429,4.024514918685899,55.95316036502369,4.875054003682692e-09
final_reproduction_candidate,paper_exact_reconstructed_metadata,main,9,0.75,eigen,489,0.8235205465806423,3.8276695279760893,45.955315765519124,4.875054003682692e-09
final_reproduction_candidate,paper_exact_reconstructed_metadata,main,9,0.75,eigen,490,0.8235205465806431,3.9117653649463966,49.987119635235466,4.875054003682657e-09
final_reproduction_candidate,paper_exact_reconstructed_metadata,main,9,0.75,eigen,491,0.8791044331574199,2.293892203116677,9.913447840457188,2.814872228797929e-09
final_reproduction_candidate,paper_exact_reconstructed_metadata,main,9,0.75,eigen,492,0.9069184278728079,3.7677798394997066,43.283860962938846,2.6216340349357732e-09
final_reproduction_candidate,paper_exact_reconstructed_metadata,main,9,0.75,eigen,493,0.906918427872809,3.8324168977400612,46.17400132195834,2.6216340349357732e-09
final_reproduction_candidate,paper_exact_reconstructed_metadata,main,9,0.75,eigen,494,0.9069184278728102,3.552977896934018,34.91714247233768,2.6216340349357546e-09
final_reproduction_candidate,paper_exact_reconstructed_metadata,main,9,0.75,eigen,495,0.9069184278728092,3.814915361269308,45.37291591441256,2.6216340349357546e-09
final_reproduction_candidate,paper_exact_reconstructed_metadata,main,9,0.75,eigen,496,0.8714558242644144,3.1753922280820563,23.936206479767765,2.161226034870332e-09
final_reproduction_candidate,paper_exact_reconstructed_metadata,main,9,0.75,eigen,497,0.8714558242644164,3.1753922280820555,23.936206479767748,2.161226034870332e-09
final_reproduction_candidate,paper_exact_reconstructed_metadata,main,9,0.75,eigen,498,1.0027156963701787,2.6910044531161628,14.746480632301902,2.121790979918342e-09
final_reproduction_candidate,paper_exact_reconstructed_metadata,main,9,0.75,eigen,499,0.9284223597445982,2.9398199241866334,18.91244033252133,1.4113195282213454e-09
final_reproduction_candidate,paper_exact_reconstructed_metadata,main,9,0.75,eigen,500,0.9284223597446017,2.939819924186615,18.912440332520987,1.4113195282213404e-09
final_reproduction_candidate,paper_exact_reconstructed_metadata,main,9,0.75,eigen,501,1.0354856462665167,3.419071567743866,30.541046561227862,1.0359027685639746e-09
final_reproduction_candidate,paper_exact_reconstructed_metadata,main,9,0.75,eigen,502,1.035485646266515,3.41671540657924,30.46917164109214,1.0359027685639671e-09
final_reproduction_candidate,paper_exact_reconstructed_metadata,main,9,0.75,eigen,503,1.0354856462665172,3.429953173621925,30.87519694218119,1.0359027685639671e-09
final_reproduction_candidate,paper_exact_reconstructed_metadata,main,9,0.75,eigen,504,1.0354856462665172,3.5037327857047256,33.23929584190754,1.03590276856396e-09
final_reproduction_candidate,paper_exact_reconstructed_metadata,main,9,0.75,eigen,505,1.0358939897407928,2.7728465158396305,16.004125229303597,6.397542638381457e-10
final_reproduction_candidate,paper_exact_reconstructed_metadata,main,9,0.75,eigen,506,1.0358939897407937,2.772846515839634,16.004125229303654,6.397542638381457e-10
final_reproduction_candidate,paper_exact_reconstructed_metadata,main,9,0.75,eigen,507,1.1918668593756134,2.3420552484742334,10.402594523778399,3.812231812655884e-10
final_reproduction_candidate,paper_exact_reconstructed_metadata,main,9,0.75,eigen,508,1.1818987402109473,2.4465012310948775,11.54787261811185,2.319590838255882e-10
final_reproduction_candidate,paper_exact_reconstructed_metadata,main,9,0.75,eigen,509,1.1818987402109447,2.4465012310948824,11.547872618111906,2.319590838255882e-10
final_reproduction_candidate,paper_exact_reconstructed_metadata,main,9,0.75,eigen,510,1.3086222334962008,2.1382575235498376,8.484640454586,1.1364802516827101e-10
final_reproduction_candidate,paper_exact_reconstructed_metadata,main,9,0.75,eigen,511,1.3387206514832564,2.034404910919373,7.6476997084777345,5.319929708286349e-11
final_reproduction_candidate,paper_exact_reconstructed_metadata,main,9,0.75,min_variance,0,-1.3529544121347277,1.0811061019988242,2.9479384690184216,0.32494772602922944
final_reproduction_candidate,paper_exact_reconstructed_metadata,main,9,0.75,min_variance,1,-1.2839769538265111,1.1417141011325287,3.1321325584535566,0.1221018413270954
final_reproduction_candidate,paper_exact_reconstructed_metadata,main,9,0.75,min_variance,2,-1.277348041921712,0.9440684914001559,2.5704178966795914,0.12401183818558399
final_reproduction_candidate,paper_exact_reconstructed_metadata,main,9,0.75,min_variance,3,-1.1822555910781996,1.014872632007579,2.759011965181079,0.034547598199847644
final_reproduction_candidate,paper_exact_reconstructed_metadata,main,9,0.75,min_variance,4,-1.1666833854023502,0.8994149946724281,2.458164651027654,0.035899134251375864
final_reproduction_candidate,paper_exact_reconstructed_metadata,main,9,0.75,min_variance,5,-1.1574146557453606,1.1768335399828787,3.2440856548299846,0.0405909748773375
final_reproduction_candidate,paper_exact_reconstructed_metadata,main,9,0.75,min_variance,6,-1.1316525300748028,1.0648604853066739,2.9004343026285437,0.04369471187074464
final_reproduction_candidate,paper_exact_reconstructed_metadata,main,9,0.75,min_variance,7,-1.0776303503510407,1.351759405131179,3.86421827881452,0.014943454713917467
final_reproduction_candidate,paper_exact_reconstructed_metadata,main,9,0.75,min_variance,8,-1.0774323731715563,1.1041758893591374,3.016737318778838,0.013615993789763347
final_reproduction_candidate,paper_exact_reconstructed_metadata,main,9,0.75,min_variance,9,-1.0651601682348204,1.1426427927682108,3.135042694862953,0.01702605471212542
final_reproduction_candidate,paper_exact_reconstructed_metadata,main,9,0.75,min_variance,10,-1.0095637644065238,1.4999665490127942,4.48153915592172,0.006890416718764608
final_reproduction_candidate,paper_exact_reconstructed_metadata,main,9,0.75,min_variance,11,-0.996708785087066,1.6885341080557006,5.411542151975385,0.007008071466165014
final_reproduction_candidate,paper_exact_reconstructed_metadata,main,9,0.75,min_variance,12,-0.9804050023814536,1.29099546261078,3.636404659486721,0.007972779073360877
final_reproduction_candidate,paper_exact_reconstructed_metadata,main,9,0.75,min_variance,13,-0.9796817974631534,1.3373410022317365,3.808902166083092,0.01479529359117826
final_reproduction_candidate,paper_exact_reconstructed_metadata,main,9,0.75,min_variance,14,-0.9790528036565913,1.6539770395085391,5.227729425309061,0.012966701353080852
final_reproduction_candidate,paper_exact_reconstructed_metadata,main,9,0.75,min_variance,15,-0.9695316955582773,1.3124162171290459,3.715139459851459,0.007708551497434556
final_reproduction_candidate,paper_exact_reconstructed_metadata,main,9,0.75,min_variance,16,-0.953874628343336,1.608886776481817,4.997245079476191,0.005318855424847015
final_reproduction_candidate,paper_exact_reconstructed_metadata,main,9,0.75,min_variance,17,-0.9062599930592167,2.0642296795664934,7.87922603050197,0.016023009077178414
final_reproduction_candidate,paper_exact_reconstructed_metadata,main,9,0.75,min_variance,18,-0.90572703925556,1.3906223961932938,4.017349658175514,0.006011449460862092
final_reproduction_candidate,paper_exact_reconstructed_metadata,main,9,0.75,min_variance,19,-0.9045764133571461,1.0200128756822209,2.773230470968691,0.006074057726024968
final_reproduction_candidate,paper_exact_reconstructed_metadata,main,9,0.75,min_variance,20,-0.8967778581364632,1.8876628975305,6.603916601731773,0.004437672707039808
final_reproduction_candidate,paper_exact_reconstructed_metadata,main,9,0.75,min_variance,21,-0.8958283144742247,1.5712902693100446,4.812854067186831,0.0040391601042174
final_reproduction_candidate,paper_exact_reconstructed_metadata,main,9,0.75,min_variance,22,-0.8872744748998287,1.522698469789431,4.584579868561257,0.007622358376087267
final_reproduction_candidate,paper_exact_reconstructed_metadata,main,9,0.75,min_variance,23,-0.8833509054563164,1.95262203611476,7.047141235767608,0.002969383490830214
final_reproduction_candidate,paper_exact_reconstructed_metadata,main,9,0.75,min_variance,24,-0.882507201003511,1.2555438113393778,3.509746495409167,0.0036200209008801117
final_reproduction_candidate,paper_exact_reconstructed_metadata,main,9,0.75,min_variance,25,-0.8759307711049837,1.5195850835321063,4.570328497126607,0.00787829943037432
final_reproduction_candidate,paper_exact_reconstructed_metadata,main,9,0.75,min_variance,26,-0.8712682922509036,1.5911394904124576,4.909339888033081,0.006850783775630126
final_reproduction_candidate,paper_exact_reconstructed_metadata,main,9,0.75,min_variance,27,-0.856561048701898,1.5490625263810598,4.707055373295095,0.004231163733838967
final_reproduction_candidate,paper_exact_reconstructed_metadata,main,9,0.75,min_variance,28,-0.8530637584335037,1.654105042662007,5.228398633990475,0.004330297622158984
final_reproduction_candidate,paper_exact_reconstructed_metadata,main,9,0.75,min_variance,29,-0.8240944519139158,1.4153337230551128,4.117860461667283,0.0032636452412912543
final_reproduction_candidate,paper_exact_reconstructed_metadata,main,9,0.75,min_variance,30,-0.8120060156518025,2.0879826317507044,8.068621353988151,0.0037477839445872983
final_reproduction_candidate,paper_exact_reconstructed_metadata,main,9,0.75,min_variance,31,-0.806153787885956,1.8028949282009332,6.067186133808974,0.001606620300629697
final_reproduction_candidate,paper_exact_reconstructed_metadata,main,9,0.75,min_variance,32,-0.802387226115542,2.259676162734098,9.579986307807514,0.003678278131242835
final_reproduction_candidate,paper_exact_reconstructed_metadata,main,9,0.75,min_variance,33,-0.7951651437822423,1.6505088275527147,5.209629956154489,0.0014426039067577886
final_reproduction_candidate,paper_exact_reconstructed_metadata,main,9,0.75,min_variance,34,-0.7925475637854512,1.9672512584689024,7.150993216583521,0.002896996767509953
final_reproduction_candidate,paper_exact_reconstructed_metadata,main,9,0.75,min_variance,35,-0.7867188164708647,1.5656088104222663,4.785587564771998,0.0032332175990281665
final_reproduction_candidate,paper_exact_reconstructed_metadata,main,9,0.75,min_variance,36,-0.7742790984018728,2.029480252990575,7.610129988410393,0.0020131648315014033
final_reproduction_candidate,paper_exact_reconstructed_metadata,main,9,0.75,min_variance,37,-0.7730693056157575,1.6048279383694966,4.977003177781071,0.002487717781089486
final_reproduction_candidate,paper_exact_reconstructed_metadata,main,9,0.75,min_variance,38,-0.7696975812012664,1.4654233170263877,4.329375550833583,0.0013203647530173749
final_reproduction_candidate,paper_exact_reconstructed_metadata,main,9,0.75,min_variance,39,-0.7685942426174304,1.7623640300954868,5.826194425942459,0.0013398809522727735
final_reproduction_candidate,paper_exact_reconstructed_metadata,main,9,0.75,min_variance,40,-0.7504503304892483,2.0269568080896705,7.5909504541224955,0.0018673884935333116
final_reproduction_candidate,paper_exact_reconstructed_metadata,main,9,0.75,min_variance,41,-0.7476795695341546,1.7487054440949685,5.747157841047644,0.0021609464635280553
final_reproduction_candidate,paper_exact_reconstructed_metadata,main,9,0.75,min_variance,42,-0.7339326390412764,2.010307756643375,7.465614586291594,0.0016003145238731255
final_reproduction_candidate,paper_exact_reconstructed_metadata,main,9,0.75,min_variance,43,-0.7296067983161835,1.8686107775013931,6.479288970061509,0.0008743596870424588
final_reproduction_candidate,paper_exact_reconstructed_metadata,main,9,0.75,min_variance,44,-0.7243824132321671,1.725622568261898,5.616016295063227,0.0019572951880787166
final_reproduction_candidate,paper_exact_reconstructed_metadata,main,9,0.75,min_variance,45,-0.7242138215166076,1.6551747105393655,5.233994276265137,0.001987932044281483
final_reproduction_candidate,paper_exact_reconstructed_metadata,main,9,0.75,min_variance,46,-0.7233419060348989,2.4368001046097785,11.436386888136324,0.0025698482458076963
final_reproduction_candidate,paper_exact_reconstructed_metadata,main,9,0.75,min_variance,47,-0.7095860251047044,2.3180287524612875,10.155635290561746,0.0027672172684820636
final_reproduction_candidate,paper_exact_reconstructed_metadata,main,9,0.75,min_variance,48,-0.7092779281268018,1.7678738791593482,5.858384477572437,0.0019230640483329413
final_reproduction_candidate,paper_exact_reconstructed_metadata,main,9,0.75,min_variance,49,-0.7000295537411356,2.060136514166417,7.847040969459372,0.0009488885776944755
final_reproduction_candidate,paper_exact_reconstructed_metadata,main,9,0.75,min_variance,50,-0.6986782203534306,2.3491654233826953,10.476822364095247,0.0012235281523691737
final_reproduction_candidate,paper_exact_reconstructed_metadata,main,9,0.75,min_variance,51,-0.6957652428023173,1.9495600966963835,7.025596317680737,0.0007953021611883312
final_reproduction_candidate,paper_exact_reconstructed_metadata,main,9,0.75,min_variance,52,-0.6955859027710652,1.9044657714834397,6.715818887154976,0.0021061979554426796
final_reproduction_candidate,paper_exact_reconstructed_metadata,main,9,0.75,min_variance,53,-0.6844103827836678,1.903762893688511,6.711100145727985,0.0008044256498892969
final_reproduction_candidate,paper_exact_reconstructed_metadata,main,9,0.75,min_variance,54,-0.6732842437058779,1.8708428561364014,6.493767405033138,0.0006503308550569201
final_reproduction_candidate,paper_exact_reconstructed_metadata,main,9,0.75,min_variance,55,-0.6717966470541498,1.3208909835637719,3.7467581904823977,0.0012134389530318143
final_reproduction_candidate,paper_exact_reconstructed_metadata,main,9,0.75,min_variance,56,-0.6715793400510184,2.0094430695982535,7.459161956229812,0.0015850904714205835
final_reproduction_candidate,paper_exact_reconstructed_metadata,main,9,0.75,min_variance,57,-0.6693231888131571,2.095415069563087,8.128814293479499,0.0012671115712317373
final_reproduction_candidate,paper_exact_reconstructed_metadata,main,9,0.75,min_variance,58,-0.6610005991134327,2.2148671311929804,9.160191926974253,0.0007182892373788014
final_reproduction_candidate,paper_exact_reconstructed_metadata,main,9,0.75,min_variance,59,-0.6510496291377154,1.896960001738044,6.66560019765856,0.0012747724130049163
final_reproduction_candidate,paper_exact_reconstructed_metadata,main,9,0.75,min_variance,60,-0.6387408250257426,2.1444167080517165,8.53706018626318,0.0008462549428814364
final_reproduction_candidate,paper_exact_reconstructed_metadata,main,9,0.75,min_variance,61,-0.6334584088002901,1.583280667926005,4.8709094640592845,0.0008591539782549498
final_reproduction_candidate,paper_exact_reconstructed_metadata,main,9,0.75,min_variance,62,-0.6310046217741241,1.7127142110867353,5.543988630371652,0.0004955559311978906
final_reproduction_candidate,paper_exact_reconstructed_metadata,main,9,0.75,min_variance,63,-0.6240315586072388,1.9440635483109008,6.987085722216333,0.0007342297109877528
final_reproduction_candidate,paper_exact_reconstructed_metadata,main,9,0.75,min_variance,64,-0.6197139542035043,1.6120111083614848,5.012882547187594,0.0005402442731689135
final_reproduction_candidate,paper_exact_reconstructed_metadata,main,9,0.75,min_variance,65,-0.6186234404106673,2.1460356294154734,8.55089220883979,0.000532410057340407
final_reproduction_candidate,paper_exact_reconstructed_metadata,main,9,0.75,min_variance,66,-0.617441795858863,1.862085174016993,6.4371453551938345,0.0007350009354674091
final_reproduction_candidate,paper_exact_reconstructed_metadata,main,9,0.75,min_variance,67,-0.6082750723067236,2.131514145356557,8.427617793933072,0.0007334156457901692
final_reproduction_candidate,paper_exact_reconstructed_metadata,main,9,0.75,min_variance,68,-0.5986162920492073,1.956922141506387,7.0775099332956986,0.0005069297000245391
final_reproduction_candidate,paper_exact_reconstructed_metadata,main,9,0.75,min_variance,69,-0.5921778885500311,2.172478662714028,8.780019799510608,0.0005451876893683491
final_reproduction_candidate,paper_exact_reconstructed_metadata,main,9,0.75,min_variance,70,-0.591002693538961,1.7925782879280363,6.004914924141179,0.0005308286908966306
final_reproduction_candidate,paper_exact_reconstructed_metadata,main,9,0.75,min_variance,71,-0.5903323496085471,1.7182921869494092,5.574999273038037,0.0006879895375045142
final_reproduction_candidate,paper_exact_reconstructed_metadata,main,9,0.75,min_variance,72,-0.5880700541108639,2.082621589942817,8.025480879844306,0.000735244750587803
final_reproduction_candidate,paper_exact_reconstructed_metadata,main,9,0.75,min_variance,73,-0.5850800532604958,2.5012263329336917,12.197442918588205,0.000629500802565187
final_reproduction_candidate,paper_exact_reconstructed_metadata,main,9,0.75,min_variance,74,-0.5824525221504029,2.3889465215806487,10.902002866556552,0.0006894318923421104
final_reproduction_candidate,paper_exact_reconstructed_metadata,main,9,0.75,min_variance,75,-0.5718450476416894,2.40443479899794,11.072170511470663,0.0004041728890011686
final_reproduction_candidate,paper_exact_reconstructed_metadata,main,9,0.75,min_variance,76,-0.5672438596501139,1.910836515406477,6.758740224775574,0.00041232671114210047
final_reproduction_candidate,paper_exact_reconstructed_metadata,main,9,0.75,min_variance,77,-0.5607785817215282,2.4092348029400688,11.125444729515332,0.0004531538988397241
final_reproduction_candidate,paper_exact_reconstructed_metadata,main,9,0.75,min_variance,78,-0.5607761495289998,1.9982461814468555,7.376108392536766,0.00032179774483511006
final_reproduction_candidate,paper_exact_reconstructed_metadata,main,9,0.75,min_variance,79,-0.5588461679293825,2.3021814849095197,9.995964733542602,0.0004630304082673144
final_reproduction_candidate,paper_exact_reconstructed_metadata,main,9,0.75,min_variance,80,-0.555882176702772,1.9025828158882065,6.703185196476863,0.00039610390586545483
final_reproduction_candidate,paper_exact_reconstructed_metadata,main,9,0.75,min_variance,81,-0.5537745434465273,2.3295981013158777,10.273811671814318,0.0003960004739933461
final_reproduction_candidate,paper_exact_reconstructed_metadata,main,9,0.75,min_variance,82,-0.5429852857456943,2.4339085461284107,11.403365671031755,0.00037518394540363175
final_reproduction_candidate,paper_exact_reconstructed_metadata,main,9,0.75,min_variance,83,-0.5390030617187032,2.7183216624060806,15.154865907581874,0.00033793434626596373
final_reproduction_candidate,paper_exact_reconstructed_metadata,main,9,0.75,min_variance,84,-0.5343223033768314,2.0159544309563064,7.507889725048035,0.0003698275968640961
final_reproduction_candidate,paper_exact_reconstructed_metadata,main,9,0.75,min_variance,85,-0.5332464257114717,2.583576616859799,13.244423777362845,0.0004238348762977789
final_reproduction_candidate,paper_exact_reconstructed_metadata,main,9,0.75,min_variance,86,-0.5258370364669078,2.3019990124073897,9.994140911250238,0.00038852163566525146
final_reproduction_candidate,paper_exact_reconstructed_metadata,main,9,0.75,min_variance,87,-0.5170539010631562,2.1526429082976906,8.607577399565974,0.00047185101443360716
final_reproduction_candidate,paper_exact_reconstructed_metadata,main,9,0.75,min_variance,88,-0.5153861302626435,2.1156496280380495,8.294972663006893,0.0004822905443162541
final_reproduction_candidate,paper_exact_reconstructed_metadata,main,9,0.75,min_variance,89,-0.5148045240673007,2.0454700724944406,7.732792656826476,0.00043861163620231245
final_reproduction_candidate,paper_exact_reconstructed_metadata,main,9,0.75,min_variance,90,-0.5121887688889387,2.1911526479056844,8.945518207313016,0.0004993838609405087
final_reproduction_candidate,paper_exact_reconstructed_metadata,main,9,0.75,min_variance,91,-0.5069587946897728,2.316588385402586,10.14101797770416,0.0002617409710503059
final_reproduction_candidate,paper_exact_reconstructed_metadata,main,9,0.75,min_variance,92,-0.5030502036948036,1.9605404096389856,7.1031646467726075,0.00034623524419836197
final_reproduction_candidate,paper_exact_reconstructed_metadata,main,9,0.75,min_variance,93,-0.4981503137790502,1.8053195746007398,6.081914763469019,0.0003368020786486461
final_reproduction_candidate,paper_exact_reconstructed_metadata,main,9,0.75,min_variance,94,-0.49519496723251105,2.3531747954980418,10.518912163991304,0.0002339010465092967
final_reproduction_candidate,paper_exact_reconstructed_metadata,main,9,0.75,min_variance,95,-0.49487305598753206,2.459967122257277,11.704426718524488,0.00017632936671914534
final_reproduction_candidate,paper_exact_reconstructed_metadata,main,9,0.75,min_variance,96,-0.4893072930682748,1.9355570009441936,6.927901828746725,0.0002589704304183214
final_reproduction_candidate,paper_exact_reconstructed_metadata,main,9,0.75,min_variance,97,-0.4879149127389476,2.490954075126393,12.072788975174651,0.0002775353596689101
final_reproduction_candidate,paper_exact_reconstructed_metadata,main,9,0.75,min_variance,98,-0.4863965483098083,1.765041673122216,5.841815799717258,0.00018432704390609477
final_reproduction_candidate,paper_exact_reconstructed_metadata,main,9,0.75,min_variance,99,-0.4861133998707895,2.315676591092988,10.13177566940093,0.00026450168725181133
final_reproduction_candidate,paper_exact_reconstructed_metadata,main,9,0.75,min_variance,100,-0.4860435388902966,2.6741072588975108,14.499399849749594,0.00023523435757719357
final_reproduction_candidate,paper_exact_reconstructed_metadata,main,9,0.75,min_variance,101,-0.47989600012977746,2.1540663461823972,8.619838475701943,0.00018249641460974815
final_reproduction_candidate,paper_exact_reconstructed_metadata,main,9,0.75,min_variance,102,-0.4791000677099498,2.1743278779886523,8.796270967558423,0.0001893227328316334
final_reproduction_candidate,paper_exact_reconstructed_metadata,main,9,0.75,min_variance,103,-0.47423671500491754,2.3622182840871693,10.614471268681093,0.0002293179360047746
final_reproduction_candidate,paper_exact_reconstructed_metadata,main,9,0.75,min_variance,104,-0.4602457852538932,2.0668686950198287,7.9000468909593,9.849747283081739e-05
final_reproduction_candidate,paper_exact_reconstructed_metadata,main,9,0.75,min_variance,105,-0.4556253436850068,2.4594396400976595,11.69825447026045,0.00016299293791217435
final_reproduction_candidate,paper_exact_reconstructed_metadata,main,9,0.75,min_variance,106,-0.45177721979161833,3.002567508994322,20.137172979547458,0.0005905232823753825
final_reproduction_candidate,paper_exact_reconstructed_metadata,main,9,0.75,min_variance,107,-0.45156185253892084,2.646912440936786,14.110404611067914,0.00022808278317110653
final_reproduction_candidate,paper_exact_reconstructed_metadata,main,9,0.75,min_variance,108,-0.4501119179724248,1.9542988583490255,7.058967951758789,0.00022037219854826188
final_reproduction_candidate,paper_exact_reconstructed_metadata,main,9,0.75,min_variance,109,-0.44778344062603487,2.393337016040471,10.949973279601277,0.00032163448617112864
final_reproduction_candidate,paper_exact_reconstructed_metadata,main,9,0.75,min_variance,110,-0.43968995736728694,2.6201259948495825,13.737454324534774,0.0003307367970898064
final_reproduction_candidate,paper_exact_reconstructed_metadata,main,9,0.75,min_variance,111,-0.43567290717359675,2.5414759861044,12.698399807346295,0.00037047875823472326
final_reproduction_candidate,paper_exact_reconstructed_metadata,main,9,0.75,min_variance,112,-0.4320648343599354,2.540284334969481,12.683276757293694,0.0002475776841655094
final_reproduction_candidate,paper_exact_reconstructed_metadata,main,9,0.75,min_variance,113,-0.431366497829155,2.4175189079150594,11.217991887469694,0.00034087276889925274
final_reproduction_candidate,paper_exact_reconstructed_metadata,main,9,0.75,min_variance,114,-0.4261304911893324,2.7971495040475585,16.397838117669906,0.000407174053954028
final_reproduction_candidate,paper_exact_reconstructed_metadata,main,9,0.75,min_variance,115,-0.4198956505424595,2.5407282692367414,12.688908548447454,0.00021243298798649505
final_reproduction_candidate,paper_exact_reconstructed_metadata,main,9,0.75,min_variance,116,-0.41578649575581317,2.3749067152233665,10.750010326989178,0.00015446437637747407
final_reproduction_candidate,paper_exact_reconstructed_metadata,main,9,0.75,min_variance,117,-0.41205614311460576,2.5708224822204495,13.076575269809487,0.00024612844527929626
final_reproduction_candidate,paper_exact_reconstructed_metadata,main,9,0.75,min_variance,118,-0.4118705750129308,2.2926037527411154,9.900683080010142,0.00028554471060852785
final_reproduction_candidate,paper_exact_reconstructed_metadata,main,9,0.75,min_variance,119,-0.4092931000083244,2.607109969280188,13.559805913962249,0.0001666567044025076
final_reproduction_candidate,paper_exact_reconstructed_metadata,main,9,0.75,min_variance,120,-0.406378820061744,2.4165528569947416,11.207159969017493,0.000253652458421696
final_reproduction_candidate,paper_exact_reconstructed_metadata,main,9,0.75,min_variance,121,-0.40631200295846076,2.665159711115709,14.370244450505195,0.0002189582477371531
final_reproduction_candidate,paper_exact_reconstructed_metadata,main,9,0.75,min_variance,122,-0.4057543920877868,2.31126131795287,10.087139724883013,0.00027372914067531684
final_reproduction_candidate,paper_exact_reconstructed_metadata,main,9,0.75,min_variance,123,-0.4050343197390391,2.28488568874009,9.824563101639608,0.0001669449878188925
final_reproduction_candidate,paper_exact_reconstructed_metadata,main,9,0.75,min_variance,124,-0.4010828845446647,2.2700634511052185,9.6800150022376,0.00018006390986007975
final_reproduction_candidate,paper_exact_reconstructed_metadata,main,9,0.75,min_variance,125,-0.3976346696296766,2.2699320184832463,9.678742816090336,0.0002001270267081841
final_reproduction_candidate,paper_exact_reconstructed_metadata,main,9,0.75,min_variance,126,-0.39395691241489694,2.3397845280576615,10.378999938499334,0.00022969893862264163
final_reproduction_candidate,paper_exact_reconstructed_metadata,main,9,0.75,min_variance,127,-0.3872501161537917,1.879286994919731,6.548833845358091,0.0001752220478343698
final_reproduction_candidate,paper_exact_reconstructed_metadata,main,9,0.75,min_variance,128,-0.3853512934601095,2.402608590918225,11.051968876031994,0.0001130574322154278
final_reproduction_candidate,paper_exact_reconstructed_metadata,main,9,0.75,min_variance,129,-0.3791557582887624,2.4977211531086962,12.154763530915329,0.00016059355979595113
final_reproduction_candidate,paper_exact_reconstructed_metadata,main,9,0.75,min_variance,130,-0.37774341875525513,2.6201309509148887,13.73752240842426,0.00018840194618918482
final_reproduction_candidate,paper_exact_reconstructed_metadata,main,9,0.75,min_variance,131,-0.3756820178677318,1.8608103200024018,6.428944163367172,0.00018589006512935454
final_reproduction_candidate,paper_exact_reconstructed_metadata,main,9,0.75,min_variance,132,-0.37023073483767793,2.3621809379199123,10.61407486626385,0.00017778010821526674
final_reproduction_candidate,paper_exact_reconstructed_metadata,main,9,0.75,min_variance,133,-0.36922581950612077,2.7634909871120588,15.855096384768283,0.0002666798642017137
final_reproduction_candidate,paper_exact_reconstructed_metadata,main,9,0.75,min_variance,134,-0.3656671639187745,3.0491023583625143,21.096398914607597,0.00026735526332017826
final_reproduction_candidate,paper_exact_reconstructed_metadata,main,9,0.75,min_variance,135,-0.3614002471069704,2.4963419812380088,12.138011577525425,0.00013021254768514758
final_reproduction_candidate,paper_exact_reconstructed_metadata,main,9,0.75,min_variance,136,-0.3611775465962586,2.7696565319721946,15.953153670458764,0.00015642511507949546
final_reproduction_candidate,paper_exact_reconstructed_metadata,main,9,0.75,min_variance,137,-0.35663842060393725,2.2251008485325627,9.254416051126277,0.0001296490933588874
final_reproduction_candidate,paper_exact_reconstructed_metadata,main,9,0.75,min_variance,138,-0.35568729180965075,2.1459722316373138,8.550350118456311,0.00016965347470040152
final_reproduction_candidate,paper_exact_reconstructed_metadata,main,9,0.75,min_variance,139,-0.35235592939305166,2.5046488382670566,12.239260251233405,0.00014714788804142512
final_reproduction_candidate,paper_exact_reconstructed_metadata,main,9,0.75,min_variance,140,-0.34941927160346453,2.740898048315827,15.50089940414814,0.0001276530142329581
final_reproduction_candidate,paper_exact_reconstructed_metadata,main,9,0.75,min_variance,141,-0.347214388653714,2.40493724680067,11.077735097055436,0.00015448894497181202
final_reproduction_candidate,paper_exact_reconstructed_metadata,main,9,0.75,min_variance,142,-0.3465579497537174,2.383152002861502,10.839013679128923,7.45051591702981e-05
final_reproduction_candidate,paper_exact_reconstructed_metadata,main,9,0.75,min_variance,143,-0.34387820538089653,2.547236710497946,12.77176289826401,0.00010307678921411896
final_reproduction_candidate,paper_exact_reconstructed_metadata,main,9,0.75,min_variance,144,-0.33313095157736666,2.188026653274356,8.91759822701257,9.810414304751022e-05
final_reproduction_candidate,paper_exact_reconstructed_metadata,main,9,0.75,min_variance,145,-0.33015774671253895,2.700912573236153,14.893316767536472,0.00012866877292019434
final_reproduction_candidate,paper_exact_reconstructed_metadata,main,9,0.75,min_variance,146,-0.3194548073227394,2.031077274578593,7.622293240192169,8.931158153830014e-05
final_reproduction_candidate,paper_exact_reconstructed_metadata,main,9,0.75,min_variance,147,-0.31913324331401416,2.472538939499934,11.852501466223057,0.00011903586028430746
final_reproduction_candidate,paper_exact_reconstructed_metadata,main,9,0.75,min_variance,148,-0.318350676680507,2.241619960051813,9.408560440861516,9.822124869022142e-05
final_reproduction_candidate,paper_exact_reconstructed_metadata,main,9,0.75,min_variance,149,-0.3138452136591677,2.1948510882919163,8.978663929082865,9.112897611830794e-05
final_reproduction_candidate,paper_exact_reconstructed_metadata,main,9,0.75,min_variance,150,-0.3119931855359562,2.566592630403316,13.02138011011021,9.835386169692429e-05
final_reproduction_candidate,paper_exact_reconstructed_metadata,main,9,0.75,min_variance,151,-0.30952840818728455,2.6187353826174324,13.718364129118491,0.00012195963078096422
final_reproduction_candidate,paper_exact_reconstructed_metadata,main,9,0.75,min_variance,152,-0.30879598147290344,2.312798623861098,10.102658670005871,8.335650400693941e-05
final_reproduction_candidate,paper_exact_reconstructed_metadata,main,9,0.75,min_variance,153,-0.30789536298838305,2.0164039679957115,7.511265558291404,7.90404512996416e-05
final_reproduction_candidate,paper_exact_reconstructed_metadata,main,9,0.75,min_variance,154,-0.30768777110226897,2.686583952515472,14.681437672945249,0.00016342076420249765
final_reproduction_candidate,paper_exact_reconstructed_metadata,main,9,0.75,min_variance,155,-0.3063945969335312,2.691672661013404,14.756337640015357,7.53519780099945e-05
final_reproduction_candidate,paper_exact_reconstructed_metadata,main,9,0.75,min_variance,156,-0.3005488144706722,2.700222849208541,14.883048030815376,9.241109718618138e-05
final_reproduction_candidate,paper_exact_reconstructed_metadata,main,9,0.75,min_variance,157,-0.2960476573876,2.577455138745116,13.1635959722895,8.34048244509526e-05
final_reproduction_candidate,paper_exact_reconstructed_metadata,main,9,0.75,min_variance,158,-0.2957792013201261,2.4360999929030434,11.428382941948334,0.00011792570603832381
final_reproduction_candidate,paper_exact_reconstructed_metadata,main,9,0.75,min_variance,159,-0.29314998434432693,2.8414822090872294,17.141153490839766,0.00013429191919696302
final_reproduction_candidate,paper_exact_reconstructed_metadata,main,9,0.75,min_variance,160,-0.29281570999031786,2.370194057790801,10.69946839786155,7.491766767562266e-05
final_reproduction_candidate,paper_exact_reconstructed_metadata,main,9,0.75,min_variance,161,-0.29245728944745714,2.515573363729784,12.373701377171495,5.799892969501282e-05
final_reproduction_candidate,paper_exact_reconstructed_metadata,main,9,0.75,min_variance,162,-0.28588410501027756,2.7826476179734563,16.16175450370601,9.611854030284202e-05
final_reproduction_candidate,paper_exact_reconstructed_metadata,main,9,0.75,min_variance,163,-0.28169980397549654,2.175343953273336,8.805213183298807,6.463805684932589e-05
final_reproduction_candidate,paper_exact_reconstructed_metadata,main,9,0.75,min_variance,164,-0.27815675506442594,2.6102691832082874,13.602711980703987,8.78322982076001e-05
final_reproduction_candidate,paper_exact_reconstructed_metadata,main,9,0.75,min_variance,165,-0.277396362256883,2.5794113377430916,13.189371788633578,6.577698426074522e-05
final_reproduction_candidate,paper_exact_reconstructed_metadata,main,9,0.75,min_variance,166,-0.2748329387588908,2.4003880021781527,11.027454226940625,7.056259649327157e-05
final_reproduction_candidate,paper_exact_reconstructed_metadata,main,9,0.75,min_variance,167,-0.2732331990992796,2.689988434330487,14.73150553973279,0.00010906251040710809
final_reproduction_candidate,paper_exact_reconstructed_metadata,main,9,0.75,min_variance,168,-0.27282012371058584,2.713714162131958,15.08520047375538,5.992523161770695e-05
final_reproduction_candidate,paper_exact_reconstructed_metadata,main,9,0.75,min_variance,169,-0.26526879000066367,2.753485456960057,15.697248731405347,9.974488750464138e-05
final_reproduction_candidate,paper_exact_reconstructed_metadata,main,9,0.75,min_variance,170,-0.26399225809144244,2.5834739339074497,13.243063870648031,7.498517162533889e-05
final_reproduction_candidate,paper_exact_reconstructed_metadata,main,9,0.75,min_variance,171,-0.25764647308504596,2.106099752301411,8.216133754899804,5.1520254454808543e-05
final_reproduction_candidate,paper_exact_reconstructed_metadata,main,9,0.75,min_variance,172,-0.2569682690915479,2.5064419022663977,12.261225715024578,4.615486841022071e-05
final_reproduction_candidate,paper_exact_reconstructed_metadata,main,9,0.75,min_variance,173,-0.25567167164372157,2.789908212650663,16.279525478717343,9.238869097183376e-05
final_reproduction_candidate,paper_exact_reconstructed_metadata,main,9,0.75,min_variance,174,-0.2479325454387734,2.743296516384494,15.538122437689037,4.639805327255723e-05
final_reproduction_candidate,paper_exact_reconstructed_metadata,main,9,0.75,min_variance,175,-0.24431836700100393,2.30109524983175,9.98511266103083,7.885927779726994e-05
final_reproduction_candidate,paper_exact_reconstructed_metadata,main,9,0.75,min_variance,176,-0.24022038695611986,2.1687224441926456,8.747101988470932,5.5023031074933525e-05
final_reproduction_candidate,paper_exact_reconstructed_metadata,main,9,0.75,min_variance,177,-0.23977342310150485,2.262930351913747,9.611212175475746,5.512031319114174e-05
final_reproduction_candidate,paper_exact_reconstructed_metadata,main,9,0.75,min_variance,178,-0.23403321481957048,2.30089446469432,9.983108000072727,3.379705772834443e-05
final_reproduction_candidate,paper_exact_reconstructed_metadata,main,9,0.75,min_variance,179,-0.23316408936769795,2.960378548917254,19.305278364683243,5.018126429419343e-05
final_reproduction_candidate,paper_exact_reconstructed_metadata,main,9,0.75,min_variance,180,-0.23244968234172006,2.6416898391806236,14.036903687257757,5.7545377495975375e-05
final_reproduction_candidate,paper_exact_reconstructed_metadata,main,9,0.75,min_variance,181,-0.229975670693179,2.6238497075480054,13.78870401799505,5.1196345902614713e-05
final_reproduction_candidate,paper_exact_reconstructed_metadata,main,9,0.75,min_variance,182,-0.2280768643967949,2.4872130924951144,12.027709255106357,4.483835664600736e-05
final_reproduction_candidate,paper_exact_reconstructed_metadata,main,9,0.75,min_variance,183,-0.2257782683803449,2.775004947706599,16.038706350272605,4.4334837972912013e-05
final_reproduction_candidate,paper_exact_reconstructed_metadata,main,9,0.75,min_variance,184,-0.22254873804363184,2.9042754592749835,18.252014532427555,4.3295837915359566e-05
final_reproduction_candidate,paper_exact_reconstructed_metadata,main,9,0.75,min_variance,185,-0.22190132131575663,2.7825194402060487,16.159683058855762,6.826288288226975e-05
final_reproduction_candidate,paper_exact_reconstructed_metadata,main,9,0.75,min_variance,186,-0.22157594972185168,2.1759506006617992,8.810556463460925,6.447974105376877e-05
final_reproduction_candidate,paper_exact_reconstructed_metadata,main,9,0.75,min_variance,187,-0.21947524681834396,2.363827865399378,10.63156988038555,2.7279449991776237e-05
final_reproduction_candidate,paper_exact_reconstructed_metadata,main,9,0.75,min_variance,188,-0.21462693619465625,2.2809486786661344,9.785959738513819,5.000784159871149e-05
final_reproduction_candidate,paper_exact_reconstructed_metadata,main,9,0.75,min_variance,189,-0.21322461816027893,2.105693429568704,8.212796031122673,3.731683561781786e-05
final_reproduction_candidate,paper_exact_reconstructed_metadata,main,9,0.75,min_variance,190,-0.21044774251827184,2.343998319108408,10.422827150062043,5.2247945888014246e-05
final_reproduction_candidate,paper_exact_reconstructed_metadata,main,9,0.75,min_variance,191,-0.20875594158879499,2.7219541708177424,15.210016191761506,6.181642689834422e-05
final_reproduction_candidate,paper_exact_reconstructed_metadata,main,9,0.75,min_variance,192,-0.20860912339804655,2.4087934104920503,11.12053512584158,2.073435116305669e-05
final_reproduction_candidate,paper_exact_reconstructed_metadata,main,9,0.75,min_variance,193,-0.20023868412942838,2.6422014630251143,14.044087139342968,3.2258326152057824e-05
final_reproduction_candidate,paper_exact_reconstructed_metadata,main,9,0.75,min_variance,194,-0.19611326391167647,2.2740884701174036,9.71905576385618,2.7494047302642094e-05
final_reproduction_candidate,paper_exact_reconstructed_metadata,main,9,0.75,min_variance,195,-0.18970275474744716,2.466455897703831,11.780621051849621,5.187894146805115e-05
final_reproduction_candidate,paper_exact_reconstructed_metadata,main,9,0.75,min_variance,196,-0.18957249807159815,2.4241012880189374,11.292076533231283,2.2747914210153876e-05
final_reproduction_candidate,paper_exact_reconstructed_metadata,main,9,0.75,min_variance,197,-0.17860622648030655,2.51770514274646,12.400107510145874,4.0213690481170486e-05
final_reproduction_candidate,paper_exact_reconstructed_metadata,main,9,0.75,min_variance,198,-0.1785849134280494,2.642260530558437,14.044916713428266,2.361297576246234e-05
final_reproduction_candidate,paper_exact_reconstructed_metadata,main,9,0.75,min_variance,199,-0.1785405535149814,2.6925401854892446,14.769144678498296,5.133036443033712e-05
final_reproduction_candidate,paper_exact_reconstructed_metadata,main,9,0.75,min_variance,200,-0.17621455419359958,2.463936237175107,11.750975250343698,3.4983037871143525e-05
final_reproduction_candidate,paper_exact_reconstructed_metadata,main,9,0.75,min_variance,201,-0.17341426357521797,2.332791111394233,10.306668484176598,4.4840495180246536e-05
final_reproduction_candidate,paper_exact_reconstructed_metadata,main,9,0.75,min_variance,202,-0.1712442485957591,2.876470182422155,17.75150289400945,4.6442005685726704e-05
final_reproduction_candidate,paper_exact_reconstructed_metadata,main,9,0.75,min_variance,203,-0.17024565257300064,2.564489822819201,12.99402742205797,3.279275470987662e-05
final_reproduction_candidate,paper_exact_reconstructed_metadata,main,9,0.75,min_variance,204,-0.1657160555916749,2.5029794175912614,12.218844822824128,2.8061171865627464e-05
final_reproduction_candidate,paper_exact_reconstructed_metadata,main,9,0.75,min_variance,205,-0.16256059124158634,2.582258228236581,13.22697398506504,4.294008215994854e-05
final_reproduction_candidate,paper_exact_reconstructed_metadata,main,9,0.75,min_variance,206,-0.15989656313579045,2.4635473351043746,11.7464061602576,3.448380716437999e-05
final_reproduction_candidate,paper_exact_reconstructed_metadata,main,9,0.75,min_variance,207,-0.15902860694318854,2.7334491862714887,15.385864315076086,3.54839547130035e-05
final_reproduction_candidate,paper_exact_reconstructed_metadata,main,9,0.75,min_variance,208,-0.15478688689167067,2.4420893849594334,11.497037401961322,2.336031403965673e-05
final_reproduction_candidate,paper_exact_reconstructed_metadata,main,9,0.75,min_variance,209,-0.14526303368624263,2.1319385689546544,8.43119543296407,2.0805367910022443e-05
final_reproduction_candidate,paper_exact_reconstructed_metadata,main,9,0.75,min_variance,210,-0.14346583567440832,2.574035149187883,13.11865350671525,2.5406149028822594e-05
final_reproduction_candidate,paper_exact_reconstructed_metadata,main,9,0.75,min_variance,211,-0.13630243869661945,2.52162650744399,12.448828317576837,1.7435174693510436e-05
final_reproduction_candidate,paper_exact_reconstructed_metadata,main,9,0.75,min_variance,212,-0.13193289836389993,2.487564449345257,12.031936015651814,2.3987448677208575e-05
final_reproduction_candidate,paper_exact_reconstructed_metadata,main,9,0.75,min_variance,213,-0.1289357391421587,2.376690960719079,10.76920810617643,3.3279011848892606e-05
final_reproduction_candidate,paper_exact_reconstructed_metadata,main,9,0.75,min_variance,214,-0.12890067840498268,2.4687890904451253,11.808139601932623,3.857526962908143e-05
final_reproduction_candidate,paper_exact_reconstructed_metadata,main,9,0.75,min_variance,215,-0.12161185894813133,2.5794249733305787,13.189551634692652,1.7045538790565227e-05
final_reproduction_candidate,paper_exact_reconstructed_metadata,main,9,0.75,min_variance,216,-0.12007236310560991,2.7804879158984086,16.126887593589526,2.0864284842932273e-05
final_reproduction_candidate,paper_exact_reconstructed_metadata,main,9,0.75,min_variance,217,-0.11964670298347015,2.2346967999429603,9.343648427934832,1.7621289070727746e-05
final_reproduction_candidate,paper_exact_reconstructed_metadata,main,9,0.75,min_variance,218,-0.11442133657065481,2.5903751124292915,13.33477270413267,2.376566396849629e-05
final_reproduction_candidate,paper_exact_reconstructed_metadata,main,9,0.75,min_variance,219,-0.10974096671117578,2.6765036628282846,14.534187935047294,1.7109966926731535e-05
final_reproduction_candidate,paper_exact_reconstructed_metadata,main,9,0.75,min_variance,220,-0.10884359906185642,2.512221852900376,12.332300200006504,3.841374174115387e-05
final_reproduction_candidate,paper_exact_reconstructed_metadata,main,9,0.75,min_variance,221,-0.10477477762408297,2.45273489647029,11.620083025737229,3.472052808701159e-05
final_reproduction_candidate,paper_exact_reconstructed_metadata,main,9,0.75,min_variance,222,-0.10254486603349738,2.5665189700100224,13.020420985455255,2.6101636546755007e-05
final_reproduction_candidate,paper_exact_reconstructed_metadata,main,9,0.75,min_variance,223,-0.1015877611649584,2.222360267758743,9.22908829865197,4.508542146961431e-05
final_reproduction_candidate,paper_exact_reconstructed_metadata,main,9,0.75,min_variance,224,-0.09860390459277388,2.680681694210756,14.595039259211575,4.582144903138011e-05
final_reproduction_candidate,paper_exact_reconstructed_metadata,main,9,0.75,min_variance,225,-0.09427116803036234,2.4112496898612754,11.147883841138238,3.0086307376574612e-05
final_reproduction_candidate,paper_exact_reconstructed_metadata,main,9,0.75,min_variance,226,-0.09343755794930109,2.6478238300527095,14.123270542295991,2.9801148337023388e-05
final_reproduction_candidate,paper_exact_reconstructed_metadata,main,9,0.75,min_variance,227,-0.09271935808430004,2.6223141827709235,13.767547368768106,4.549539472026719e-05
final_reproduction_candidate,paper_exact_reconstructed_metadata,main,9,0.75,min_variance,228,-0.0911466520721955,2.3633748886871415,10.626755117385304,2.4691043063181108e-05
final_reproduction_candidate,paper_exact_reconstructed_metadata,main,9,0.75,min_variance,229,-0.09017733848554006,2.9516760318266546,19.13800276485909,2.1898814418761887e-05
final_reproduction_candidate,paper_exact_reconstructed_metadata,main,9,0.75,min_variance,230,-0.08825848131045987,2.539689675312397,12.675736766372903,2.8750196752840265e-05
final_reproduction_candidate,paper_exact_reconstructed_metadata,main,9,0.75,min_variance,231,-0.08604858445113474,1.9134028279049673,6.776107539735485,2.4925559311041295e-05
final_reproduction_candidate,paper_exact_reconstructed_metadata,main,9,0.75,min_variance,232,-0.08463828987001261,2.731834012002765,15.361033521360033,2.604037088771457e-05
final_reproduction_candidate,paper_exact_reconstructed_metadata,main,9,0.75,min_variance,233,-0.08413729845875621,2.698841338007117,14.862501129404636,2.0343421491475126e-05
final_reproduction_candidate,paper_exact_reconstructed_metadata,main,9,0.75,min_variance,234,-0.07866578025458221,2.4431200699682716,11.508893334874177,2.4177469436171724e-05
final_reproduction_candidate,paper_exact_reconstructed_metadata,main,9,0.75,min_variance,235,-0.07589296954342233,2.937178508770437,18.86255063977789,1.9983160001663314e-05
final_reproduction_candidate,paper_exact_reconstructed_metadata,main,9,0.75,min_variance,236,-0.07568513703687069,2.4524097512974614,11.616305426000984,2.942260427144638e-05
final_reproduction_candidate,paper_exact_reconstructed_metadata,main,9,0.75,min_variance,237,-0.074970004342525,3.047492220869666,21.062458143737707,4.250688982547565e-05
final_reproduction_candidate,paper_exact_reconstructed_metadata,main,9,0.75,min_variance,238,-0.07331638148604404,2.332845397337751,10.307228006586753,1.867711558550474e-05
final_reproduction_candidate,paper_exact_reconstructed_metadata,main,9,0.75,min_variance,239,-0.06901765882969596,2.842674604503363,17.161604714238866,2.3654051629722437e-05
final_reproduction_candidate,paper_exact_reconstructed_metadata,main,9,0.75,min_variance,240,-0.062431831114003265,2.4392856849536986,11.464848303505098,1.464308737400883e-05
final_reproduction_candidate,paper_exact_reconstructed_metadata,main,9,0.75,min_variance,241,-0.062310306306487866,2.4458775531442316,11.540672710028407,1.404134460048493e-05
final_reproduction_candidate,paper_exact_reconstructed_metadata,main,9,0.75,min_variance,242,-0.061428920524417695,2.6817032433294603,14.609956426716687,1.645023090371036e-05
final_reproduction_candidate,paper_exact_reconstructed_metadata,main,9,0.75,min_variance,243,-0.06018299168672238,2.238045913843409,9.37499383112954,1.012317069655596e-05
final_reproduction_candidate,paper_exact_reconstructed_metadata,main,9,0.75,min_variance,244,-0.05952858719231576,2.383739713222054,10.845385752049538,3.5848548816065936e-05
final_reproduction_candidate,paper_exact_reconstructed_metadata,main,9,0.75,min_variance,245,-0.0536101475839684,3.068634297753873,21.512502930351527,2.1360205183981593e-05
final_reproduction_candidate,paper_exact_reconstructed_metadata,main,9,0.75,min_variance,246,-0.04556421268155126,1.918984870697795,6.814037827746763,2.4131001554672972e-05
final_reproduction_candidate,paper_exact_reconstructed_metadata,main,9,0.75,min_variance,247,-0.043733703211484065,2.77367392025077,16.017372592822497,2.1774248836705722e-05
final_reproduction_candidate,paper_exact_reconstructed_metadata,main,9,0.75,min_variance,248,-0.04153958340983925,2.601324168870229,13.481578106811657,2.550012675677717e-05
final_reproduction_candidate,paper_exact_reconstructed_metadata,main,9,0.75,min_variance,249,-0.04116927276345009,2.665062290948893,14.368844567083181,1.9030076250362496e-05
final_reproduction_candidate,paper_exact_reconstructed_metadata,main,9,0.75,min_variance,250,-0.03953544262174774,2.521985392533538,12.453296818233527,2.085638010101107e-05
final_reproduction_candidate,paper_exact_reconstructed_metadata,main,9,0.75,min_variance,251,-0.038837060831686906,2.975435354761454,19.598153542069785,2.0227665590296235e-05
final_reproduction_candidate,paper_exact_reconstructed_metadata,main,9,0.75,min_variance,252,-0.035180733458168,2.326687884584058,10.243956117325999,1.6418992036981165e-05
final_reproduction_candidate,paper_exact_reconstructed_metadata,main,9,0.75,min_variance,253,-0.034622501613883416,2.292052887291981,9.895230637697457,1.6598875996551836e-05
final_reproduction_candidate,paper_exact_reconstructed_metadata,main,9,0.75,min_variance,254,-0.03451614792299365,3.042542441078564,20.958461207363662,1.2365207665277131e-05
final_reproduction_candidate,paper_exact_reconstructed_metadata,main,9,0.75,min_variance,255,-0.03383626039389597,2.344581461859139,10.42890691867093,1.1392257884510213e-05
final_reproduction_candidate,paper_exact_reconstructed_metadata,main,9,0.75,min_variance,256,-0.03156329898185648,2.5739491843799684,13.117525812658146,1.1425809911108579e-05
final_reproduction_candidate,paper_exact_reconstructed_metadata,main,9,0.75,min_variance,257,-0.030891681680645974,2.783035010064997,16.16801665246131,1.5402698187968614e-05
final_reproduction_candidate,paper_exact_reconstructed_metadata,main,9,0.75,min_variance,258,-0.02793236657068289,2.762441313733966,15.838462443815883,1.965841440797303e-05
final_reproduction_candidate,paper_exact_reconstructed_metadata,main,9,0.75,min_variance,259,-0.019535488668618248,2.5581283503723617,12.911628641304032,1.5879417590326737e-05
final_reproduction_candidate,paper_exact_reconstructed_metadata,main,9,0.75,min_variance,260,-0.003872778832618304,2.78380368536235,16.18044938522435,1.174505312075172e-05
final_reproduction_candidate,paper_exact_reconstructed_metadata,main,9,0.75,min_variance,261,-0.002310980181088517,2.5226214602937853,12.46122047857369,1.5878351889457842e-05
final_reproduction_candidate,paper_exact_reconstructed_metadata,main,9,0.75,min_variance,262,-0.002203006573195592,2.609993193173923,13.598958285772005,1.6774281241660585e-05
final_reproduction_candidate,paper_exact_reconstructed_metadata,main,9,0.75,min_variance,263,-0.0012317923947573236,2.4809527609753252,11.9526470101663,1.9085378906655774e-05
final_reproduction_candidate,paper_exact_reconstructed_metadata,main,9,0.75,min_variance,264,0.0018487944080390175,2.7986523325156125,16.422499782091844,9.35096240330782e-06
final_reproduction_candidate,paper_exact_reconstructed_metadata,main,9,0.75,min_variance,265,0.003144710406693058,2.45728974600253,11.673131477614914,1.0937583228093156e-05
final_reproduction_candidate,paper_exact_reconstructed_metadata,main,9,0.75,min_variance,266,0.005038822983109533,2.404587118017336,11.073857142075257,9.059591743808907e-06
final_reproduction_candidate,paper_exact_reconstructed_metadata,main,9,0.75,min_variance,267,0.007478567617394573,2.66772108090834,14.407099139648064,9.908400550054283e-06
final_reproduction_candidate,paper_exact_reconstructed_metadata,main,9,0.75,min_variance,268,0.010073569309770351,2.139037096553683,8.491257430104357,8.955725771188822e-06
final_reproduction_candidate,paper_exact_reconstructed_metadata,main,9,0.75,min_variance,269,0.013703963107771453,2.841774495549892,17.146164350227068,1.201611253134451e-05
final_reproduction_candidate,paper_exact_reconstructed_metadata,main,9,0.75,min_variance,270,0.014040037665470594,2.525335818288521,12.495090639078807,1.4585594233617596e-05
final_reproduction_candidate,paper_exact_reconstructed_metadata,main,9,0.75,min_variance,271,0.01773116107506339,2.244121321020565,9.432124105049263,1.0391140035441784e-05
final_reproduction_candidate,paper_exact_reconstructed_metadata,main,9,0.75,min_variance,272,0.018925989564165694,2.707170087820566,14.98680410856679,1.7772027796550325e-05
final_reproduction_candidate,paper_exact_reconstructed_metadata,main,9,0.75,min_variance,273,0.020058762019248555,2.411913995374013,11.155291902164723,1.3429740885642905e-05
final_reproduction_candidate,paper_exact_reconstructed_metadata,main,9,0.75,min_variance,274,0.021074082418350557,2.131483608745202,8.42736044697312,1.3874777284647206e-05
final_reproduction_candidate,paper_exact_reconstructed_metadata,main,9,0.75,min_variance,275,0.021128373199896716,2.7154496331465383,15.111403132327384,1.5551127729879784e-05
final_reproduction_candidate,paper_exact_reconstructed_metadata,main,9,0.75,min_variance,276,0.024355165628254846,2.228245578237886,9.283564496156615,1.0439649720801133e-05
final_reproduction_candidate,paper_exact_reconstructed_metadata,main,9,0.75,min_variance,277,0.02887190681020516,2.587991901637138,13.303030968560265,7.4676196487169435e-06
final_reproduction_candidate,paper_exact_reconstructed_metadata,main,9,0.75,min_variance,278,0.03390052539281977,2.3373153378889566,10.353403827727485,1.1559627495804617e-05
final_reproduction_candidate,paper_exact_reconstructed_metadata,main,9,0.75,min_variance,279,0.03662892944021213,2.9342627703710074,18.80763247896881,1.92080479130462e-05
final_reproduction_candidate,paper_exact_reconstructed_metadata,main,9,0.75,min_variance,280,0.04120436884379971,2.25845877595284,9.568330855148233,6.286157735235749e-06
final_reproduction_candidate,paper_exact_reconstructed_metadata,main,9,0.75,min_variance,281,0.041626672645462943,2.560510355477971,12.942420865707764,1.3384660065825845e-05
final_reproduction_candidate,paper_exact_reconstructed_metadata,main,9,0.75,min_variance,282,0.04202046278233548,3.0127966930932137,20.344216969375736,1.5272762678964738e-05
final_reproduction_candidate,paper_exact_reconstructed_metadata,main,9,0.75,min_variance,283,0.04312791735160837,2.5526526339043207,12.84112143861984,7.430811996606189e-06
final_reproduction_candidate,paper_exact_reconstructed_metadata,main,9,0.75,min_variance,284,0.049502884084875104,2.5753124429650627,13.135420587168522,1.1414010103073896e-05
final_reproduction_candidate,paper_exact_reconstructed_metadata,main,9,0.75,min_variance,285,0.055555243872079496,2.380963813286751,10.815321793018173,6.600529879739322e-06
final_reproduction_candidate,paper_exact_reconstructed_metadata,main,9,0.75,min_variance,286,0.05938143162536523,3.1068101208962835,22.349637929283183,2.0014138865971797e-05
final_reproduction_candidate,paper_exact_reconstructed_metadata,main,9,0.75,min_variance,287,0.059903015508664254,2.3818105864892924,10.824483796211304,6.223255551411064e-06
final_reproduction_candidate,paper_exact_reconstructed_metadata,main,9,0.75,min_variance,288,0.06572129437002155,2.8291061916375004,16.930321596741724,6.3450491691756104e-06
final_reproduction_candidate,paper_exact_reconstructed_metadata,main,9,0.75,min_variance,289,0.06612299060941042,2.2560693175429294,9.545495020021859,4.816958753551577e-06
final_reproduction_candidate,paper_exact_reconstructed_metadata,main,9,0.75,min_variance,290,0.06865087696048076,2.73342220323323,15.38544916331168,4.930169869861591e-06
final_reproduction_candidate,paper_exact_reconstructed_metadata,main,9,0.75,min_variance,291,0.06932135804204068,2.5821714948653445,13.22582681476975,8.363287366879181e-06
final_reproduction_candidate,paper_exact_reconstructed_metadata,main,9,0.75,min_variance,292,0.07280260337960122,2.116013713939824,8.297993295460577,1.1194609881536583e-05
final_reproduction_candidate,paper_exact_reconstructed_metadata,main,9,0.75,min_variance,293,0.07534563033179828,2.869562026058264,17.62929533678571,1.019359730217921e-05
final_reproduction_candidate,paper_exact_reconstructed_metadata,main,9,0.75,min_variance,294,0.0863655860397854,2.076228626754311,7.974337927698773,9.137741092539325e-06
final_reproduction_candidate,paper_exact_reconstructed_metadata,main,9,0.75,min_variance,295,0.08775431935197726,2.4579134376624476,11.68041418320792,6.507191898304173e-06
final_reproduction_candidate,paper_exact_reconstructed_metadata,main,9,0.75,min_variance,296,0.08814770738121239,2.1575527247320867,8.649942942956965,8.28847237781813e-06
final_reproduction_candidate,paper_exact_reconstructed_metadata,main,9,0.75,min_variance,297,0.09195402164426053,1.9557680561046407,7.069346593902449,4.773004071476671e-06
final_reproduction_candidate,paper_exact_reconstructed_metadata,main,9,0.75,min_variance,298,0.10141894959916964,2.5481144484395477,12.782978080416369,5.810345984268472e-06
final_reproduction_candidate,paper_exact_reconstructed_metadata,main,9,0.75,min_variance,299,0.10519186888406681,2.52665102747666,12.511535108682272,8.626065147612304e-06
final_reproduction_candidate,paper_exact_reconstructed_metadata,main,9,0.75,min_variance,300,0.11172031527012094,2.160846688500021,8.678482519967075,6.7507564128636175e-06
final_reproduction_candidate,paper_exact_reconstructed_metadata,main,9,0.75,min_variance,301,0.11195184499439288,2.6764937840541823,14.534044355797118,6.8588744340127105e-06
final_reproduction_candidate,paper_exact_reconstructed_metadata,main,9,0.75,min_variance,302,0.11353518554760093,2.2738000584209472,9.716253078678394,4.638355011329927e-06
final_reproduction_candidate,paper_exact_reconstructed_metadata,main,9,0.75,min_variance,303,0.11376471736035339,2.9476103907486175,19.060352470739048,1.275655952791133e-05
final_reproduction_candidate,paper_exact_reconstructed_metadata,main,9,0.75,min_variance,304,0.1137762385323796,2.894787628261669,18.079661424391517,3.0991018130709507e-06
final_reproduction_candidate,paper_exact_reconstructed_metadata,main,9,0.75,min_variance,305,0.11787698479954518,2.5538479771301827,12.856480163789241,8.377467994171905e-06
final_reproduction_candidate,paper_exact_reconstructed_metadata,main,9,0.75,min_variance,306,0.11934149670340255,2.5872402470359632,13.293035441185857,8.964186884539403e-06
final_reproduction_candidate,paper_exact_reconstructed_metadata,main,9,0.75,min_variance,307,0.11955308171381966,2.2079766888835684,9.097291109054751,6.618879284546418e-06
final_reproduction_candidate,paper_exact_reconstructed_metadata,main,9,0.75,min_variance,308,0.11970589972529663,2.5632932968241096,12.978489028366363,6.562996903310028e-06
final_reproduction_candidate,paper_exact_reconstructed_metadata,main,9,0.75,min_variance,309,0.12280810221237987,2.6600426982874152,14.296899538770788,7.471050660436103e-06
final_reproduction_candidate,paper_exact_reconstructed_metadata,main,9,0.75,min_variance,310,0.12387195985460998,2.7519717693713033,15.673505974914335,6.372815399151437e-06
final_reproduction_candidate,paper_exact_reconstructed_metadata,main,9,0.75,min_variance,311,0.12950084868273432,2.3523263491682456,10.509991216580016,8.100730520335085e-06
final_reproduction_candidate,paper_exact_reconstructed_metadata,main,9,0.75,min_variance,312,0.13036814001608177,3.0566565838260993,21.25636933404333,4.499077342675909e-06
final_reproduction_candidate,paper_exact_reconstructed_metadata,main,9,0.75,min_variance,313,0.13374896506674844,2.867884631192322,17.599748834800774,7.662496346938841e-06
final_reproduction_candidate,paper_exact_reconstructed_metadata,main,9,0.75,min_variance,314,0.13639390670618842,2.750052473026145,15.643452721955741,4.553221511804199e-06
final_reproduction_candidate,paper_exact_reconstructed_metadata,main,9,0.75,min_variance,315,0.13690972749107155,2.423652048613901,11.28700482677836,6.228957008593551e-06
final_reproduction_candidate,paper_exact_reconstructed_metadata,main,9,0.75,min_variance,316,0.13855395757196004,2.375944381590831,10.761171040702576,6.366598183401122e-06
final_reproduction_candidate,paper_exact_reconstructed_metadata,main,9,0.75,min_variance,317,0.1397769131502236,2.7352627425679206,15.413792763432731,6.977133784935684e-06
final_reproduction_candidate,paper_exact_reconstructed_metadata,main,9,0.75,min_variance,318,0.1435559212637877,2.8827388515961743,17.863130706361147,3.050657239961236e-06
final_reproduction_candidate,paper_exact_reconstructed_metadata,main,9,0.75,min_variance,319,0.14929872739510508,2.501417111670219,12.199770153323469,7.020206618974208e-06
final_reproduction_candidate,paper_exact_reconstructed_metadata,main,9,0.75,min_variance,320,0.15015089532330564,2.726883217873872,15.285172148756878,6.618469905581318e-06
final_reproduction_candidate,paper_exact_reconstructed_metadata,main,9,0.75,min_variance,321,0.1518074393716633,2.1189295375508723,8.322224089428815,3.860435892172998e-06
final_reproduction_candidate,paper_exact_reconstructed_metadata,main,9,0.75,min_variance,322,0.1541577614075051,2.798382100485113,16.41806249620524,3.497506100692462e-06
final_reproduction_candidate,paper_exact_reconstructed_metadata,main,9,0.75,min_variance,323,0.15622541033590315,2.626553362741149,13.826034360667812,2.649688752031499e-06
final_reproduction_candidate,paper_exact_reconstructed_metadata,main,9,0.75,min_variance,324,0.1622196388824676,2.382145215373067,10.82810658725292,3.3008132978663682e-06
final_reproduction_candidate,paper_exact_reconstructed_metadata,main,9,0.75,min_variance,325,0.16670475008915606,2.624563402356397,13.798548457011783,4.237281165680728e-06
final_reproduction_candidate,paper_exact_reconstructed_metadata,main,9,0.75,min_variance,326,0.16706161419112797,2.825257938555791,16.865294634834957,7.927065604050201e-06
final_reproduction_candidate,paper_exact_reconstructed_metadata,main,9,0.75,min_variance,327,0.176416407271457,2.497279200216158,12.149392884888416,2.5843453869830123e-06
final_reproduction_candidate,paper_exact_reconstructed_metadata,main,9,0.75,min_variance,328,0.17746162985401892,2.282775281164241,9.803851132276312,3.343615224220747e-06
final_reproduction_candidate,paper_exact_reconstructed_metadata,main,9,0.75,min_variance,329,0.17809977740904173,2.2495564135827744,9.483528138919004,5.25829906944177e-06
final_reproduction_candidate,paper_exact_reconstructed_metadata,main,9,0.75,min_variance,330,0.18245254825168486,2.3356606129196917,10.336285958485579,2.319648667903004e-06
final_reproduction_candidate,paper_exact_reconstructed_metadata,main,9,0.75,min_variance,331,0.18426884201296823,2.6960241173282884,14.820689108383121,6.127102785039731e-06
final_reproduction_candidate,paper_exact_reconstructed_metadata,main,9,0.75,min_variance,332,0.19000610415390576,2.1943233388603316,8.973926694444296,4.570181227571191e-06
final_reproduction_candidate,paper_exact_reconstructed_metadata,main,9,0.75,min_variance,333,0.2016821006567996,2.3585200154118087,10.575288600758372,4.430869892948028e-06
final_reproduction_candidate,paper_exact_reconstructed_metadata,main,9,0.75,min_variance,334,0.2075491091475076,2.8866439414413043,17.933024218084835,5.865386617197464e-06
final_reproduction_candidate,paper_exact_reconstructed_metadata,main,9,0.75,min_variance,335,0.20936395888624715,2.2200097065083613,9.207420237350027,2.897615878352209e-06
final_reproduction_candidate,paper_exact_reconstructed_metadata,main,9,0.75,min_variance,336,0.211161007504093,2.5085236832066413,12.286777488391484,4.558746761723917e-06
final_reproduction_candidate,paper_exact_reconstructed_metadata,main,9,0.75,min_variance,337,0.2151319893108089,2.811901869370611,16.64153817247501,3.460182358271597e-06
final_reproduction_candidate,paper_exact_reconstructed_metadata,main,9,0.75,min_variance,338,0.21743481367519768,2.700390879602737,14.885549045360177,3.7127496085442403e-06
final_reproduction_candidate,paper_exact_reconstructed_metadata,main,9,0.75,min_variance,339,0.2193901175660108,2.549428394109323,12.799785258553365,3.130922574396401e-06
final_reproduction_candidate,paper_exact_reconstructed_metadata,main,9,0.75,min_variance,340,0.22053068803234263,2.182094759675274,8.864856566782164,2.83593874801179e-06
final_reproduction_candidate,paper_exact_reconstructed_metadata,main,9,0.75,min_variance,341,0.22639213942959102,2.805648664848866,16.537799917025907,4.137681912281809e-06
final_reproduction_candidate,paper_exact_reconstructed_metadata,main,9,0.75,min_variance,342,0.22847680522027078,2.5126594725641906,12.33769823813176,3.3278824451213414e-06
final_reproduction_candidate,paper_exact_reconstructed_metadata,main,9,0.75,min_variance,343,0.22884114134176686,2.654458667766033,14.21728769972197,2.9148679676714076e-06
final_reproduction_candidate,paper_exact_reconstructed_metadata,main,9,0.75,min_variance,344,0.23098385938994065,2.5699002227129935,13.064520833455628,4.3647078981953025e-06
final_reproduction_candidate,paper_exact_reconstructed_metadata,main,9,0.75,min_variance,345,0.23349717031631295,2.5679969079150475,13.0396785864329,5.390821841679876e-06
final_reproduction_candidate,paper_exact_reconstructed_metadata,main,9,0.75,min_variance,346,0.2367940045036965,2.497572359953734,12.152955119844673,2.938580267019988e-06
final_reproduction_candidate,paper_exact_reconstructed_metadata,main,9,0.75,min_variance,347,0.23690697911030556,2.9481940283526598,19.071480056110033,5.417409998858642e-06
final_reproduction_candidate,paper_exact_reconstructed_metadata,main,9,0.75,min_variance,348,0.2370777988647121,2.747316189651396,15.600706312165274,3.4063134800075522e-06
final_reproduction_candidate,paper_exact_reconstructed_metadata,main,9,0.75,min_variance,349,0.24105227306335678,2.5225524885940604,12.460361036655563,2.104595405926026e-06
final_reproduction_candidate,paper_exact_reconstructed_metadata,main,9,0.75,min_variance,350,0.24139865341591568,2.61801860498386,13.708534635742879,1.946899496005866e-06
final_reproduction_candidate,paper_exact_reconstructed_metadata,main,9,0.75,min_variance,351,0.2421378794532719,2.3681907023342275,10.678055015933785,2.8887610149026847e-06
final_reproduction_candidate,paper_exact_reconstructed_metadata,main,9,0.75,min_variance,352,0.25456147805447493,2.360809680505054,10.599530211913267,2.538965504887929e-06
final_reproduction_candidate,paper_exact_reconstructed_metadata,main,9,0.75,min_variance,353,0.254582144678523,2.780880927075653,16.133226886292817,3.139329427930233e-06
final_reproduction_candidate,paper_exact_reconstructed_metadata,main,9,0.75,min_variance,354,0.26148893337729606,2.804055341074489,16.511470828193914,3.7044038544229717e-06
final_reproduction_candidate,paper_exact_reconstructed_metadata,main,9,0.75,min_variance,355,0.26276802371643715,2.0032318290413027,7.412974894930006,3.0751758066871435e-06
final_reproduction_candidate,paper_exact_reconstructed_metadata,main,9,0.75,min_variance,356,0.2676162340025101,2.002471623448199,7.407341651436243,1.8299260870619924e-06
final_reproduction_candidate,paper_exact_reconstructed_metadata,main,9,0.75,min_variance,357,0.2712245718749642,2.0887333810411155,8.074681140149712,2.136178122191305e-06
final_reproduction_candidate,paper_exact_reconstructed_metadata,main,9,0.75,min_variance,358,0.2859631499269158,2.5110382554905715,12.317712356202929,2.1278450790400925e-06
final_reproduction_candidate,paper_exact_reconstructed_metadata,main,9,0.75,min_variance,359,0.28718990868552935,2.1342041952192576,8.450319026056173,1.9155111006512685e-06
final_reproduction_candidate,paper_exact_reconstructed_metadata,main,9,0.75,min_variance,360,0.28752901447703244,2.3129047883204716,10.103731270236816,1.992130471882512e-06
final_reproduction_candidate,paper_exact_reconstructed_metadata,main,9,0.75,min_variance,361,0.294204592294688,2.1041103013323013,8.199804408241897,1.712008310037504e-06
final_reproduction_candidate,paper_exact_reconstructed_metadata,main,9,0.75,min_variance,362,0.29756601751741013,2.500789161637632,12.192111712069009,2.2472488498580176e-06
final_reproduction_candidate,paper_exact_reconstructed_metadata,main,9,0.75,min_variance,363,0.299032934557464,2.3257190830110983,10.234036562342293,2.4619688211284307e-06
final_reproduction_candidate,paper_exact_reconstructed_metadata,main,9,0.75,min_variance,364,0.3001909239420356,2.1547655513877557,8.625867619192128,1.4161442615033201e-06
final_reproduction_candidate,paper_exact_reconstructed_metadata,main,9,0.75,min_variance,365,0.300882813095267,2.5654208173609483,13.006130423703269,1.537443277519087e-06
final_reproduction_candidate,paper_exact_reconstructed_metadata,main,9,0.75,min_variance,366,0.303656988168561,2.133050255935345,8.440573494927426,1.4891262644463699e-06
final_reproduction_candidate,paper_exact_reconstructed_metadata,main,9,0.75,min_variance,367,0.314091405831404,2.0375455018561857,7.6717557602059685,7.661320056244252e-07
final_reproduction_candidate,paper_exact_reconstructed_metadata,main,9,0.75,min_variance,368,0.32399251076941665,2.28724022218673,9.847722618289962,1.4360705693075631e-06
final_reproduction_candidate,paper_exact_reconstructed_metadata,main,9,0.75,min_variance,369,0.32481701797977214,2.652709502718164,14.19244105377946,2.1035622502521013e-06
final_reproduction_candidate,paper_exact_reconstructed_metadata,main,9,0.75,min_variance,370,0.327948068751531,2.5165566162901127,12.38587383405036,4.12332224660383e-06
final_reproduction_candidate,paper_exact_reconstructed_metadata,main,9,0.75,min_variance,371,0.32865452509791837,2.498963660606926,12.169875302042007,1.7725185201788394e-06
final_reproduction_candidate,paper_exact_reconstructed_metadata,main,9,0.75,min_variance,372,0.32989946394171826,2.694419610105896,14.79692827298147,2.0699997509578357e-06
final_reproduction_candidate,paper_exact_reconstructed_metadata,main,9,0.75,min_variance,373,0.33046564313724797,2.385588391763415,10.865453928049863,3.1215041345786845e-06
final_reproduction_candidate,paper_exact_reconstructed_metadata,main,9,0.75,min_variance,374,0.330494688692341,2.060901443794457,7.853045699894676,3.2794093802173406e-06
final_reproduction_candidate,paper_exact_reconstructed_metadata,main,9,0.75,min_variance,375,0.3347886880225514,2.396551971004232,10.985233600350492,4.340976071692055e-06
final_reproduction_candidate,paper_exact_reconstructed_metadata,main,9,0.75,min_variance,376,0.3400929173035632,2.192192242963137,8.954822759472913,4.4731674699603146e-06
final_reproduction_candidate,paper_exact_reconstructed_metadata,main,9,0.75,min_variance,377,0.3427068786411321,2.152139417169825,8.603244651554498,1.8686167717861651e-06
final_reproduction_candidate,paper_exact_reconstructed_metadata,main,9,0.75,min_variance,378,0.3431295918703289,2.4030743503705523,11.05711763395109,2.3955253998284885e-06
final_reproduction_candidate,paper_exact_reconstructed_metadata,main,9,0.75,min_variance,379,0.34357131675717756,2.8312667992593066,16.966940924376864,3.1972957637177866e-06
final_reproduction_candidate,paper_exact_reconstructed_metadata,main,9,0.75,min_variance,380,0.34521848446567716,2.7008371247250285,14.892193131349527,2.4124597264424134e-06
final_reproduction_candidate,paper_exact_reconstructed_metadata,main,9,0.75,min_variance,381,0.34523935881245926,2.757692234311069,15.763422653730828,2.1410724401276946e-06
final_reproduction_candidate,paper_exact_reconstructed_metadata,main,9,0.75,min_variance,382,0.3472592604807469,2.7991214294851816,16.430205334156632,1.6856933431904978e-06
final_reproduction_candidate,paper_exact_reconstructed_metadata,main,9,0.75,min_variance,383,0.3483397366831553,2.294342378075886,9.91791163110239,2.0702134292332026e-06
final_reproduction_candidate,paper_exact_reconstructed_metadata,main,9,0.75,min_variance,384,0.34899025032139847,2.5344531451831007,12.609533378184771,1.1373819949742785e-06
final_reproduction_candidate,paper_exact_reconstructed_metadata,main,9,0.75,min_variance,385,0.3530933409158203,2.074911781619003,7.963843870631842,2.913236330080114e-06
final_reproduction_candidate,paper_exact_reconstructed_metadata,main,9,0.75,min_variance,386,0.3548884237206118,2.6790347740934406,14.571022177978247,1.5706635275058436e-06
final_reproduction_candidate,paper_exact_reconstructed_metadata,main,9,0.75,min_variance,387,0.357673989632934,1.9538699325583047,7.0559408276006295,1.89859400717849e-06
final_reproduction_candidate,paper_exact_reconstructed_metadata,main,9,0.75,min_variance,388,0.3585374070966181,2.270405954644181,9.683331009472765,1.4313756172993875e-06
final_reproduction_candidate,paper_exact_reconstructed_metadata,main,9,0.75,min_variance,389,0.3598091103379317,2.2972567943153184,9.946858715258124,1.5069547251536962e-06
final_reproduction_candidate,paper_exact_reconstructed_metadata,main,9,0.75,min_variance,390,0.36702811173799865,2.682234332637502,14.61771767914254,8.29441790904871e-07
final_reproduction_candidate,paper_exact_reconstructed_metadata,main,9,0.75,min_variance,391,0.38337044029967493,2.3316553413188275,10.294969123684576,1.8246898369344345e-06
final_reproduction_candidate,paper_exact_reconstructed_metadata,main,9,0.75,min_variance,392,0.38753512994055916,2.4993107443801246,12.174100001401083,9.757236523693263e-07
final_reproduction_candidate,paper_exact_reconstructed_metadata,main,9,0.75,min_variance,393,0.40318134798253596,2.7710711331915108,15.975736990523034,8.200994015873936e-07
final_reproduction_candidate,paper_exact_reconstructed_metadata,main,9,0.75,min_variance,394,0.40927539118954626,2.2824592982173484,9.80075377188694,1.5284483819513719e-06
final_reproduction_candidate,paper_exact_reconstructed_metadata,main,9,0.75,min_variance,395,0.41041102441771304,2.517532819038478,12.397970861743229,1.1664288749197125e-06
final_reproduction_candidate,paper_exact_reconstructed_metadata,main,9,0.75,min_variance,396,0.4109652243404013,2.367202327272095,10.667506306543347,1.009041270089531e-06
final_reproduction_candidate,paper_exact_reconstructed_metadata,main,9,0.75,min_variance,397,0.4172905995109862,2.406429545183513,11.094278724170174,1.7452932354223912e-06
final_reproduction_candidate,paper_exact_reconstructed_metadata,main,9,0.75,min_variance,398,0.4200891586585025,2.0817541730735876,8.018522460706823,1.1092715957958432e-06
final_reproduction_candidate,paper_exact_reconstructed_metadata,main,9,0.75,min_variance,399,0.42064639901757955,2.644150204839967,14.071482123408739,1.6519462229142643e-06
final_reproduction_candidate,paper_exact_reconstructed_metadata,main,9,0.75,min_variance,400,0.42271543775064985,2.695992544527054,14.82022118509861,1.0912185098902546e-06
final_reproduction_candidate,paper_exact_reconstructed_metadata,main,9,0.75,min_variance,401,0.4331056454853516,2.738555769730332,15.46463446729033,1.9007647310581991e-06
final_reproduction_candidate,paper_exact_reconstructed_metadata,main,9,0.75,min_variance,402,0.43402173469119776,2.2647591102375793,9.628804841207701,1.299223327154737e-06
final_reproduction_candidate,paper_exact_reconstructed_metadata,main,9,0.75,min_variance,403,0.436908986311887,2.4464674350713063,11.5474823525314,1.0739291257278483e-06
final_reproduction_candidate,paper_exact_reconstructed_metadata,main,9,0.75,min_variance,404,0.4385632943825449,2.2158130740989708,9.168861045144068,1.3490204238125765e-06
final_reproduction_candidate,paper_exact_reconstructed_metadata,main,9,0.75,min_variance,405,0.4440510049903722,1.9385836633567124,6.948902013012262,1.0920537936571437e-06
final_reproduction_candidate,paper_exact_reconstructed_metadata,main,9,0.75,min_variance,406,0.45140535131583664,2.188075225637026,8.918031386347497,1.2920110911070294e-06
final_reproduction_candidate,paper_exact_reconstructed_metadata,main,9,0.75,min_variance,407,0.4515878018821859,2.614335781875816,13.658141379291367,1.4784767380176388e-06
final_reproduction_candidate,paper_exact_reconstructed_metadata,main,9,0.75,min_variance,408,0.4565267312630357,1.9787499183710067,7.2336946219863565,1.0084982687940528e-06
final_reproduction_candidate,paper_exact_reconstructed_metadata,main,9,0.75,min_variance,409,0.45701211953136894,1.6171249131753693,5.03858310790648,1.1042247155983332e-06
final_reproduction_candidate,paper_exact_reconstructed_metadata,main,9,0.75,min_variance,410,0.4600844226645679,2.42809709795791,11.337287792518577,1.6803877312969652e-06
final_reproduction_candidate,paper_exact_reconstructed_metadata,main,9,0.75,min_variance,411,0.46182957523741774,2.206912334549958,9.087613518944805,4.878425012707326e-07
final_reproduction_candidate,paper_exact_reconstructed_metadata,main,9,0.75,min_variance,412,0.46287775360746664,2.1594383557435184,8.666268931174761,1.020870138025289e-06
final_reproduction_candidate,paper_exact_reconstructed_metadata,main,9,0.75,min_variance,413,0.4694838894545521,2.441107025833748,11.485748728024916,7.601680624315968e-07
final_reproduction_candidate,paper_exact_reconstructed_metadata,main,9,0.75,min_variance,414,0.4715309335439126,2.4812698261195725,11.956437378779846,1.341923049200456e-06
final_reproduction_candidate,paper_exact_reconstructed_metadata,main,9,0.75,min_variance,415,0.4845678443456171,2.2464823953818667,9.454420362649538,7.918473478128976e-07
final_reproduction_candidate,paper_exact_reconstructed_metadata,main,9,0.75,min_variance,416,0.4879816978377669,2.17147452820426,8.771207903538302,5.269284482549853e-07
final_reproduction_candidate,paper_exact_reconstructed_metadata,main,9,0.75,min_variance,417,0.4894116855789084,1.6108235660162191,5.006933070218073,5.679755561354912e-07
final_reproduction_candidate,paper_exact_reconstructed_metadata,main,9,0.75,min_variance,418,0.4912056261095915,1.7969105894741744,6.030986460452311,7.63622257348892e-07
final_reproduction_candidate,paper_exact_reconstructed_metadata,main,9,0.75,min_variance,419,0.5018301539479438,1.868878421383394,6.481023344201022,6.752200754449891e-07
final_reproduction_candidate,paper_exact_reconstructed_metadata,main,9,0.75,min_variance,420,0.5020741501787434,2.624334042361762,13.795383984927236,1.0832397655863374e-06
final_reproduction_candidate,paper_exact_reconstructed_metadata,main,9,0.75,min_variance,421,0.5025473737481982,2.394121295048811,10.95856448229595,9.681170971092666e-07
final_reproduction_candidate,paper_exact_reconstructed_metadata,main,9,0.75,min_variance,422,0.5141112826451851,2.044653892832889,7.726483883629379,5.076002079800616e-07
final_reproduction_candidate,paper_exact_reconstructed_metadata,main,9,0.75,min_variance,423,0.5162132809391213,2.3536189638198497,10.523585369322484,7.910952892141798e-07
final_reproduction_candidate,paper_exact_reconstructed_metadata,main,9,0.75,min_variance,424,0.5204347635586655,2.6938546442818785,14.788570875251143,8.835829816728024e-07
final_reproduction_candidate,paper_exact_reconstructed_metadata,main,9,0.75,min_variance,425,0.5222383676701633,2.1594997023802986,8.666800593934816,5.32218769694782e-07
final_reproduction_candidate,paper_exact_reconstructed_metadata,main,9,0.75,min_variance,426,0.5239575776121211,2.5592935401179853,12.926681906848394,6.107460682282022e-07
final_reproduction_candidate,paper_exact_reconstructed_metadata,main,9,0.75,min_variance,427,0.5252510459588938,2.3021082806500397,9.995233013129347,8.954389803617773e-07
final_reproduction_candidate,paper_exact_reconstructed_metadata,main,9,0.75,min_variance,428,0.525274223930256,2.6045292781365252,13.524857358041025,7.164621993286805e-07
final_reproduction_candidate,paper_exact_reconstructed_metadata,main,9,0.75,min_variance,429,0.5329951559965233,2.8164455896134153,16.71732471237155,8.730623396816677e-07
final_reproduction_candidate,paper_exact_reconstructed_metadata,main,9,0.75,min_variance,430,0.5432502240489727,2.6946665726044015,14.800583010630968,3.491328862222127e-07
final_reproduction_candidate,paper_exact_reconstructed_metadata,main,9,0.75,min_variance,431,0.5521402356078062,2.342483412935941,10.407049498725952,3.0276657693817144e-07
final_reproduction_candidate,paper_exact_reconstructed_metadata,main,9,0.75,min_variance,432,0.5580769806285556,2.5961339171458886,13.411786597221829,4.3806375439488327e-07
final_reproduction_candidate,paper_exact_reconstructed_metadata,main,9,0.75,min_variance,433,0.5591524743447799,2.4754190392321807,11.886687057848308,6.602733104927311e-07
final_reproduction_candidate,paper_exact_reconstructed_metadata,main,9,0.75,min_variance,434,0.5647532906474745,2.417831910798723,11.221503700854575,5.363638824323407e-07
final_reproduction_candidate,paper_exact_reconstructed_metadata,main,9,0.75,min_variance,435,0.565349113489796,1.8002673143871286,6.051264838381274,2.1063154944679483e-07
final_reproduction_candidate,paper_exact_reconstructed_metadata,main,9,0.75,min_variance,436,0.5683389263593717,2.3655041513291715,10.649406376744983,7.861813793367923e-07
final_reproduction_candidate,paper_exact_reconstructed_metadata,main,9,0.75,min_variance,437,0.5698760495611671,2.0227121046855117,7.558797409235086,3.165321009463119e-07
final_reproduction_candidate,paper_exact_reconstructed_metadata,main,9,0.75,min_variance,438,0.5783428860478355,2.0145894506043063,7.4976485941496716,2.807903188465524e-07
final_reproduction_candidate,paper_exact_reconstructed_metadata,main,9,0.75,min_variance,439,0.5999078427156576,2.368851224370086,10.68511043644576,6.714185500647994e-07
final_reproduction_candidate,paper_exact_reconstructed_metadata,main,9,0.75,min_variance,440,0.6116110207918554,2.0422148050824944,7.707661275762879,5.043649366529076e-07
final_reproduction_candidate,paper_exact_reconstructed_metadata,main,9,0.75,min_variance,441,0.6148853371837296,2.140649213002384,8.504957365856383,6.250779002389089e-07
final_reproduction_candidate,paper_exact_reconstructed_metadata,main,9,0.75,min_variance,442,0.61776996794767,2.0783368514191034,7.99116735747946,9.201348185422985e-07
final_reproduction_candidate,paper_exact_reconstructed_metadata,main,9,0.75,min_variance,443,0.620957508479168,2.3786000522830513,10.789787147909829,2.2741512357833885e-07
final_reproduction_candidate,paper_exact_reconstructed_metadata,main,9,0.75,min_variance,444,0.6238172378425234,1.7910160557304662,5.995541176594571,3.454250636756798e-07
final_reproduction_candidate,paper_exact_reconstructed_metadata,main,9,0.75,min_variance,445,0.632437812563964,2.1700746371785526,8.758937758746129,2.91247737329515e-07
final_reproduction_candidate,paper_exact_reconstructed_metadata,main,9,0.75,min_variance,446,0.6378265284282146,2.037199767680467,7.669103830509679,1.0307198282666482e-07
final_reproduction_candidate,paper_exact_reconstructed_metadata,main,9,0.75,min_variance,447,0.6408849508363068,2.322429531918489,10.200426487524295,1.7107622337415272e-07
final_reproduction_candidate,paper_exact_reconstructed_metadata,main,9,0.75,min_variance,448,0.6436447937590369,2.2929487544610403,9.904099421989219,4.2226880435317874e-07
final_reproduction_candidate,paper_exact_reconstructed_metadata,main,9,0.75,min_variance,449,0.6477397291566059,1.9861687142927695,7.2875594853080345,5.053392117185896e-07
final_reproduction_candidate,paper_exact_reconstructed_metadata,main,9,0.75,min_variance,450,0.6549965575031956,2.2702397060106496,9.681721302733889,5.119623889079567e-07
final_reproduction_candidate,paper_exact_reconstructed_metadata,main,9,0.75,min_variance,451,0.6563152644727226,1.8578476686357746,6.409925629708919,6.010664210974937e-07
final_reproduction_candidate,paper_exact_reconstructed_metadata,main,9,0.75,min_variance,452,0.6606599299352796,2.1320082220609944,8.431782712368816,3.902305675464019e-07
final_reproduction_candidate,paper_exact_reconstructed_metadata,main,9,0.75,min_variance,453,0.6638301036320384,2.1527844386208197,8.60879571898923,2.8729138494657734e-07
final_reproduction_candidate,paper_exact_reconstructed_metadata,main,9,0.75,min_variance,454,0.6721300980287728,2.008934788801355,7.455371570818166,4.477121516140245e-07
final_reproduction_candidate,paper_exact_reconstructed_metadata,main,9,0.75,min_variance,455,0.6724339184631992,2.0916652683624215,8.098389934181094,3.3952737935833887e-07
final_reproduction_candidate,paper_exact_reconstructed_metadata,main,9,0.75,min_variance,456,0.6749777715366041,2.1280383173355633,8.398375693551047,2.1874721866185052e-07
final_reproduction_candidate,paper_exact_reconstructed_metadata,main,9,0.75,min_variance,457,0.7020597099555007,1.3981029407447654,4.047514304599044,2.995771834635597e-07
final_reproduction_candidate,paper_exact_reconstructed_metadata,main,9,0.75,min_variance,458,0.7065060834487643,2.3361550147013954,10.341397500153187,2.1384977278576768e-07
final_reproduction_candidate,paper_exact_reconstructed_metadata,main,9,0.75,min_variance,459,0.7089256058161189,1.922904177463777,6.8407965358482725,2.42577385905226e-07
final_reproduction_candidate,paper_exact_reconstructed_metadata,main,9,0.75,min_variance,460,0.7197675249027197,1.7871479860027402,5.972394800026901,3.4894015986105393e-07
final_reproduction_candidate,paper_exact_reconstructed_metadata,main,9,0.75,min_variance,461,0.7211411794057594,1.8581774480611404,6.4120398398920715,1.396061439730689e-07
final_reproduction_candidate,paper_exact_reconstructed_metadata,main,9,0.75,min_variance,462,0.7228968845807878,1.8859221615267072,6.592430926002016,1.4043996172647774e-07
final_reproduction_candidate,paper_exact_reconstructed_metadata,main,9,0.75,min_variance,463,0.7252794737476989,2.0723296956859203,7.943307066706671,2.230859344733963e-07
final_reproduction_candidate,paper_exact_reconstructed_metadata,main,9,0.75,min_variance,464,0.7389244638669088,2.046930808606223,7.744096480246803,1.9617731209936926e-07
final_reproduction_candidate,paper_exact_reconstructed_metadata,main,9,0.75,min_variance,465,0.7497278431422056,2.5301685679738393,12.555622434127244,2.0656783135282876e-07
final_reproduction_candidate,paper_exact_reconstructed_metadata,main,9,0.75,min_variance,466,0.7500484588846468,2.1087196606284504,8.237687494222309,1.5520590384133648e-07
final_reproduction_candidate,paper_exact_reconstructed_metadata,main,9,0.75,min_variance,467,0.751894399349321,2.4597035068566195,11.701341658038212,3.250681224846248e-07
final_reproduction_candidate,paper_exact_reconstructed_metadata,main,9,0.75,min_variance,468,0.7576943341849727,2.00379186377824,7.417127581090926,1.797723906364136e-07
final_reproduction_candidate,paper_exact_reconstructed_metadata,main,9,0.75,min_variance,469,0.7802444553456593,1.9738136148614531,7.1980748970524715,1.313907957566855e-07
final_reproduction_candidate,paper_exact_reconstructed_metadata,main,9,0.75,min_variance,470,0.7821815557059434,1.5578076425598035,4.748399636094802,2.1554457952145775e-07
final_reproduction_candidate,paper_exact_reconstructed_metadata,main,9,0.75,min_variance,471,0.784693819463566,1.7806214373525973,5.93354259811139,1.4608703576056033e-07
final_reproduction_candidate,paper_exact_reconstructed_metadata,main,9,0.75,min_variance,472,0.7944621324800706,1.9145656544667538,6.783991560554247,7.078567308006371e-08
final_reproduction_candidate,paper_exact_reconstructed_metadata,main,9,0.75,min_variance,473,0.7999566332875464,1.5783516709663932,4.846959838424376,1.4021466931408678e-07
final_reproduction_candidate,paper_exact_reconstructed_metadata,main,9,0.75,min_variance,474,0.806400357248552,1.9915710300388525,7.3270357181937955,8.739956976274308e-08
final_reproduction_candidate,paper_exact_reconstructed_metadata,main,9,0.75,min_variance,475,0.8302995359618762,1.7954410289004443,6.022130069624585,1.354774616582178e-07
final_reproduction_candidate,paper_exact_reconstructed_metadata,main,9,0.75,min_variance,476,0.836889872418465,1.7854777219834228,5.962427650086399,1.2065672727980855e-07
final_reproduction_candidate,paper_exact_reconstructed_metadata,main,9,0.75,min_variance,477,0.8392611279197981,1.5997023292729289,4.951558271049173,7.75691289973645e-08
final_reproduction_candidate,paper_exact_reconstructed_metadata,main,9,0.75,min_variance,478,0.8411071846422886,1.5587143860193196,4.7527071690265235,7.68373898482212e-08
final_reproduction_candidate,paper_exact_reconstructed_metadata,main,9,0.75,min_variance,479,0.8464304232633604,1.8833976445577778,6.575809211990138,7.509814398749437e-08
final_reproduction_candidate,paper_exact_reconstructed_metadata,main,9,0.75,min_variance,480,0.855724919095614,1.746329623932264,5.733519834710855,9.086367143153388e-08
final_reproduction_candidate,paper_exact_reconstructed_metadata,main,9,0.75,min_variance,481,0.8708584526369267,1.8474695073311715,6.343746390972573,5.072889355391796e-08
final_reproduction_candidate,paper_exact_reconstructed_metadata,main,9,0.75,min_variance,482,0.8880894288844411,1.8666637335737173,6.466685783277377,6.568417058138788e-08
final_reproduction_candidate,paper_exact_reconstructed_metadata,main,9,0.75,min_variance,483,0.8895191112423267,2.338537843137807,10.366068658083824,1.412817374214914e-07
final_reproduction_candidate,paper_exact_reconstructed_metadata,main,9,0.75,min_variance,484,0.9484297519846854,1.749910481130247,5.754087553535232,5.940390659375046e-08
final_reproduction_candidate,paper_exact_reconstructed_metadata,main,9,0.75,min_variance,485,0.9491135475545005,1.978138661633487,7.229274328516222,7.406406257659697e-08
final_reproduction_candidate,paper_exact_reconstructed_metadata,main,9,0.75,min_variance,486,0.9499350736523505,1.6145241280960625,5.02549586207237,4.362089772155112e-08
final_reproduction_candidate,paper_exact_reconstructed_metadata,main,9,0.75,min_variance,487,0.9520171175368193,1.7917961349945737,6.000219998632296,4.973629690295664e-08
final_reproduction_candidate,paper_exact_reconstructed_metadata,main,9,0.75,min_variance,488,0.9546423583725425,1.9016562542362017,6.69697715863656,7.592352543023525e-08
final_reproduction_candidate,paper_exact_reconstructed_metadata,main,9,0.75,min_variance,489,0.9571602631366889,1.958764146382841,7.090558755413431,7.628483456867134e-08
final_reproduction_candidate,paper_exact_reconstructed_metadata,main,9,0.75,min_variance,490,0.9604340405363596,2.0138251383233654,7.491920238656073,8.110631649740711e-08
final_reproduction_candidate,paper_exact_reconstructed_metadata,main,9,0.75,min_variance,491,0.9652510714106742,2.237651730732,9.371299095140849,8.644541490232812e-08
final_reproduction_candidate,paper_exact_reconstructed_metadata,main,9,0.75,min_variance,492,0.9720545416781354,2.132773083914863,8.438234328308555,5.64984501067218e-08
final_reproduction_candidate,paper_exact_reconstructed_metadata,main,9,0.75,min_variance,493,1.0899405302960559,1.143768534526764,3.1385739305962432,3.1512441432715565e-08
final_reproduction_candidate,paper_exact_reconstructed_metadata,main,9,0.75,min_variance,494,1.0910790945017517,1.431807867214537,4.186260558105291,3.211464438729761e-08
final_reproduction_candidate,paper_exact_reconstructed_metadata,main,9,0.75,min_variance,495,1.1026360153504227,1.0681240197730855,2.909915432524812,2.7342233427566028e-08
final_reproduction_candidate,paper_exact_reconstructed_metadata,main,9,0.75,min_variance,496,1.1075577518363984,1.5947672347319677,4.927182061778965,2.9906086548615747e-08
final_reproduction_candidate,paper_exact_reconstructed_metadata,main,9,0.75,min_variance,497,1.1204767227147836,1.5366984747570724,4.6492154026840415,3.0187375060659055e-08
final_reproduction_candidate,paper_exact_reconstructed_metadata,main,9,0.75,min_variance,498,1.128278296667266,1.7065264178181712,5.509789492561228,3.161440817438654e-08
final_reproduction_candidate,paper_exact_reconstructed_metadata,main,9,0.75,min_variance,499,1.136117281612455,1.756949555839507,5.794733894191917,3.671479916572701e-08
final_reproduction_candidate,paper_exact_reconstructed_metadata,main,9,0.75,min_variance,500,1.1435160314698314,2.0143319309011054,7.495718050496185,5.540943327465327e-08
final_reproduction_candidate,paper_exact_reconstructed_metadata,main,9,0.75,min_variance,501,1.1442059356108434,1.8161236378920353,6.147980401533275,4.049930190558472e-08
final_reproduction_candidate,paper_exact_reconstructed_metadata,main,9,0.75,min_variance,502,1.3169188455532936,1.003044574045607,2.7265704500210917,1.323266917436237e-08
final_reproduction_candidate,paper_exact_reconstructed_metadata,main,9,0.75,min_variance,503,1.3299704130510968,1.1237756338156373,3.076447843360023,1.6390732939409988e-08
final_reproduction_candidate,paper_exact_reconstructed_metadata,main,9,0.75,min_variance,504,1.3349774262503535,1.0276146120595528,2.794392168842088,7.53688668854783e-09
final_reproduction_candidate,paper_exact_reconstructed_metadata,main,9,0.75,min_variance,505,1.367024078782502,1.123998534343944,3.077133661641405,1.2677824528566002e-08
final_reproduction_candidate,paper_exact_reconstructed_metadata,main,9,0.75,min_variance,506,1.3715530987573636,1.10656198118738,3.0239441256753623,4.265142205045961e-09
final_reproduction_candidate,paper_exact_reconstructed_metadata,main,9,0.75,min_variance,507,1.4086215566656217,1.1850921699487977,3.2709882943959787,7.3255832458224575e-09
final_reproduction_candidate,paper_exact_reconstructed_metadata,main,9,0.75,min_variance,508,1.4169398240491597,0.995343345340769,2.70565315522294,3.0288518425121048e-09
final_reproduction_candidate,paper_exact_reconstructed_metadata,main,9,0.75,min_variance,509,1.4422446639249542,1.0808549670056917,2.9471982314649168,4.142513860326338e-09
final_reproduction_candidate,paper_exact_reconstructed_metadata,main,9,0.75,min_variance,510,1.4535858221043032,1.6154496566751035,5.030149255208563,7.3210246401145906e-09
final_reproduction_candidate,paper_exact_reconstructed_metadata,main,9,0.75,min_variance,511,1.9672910017468033,0.8626352291931999,2.3693963763719657,4.712197566767968e-10
final_reproduction_candidate,paper_exact_reconstructed_metadata,main,9,1.75,eigen,0,-1.33485200877396,1.1611058773508303,3.193462902384057,0.8046353147559289
final_reproduction_candidate,paper_exact_reconstructed_metadata,main,9,1.75,eigen,1,-1.2652937554294348,1.8187870253447629,6.1643766805237705,0.0825965872211025
final_reproduction_candidate,paper_exact_reconstructed_metadata,main,9,1.75,eigen,2,-1.2652937554294335,1.8187870253447642,6.1643766805237785,0.08259658722110044
final_reproduction_candidate,paper_exact_reconstructed_metadata,main,9,1.75,eigen,3,-1.108912542320338,1.9851035698191128,7.2798013141158915,0.00801621740762075
final_reproduction_candidate,paper_exact_reconstructed_metadata,main,9,1.75,eigen,4,-1.108912542320339,1.9851035698191106,7.2798013141158755,0.008016217407620608
final_reproduction_candidate,paper_exact_reconstructed_metadata,main,9,1.75,eigen,5,-1.1556689649331926,1.7989603103211829,6.0433609769480645,0.0045981830543158145
final_reproduction_candidate,paper_exact_reconstructed_metadata,main,9,1.75,eigen,6,-1.1556689649331928,1.7989603103211862,6.043360976948084,0.004598183054315765
final_reproduction_candidate,paper_exact_reconstructed_metadata,main,9,1.75,eigen,7,-0.9803453239266313,2.5934908249422555,13.37638481432765,0.0009184291316219262
final_reproduction_candidate,paper_exact_reconstructed_metadata,main,9,1.75,eigen,8,-0.9803453239266305,2.593490824942259,13.376384814327697,0.0009184291316219228
final_reproduction_candidate,paper_exact_reconstructed_metadata,main,9,1.75,eigen,9,-1.0289454716479347,1.4473532695054987,4.251846118762263,0.0008701700078735797
final_reproduction_candidate,paper_exact_reconstructed_metadata,main,9,1.75,eigen,10,-1.0096642144630394,2.3733075547315754,10.732833073441162,0.00043103782225762543
final_reproduction_candidate,paper_exact_reconstructed_metadata,main,9,1.75,eigen,11,-1.0096642144630381,2.37330755473156,10.732833073440997,0.00043103782225762077
final_reproduction_candidate,paper_exact_reconstructed_metadata,main,9,1.75,eigen,12,-0.8969474426344625,2.810707597625189,16.621675516700375,0.00021598742508685548
final_reproduction_candidate,paper_exact_reconstructed_metadata,main,9,1.75,eigen,13,-0.8969474426344625,2.8107075976252043,16.621675516700623,0.00021598742508685236
final_reproduction_candidate,paper_exact_reconstructed_metadata,main,9,1.75,eigen,14,-0.8680464317610576,2.7724994734530224,15.99857208313273,0.0001302279972146715
final_reproduction_candidate,paper_exact_reconstructed_metadata,main,9,1.75,eigen,15,-0.8829407211777794,3.0441789222335305,20.99278741360076,8.157052052020533e-05
final_reproduction_candidate,paper_exact_reconstructed_metadata,main,9,1.75,eigen,16,-0.8829407211777848,2.579972345731184,13.196773207498351,8.157052052020533e-05
final_reproduction_candidate,paper_exact_reconstructed_metadata,main,9,1.75,eigen,17,-0.8829407211777823,2.9139623347223735,18.42967863964081,8.157052052020533e-05
final_reproduction_candidate,paper_exact_reconstructed_metadata,main,9,1.75,eigen,18,-0.8829407211777798,2.800200079826535,16.447937342347924,8.157052052020446e-05
final_reproduction_candidate,paper_exact_reconstructed_metadata,main,9,1.75,eigen,19,-0.9620587502126909,2.3342626181660613,10.321845980801893,8.09713792830064e-05
final_reproduction_candidate,paper_exact_reconstructed_metadata,main,9,1.75,eigen,20,-0.9620587502126994,2.3342626181660213,10.32184598080148,8.097137928300584e-05
final_reproduction_candidate,paper_exact_reconstructed_metadata,main,9,1.75,eigen,21,-0.9021925844668421,2.7004957635152507,14.88711038186208,6.803833371277934e-05
final_reproduction_candidate,paper_exact_reconstructed_metadata,main,9,1.75,eigen,22,-0.9021925844668437,2.7004957635152507,14.88711038186208,6.803833371277908e-05
final_reproduction_candidate,paper_exact_reconstructed_metadata,main,9,1.75,eigen,23,-0.8452260489866599,3.0516999642457794,21.151270280781723,2.5171690102027532e-05
final_reproduction_candidate,paper_exact_reconstructed_metadata,main,9,1.75,eigen,24,-0.8452260489866608,3.051699964245786,21.151270280781862,2.5171690102027125e-05
final_reproduction_candidate,paper_exact_reconstructed_metadata,main,9,1.75,eigen,25,-0.7754690911815874,3.4348531869896686,31.02685708484459,1.2875719970953598e-05
final_reproduction_candidate,paper_exact_reconstructed_metadata,main,9,1.75,eigen,26,-0.7754690911815878,3.0985677479350673,22.166180976854676,1.2875719970953572e-05
final_reproduction_candidate,paper_exact_reconstructed_metadata,main,9,1.75,eigen,27,-0.7754690911815867,3.343514310393479,28.318471938430896,1.2875719970953572e-05
final_reproduction_candidate,paper_exact_reconstructed_metadata,main,9,1.75,eigen,28,-0.7754690911815871,3.4917278067616406,32.84264445477345,1.2875719970953483e-05
final_reproduction_candidate,paper_exact_reconstructed_metadata,main,9,1.75,eigen,29,-0.8334915318189874,2.715664492815834,15.114650312238501,9.27700307758909e-06
final_reproduction_candidate,paper_exact_reconstructed_metadata,main,9,1.75,eigen,30,-0.8334915318189882,2.7156644928158356,15.114650312238522,9.277003077589039e-06
final_reproduction_candidate,paper_exact_reconstructed_metadata,main,9,1.75,eigen,31,-0.8056775371035989,2.7952491720906507,16.366706371565435,7.858486675605218e-06
final_reproduction_candidate,paper_exact_reconstructed_metadata,main,9,1.75,eigen,32,-0.8056775371035992,2.795249172090661,16.366706371565602,7.858486675605191e-06
final_reproduction_candidate,paper_exact_reconstructed_metadata,main,9,1.75,eigen,33,-0.7369359707076257,2.3398522948310703,10.379703313668841,7.646494084755627e-06
final_reproduction_candidate,paper_exact_reconstructed_metadata,main,9,1.75,eigen,34,-0.7185025557014042,3.507609356187023,33.36840039479032,4.7635445382527925e-06
final_reproduction_candidate,paper_exact_reconstructed_metadata,main,9,1.75,eigen,35,-0.7185025557014044,3.5443189415474365,34.61610172358737,4.76354453825275e-06
final_reproduction_candidate,paper_exact_reconstructed_metadata,main,9,1.75,eigen,36,-0.7185025557014039,3.9245161848875516,50.62857726158765,4.763544538252733e-06
final_reproduction_candidate,paper_exact_reconstructed_metadata,main,9,1.75,eigen,37,-0.718502555701404,3.9480094416986864,51.8320892833419,4.763544538252716e-06
final_reproduction_candidate,paper_exact_reconstructed_metadata,main,9,1.75,eigen,38,-0.7500936505268215,2.895806097727984,18.09808438753381,2.181677320832356e-06
final_reproduction_candidate,paper_exact_reconstructed_metadata,main,9,1.75,eigen,39,-0.7500936505268239,2.8958060977280007,18.098084387534115,2.181677320832341e-06
final_reproduction_candidate,paper_exact_reconstructed_metadata,main,9,1.75,eigen,40,-0.7211926396534145,2.2166126646631326,9.176195311734295,1.3154259695739887e-06
final_reproduction_candidate,paper_exact_reconstructed_metadata,main,9,1.75,eigen,41,-0.6294643407114324,3.9512707543710746,52.00140588006611,1.206981590493622e-06
final_reproduction_candidate,paper_exact_reconstructed_metadata,main,9,1.75,eigen,42,-0.6294643407114324,3.677799642050755,39.5592537193586,1.206981590493622e-06
final_reproduction_candidate,paper_exact_reconstructed_metadata,main,9,1.75,eigen,43,-0.6294643407114331,3.83541725411074,46.312747821371545,1.2069815904936048e-06
final_reproduction_candidate,paper_exact_reconstructed_metadata,main,9,1.75,eigen,44,-0.6294643407114331,3.757161785085691,42.82670193681162,1.2069815904936048e-06
final_reproduction_candidate,paper_exact_reconstructed_metadata,main,9,1.75,eigen,45,-0.6771103187098926,4.133500598386168,62.395964286383354,9.003577031827072e-07
final_reproduction_candidate,paper_exact_reconstructed_metadata,main,9,1.75,eigen,46,-0.6771103187098917,3.7973338494810367,44.58216314198838,9.003577031827072e-07
final_reproduction_candidate,paper_exact_reconstructed_metadata,main,9,1.75,eigen,47,-0.6771103187098934,4.191653618451435,66.13205778367605,9.003577031827055e-07
final_reproduction_candidate,paper_exact_reconstructed_metadata,main,9,1.75,eigen,48,-0.6771103187098911,4.147641687110303,63.284579337516035,9.003577031827024e-07
final_reproduction_candidate,paper_exact_reconstructed_metadata,main,9,1.75,eigen,49,-0.6771103187098926,4.0910309807619605,59.80151414353022,9.003577031827024e-07
final_reproduction_candidate,paper_exact_reconstructed_metadata,main,9,1.75,eigen,50,-0.6771103187098915,3.9240736446419002,50.60617703543569,9.003577031827024e-07
final_reproduction_candidate,paper_exact_reconstructed_metadata,main,9,1.75,eigen,51,-0.6771103187098897,3.8627361161829885,47.595399917702416,9.003577031827007e-07
final_reproduction_candidate,paper_exact_reconstructed_metadata,main,9,1.75,eigen,52,-0.6771103187098916,4.085888834323371,59.494795273074786,9.003577031827007e-07
final_reproduction_candidate,paper_exact_reconstructed_metadata,main,9,1.75,eigen,53,-0.7037576773370134,2.91862201186643,18.51575538113704,4.661443244030283e-07
final_reproduction_candidate,paper_exact_reconstructed_metadata,main,9,1.75,eigen,54,-0.7037576773370143,2.9186220118664754,18.51575538113788,4.6614432440302757e-07
final_reproduction_candidate,paper_exact_reconstructed_metadata,main,9,1.75,eigen,55,-0.5724978052312489,4.310329924417161,74.46505272714597,4.465389567447716e-07
final_reproduction_candidate,paper_exact_reconstructed_metadata,main,9,1.75,eigen,56,-0.572497805231249,4.309816998745271,74.42686748387655,4.4653895674476997e-07
final_reproduction_candidate,paper_exact_reconstructed_metadata,main,9,1.75,eigen,57,-0.5724978052312489,4.263346902461272,71.04737460309269,4.4653895674476685e-07
final_reproduction_candidate,paper_exact_reconstructed_metadata,main,9,1.75,eigen,58,-0.5724978052312483,4.180140327041771,65.37502645443608,4.4653895674476685e-07
final_reproduction_candidate,paper_exact_reconstructed_metadata,main,9,1.75,eigen,59,-0.5937124374177251,4.205816166986708,67.07531999379025,2.1173755848110516e-07
final_reproduction_candidate,paper_exact_reconstructed_metadata,main,9,1.75,eigen,60,-0.5937124374177248,4.432726936827306,84.16060493061227,2.1173755848110516e-07
final_reproduction_candidate,paper_exact_reconstructed_metadata,main,9,1.75,eigen,61,-0.5937124374177252,4.427520349915087,83.72355418511891,2.117375584811044e-07
final_reproduction_candidate,paper_exact_reconstructed_metadata,main,9,1.75,eigen,62,-0.5937124374177237,3.840374436055423,46.54289851681289,2.1173755848110365e-07
final_reproduction_candidate,paper_exact_reconstructed_metadata,main,9,1.75,eigen,63,-0.5937124374177238,4.191042059694007,66.09162650890191,2.1173755848110365e-07
final_reproduction_candidate,paper_exact_reconstructed_metadata,main,9,1.75,eigen,64,-0.5937124374177253,4.490593032788339,89.17431349277375,2.1173755848110328e-07
final_reproduction_candidate,paper_exact_reconstructed_metadata,main,9,1.75,eigen,65,-0.5937124374177238,4.320607862111363,75.23434650414389,2.1173755848110288e-07
final_reproduction_candidate,paper_exact_reconstructed_metadata,main,9,1.75,eigen,66,-0.5937124374177246,4.320222661584759,75.2053717751505,2.1173755848110177e-07
final_reproduction_candidate,paper_exact_reconstructed_metadata,main,9,1.75,eigen,67,-0.5219927107152391,2.597689063513452,13.432660114911794,1.9051928160054538e-07
final_reproduction_candidate,paper_exact_reconstructed_metadata,main,9,1.75,eigen,68,-0.5648114265443178,4.134839971286745,62.47959174172586,1.2766557203517893e-07
final_reproduction_candidate,paper_exact_reconstructed_metadata,main,9,1.75,eigen,69,-0.5648114265443176,3.956539400121634,52.2761058792299,1.276655720351778e-07
final_reproduction_candidate,paper_exact_reconstructed_metadata,main,9,1.75,eigen,70,-0.5648114265443184,4.142572019927537,62.964559465012506,1.2766557203517755e-07
final_reproduction_candidate,paper_exact_reconstructed_metadata,main,9,1.75,eigen,71,-0.5648114265443176,4.137927962490153,62.67282637128287,1.2766557203517644e-07
final_reproduction_candidate,paper_exact_reconstructed_metadata,main,9,1.75,eigen,72,-0.5485431003161846,3.554239821420558,34.96123308308317,1.0315522913551161e-07
final_reproduction_candidate,paper_exact_reconstructed_metadata,main,9,1.75,eigen,73,-0.5485431003161847,3.5542398214205586,34.961233083083194,1.0315522913551141e-07
final_reproduction_candidate,paper_exact_reconstructed_metadata,main,9,1.75,eigen,74,-0.5207291056007941,3.4911453352657174,32.82352012075822,8.738209817335708e-08
final_reproduction_candidate,paper_exact_reconstructed_metadata,main,9,1.75,eigen,75,-0.5207291056007952,3.491145335265685,32.82352012075715,8.738209817335676e-08
final_reproduction_candidate,paper_exact_reconstructed_metadata,main,9,1.75,eigen,76,-0.5962860473408218,3.4359918038906985,31.062204908703176,7.357981472701447e-08
final_reproduction_candidate,paper_exact_reconstructed_metadata,main,9,1.75,eigen,77,-0.596286047340821,3.4359918038906994,31.062204908703205,7.357981472701342e-08
final_reproduction_candidate,paper_exact_reconstructed_metadata,main,9,1.75,eigen,78,-0.4650261752350555,4.320181699958046,75.20229130387604,7.048515231361426e-08
final_reproduction_candidate,paper_exact_reconstructed_metadata,main,9,1.75,eigen,79,-0.46502617523505496,4.420487339085462,83.1367912953171,7.048515231361426e-08
final_reproduction_candidate,paper_exact_reconstructed_metadata,main,9,1.75,eigen,80,-0.46502617523505463,4.213177778412583,67.57092442125656,7.048515231361426e-08
final_reproduction_candidate,paper_exact_reconstructed_metadata,main,9,1.75,eigen,81,-0.46502617523505546,4.399761470634193,81.43144255786163,7.048515231361376e-08
final_reproduction_candidate,paper_exact_reconstructed_metadata,main,9,1.75,eigen,82,-0.557752926866859,3.062773265763998,21.386786237156294,4.369678894359039e-08
final_reproduction_candidate,paper_exact_reconstructed_metadata,main,9,1.75,eigen,83,-0.5577529268668591,3.062773265763992,21.38678623715617,4.369678894359023e-08
final_reproduction_candidate,paper_exact_reconstructed_metadata,main,9,1.75,eigen,84,-0.5393195118606388,3.4314522467707573,30.921515829908497,2.722183500101042e-08
final_reproduction_candidate,paper_exact_reconstructed_metadata,main,9,1.75,eigen,85,-0.5393195118606386,3.4314522467707653,30.921515829908746,2.722183500101042e-08
final_reproduction_candidate,paper_exact_reconstructed_metadata,main,9,1.75,eigen,86,-0.4080596397548728,3.230084121956981,25.281783634627402,2.6076923316821945e-08
final_reproduction_candidate,paper_exact_reconstructed_metadata,main,9,1.75,eigen,87,-0.4651452190240165,4.31201572916916,74.59069213889502,2.4259065352029232e-08
final_reproduction_candidate,paper_exact_reconstructed_metadata,main,9,1.75,eigen,88,-0.4651452190240164,4.700214523831071,109.97076127086476,2.4259065352029232e-08
final_reproduction_candidate,paper_exact_reconstructed_metadata,main,9,1.75,eigen,89,-0.4651452190240178,4.644986161281649,104.06192569177007,2.4259065352029232e-08
final_reproduction_candidate,paper_exact_reconstructed_metadata,main,9,1.75,eigen,90,-0.4651452190240182,4.761208540369863,116.88710335560044,2.4259065352029232e-08
final_reproduction_candidate,paper_exact_reconstructed_metadata,main,9,1.75,eigen,91,-0.4651452190240174,4.865603622525018,129.74923453941082,2.4259065352029143e-08
final_reproduction_candidate,paper_exact_reconstructed_metadata,main,9,1.75,eigen,92,-0.46514521902401706,4.436784178181224,84.50275844765197,2.4259065352029143e-08
final_reproduction_candidate,paper_exact_reconstructed_metadata,main,9,1.75,eigen,93,-0.4651452190240172,4.358282866985944,78.1228718203448,2.4259065352029057e-08
final_reproduction_candidate,paper_exact_reconstructed_metadata,main,9,1.75,eigen,94,-0.4651452190240175,4.379513744894422,79.7992211908054,2.425906535202897e-08
final_reproduction_candidate,paper_exact_reconstructed_metadata,main,9,1.75,eigen,95,-0.4373312243086282,3.680117740700576,39.65106234160326,2.0549690480549322e-08
final_reproduction_candidate,paper_exact_reconstructed_metadata,main,9,1.75,eigen,96,-0.4373312243086284,3.6801177407005667,39.65106234160289,2.0549690480549322e-08
final_reproduction_candidate,paper_exact_reconstructed_metadata,main,9,1.75,eigen,97,-0.43624420815061055,4.231074395117067,68.79110130776502,1.4626821417145878e-08
final_reproduction_candidate,paper_exact_reconstructed_metadata,main,9,1.75,eigen,98,-0.43624420815061077,4.269047816998927,71.45356634591904,1.4626821417145823e-08
final_reproduction_candidate,paper_exact_reconstructed_metadata,main,9,1.75,eigen,99,-0.43624420815061016,4.4358161637964395,84.4209981408817,1.4626821417145773e-08
final_reproduction_candidate,paper_exact_reconstructed_metadata,main,9,1.75,eigen,100,-0.43624420815061066,4.44023911919293,84.79521541328526,1.4626821417145773e-08
final_reproduction_candidate,paper_exact_reconstructed_metadata,main,9,1.75,eigen,101,-0.4084302134352207,2.8724979027889113,17.681128825878925,1.2390281673051916e-08
final_reproduction_candidate,paper_exact_reconstructed_metadata,main,9,1.75,eigen,102,-0.3921618872070892,3.6132179538008673,37.08519946637527,1.0011488020317845e-08
final_reproduction_candidate,paper_exact_reconstructed_metadata,main,9,1.75,eigen,103,-0.39216188720708756,3.61321795380087,37.08519946637537,1.0011488020317774e-08
final_reproduction_candidate,paper_exact_reconstructed_metadata,main,9,1.75,eigen,104,-0.4310294335816025,2.775216644236749,16.042102048171106,8.269273913183096e-09
final_reproduction_candidate,paper_exact_reconstructed_metadata,main,9,1.75,eigen,105,-0.4502812968706656,4.394086909789458,80.97066347830177,6.897438124453001e-09
final_reproduction_candidate,paper_exact_reconstructed_metadata,main,9,1.75,eigen,106,-0.450281296870666,4.257219810184398,70.61339166730495,6.897438124452977e-09
final_reproduction_candidate,paper_exact_reconstructed_metadata,main,9,1.75,eigen,107,-0.450281296870666,4.32431246748818,75.51357696871581,6.897438124452977e-09
final_reproduction_candidate,paper_exact_reconstructed_metadata,main,9,1.75,eigen,108,-0.4502812968706659,4.523669853716678,92.17324035885076,6.897438124452977e-09
final_reproduction_candidate,paper_exact_reconstructed_metadata,main,9,1.75,eigen,109,-0.450281296870666,4.601863935950599,99.6699209588542,6.8974381244529515e-09
final_reproduction_candidate,paper_exact_reconstructed_metadata,main,9,1.75,eigen,110,-0.4502812968706661,4.206533064141978,67.12342334039865,6.8974381244529515e-09
final_reproduction_candidate,paper_exact_reconstructed_metadata,main,9,1.75,eigen,111,-0.4502812968706658,4.436121036393842,84.44673971361087,6.8974381244529515e-09
final_reproduction_candidate,paper_exact_reconstructed_metadata,main,9,1.75,eigen,112,-0.4502812968706648,4.429442064607116,83.88460166335571,6.8974381244529275e-09
final_reproduction_candidate,paper_exact_reconstructed_metadata,main,9,1.75,eigen,113,-0.38174733773185127,3.825830185722158,45.87086590134969,5.705016184695129e-09
final_reproduction_candidate,paper_exact_reconstructed_metadata,main,9,1.75,eigen,114,-0.38174733773185054,3.825830185722149,45.87086590134928,5.705016184695088e-09
final_reproduction_candidate,paper_exact_reconstructed_metadata,main,9,1.75,eigen,115,-0.3528463268584436,4.610459110646282,100.53029357104532,3.4397966988650625e-09
final_reproduction_candidate,paper_exact_reconstructed_metadata,main,9,1.75,eigen,116,-0.35284632685844397,4.273106417566254,71.74415712789448,3.4397966988650625e-09
final_reproduction_candidate,paper_exact_reconstructed_metadata,main,9,1.75,eigen,117,-0.3528463268584435,4.634575390701756,102.98418066956452,3.4397966988650625e-09
final_reproduction_candidate,paper_exact_reconstructed_metadata,main,9,1.75,eigen,118,-0.3528463268584434,4.035127897421815,56.55015239452057,3.4397966988650385e-09
final_reproduction_candidate,paper_exact_reconstructed_metadata,main,9,1.75,eigen,119,-0.39331476139048294,4.798786146657854,121.36301117526503,2.551799338584139e-09
final_reproduction_candidate,paper_exact_reconstructed_metadata,main,9,1.75,eigen,120,-0.3933147613904824,4.4276256165300305,83.73236794414821,2.551799338584139e-09
final_reproduction_candidate,paper_exact_reconstructed_metadata,main,9,1.75,eigen,121,-0.39331476139048277,4.758925154666438,116.62050949901557,2.5517993385841304e-09
final_reproduction_candidate,paper_exact_reconstructed_metadata,main,9,1.75,eigen,122,-0.39331476139048316,4.7932006626949715,120.68702962213828,2.5517993385841304e-09
final_reproduction_candidate,paper_exact_reconstructed_metadata,main,9,1.75,eigen,123,-0.3933147613904818,4.85068926275955,127.82846689026643,2.5517993385841304e-09
final_reproduction_candidate,paper_exact_reconstructed_metadata,main,9,1.75,eigen,124,-0.39331476139048216,4.898707269345443,134.11629133116006,2.5517993385841304e-09
final_reproduction_candidate,paper_exact_reconstructed_metadata,main,9,1.75,eigen,125,-0.3933147613904824,4.45641593916592,86.17808742660665,2.5517993385841304e-09
final_reproduction_candidate,paper_exact_reconstructed_metadata,main,9,1.75,eigen,126,-0.39331476139048294,4.646900395562531,104.26131537566276,2.5517993385841304e-09
final_reproduction_candidate,paper_exact_reconstructed_metadata,main,9,1.75,eigen,127,-0.30876400591492215,4.7672834454109445,117.59934261153617,2.3544065016510236e-09
final_reproduction_candidate,paper_exact_reconstructed_metadata,main,9,1.75,eigen,128,-0.30876400591492126,4.84828188779203,127.5211059538918,2.354406501651007e-09
final_reproduction_candidate,paper_exact_reconstructed_metadata,main,9,1.75,eigen,129,-0.30876400591492126,4.80567605338458,122.20207822994566,2.354406501651007e-09
final_reproduction_candidate,paper_exact_reconstructed_metadata,main,9,1.75,eigen,130,-0.30876400591492037,4.6814954254383965,107.9313552424698,2.354406501650999e-09
final_reproduction_candidate,paper_exact_reconstructed_metadata,main,9,1.75,eigen,131,-0.30876400591492126,4.649937487332141,104.57844789499391,2.354406501650999e-09
final_reproduction_candidate,paper_exact_reconstructed_metadata,main,9,1.75,eigen,132,-0.3087640059149202,4.730070666520282,113.30356883470637,2.354406501650999e-09
final_reproduction_candidate,paper_exact_reconstructed_metadata,main,9,1.75,eigen,133,-0.3087640059149209,4.154749994949417,63.73602822685474,2.35440650165099e-09
final_reproduction_candidate,paper_exact_reconstructed_metadata,main,9,1.75,eigen,134,-0.3087640059149198,4.748115620092359,115.36668490834971,2.35440650165099e-09
final_reproduction_candidate,paper_exact_reconstructed_metadata,main,9,1.75,eigen,135,-0.2798629950415122,4.257162175996006,70.60932203906262,1.4195717330113696e-09
final_reproduction_candidate,paper_exact_reconstructed_metadata,main,9,1.75,eigen,136,-0.2798629950415141,4.193746381222175,66.27060141106648,1.4195717330113696e-09
final_reproduction_candidate,paper_exact_reconstructed_metadata,main,9,1.75,eigen,137,-0.2798629950415139,4.209624034284703,67.33122082028123,1.4195717330113696e-09
final_reproduction_candidate,paper_exact_reconstructed_metadata,main,9,1.75,eigen,138,-0.27986299504151224,4.437226453327234,84.54014018337966,1.4195717330113594e-09
final_reproduction_candidate,paper_exact_reconstructed_metadata,main,9,1.75,eigen,139,-0.3235578035854094,4.054442188887305,57.652994544000336,1.3052859610339885e-09
final_reproduction_candidate,paper_exact_reconstructed_metadata,main,9,1.75,eigen,140,-0.32355780358540925,4.298775307210445,73.6095893412484,1.3052859610339838e-09
final_reproduction_candidate,paper_exact_reconstructed_metadata,main,9,1.75,eigen,141,-0.32355780358540637,4.047754045261648,57.26868961186802,1.3052859610339792e-09
final_reproduction_candidate,paper_exact_reconstructed_metadata,main,9,1.75,eigen,142,-0.3235578035854095,4.280507670370323,72.27712364906729,1.3052859610339792e-09
final_reproduction_candidate,paper_exact_reconstructed_metadata,main,9,1.75,eigen,143,-0.3428096668744727,3.650234000350684,38.483670187824785,1.0887448215490823e-09
final_reproduction_candidate,paper_exact_reconstructed_metadata,main,9,1.75,eigen,144,-0.34280966687447223,3.650234000350689,38.48367018782497,1.0887448215490784e-09
final_reproduction_candidate,paper_exact_reconstructed_metadata,main,9,1.75,eigen,145,-0.3738753134931532,3.2954476258228125,26.989492560190605,8.826418563714919e-10
final_reproduction_candidate,paper_exact_reconstructed_metadata,main,9,1.75,eigen,146,-0.37387531349315295,3.2954476258228085,26.989492560190495,8.826418563714856e-10
final_reproduction_candidate,paper_exact_reconstructed_metadata,main,9,1.75,eigen,147,-0.3042765464005114,3.685954660015461,39.8831791577938,6.465720640526534e-10
final_reproduction_candidate,paper_exact_reconstructed_metadata,main,9,1.75,eigen,148,-0.3042765464005114,3.6859546600154616,39.88317915779381,6.46572064052651e-10
final_reproduction_candidate,paper_exact_reconstructed_metadata,main,9,1.75,eigen,149,-0.22536612462275324,3.9343674539918125,51.12979777613204,5.536869208420155e-10
final_reproduction_candidate,paper_exact_reconstructed_metadata,main,9,1.75,eigen,150,-0.22536612462275332,3.934367453991813,51.12979777613206,5.536869208420135e-10
final_reproduction_candidate,paper_exact_reconstructed_metadata,main,9,1.75,eigen,151,-0.26659126810522493,4.447514298450862,85.41436528792129,4.82907971326507e-10
final_reproduction_candidate,paper_exact_reconstructed_metadata,main,9,1.75,eigen,152,-0.26659126810522554,4.474612191302213,87.76055950120399,4.829079713265053e-10
final_reproduction_candidate,paper_exact_reconstructed_metadata,main,9,1.75,eigen,153,-0.2665912681052246,4.453346587367538,85.9139820824322,4.829079713265053e-10
final_reproduction_candidate,paper_exact_reconstructed_metadata,main,9,1.75,eigen,154,-0.2665912681052258,4.198790668571879,66.60573390911621,4.829079713265053e-10
final_reproduction_candidate,paper_exact_reconstructed_metadata,main,9,1.75,eigen,155,-0.28584313139428913,4.849694926426454,127.70142557259966,4.0279568520757167e-10
final_reproduction_candidate,paper_exact_reconstructed_metadata,main,9,1.75,eigen,156,-0.28584313139428946,4.490600197712803,89.17495242228303,4.0279568520757167e-10
final_reproduction_candidate,paper_exact_reconstructed_metadata,main,9,1.75,eigen,157,-0.28584313139428946,4.868544562754232,130.1313809424063,4.0279568520757167e-10
final_reproduction_candidate,paper_exact_reconstructed_metadata,main,9,1.75,eigen,158,-0.28584313139428935,4.072658329471876,58.71283337749433,4.0279568520757023e-10
final_reproduction_candidate,paper_exact_reconstructed_metadata,main,9,1.75,eigen,159,-0.28584313139428885,4.4624099576727705,86.69619168958273,4.0279568520757023e-10
final_reproduction_candidate,paper_exact_reconstructed_metadata,main,9,1.75,eigen,160,-0.2858431313942894,4.844540509732879,127.04489268842777,4.0279568520756883e-10
final_reproduction_candidate,paper_exact_reconstructed_metadata,main,9,1.75,eigen,161,-0.2858431313942896,4.600538961008303,99.53794826064943,4.0279568520756883e-10
final_reproduction_candidate,paper_exact_reconstructed_metadata,main,9,1.75,eigen,162,-0.28584313139428913,4.608427243080682,100.32623670664401,4.0279568520756883e-10
final_reproduction_candidate,paper_exact_reconstructed_metadata,main,9,1.75,eigen,163,-0.19646511374934658,4.680202555336852,107.79190418573306,3.338413741273044e-10
final_reproduction_candidate,paper_exact_reconstructed_metadata,main,9,1.75,eigen,164,-0.19646511374934728,4.494732326487076,89.54419716716052,3.338413741273044e-10
final_reproduction_candidate,paper_exact_reconstructed_metadata,main,9,1.75,eigen,165,-0.19646511374934642,4.717924864968954,111.93572973900515,3.338413741273044e-10
final_reproduction_candidate,paper_exact_reconstructed_metadata,main,9,1.75,eigen,166,-0.1964651137493466,4.455043072844867,86.0598576082034,3.338413741273032e-10
final_reproduction_candidate,paper_exact_reconstructed_metadata,main,9,1.75,eigen,167,-0.18019678752121343,3.8475789952003354,46.87943040825269,2.6974761397322494e-10
final_reproduction_candidate,paper_exact_reconstructed_metadata,main,9,1.75,eigen,168,-0.1801967875212136,3.8475789952003354,46.87943040825269,2.6974761397322494e-10
final_reproduction_candidate,paper_exact_reconstructed_metadata,main,9,1.75,eigen,169,-0.24731001092032823,3.8127779184936905,45.27603747602546,2.3920796904972607e-10
final_reproduction_candidate,paper_exact_reconstructed_metadata,main,9,1.75,eigen,170,-0.24731001092032803,3.812777918493694,45.276037476025614,2.3920796904972524e-10
final_reproduction_candidate,paper_exact_reconstructed_metadata,main,9,1.75,eigen,171,-0.2904774322009861,3.4882797603801277,32.72959650269536,2.075713141795658e-10
final_reproduction_candidate,paper_exact_reconstructed_metadata,main,9,1.75,eigen,172,-0.29047743220098576,3.4882797603801214,32.72959650269516,2.0757131417956505e-10
final_reproduction_candidate,paper_exact_reconstructed_metadata,main,9,1.75,eigen,173,-0.2160861735892149,3.2680748447295387,26.260734656225644,2.0603640149786466e-10
final_reproduction_candidate,paper_exact_reconstructed_metadata,main,9,1.75,eigen,174,-0.1512957766478063,3.2718417494300103,26.35984288948296,1.6264229969426717e-10
final_reproduction_candidate,paper_exact_reconstructed_metadata,main,9,1.75,eigen,175,-0.22887659591410645,3.5199099285418276,33.78138558815448,1.490196424456856e-10
final_reproduction_candidate,paper_exact_reconstructed_metadata,main,9,1.75,eigen,176,-0.22887659591410653,3.519909928541864,33.78138558815571,1.490196424456856e-10
final_reproduction_candidate,paper_exact_reconstructed_metadata,main,9,1.75,eigen,177,-0.26157642132757886,2.8258408844484997,16.875129055260654,1.2515356629651947e-10
final_reproduction_candidate,paper_exact_reconstructed_metadata,main,9,1.75,eigen,178,-0.177553053115254,3.9649997779672908,52.72025768402437,1.2235868198841294e-10
final_reproduction_candidate,paper_exact_reconstructed_metadata,main,9,1.75,eigen,179,-0.177553053115254,4.214939890031135,67.69009689902316,1.2235868198841294e-10
final_reproduction_candidate,paper_exact_reconstructed_metadata,main,9,1.75,eigen,180,-0.17755305311525393,4.2395219963069355,69.37468255739964,1.223586819884125e-10
final_reproduction_candidate,paper_exact_reconstructed_metadata,main,9,1.75,eigen,181,-0.17755305311525355,4.246213937042865,69.840490663448,1.223586819884125e-10
final_reproduction_candidate,paper_exact_reconstructed_metadata,main,9,1.75,eigen,182,-0.19680491640431755,3.8725842407856055,48.06644097510764,1.0205992047974471e-10
final_reproduction_candidate,paper_exact_reconstructed_metadata,main,9,1.75,eigen,183,-0.1968049164043179,3.8725842407855877,48.06644097510679,1.0205992047974471e-10
final_reproduction_candidate,paper_exact_reconstructed_metadata,main,9,1.75,eigen,184,-0.24530809509944554,3.623530375671285,37.46961641654077,1.0112550002820306e-10
final_reproduction_candidate,paper_exact_reconstructed_metadata,main,9,1.75,eigen,185,-0.24530809509944498,3.6235303756712858,37.469616416540795,1.0112550002820198e-10
final_reproduction_candidate,paper_exact_reconstructed_metadata,main,9,1.75,eigen,186,-0.15911963810903115,4.348621078204477,77.37169980995978,7.622591802636933e-11
final_reproduction_candidate,paper_exact_reconstructed_metadata,main,9,1.75,eigen,187,-0.15911963810903215,4.560792408289533,95.65925098870835,7.622591802636933e-11
final_reproduction_candidate,paper_exact_reconstructed_metadata,main,9,1.75,eigen,188,-0.15911963810903124,4.499294995270152,89.95369116261392,7.622591802636933e-11
final_reproduction_candidate,paper_exact_reconstructed_metadata,main,9,1.75,eigen,189,-0.15911963810903296,4.594517128412769,98.94034852796452,7.622591802636906e-11
final_reproduction_candidate,paper_exact_reconstructed_metadata,main,9,1.75,eigen,190,-0.09679890622904548,3.896004274722274,49.20544434142733,6.343667743041917e-11
final_reproduction_candidate,paper_exact_reconstructed_metadata,main,9,1.75,eigen,191,-0.09679890622904702,3.896004274722255,49.20544434142641,6.343667743041917e-11
final_reproduction_candidate,paper_exact_reconstructed_metadata,main,9,1.75,eigen,192,-0.12058651763507099,4.535008669651268,93.22432352329501,4.5268228309452494e-11
final_reproduction_candidate,paper_exact_reconstructed_metadata,main,9,1.75,eigen,193,-0.12058651763507106,4.52644178915824,92.4290930703415,4.5268228309452494e-11
final_reproduction_candidate,paper_exact_reconstructed_metadata,main,9,1.75,eigen,194,-0.1205865176350706,4.482373336814746,88.44433197029812,4.5268228309452494e-11
final_reproduction_candidate,paper_exact_reconstructed_metadata,main,9,1.75,eigen,195,-0.12058651763507082,4.508470870002463,90.78289347470431,4.5268228309452494e-11
final_reproduction_candidate,paper_exact_reconstructed_metadata,main,9,1.75,eigen,196,-0.06789789535563055,4.566575831017882,96.21409176791552,3.8248668636123595e-11
final_reproduction_candidate,paper_exact_reconstructed_metadata,main,9,1.75,eigen,197,-0.06789789535563523,4.675258160097184,107.2602538356387,3.8248668636123324e-11
final_reproduction_candidate,paper_exact_reconstructed_metadata,main,9,1.75,eigen,198,-0.0678978953556384,4.482158444548249,88.42532800931748,3.8248668636123324e-11
final_reproduction_candidate,paper_exact_reconstructed_metadata,main,9,1.75,eigen,199,-0.0678978953556397,4.421557660604222,83.2258220292969,3.8248668636123324e-11
final_reproduction_candidate,paper_exact_reconstructed_metadata,main,9,1.75,eigen,200,-0.1398383809241342,5.025323080489946,152.21942729626693,3.775843043127248e-11
final_reproduction_candidate,paper_exact_reconstructed_metadata,main,9,1.75,eigen,201,-0.13983838092413847,4.918274739633405,136.76645178634857,3.7758430431272344e-11
final_reproduction_candidate,paper_exact_reconstructed_metadata,main,9,1.75,eigen,202,-0.1398383809241347,4.652937274161951,104.89263195266585,3.7758430431272344e-11
final_reproduction_candidate,paper_exact_reconstructed_metadata,main,9,1.75,eigen,203,-0.13983838092413434,4.783397293198781,119.50967054962624,3.7758430431272344e-11
final_reproduction_candidate,paper_exact_reconstructed_metadata,main,9,1.75,eigen,204,-0.13983838092413642,4.697643039603901,109.68833647389079,3.7758430431272344e-11
final_reproduction_candidate,paper_exact_reconstructed_metadata,main,9,1.75,eigen,205,-0.13983838092414025,4.6036361522694165,99.84671423096175,3.775843043127221e-11
final_reproduction_candidate,paper_exact_reconstructed_metadata,main,9,1.75,eigen,206,-0.13983838092413706,4.692001302346982,109.07124606711628,3.775843043127221e-11
final_reproduction_candidate,paper_exact_reconstructed_metadata,main,9,1.75,eigen,207,-0.13983838092413448,4.825782255592743,124.68396497352298,3.775843043127221e-11
final_reproduction_candidate,paper_exact_reconstructed_metadata,main,9,1.75,eigen,208,-0.10215310262884927,3.498622989427931,33.06988301290689,2.820079625115659e-11
final_reproduction_candidate,paper_exact_reconstructed_metadata,main,9,1.75,eigen,209,-0.16191021380727844,4.3526324752010135,77.68269175324589,2.3781732971753643e-11
final_reproduction_candidate,paper_exact_reconstructed_metadata,main,9,1.75,eigen,210,-0.16191021380727844,4.504772915344162,90.4478024085305,2.3781732971753643e-11
final_reproduction_candidate,paper_exact_reconstructed_metadata,main,9,1.75,eigen,211,-0.1619102138072781,4.926786409484574,137.93553102074284,2.3781732971753643e-11
final_reproduction_candidate,paper_exact_reconstructed_metadata,main,9,1.75,eigen,212,-0.16191021380727813,4.847153699645192,127.37731927814563,2.3781732971753643e-11
final_reproduction_candidate,paper_exact_reconstructed_metadata,main,9,1.75,eigen,213,-0.16191021380727735,4.723466522234212,112.55776113949064,2.378173297175356e-11
final_reproduction_candidate,paper_exact_reconstructed_metadata,main,9,1.75,eigen,214,-0.16191021380727919,4.795452919675986,120.95915415928394,2.378173297175356e-11
final_reproduction_candidate,paper_exact_reconstructed_metadata,main,9,1.75,eigen,215,-0.16191021380727819,4.70838827689102,110.87331873321617,2.378173297175356e-11
final_reproduction_candidate,paper_exact_reconstructed_metadata,main,9,1.75,eigen,216,-0.16191021380727813,4.432561300840522,84.14666606018739,2.378173297175356e-11
final_reproduction_candidate,paper_exact_reconstructed_metadata,main,9,1.75,eigen,217,-0.07008142311905977,4.115817525198614,61.30230996584238,1.931403790548984e-11
final_reproduction_candidate,paper_exact_reconstructed_metadata,main,9,1.75,eigen,218,-0.0700814231190603,4.458811391741731,86.38477039890819,1.931403790548984e-11
final_reproduction_candidate,paper_exact_reconstructed_metadata,main,9,1.75,eigen,219,-0.07008142311906046,4.500490516805958,90.06129704738385,1.931403790548984e-11
final_reproduction_candidate,paper_exact_reconstructed_metadata,main,9,1.75,eigen,220,-0.07008142311906047,4.277872307187843,72.0868979454701,1.9314037905489772e-11
final_reproduction_candidate,paper_exact_reconstructed_metadata,main,9,1.75,eigen,221,-0.13300920293387153,4.241760686331088,69.53016494066348,1.4339017440298492e-11
final_reproduction_candidate,paper_exact_reconstructed_metadata,main,9,1.75,eigen,222,-0.13300920293387164,4.282765239105079,72.44047854673059,1.4339017440298492e-11
final_reproduction_candidate,paper_exact_reconstructed_metadata,main,9,1.75,eigen,223,-0.13300920293387175,4.116393110509717,61.337604831624134,1.4339017440298492e-11
final_reproduction_candidate,paper_exact_reconstructed_metadata,main,9,1.75,eigen,224,-0.13300920293387128,3.9261889573443773,50.71333822429641,1.433901744029844e-11
final_reproduction_candidate,paper_exact_reconstructed_metadata,main,9,1.75,eigen,225,-0.08287184544395129,3.9191089350716743,50.355554712303565,1.3969235542527925e-11
final_reproduction_candidate,paper_exact_reconstructed_metadata,main,9,1.75,eigen,226,-0.08287184544395156,3.919108935071674,50.355554712303544,1.3969235542527925e-11
final_reproduction_candidate,paper_exact_reconstructed_metadata,main,9,1.75,eigen,227,-0.08892688199034852,3.8396594700770423,46.50963382081811,9.814497438137779e-12
final_reproduction_candidate,paper_exact_reconstructed_metadata,main,9,1.75,eigen,228,-0.08892688199034883,3.8396594700770366,46.50963382081785,9.814497438137779e-12
final_reproduction_candidate,paper_exact_reconstructed_metadata,main,9,1.75,eigen,229,0.015499985936527535,3.437565857040356,31.111136970905335,8.994957985628729e-12
final_reproduction_candidate,paper_exact_reconstructed_metadata,main,9,1.75,eigen,230,-0.013114887638876974,5.3796060183490075,216.9367894716277,7.145486231748844e-12
final_reproduction_candidate,paper_exact_reconstructed_metadata,main,9,1.75,eigen,231,-0.013114887638876988,5.401824398934109,221.81071852613653,7.145486231748844e-12
final_reproduction_candidate,paper_exact_reconstructed_metadata,main,9,1.75,eigen,232,-0.013114887638877228,5.337975209633021,208.09094290127828,7.145486231748844e-12
final_reproduction_candidate,paper_exact_reconstructed_metadata,main,9,1.75,eigen,233,-0.013114887638877491,5.1837663718328395,178.3532923763715,7.145486231748844e-12
final_reproduction_candidate,paper_exact_reconstructed_metadata,main,9,1.75,eigen,234,-0.013114887638877063,5.015928833962778,150.79613631054661,7.14548623174882e-12
final_reproduction_candidate,paper_exact_reconstructed_metadata,main,9,1.75,eigen,235,-0.013114887638877408,5.321014538573482,204.59134254561965,7.14548623174882e-12
final_reproduction_candidate,paper_exact_reconstructed_metadata,main,9,1.75,eigen,236,-0.013114887638877191,5.136174498695639,170.06394250212185,7.14548623174882e-12
final_reproduction_candidate,paper_exact_reconstructed_metadata,main,9,1.75,eigen,237,-0.013114887638877158,5.154589032909593,173.22460251770377,7.14548623174882e-12
final_reproduction_candidate,paper_exact_reconstructed_metadata,main,9,1.75,eigen,238,-0.013114887638877196,4.915684130921067,136.41260196590713,7.14548623174882e-12
final_reproduction_candidate,paper_exact_reconstructed_metadata,main,9,1.75,eigen,239,-0.013114887638877387,5.014017147121477,150.50813669129295,7.14548623174882e-12
final_reproduction_candidate,paper_exact_reconstructed_metadata,main,9,1.75,eigen,240,-0.013114887638877235,5.470400728148451,237.55536881313057,7.14548623174882e-12
final_reproduction_candidate,paper_exact_reconstructed_metadata,main,9,1.75,eigen,241,-0.013114887638877198,5.167670867612686,175.50558532491252,7.14548623174882e-12
final_reproduction_candidate,paper_exact_reconstructed_metadata,main,9,1.75,eigen,242,-0.013114887638877096,5.174632729691516,176.7316940517333,7.14548623174882e-12
final_reproduction_candidate,paper_exact_reconstructed_metadata,main,9,1.75,eigen,243,-0.01311488763887695,4.919267338071107,136.90227334970604,7.14548623174882e-12
final_reproduction_candidate,paper_exact_reconstructed_metadata,main,9,1.75,eigen,244,-0.013114887638877167,4.945721404805601,140.57222375935234,7.145486231748794e-12
final_reproduction_candidate,paper_exact_reconstructed_metadata,main,9,1.75,eigen,245,-0.013114887638877158,5.29229506720592,198.7991596708852,7.145486231748794e-12
final_reproduction_candidate,paper_exact_reconstructed_metadata,main,9,1.75,eigen,246,-0.0323667509279409,4.025705519764132,56.019817931495986,5.960081824601972e-12
final_reproduction_candidate,paper_exact_reconstructed_metadata,main,9,1.75,eigen,247,-0.03236675092794076,4.025705519764127,56.01981793149574,5.960081824601972e-12
final_reproduction_candidate,paper_exact_reconstructed_metadata,main,9,1.75,eigen,248,-0.07851233251511164,3.8703863333061883,47.96091139958382,5.5927616969217805e-12
final_reproduction_candidate,paper_exact_reconstructed_metadata,main,9,1.75,eigen,249,-0.07851233251511155,3.870386333306183,47.960911399583566,5.5927616969217805e-12
final_reproduction_candidate,paper_exact_reconstructed_metadata,main,9,1.75,eigen,250,-0.049611321641704155,4.041563700742686,56.915271710895354,3.3721136978051715e-12
final_reproduction_candidate,paper_exact_reconstructed_metadata,main,9,1.75,eigen,251,-0.04961132164170487,4.192641594645883,66.19742696873831,3.3721136978051715e-12
final_reproduction_candidate,paper_exact_reconstructed_metadata,main,9,1.75,eigen,252,-0.0496113216417046,4.061838371502238,58.08098742564287,3.37211369780516e-12
final_reproduction_candidate,paper_exact_reconstructed_metadata,main,9,1.75,eigen,253,-0.04961132164170472,4.165076504294249,64.39760894863453,3.37211369780516e-12
final_reproduction_candidate,paper_exact_reconstructed_metadata,main,9,1.75,eigen,254,-0.03334299541357066,3.7993180015327734,44.67070874738043,2.7247060865574537e-12
final_reproduction_candidate,paper_exact_reconstructed_metadata,main,9,1.75,eigen,255,-0.033342995413570733,3.799318001532789,44.67070874738112,2.7247060865574537e-12
final_reproduction_candidate,paper_exact_reconstructed_metadata,main,9,1.75,eigen,256,0.04385164784130556,4.181072436385604,65.43599153609473,2.6435680481707647e-12
final_reproduction_candidate,paper_exact_reconstructed_metadata,main,9,1.75,eigen,257,0.04385164784130543,4.122590578749459,61.7189230728232,2.6435680481707647e-12
final_reproduction_candidate,paper_exact_reconstructed_metadata,main,9,1.75,eigen,258,0.04385164784130571,4.426292933967431,83.62085360057894,2.6435680481707647e-12
final_reproduction_candidate,paper_exact_reconstructed_metadata,main,9,1.75,eigen,259,0.04385164784130537,4.463294421432928,86.77290524945671,2.6435680481707457e-12
final_reproduction_candidate,paper_exact_reconstructed_metadata,main,9,1.75,eigen,260,-0.005529000698181231,4.756723593709872,116.36404475354051,2.308080130735172e-12
final_reproduction_candidate,paper_exact_reconstructed_metadata,main,9,1.75,eigen,261,-0.005529000698181474,4.8430970001481075,126.86163446745651,2.308080130735172e-12
final_reproduction_candidate,paper_exact_reconstructed_metadata,main,9,1.75,eigen,262,-0.005529000698181615,4.918752747190196,136.83184281127498,2.308080130735172e-12
final_reproduction_candidate,paper_exact_reconstructed_metadata,main,9,1.75,eigen,263,-0.005529000698181415,4.961694268801064,142.83559289331532,2.308080130735172e-12
final_reproduction_candidate,paper_exact_reconstructed_metadata,main,9,1.75,eigen,264,-0.005529000698181765,4.90105872153273,134.4320304550029,2.308080130735172e-12
final_reproduction_candidate,paper_exact_reconstructed_metadata,main,9,1.75,eigen,265,-0.0055290006981812455,4.537260095070651,93.43444758554917,2.308080130735172e-12
final_reproduction_candidate,paper_exact_reconstructed_metadata,main,9,1.75,eigen,266,-0.005529000698181564,5.025890303343274,152.30579412645415,2.308080130735164e-12
final_reproduction_candidate,paper_exact_reconstructed_metadata,main,9,1.75,eigen,267,-0.005529000698181913,4.643550880364093,103.91267472973125,2.308080130735164e-12
final_reproduction_candidate,paper_exact_reconstructed_metadata,main,9,1.75,eigen,268,0.024599784552241946,3.9516783427951316,52.02260537117762,2.2050118585344917e-12
final_reproduction_candidate,paper_exact_reconstructed_metadata,main,9,1.75,eigen,269,0.02459978455224194,3.9516783427951263,52.02260537117734,2.2050118585344917e-12
final_reproduction_candidate,paper_exact_reconstructed_metadata,main,9,1.75,eigen,270,0.07592332735109394,3.23925602207755,25.514732286839102,1.8105153142978273e-12
final_reproduction_candidate,paper_exact_reconstructed_metadata,main,9,1.75,eigen,271,-0.004441984540164045,3.2379375696793042,25.48111449346493,1.6428410890509617e-12
final_reproduction_candidate,paper_exact_reconstructed_metadata,main,9,1.75,eigen,272,0.023372010175225104,4.539823138185602,93.6742312598149,1.3916395952947128e-12
final_reproduction_candidate,paper_exact_reconstructed_metadata,main,9,1.75,eigen,273,0.023372010175225208,4.53143487641944,92.8917536887227,1.3916395952947128e-12
final_reproduction_candidate,paper_exact_reconstructed_metadata,main,9,1.75,eigen,274,0.023372010175225652,4.088782952346426,59.66722963469142,1.3916395952947128e-12
final_reproduction_candidate,paper_exact_reconstructed_metadata,main,9,1.75,eigen,275,0.023372010175225683,3.9385770101308144,51.345485185871524,1.391639595294708e-12
final_reproduction_candidate,paper_exact_reconstructed_metadata,main,9,1.75,eigen,276,0.09435674235731649,4.683686999115974,108.16815414594765,1.1278986475697897e-12
final_reproduction_candidate,paper_exact_reconstructed_metadata,main,9,1.75,eigen,277,0.094356742357316,4.381201330590489,79.93400291090819,1.1278986475697859e-12
final_reproduction_candidate,paper_exact_reconstructed_metadata,main,9,1.75,eigen,278,0.09435674235731611,4.630153501752411,102.5298014068016,1.1278986475697859e-12
final_reproduction_candidate,paper_exact_reconstructed_metadata,main,9,1.75,eigen,279,0.09435674235731624,4.640994155559699,103.64733795785064,1.1278986475697859e-12
final_reproduction_candidate,paper_exact_reconstructed_metadata,main,9,1.75,eigen,280,0.0016299907255120205,3.6637119735746273,39.00586321104398,6.992330658991629e-13
final_reproduction_candidate,paper_exact_reconstructed_metadata,main,9,1.75,eigen,281,0.001629990725512359,3.6637119735746295,39.005863211044066,6.992330658991629e-13
final_reproduction_candidate,paper_exact_reconstructed_metadata,main,9,1.75,eigen,282,0.13288986283127877,4.536179317447057,93.33352027513946,6.698243171102135e-13
final_reproduction_candidate,paper_exact_reconstructed_metadata,main,9,1.75,eigen,283,0.13288986283127782,4.486695609749761,88.82743986463394,6.698243171102135e-13
final_reproduction_candidate,paper_exact_reconstructed_metadata,main,9,1.75,eigen,284,0.13288986283127743,4.033422505581694,56.453794413480274,6.698243171102135e-13
final_reproduction_candidate,paper_exact_reconstructed_metadata,main,9,1.75,eigen,285,0.1328898628312792,4.002652598089135,54.74316923538892,6.698243171102135e-13
final_reproduction_candidate,paper_exact_reconstructed_metadata,main,9,1.75,eigen,286,0.05005488587859406,3.7708239756877266,43.41582368479628,6.407704541282863e-13
final_reproduction_candidate,paper_exact_reconstructed_metadata,main,9,1.75,eigen,287,0.050054885878595044,3.7708239756877213,43.415823684796045,6.407704541282863e-13
final_reproduction_candidate,paper_exact_reconstructed_metadata,main,9,1.75,eigen,288,0.07786888059398521,3.9238809953558373,50.596428730591576,5.427923256868534e-13
final_reproduction_candidate,paper_exact_reconstructed_metadata,main,9,1.75,eigen,289,0.07786888059398499,3.9238809953558387,50.59642873059165,5.427923256868534e-13
final_reproduction_candidate,paper_exact_reconstructed_metadata,main,9,1.75,eigen,290,0.15132327783749935,4.522989707478234,92.11057039092293,4.1728116598172414e-13
final_reproduction_candidate,paper_exact_reconstructed_metadata,main,9,1.75,eigen,291,0.15132327783749885,4.43216985418329,84.11373357511705,4.1728116598172414e-13
final_reproduction_candidate,paper_exact_reconstructed_metadata,main,9,1.75,eigen,292,0.15132327783750002,4.352036965823031,77.6364447534277,4.1728116598172414e-13
final_reproduction_candidate,paper_exact_reconstructed_metadata,main,9,1.75,eigen,293,0.1513232778374997,4.319843235969115,75.17684234340587,4.1728116598172414e-13
final_reproduction_candidate,paper_exact_reconstructed_metadata,main,9,1.75,eigen,294,0.07895589675200262,4.357440619402842,78.05710072203148,3.8634773705879337e-13
final_reproduction_candidate,paper_exact_reconstructed_metadata,main,9,1.75,eigen,295,0.07895589675200253,4.313242120690299,74.68222564777717,3.8634773705879337e-13
final_reproduction_candidate,paper_exact_reconstructed_metadata,main,9,1.75,eigen,296,0.07895589675200265,4.122385251985438,61.7062518269873,3.8634773705879337e-13
final_reproduction_candidate,paper_exact_reconstructed_metadata,main,9,1.75,eigen,297,0.0789558967520022,4.345976179087494,77.16732985754524,3.8634773705879337e-13
final_reproduction_candidate,paper_exact_reconstructed_metadata,main,9,1.75,eigen,298,0.10676989146739185,4.5514575062119835,94.77043620171459,3.272725597301207e-13
final_reproduction_candidate,paper_exact_reconstructed_metadata,main,9,1.75,eigen,299,0.10676989146739174,4.347665511448065,77.2978012988377,3.272725597301207e-13
final_reproduction_candidate,paper_exact_reconstructed_metadata,main,9,1.75,eigen,300,0.10676989146739196,4.499228404962068,89.94770131804108,3.272725597301195e-13
final_reproduction_candidate,paper_exact_reconstructed_metadata,main,9,1.75,eigen,301,0.1067698914673932,4.468623890467159,87.23659326894497,3.272725597301195e-13
final_reproduction_candidate,paper_exact_reconstructed_metadata,main,9,1.75,eigen,302,0.12303821769552568,4.859964524616654,129.01962500553523,2.6443993749092777e-13
final_reproduction_candidate,paper_exact_reconstructed_metadata,main,9,1.75,eigen,303,0.12303821769552623,4.89325619758458,133.38720276521465,2.6443993749092777e-13
final_reproduction_candidate,paper_exact_reconstructed_metadata,main,9,1.75,eigen,304,0.12303821769552561,4.231880732311203,68.84659250067487,2.6443993749092777e-13
final_reproduction_candidate,paper_exact_reconstructed_metadata,main,9,1.75,eigen,305,0.12303821769552584,4.819983643415605,123.96306315093712,2.6443993749092777e-13
final_reproduction_candidate,paper_exact_reconstructed_metadata,main,9,1.75,eigen,306,0.12303821769552546,4.99749219943814,148.04143479881714,2.644399374909268e-13
final_reproduction_candidate,paper_exact_reconstructed_metadata,main,9,1.75,eigen,307,0.12303821769552571,4.749422687982298,115.5175755884614,2.644399374909268e-13
final_reproduction_candidate,paper_exact_reconstructed_metadata,main,9,1.75,eigen,308,0.12303821769552568,4.892781340050319,133.32387788334614,2.644399374909268e-13
final_reproduction_candidate,paper_exact_reconstructed_metadata,main,9,1.75,eigen,309,0.12303821769552581,4.632984749463056,102.82049999798207,2.644399374909268e-13
final_reproduction_candidate,paper_exact_reconstructed_metadata,main,9,1.75,eigen,310,0.05859652620569611,3.6144242317567783,37.12996151729197,2.5869060988773417e-13
final_reproduction_candidate,paper_exact_reconstructed_metadata,main,9,1.75,eigen,311,0.05859652620569536,3.614424231756778,37.12996151729195,2.5869060988773326e-13
final_reproduction_candidate,paper_exact_reconstructed_metadata,main,9,1.75,eigen,312,0.18985639831145976,3.50136111869918,33.160556709081085,2.4781045056565546e-13
final_reproduction_candidate,paper_exact_reconstructed_metadata,main,9,1.75,eigen,313,0.15193922856893227,4.473662724678142,87.67727332402737,1.5944207598737768e-13
final_reproduction_candidate,paper_exact_reconstructed_metadata,main,9,1.75,eigen,314,0.15193922856893333,4.28569126104333,72.65275138221283,1.594420759873771e-13
final_reproduction_candidate,paper_exact_reconstructed_metadata,main,9,1.75,eigen,315,0.15193922856893236,4.328298923951176,75.81520937844374,1.594420759873771e-13
final_reproduction_candidate,paper_exact_reconstructed_metadata,main,9,1.75,eigen,316,0.1519392285689326,4.49606683641906,89.66377455849334,1.5944207598737654e-13
final_reproduction_candidate,paper_exact_reconstructed_metadata,main,9,1.75,eigen,317,0.1091016207217051,3.7132477859968716,40.98670664650064,1.1037233909423156e-13
final_reproduction_candidate,paper_exact_reconstructed_metadata,main,9,1.75,eigen,318,0.10910162072170575,3.7132477859968738,40.986706646500735,1.1037233909423115e-13
final_reproduction_candidate,paper_exact_reconstructed_metadata,main,9,1.75,eigen,319,0.24036149282747107,4.214202674597378,67.64021310468749,1.0573023540667678e-13
final_reproduction_candidate,paper_exact_reconstructed_metadata,main,9,1.75,eigen,320,0.24036149282747143,4.620216357667758,101.51599351730015,1.0573023540667678e-13
final_reproduction_candidate,paper_exact_reconstructed_metadata,main,9,1.75,eigen,321,0.24036149282747107,4.617321657713486,101.22256008128157,1.0573023540667602e-13
final_reproduction_candidate,paper_exact_reconstructed_metadata,main,9,1.75,eigen,322,0.2403614928274712,4.220343590113797,68.05686393830676,1.0573023540667602e-13
final_reproduction_candidate,paper_exact_reconstructed_metadata,main,9,1.75,eigen,323,0.1623537780441698,3.1708094403870692,23.826762897143414,9.085758502465865e-14
final_reproduction_candidate,paper_exact_reconstructed_metadata,main,9,1.75,eigen,324,0.20643609898769158,4.812939614721714,123.09293198942285,6.218846857343189e-14
final_reproduction_candidate,paper_exact_reconstructed_metadata,main,9,1.75,eigen,325,0.20643609898769294,5.055527368356565,156.88724590050427,6.218846857343189e-14
final_reproduction_candidate,paper_exact_reconstructed_metadata,main,9,1.75,eigen,326,0.20643609898769222,4.980452275591914,145.54019104655,6.218846857343189e-14
final_reproduction_candidate,paper_exact_reconstructed_metadata,main,9,1.75,eigen,327,0.20643609898769272,4.822263478645107,124.24600091265316,6.218846857343189e-14
final_reproduction_candidate,paper_exact_reconstructed_metadata,main,9,1.75,eigen,328,0.20643609898769247,4.515742008901814,91.4453941512286,6.218846857343189e-14
final_reproduction_candidate,paper_exact_reconstructed_metadata,main,9,1.75,eigen,329,0.20643609898769213,4.493057668758235,89.3943667776279,6.218846857343166e-14
final_reproduction_candidate,paper_exact_reconstructed_metadata,main,9,1.75,eigen,330,0.20643609898769222,4.994802732770757,147.64381722381293,6.218846857343144e-14
final_reproduction_candidate,paper_exact_reconstructed_metadata,main,9,1.75,eigen,331,0.2064360989876921,5.06218190845627,157.93473979905434,6.218846857343123e-14
final_reproduction_candidate,paper_exact_reconstructed_metadata,main,9,1.75,eigen,332,0.16606815620188625,4.630417190437153,102.55684092013155,4.083372069698449e-14
final_reproduction_candidate,paper_exact_reconstructed_metadata,main,9,1.75,eigen,333,0.16606815620188964,4.721785995842462,112.36876370336927,4.0833720696984346e-14
final_reproduction_candidate,paper_exact_reconstructed_metadata,main,9,1.75,eigen,334,0.16606815620189075,4.865362293036698,129.7179260010182,4.0833720696984346e-14
final_reproduction_candidate,paper_exact_reconstructed_metadata,main,9,1.75,eigen,335,0.16606815620188867,4.747504590005246,115.29621392495832,4.0833720696984346e-14
final_reproduction_candidate,paper_exact_reconstructed_metadata,main,9,1.75,eigen,336,0.16606815620188786,4.795103950971308,120.91695056423326,4.0833720696984346e-14
final_reproduction_candidate,paper_exact_reconstructed_metadata,main,9,1.75,eigen,337,0.16606815620188642,4.741957616159773,114.65843933661702,4.0833720696984346e-14
final_reproduction_candidate,paper_exact_reconstructed_metadata,main,9,1.75,eigen,338,0.16606815620189253,4.877146627030533,131.25560784939088,4.08337206969842e-14
final_reproduction_candidate,paper_exact_reconstructed_metadata,main,9,1.75,eigen,339,0.1660681562018892,4.687202007161149,108.54903508562852,4.08337206969842e-14
final_reproduction_candidate,paper_exact_reconstructed_metadata,main,9,1.75,eigen,340,0.2973280283076533,4.546630885849755,94.31411740927032,3.9116312449776514e-14
final_reproduction_candidate,paper_exact_reconstructed_metadata,main,9,1.75,eigen,341,0.2973280283076597,4.565602321637836,96.12047202432983,3.9116312449776514e-14
final_reproduction_candidate,paper_exact_reconstructed_metadata,main,9,1.75,eigen,342,0.29732802830765487,4.468927394292279,87.26307392697977,3.9116312449776375e-14
final_reproduction_candidate,paper_exact_reconstructed_metadata,main,9,1.75,eigen,343,0.29732802830765415,4.599766965261094,99.46113504146044,3.9116312449776375e-14
final_reproduction_candidate,paper_exact_reconstructed_metadata,main,9,1.75,eigen,344,0.23533710986110012,5.083948877010693,161.41018807915827,3.7496070472199325e-14
final_reproduction_candidate,paper_exact_reconstructed_metadata,main,9,1.75,eigen,345,0.23533710986110018,5.147957546879308,172.0796664954881,3.7496070472199325e-14
final_reproduction_candidate,paper_exact_reconstructed_metadata,main,9,1.75,eigen,346,0.2353371098610976,5.250591528384907,190.6790271623282,3.7496070472199325e-14
final_reproduction_candidate,paper_exact_reconstructed_metadata,main,9,1.75,eigen,347,0.23533710986110076,5.151765950373732,172.736264800724,3.7496070472199325e-14
final_reproduction_candidate,paper_exact_reconstructed_metadata,main,9,1.75,eigen,348,0.23533710986110037,5.171982084428131,176.26386132721566,3.7496070472199187e-14
final_reproduction_candidate,paper_exact_reconstructed_metadata,main,9,1.75,eigen,349,0.2353371098610986,5.020709096526959,151.51870709887032,3.7496070472199187e-14
final_reproduction_candidate,paper_exact_reconstructed_metadata,main,9,1.75,eigen,350,0.23533710986109682,4.117716691792877,61.41884388872082,3.7496070472199187e-14
final_reproduction_candidate,paper_exact_reconstructed_metadata,main,9,1.75,eigen,351,0.23533710986110068,5.081008576647111,160.9362906862197,3.7496070472199187e-14
final_reproduction_candidate,paper_exact_reconstructed_metadata,main,9,1.75,eigen,352,0.23533710986109935,4.73374079582255,113.72017160812997,3.7496070472199187e-14
final_reproduction_candidate,paper_exact_reconstructed_metadata,main,9,1.75,eigen,353,0.23533710986110248,5.167722130205039,175.51458242679416,3.7496070472199187e-14
final_reproduction_candidate,paper_exact_reconstructed_metadata,main,9,1.75,eigen,354,0.23533710986109904,5.252096352835741,190.96618162900617,3.7496070472199187e-14
final_reproduction_candidate,paper_exact_reconstructed_metadata,main,9,1.75,eigen,355,0.23533710986109713,4.759624824054068,116.70213385118223,3.7496070472199054e-14
final_reproduction_candidate,paper_exact_reconstructed_metadata,main,9,1.75,eigen,356,0.2353371098610983,5.002261364246107,148.74915507567937,3.7496070472199054e-14
final_reproduction_candidate,paper_exact_reconstructed_metadata,main,9,1.75,eigen,357,0.23533710986109568,4.91983676678105,136.98025163403778,3.7496070472199054e-14
final_reproduction_candidate,paper_exact_reconstructed_metadata,main,9,1.75,eigen,358,0.2353371098611007,5.136186191902333,170.0659311065792,3.7496070472199054e-14
final_reproduction_candidate,paper_exact_reconstructed_metadata,main,9,1.75,eigen,359,0.23533710986109982,5.249931223455692,190.55316241992298,3.7496070472199054e-14
final_reproduction_candidate,paper_exact_reconstructed_metadata,main,9,1.75,eigen,360,0.27941943080462256,3.7893417183754767,44.227276687727326,2.5664595856853253e-14
final_reproduction_candidate,paper_exact_reconstructed_metadata,main,9,1.75,eigen,361,0.2794194308046223,3.7893417183754767,44.227276687727326,2.5664595856853165e-14
final_reproduction_candidate,paper_exact_reconstructed_metadata,main,9,1.75,eigen,362,0.30832044167802924,3.1429227625199694,23.17149275391774,1.547427548811195e-14
final_reproduction_candidate,paper_exact_reconstructed_metadata,main,9,1.75,eigen,363,0.2230346916820719,3.691764003036506,40.11554852947627,1.51069802419951e-14
final_reproduction_candidate,paper_exact_reconstructed_metadata,main,9,1.75,eigen,364,0.22303469168207218,3.6917640030365297,40.115548529477216,1.5106980241995047e-14
final_reproduction_candidate,paper_exact_reconstructed_metadata,main,9,1.75,eigen,365,0.2551063711918607,3.524597952790716,33.94012534012998,1.0346402506965096e-14
final_reproduction_candidate,paper_exact_reconstructed_metadata,main,9,1.75,eigen,366,0.25510637119186036,3.5245979527907147,33.94012534012993,1.0346402506965096e-14
final_reproduction_candidate,paper_exact_reconstructed_metadata,main,9,1.75,eigen,367,0.3187349911532662,4.400945949236597,81.52795350542681,8.817969109781511e-15
final_reproduction_candidate,paper_exact_reconstructed_metadata,main,9,1.75,eigen,368,0.318734991153267,4.370345643819343,79.07095736452139,8.817969109781511e-15
final_reproduction_candidate,paper_exact_reconstructed_metadata,main,9,1.75,eigen,369,0.3187349911532663,4.37075991698847,79.10372112671988,8.817969109781511e-15
final_reproduction_candidate,paper_exact_reconstructed_metadata,main,9,1.75,eigen,370,0.3187349911532657,4.420917941610963,83.17259791626829,8.81796910978145e-15
final_reproduction_candidate,paper_exact_reconstructed_metadata,main,9,1.75,eigen,371,0.335003317381399,3.9498811214797405,51.9291932022364,7.125018981458299e-15
final_reproduction_candidate,paper_exact_reconstructed_metadata,main,9,1.75,eigen,372,0.33500331738140154,3.9498811214797356,51.92919320223614,7.125018981458248e-15
final_reproduction_candidate,paper_exact_reconstructed_metadata,main,9,1.75,eigen,373,0.2735397861980835,3.6226436445788637,37.436405669320315,6.445509354525639e-15
final_reproduction_candidate,paper_exact_reconstructed_metadata,main,9,1.75,eigen,374,0.27353978619808106,3.622643644578861,37.436405669320216,6.445509354525639e-15
final_reproduction_candidate,paper_exact_reconstructed_metadata,main,9,1.75,eigen,375,0.4047996583038477,3.2031890276070683,24.61088999254539,6.174420393393204e-15
final_reproduction_candidate,paper_exact_reconstructed_metadata,main,9,1.75,eigen,376,0.36281731209679,3.801695044556012,44.777019246208795,6.035555476367923e-15
final_reproduction_candidate,paper_exact_reconstructed_metadata,main,9,1.75,eigen,377,0.36281731209678925,3.8016950445560154,44.77701924620895,6.03555547636788e-15
final_reproduction_candidate,paper_exact_reconstructed_metadata,main,9,1.75,eigen,378,0.3639043282548063,4.484052837240464,88.59299907177898,4.2959767296577604e-15
final_reproduction_candidate,paper_exact_reconstructed_metadata,main,9,1.75,eigen,379,0.3639043282548069,4.480904014282606,88.31447414537077,4.2959767296577604e-15
final_reproduction_candidate,paper_exact_reconstructed_metadata,main,9,1.75,eigen,380,0.36390432825480584,4.274511617719079,71.84504289420137,4.2959767296577604e-15
final_reproduction_candidate,paper_exact_reconstructed_metadata,main,9,1.75,eigen,381,0.3639043282548063,4.556872493016727,95.28500880780163,4.2959767296577604e-15
final_reproduction_candidate,paper_exact_reconstructed_metadata,main,9,1.75,eigen,382,0.31207290667204335,4.591444808972145,98.63683865010853,3.827789767391772e-15
final_reproduction_candidate,paper_exact_reconstructed_metadata,main,9,1.75,eigen,383,0.312072906672045,4.509308065818346,90.85892835687667,3.827789767391745e-15
final_reproduction_candidate,paper_exact_reconstructed_metadata,main,9,1.75,eigen,384,0.3120729066720455,4.734187370641821,113.77096751445546,3.827789767391745e-15
final_reproduction_candidate,paper_exact_reconstructed_metadata,main,9,1.75,eigen,385,0.31207290667204574,4.264413925248994,71.12322423024584,3.827789767391745e-15
final_reproduction_candidate,paper_exact_reconstructed_metadata,main,9,1.75,eigen,386,0.31207290667204407,4.850625810735511,127.82035617263583,3.827789767391745e-15
final_reproduction_candidate,paper_exact_reconstructed_metadata,main,9,1.75,eigen,387,0.31207290667204407,4.76776021154927,117.65542336362216,3.827789767391745e-15
final_reproduction_candidate,paper_exact_reconstructed_metadata,main,9,1.75,eigen,388,0.31207290667204396,4.8831558175142495,132.04672239740208,3.827789767391745e-15
final_reproduction_candidate,paper_exact_reconstructed_metadata,main,9,1.75,eigen,389,0.3120729066720482,4.65968737445742,105.60306278077829,3.827789767391717e-15
final_reproduction_candidate,paper_exact_reconstructed_metadata,main,9,1.75,eigen,390,0.3917183229701969,4.297712694892249,73.53141242810862,3.639092884455495e-15
final_reproduction_candidate,paper_exact_reconstructed_metadata,main,9,1.75,eigen,391,0.3917183229701919,4.298683795933139,73.60285354191137,3.639092884455469e-15
final_reproduction_candidate,paper_exact_reconstructed_metadata,main,9,1.75,eigen,392,0.39171832297019177,4.355143379042473,77.8779906080991,3.639092884455469e-15
final_reproduction_candidate,paper_exact_reconstructed_metadata,main,9,1.75,eigen,393,0.39171832297019404,4.368219788517607,78.90304249518984,3.639092884455469e-15
final_reproduction_candidate,paper_exact_reconstructed_metadata,main,9,1.75,eigen,394,0.3305063216782661,3.5033194797607394,33.22556068196931,2.384602255351271e-15
final_reproduction_candidate,paper_exact_reconstructed_metadata,main,9,1.75,eigen,395,0.33050632167826677,3.503319479760748,33.22556068196959,2.384602255351271e-15
final_reproduction_candidate,paper_exact_reconstructed_metadata,main,9,1.75,eigen,396,0.3818298644771178,2.8403760869219616,17.122203763314204,1.957975366487185e-15
final_reproduction_candidate,paper_exact_reconstructed_metadata,main,9,1.75,eigen,397,0.3690394421522272,3.576559960226358,35.75034645801548,1.4161419385613007e-15
final_reproduction_candidate,paper_exact_reconstructed_metadata,main,9,1.75,eigen,398,0.3690394421522275,3.5765599602263523,35.75034645801527,1.4161419385612905e-15
final_reproduction_candidate,paper_exact_reconstructed_metadata,main,9,1.75,eigen,399,0.4473022095469733,4.377538919446644,79.64178716161372,1.0102869346415716e-15
final_reproduction_candidate,paper_exact_reconstructed_metadata,main,9,1.75,eigen,400,0.4473022095469735,4.376346797922626,79.54690104205713,1.0102869346415645e-15
final_reproduction_candidate,paper_exact_reconstructed_metadata,main,9,1.75,eigen,401,0.4473022095469738,4.134041026938134,62.4296939604297,1.0102869346415645e-15
final_reproduction_candidate,paper_exact_reconstructed_metadata,main,9,1.75,eigen,402,0.4473022095469731,4.4681905495251515,87.19879827109173,1.0102869346415645e-15
final_reproduction_candidate,paper_exact_reconstructed_metadata,main,9,1.75,eigen,403,0.47511620426236345,3.0976868264199124,22.146662909328363,8.558072416293877e-16
final_reproduction_candidate,paper_exact_reconstructed_metadata,main,9,1.75,eigen,404,0.43879639995730085,4.237582308375888,69.24024774586321,7.2437913251484065e-16
final_reproduction_candidate,paper_exact_reconstructed_metadata,main,9,1.75,eigen,405,0.4387963999573004,4.1956175816907795,66.39472308353088,7.243791325148354e-16
final_reproduction_candidate,paper_exact_reconstructed_metadata,main,9,1.75,eigen,406,0.438796399957301,4.093622449498327,59.95668887621242,7.243791325148354e-16
final_reproduction_candidate,paper_exact_reconstructed_metadata,main,9,1.75,eigen,407,0.4387963999573017,3.666710003867145,39.12297944181844,7.243791325148354e-16
final_reproduction_candidate,paper_exact_reconstructed_metadata,main,9,1.75,eigen,408,0.4913845304904968,3.7272801555933155,41.5659014968617,6.915019507513268e-16
final_reproduction_candidate,paper_exact_reconstructed_metadata,main,9,1.75,eigen,409,0.49138453049049574,3.727280155593316,41.56590149686171,6.915019507513268e-16
final_reproduction_candidate,paper_exact_reconstructed_metadata,main,9,1.75,eigen,410,0.41954453666823643,4.82492972439346,124.57771330120096,6.042078539931648e-16
final_reproduction_candidate,paper_exact_reconstructed_metadata,main,9,1.75,eigen,411,0.41954453666823716,4.151398058746207,63.52274677898883,6.042078539931648e-16
final_reproduction_candidate,paper_exact_reconstructed_metadata,main,9,1.75,eigen,412,0.4195445366682365,4.906684425579119,135.19043655663205,6.042078539931606e-16
final_reproduction_candidate,paper_exact_reconstructed_metadata,main,9,1.75,eigen,413,0.41954453666823666,4.6380832093184114,103.34606483667174,6.042078539931606e-16
final_reproduction_candidate,paper_exact_reconstructed_metadata,main,9,1.75,eigen,414,0.4195445366682362,4.608772408358237,100.36087181705783,6.042078539931606e-16
final_reproduction_candidate,paper_exact_reconstructed_metadata,main,9,1.75,eigen,415,0.4195445366682379,4.1251707792603325,61.87837589132594,6.042078539931606e-16
final_reproduction_candidate,paper_exact_reconstructed_metadata,main,9,1.75,eigen,416,0.41954453666823804,4.554172633950066,95.0280996781325,6.042078539931606e-16
final_reproduction_candidate,paper_exact_reconstructed_metadata,main,9,1.75,eigen,417,0.4195445366682372,4.902413310140888,134.6142539430957,6.042078539931606e-16
final_reproduction_candidate,paper_exact_reconstructed_metadata,main,9,1.75,eigen,418,0.5202855413639029,4.38081848905823,79.90340671187573,4.1693591226513074e-16
final_reproduction_candidate,paper_exact_reconstructed_metadata,main,9,1.75,eigen,419,0.520285541363904,4.049667606189581,57.37838165643673,4.1693591226512783e-16
final_reproduction_candidate,paper_exact_reconstructed_metadata,main,9,1.75,eigen,420,0.5202855413639034,4.409667294028064,82.24209651521863,4.1693591226512487e-16
final_reproduction_candidate,paper_exact_reconstructed_metadata,main,9,1.75,eigen,421,0.520285541363905,4.185617592759197,65.7340852782441,4.1693591226512187e-16
final_reproduction_candidate,paper_exact_reconstructed_metadata,main,9,1.75,eigen,422,0.49576293543748434,2.980689449927763,19.70139508881671,2.679937330183891e-16
final_reproduction_candidate,paper_exact_reconstructed_metadata,main,9,1.75,eigen,423,0.42627322291226494,3.424171441391242,30.69719988240717,2.5923669726007974e-16
final_reproduction_candidate,paper_exact_reconstructed_metadata,main,9,1.75,eigen,424,0.42627322291226505,3.424171441391228,30.697199882406732,2.592366972600779e-16
final_reproduction_candidate,paper_exact_reconstructed_metadata,main,9,1.75,eigen,425,0.4765110721484207,3.94664943549158,51.761645233219845,2.2353476383079246e-16
final_reproduction_candidate,paper_exact_reconstructed_metadata,main,9,1.75,eigen,426,0.4765110721484194,4.329021320477711,75.86999780946073,2.2353476383079246e-16
final_reproduction_candidate,paper_exact_reconstructed_metadata,main,9,1.75,eigen,427,0.47651107214842064,4.0915024277487735,59.82971403403443,2.235347638307909e-16
final_reproduction_candidate,paper_exact_reconstructed_metadata,main,9,1.75,eigen,428,0.4765110721484203,4.494122328432947,89.4895920373346,2.235347638307909e-16
final_reproduction_candidate,paper_exact_reconstructed_metadata,main,9,1.75,eigen,429,0.47651107214842015,4.632176867431784,102.73746670865465,2.235347638307909e-16
final_reproduction_candidate,paper_exact_reconstructed_metadata,main,9,1.75,eigen,430,0.47651107214842064,4.463952226986953,86.83000372625733,2.235347638307909e-16
final_reproduction_candidate,paper_exact_reconstructed_metadata,main,9,1.75,eigen,431,0.4765110721484214,3.8471031467059174,46.85712820852865,2.2353476383078925e-16
final_reproduction_candidate,paper_exact_reconstructed_metadata,main,9,1.75,eigen,432,0.4765110721484204,4.524717973315831,92.26989958495425,2.2353476383078767e-16
final_reproduction_candidate,paper_exact_reconstructed_metadata,main,9,1.75,eigen,433,0.45517423378567073,2.715471445115821,15.111732745383067,1.56304821334624e-16
final_reproduction_candidate,paper_exact_reconstructed_metadata,main,9,1.75,eigen,434,0.5462680299534955,4.3619372134954935,78.40888213640986,1.1434158815687729e-16
final_reproduction_candidate,paper_exact_reconstructed_metadata,main,9,1.75,eigen,435,0.5462680299534941,3.974169013266941,53.20588514560136,1.1434158815687729e-16
final_reproduction_candidate,paper_exact_reconstructed_metadata,main,9,1.75,eigen,436,0.5462680299534934,4.172553140340264,64.88089084310378,1.1434158815687729e-16
final_reproduction_candidate,paper_exact_reconstructed_metadata,main,9,1.75,eigen,437,0.5462680299534957,4.368367340738266,78.91468567329406,1.1434158815687729e-16
final_reproduction_candidate,paper_exact_reconstructed_metadata,main,9,1.75,eigen,438,0.6036834226560702,4.1772193681516505,65.18434730826857,9.80510210486818e-17
final_reproduction_candidate,paper_exact_reconstructed_metadata,main,9,1.75,eigen,439,0.6036834226560717,4.308834786247478,74.35380037405076,9.80510210486818e-17
final_reproduction_candidate,paper_exact_reconstructed_metadata,main,9,1.75,eigen,440,0.603683422656071,4.29673791467059,73.45977038489926,9.80510210486818e-17
final_reproduction_candidate,paper_exact_reconstructed_metadata,main,9,1.75,eigen,441,0.6036834226560708,4.05146083647609,57.48136661849326,9.805102104868111e-17
final_reproduction_candidate,paper_exact_reconstructed_metadata,main,9,1.75,eigen,442,0.5096711042044313,3.2753374054544433,26.452149074422973,6.096482004043629e-17
final_reproduction_candidate,paper_exact_reconstructed_metadata,main,9,1.75,eigen,443,0.5096711042044324,3.2753374054544637,26.452149074423513,6.096482004043629e-17
final_reproduction_candidate,paper_exact_reconstructed_metadata,main,9,1.75,eigen,444,0.5655492871383913,3.5815173000232052,35.928013086336925,5.663898859609836e-17
final_reproduction_candidate,paper_exact_reconstructed_metadata,main,9,1.75,eigen,445,0.5655492871383907,3.581517300023209,35.92801308633705,5.663898859609795e-17
final_reproduction_candidate,paper_exact_reconstructed_metadata,main,9,1.75,eigen,446,0.6032345654336768,3.554206557991841,34.96007017193996,4.230219739079195e-17
final_reproduction_candidate,paper_exact_reconstructed_metadata,main,9,1.75,eigen,447,0.6032345654336759,3.9293530064405178,50.87405183506663,4.2302197390791344e-17
final_reproduction_candidate,paper_exact_reconstructed_metadata,main,9,1.75,eigen,448,0.6032345654336755,4.137818258856553,62.6659513116184,4.2302197390791344e-17
final_reproduction_candidate,paper_exact_reconstructed_metadata,main,9,1.75,eigen,449,0.603234565433681,4.1337115901566674,62.40913071031486,4.2302197390791344e-17
final_reproduction_candidate,paper_exact_reconstructed_metadata,main,9,1.75,eigen,450,0.5385721150778378,3.9691666805709156,52.94039619237009,3.675828077132877e-17
final_reproduction_candidate,paper_exact_reconstructed_metadata,main,9,1.75,eigen,451,0.5385721150778368,3.6980009866241015,40.366530418625345,3.675828077132877e-17
final_reproduction_candidate,paper_exact_reconstructed_metadata,main,9,1.75,eigen,452,0.5385721150778385,3.9315845055804877,50.987703998173735,3.67582807713285e-17
final_reproduction_candidate,paper_exact_reconstructed_metadata,main,9,1.75,eigen,453,0.5385721150778401,3.9708280122239374,53.02842084711474,3.675828077132825e-17
final_reproduction_candidate,paper_exact_reconstructed_metadata,main,9,1.75,eigen,454,0.5839827021446145,3.3622404298333137,28.853763349399507,3.5284450859248976e-17
final_reproduction_candidate,paper_exact_reconstructed_metadata,main,9,1.75,eigen,455,0.5839827021446148,3.3622404298333164,28.853763349399586,3.5284450859248976e-17
final_reproduction_candidate,paper_exact_reconstructed_metadata,main,9,1.75,eigen,456,0.6225158226185735,3.483258653125241,32.565669579980366,2.0954350155777712e-17
final_reproduction_candidate,paper_exact_reconstructed_metadata,main,9,1.75,eigen,457,0.6225158226185754,3.483258653125239,32.565669579980295,2.0954350155777564e-17
final_reproduction_candidate,paper_exact_reconstructed_metadata,main,9,1.75,eigen,458,0.7322506410497784,2.9748277432802115,19.586249095971784,1.1233841291626322e-17
final_reproduction_candidate,paper_exact_reconstructed_metadata,main,9,1.75,eigen,459,0.6922727804236497,4.237692330692311,69.24786613739876,1.0718483490203703e-17
final_reproduction_candidate,paper_exact_reconstructed_metadata,main,9,1.75,eigen,460,0.6922727804236496,4.237337769237574,69.22331786543634,1.0718483490203703e-17
final_reproduction_candidate,paper_exact_reconstructed_metadata,main,9,1.75,eigen,461,0.6922727804236496,3.637394913261733,37.99273332922789,1.0718483490203703e-17
final_reproduction_candidate,paper_exact_reconstructed_metadata,main,9,1.75,eigen,462,0.6922727804236496,3.651519640732057,38.53317816615057,1.0718483490203703e-17
final_reproduction_candidate,paper_exact_reconstructed_metadata,main,9,1.75,eigen,463,0.6219699963700055,2.8857292601129534,17.91662871514499,8.644462747385145e-18
final_reproduction_candidate,paper_exact_reconstructed_metadata,main,9,1.75,eigen,464,0.6382383225981387,3.341297592476651,28.255767399122323,6.984823874162333e-18
final_reproduction_candidate,paper_exact_reconstructed_metadata,main,9,1.75,eigen,465,0.638238322598139,3.341297592476658,28.255767399122522,6.984823874162233e-18
final_reproduction_candidate,paper_exact_reconstructed_metadata,main,9,1.75,eigen,466,0.7107061954298705,2.937120200743674,18.86145083373443,6.677305039691673e-18
final_reproduction_candidate,paper_exact_reconstructed_metadata,main,9,1.75,eigen,467,0.6671393334715447,3.872513235441325,48.06302812208471,4.211447141719475e-18
final_reproduction_candidate,paper_exact_reconstructed_metadata,main,9,1.75,eigen,468,0.6671393334715495,3.879764178212427,48.41279693276106,4.211447141719475e-18
final_reproduction_candidate,paper_exact_reconstructed_metadata,main,9,1.75,eigen,469,0.6671393334715386,3.6408835964340653,38.125509410838156,4.211447141719355e-18
final_reproduction_candidate,paper_exact_reconstructed_metadata,main,9,1.75,eigen,470,0.6671393334715473,3.1910656563936155,24.314324357245464,4.211447141719325e-18
final_reproduction_candidate,paper_exact_reconstructed_metadata,main,9,1.75,eigen,471,0.7492393159038314,4.131664223508876,62.28148704885565,3.96544609569751e-18
final_reproduction_candidate,paper_exact_reconstructed_metadata,main,9,1.75,eigen,472,0.749239315903835,3.865945021612738,47.74837436392923,3.96544609569751e-18
final_reproduction_candidate,paper_exact_reconstructed_metadata,main,9,1.75,eigen,473,0.7492393159038343,4.014450801763311,55.392865383208644,3.965446095697482e-18
final_reproduction_candidate,paper_exact_reconstructed_metadata,main,9,1.75,eigen,474,0.7492393159038317,3.6256263395470225,37.548233739741384,3.965446095697454e-18
final_reproduction_candidate,paper_exact_reconstructed_metadata,main,9,1.75,eigen,475,0.7299874526147684,3.4811672200083916,32.49763183314715,3.3075962131720382e-18
final_reproduction_candidate,paper_exact_reconstructed_metadata,main,9,1.75,eigen,476,0.7299874526147686,3.4811672200083716,32.49763183314651,3.3075962131720382e-18
final_reproduction_candidate,paper_exact_reconstructed_metadata,main,9,1.75,eigen,477,0.7505372147637125,3.627296646393643,37.6110032191875,9.90408070378848e-19
final_reproduction_candidate,paper_exact_reconstructed_metadata,main,9,1.75,eigen,478,0.7505372147637122,3.598236254509761,36.533741364135075,9.90408070378841e-19
final_reproduction_candidate,paper_exact_reconstructed_metadata,main,9,1.75,eigen,479,0.7505372147637123,3.6456384066413845,38.30722063097907,9.90408070378834e-19
final_reproduction_candidate,paper_exact_reconstructed_metadata,main,9,1.75,eigen,480,0.7505372147637132,3.6255103337875694,37.543878181010115,9.90408070378834e-19
final_reproduction_candidate,paper_exact_reconstructed_metadata,main,9,1.75,eigen,481,0.7946195357072364,3.5170736331451358,33.68570734973139,6.778956445178647e-19
final_reproduction_candidate,paper_exact_reconstructed_metadata,main,9,1.75,eigen,482,0.7946195357072349,3.517073633145129,33.68570734973116,6.778956445178599e-19
final_reproduction_candidate,paper_exact_reconstructed_metadata,main,9,1.75,eigen,483,0.856710945900026,3.9696136972811877,52.964066724283995,6.259365903576087e-19
final_reproduction_candidate,paper_exact_reconstructed_metadata,main,9,1.75,eigen,484,0.8567109459000254,3.734994036106387,41.887775748119545,6.259365903576042e-19
final_reproduction_candidate,paper_exact_reconstructed_metadata,main,9,1.75,eigen,485,0.856710945900025,3.23452253336724,25.394243979604585,6.259365903576042e-19
final_reproduction_candidate,paper_exact_reconstructed_metadata,main,9,1.75,eigen,486,0.8567109459000252,3.987298546476303,53.90905965675726,6.259365903576042e-19
final_reproduction_candidate,paper_exact_reconstructed_metadata,main,9,1.75,eigen,487,0.8235205465806424,4.0137852641123395,55.3560116108478,4.087320920216108e-19
final_reproduction_candidate,paper_exact_reconstructed_metadata,main,9,1.75,eigen,488,0.8235205465806429,4.024514918685899,55.95316036502369,4.0873209202160496e-19
final_reproduction_candidate,paper_exact_reconstructed_metadata,main,9,1.75,eigen,489,0.8235205465806423,3.8276695279760893,45.955315765519124,4.08732092021602e-19
final_reproduction_candidate,paper_exact_reconstructed_metadata,main,9,1.75,eigen,490,0.8235205465806431,3.9117653649463966,49.987119635235466,4.0873209202159913e-19
final_reproduction_candidate,paper_exact_reconstructed_metadata,main,9,1.75,eigen,491,0.8791044331574199,2.293892203116677,9.913447840457188,1.1347242443357782e-19
final_reproduction_candidate,paper_exact_reconstructed_metadata,main,9,1.75,eigen,492,0.9069184278728079,3.7677798394997066,43.283860962938846,9.612172465632461e-20
final_reproduction_candidate,paper_exact_reconstructed_metadata,main,9,1.75,eigen,493,0.906918427872809,3.8324168977400612,46.17400132195834,9.612172465632461e-20
final_reproduction_candidate,paper_exact_reconstructed_metadata,main,9,1.75,eigen,494,0.9069184278728102,3.552977896934018,34.91714247233768,9.612172465632326e-20
final_reproduction_candidate,paper_exact_reconstructed_metadata,main,9,1.75,eigen,495,0.9069184278728092,3.814915361269308,45.37291591441256,9.612172465632326e-20
final_reproduction_candidate,paper_exact_reconstructed_metadata,main,9,1.75,eigen,496,0.8714558242644144,3.1753922280820563,23.936206479767765,6.125203337311528e-20
final_reproduction_candidate,paper_exact_reconstructed_metadata,main,9,1.75,eigen,497,0.8714558242644164,3.1753922280820555,23.936206479767748,6.125203337311528e-20
final_reproduction_candidate,paper_exact_reconstructed_metadata,main,9,1.75,eigen,498,1.0027156963701787,2.6910044531161628,14.746480632301902,5.867585991946753e-20
final_reproduction_candidate,paper_exact_reconstructed_metadata,main,9,1.75,eigen,499,0.9284223597445982,2.9398199241866334,18.91244033252133,2.2661007670996e-20
final_reproduction_candidate,paper_exact_reconstructed_metadata,main,9,1.75,eigen,500,0.9284223597446017,2.939819924186615,18.912440332520987,2.266100767099584e-20
final_reproduction_candidate,paper_exact_reconstructed_metadata,main,9,1.75,eigen,501,1.0354856462665167,3.419071567743866,30.541046561227862,1.1012799131693365e-20
final_reproduction_candidate,paper_exact_reconstructed_metadata,main,9,1.75,eigen,502,1.035485646266515,3.41671540657924,30.46917164109214,1.101279913169321e-20
final_reproduction_candidate,paper_exact_reconstructed_metadata,main,9,1.75,eigen,503,1.0354856462665172,3.429953173621925,30.87519694218119,1.101279913169321e-20
final_reproduction_candidate,paper_exact_reconstructed_metadata,main,9,1.75,eigen,504,1.0354856462665172,3.5037327857047256,33.23929584190754,1.1012799131692976e-20
final_reproduction_candidate,paper_exact_reconstructed_metadata,main,9,1.75,eigen,505,1.0358939897407928,2.7728465158396305,16.004125229303597,3.576988195865532e-21
final_reproduction_candidate,paper_exact_reconstructed_metadata,main,9,1.75,eigen,506,1.0358939897407937,2.772846515839634,16.004125229303654,3.576988195865532e-21
final_reproduction_candidate,paper_exact_reconstructed_metadata,main,9,1.75,eigen,507,1.1918668593756134,2.3420552484742334,10.402594523778399,1.0688213045630117e-21
final_reproduction_candidate,paper_exact_reconstructed_metadata,main,9,1.75,eigen,508,1.1818987402109473,2.4465012310948775,11.54787261811185,3.3531009617808896e-22
final_reproduction_candidate,paper_exact_reconstructed_metadata,main,9,1.75,eigen,509,1.1818987402109447,2.4465012310948824,11.547872618111906,3.3531009617808656e-22
final_reproduction_candidate,paper_exact_reconstructed_metadata,main,9,1.75,eigen,510,1.3086222334962008,2.1382575235498376,8.484640454586,6.34548006429451e-23
final_reproduction_candidate,paper_exact_reconstructed_metadata,main,9,1.75,eigen,511,1.3387206514832564,2.034404910919373,7.6476997084777345,1.0796106297622863e-23
final_reproduction_candidate,paper_exact_reconstructed_metadata,main,9,1.75,min_variance,0,-1.3350065517951086,1.1605093415826473,3.191558455630199,0.8043541394113857
final_reproduction_candidate,paper_exact_reconstructed_metadata,main,9,1.75,min_variance,1,-1.2654702112393488,1.2417222622797541,3.461570065428402,0.08256246723164054
final_reproduction_candidate,paper_exact_reconstructed_metadata,main,9,1.75,min_variance,2,-1.2653844865093238,1.0081324645008647,2.7404782925767868,0.08257958771424675
final_reproduction_candidate,paper_exact_reconstructed_metadata,main,9,1.75,min_variance,3,-1.1578729666458782,1.1682801858978888,3.2164561723627827,0.004560360203574413
final_reproduction_candidate,paper_exact_reconstructed_metadata,main,9,1.75,min_variance,4,-1.1565016677607705,1.0084747840148478,2.7414165723605604,0.00458331853733713
final_reproduction_candidate,paper_exact_reconstructed_metadata,main,9,1.75,min_variance,5,-1.1121194678676998,1.3599953322006257,3.896175115189004,0.007866046038121903
final_reproduction_candidate,paper_exact_reconstructed_metadata,main,9,1.75,min_variance,6,-1.1100590246514153,1.2033330956503514,3.3312016529812873,0.007958586576046887
final_reproduction_candidate,paper_exact_reconstructed_metadata,main,9,1.75,min_variance,7,-1.05087956970603,1.5211461193265297,4.577468514964685,0.0006101456843118951
final_reproduction_candidate,paper_exact_reconstructed_metadata,main,9,1.75,min_variance,8,-1.0438750258864218,1.4250536804101084,4.158081044260899,0.0005826341406027941
final_reproduction_candidate,paper_exact_reconstructed_metadata,main,9,1.75,min_variance,9,-1.0379053369202784,1.5278315581040365,4.608173424009098,0.0008824908769154767
final_reproduction_candidate,paper_exact_reconstructed_metadata,main,9,1.75,min_variance,10,-0.9859412661820914,2.056063365790147,7.815143812302273,0.00017695739473039628
final_reproduction_candidate,paper_exact_reconstructed_metadata,main,9,1.75,min_variance,11,-0.9843129831490237,1.953063247539546,7.0502512010185585,0.00012456951083133195
final_reproduction_candidate,paper_exact_reconstructed_metadata,main,9,1.75,min_variance,12,-0.9519057095352625,1.5916303055319245,4.911750057702203,0.0007465140267300501
final_reproduction_candidate,paper_exact_reconstructed_metadata,main,9,1.75,min_variance,13,-0.947550592652489,1.5841074607693584,4.87493836244746,0.00016607100173459993
final_reproduction_candidate,paper_exact_reconstructed_metadata,main,9,1.75,min_variance,14,-0.9437399319867029,2.1691902939523535,8.751195275481388,0.0007172151497432866
final_reproduction_candidate,paper_exact_reconstructed_metadata,main,9,1.75,min_variance,15,-0.9403422890099509,1.8209387119202933,6.177654767091217,0.0001783248379166524
final_reproduction_candidate,paper_exact_reconstructed_metadata,main,9,1.75,min_variance,16,-0.889642292150993,2.2362926804687153,9.358571679196254,7.99201727480883e-05
final_reproduction_candidate,paper_exact_reconstructed_metadata,main,9,1.75,min_variance,17,-0.8857639006911875,2.026240702462005,7.585516477665744,0.00011036494224948116
final_reproduction_candidate,paper_exact_reconstructed_metadata,main,9,1.75,min_variance,18,-0.880945922916506,1.978909363843017,7.2348480937952235,7.5948627999477e-05
final_reproduction_candidate,paper_exact_reconstructed_metadata,main,9,1.75,min_variance,19,-0.8793536144569625,1.7968350477617612,6.030530886615178,8.261351080986605e-05
final_reproduction_candidate,paper_exact_reconstructed_metadata,main,9,1.75,min_variance,20,-0.8741569893372417,1.7097676951386918,5.527677222169934,2.361012276081763e-05
final_reproduction_candidate,paper_exact_reconstructed_metadata,main,9,1.75,min_variance,21,-0.8697710697452679,2.353701065023363,10.524449403815233,3.3082103812417477e-05
final_reproduction_candidate,paper_exact_reconstructed_metadata,main,9,1.75,min_variance,22,-0.8677008882016078,2.341814669900694,10.400092183443562,0.0003782239998240443
final_reproduction_candidate,paper_exact_reconstructed_metadata,main,9,1.75,min_variance,23,-0.8623050958048123,1.697222798026739,5.458766224570565,1.965341259369487e-05
final_reproduction_candidate,paper_exact_reconstructed_metadata,main,9,1.75,min_variance,24,-0.8585183413920253,1.7903328700793002,5.991446507760506,2.5829301914777334e-05
final_reproduction_candidate,paper_exact_reconstructed_metadata,main,9,1.75,min_variance,25,-0.8445689309354458,1.7378724657844187,5.685235014695765,0.00014918495631020527
final_reproduction_candidate,paper_exact_reconstructed_metadata,main,9,1.75,min_variance,26,-0.8363515808032088,2.004196083769314,7.420126338373538,0.00014110249035571718
final_reproduction_candidate,paper_exact_reconstructed_metadata,main,9,1.75,min_variance,27,-0.8331439172783348,2.2940183588626417,9.914698557755512,2.143797187400936e-05
final_reproduction_candidate,paper_exact_reconstructed_metadata,main,9,1.75,min_variance,28,-0.8309968026059635,2.1746053430064562,8.798711963668898,2.8665983689917985e-05
final_reproduction_candidate,paper_exact_reconstructed_metadata,main,9,1.75,min_variance,29,-0.7917920862660465,2.0988311199647374,8.156630216058842,1.1338079524293408e-05
final_reproduction_candidate,paper_exact_reconstructed_metadata,main,9,1.75,min_variance,30,-0.7814151985951433,2.1113359080026353,8.259267539557728,1.3772410183953214e-05
final_reproduction_candidate,paper_exact_reconstructed_metadata,main,9,1.75,min_variance,31,-0.7663306337392309,2.48505554134676,12.001786831723894,5.497419453447962e-06
final_reproduction_candidate,paper_exact_reconstructed_metadata,main,9,1.75,min_variance,32,-0.7642565319269704,2.3607578378255627,10.598980718109473,1.3774575447965255e-05
final_reproduction_candidate,paper_exact_reconstructed_metadata,main,9,1.75,min_variance,33,-0.763151549085695,2.38183608279405,10.824759784067338,3.5062950021648763e-06
final_reproduction_candidate,paper_exact_reconstructed_metadata,main,9,1.75,min_variance,34,-0.7623446747593753,2.505177881740097,12.245737065091149,1.7831799098621508e-05
final_reproduction_candidate,paper_exact_reconstructed_metadata,main,9,1.75,min_variance,35,-0.7601763475028769,2.3997680231192646,11.020619555142693,5.11731711425016e-06
final_reproduction_candidate,paper_exact_reconstructed_metadata,main,9,1.75,min_variance,36,-0.7500761145493411,2.130010876255986,8.41495833418337,8.987101155289674e-06
final_reproduction_candidate,paper_exact_reconstructed_metadata,main,9,1.75,min_variance,37,-0.7487616518052191,2.0128518103123123,7.484631690480675,7.334775849118277e-06
final_reproduction_candidate,paper_exact_reconstructed_metadata,main,9,1.75,min_variance,38,-0.7411065596201055,2.4209410132569102,11.256446798282342,1.0639591599344677e-05
final_reproduction_candidate,paper_exact_reconstructed_metadata,main,9,1.75,min_variance,39,-0.734561597734983,2.321074426533432,10.186613196007825,1.0115004952619534e-05
final_reproduction_candidate,paper_exact_reconstructed_metadata,main,9,1.75,min_variance,40,-0.7282806134906034,2.5616614130563455,12.957326914542193,4.020656591394455e-06
final_reproduction_candidate,paper_exact_reconstructed_metadata,main,9,1.75,min_variance,41,-0.7259086208767292,2.3059990465906117,10.034197877734597,5.38906906030015e-06
final_reproduction_candidate,paper_exact_reconstructed_metadata,main,9,1.75,min_variance,42,-0.7154541623553748,2.8347570747067663,17.026263687873577,8.444245538996542e-06
final_reproduction_candidate,paper_exact_reconstructed_metadata,main,9,1.75,min_variance,43,-0.7080260652541566,2.6655041137100013,14.375194452322368,3.701852491328489e-06
final_reproduction_candidate,paper_exact_reconstructed_metadata,main,9,1.75,min_variance,44,-0.6934894071575549,2.256992829735625,9.554314472867459,6.047373627963051e-06
final_reproduction_candidate,paper_exact_reconstructed_metadata,main,9,1.75,min_variance,45,-0.6853637800209519,2.2370806783041606,9.365949119744167,1.1401359025034341e-06
final_reproduction_candidate,paper_exact_reconstructed_metadata,main,9,1.75,min_variance,46,-0.6835465368729545,2.4840384797853035,11.98958648097413,6.469413140197264e-06
final_reproduction_candidate,paper_exact_reconstructed_metadata,main,9,1.75,min_variance,47,-0.6771037546044544,2.4035440255382894,11.062312107292586,4.645618693658199e-06
final_reproduction_candidate,paper_exact_reconstructed_metadata,main,9,1.75,min_variance,48,-0.6735752316648332,2.075969481409405,7.972271682886528,1.8428460799813713e-07
final_reproduction_candidate,paper_exact_reconstructed_metadata,main,9,1.75,min_variance,49,-0.669916483122273,2.739117388092856,15.473322129323789,2.508867081328101e-06
final_reproduction_candidate,paper_exact_reconstructed_metadata,main,9,1.75,min_variance,50,-0.6684336784008873,2.3556298096972683,10.544767967910916,5.879800476812727e-06
final_reproduction_candidate,paper_exact_reconstructed_metadata,main,9,1.75,min_variance,51,-0.6596986711984062,2.5739088072326886,13.116996175079159,5.499657742273741e-06
final_reproduction_candidate,paper_exact_reconstructed_metadata,main,9,1.75,min_variance,52,-0.6566909680416922,2.4846891486632763,11.99739027032317,3.212448710121601e-07
final_reproduction_candidate,paper_exact_reconstructed_metadata,main,9,1.75,min_variance,53,-0.6486636061219087,2.236065839079775,9.356449008561928,1.092085182747913e-06
final_reproduction_candidate,paper_exact_reconstructed_metadata,main,9,1.75,min_variance,54,-0.6427976086682192,2.434263912486,11.407418763678262,9.709618640487597e-07
final_reproduction_candidate,paper_exact_reconstructed_metadata,main,9,1.75,min_variance,55,-0.6412866365186708,2.603808690401608,13.515115022237714,7.801264788713512e-07
final_reproduction_candidate,paper_exact_reconstructed_metadata,main,9,1.75,min_variance,56,-0.6394301833125793,2.6702224216758457,14.443181312159147,7.917015150426327e-07
final_reproduction_candidate,paper_exact_reconstructed_metadata,main,9,1.75,min_variance,57,-0.6368259248139956,2.409181796213087,11.124855021733378,6.449609228522675e-07
final_reproduction_candidate,paper_exact_reconstructed_metadata,main,9,1.75,min_variance,58,-0.6351532072611511,2.725966638916714,15.271168500313927,1.372018383381716e-06
final_reproduction_candidate,paper_exact_reconstructed_metadata,main,9,1.75,min_variance,59,-0.6313696801550814,2.1596428427929246,8.668041252140025,1.1931109498312005e-06
final_reproduction_candidate,paper_exact_reconstructed_metadata,main,9,1.75,min_variance,60,-0.6086405314747784,2.5322046900552397,12.581213258391093,7.849621172762438e-07
final_reproduction_candidate,paper_exact_reconstructed_metadata,main,9,1.75,min_variance,61,-0.6014645707585147,2.0521751438892024,7.784815798205474,6.398697371483537e-07
final_reproduction_candidate,paper_exact_reconstructed_metadata,main,9,1.75,min_variance,62,-0.6013313883890233,2.4614004869981407,11.721215460415758,3.1899657102272657e-07
final_reproduction_candidate,paper_exact_reconstructed_metadata,main,9,1.75,min_variance,63,-0.5915311390806803,2.5901862440254866,13.332254424716131,2.048167565347574e-07
final_reproduction_candidate,paper_exact_reconstructed_metadata,main,9,1.75,min_variance,64,-0.5865998221032772,2.638910632224952,13.997946387169213,3.29239583240111e-07
final_reproduction_candidate,paper_exact_reconstructed_metadata,main,9,1.75,min_variance,65,-0.5795091239255429,2.2989408989700286,9.96362437992461,4.24324011773251e-07
final_reproduction_candidate,paper_exact_reconstructed_metadata,main,9,1.75,min_variance,66,-0.5773402779443004,2.768291248832198,15.931387960282217,3.866516293505588e-07
final_reproduction_candidate,paper_exact_reconstructed_metadata,main,9,1.75,min_variance,67,-0.5762196942568187,2.8120056524879185,16.64326537280891,3.9565549364405314e-07
final_reproduction_candidate,paper_exact_reconstructed_metadata,main,9,1.75,min_variance,68,-0.5748731447522609,2.379963072241596,10.804503870455733,3.8941627588327065e-07
final_reproduction_candidate,paper_exact_reconstructed_metadata,main,9,1.75,min_variance,69,-0.5720904121076248,2.8605647479318344,17.471391082920043,3.85542192021459e-07
final_reproduction_candidate,paper_exact_reconstructed_metadata,main,9,1.75,min_variance,70,-0.5660894388517042,2.632869543118962,13.913638457999312,2.4347407882583745e-07
final_reproduction_candidate,paper_exact_reconstructed_metadata,main,9,1.75,min_variance,71,-0.5609925166549349,2.727920357125362,15.301033224408444,7.797972751441714e-07
final_reproduction_candidate,paper_exact_reconstructed_metadata,main,9,1.75,min_variance,72,-0.5605553032156458,2.360000068980296,10.590952183000772,8.382067541550435e-07
final_reproduction_candidate,paper_exact_reconstructed_metadata,main,9,1.75,min_variance,73,-0.5518897774129283,2.618037406410134,13.708792378169115,5.861946723443692e-07
final_reproduction_candidate,paper_exact_reconstructed_metadata,main,9,1.75,min_variance,74,-0.5513822749810555,2.681642959221065,14.609075705066834,3.148956718767835e-07
final_reproduction_candidate,paper_exact_reconstructed_metadata,main,9,1.75,min_variance,75,-0.5513636762696518,2.7545052943969672,15.713265539200018,1.0673360647515856e-07
final_reproduction_candidate,paper_exact_reconstructed_metadata,main,9,1.75,min_variance,76,-0.5379003269978485,2.5896432183387983,13.325016633433192,2.4813089425016626e-07
final_reproduction_candidate,paper_exact_reconstructed_metadata,main,9,1.75,min_variance,77,-0.535285968735833,2.8491763865601074,17.27354925297757,2.1521893487567115e-07
final_reproduction_candidate,paper_exact_reconstructed_metadata,main,9,1.75,min_variance,78,-0.532775656702039,2.6136707550330693,13.649061368212301,1.6976402598570714e-07
final_reproduction_candidate,paper_exact_reconstructed_metadata,main,9,1.75,min_variance,79,-0.519175182075456,2.724342638308782,15.246388240410402,2.2940249779223966e-07
final_reproduction_candidate,paper_exact_reconstructed_metadata,main,9,1.75,min_variance,80,-0.5139742765843448,2.953006116259735,19.163474860680665,1.3531469684399978e-07
final_reproduction_candidate,paper_exact_reconstructed_metadata,main,9,1.75,min_variance,81,-0.5126335805352318,2.6407869756533655,14.024235998340565,1.3244683944813688e-07
final_reproduction_candidate,paper_exact_reconstructed_metadata,main,9,1.75,min_variance,82,-0.5081670140697931,2.808339032554969,16.582352584508605,1.0267322892168885e-07
final_reproduction_candidate,paper_exact_reconstructed_metadata,main,9,1.75,min_variance,83,-0.5053138252807259,2.8100543397000233,16.610820821283472,1.4824544814054413e-07
final_reproduction_candidate,paper_exact_reconstructed_metadata,main,9,1.75,min_variance,84,-0.5024653111080637,2.562115820588034,12.963216159439991,1.2526654141459093e-07
final_reproduction_candidate,paper_exact_reconstructed_metadata,main,9,1.75,min_variance,85,-0.5005622529487328,2.6663117840235717,14.38680956009077,1.9991242095592564e-07
final_reproduction_candidate,paper_exact_reconstructed_metadata,main,9,1.75,min_variance,86,-0.4956888359631134,2.8144712629122512,16.68435181216913,1.4475714190778375e-07
final_reproduction_candidate,paper_exact_reconstructed_metadata,main,9,1.75,min_variance,87,-0.48871479027527076,2.5322220525692516,12.581431701778936,1.2403312172038662e-07
final_reproduction_candidate,paper_exact_reconstructed_metadata,main,9,1.75,min_variance,88,-0.488499341850132,2.951703548469173,19.138529385685068,2.8871664781247154e-07
final_reproduction_candidate,paper_exact_reconstructed_metadata,main,9,1.75,min_variance,89,-0.4825861368631773,2.912369599313998,18.4003484017611,2.917252509110526e-07
final_reproduction_candidate,paper_exact_reconstructed_metadata,main,9,1.75,min_variance,90,-0.47886562706468827,2.650962907498517,14.167674239175927,1.8743172539630258e-08
final_reproduction_candidate,paper_exact_reconstructed_metadata,main,9,1.75,min_variance,91,-0.4781648231567789,2.5309799977215013,12.565814574214313,3.7630003933101736e-08
final_reproduction_candidate,paper_exact_reconstructed_metadata,main,9,1.75,min_variance,92,-0.47769735812377817,2.180223991948287,8.848287982031662,2.140241818542739e-08
final_reproduction_candidate,paper_exact_reconstructed_metadata,main,9,1.75,min_variance,93,-0.4745284573015933,2.4557275921158355,11.654910485609433,7.048583342187585e-08
final_reproduction_candidate,paper_exact_reconstructed_metadata,main,9,1.75,min_variance,94,-0.47350125348583866,2.918043082624295,18.50503917116964,3.0316667209889616e-07
final_reproduction_candidate,paper_exact_reconstructed_metadata,main,9,1.75,min_variance,95,-0.4696971763109712,2.7979084633255504,16.410288132978014,2.5308383621459488e-08
final_reproduction_candidate,paper_exact_reconstructed_metadata,main,9,1.75,min_variance,96,-0.46926937614376285,2.8298227829648104,16.942458066291586,7.111287838451612e-08
final_reproduction_candidate,paper_exact_reconstructed_metadata,main,9,1.75,min_variance,97,-0.46467676780949585,2.4608249130735844,11.714470975593631,1.853538770328496e-08
final_reproduction_candidate,paper_exact_reconstructed_metadata,main,9,1.75,min_variance,98,-0.462913528252526,2.781571017826516,16.144364119357398,1.402630271771372e-07
final_reproduction_candidate,paper_exact_reconstructed_metadata,main,9,1.75,min_variance,99,-0.46156808557959356,2.82572483707361,16.873170854457097,1.1665421401084102e-07
final_reproduction_candidate,paper_exact_reconstructed_metadata,main,9,1.75,min_variance,100,-0.45312540080953567,2.7423277897793734,15.523077533466076,6.66346925244814e-08
final_reproduction_candidate,paper_exact_reconstructed_metadata,main,9,1.75,min_variance,101,-0.45072076965532243,2.712493453451976,15.066797073478313,8.52223223635135e-08
final_reproduction_candidate,paper_exact_reconstructed_metadata,main,9,1.75,min_variance,102,-0.4505733336741042,2.4160497281013176,11.20152274126885,1.0317676413456987e-07
final_reproduction_candidate,paper_exact_reconstructed_metadata,main,9,1.75,min_variance,103,-0.44962796323340154,2.8561284900512645,17.394055154438366,3.0616060347401934e-08
final_reproduction_candidate,paper_exact_reconstructed_metadata,main,9,1.75,min_variance,104,-0.44359901119392203,2.8777737749291856,17.77465870976541,3.806366354247711e-08
final_reproduction_candidate,paper_exact_reconstructed_metadata,main,9,1.75,min_variance,105,-0.4305073906163479,3.1323157690260257,22.927011777270497,8.430208603028788e-08
final_reproduction_candidate,paper_exact_reconstructed_metadata,main,9,1.75,min_variance,106,-0.4298837505318866,2.6933367584306445,14.780914066482476,5.576608559626685e-08
final_reproduction_candidate,paper_exact_reconstructed_metadata,main,9,1.75,min_variance,107,-0.42164776819516336,2.9279512549843987,18.6893016334792,3.439078083194118e-08
final_reproduction_candidate,paper_exact_reconstructed_metadata,main,9,1.75,min_variance,108,-0.41945159930693543,3.1246762488646103,22.752527744307034,9.153773021106973e-08
final_reproduction_candidate,paper_exact_reconstructed_metadata,main,9,1.75,min_variance,109,-0.41939462170435526,3.1253388094093046,22.76760766661159,4.00711083757269e-08
final_reproduction_candidate,paper_exact_reconstructed_metadata,main,9,1.75,min_variance,110,-0.4177834314778269,2.704991263207415,14.954186038333619,6.763096638890812e-09
final_reproduction_candidate,paper_exact_reconstructed_metadata,main,9,1.75,min_variance,111,-0.41707363483993753,2.9025340391568473,18.220257766085485,1.104786338729048e-08
final_reproduction_candidate,paper_exact_reconstructed_metadata,main,9,1.75,min_variance,112,-0.41583671362783137,3.1049541421745244,22.30819594646268,2.703998853794515e-08
final_reproduction_candidate,paper_exact_reconstructed_metadata,main,9,1.75,min_variance,113,-0.41499328286463055,2.722362825641736,15.216233108451267,7.521745355082208e-09
final_reproduction_candidate,paper_exact_reconstructed_metadata,main,9,1.75,min_variance,114,-0.4077031087632346,2.761555229868467,15.824434453695796,2.28938270050438e-08
final_reproduction_candidate,paper_exact_reconstructed_metadata,main,9,1.75,min_variance,115,-0.406779614337901,2.7130856778180856,15.075722640532733,3.1899173314043976e-08
final_reproduction_candidate,paper_exact_reconstructed_metadata,main,9,1.75,min_variance,116,-0.397441646709442,2.7639108673099444,15.861755023593282,3.21627761015368e-08
final_reproduction_candidate,paper_exact_reconstructed_metadata,main,9,1.75,min_variance,117,-0.3965456018803696,2.7226626175522335,15.22079549589468,1.3322630754038757e-08
final_reproduction_candidate,paper_exact_reconstructed_metadata,main,9,1.75,min_variance,118,-0.393144366846107,2.7599828830100113,15.799572504821423,5.478091772530588e-08
final_reproduction_candidate,paper_exact_reconstructed_metadata,main,9,1.75,min_variance,119,-0.3884519515551075,3.2022227563534096,24.587120682668473,6.50221426329491e-08
final_reproduction_candidate,paper_exact_reconstructed_metadata,main,9,1.75,min_variance,120,-0.38531801491091416,2.6706011047309004,14.44865173589616,1.842436424401976e-08
final_reproduction_candidate,paper_exact_reconstructed_metadata,main,9,1.75,min_variance,121,-0.3830362657749584,3.038516458863111,20.874252440520088,1.6414207659380306e-08
final_reproduction_candidate,paper_exact_reconstructed_metadata,main,9,1.75,min_variance,122,-0.38268119497092995,3.004822015566629,20.182623583468807,3.6044322197609046e-08
final_reproduction_candidate,paper_exact_reconstructed_metadata,main,9,1.75,min_variance,123,-0.38243258205515646,2.8397666616556885,17.111772238666763,5.524355570969551e-08
final_reproduction_candidate,paper_exact_reconstructed_metadata,main,9,1.75,min_variance,124,-0.37425935667548077,3.030518512910827,20.70796715447028,1.7691113307172242e-08
final_reproduction_candidate,paper_exact_reconstructed_metadata,main,9,1.75,min_variance,125,-0.3737337905522619,3.105740200126448,22.32573837505894,2.0905378133399453e-08
final_reproduction_candidate,paper_exact_reconstructed_metadata,main,9,1.75,min_variance,126,-0.3719805621006611,3.128303830566151,22.835214283028428,1.0058275801930636e-08
final_reproduction_candidate,paper_exact_reconstructed_metadata,main,9,1.75,min_variance,127,-0.37104981359395145,3.1433422350469677,23.18121459741813,4.010554692837039e-08
final_reproduction_candidate,paper_exact_reconstructed_metadata,main,9,1.75,min_variance,128,-0.36983541752812177,2.811504356653596,16.63492426406421,1.6708291771913403e-08
final_reproduction_candidate,paper_exact_reconstructed_metadata,main,9,1.75,min_variance,129,-0.3669383999625542,2.863484030148569,17.52246952412748,5.81110509343925e-09
final_reproduction_candidate,paper_exact_reconstructed_metadata,main,9,1.75,min_variance,130,-0.3619947405426872,3.0724653213472712,21.595075905146235,2.0239619879168122e-08
final_reproduction_candidate,paper_exact_reconstructed_metadata,main,9,1.75,min_variance,131,-0.3556548059202032,2.6671426028225613,14.398767358624852,1.6439847082297623e-08
final_reproduction_candidate,paper_exact_reconstructed_metadata,main,9,1.75,min_variance,132,-0.3499973059896692,2.974485480588998,19.57954660071788,1.1042393855980266e-08
final_reproduction_candidate,paper_exact_reconstructed_metadata,main,9,1.75,min_variance,133,-0.34391987764973053,3.3083935010629864,27.341166616324227,1.7120616414145882e-08
final_reproduction_candidate,paper_exact_reconstructed_metadata,main,9,1.75,min_variance,134,-0.3420225813144084,2.9107618030821554,18.370788160726022,6.6535595347183425e-09
final_reproduction_candidate,paper_exact_reconstructed_metadata,main,9,1.75,min_variance,135,-0.33954046785645814,3.054618109290003,21.21308290056152,1.6024933460278668e-08
final_reproduction_candidate,paper_exact_reconstructed_metadata,main,9,1.75,min_variance,136,-0.3251806937505933,2.9135876225074777,18.42277410762496,7.457192712468673e-09
final_reproduction_candidate,paper_exact_reconstructed_metadata,main,9,1.75,min_variance,137,-0.3213989172841239,3.089047313746716,21.956150685842093,1.0603875678961371e-08
final_reproduction_candidate,paper_exact_reconstructed_metadata,main,9,1.75,min_variance,138,-0.3213695565009675,2.885441013908419,17.91146505915767,5.327245837636749e-09
final_reproduction_candidate,paper_exact_reconstructed_metadata,main,9,1.75,min_variance,139,-0.3200659153168705,3.0212238417110195,20.51638513374178,8.10055055162483e-09
final_reproduction_candidate,paper_exact_reconstructed_metadata,main,9,1.75,min_variance,140,-0.31884416618465194,2.951793232989748,19.140245892488426,6.903776351981356e-09
final_reproduction_candidate,paper_exact_reconstructed_metadata,main,9,1.75,min_variance,141,-0.3188188207760763,3.0841720327907964,21.84936878991244,5.737286396727892e-09
final_reproduction_candidate,paper_exact_reconstructed_metadata,main,9,1.75,min_variance,142,-0.31760075800071613,3.1282519833812077,22.83403037214177,6.856997215460126e-09
final_reproduction_candidate,paper_exact_reconstructed_metadata,main,9,1.75,min_variance,143,-0.31572941920419595,2.741986140375017,15.517774989130126,2.9219613348705578e-09
final_reproduction_candidate,paper_exact_reconstructed_metadata,main,9,1.75,min_variance,144,-0.310945950137203,2.9075055325806223,18.311065194985826,5.477399552955761e-09
final_reproduction_candidate,paper_exact_reconstructed_metadata,main,9,1.75,min_variance,145,-0.30950066061367965,3.070235661739884,21.546979875494674,4.156257028290546e-09
final_reproduction_candidate,paper_exact_reconstructed_metadata,main,9,1.75,min_variance,146,-0.3018979023716686,2.999781719900916,20.081153128662873,2.9766040677175667e-09
final_reproduction_candidate,paper_exact_reconstructed_metadata,main,9,1.75,min_variance,147,-0.29727329727465107,2.7926253234664244,16.323818901289414,2.6728159108578815e-09
final_reproduction_candidate,paper_exact_reconstructed_metadata,main,9,1.75,min_variance,148,-0.2948246630098937,2.636121340163855,13.958956428909312,1.6094086947164185e-09
final_reproduction_candidate,paper_exact_reconstructed_metadata,main,9,1.75,min_variance,149,-0.292705518550842,2.8684106834426126,17.609009657904725,1.1671630460804277e-09
final_reproduction_candidate,paper_exact_reconstructed_metadata,main,9,1.75,min_variance,150,-0.2890489455772079,2.8993809672258815,18.162898459279933,2.171924602014397e-09
final_reproduction_candidate,paper_exact_reconstructed_metadata,main,9,1.75,min_variance,151,-0.2857970999286013,2.97703866777435,19.629600719770586,3.3763895464832255e-09
final_reproduction_candidate,paper_exact_reconstructed_metadata,main,9,1.75,min_variance,152,-0.28521450336719734,3.052915807290836,21.17700254567443,1.013263990640604e-09
final_reproduction_candidate,paper_exact_reconstructed_metadata,main,9,1.75,min_variance,153,-0.2841175317827801,2.9751597984653166,19.592753891456628,2.0659136824440546e-09
final_reproduction_candidate,paper_exact_reconstructed_metadata,main,9,1.75,min_variance,154,-0.28389458400468237,2.2460960289914116,9.450768197962452,1.6174728660039725e-09
final_reproduction_candidate,paper_exact_reconstructed_metadata,main,9,1.75,min_variance,155,-0.2811218345208874,3.2093424151845755,24.762797230031023,3.233550121618074e-08
final_reproduction_candidate,paper_exact_reconstructed_metadata,main,9,1.75,min_variance,156,-0.27895278304265114,3.0175700297271715,20.44155890360935,3.2286653499385785e-09
final_reproduction_candidate,paper_exact_reconstructed_metadata,main,9,1.75,min_variance,157,-0.2785540012350358,3.098389938642074,22.162239974270644,2.2678384730612076e-09
final_reproduction_candidate,paper_exact_reconstructed_metadata,main,9,1.75,min_variance,158,-0.2709421037111043,2.9923622904072578,19.932713777462908,6.973758106392621e-09
final_reproduction_candidate,paper_exact_reconstructed_metadata,main,9,1.75,min_variance,159,-0.27032062881597,2.799155954752347,16.43077260117784,1.3488867754006973e-09
final_reproduction_candidate,paper_exact_reconstructed_metadata,main,9,1.75,min_variance,160,-0.26314149844240126,2.9554326235939414,19.210031635312927,1.3514014099538615e-09
final_reproduction_candidate,paper_exact_reconstructed_metadata,main,9,1.75,min_variance,161,-0.26237768625722135,2.5704981324966356,13.072334574003728,1.8184447358255445e-09
final_reproduction_candidate,paper_exact_reconstructed_metadata,main,9,1.75,min_variance,162,-0.2619820251936451,3.1411289282944077,23.129964195968725,1.861386457758508e-09
final_reproduction_candidate,paper_exact_reconstructed_metadata,main,9,1.75,min_variance,163,-0.2617936916785437,3.047058207364502,21.053318735908043,1.7097487679724557e-09
final_reproduction_candidate,paper_exact_reconstructed_metadata,main,9,1.75,min_variance,164,-0.2583517222624364,2.795063922817938,16.363674731926587,2.325391269107712e-09
final_reproduction_candidate,paper_exact_reconstructed_metadata,main,9,1.75,min_variance,165,-0.25829317604937685,3.041513215076546,20.936901311032923,1.8020217371936953e-09
final_reproduction_candidate,paper_exact_reconstructed_metadata,main,9,1.75,min_variance,166,-0.25680828941256606,2.890415045550814,18.000779194648324,2.738823196835546e-09
final_reproduction_candidate,paper_exact_reconstructed_metadata,main,9,1.75,min_variance,167,-0.2538095755082676,2.6220898681834446,13.764459453404664,8.387667560728586e-10
final_reproduction_candidate,paper_exact_reconstructed_metadata,main,9,1.75,min_variance,168,-0.24870302937179417,2.9238802586012214,18.61337221318779,1.2493226264669024e-09
final_reproduction_candidate,paper_exact_reconstructed_metadata,main,9,1.75,min_variance,169,-0.24779801820229197,2.7045333183264204,14.94733941319604,3.99467696113855e-10
final_reproduction_candidate,paper_exact_reconstructed_metadata,main,9,1.75,min_variance,170,-0.24277240204231296,2.9032249040820983,18.232849852319617,4.5393039516757827e-10
final_reproduction_candidate,paper_exact_reconstructed_metadata,main,9,1.75,min_variance,171,-0.23395339828125244,3.144073633108965,23.19817549467702,4.111317591694298e-09
final_reproduction_candidate,paper_exact_reconstructed_metadata,main,9,1.75,min_variance,172,-0.23341337459863462,2.945875148272962,19.0273068169338,1.773775832095624e-09
final_reproduction_candidate,paper_exact_reconstructed_metadata,main,9,1.75,min_variance,173,-0.23188791190599167,3.2429893938902743,25.610166303655063,4.036107151519625e-09
final_reproduction_candidate,paper_exact_reconstructed_metadata,main,9,1.75,min_variance,174,-0.22193841398389602,3.025311156803849,20.600413672924727,1.5200746853307972e-09
final_reproduction_candidate,paper_exact_reconstructed_metadata,main,9,1.75,min_variance,175,-0.22188305889010407,2.8227852991324203,16.823644356714563,1.668405184017855e-09
final_reproduction_candidate,paper_exact_reconstructed_metadata,main,9,1.75,min_variance,176,-0.21469847691117042,3.2171081966127906,24.955848326983148,2.1619053488413933e-10
final_reproduction_candidate,paper_exact_reconstructed_metadata,main,9,1.75,min_variance,177,-0.21458482610004972,3.1344938395793016,22.977002848774465,9.686328914555312e-10
final_reproduction_candidate,paper_exact_reconstructed_metadata,main,9,1.75,min_variance,178,-0.19902354254514268,3.140916845198029,23.125059241690252,6.516722508976355e-10
final_reproduction_candidate,paper_exact_reconstructed_metadata,main,9,1.75,min_variance,179,-0.19862558385087306,3.10215770784741,22.245899685839454,6.033244720877286e-10
final_reproduction_candidate,paper_exact_reconstructed_metadata,main,9,1.75,min_variance,180,-0.1984619040155444,3.0198153205484877,20.487507713105533,9.898190632376337e-10
final_reproduction_candidate,paper_exact_reconstructed_metadata,main,9,1.75,min_variance,181,-0.19794105421471253,2.9551821216453775,19.2052200876325,1.045046624153449e-09
final_reproduction_candidate,paper_exact_reconstructed_metadata,main,9,1.75,min_variance,182,-0.1952775770659557,3.1467561903710988,23.260489471856328,4.363995636859318e-10
final_reproduction_candidate,paper_exact_reconstructed_metadata,main,9,1.75,min_variance,183,-0.1938616092110551,2.944166109887048,18.994816190974824,9.914558137409226e-10
final_reproduction_candidate,paper_exact_reconstructed_metadata,main,9,1.75,min_variance,184,-0.18858039917822011,3.2272350303302937,25.209856029390128,7.256133728001431e-10
final_reproduction_candidate,paper_exact_reconstructed_metadata,main,9,1.75,min_variance,185,-0.18725225280198193,3.215657831489809,24.919679470319675,1.745666772814608e-10
final_reproduction_candidate,paper_exact_reconstructed_metadata,main,9,1.75,min_variance,186,-0.1853477871110745,3.0875229836965152,21.922707761068143,2.6816090456388565e-10
final_reproduction_candidate,paper_exact_reconstructed_metadata,main,9,1.75,min_variance,187,-0.18519988638044912,2.9142401550932937,18.4347994911019,3.312991676812771e-10
final_reproduction_candidate,paper_exact_reconstructed_metadata,main,9,1.75,min_variance,188,-0.18493816408926123,3.1742087775975194,23.907895919988363,1.3222370113940091e-09
final_reproduction_candidate,paper_exact_reconstructed_metadata,main,9,1.75,min_variance,189,-0.18478262406175544,2.818149776191587,16.745838442226248,3.765279465283706e-10
final_reproduction_candidate,paper_exact_reconstructed_metadata,main,9,1.75,min_variance,190,-0.18408249126468768,2.9060995957768325,18.2853390833928,4.077995576548656e-10
final_reproduction_candidate,paper_exact_reconstructed_metadata,main,9,1.75,min_variance,191,-0.18372202389757372,2.950251418055232,19.110757913865548,1.7922920816026976e-09
final_reproduction_candidate,paper_exact_reconstructed_metadata,main,9,1.75,min_variance,192,-0.17713875859133335,3.0747228782568428,21.64388308973795,1.1770581160270198e-09
final_reproduction_candidate,paper_exact_reconstructed_metadata,main,9,1.75,min_variance,193,-0.17292217501174884,3.035970914882228,20.821183685945293,1.2215753326680888e-09
final_reproduction_candidate,paper_exact_reconstructed_metadata,main,9,1.75,min_variance,194,-0.16291557149355443,3.2853258248680177,26.717688184067576,7.977329776639805e-10
final_reproduction_candidate,paper_exact_reconstructed_metadata,main,9,1.75,min_variance,195,-0.16069839539298256,3.0793080221170146,21.74335127109324,1.4737070926232624e-09
final_reproduction_candidate,paper_exact_reconstructed_metadata,main,9,1.75,min_variance,196,-0.15965885806540564,3.0751257084979837,21.65260365671834,7.744907575710779e-10
final_reproduction_candidate,paper_exact_reconstructed_metadata,main,9,1.75,min_variance,197,-0.15750149782759676,3.051650597663439,21.150226140628835,3.116639060459842e-10
final_reproduction_candidate,paper_exact_reconstructed_metadata,main,9,1.75,min_variance,198,-0.1556009696902377,3.1872331077881126,24.22131686904043,3.070417310703248e-10
final_reproduction_candidate,paper_exact_reconstructed_metadata,main,9,1.75,min_variance,199,-0.15460867512025162,3.058611818561856,21.2979711831581,1.9831564095369474e-10
final_reproduction_candidate,paper_exact_reconstructed_metadata,main,9,1.75,min_variance,200,-0.15155851847351076,2.9467231889205827,19.043449590425904,7.020041492182473e-11
final_reproduction_candidate,paper_exact_reconstructed_metadata,main,9,1.75,min_variance,201,-0.14630044889345886,3.1736774374908703,23.895196070289014,8.138504529288257e-10
final_reproduction_candidate,paper_exact_reconstructed_metadata,main,9,1.75,min_variance,202,-0.14507655675126208,3.1505297883438637,23.34843103146077,1.1749288125770505e-10
final_reproduction_candidate,paper_exact_reconstructed_metadata,main,9,1.75,min_variance,203,-0.14395982166290267,2.935245275044224,18.826120146394157,2.1891458318435683e-10
final_reproduction_candidate,paper_exact_reconstructed_metadata,main,9,1.75,min_variance,204,-0.14355075115662538,3.3043466722600554,27.230745174786584,6.250808982225434e-10
final_reproduction_candidate,paper_exact_reconstructed_metadata,main,9,1.75,min_variance,205,-0.13851300688452695,3.295563718472791,26.99262602378602,6.40940646333713e-10
final_reproduction_candidate,paper_exact_reconstructed_metadata,main,9,1.75,min_variance,206,-0.1371899211356265,2.766582824087284,15.90419361922701,9.43522911988299e-11
final_reproduction_candidate,paper_exact_reconstructed_metadata,main,9,1.75,min_variance,207,-0.12961603546436373,3.075311676593203,21.656630724618385,7.207577228131645e-10
final_reproduction_candidate,paper_exact_reconstructed_metadata,main,9,1.75,min_variance,208,-0.12907084827011292,3.214950557350772,24.902060656877246,4.5069094807014834e-11
final_reproduction_candidate,paper_exact_reconstructed_metadata,main,9,1.75,min_variance,209,-0.12877760326143253,2.995408919645667,19.993533967298333,5.173658343999924e-10
final_reproduction_candidate,paper_exact_reconstructed_metadata,main,9,1.75,min_variance,210,-0.12627478425142313,2.9936165823066534,19.957730904997312,5.610863039975755e-10
final_reproduction_candidate,paper_exact_reconstructed_metadata,main,9,1.75,min_variance,211,-0.12476065642203554,3.0685529610935305,21.510753246365255,7.384075618427806e-10
final_reproduction_candidate,paper_exact_reconstructed_metadata,main,9,1.75,min_variance,212,-0.12296437458933387,2.812219795808244,16.64682979855226,8.227935444267082e-11
final_reproduction_candidate,paper_exact_reconstructed_metadata,main,9,1.75,min_variance,213,-0.12201102277678648,3.2199101949860713,25.025872631578444,1.7457231518767322e-10
final_reproduction_candidate,paper_exact_reconstructed_metadata,main,9,1.75,min_variance,214,-0.12197739676281885,3.1011264635418274,22.222970553266595,1.951053241960957e-10
final_reproduction_candidate,paper_exact_reconstructed_metadata,main,9,1.75,min_variance,215,-0.11697686094235787,3.2562651455415508,25.952427370895926,2.6231657621838206e-10
final_reproduction_candidate,paper_exact_reconstructed_metadata,main,9,1.75,min_variance,216,-0.1163568295982022,2.9202284941659777,18.545524519814457,2.1932350020092093e-10
final_reproduction_candidate,paper_exact_reconstructed_metadata,main,9,1.75,min_variance,217,-0.1109168060772165,3.0371204212631673,20.845131530914312,2.275603884055731e-10
final_reproduction_candidate,paper_exact_reconstructed_metadata,main,9,1.75,min_variance,218,-0.11011233159577943,3.1799168023584863,24.044753002104574,1.145515528151227e-10
final_reproduction_candidate,paper_exact_reconstructed_metadata,main,9,1.75,min_variance,219,-0.1022903597099533,2.973424821141542,19.558790379226025,1.196026650486787e-10
final_reproduction_candidate,paper_exact_reconstructed_metadata,main,9,1.75,min_variance,220,-0.09947239691474566,3.1875678408450594,24.22942590158419,2.033676612665769e-10
final_reproduction_candidate,paper_exact_reconstructed_metadata,main,9,1.75,min_variance,221,-0.09842347566036878,2.9919904765172904,19.925303895249634,6.817080781413184e-11
final_reproduction_candidate,paper_exact_reconstructed_metadata,main,9,1.75,min_variance,222,-0.09590904526837911,3.166265769538599,23.718747508172196,2.1477366076986087e-10
final_reproduction_candidate,paper_exact_reconstructed_metadata,main,9,1.75,min_variance,223,-0.09445591688517956,2.9678915688147196,19.450865519949776,1.674978459082744e-10
final_reproduction_candidate,paper_exact_reconstructed_metadata,main,9,1.75,min_variance,224,-0.09312133634679437,2.9275018486276556,18.68090442954177,1.5553266421052824e-10
final_reproduction_candidate,paper_exact_reconstructed_metadata,main,9,1.75,min_variance,225,-0.09198087999345814,2.8576861446525847,17.421170196938245,1.3924702589591678e-10
final_reproduction_candidate,paper_exact_reconstructed_metadata,main,9,1.75,min_variance,226,-0.09142334432015899,3.284478847172916,26.695068478656186,2.622042725587365e-10
final_reproduction_candidate,paper_exact_reconstructed_metadata,main,9,1.75,min_variance,227,-0.08525602655862881,3.3377799383880915,28.156547995486665,8.743233260334375e-11
final_reproduction_candidate,paper_exact_reconstructed_metadata,main,9,1.75,min_variance,228,-0.08302123636718144,2.9429180747207067,18.971124779322867,9.536698034207531e-11
final_reproduction_candidate,paper_exact_reconstructed_metadata,main,9,1.75,min_variance,229,-0.08033374621159005,2.816747604374546,16.722374353696026,3.381009842827594e-11
final_reproduction_candidate,paper_exact_reconstructed_metadata,main,9,1.75,min_variance,230,-0.07344409096104404,3.2383174131606567,25.49079516715687,1.530733423107831e-10
final_reproduction_candidate,paper_exact_reconstructed_metadata,main,9,1.75,min_variance,231,-0.0711975160524661,3.1292911701296977,22.85777152752963,3.339863565707652e-10
final_reproduction_candidate,paper_exact_reconstructed_metadata,main,9,1.75,min_variance,232,-0.06889242905754012,3.288198362256952,26.794546078060044,1.8716595043664914e-10
final_reproduction_candidate,paper_exact_reconstructed_metadata,main,9,1.75,min_variance,233,-0.06834443961854401,3.134320706747662,22.97302511955636,5.659689456477579e-11
final_reproduction_candidate,paper_exact_reconstructed_metadata,main,9,1.75,min_variance,234,-0.06681731603199172,3.1442424396034685,23.202091827903097,9.52507189627683e-11
final_reproduction_candidate,paper_exact_reconstructed_metadata,main,9,1.75,min_variance,235,-0.0663824339765335,3.2379013145924094,25.480190690191176,5.73115957618184e-11
final_reproduction_candidate,paper_exact_reconstructed_metadata,main,9,1.75,min_variance,236,-0.06264571006913926,3.3738541852486312,29.190817342611222,2.1986148916265217e-10
final_reproduction_candidate,paper_exact_reconstructed_metadata,main,9,1.75,min_variance,237,-0.06215562927690524,3.13167660822213,22.91236241214073,5.5354929146591724e-11
final_reproduction_candidate,paper_exact_reconstructed_metadata,main,9,1.75,min_variance,238,-0.05726649832653938,3.2938798380528493,26.94721191603597,3.2618759508344735e-10
final_reproduction_candidate,paper_exact_reconstructed_metadata,main,9,1.75,min_variance,239,-0.05391758206015347,3.21046570248024,24.790628593946977,7.029781746227306e-11
final_reproduction_candidate,paper_exact_reconstructed_metadata,main,9,1.75,min_variance,240,-0.05290318699436166,3.125293889918461,22.76658498023692,3.9344307747454194e-11
final_reproduction_candidate,paper_exact_reconstructed_metadata,main,9,1.75,min_variance,241,-0.05186227625094202,3.355889798045535,28.67110433663622,7.3432204728154e-11
final_reproduction_candidate,paper_exact_reconstructed_metadata,main,9,1.75,min_variance,242,-0.044634451257818675,3.31091198892751,27.41011179500526,1.850484020925801e-10
final_reproduction_candidate,paper_exact_reconstructed_metadata,main,9,1.75,min_variance,243,-0.03999168895870622,3.3056257259145667,27.265597042870674,1.0513565142880387e-10
final_reproduction_candidate,paper_exact_reconstructed_metadata,main,9,1.75,min_variance,244,-0.03817703502284331,3.174757145024708,23.921009826654505,1.8268273943332885e-10
final_reproduction_candidate,paper_exact_reconstructed_metadata,main,9,1.75,min_variance,245,-0.036392269014457995,3.020488891625141,20.50131215434805,1.5260374584937137e-10
final_reproduction_candidate,paper_exact_reconstructed_metadata,main,9,1.75,min_variance,246,-0.03514613634873364,2.9667390941805403,19.42846180316257,1.421616693039458e-11
final_reproduction_candidate,paper_exact_reconstructed_metadata,main,9,1.75,min_variance,247,-0.033137399546657995,3.277591163642726,26.511833053361894,7.899471304520232e-11
final_reproduction_candidate,paper_exact_reconstructed_metadata,main,9,1.75,min_variance,248,-0.03217285110072314,3.0982439474138492,22.15900471780187,2.709018607643091e-11
final_reproduction_candidate,paper_exact_reconstructed_metadata,main,9,1.75,min_variance,249,-0.03097740818937083,2.8466633734580284,17.230195094984936,2.4526585874923488e-11
final_reproduction_candidate,paper_exact_reconstructed_metadata,main,9,1.75,min_variance,250,-0.026442557745729976,3.167588347136792,23.750138145985144,1.2318251779393644e-10
final_reproduction_candidate,paper_exact_reconstructed_metadata,main,9,1.75,min_variance,251,-0.026430316831403913,3.121159320558649,22.67264928119816,1.7744713563172176e-11
final_reproduction_candidate,paper_exact_reconstructed_metadata,main,9,1.75,min_variance,252,-0.016460860910200877,3.160197593275635,23.575253780491323,4.070619567513199e-11
final_reproduction_candidate,paper_exact_reconstructed_metadata,main,9,1.75,min_variance,253,-0.016279792195906043,3.2151789683046603,24.907749209944846,3.571974858608482e-11
final_reproduction_candidate,paper_exact_reconstructed_metadata,main,9,1.75,min_variance,254,-0.014952775933800642,3.2440768891746115,25.63803238811279,4.9303724521627395e-11
final_reproduction_candidate,paper_exact_reconstructed_metadata,main,9,1.75,min_variance,255,-0.014084760387328128,3.217730254402266,24.971377136235542,2.6416481409804568e-11
final_reproduction_candidate,paper_exact_reconstructed_metadata,main,9,1.75,min_variance,256,-0.013527081470607896,3.111854140137013,22.46265472284689,6.764963787612194e-11
final_reproduction_candidate,paper_exact_reconstructed_metadata,main,9,1.75,min_variance,257,-0.005734566844208001,3.117328958710765,22.58597094108084,5.164757743399426e-11
final_reproduction_candidate,paper_exact_reconstructed_metadata,main,9,1.75,min_variance,258,-0.00474143658792812,3.3240680803714273,27.773104277787393,9.613150055099414e-11
final_reproduction_candidate,paper_exact_reconstructed_metadata,main,9,1.75,min_variance,259,-0.0036142191374021115,3.278218169810055,26.52846134867064,7.803659705981103e-11
final_reproduction_candidate,paper_exact_reconstructed_metadata,main,9,1.75,min_variance,260,-0.0033805190429624095,2.9540396624980416,19.183291436945698,4.2005436273234805e-11
final_reproduction_candidate,paper_exact_reconstructed_metadata,main,9,1.75,min_variance,261,-0.001468257957617256,3.040707563074924,20.920040247570697,2.9749147748692455e-11
final_reproduction_candidate,paper_exact_reconstructed_metadata,main,9,1.75,min_variance,262,0.015487078338096115,3.0239965813532987,20.5733506669181,1.7693010966855873e-11
final_reproduction_candidate,paper_exact_reconstructed_metadata,main,9,1.75,min_variance,263,0.01866250032704335,3.2729722503708434,26.389659567385387,7.79018973852258e-11
final_reproduction_candidate,paper_exact_reconstructed_metadata,main,9,1.75,min_variance,264,0.021450401964747658,2.745843992673088,15.577755897383836,1.2706945021562144e-11
final_reproduction_candidate,paper_exact_reconstructed_metadata,main,9,1.75,min_variance,265,0.02212934121177234,2.9661100468765187,19.416244224764256,1.3457744397428103e-11
final_reproduction_candidate,paper_exact_reconstructed_metadata,main,9,1.75,min_variance,266,0.022916300426858285,3.150085427002034,23.338058196132206,5.956139197885178e-11
final_reproduction_candidate,paper_exact_reconstructed_metadata,main,9,1.75,min_variance,267,0.02434337169940616,2.7620650374234916,15.83250392669866,5.701604747501692e-12
final_reproduction_candidate,paper_exact_reconstructed_metadata,main,9,1.75,min_variance,268,0.024987429991326675,3.026353424429622,20.62189601040126,8.305265981530029e-12
final_reproduction_candidate,paper_exact_reconstructed_metadata,main,9,1.75,min_variance,269,0.025619757530828232,3.150784780953297,23.354385467952042,4.30806495262397e-11
final_reproduction_candidate,paper_exact_reconstructed_metadata,main,9,1.75,min_variance,270,0.026422065225295544,2.8762575085684605,17.747728014903384,1.178749567584447e-11
final_reproduction_candidate,paper_exact_reconstructed_metadata,main,9,1.75,min_variance,271,0.02650821031531093,3.405532020568464,30.130321411267346,9.61287722076244e-11
final_reproduction_candidate,paper_exact_reconstructed_metadata,main,9,1.75,min_variance,272,0.0311927585816684,3.1172598351355516,22.584409771977143,4.148566205160169e-11
final_reproduction_candidate,paper_exact_reconstructed_metadata,main,9,1.75,min_variance,273,0.031556245618263166,3.2185569674168,24.992029834455845,1.5895891528414104e-11
final_reproduction_candidate,paper_exact_reconstructed_metadata,main,9,1.75,min_variance,274,0.03428240593962874,3.067405777480144,21.486090611719327,2.22749039097233e-11
final_reproduction_candidate,paper_exact_reconstructed_metadata,main,9,1.75,min_variance,275,0.038232813734117216,3.1147432440786775,22.527645504502573,5.239076309802809e-12
final_reproduction_candidate,paper_exact_reconstructed_metadata,main,9,1.75,min_variance,276,0.04773973461286382,3.1772743594752617,23.981299988059703,3.7079592584627805e-12
final_reproduction_candidate,paper_exact_reconstructed_metadata,main,9,1.75,min_variance,277,0.051903306001131105,3.249277962706806,25.771725051091185,7.818263096627068e-12
final_reproduction_candidate,paper_exact_reconstructed_metadata,main,9,1.75,min_variance,278,0.05712980955723704,3.065912769137781,21.45403563432,1.894519008702668e-11
final_reproduction_candidate,paper_exact_reconstructed_metadata,main,9,1.75,min_variance,279,0.05855013020854475,3.2492429157561467,25.770821846542287,3.10506179362898e-11
final_reproduction_candidate,paper_exact_reconstructed_metadata,main,9,1.75,min_variance,280,0.06048482068428318,2.9687071471447575,19.466735695174137,4.205408176732748e-12
final_reproduction_candidate,paper_exact_reconstructed_metadata,main,9,1.75,min_variance,281,0.06684069551015567,2.9290958305381793,18.710705197907767,4.427549281846159e-12
final_reproduction_candidate,paper_exact_reconstructed_metadata,main,9,1.75,min_variance,282,0.06878731109903577,3.2223244432814866,25.086364293484554,8.359853472828484e-12
final_reproduction_candidate,paper_exact_reconstructed_metadata,main,9,1.75,min_variance,283,0.07005668920635716,3.2568416943174703,25.96739452536145,2.0796423168473182e-11
final_reproduction_candidate,paper_exact_reconstructed_metadata,main,9,1.75,min_variance,284,0.07338563870474256,3.0656106858989762,21.447555708537916,2.0429965221384005e-11
final_reproduction_candidate,paper_exact_reconstructed_metadata,main,9,1.75,min_variance,285,0.07375125160996775,3.1053750197552357,22.317586942093797,1.3510880169152383e-11
final_reproduction_candidate,paper_exact_reconstructed_metadata,main,9,1.75,min_variance,286,0.07385259296596389,3.0032387388198902,20.150694188065515,2.1035235473066035e-11
final_reproduction_candidate,paper_exact_reconstructed_metadata,main,9,1.75,min_variance,287,0.07491058817081692,3.0196210709595674,20.483528409655804,1.4537579232416191e-11
final_reproduction_candidate,paper_exact_reconstructed_metadata,main,9,1.75,min_variance,288,0.07508086327446324,3.133509217566062,22.95439032019487,1.1110552757934462e-11
final_reproduction_candidate,paper_exact_reconstructed_metadata,main,9,1.75,min_variance,289,0.0775545849798337,3.1983356952615347,24.49173454846812,2.402002643892783e-11
final_reproduction_candidate,paper_exact_reconstructed_metadata,main,9,1.75,min_variance,290,0.08042755050836793,3.0948449156348423,22.083813417777066,1.3780379551533909e-11
final_reproduction_candidate,paper_exact_reconstructed_metadata,main,9,1.75,min_variance,291,0.08270028333509732,3.2397620179290874,25.52764590237174,5.4286390342967207e-11
final_reproduction_candidate,paper_exact_reconstructed_metadata,main,9,1.75,min_variance,292,0.08455293632132573,3.165033594724141,23.689539863019892,9.321750598451683e-12
final_reproduction_candidate,paper_exact_reconstructed_metadata,main,9,1.75,min_variance,293,0.08521677692595829,3.2487481200071646,25.75807370756742,1.5898195651854748e-11
final_reproduction_candidate,paper_exact_reconstructed_metadata,main,9,1.75,min_variance,294,0.08551389767136451,3.044387357313622,20.997163502976086,5.210777782493589e-12
final_reproduction_candidate,paper_exact_reconstructed_metadata,main,9,1.75,min_variance,295,0.09234958315519806,3.0307685651366727,20.713145875198332,1.1679944635227852e-11
final_reproduction_candidate,paper_exact_reconstructed_metadata,main,9,1.75,min_variance,296,0.09536066584818188,3.497614483327344,33.036548645924235,2.2921720521615698e-11
final_reproduction_candidate,paper_exact_reconstructed_metadata,main,9,1.75,min_variance,297,0.10069782417394166,2.958774501514656,19.274336605724336,1.624136993279829e-11
final_reproduction_candidate,paper_exact_reconstructed_metadata,main,9,1.75,min_variance,298,0.10289646763746263,2.8324466352788735,16.986970946168395,1.2873909709470055e-11
final_reproduction_candidate,paper_exact_reconstructed_metadata,main,9,1.75,min_variance,299,0.10437767017255323,2.7925407195001077,16.322437899884854,7.183979692049233e-12
final_reproduction_candidate,paper_exact_reconstructed_metadata,main,9,1.75,min_variance,300,0.11217459383737155,3.1896528349976583,24.27999681461865,5.4658207570347796e-12
final_reproduction_candidate,paper_exact_reconstructed_metadata,main,9,1.75,min_variance,301,0.11284569633265298,3.185267445763898,24.17375270914087,8.883255471682893e-12
final_reproduction_candidate,paper_exact_reconstructed_metadata,main,9,1.75,min_variance,302,0.11402442026671794,3.1092993633625836,22.405340897457304,5.303086208584323e-12
final_reproduction_candidate,paper_exact_reconstructed_metadata,main,9,1.75,min_variance,303,0.11541322358219924,2.876915523388606,17.75941012604072,7.95212067634205e-12
final_reproduction_candidate,paper_exact_reconstructed_metadata,main,9,1.75,min_variance,304,0.12390113661166152,3.0760601791720292,21.672846836708214,8.914624237524844e-12
final_reproduction_candidate,paper_exact_reconstructed_metadata,main,9,1.75,min_variance,305,0.12435997487803926,3.1423317999450178,23.15780331426607,9.895466408668683e-12
final_reproduction_candidate,paper_exact_reconstructed_metadata,main,9,1.75,min_variance,306,0.12457833252970205,3.129868823144084,22.87097920251403,2.46186325387001e-12
final_reproduction_candidate,paper_exact_reconstructed_metadata,main,9,1.75,min_variance,307,0.1249237186992981,3.188683517663245,24.25647319559443,3.2044065134659923e-12
final_reproduction_candidate,paper_exact_reconstructed_metadata,main,9,1.75,min_variance,308,0.1268252402233688,2.939259043915078,18.90183569209666,4.364757809109508e-12
final_reproduction_candidate,paper_exact_reconstructed_metadata,main,9,1.75,min_variance,309,0.12743707033876153,3.246996842752757,25.71300365556352,5.536398471284695e-12
final_reproduction_candidate,paper_exact_reconstructed_metadata,main,9,1.75,min_variance,310,0.13148871776775464,3.0762138117654976,21.676176748160493,2.6111527333053584e-12
final_reproduction_candidate,paper_exact_reconstructed_metadata,main,9,1.75,min_variance,311,0.13246814036585314,2.899577914133363,18.166475938237536,9.76953062823166e-12
final_reproduction_candidate,paper_exact_reconstructed_metadata,main,9,1.75,min_variance,312,0.13927294833146925,2.9920424450596292,19.92633941115562,6.653565889457646e-12
final_reproduction_candidate,paper_exact_reconstructed_metadata,main,9,1.75,min_variance,313,0.14333603050323657,3.102671961786236,22.257342669423128,5.35520932643867e-12
final_reproduction_candidate,paper_exact_reconstructed_metadata,main,9,1.75,min_variance,314,0.14536342508897515,3.212662726031687,24.845154063761257,2.380661084379155e-12
final_reproduction_candidate,paper_exact_reconstructed_metadata,main,9,1.75,min_variance,315,0.14868224450107537,3.2116017474543503,24.81880786639591,6.456738597608536e-12
final_reproduction_candidate,paper_exact_reconstructed_metadata,main,9,1.75,min_variance,316,0.14970461468833712,2.8393886308262113,17.10530468375815,6.058929701937819e-12
final_reproduction_candidate,paper_exact_reconstructed_metadata,main,9,1.75,min_variance,317,0.15279281038371728,3.2167805795420596,24.947673704202757,1.8050283587830557e-12
final_reproduction_candidate,paper_exact_reconstructed_metadata,main,9,1.75,min_variance,318,0.1583897593877144,2.7807022896293567,16.130345145242426,9.920986323331338e-13
final_reproduction_candidate,paper_exact_reconstructed_metadata,main,9,1.75,min_variance,319,0.15865327781245803,3.1551461719404,23.456465517934717,9.779979988829373e-13
final_reproduction_candidate,paper_exact_reconstructed_metadata,main,9,1.75,min_variance,320,0.15901343570388626,3.0902248828766425,21.98202080003625,1.5167740844685482e-12
final_reproduction_candidate,paper_exact_reconstructed_metadata,main,9,1.75,min_variance,321,0.1615835808065462,3.111076374855773,22.445190842159366,2.1324199603989712e-12
final_reproduction_candidate,paper_exact_reconstructed_metadata,main,9,1.75,min_variance,322,0.16397809233861158,3.1522762238150372,23.38924318713531,9.233733964092395e-13
final_reproduction_candidate,paper_exact_reconstructed_metadata,main,9,1.75,min_variance,323,0.16434576284775082,3.439863869782789,31.182712969876302,1.3715750852908695e-12
final_reproduction_candidate,paper_exact_reconstructed_metadata,main,9,1.75,min_variance,324,0.1724755221843629,3.018090250415758,20.452195791982774,2.6832014778769578e-12
final_reproduction_candidate,paper_exact_reconstructed_metadata,main,9,1.75,min_variance,325,0.1780630166142626,3.137480601036854,23.045732263383417,4.351306130295228e-12
final_reproduction_candidate,paper_exact_reconstructed_metadata,main,9,1.75,min_variance,326,0.18522476287159184,3.0417905468986857,20.94270858525722,3.125605984659715e-12
final_reproduction_candidate,paper_exact_reconstructed_metadata,main,9,1.75,min_variance,327,0.18729831223567614,3.155626946127477,23.467745492418814,3.7447211743444025e-12
final_reproduction_candidate,paper_exact_reconstructed_metadata,main,9,1.75,min_variance,328,0.1873723297433332,3.1447506183736307,23.21388563482073,2.583223799462147e-12
final_reproduction_candidate,paper_exact_reconstructed_metadata,main,9,1.75,min_variance,329,0.18783286173288316,3.203640689958763,24.622008315671696,4.364624987605357e-12
final_reproduction_candidate,paper_exact_reconstructed_metadata,main,9,1.75,min_variance,330,0.18996278161271152,3.170075798488349,23.809288996147895,2.4832464219240803e-12
final_reproduction_candidate,paper_exact_reconstructed_metadata,main,9,1.75,min_variance,331,0.19020292144373935,3.019572664759911,20.48253690388764,1.7833819540832215e-12
final_reproduction_candidate,paper_exact_reconstructed_metadata,main,9,1.75,min_variance,332,0.1917313953619286,3.2990554279997273,27.087041172441275,4.590283413950327e-12
final_reproduction_candidate,paper_exact_reconstructed_metadata,main,9,1.75,min_variance,333,0.1927378273064946,3.242962930910538,25.609488591310306,2.693788048718694e-12
final_reproduction_candidate,paper_exact_reconstructed_metadata,main,9,1.75,min_variance,334,0.1957808935648146,2.951331069000891,19.13140200391988,4.05621692648238e-13
final_reproduction_candidate,paper_exact_reconstructed_metadata,main,9,1.75,min_variance,335,0.21763525970912476,3.1135314881408407,22.50036402888028,6.612150027344246e-13
final_reproduction_candidate,paper_exact_reconstructed_metadata,main,9,1.75,min_variance,336,0.21777809620099012,2.711457294762381,15.051193566017215,2.3768544953502672e-12
final_reproduction_candidate,paper_exact_reconstructed_metadata,main,9,1.75,min_variance,337,0.21996785446402664,3.082113801915353,21.804443993121634,2.02662791153046e-12
final_reproduction_candidate,paper_exact_reconstructed_metadata,main,9,1.75,min_variance,338,0.22055236059166583,2.88806101394564,17.958454627735463,1.3269534710981647e-12
final_reproduction_candidate,paper_exact_reconstructed_metadata,main,9,1.75,min_variance,339,0.22061216777231418,2.9940766260591825,19.96691444666833,1.957434390370387e-12
final_reproduction_candidate,paper_exact_reconstructed_metadata,main,9,1.75,min_variance,340,0.22373381045372215,3.1934510132538265,24.372391926055872,1.2505532762182107e-12
final_reproduction_candidate,paper_exact_reconstructed_metadata,main,9,1.75,min_variance,341,0.22416811000915685,2.877388708454159,17.767815602201456,1.8064444805277498e-13
final_reproduction_candidate,paper_exact_reconstructed_metadata,main,9,1.75,min_variance,342,0.22458283406276294,3.0458164124201415,21.027191057107032,1.7169012626550721e-12
final_reproduction_candidate,paper_exact_reconstructed_metadata,main,9,1.75,min_variance,343,0.22600407093103053,3.0324038884159914,20.747046276338615,9.076263413746501e-13
final_reproduction_candidate,paper_exact_reconstructed_metadata,main,9,1.75,min_variance,344,0.22642261390927543,2.9624831997071217,19.34595202094964,4.2005082450420936e-13
final_reproduction_candidate,paper_exact_reconstructed_metadata,main,9,1.75,min_variance,345,0.2337092008793683,2.7018919671780512,14.90791033701361,1.3855678658394803e-12
final_reproduction_candidate,paper_exact_reconstructed_metadata,main,9,1.75,min_variance,346,0.2368053474317997,2.8765479711637387,17.752883814790145,2.5747420087316765e-12
final_reproduction_candidate,paper_exact_reconstructed_metadata,main,9,1.75,min_variance,347,0.2382861623768292,2.927477836592989,18.68045586840246,4.57579595011898e-13
final_reproduction_candidate,paper_exact_reconstructed_metadata,main,9,1.75,min_variance,348,0.24238421276563266,3.324847051007049,27.794747138962112,3.656962321049322e-12
final_reproduction_candidate,paper_exact_reconstructed_metadata,main,9,1.75,min_variance,349,0.2490916626007964,3.205066226217418,24.657132911030505,3.207725995135702e-13
final_reproduction_candidate,paper_exact_reconstructed_metadata,main,9,1.75,min_variance,350,0.25356405897646217,3.1590168738242155,23.54743444642688,3.799403486192654e-13
final_reproduction_candidate,paper_exact_reconstructed_metadata,main,9,1.75,min_variance,351,0.2543245926055873,3.110352994536681,22.428960303979586,3.901171555410454e-13
final_reproduction_candidate,paper_exact_reconstructed_metadata,main,9,1.75,min_variance,352,0.25490877303618287,2.706346889534391,14.974472073660783,5.137600746556778e-13
final_reproduction_candidate,paper_exact_reconstructed_metadata,main,9,1.75,min_variance,353,0.2585461381588867,3.0667488526157025,21.471980499705985,2.2274222284712863e-12
final_reproduction_candidate,paper_exact_reconstructed_metadata,main,9,1.75,min_variance,354,0.26041891456724175,3.1749096044808827,23.924657088826567,7.782927519028873e-13
final_reproduction_candidate,paper_exact_reconstructed_metadata,main,9,1.75,min_variance,355,0.26279073244085427,2.533408838627924,12.596372033255728,1.990035921830639e-12
final_reproduction_candidate,paper_exact_reconstructed_metadata,main,9,1.75,min_variance,356,0.2643946158082878,2.903218851825037,18.232739502759284,6.363861096349187e-13
final_reproduction_candidate,paper_exact_reconstructed_metadata,main,9,1.75,min_variance,357,0.2676176664797716,3.0926573525859102,22.035556485350128,7.140478003574282e-13
final_reproduction_candidate,paper_exact_reconstructed_metadata,main,9,1.75,min_variance,358,0.26880729586071056,3.0824277212261664,21.811289903628158,9.04699012163848e-13
final_reproduction_candidate,paper_exact_reconstructed_metadata,main,9,1.75,min_variance,359,0.27342156773657716,2.9211593935762066,18.56279657567835,7.482592178383898e-13
final_reproduction_candidate,paper_exact_reconstructed_metadata,main,9,1.75,min_variance,360,0.27785733399747703,2.868496239371776,17.61051627753686,1.0867316752241507e-12
final_reproduction_candidate,paper_exact_reconstructed_metadata,main,9,1.75,min_variance,361,0.2790123473454417,3.1770811975243354,23.976668160729066,4.761558593815892e-13
final_reproduction_candidate,paper_exact_reconstructed_metadata,main,9,1.75,min_variance,362,0.28259626135587473,2.9357030992077897,18.834741172409796,9.63562204952976e-13
final_reproduction_candidate,paper_exact_reconstructed_metadata,main,9,1.75,min_variance,363,0.2854464270321541,3.1723372931201235,23.86319450593522,5.214424795964837e-13
final_reproduction_candidate,paper_exact_reconstructed_metadata,main,9,1.75,min_variance,364,0.29316673317050657,3.0654868104599617,21.44489904770964,3.9050911248772524e-13
final_reproduction_candidate,paper_exact_reconstructed_metadata,main,9,1.75,min_variance,365,0.29741085151312635,3.2938207090680285,26.945618601857614,4.212607533504332e-13
final_reproduction_candidate,paper_exact_reconstructed_metadata,main,9,1.75,min_variance,366,0.297973513430987,2.958223345198311,19.26371636033724,2.9592214475033767e-13
final_reproduction_candidate,paper_exact_reconstructed_metadata,main,9,1.75,min_variance,367,0.29850411602410115,2.437893698693644,11.448900494333706,1.2973981032673824e-13
final_reproduction_candidate,paper_exact_reconstructed_metadata,main,9,1.75,min_variance,368,0.3005286594376102,2.99156015713974,19.916731495447085,4.5394920792661654e-13
final_reproduction_candidate,paper_exact_reconstructed_metadata,main,9,1.75,min_variance,369,0.3020123093819288,2.6362326539074314,13.960510339090009,1.4370297675167534e-13
final_reproduction_candidate,paper_exact_reconstructed_metadata,main,9,1.75,min_variance,370,0.30414638914242825,2.986876924124336,19.82367487395134,1.403768603931855e-13
final_reproduction_candidate,paper_exact_reconstructed_metadata,main,9,1.75,min_variance,371,0.30616564051438266,3.1842947268607844,24.150249875599894,3.28266762422559e-13
final_reproduction_candidate,paper_exact_reconstructed_metadata,main,9,1.75,min_variance,372,0.3076291168697691,2.82638403286413,16.88429724448891,6.347483636605132e-13
final_reproduction_candidate,paper_exact_reconstructed_metadata,main,9,1.75,min_variance,373,0.3157877381107585,2.824636227759676,16.85481255782867,7.585938750309491e-13
final_reproduction_candidate,paper_exact_reconstructed_metadata,main,9,1.75,min_variance,374,0.3173873472763524,2.96150714057862,19.327078440243795,9.92830137780134e-13
final_reproduction_candidate,paper_exact_reconstructed_metadata,main,9,1.75,min_variance,375,0.3182382410913339,2.9258753314407007,18.65054431473681,1.9748894229441814e-13
final_reproduction_candidate,paper_exact_reconstructed_metadata,main,9,1.75,min_variance,376,0.32153533825963165,3.1131216795736534,22.491145076068356,4.605704039574622e-13
final_reproduction_candidate,paper_exact_reconstructed_metadata,main,9,1.75,min_variance,377,0.32442961874806986,2.9725368241667933,19.541429941688317,9.268493575125884e-14
final_reproduction_candidate,paper_exact_reconstructed_metadata,main,9,1.75,min_variance,378,0.32449924172188527,3.1586104157220545,23.537865345762015,1.9045018997107765e-13
final_reproduction_candidate,paper_exact_reconstructed_metadata,main,9,1.75,min_variance,379,0.32717770204134117,2.8251872958559243,16.86410326696912,5.636484971238919e-14
final_reproduction_candidate,paper_exact_reconstructed_metadata,main,9,1.75,min_variance,380,0.33435361940457725,2.6189304542849965,13.721040454314531,4.774056281212186e-13
final_reproduction_candidate,paper_exact_reconstructed_metadata,main,9,1.75,min_variance,381,0.3419125931567634,2.917205028701798,18.489537447053912,4.597488132681579e-13
final_reproduction_candidate,paper_exact_reconstructed_metadata,main,9,1.75,min_variance,382,0.34610953250777465,2.8378070850885004,17.07827324340739,2.421620515090888e-13
final_reproduction_candidate,paper_exact_reconstructed_metadata,main,9,1.75,min_variance,383,0.35018695620378393,2.909550080380067,18.348541340866777,1.0163492542406748e-13
final_reproduction_candidate,paper_exact_reconstructed_metadata,main,9,1.75,min_variance,384,0.35383478023201165,3.125522266960018,22.771784939314095,1.3297933001266336e-13
final_reproduction_candidate,paper_exact_reconstructed_metadata,main,9,1.75,min_variance,385,0.35569355456191115,2.8633992972905364,17.520984858105795,8.498911515306604e-14
final_reproduction_candidate,paper_exact_reconstructed_metadata,main,9,1.75,min_variance,386,0.3583104288422961,2.6835778059619044,14.637369390727443,1.5722974598213997e-13
final_reproduction_candidate,paper_exact_reconstructed_metadata,main,9,1.75,min_variance,387,0.3638924500735874,2.6506602580593346,14.16338704930345,5.205118618533128e-14
final_reproduction_candidate,paper_exact_reconstructed_metadata,main,9,1.75,min_variance,388,0.3642486764614317,2.743098318499428,15.535043119851215,6.51373747448854e-14
final_reproduction_candidate,paper_exact_reconstructed_metadata,main,9,1.75,min_variance,389,0.3695476089037989,3.2172393846468132,24.959122450420743,1.959633237125612e-13
final_reproduction_candidate,paper_exact_reconstructed_metadata,main,9,1.75,min_variance,390,0.3755389062209338,2.456541839095608,11.664404325912725,6.05596899661525e-14
final_reproduction_candidate,paper_exact_reconstructed_metadata,main,9,1.75,min_variance,391,0.3792077836408273,3.0160853400816126,20.411232051318667,2.408182945355434e-13
final_reproduction_candidate,paper_exact_reconstructed_metadata,main,9,1.75,min_variance,392,0.3798982797542476,2.9906461299917906,19.898535379300718,8.554758349271463e-14
final_reproduction_candidate,paper_exact_reconstructed_metadata,main,9,1.75,min_variance,393,0.38218433347686215,2.9039041090670468,18.245237901365225,2.1086657931402975e-13
final_reproduction_candidate,paper_exact_reconstructed_metadata,main,9,1.75,min_variance,394,0.38777667488187356,2.9261511215384153,18.65568865952287,1.3182807244520694e-13
final_reproduction_candidate,paper_exact_reconstructed_metadata,main,9,1.75,min_variance,395,0.39866830024171,2.6736680245624744,14.49303261395482,2.8947997018299976e-14
final_reproduction_candidate,paper_exact_reconstructed_metadata,main,9,1.75,min_variance,396,0.39945656720832623,2.5264176034579133,12.508614956706579,1.1584419888562286e-13
final_reproduction_candidate,paper_exact_reconstructed_metadata,main,9,1.75,min_variance,397,0.39966394927287374,2.825044252279184,16.861691137843195,7.299233850766569e-14
final_reproduction_candidate,paper_exact_reconstructed_metadata,main,9,1.75,min_variance,398,0.40282887758562524,2.977903451568508,19.646583422483502,1.1081584929681944e-13
final_reproduction_candidate,paper_exact_reconstructed_metadata,main,9,1.75,min_variance,399,0.40325971845644665,2.9361189430060266,18.842575111452334,1.0148555635637073e-13
final_reproduction_candidate,paper_exact_reconstructed_metadata,main,9,1.75,min_variance,400,0.4088076494243412,2.792950499054969,16.32912787183497,9.836625061397376e-14
final_reproduction_candidate,paper_exact_reconstructed_metadata,main,9,1.75,min_variance,401,0.4164813700130708,2.787748598281122,16.244405917568262,4.461018549636412e-14
final_reproduction_candidate,paper_exact_reconstructed_metadata,main,9,1.75,min_variance,402,0.4192957515448805,2.759509713516302,15.792098397497732,1.4843271369154375e-14
final_reproduction_candidate,paper_exact_reconstructed_metadata,main,9,1.75,min_variance,403,0.42747139207176366,2.8577735275940475,17.42269257654781,1.7543824451401955e-14
final_reproduction_candidate,paper_exact_reconstructed_metadata,main,9,1.75,min_variance,404,0.42768879340372545,3.1072548153631,22.359578899789152,7.456689182126437e-14
final_reproduction_candidate,paper_exact_reconstructed_metadata,main,9,1.75,min_variance,405,0.4314870389359806,2.5372065358483455,12.644300191025932,2.570257279302422e-14
final_reproduction_candidate,paper_exact_reconstructed_metadata,main,9,1.75,min_variance,406,0.43235000193798245,2.9502803145380674,19.11131015553246,1.8482234844784068e-14
final_reproduction_candidate,paper_exact_reconstructed_metadata,main,9,1.75,min_variance,407,0.4347305696149218,2.8700779524315676,17.638393101879384,5.832293258718579e-14
final_reproduction_candidate,paper_exact_reconstructed_metadata,main,9,1.75,min_variance,408,0.43473553966036144,2.8856586175322416,17.915363082959185,7.28154737509594e-14
final_reproduction_candidate,paper_exact_reconstructed_metadata,main,9,1.75,min_variance,409,0.43481895392460695,2.9356133431276485,18.833050715737205,3.578492156076139e-14
final_reproduction_candidate,paper_exact_reconstructed_metadata,main,9,1.75,min_variance,410,0.43706558137408374,2.749121539346164,15.628896481444201,7.868609589778411e-14
final_reproduction_candidate,paper_exact_reconstructed_metadata,main,9,1.75,min_variance,411,0.437400137160957,2.851274856496783,17.309835336096192,4.9261215675729895e-14
final_reproduction_candidate,paper_exact_reconstructed_metadata,main,9,1.75,min_variance,412,0.4376094042770623,2.777977382087547,16.08645127663074,2.974552955481937e-14
final_reproduction_candidate,paper_exact_reconstructed_metadata,main,9,1.75,min_variance,413,0.4402372659992309,3.081190108628156,21.784312673587838,4.763787072324093e-14
final_reproduction_candidate,paper_exact_reconstructed_metadata,main,9,1.75,min_variance,414,0.4462746794881163,2.9603148867039093,19.30404938705345,1.8538697966557018e-14
final_reproduction_candidate,paper_exact_reconstructed_metadata,main,9,1.75,min_variance,415,0.4496906988311566,3.0154467242015883,20.398201275672825,6.432867291302462e-14
final_reproduction_candidate,paper_exact_reconstructed_metadata,main,9,1.75,min_variance,416,0.45031880865429547,2.81479199319851,16.689703847335895,2.6529347380534575e-14
final_reproduction_candidate,paper_exact_reconstructed_metadata,main,9,1.75,min_variance,417,0.45228667002286144,2.8657682620103166,17.562540655765492,4.885710146833939e-14
final_reproduction_candidate,paper_exact_reconstructed_metadata,main,9,1.75,min_variance,418,0.473231139084398,2.9676967032628667,19.447075585582034,3.959265048157359e-14
final_reproduction_candidate,paper_exact_reconstructed_metadata,main,9,1.75,min_variance,419,0.47503602333740375,2.717115344150221,15.136595338448615,4.717418579570822e-14
final_reproduction_candidate,paper_exact_reconstructed_metadata,main,9,1.75,min_variance,420,0.47789668109551603,2.9172881633014254,18.49107463124258,1.4312132315883202e-14
final_reproduction_candidate,paper_exact_reconstructed_metadata,main,9,1.75,min_variance,421,0.479136679154621,2.7380559229685186,15.456906451401984,4.9732611018498296e-15
final_reproduction_candidate,paper_exact_reconstructed_metadata,main,9,1.75,min_variance,422,0.48083276056703217,2.8590639468229004,17.445189666283763,1.3610184443762208e-14
final_reproduction_candidate,paper_exact_reconstructed_metadata,main,9,1.75,min_variance,423,0.49427578714925613,2.9995569145219947,20.076639284811808,7.813586401713947e-15
final_reproduction_candidate,paper_exact_reconstructed_metadata,main,9,1.75,min_variance,424,0.4955106333498833,2.667551164551295,14.404651345812665,6.001913685246649e-14
final_reproduction_candidate,paper_exact_reconstructed_metadata,main,9,1.75,min_variance,425,0.4985292217206483,3.0113698515316645,20.3152096943807,1.1356393562607893e-13
final_reproduction_candidate,paper_exact_reconstructed_metadata,main,9,1.75,min_variance,426,0.49896118471634743,2.7515257424481483,15.666516728081293,6.655969916091574e-15
final_reproduction_candidate,paper_exact_reconstructed_metadata,main,9,1.75,min_variance,427,0.49918117083280733,2.962632419210126,19.348839029688996,5.479861747892381e-14
final_reproduction_candidate,paper_exact_reconstructed_metadata,main,9,1.75,min_variance,428,0.5006785280234287,3.0263808287706593,20.62246114761594,1.432606882577448e-14
final_reproduction_candidate,paper_exact_reconstructed_metadata,main,9,1.75,min_variance,429,0.5032502164496714,3.010064450464465,20.28870749972534,7.006561249648961e-15
final_reproduction_candidate,paper_exact_reconstructed_metadata,main,9,1.75,min_variance,430,0.5040435955932656,2.998248152471248,20.050380927927886,1.654251456281166e-14
final_reproduction_candidate,paper_exact_reconstructed_metadata,main,9,1.75,min_variance,431,0.5040936908538436,2.947065260851701,19.04996493429705,1.2064925605382923e-14
final_reproduction_candidate,paper_exact_reconstructed_metadata,main,9,1.75,min_variance,432,0.514799847803517,2.8833196153536558,17.87350797835062,7.324078563679657e-15
final_reproduction_candidate,paper_exact_reconstructed_metadata,main,9,1.75,min_variance,433,0.5228604644509244,2.8301257246693394,16.94759142093144,3.606688687126339e-14
final_reproduction_candidate,paper_exact_reconstructed_metadata,main,9,1.75,min_variance,434,0.5292931191497887,2.32281992500814,10.204409440944676,2.33734590083262e-14
final_reproduction_candidate,paper_exact_reconstructed_metadata,main,9,1.75,min_variance,435,0.5455983661796887,2.728582318643803,15.311165272738462,1.5290321879259761e-15
final_reproduction_candidate,paper_exact_reconstructed_metadata,main,9,1.75,min_variance,436,0.5490211056464922,2.5246996444502052,12.487144117259492,8.256027036075682e-15
final_reproduction_candidate,paper_exact_reconstructed_metadata,main,9,1.75,min_variance,437,0.552138001998884,2.891502010773592,18.020356053370612,1.5264936768692438e-15
final_reproduction_candidate,paper_exact_reconstructed_metadata,main,9,1.75,min_variance,438,0.5529996744827284,2.803368348006693,16.50013145767628,2.4607954129528733e-15
final_reproduction_candidate,paper_exact_reconstructed_metadata,main,9,1.75,min_variance,439,0.5552542448301544,2.547597654080211,12.77637361617081,8.274554107008103e-15
final_reproduction_candidate,paper_exact_reconstructed_metadata,main,9,1.75,min_variance,440,0.560210775654761,2.553765477855476,12.855419557250682,8.015721462247088e-15
final_reproduction_candidate,paper_exact_reconstructed_metadata,main,9,1.75,min_variance,441,0.563715989808179,2.672617658696453,14.477817619256383,4.956071882787214e-15
final_reproduction_candidate,paper_exact_reconstructed_metadata,main,9,1.75,min_variance,442,0.5653908163925332,2.905017545660017,18.265564130775928,4.230083879079037e-15
final_reproduction_candidate,paper_exact_reconstructed_metadata,main,9,1.75,min_variance,443,0.5661010741558348,2.4869686046260298,12.024768985545373,4.661556284723089e-15
final_reproduction_candidate,paper_exact_reconstructed_metadata,main,9,1.75,min_variance,444,0.5677312266138101,2.811818279248936,16.64014716241248,2.731210385949873e-15
final_reproduction_candidate,paper_exact_reconstructed_metadata,main,9,1.75,min_variance,445,0.5700561553674652,2.715015562632014,15.10484514121281,6.105324014887533e-15
final_reproduction_candidate,paper_exact_reconstructed_metadata,main,9,1.75,min_variance,446,0.5763134678461088,2.76079411794217,15.81239487022267,1.0476499699157554e-15
final_reproduction_candidate,paper_exact_reconstructed_metadata,main,9,1.75,min_variance,447,0.5837822408842285,2.67773787571619,14.552137291497003,2.0529466978417994e-15
final_reproduction_candidate,paper_exact_reconstructed_metadata,main,9,1.75,min_variance,448,0.5861979417952429,2.6189479053960643,13.721279903804788,4.056336025836584e-15
final_reproduction_candidate,paper_exact_reconstructed_metadata,main,9,1.75,min_variance,449,0.5866721986751062,2.673603549561909,14.492098205792146,4.319259694777404e-15
final_reproduction_candidate,paper_exact_reconstructed_metadata,main,9,1.75,min_variance,450,0.5925456392840368,2.674469761300758,14.50465686982441,2.1406291634673663e-15
final_reproduction_candidate,paper_exact_reconstructed_metadata,main,9,1.75,min_variance,451,0.5991331457776964,2.7064651599020824,14.976243214713605,1.7231438156785978e-15
final_reproduction_candidate,paper_exact_reconstructed_metadata,main,9,1.75,min_variance,452,0.6029396642354615,2.485465515701372,12.006708265296265,1.958073722944834e-15
final_reproduction_candidate,paper_exact_reconstructed_metadata,main,9,1.75,min_variance,453,0.6045191739539039,2.921409965502468,18.567448474166362,2.073210218051123e-15
final_reproduction_candidate,paper_exact_reconstructed_metadata,main,9,1.75,min_variance,454,0.6232996849924961,2.8612015700868327,17.482520795287865,2.2976323444233673e-15
final_reproduction_candidate,paper_exact_reconstructed_metadata,main,9,1.75,min_variance,455,0.6340297328406099,2.4968417224631283,12.144078958235555,1.5883118586471353e-15
final_reproduction_candidate,paper_exact_reconstructed_metadata,main,9,1.75,min_variance,456,0.6483524055893677,2.7380025616715264,15.456081672832074,4.2211665331690753e-16
final_reproduction_candidate,paper_exact_reconstructed_metadata,main,9,1.75,min_variance,457,0.6499166882170478,2.8510707240423785,17.30630219755009,5.752979223371554e-16
final_reproduction_candidate,paper_exact_reconstructed_metadata,main,9,1.75,min_variance,458,0.6543475828431837,2.6967906122719816,14.832053446444185,4.55375651220589e-15
final_reproduction_candidate,paper_exact_reconstructed_metadata,main,9,1.75,min_variance,459,0.6587130529911431,2.7511195164034437,15.660153873422685,4.585727619510038e-15
final_reproduction_candidate,paper_exact_reconstructed_metadata,main,9,1.75,min_variance,460,0.6595114920242449,2.543496625420259,12.724084634391962,5.317155548289558e-16
final_reproduction_candidate,paper_exact_reconstructed_metadata,main,9,1.75,min_variance,461,0.6637315991060562,2.720485382950209,15.187692303055849,9.065237757280144e-16
final_reproduction_candidate,paper_exact_reconstructed_metadata,main,9,1.75,min_variance,462,0.6797187988576243,2.5486370542744505,12.789660285276168,6.370425167703429e-16
final_reproduction_candidate,paper_exact_reconstructed_metadata,main,9,1.75,min_variance,463,0.6799430311462389,2.442431756702229,11.500974336602747,6.680810956752614e-16
final_reproduction_candidate,paper_exact_reconstructed_metadata,main,9,1.75,min_variance,464,0.6800846240137829,2.81591541211841,16.708463912138345,1.7683333040665398e-15
final_reproduction_candidate,paper_exact_reconstructed_metadata,main,9,1.75,min_variance,465,0.6995764710216238,2.6051067309415608,13.532669580237858,3.811803566462556e-16
final_reproduction_candidate,paper_exact_reconstructed_metadata,main,9,1.75,min_variance,466,0.7022431476722063,2.681942825374956,14.613457129298004,1.706437595021456e-16
final_reproduction_candidate,paper_exact_reconstructed_metadata,main,9,1.75,min_variance,467,0.7038429224572798,2.5622382932920287,12.964803896800767,8.59535876825607e-17
final_reproduction_candidate,paper_exact_reconstructed_metadata,main,9,1.75,min_variance,468,0.7155331923962482,2.6247318173822296,13.800872535606011,5.77464092740402e-16
final_reproduction_candidate,paper_exact_reconstructed_metadata,main,9,1.75,min_variance,469,0.7169202230486652,2.6015812858102456,13.48504489458691,2.3189285781178365e-16
final_reproduction_candidate,paper_exact_reconstructed_metadata,main,9,1.75,min_variance,470,0.7228203121909672,2.5591778395344633,12.925186368727754,1.1048013510678916e-16
final_reproduction_candidate,paper_exact_reconstructed_metadata,main,9,1.75,min_variance,471,0.7497572037723201,2.8879429408817416,17.956334343151397,2.7357047360677585e-15
final_reproduction_candidate,paper_exact_reconstructed_metadata,main,9,1.75,min_variance,472,0.7534730377486748,2.6381888572065484,13.987846664460234,1.0312023188962543e-15
final_reproduction_candidate,paper_exact_reconstructed_metadata,main,9,1.75,min_variance,473,0.7632160395856471,2.6068748304863814,13.556617852388552,8.349302791646509e-16
final_reproduction_candidate,paper_exact_reconstructed_metadata,main,9,1.75,min_variance,474,0.7793683738616607,2.3650420084207604,10.644485966163183,4.5202613628741994e-17
final_reproduction_candidate,paper_exact_reconstructed_metadata,main,9,1.75,min_variance,475,0.7798785696636127,2.5141026276114773,12.355516303639135,4.7824594236138946e-17
final_reproduction_candidate,paper_exact_reconstructed_metadata,main,9,1.75,min_variance,476,0.7813814891770186,2.635527184735442,13.950665102584281,2.0876962897489343e-16
final_reproduction_candidate,paper_exact_reconstructed_metadata,main,9,1.75,min_variance,477,0.7890379534956343,2.671387940062238,14.46002491939669,2.5540676807186305e-17
final_reproduction_candidate,paper_exact_reconstructed_metadata,main,9,1.75,min_variance,478,0.793133491864902,2.5991459954188603,13.452244849355651,1.7648355002345465e-16
final_reproduction_candidate,paper_exact_reconstructed_metadata,main,9,1.75,min_variance,479,0.8090807757175028,2.599734683524932,13.460166357318423,1.2981487550432686e-16
final_reproduction_candidate,paper_exact_reconstructed_metadata,main,9,1.75,min_variance,480,0.8124591939806609,2.553229017606213,12.848524985167897,7.727679207948832e-17
final_reproduction_candidate,paper_exact_reconstructed_metadata,main,9,1.75,min_variance,481,0.8222148548757091,2.5661169912775037,13.015188104954461,7.034357393802367e-16
final_reproduction_candidate,paper_exact_reconstructed_metadata,main,9,1.75,min_variance,482,0.8254027555639144,2.500962395239214,12.194223978444258,5.377243021186421e-16
final_reproduction_candidate,paper_exact_reconstructed_metadata,main,9,1.75,min_variance,483,0.872613468758976,2.345766119696233,10.441268925913086,4.9376112456422755e-17
final_reproduction_candidate,paper_exact_reconstructed_metadata,main,9,1.75,min_variance,484,0.8731169083017413,2.3826739975334466,10.833833810940357,6.445761265423547e-17
final_reproduction_candidate,paper_exact_reconstructed_metadata,main,9,1.75,min_variance,485,0.8768862557976719,2.598931472007713,13.449359337418974,8.656889189478331e-17
final_reproduction_candidate,paper_exact_reconstructed_metadata,main,9,1.75,min_variance,486,0.87890647264274,2.368729230401268,10.683806996923856,8.599553648401453e-17
final_reproduction_candidate,paper_exact_reconstructed_metadata,main,9,1.75,min_variance,487,0.8789502196505186,2.4351877785692886,11.417962560750192,1.1657106545060055e-16
final_reproduction_candidate,paper_exact_reconstructed_metadata,main,9,1.75,min_variance,488,0.8805957587424303,2.432713241561022,11.389743319013276,1.2664740926423776e-16
final_reproduction_candidate,paper_exact_reconstructed_metadata,main,9,1.75,min_variance,489,0.8836091482936245,2.4636777632668077,11.747938322344645,1.7101051489971389e-16
final_reproduction_candidate,paper_exact_reconstructed_metadata,main,9,1.75,min_variance,490,0.9239654044566917,2.5235807236918566,12.473179806429753,1.743076727078901e-16
final_reproduction_candidate,paper_exact_reconstructed_metadata,main,9,1.75,min_variance,491,0.9270736351738194,2.411572428347178,11.151482272935127,7.736046822160742e-17
final_reproduction_candidate,paper_exact_reconstructed_metadata,main,9,1.75,min_variance,492,0.9288213159237684,2.3500059564940265,10.485632182147018,4.8011205579999554e-17
final_reproduction_candidate,paper_exact_reconstructed_metadata,main,9,1.75,min_variance,493,0.9473091831381253,1.9154092715411744,6.789717066395134,2.8692525692102554e-17
final_reproduction_candidate,paper_exact_reconstructed_metadata,main,9,1.75,min_variance,494,0.9511849207482723,2.1901270505140022,8.936348410236105,2.603451198952596e-17
final_reproduction_candidate,paper_exact_reconstructed_metadata,main,9,1.75,min_variance,495,0.963447576170391,1.9690430571454478,7.163817842908051,2.3281331420288294e-17
final_reproduction_candidate,paper_exact_reconstructed_metadata,main,9,1.75,min_variance,496,0.9744845398751113,2.2919503091413187,9.894215655296662,3.4457396658505836e-17
final_reproduction_candidate,paper_exact_reconstructed_metadata,main,9,1.75,min_variance,497,0.9858572005445847,2.1841174600436655,8.882805662126795,1.6510553999606666e-17
final_reproduction_candidate,paper_exact_reconstructed_metadata,main,9,1.75,min_variance,498,1.0014609048737706,2.1879190986580626,8.916639149734523,2.825436446421059e-17
final_reproduction_candidate,paper_exact_reconstructed_metadata,main,9,1.75,min_variance,499,1.0441811388510986,2.0714379066539035,7.936226470255027,6.362194643101455e-18
final_reproduction_candidate,paper_exact_reconstructed_metadata,main,9,1.75,min_variance,500,1.04858293435401,2.1304183228317206,8.418387678731486,1.0407711529592279e-17
final_reproduction_candidate,paper_exact_reconstructed_metadata,main,9,1.75,min_variance,501,1.0769186732465945,2.1795220991488176,8.842079611469622,1.0549183683384654e-17
final_reproduction_candidate,paper_exact_reconstructed_metadata,main,9,1.75,min_variance,502,1.1287486020255821,1.8487815088683068,6.352074858274994,6.195087247721488e-18
final_reproduction_candidate,paper_exact_reconstructed_metadata,main,9,1.75,min_variance,503,1.138322001182071,1.7504825500002732,5.7573802296289625,3.841093974750631e-18
final_reproduction_candidate,paper_exact_reconstructed_metadata,main,9,1.75,min_variance,504,1.1904050140400209,1.6229837943869398,5.068190215380896,1.5288508489032594e-18
final_reproduction_candidate,paper_exact_reconstructed_metadata,main,9,1.75,min_variance,505,1.200014913565501,1.5764589644931097,4.837794642411426,6.009121831942085e-19
final_reproduction_candidate,paper_exact_reconstructed_metadata,main,9,1.75,min_variance,506,1.2407925865071454,1.5296996297496521,4.616789867681897,7.695486159131744e-20
final_reproduction_candidate,paper_exact_reconstructed_metadata,main,9,1.75,min_variance,507,1.2463796033325512,1.6341543123384596,5.125121911434154,1.3350818228911188e-19
final_reproduction_candidate,paper_exact_reconstructed_metadata,main,9,1.75,min_variance,508,1.2475748130480673,1.629615003145731,5.101910121031702,9.072659337516784e-20
final_reproduction_candidate,paper_exact_reconstructed_metadata,main,9,1.75,min_variance,509,1.247999896762948,1.6654195994848597,5.287891580906255,2.3331609272837836e-19
final_reproduction_candidate,paper_exact_reconstructed_metadata,main,9,1.75,min_variance,510,1.281520586876785,1.9451232270197758,6.994493712544849,3.125921339436883e-19
final_reproduction_candidate,paper_exact_reconstructed_metadata,main,9,1.75,min_variance,511,1.7257806472614283,1.3680948589903792,3.9278604347402677,1.3013205940334245e-21
