artifact_state,parameter_match,group,length,beta,decomposition,representative_index,energy_density,diagonal_entropy,participation_number,population
final_reproduction_candidate,paper_exact_reconstructed_metadata,supplemental,9,0.25,eigen,0,-1.2491871529656102,1.5901126180483114,4.904301210058201,0.011782592286245194
final_reproduction_candidate,paper_exact_reconstructed_metadata,supplemental,9,0.25,eigen,1,-1.2084655298339986,2.0058649044450787,7.432519536760439,0.011453177159849025
final_reproduction_candidate,paper_exact_reconstructed_metadata,supplemental,9,0.25,eigen,2,-1.208465529833997,2.005864904445081,7.432519536760456,0.011453177159848994
final_reproduction_candidate,paper_exact_reconstructed_metadata,supplemental,9,0.25,eigen,3,-1.120887449248052,1.9988302722025468,7.380417967730818,0.010684441743307337
final_reproduction_candidate,paper_exact_reconstructed_metadata,supplemental,9,0.25,eigen,4,-1.1208874492480525,1.9988302722025446,7.380417967730802,0.010684441743307332
final_reproduction_candidate,paper_exact_reconstructed_metadata,supplemental,9,0.25,eigen,5,-1.031398949921015,2.51650321521507,12.385212432732205,0.00981371279205896
final_reproduction_candidate,paper_exact_reconstructed_metadata,supplemental,9,0.25,eigen,6,-1.0313989499210168,2.516503215215069,12.385212432732192,0.00981371279205896
final_reproduction_candidate,paper_exact_reconstructed_metadata,supplemental,9,0.25,eigen,7,-0.9492051626786844,2.569512117826143,13.059451412872889,0.00900595772283866
final_reproduction_candidate,paper_exact_reconstructed_metadata,supplemental,9,0.25,eigen,8,-0.9492051626786822,2.5695121178261213,13.059451412872605,0.009005957722838642
final_reproduction_candidate,paper_exact_reconstructed_metadata,supplemental,9,0.25,eigen,9,-0.8811597088443147,2.783456254355228,16.174828771842982,0.00833288495955066
final_reproduction_candidate,paper_exact_reconstructed_metadata,supplemental,9,0.25,eigen,10,-0.8811597088443128,2.7834562543552233,16.174828771842904,0.00833288495955065
final_reproduction_candidate,paper_exact_reconstructed_metadata,supplemental,9,0.25,eigen,11,-0.8251650582986151,3.122970705549347,22.71375539606574,0.007808285273554698
final_reproduction_candidate,paper_exact_reconstructed_metadata,supplemental,9,0.25,eigen,12,-0.8251650582986145,3.122970705549348,22.71375539606576,0.007808285273554695
final_reproduction_candidate,paper_exact_reconstructed_metadata,supplemental,9,0.25,eigen,13,-0.7858600402144443,3.1451056822759513,23.222129511107088,0.007439889337991106
final_reproduction_candidate,paper_exact_reconstructed_metadata,supplemental,9,0.25,eigen,14,-0.7858600402144443,3.1451056822759567,23.222129511107212,0.007439889337991095
final_reproduction_candidate,paper_exact_reconstructed_metadata,supplemental,9,0.25,eigen,15,-0.7604995751993388,3.2419812157455494,25.58435970471534,0.007219189663619068
final_reproduction_candidate,paper_exact_reconstructed_metadata,supplemental,9,0.25,eigen,16,-0.7604995751993386,3.241981215745538,25.584359704715045,0.007219189663619062
final_reproduction_candidate,paper_exact_reconstructed_metadata,supplemental,9,0.25,eigen,17,-0.7531748199286921,2.5525469617864247,12.839764561814548,0.007147719637414905
final_reproduction_candidate,paper_exact_reconstructed_metadata,supplemental,9,0.25,eigen,18,-1.045047296086003,2.134694830663043,8.45446606934167,0.005876457233461023
final_reproduction_candidate,paper_exact_reconstructed_metadata,supplemental,9,0.25,eigen,19,-1.0006319302872326,2.699579379287473,14.873474317602314,0.005622229365722686
final_reproduction_candidate,paper_exact_reconstructed_metadata,supplemental,9,0.25,eigen,20,-1.000631930287231,2.6995793792874716,14.873474317602295,0.005622229365722682
final_reproduction_candidate,paper_exact_reconstructed_metadata,supplemental,9,0.25,eigen,21,-0.8733650095166358,2.756827529585233,15.749797839236495,0.004953288779712804
final_reproduction_candidate,paper_exact_reconstructed_metadata,supplemental,9,0.25,eigen,22,-0.873365009516635,3.140529042541223,23.116093020952004,0.004953288779712802
final_reproduction_candidate,paper_exact_reconstructed_metadata,supplemental,9,0.25,eigen,23,-0.8733650095166356,3.1820428645118364,24.09592802280984,0.004953288779712802
final_reproduction_candidate,paper_exact_reconstructed_metadata,supplemental,9,0.25,eigen,24,-0.8733650095166342,3.1082788034051205,22.38248656779455,0.004953288779712797
final_reproduction_candidate,paper_exact_reconstructed_metadata,supplemental,9,0.25,eigen,25,-0.8235653503742495,3.1091188278168747,22.401296302119185,0.004817435675378087
final_reproduction_candidate,paper_exact_reconstructed_metadata,supplemental,9,0.25,eigen,26,-0.8235653503742477,3.1091188278168804,22.401296302119317,0.004817435675378086
final_reproduction_candidate,paper_exact_reconstructed_metadata,supplemental,9,0.25,eigen,27,-0.8503926892105285,3.056377035771338,21.250427987829287,0.004773870146137158
final_reproduction_candidate,paper_exact_reconstructed_metadata,supplemental,9,0.25,eigen,28,-0.8503926892105287,3.05637703577132,21.25042798782891,0.004773870146137156
final_reproduction_candidate,paper_exact_reconstructed_metadata,supplemental,9,0.25,eigen,29,-0.7450653057990785,3.2686242070598994,26.275165278070467,0.004491636824809834
final_reproduction_candidate,paper_exact_reconstructed_metadata,supplemental,9,0.25,eigen,30,-0.7450653057990775,3.2686242070599643,26.27516527807217,0.004491636824809832
final_reproduction_candidate,paper_exact_reconstructed_metadata,supplemental,9,0.25,eigen,31,-0.7493249051365667,3.504415457365531,33.2619951143974,0.004294567332490707
final_reproduction_candidate,paper_exact_reconstructed_metadata,supplemental,9,0.25,eigen,32,-0.7493249051365666,3.3646950314159096,28.924674836701392,0.004294567332490705
final_reproduction_candidate,paper_exact_reconstructed_metadata,supplemental,9,0.25,eigen,33,-0.7493249051365651,3.2566154481166283,25.96152016555517,0.004294567332490704
final_reproduction_candidate,paper_exact_reconstructed_metadata,supplemental,9,0.25,eigen,34,-0.7493249051365665,3.6417943534185695,38.16024830176437,0.004294567332490699
final_reproduction_candidate,paper_exact_reconstructed_metadata,supplemental,9,0.25,eigen,35,-0.7550930205806606,3.1650287801333095,23.68942580785303,0.004262277203346288
final_reproduction_candidate,paper_exact_reconstructed_metadata,supplemental,9,0.25,eigen,36,-0.7550930205806594,3.1650287801332904,23.68942580785258,0.004262277203346285
final_reproduction_candidate,paper_exact_reconstructed_metadata,supplemental,9,0.25,eigen,37,-0.7016827229472656,2.687530467042511,14.695340445530674,0.004175146480352833
final_reproduction_candidate,paper_exact_reconstructed_metadata,supplemental,9,0.25,eigen,38,-0.7224078002949066,2.9549262092179593,19.200305861973302,0.004094894572005872
final_reproduction_candidate,paper_exact_reconstructed_metadata,supplemental,9,0.25,eigen,39,-0.6733261092975469,4.020951003898347,55.75410299184014,0.004090514786151461
final_reproduction_candidate,paper_exact_reconstructed_metadata,supplemental,9,0.25,eigen,40,-0.6733261092975472,3.8038165816114833,44.872116191951676,0.004090514786151457
final_reproduction_candidate,paper_exact_reconstructed_metadata,supplemental,9,0.25,eigen,41,-0.6733261092975453,3.843354315816354,46.68179760662984,0.004090514786151457
final_reproduction_candidate,paper_exact_reconstructed_metadata,supplemental,9,0.25,eigen,42,-0.6733261092975463,3.8762627095634317,48.243577473296725,0.0040905147861514555
final_reproduction_candidate,paper_exact_reconstructed_metadata,supplemental,9,0.25,eigen,43,-0.673326109297546,4.182070847305806,65.50135616957078,0.004090514786151455
final_reproduction_candidate,paper_exact_reconstructed_metadata,supplemental,9,0.25,eigen,44,-0.6733261092975441,3.9387912242837673,51.35648529363589,0.004090514786151455
final_reproduction_candidate,paper_exact_reconstructed_metadata,supplemental,9,0.25,eigen,45,-0.6733261092975448,4.1369847073408,62.613737777275034,0.004090514786151454
final_reproduction_candidate,paper_exact_reconstructed_metadata,supplemental,9,0.25,eigen,46,-0.6733261092975453,4.077283697864732,58.985030882839155,0.0040905147861514495
final_reproduction_candidate,paper_exact_reconstructed_metadata,supplemental,9,0.25,eigen,47,-0.6846594220372905,3.900841339770665,49.44403084046177,0.00397056395998181
final_reproduction_candidate,paper_exact_reconstructed_metadata,supplemental,9,0.25,eigen,48,-0.6846594220372899,3.9675417829005246,52.85444331715261,0.00397056395998181
final_reproduction_candidate,paper_exact_reconstructed_metadata,supplemental,9,0.25,eigen,49,-0.6846594220372895,3.4743056151500604,32.2754091985141,0.003970563959981809
final_reproduction_candidate,paper_exact_reconstructed_metadata,supplemental,9,0.25,eigen,50,-0.6846594220372905,3.662241302753394,38.948540587848946,0.0039705639599818075
final_reproduction_candidate,paper_exact_reconstructed_metadata,supplemental,9,0.25,eigen,51,-0.6210252014190079,3.4438560506629297,31.307448818756207,0.0038943089400006754
final_reproduction_candidate,paper_exact_reconstructed_metadata,supplemental,9,0.25,eigen,52,-0.6210252014190087,3.4438560506629305,31.30744881875623,0.003894308940000674
final_reproduction_candidate,paper_exact_reconstructed_metadata,supplemental,9,0.25,eigen,53,-0.5733830192297081,3.1732521188483864,23.885035158900205,0.0037860182424525025
final_reproduction_candidate,paper_exact_reconstructed_metadata,supplemental,9,0.25,eigen,54,-0.5733830192297082,3.173252118848389,23.88503515890027,0.0037860182424525025
final_reproduction_candidate,paper_exact_reconstructed_metadata,supplemental,9,0.25,eigen,55,-0.5780264406676772,4.2869147888149906,72.74169844472081,0.0036521537849268774
final_reproduction_candidate,paper_exact_reconstructed_metadata,supplemental,9,0.25,eigen,56,-0.5780264406676775,4.084499563692889,59.412198289402,0.003652153784926877
final_reproduction_candidate,paper_exact_reconstructed_metadata,supplemental,9,0.25,eigen,57,-0.5780264406676772,4.064907679136078,58.25952970415324,0.003652153784926877
final_reproduction_candidate,paper_exact_reconstructed_metadata,supplemental,9,0.25,eigen,58,-0.5780264406676785,4.44372670250752,85.09146208391398,0.003652153784926876
final_reproduction_candidate,paper_exact_reconstructed_metadata,supplemental,9,0.25,eigen,59,-0.5780264406676772,4.006947136152041,54.97877139848105,0.0036521537849268757
final_reproduction_candidate,paper_exact_reconstructed_metadata,supplemental,9,0.25,eigen,60,-0.5780264406676769,4.389834281981819,80.6270565172893,0.003652153784926875
final_reproduction_candidate,paper_exact_reconstructed_metadata,supplemental,9,0.25,eigen,61,-0.5780264406676774,4.471948957121753,87.52714353809439,0.0036521537849268735
final_reproduction_candidate,paper_exact_reconstructed_metadata,supplemental,9,0.25,eigen,62,-0.5780264406676766,4.347359406355658,77.27414366927344,0.003652153784926872
final_reproduction_candidate,paper_exact_reconstructed_metadata,supplemental,9,0.25,eigen,63,-0.5776426185671977,3.3444248238842316,28.344268031231437,0.0036199075968121634
final_reproduction_candidate,paper_exact_reconstructed_metadata,supplemental,9,0.25,eigen,64,-0.5776426185671952,4.071801279290673,58.66253509016616,0.003619907596812162
final_reproduction_candidate,paper_exact_reconstructed_metadata,supplemental,9,0.25,eigen,65,-0.5776426185671962,3.709224390352543,40.82213220555509,0.0036199075968121604
final_reproduction_candidate,paper_exact_reconstructed_metadata,supplemental,9,0.25,eigen,66,-0.5776426185671941,4.021660505058376,55.79367462899049,0.003619907596812159
final_reproduction_candidate,paper_exact_reconstructed_metadata,supplemental,9,0.25,eigen,67,-0.5563597183197326,3.663173094064977,38.984849413064424,0.0036005030376910765
final_reproduction_candidate,paper_exact_reconstructed_metadata,supplemental,9,0.25,eigen,68,-0.5563597183197334,3.6631730940649785,38.98484941306448,0.0036005030376910756
final_reproduction_candidate,paper_exact_reconstructed_metadata,supplemental,9,0.25,eigen,69,-0.5453412203819243,3.7142111186911144,41.026209505185285,0.0035087311304592187
final_reproduction_candidate,paper_exact_reconstructed_metadata,supplemental,9,0.25,eigen,70,-0.5453412203819251,3.811511892434039,45.21875310210953,0.0035087311304592187
final_reproduction_candidate,paper_exact_reconstructed_metadata,supplemental,9,0.25,eigen,71,-0.5453412203819248,3.9453154233416554,51.692640606317305,0.0035087311304592183
final_reproduction_candidate,paper_exact_reconstructed_metadata,supplemental,9,0.25,eigen,72,-0.5453412203819247,3.444013586993526,31.312381267873217,0.003508731130459216
final_reproduction_candidate,paper_exact_reconstructed_metadata,supplemental,9,0.25,eigen,73,-0.4962595293845628,3.502990572688491,33.21463435705286,0.0035049782887921358
final_reproduction_candidate,paper_exact_reconstructed_metadata,supplemental,9,0.25,eigen,74,-0.49625952938456336,3.502990572688537,33.21463435705439,0.0035049782887921358
final_reproduction_candidate,paper_exact_reconstructed_metadata,supplemental,9,0.25,eigen,75,-0.5230868682208437,3.7076769133383425,40.75900974716959,0.0034732817090309107
final_reproduction_candidate,paper_exact_reconstructed_metadata,supplemental,9,0.25,eigen,76,-0.5230868682208446,3.7076769133383447,40.759009747169685,0.0034732817090309103
final_reproduction_candidate,paper_exact_reconstructed_metadata,supplemental,9,0.25,eigen,77,-0.512977135467921,4.257015446477251,70.59896232727652,0.0033468038872336986
final_reproduction_candidate,paper_exact_reconstructed_metadata,supplemental,9,0.25,eigen,78,-0.5129771354679213,4.0293571325573065,56.22475456221381,0.003346803887233698
final_reproduction_candidate,paper_exact_reconstructed_metadata,supplemental,9,0.25,eigen,79,-0.5129771354679215,4.2049703713533075,67.01861196611227,0.003346803887233698
final_reproduction_candidate,paper_exact_reconstructed_metadata,supplemental,9,0.25,eigen,80,-0.5129771354679211,4.120766166337091,61.60642495617537,0.0033468038872336947
final_reproduction_candidate,paper_exact_reconstructed_metadata,supplemental,9,0.25,eigen,81,-0.4493429148496394,4.478860686076675,88.13420292871062,0.0032825282327256376
final_reproduction_candidate,paper_exact_reconstructed_metadata,supplemental,9,0.25,eigen,82,-0.44934291484964006,4.310433254888647,74.47274763370581,0.0032825282327256368
final_reproduction_candidate,paper_exact_reconstructed_metadata,supplemental,9,0.25,eigen,83,-0.44934291484963906,4.425532474415626,83.5572874965172,0.0032825282327256368
final_reproduction_candidate,paper_exact_reconstructed_metadata,supplemental,9,0.25,eigen,84,-0.449342914849638,3.891200588237983,48.96964362328515,0.0032825282327256368
final_reproduction_candidate,paper_exact_reconstructed_metadata,supplemental,9,0.25,eigen,85,-0.4493429148496382,4.563830742025389,95.95033770349698,0.0032825282327256368
final_reproduction_candidate,paper_exact_reconstructed_metadata,supplemental,9,0.25,eigen,86,-0.44934291484963906,3.8759108419137753,48.226605105268916,0.0032825282327256355
final_reproduction_candidate,paper_exact_reconstructed_metadata,supplemental,9,0.25,eigen,87,-0.4493429148496393,4.371236904327335,79.14146160030296,0.0032825282327256355
final_reproduction_candidate,paper_exact_reconstructed_metadata,supplemental,9,0.25,eigen,88,-0.44934291484963956,4.108007007558623,60.825372182564315,0.0032825282327256337
final_reproduction_candidate,paper_exact_reconstructed_metadata,supplemental,9,0.25,eigen,89,-0.4536025141871277,2.7075308885203255,14.992212333563332,0.003138508090942724
final_reproduction_candidate,paper_exact_reconstructed_metadata,supplemental,9,0.25,eigen,90,-0.4009598607546941,3.5823757118926336,35.95886736015801,0.003129366447185545
final_reproduction_candidate,paper_exact_reconstructed_metadata,supplemental,9,0.25,eigen,91,-0.4009598607546944,3.5823757118926256,35.958867360157726,0.003129366447185545
final_reproduction_candidate,paper_exact_reconstructed_metadata,supplemental,9,0.25,eigen,92,-0.42778719959097494,4.50341117367118,90.32471968921502,0.003101066639020545
final_reproduction_candidate,paper_exact_reconstructed_metadata,supplemental,9,0.25,eigen,93,-0.42778719959097455,5.02630704925328,152.36928017108247,0.003101066639020543
final_reproduction_candidate,paper_exact_reconstructed_metadata,supplemental,9,0.25,eigen,94,-0.42778719959097516,4.855891521283308,128.49519636761005,0.003101066639020543
final_reproduction_candidate,paper_exact_reconstructed_metadata,supplemental,9,0.25,eigen,95,-0.4277871995909748,4.613500157346765,100.83647621049704,0.003101066639020543
final_reproduction_candidate,paper_exact_reconstructed_metadata,supplemental,9,0.25,eigen,96,-0.427787199590975,4.7025303331174335,110.22572769390113,0.0031010666390205418
final_reproduction_candidate,paper_exact_reconstructed_metadata,supplemental,9,0.25,eigen,97,-0.42778719959097455,4.547013790519216,94.35023764008365,0.0031010666390205418
final_reproduction_candidate,paper_exact_reconstructed_metadata,supplemental,9,0.25,eigen,98,-0.42778719959097466,4.983769654892495,146.02380478531933,0.0031010666390205418
final_reproduction_candidate,paper_exact_reconstructed_metadata,supplemental,9,0.25,eigen,99,-0.4277871995909741,4.8310916714497685,125.34772452273278,0.0031010666390205405
final_reproduction_candidate,paper_exact_reconstructed_metadata,supplemental,9,0.25,eigen,100,-0.38467743175036373,4.759319437981823,116.66650008620746,0.003034878088853766
final_reproduction_candidate,paper_exact_reconstructed_metadata,supplemental,9,0.25,eigen,101,-0.3846774317503635,4.7149646146007695,111.60486192124037,0.0030348780888537646
final_reproduction_candidate,paper_exact_reconstructed_metadata,supplemental,9,0.25,eigen,102,-0.38467743175036406,4.6892549244197435,108.77210616805323,0.0030348780888537646
final_reproduction_candidate,paper_exact_reconstructed_metadata,supplemental,9,0.25,eigen,103,-0.3846774317503629,4.661043380817549,105.74635833844489,0.0030348780888537646
final_reproduction_candidate,paper_exact_reconstructed_metadata,supplemental,9,0.25,eigen,104,-0.3846774317503645,4.778776534354601,118.95871906972978,0.0030348780888537646
final_reproduction_candidate,paper_exact_reconstructed_metadata,supplemental,9,0.25,eigen,105,-0.3846774317503632,4.549253469231735,94.56178867358922,0.003034878088853764
final_reproduction_candidate,paper_exact_reconstructed_metadata,supplemental,9,0.25,eigen,106,-0.384677431750364,4.614741588003055,100.96173543757227,0.003034878088853764
final_reproduction_candidate,paper_exact_reconstructed_metadata,supplemental,9,0.25,eigen,107,-0.3846774317503642,4.714852625951378,111.59236414330601,0.003034878088853763
final_reproduction_candidate,paper_exact_reconstructed_metadata,supplemental,9,0.25,eigen,108,-0.36827464046894165,2.969217605763071,19.476675194815968,0.003006474020116964
final_reproduction_candidate,paper_exact_reconstructed_metadata,supplemental,9,0.25,eigen,109,-0.39510197930522284,4.527885082989038,92.56259172587492,0.0029792855653743445
final_reproduction_candidate,paper_exact_reconstructed_metadata,supplemental,9,0.25,eigen,110,-0.39510197930522284,4.359918716356317,78.25077365657079,0.0029792855653743445
final_reproduction_candidate,paper_exact_reconstructed_metadata,supplemental,9,0.25,eigen,111,-0.3951019793052229,4.512884408156784,91.18445273553246,0.0029792855653743445
final_reproduction_candidate,paper_exact_reconstructed_metadata,supplemental,9,0.25,eigen,112,-0.39510197930522245,4.342140707733378,76.87192364757053,0.002979285565374343
final_reproduction_candidate,paper_exact_reconstructed_metadata,supplemental,9,0.25,eigen,113,-0.3460202883078606,3.646144285272353,38.326604337796226,0.0029760990040243406
final_reproduction_candidate,paper_exact_reconstructed_metadata,supplemental,9,0.25,eigen,114,-0.3460202883078609,3.646144285272361,38.32660433779653,0.00297609900402434
final_reproduction_candidate,paper_exact_reconstructed_metadata,supplemental,9,0.25,eigen,115,-0.3889370310878518,4.372221775441615,79.2194441348444,0.0029017235379521123
final_reproduction_candidate,paper_exact_reconstructed_metadata,supplemental,9,0.25,eigen,116,-0.38893703108785155,4.256265310338242,70.54602335245983,0.0029017235379521123
final_reproduction_candidate,paper_exact_reconstructed_metadata,supplemental,9,0.25,eigen,117,-0.38893703108785244,4.4421215273490064,84.954984946934,0.0029017235379521123
final_reproduction_candidate,paper_exact_reconstructed_metadata,supplemental,9,0.25,eigen,118,-0.3889370310878513,4.3229275117579995,75.40906639555034,0.0029017235379521123
final_reproduction_candidate,paper_exact_reconstructed_metadata,supplemental,9,0.25,eigen,119,-0.3253028104695694,3.7496175521465456,42.50482301283086,0.0028459956895667458
final_reproduction_candidate,paper_exact_reconstructed_metadata,supplemental,9,0.25,eigen,120,-0.32530281046957055,3.749617552146548,42.504823012830954,0.0028459956895667445
final_reproduction_candidate,paper_exact_reconstructed_metadata,supplemental,9,0.25,eigen,121,-0.3324875309611058,3.957825709686171,52.34339240058945,0.0027687400865417625
final_reproduction_candidate,paper_exact_reconstructed_metadata,supplemental,9,0.25,eigen,122,-0.3324875309611055,3.9578257096861735,52.34339240058959,0.002768740086541762
final_reproduction_candidate,paper_exact_reconstructed_metadata,supplemental,9,0.25,eigen,123,-0.2776606282802703,3.769677971061334,43.36609744868541,0.0027668558824300734
final_reproduction_candidate,paper_exact_reconstructed_metadata,supplemental,9,0.25,eigen,124,-0.27766062828027155,3.769677971061335,43.36609744868545,0.0027668558824300734
final_reproduction_candidate,paper_exact_reconstructed_metadata,supplemental,9,0.25,eigen,125,-0.32427154798857694,3.3040496259664174,27.222657584113296,0.002682803181232578
final_reproduction_candidate,paper_exact_reconstructed_metadata,supplemental,9,0.25,eigen,126,-0.29980231067535335,4.245881551245874,69.81728053386897,0.002660009710953053
final_reproduction_candidate,paper_exact_reconstructed_metadata,supplemental,9,0.25,eigen,127,-0.29980231067535346,4.723404507319338,112.55078109595085,0.002660009710953053
final_reproduction_candidate,paper_exact_reconstructed_metadata,supplemental,9,0.25,eigen,128,-0.2998023106753536,4.05392370495929,57.62311014088819,0.0026600097109530526
final_reproduction_candidate,paper_exact_reconstructed_metadata,supplemental,9,0.25,eigen,129,-0.2998023106753537,4.727611593714627,113.02528940472116,0.0026600097109530517
final_reproduction_candidate,paper_exact_reconstructed_metadata,supplemental,9,0.25,eigen,130,-0.25072061967799364,4.907208026017565,135.26124086345223,0.002657164638216801
final_reproduction_candidate,paper_exact_reconstructed_metadata,supplemental,9,0.25,eigen,131,-0.25072061967799203,4.52101513111251,91.92887048480242,0.0026571646382167998
final_reproduction_candidate,paper_exact_reconstructed_metadata,supplemental,9,0.25,eigen,132,-0.2507206196779914,4.672188764471212,106.93153442471325,0.0026571646382167998
final_reproduction_candidate,paper_exact_reconstructed_metadata,supplemental,9,0.25,eigen,133,-0.2507206196779905,4.476079280492563,87.88940656134152,0.0026571646382167998
final_reproduction_candidate,paper_exact_reconstructed_metadata,supplemental,9,0.25,eigen,134,-0.25072061967799286,4.7711932564603545,118.06003384164545,0.002657164638216799
final_reproduction_candidate,paper_exact_reconstructed_metadata,supplemental,9,0.25,eigen,135,-0.25072061967799125,4.57358560444559,96.8909001169974,0.0026571646382167985
final_reproduction_candidate,paper_exact_reconstructed_metadata,supplemental,9,0.25,eigen,136,-0.2507206196779915,4.412222526626518,82.45251291813774,0.0026571646382167985
final_reproduction_candidate,paper_exact_reconstructed_metadata,supplemental,9,0.25,eigen,137,-0.25072061967799125,4.033464487449735,56.45616449897774,0.0026571646382167985
final_reproduction_candidate,paper_exact_reconstructed_metadata,supplemental,9,0.25,eigen,138,-0.2606373273702956,4.585199953745985,98.02278520578405,0.002631279716996209
final_reproduction_candidate,paper_exact_reconstructed_metadata,supplemental,9,0.25,eigen,139,-0.26063732737029366,4.77374125465434,118.36123416063343,0.0026312797169962088
final_reproduction_candidate,paper_exact_reconstructed_metadata,supplemental,9,0.25,eigen,140,-0.2606373273702941,4.8412676955725,126.62977803173172,0.0026312797169962088
final_reproduction_candidate,paper_exact_reconstructed_metadata,supplemental,9,0.25,eigen,141,-0.26063732737029516,4.665048343956572,106.17071781048041,0.002631279716996208
final_reproduction_candidate,paper_exact_reconstructed_metadata,supplemental,9,0.25,eigen,142,-0.26063732737029416,4.74652857839583,115.18373837929377,0.002631279716996208
final_reproduction_candidate,paper_exact_reconstructed_metadata,supplemental,9,0.25,eigen,143,-0.2606373273702941,4.953433788618673,141.6605621495296,0.0026312797169962075
final_reproduction_candidate,paper_exact_reconstructed_metadata,supplemental,9,0.25,eigen,144,-0.26063732737029477,4.670346704814083,106.734741466905,0.0026312797169962075
final_reproduction_candidate,paper_exact_reconstructed_metadata,supplemental,9,0.25,eigen,145,-0.26063732737029405,4.929806790943406,138.35277874759876,0.002631279716996207
final_reproduction_candidate,paper_exact_reconstructed_metadata,supplemental,9,0.25,eigen,146,-0.21299514518097554,3.845268280257463,46.77123046565067,0.002558110607819722
final_reproduction_candidate,paper_exact_reconstructed_metadata,supplemental,9,0.25,eigen,147,-0.2129951451809901,3.8452682802574345,46.77123046564934,0.0025581106078197214
final_reproduction_candidate,paper_exact_reconstructed_metadata,supplemental,9,0.25,eigen,148,-0.2180353993922474,4.38218468235648,80.01264481382333,0.002552815909161769
final_reproduction_candidate,paper_exact_reconstructed_metadata,supplemental,9,0.25,eigen,149,-0.21803539939224442,4.369836584914283,79.0307158330673,0.002552815909161769
final_reproduction_candidate,paper_exact_reconstructed_metadata,supplemental,9,0.25,eigen,150,-0.21803539939225042,4.385184731907517,80.25304714211512,0.0025528159091617675
final_reproduction_candidate,paper_exact_reconstructed_metadata,supplemental,9,0.25,eigen,151,-0.21803539939223748,4.344821869786442,77.07830628120922,0.0025528159091617666
final_reproduction_candidate,paper_exact_reconstructed_metadata,supplemental,9,0.25,eigen,152,-0.19597184427101924,3.613910868679361,37.11090525779159,0.0024327629779824613
final_reproduction_candidate,paper_exact_reconstructed_metadata,supplemental,9,0.25,eigen,153,-0.19597184427101932,3.613910868679327,37.11090525779032,0.0024327629779824613
final_reproduction_candidate,paper_exact_reconstructed_metadata,supplemental,9,0.25,eigen,154,-0.15362052390020145,3.778357496644989,43.74413281151092,0.0023989008949086336
final_reproduction_candidate,paper_exact_reconstructed_metadata,supplemental,9,0.25,eigen,155,-0.1536205239002012,3.778357496644975,43.74413281151032,0.002398900894908633
final_reproduction_candidate,paper_exact_reconstructed_metadata,supplemental,9,0.25,eigen,156,-0.15542095104812326,3.674111293454979,39.41361415130667,0.0023724089504557596
final_reproduction_candidate,paper_exact_reconstructed_metadata,supplemental,9,0.25,eigen,157,-0.1554209510481227,3.6741112934549838,39.41361415130687,0.0023724089504557596
final_reproduction_candidate,paper_exact_reconstructed_metadata,supplemental,9,0.25,eigen,158,-0.12273573076237075,4.369918102259261,79.0371584697835,0.0022792427780559286
final_reproduction_candidate,paper_exact_reconstructed_metadata,supplemental,9,0.25,eigen,159,-0.1227357307623705,4.377996603017078,79.67824624184216,0.002279242778055928
final_reproduction_candidate,paper_exact_reconstructed_metadata,supplemental,9,0.25,eigen,160,-0.12273573076237021,4.429536650841936,83.89253636723735,0.002279242778055928
final_reproduction_candidate,paper_exact_reconstructed_metadata,supplemental,9,0.25,eigen,161,-0.12273573076237028,4.420643668750582,83.14978905800089,0.0022792427780559273
final_reproduction_candidate,paper_exact_reconstructed_metadata,supplemental,9,0.25,eigen,162,-0.10048137860128932,3.9519240926692447,52.03539149092793,0.0022562151265281922
final_reproduction_candidate,paper_exact_reconstructed_metadata,supplemental,9,0.25,eigen,163,-0.1004813786012895,3.951924092669237,52.03539149092754,0.002256215126528192
final_reproduction_candidate,paper_exact_reconstructed_metadata,supplemental,9,0.25,eigen,164,-0.0889550408009259,4.968815809644652,143.85643306507575,0.0022179159620646025
final_reproduction_candidate,paper_exact_reconstructed_metadata,supplemental,9,0.25,eigen,165,-0.08895504080092503,4.990478315542093,147.00672228191314,0.0022179159620646016
final_reproduction_candidate,paper_exact_reconstructed_metadata,supplemental,9,0.25,eigen,166,-0.08895504080092549,4.92434229531434,137.59881249168157,0.0022179159620646016
final_reproduction_candidate,paper_exact_reconstructed_metadata,supplemental,9,0.25,eigen,167,-0.08895504080092556,4.689407542018723,108.78870797256413,0.0022179159620646016
final_reproduction_candidate,paper_exact_reconstructed_metadata,supplemental,9,0.25,eigen,168,-0.08895504080092591,5.085304973010839,161.62922427308123,0.0022179159620646016
final_reproduction_candidate,paper_exact_reconstructed_metadata,supplemental,9,0.25,eigen,169,-0.08895504080092598,4.283775244302915,72.51368076768549,0.0022179159620646016
final_reproduction_candidate,paper_exact_reconstructed_metadata,supplemental,9,0.25,eigen,170,-0.08895504080092573,4.950876430854573,141.29874825203066,0.0022179159620646003
final_reproduction_candidate,paper_exact_reconstructed_metadata,supplemental,9,0.25,eigen,171,-0.08895504080092588,5.070364796663585,159.23240419931798,0.0022179159620646
final_reproduction_candidate,paper_exact_reconstructed_metadata,supplemental,9,0.25,eigen,172,-0.06779615831553677,3.356120840372433,28.677729340595594,0.002167611967528624
final_reproduction_candidate,paper_exact_reconstructed_metadata,supplemental,9,0.25,eigen,173,-0.49754286606765974,3.085117690352357,21.870040583402346,0.002082315091549976
final_reproduction_candidate,paper_exact_reconstructed_metadata,supplemental,9,0.25,eigen,174,-0.02428955770165088,3.853464526114418,47.156154279808405,0.0020505854265264697
final_reproduction_candidate,paper_exact_reconstructed_metadata,supplemental,9,0.25,eigen,175,-0.024289557701650047,3.8534645261144296,47.15615427980895,0.002050585426526469
final_reproduction_candidate,paper_exact_reconstructed_metadata,supplemental,9,0.25,eigen,176,-0.00518170997142068,3.943476233198162,51.59765538593849,0.002014427289654616
final_reproduction_candidate,paper_exact_reconstructed_metadata,supplemental,9,0.25,eigen,177,-0.005181709971420203,3.943476233198181,51.59765538593947,0.002014427289654616
final_reproduction_candidate,paper_exact_reconstructed_metadata,supplemental,9,0.25,eigen,178,-0.46549250975077844,3.720143458803137,41.27031427384155,0.002007985385247173
final_reproduction_candidate,paper_exact_reconstructed_metadata,supplemental,9,0.25,eigen,179,-0.4654925097507782,3.7201434588031477,41.27031427384198,0.0020079853852471713
final_reproduction_candidate,paper_exact_reconstructed_metadata,supplemental,9,0.25,eigen,180,0.027503510314331882,4.4165637613725455,82.81123672084841,0.001935319309506915
final_reproduction_candidate,paper_exact_reconstructed_metadata,supplemental,9,0.25,eigen,181,0.027503510314331722,4.506181235143199,90.57527157705054,0.0019353193095069132
final_reproduction_candidate,paper_exact_reconstructed_metadata,supplemental,9,0.25,eigen,182,0.02750351031433204,4.446886582148241,85.36076612264688,0.0019353193095069132
final_reproduction_candidate,paper_exact_reconstructed_metadata,supplemental,9,0.25,eigen,183,0.027503510314331903,4.500746956080184,90.08439526255273,0.0019353193095069125
final_reproduction_candidate,paper_exact_reconstructed_metadata,supplemental,9,0.25,eigen,184,0.03508506357914338,3.9069729791900176,49.7481351853254,0.0019229626739922484
final_reproduction_candidate,paper_exact_reconstructed_metadata,supplemental,9,0.25,eigen,185,0.035085063579143476,3.906972979190019,49.74813518532547,0.001922962673992248
final_reproduction_candidate,paper_exact_reconstructed_metadata,supplemental,9,0.25,eigen,186,-0.3735027616875912,4.341506319117909,76.82317243959993,0.0018053949135268118
final_reproduction_candidate,paper_exact_reconstructed_metadata,supplemental,9,0.25,eigen,187,-0.37350276168759156,4.191437166791746,66.11774493908553,0.0018053949135268118
final_reproduction_candidate,paper_exact_reconstructed_metadata,supplemental,9,0.25,eigen,188,-0.3735027616875924,3.663060532930651,38.98046148115289,0.0018053949135268116
final_reproduction_candidate,paper_exact_reconstructed_metadata,supplemental,9,0.25,eigen,189,-0.37350276168758967,4.1947844471995985,66.33943038602257,0.0018053949135268112
final_reproduction_candidate,paper_exact_reconstructed_metadata,supplemental,9,0.25,eigen,190,-0.3701928411209068,3.8200093517752656,45.6046348031503,0.001792799148321373
final_reproduction_candidate,paper_exact_reconstructed_metadata,supplemental,9,0.25,eigen,191,-0.37019284112091055,3.8200093517752647,45.604634803150255,0.001792799148321373
final_reproduction_candidate,paper_exact_reconstructed_metadata,supplemental,9,0.25,eigen,192,0.09975054667841901,3.9353861970917947,51.18191244604293,0.0017778848714232844
final_reproduction_candidate,paper_exact_reconstructed_metadata,supplemental,9,0.25,eigen,193,0.09975054667841887,3.9353861970917916,51.18191244604277,0.0017778848714232844
final_reproduction_candidate,paper_exact_reconstructed_metadata,supplemental,9,0.25,eigen,194,0.12280317894420051,3.3558807842108043,28.67084590120493,0.0017279203500710797
final_reproduction_candidate,paper_exact_reconstructed_metadata,supplemental,9,0.25,eigen,195,-0.3375076208351572,3.348562025092913,28.46177688245911,0.0017223946615659623
final_reproduction_candidate,paper_exact_reconstructed_metadata,supplemental,9,0.25,eigen,196,-0.31525326867407505,3.81011622607182,45.155686829438274,0.0017049929593683567
final_reproduction_candidate,paper_exact_reconstructed_metadata,supplemental,9,0.25,eigen,197,-0.31525326867407577,3.8101162260718184,45.15568682943819,0.0017049929593683567
final_reproduction_candidate,paper_exact_reconstructed_metadata,supplemental,9,0.25,eigen,198,-0.3088372785883152,4.50721066209691,90.66856021163083,0.0016691870035314093
final_reproduction_candidate,paper_exact_reconstructed_metadata,supplemental,9,0.25,eigen,199,-0.30883727858831556,4.378955727666078,79.75470427233138,0.0016691870035314093
final_reproduction_candidate,paper_exact_reconstructed_metadata,supplemental,9,0.25,eigen,200,-0.30883727858831594,4.59704057628914,99.19033462112786,0.0016691870035314088
final_reproduction_candidate,paper_exact_reconstructed_metadata,supplemental,9,0.25,eigen,201,-0.30883727858831495,4.593344119563542,98.82435866546288,0.0016691870035314082
final_reproduction_candidate,paper_exact_reconstructed_metadata,supplemental,9,0.25,eigen,202,-0.24946265730752135,3.4046292220815,30.103132077776802,0.0015653014315726353
final_reproduction_candidate,paper_exact_reconstructed_metadata,supplemental,9,0.25,eigen,203,-0.2199536000441996,4.462805794713023,86.73051604648003,0.001522276978661009
final_reproduction_candidate,paper_exact_reconstructed_metadata,supplemental,9,0.25,eigen,204,-0.21995360004420852,4.679981323705467,107.76805984457846,0.001522276978661009
final_reproduction_candidate,paper_exact_reconstructed_metadata,supplemental,9,0.25,eigen,205,-0.21995360004419534,4.046512760568459,57.197646965250506,0.001522276978661009
final_reproduction_candidate,paper_exact_reconstructed_metadata,supplemental,9,0.25,eigen,206,-0.2199536000442238,4.852756799785334,128.09303038167403,0.0015222769786610083
final_reproduction_candidate,paper_exact_reconstructed_metadata,supplemental,9,0.25,eigen,207,-0.21995360004420428,4.299104012621627,73.6337891886723,0.0015222769786610083
final_reproduction_candidate,paper_exact_reconstructed_metadata,supplemental,9,0.25,eigen,208,-0.2199536000442937,4.895105298683115,133.63407736608386,0.0015222769786610083
final_reproduction_candidate,paper_exact_reconstructed_metadata,supplemental,9,0.25,eigen,209,-0.21995360004418554,4.808296463229165,122.52271767867826,0.0015222769786610083
final_reproduction_candidate,paper_exact_reconstructed_metadata,supplemental,9,0.25,eigen,210,-0.21995360004421466,4.823978105369547,124.45921916884542,0.0015222769786610076
final_reproduction_candidate,paper_exact_reconstructed_metadata,supplemental,9,0.25,eigen,211,-0.20182047511826573,3.9480689887252463,51.835175822035296,0.0015217744319149964
final_reproduction_candidate,paper_exact_reconstructed_metadata,supplemental,9,0.25,eigen,212,-0.20182047511822102,3.770201076471119,43.38878842323041,0.0015217744319149964
final_reproduction_candidate,paper_exact_reconstructed_metadata,supplemental,9,0.25,eigen,213,-0.20182047511821521,3.972062337482451,53.093915578970915,0.0015217744319149958
final_reproduction_candidate,paper_exact_reconstructed_metadata,supplemental,9,0.25,eigen,214,-0.20182047511811554,4.024045532988281,55.92690291472975,0.0015217744319149958
final_reproduction_candidate,paper_exact_reconstructed_metadata,supplemental,9,0.25,eigen,215,-0.18726837975845365,4.0023178896221445,54.724849299225845,0.0014624960882681532
final_reproduction_candidate,paper_exact_reconstructed_metadata,supplemental,9,0.25,eigen,216,-0.18726837975845523,4.41405673073423,82.60388643855093,0.0014624960882681532
final_reproduction_candidate,paper_exact_reconstructed_metadata,supplemental,9,0.25,eigen,217,-0.18726837975845506,3.945558434338979,51.7052040129265,0.0014624960882681525
final_reproduction_candidate,paper_exact_reconstructed_metadata,supplemental,9,0.25,eigen,218,-0.187268379758454,4.239198687085245,69.35225670821424,0.0014624960882681525
final_reproduction_candidate,paper_exact_reconstructed_metadata,supplemental,9,0.25,eigen,219,-0.1381866887610927,4.035044938016116,56.545461222076874,0.0014609318429458615
final_reproduction_candidate,paper_exact_reconstructed_metadata,supplemental,9,0.25,eigen,220,-0.13818668876109264,4.035044938016121,56.54546122207712,0.0014609318429458615
final_reproduction_candidate,paper_exact_reconstructed_metadata,supplemental,9,0.25,eigen,221,-0.18479717420824637,4.581294186519288,97.64067772105778,0.0014472073597937229
final_reproduction_candidate,paper_exact_reconstructed_metadata,supplemental,9,0.25,eigen,222,-0.1847971742082465,4.54651012932831,94.3027290521519,0.0014472073597937229
final_reproduction_candidate,paper_exact_reconstructed_metadata,supplemental,9,0.25,eigen,223,-0.18479717420824568,4.3291596345057,75.88049242022049,0.0014472073597937229
final_reproduction_candidate,paper_exact_reconstructed_metadata,supplemental,9,0.25,eigen,224,-0.18479717420824648,4.574095260323863,96.94029371959395,0.0014472073597937229
final_reproduction_candidate,paper_exact_reconstructed_metadata,supplemental,9,0.25,eigen,225,-0.1371549920189459,4.5185237841589885,91.7001288291059,0.0014069642519911655
final_reproduction_candidate,paper_exact_reconstructed_metadata,supplemental,9,0.25,eigen,226,-0.1371549920189469,4.557220793946287,95.31820244529436,0.0014069642519911655
final_reproduction_candidate,paper_exact_reconstructed_metadata,supplemental,9,0.25,eigen,227,-0.1371549920189463,4.695470622849547,109.45030633791862,0.0014069642519911648
final_reproduction_candidate,paper_exact_reconstructed_metadata,supplemental,9,0.25,eigen,228,-0.13715499201894682,4.695578752571318,109.46214180896226,0.0014069642519911648
final_reproduction_candidate,paper_exact_reconstructed_metadata,supplemental,9,0.25,eigen,229,-0.07352077140066542,3.888467296311699,48.83597804847151,0.0013799433833615053
final_reproduction_candidate,paper_exact_reconstructed_metadata,supplemental,9,0.25,eigen,230,-0.07352077140066514,3.8884672963117,48.83597804847155,0.0013799433833615053
final_reproduction_candidate,paper_exact_reconstructed_metadata,supplemental,9,0.25,eigen,231,-0.12465393141433771,3.9721724405780106,53.09976170526393,0.0013591417999871277
final_reproduction_candidate,paper_exact_reconstructed_metadata,supplemental,9,0.25,eigen,232,-0.12465393141433784,3.972172440578008,53.09976170526379,0.0013591417999871277
final_reproduction_candidate,paper_exact_reconstructed_metadata,supplemental,9,0.25,eigen,233,-0.12013169110897043,3.527931861728745,34.053467458527415,0.0013380228881135657
final_reproduction_candidate,paper_exact_reconstructed_metadata,supplemental,9,0.25,eigen,234,-0.07778037073815346,4.538568156931646,93.55674559218015,0.001319398697182495
final_reproduction_candidate,paper_exact_reconstructed_metadata,supplemental,9,0.25,eigen,235,-0.07778037073815074,4.337953110276394,76.55068804771241,0.001319398697182495
final_reproduction_candidate,paper_exact_reconstructed_metadata,supplemental,9,0.25,eigen,236,-0.07778037073815314,3.8185814519748367,45.53956242369139,0.001319398697182495
final_reproduction_candidate,paper_exact_reconstructed_metadata,supplemental,9,0.25,eigen,237,-0.07778037073815401,4.5414052240264695,93.82254922968866,0.0013193986971824943
final_reproduction_candidate,paper_exact_reconstructed_metadata,supplemental,9,0.25,eigen,238,-0.09196871112858598,4.377078121308126,79.60509682840929,0.0013057673430963413
final_reproduction_candidate,paper_exact_reconstructed_metadata,supplemental,9,0.25,eigen,239,-0.09196871112858601,4.543048183257271,93.97682255068865,0.0013057673430963413
final_reproduction_candidate,paper_exact_reconstructed_metadata,supplemental,9,0.25,eigen,240,-0.0919687111285862,4.311119760393295,74.52389113804261,0.0013057673430963413
final_reproduction_candidate,paper_exact_reconstructed_metadata,supplemental,9,0.25,eigen,241,-0.09196871112858601,4.584795065789741,97.98310499417877,0.0013057673430963413
final_reproduction_candidate,paper_exact_reconstructed_metadata,supplemental,9,0.25,eigen,242,-0.04288702013122441,4.894667257714023,133.57555298430495,0.0013043707305003668
final_reproduction_candidate,paper_exact_reconstructed_metadata,supplemental,9,0.25,eigen,243,-0.04288702013122454,4.858808501230192,128.8705614787784,0.0013043707305003668
final_reproduction_candidate,paper_exact_reconstructed_metadata,supplemental,9,0.25,eigen,244,-0.042887020131223,4.498721526932457,89.90212035739866,0.0013043707305003668
final_reproduction_candidate,paper_exact_reconstructed_metadata,supplemental,9,0.25,eigen,245,-0.04288702013122541,4.737552631888131,114.15448149281077,0.0013043707305003668
final_reproduction_candidate,paper_exact_reconstructed_metadata,supplemental,9,0.25,eigen,246,-0.042887020131225646,4.6023005508739265,99.7134478353022,0.0013043707305003662
final_reproduction_candidate,paper_exact_reconstructed_metadata,supplemental,9,0.25,eigen,247,-0.042887020131222316,5.018508005739728,151.18556743840026,0.0013043707305003662
final_reproduction_candidate,paper_exact_reconstructed_metadata,supplemental,9,0.25,eigen,248,-0.042887020131223266,5.011154558774877,150.07790992797948,0.0013043707305003662
final_reproduction_candidate,paper_exact_reconstructed_metadata,supplemental,9,0.25,eigen,249,-0.042887020131225057,5.030826524852399,153.05946788333867,0.0013043707305003662
final_reproduction_candidate,paper_exact_reconstructed_metadata,supplemental,9,0.25,eigen,250,-0.06971435896750494,4.138397417787343,62.70225536887167,0.0012925749110997962
final_reproduction_candidate,paper_exact_reconstructed_metadata,supplemental,9,0.25,eigen,251,-0.06971435896750394,4.138397417787352,62.70225536887222,0.0012925749110997962
final_reproduction_candidate,paper_exact_reconstructed_metadata,supplemental,9,0.25,eigen,252,-0.008855288301389659,4.006604351666093,54.95992875825604,0.0012758336383127172
final_reproduction_candidate,paper_exact_reconstructed_metadata,supplemental,9,0.25,eigen,253,-0.008855288301388351,4.006604351666097,54.95992875825629,0.0012758336383127172
final_reproduction_candidate,paper_exact_reconstructed_metadata,supplemental,9,0.25,eigen,254,-0.010201799845472363,4.475677303764194,87.8540841651,0.0012531471721304046
final_reproduction_candidate,paper_exact_reconstructed_metadata,supplemental,9,0.25,eigen,255,-0.010201799845471144,4.528183299614068,92.59019954593428,0.0012531471721304046
final_reproduction_candidate,paper_exact_reconstructed_metadata,supplemental,9,0.25,eigen,256,-0.010201799845471825,4.701893978191346,110.15560732218975,0.0012531471721304046
final_reproduction_candidate,paper_exact_reconstructed_metadata,supplemental,9,0.25,eigen,257,-0.010201799845471735,4.692338744087399,109.108057468721,0.0012531471721304046
final_reproduction_candidate,paper_exact_reconstructed_metadata,supplemental,9,0.25,eigen,258,-0.03702913868175245,3.4943261425944923,32.92809163686978,0.001241814582875573
final_reproduction_candidate,paper_exact_reconstructed_metadata,supplemental,9,0.25,eigen,259,-0.013114887638877352,5.217019502730271,184.38380884334435,0.001219856742318549
final_reproduction_candidate,paper_exact_reconstructed_metadata,supplemental,9,0.25,eigen,260,-0.013114887638877125,5.22068239688782,185.06042565087674,0.001219856742318549
final_reproduction_candidate,paper_exact_reconstructed_metadata,supplemental,9,0.25,eigen,261,-0.013114887638876988,5.022213786214539,151.7468673470557,0.001219856742318549
final_reproduction_candidate,paper_exact_reconstructed_metadata,supplemental,9,0.25,eigen,262,-0.013114887638877002,5.337800393637758,208.05456845549972,0.001219856742318549
final_reproduction_candidate,paper_exact_reconstructed_metadata,supplemental,9,0.25,eigen,263,-0.013114887638877339,5.335946994646374,207.66931745036464,0.0012198567423185483
final_reproduction_candidate,paper_exact_reconstructed_metadata,supplemental,9,0.25,eigen,264,-0.01311488763887697,5.2461781620043535,189.83934502975018,0.0012198567423185483
final_reproduction_candidate,paper_exact_reconstructed_metadata,supplemental,9,0.25,eigen,265,-0.013114887638876853,5.325289317360655,205.46779726712404,0.0012198567423185483
final_reproduction_candidate,paper_exact_reconstructed_metadata,supplemental,9,0.25,eigen,266,-0.013114887638877505,5.124744535020659,168.13118453547565,0.0012198567423185483
final_reproduction_candidate,paper_exact_reconstructed_metadata,supplemental,9,0.25,eigen,267,-0.013114887638877575,5.100283829409963,164.0684681484282,0.0012198567423185483
final_reproduction_candidate,paper_exact_reconstructed_metadata,supplemental,9,0.25,eigen,268,-0.013114887638877684,5.267485962924391,193.92780738478586,0.0012198567423185483
final_reproduction_candidate,paper_exact_reconstructed_metadata,supplemental,9,0.25,eigen,269,-0.013114887638877014,5.195186905249534,180.4018577003952,0.0012198567423185483
final_reproduction_candidate,paper_exact_reconstructed_metadata,supplemental,9,0.25,eigen,270,-0.013114887638876697,5.104892357450335,164.82632725057516,0.0012198567423185483
final_reproduction_candidate,paper_exact_reconstructed_metadata,supplemental,9,0.25,eigen,271,-0.013114887638877493,5.043945480621228,155.08067736277224,0.0012198567423185483
final_reproduction_candidate,paper_exact_reconstructed_metadata,supplemental,9,0.25,eigen,272,-0.013114887638876707,5.155565322805518,173.39380252755808,0.0012198567423185483
final_reproduction_candidate,paper_exact_reconstructed_metadata,supplemental,9,0.25,eigen,273,-0.01311488763887686,5.017637047642474,151.05394846987508,0.0012198567423185483
final_reproduction_candidate,paper_exact_reconstructed_metadata,supplemental,9,0.25,eigen,274,-0.013114887638877467,5.383269545083442,217.73300077972186,0.0012198567423185478
final_reproduction_candidate,paper_exact_reconstructed_metadata,supplemental,9,0.25,eigen,275,0.05051933297940426,3.896090056623697,49.20966545904846,0.0011964292893931838
final_reproduction_candidate,paper_exact_reconstructed_metadata,supplemental,9,0.25,eigen,276,0.05051933297940507,3.8960900566236982,49.20966545904853,0.0011964292893931834
final_reproduction_candidate,paper_exact_reconstructed_metadata,supplemental,9,0.25,eigen,277,0.05241264849864425,4.048214311913719,57.295054546888885,0.0011645875273382685
final_reproduction_candidate,paper_exact_reconstructed_metadata,supplemental,9,0.25,eigen,278,0.05241264849864477,4.048214311913722,57.29505454688909,0.0011645875273382685
final_reproduction_candidate,paper_exact_reconstructed_metadata,supplemental,9,0.25,eigen,279,0.0255853096623641,4.022497111728388,55.840371520071194,0.0011540558097618012
final_reproduction_candidate,paper_exact_reconstructed_metadata,supplemental,9,0.25,eigen,280,0.025585309662364494,4.022497111728398,55.84037152007174,0.0011540558097618012
final_reproduction_candidate,paper_exact_reconstructed_metadata,supplemental,9,0.25,eigen,281,0.05155059546039814,4.639343088327279,103.47635042921667,0.0011278247242154126
final_reproduction_candidate,paper_exact_reconstructed_metadata,supplemental,9,0.25,eigen,282,0.05155059546039834,4.586194798761732,98.12035120855461,0.001127824724215412
final_reproduction_candidate,paper_exact_reconstructed_metadata,supplemental,9,0.25,eigen,283,0.05155059546039863,4.535075565445071,93.23056004701513,0.001127824724215412
final_reproduction_candidate,paper_exact_reconstructed_metadata,supplemental,9,0.25,eigen,284,0.05155059546039738,4.2245169981208495,68.34148650914611,0.0011278247242154115
final_reproduction_candidate,paper_exact_reconstructed_metadata,supplemental,9,0.25,eigen,285,0.08509786878439676,4.693487017131756,109.23341526875177,0.0011188533539252712
final_reproduction_candidate,paper_exact_reconstructed_metadata,supplemental,9,0.25,eigen,286,0.08509786878439597,4.629062626811505,102.41801519922268,0.0011188533539252708
final_reproduction_candidate,paper_exact_reconstructed_metadata,supplemental,9,0.25,eigen,287,0.08509786878439798,4.728880258473519,113.1687716024117,0.0011188533539252708
final_reproduction_candidate,paper_exact_reconstructed_metadata,supplemental,9,0.25,eigen,288,0.08509786878439814,4.5215834628678495,91.98113143050219,0.0011188533539252708
final_reproduction_candidate,paper_exact_reconstructed_metadata,supplemental,9,0.25,eigen,289,0.0939019158312189,3.387635637399029,29.595894056445726,0.0011121263208568684
final_reproduction_candidate,paper_exact_reconstructed_metadata,supplemental,9,0.25,eigen,290,0.05827052994811542,4.222536889699677,68.20629684546098,0.0011087352243245232
final_reproduction_candidate,paper_exact_reconstructed_metadata,supplemental,9,0.25,eigen,291,0.05827052994811529,4.7081844027162,110.8507168309003,0.0011087352243245232
final_reproduction_candidate,paper_exact_reconstructed_metadata,supplemental,9,0.25,eigen,292,0.05827052994811513,4.267519262613523,71.34442911607363,0.0011087352243245225
final_reproduction_candidate,paper_exact_reconstructed_metadata,supplemental,9,0.25,eigen,293,0.05827052994811758,4.695817924357433,109.48832519596957,0.0011087352243245225
final_reproduction_candidate,paper_exact_reconstructed_metadata,supplemental,9,0.25,eigen,294,0.10735222094547447,4.963182266569376,143.0482901440483,0.0011075493518273442
final_reproduction_candidate,paper_exact_reconstructed_metadata,supplemental,9,0.25,eigen,295,0.10735222094547281,4.649931420229694,104.57781340876151,0.0011075493518273442
final_reproduction_candidate,paper_exact_reconstructed_metadata,supplemental,9,0.25,eigen,296,0.10735222094549876,4.886551373893597,132.49585658670568,0.0011075493518273437
final_reproduction_candidate,paper_exact_reconstructed_metadata,supplemental,9,0.25,eigen,297,0.10735222094548072,4.837161379499755,126.11086228410494,0.0011075493518273437
final_reproduction_candidate,paper_exact_reconstructed_metadata,supplemental,9,0.25,eigen,298,0.10735222094547478,4.788185510165306,120.08328097146166,0.0011075493518273437
final_reproduction_candidate,paper_exact_reconstructed_metadata,supplemental,9,0.25,eigen,299,0.10735222094546647,4.843066549730479,126.85777153652019,0.0011075493518273437
final_reproduction_candidate,paper_exact_reconstructed_metadata,supplemental,9,0.25,eigen,300,0.107352220945468,4.053449859003529,57.59581213122607,0.0011075493518273437
final_reproduction_candidate,paper_exact_reconstructed_metadata,supplemental,9,0.25,eigen,301,0.1073522209454863,4.843503190095327,126.91317485495004,0.0011075493518273433
final_reproduction_candidate,paper_exact_reconstructed_metadata,supplemental,9,0.25,eigen,302,0.11518481607867494,4.849449963872653,127.67014733642202,0.0011061647540582622
final_reproduction_candidate,paper_exact_reconstructed_metadata,supplemental,9,0.25,eigen,303,0.11518481607868328,4.71684422125871,111.81483243193357,0.0011061647540582613
final_reproduction_candidate,paper_exact_reconstructed_metadata,supplemental,9,0.25,eigen,304,0.11518481607869223,4.79375658500235,120.75414088671259,0.0011061647540582613
final_reproduction_candidate,paper_exact_reconstructed_metadata,supplemental,9,0.25,eigen,305,0.1151848160786789,4.966099889384925,143.46626054258476,0.0011061647540582613
final_reproduction_candidate,paper_exact_reconstructed_metadata,supplemental,9,0.25,eigen,306,0.115184816078687,5.065635578722678,158.48113730923686,0.0011061647540582607
final_reproduction_candidate,paper_exact_reconstructed_metadata,supplemental,9,0.25,eigen,307,0.11518481607866561,4.864189870686401,129.56593092396386,0.0011061647540582607
final_reproduction_candidate,paper_exact_reconstructed_metadata,supplemental,9,0.25,eigen,308,0.11518481607868053,4.775266956508921,118.54195594382625,0.0011061647540582607
final_reproduction_candidate,paper_exact_reconstructed_metadata,supplemental,9,0.25,eigen,309,0.1151848160786823,4.18879035372502,65.94297502151997,0.0011061647540582607
final_reproduction_candidate,paper_exact_reconstructed_metadata,supplemental,9,0.25,eigen,310,0.14003744123123074,4.571861247913835,96.72396962571723,0.0010640551077874013
final_reproduction_candidate,paper_exact_reconstructed_metadata,supplemental,9,0.25,eigen,311,0.1400374412312311,4.408490951120181,82.14540848854038,0.0010640551077874013
final_reproduction_candidate,paper_exact_reconstructed_metadata,supplemental,9,0.25,eigen,312,0.14003744123123063,4.542602621494111,93.93495939893917,0.001064055107787401
final_reproduction_candidate,paper_exact_reconstructed_metadata,supplemental,9,0.25,eigen,313,0.14003744123123057,4.6225277020550655,101.75090331327742,0.001064055107787401
final_reproduction_candidate,paper_exact_reconstructed_metadata,supplemental,9,0.25,eigen,314,0.11092521674119188,4.698630508918132,109.7967038362046,0.001057632039814872
final_reproduction_candidate,paper_exact_reconstructed_metadata,supplemental,9,0.25,eigen,315,0.11092521674119199,4.698160882574474,109.74515251751235,0.001057632039814872
final_reproduction_candidate,paper_exact_reconstructed_metadata,supplemental,9,0.25,eigen,316,0.11092521674119236,4.732299016202819,113.55633032224826,0.0010576320398148716
final_reproduction_candidate,paper_exact_reconstructed_metadata,supplemental,9,0.25,eigen,317,0.11092521674119188,4.737569505255434,114.1564076795568,0.0010576320398148716
final_reproduction_candidate,paper_exact_reconstructed_metadata,supplemental,9,0.25,eigen,318,0.15856739893049152,4.306877504225384,74.20841134738322,0.001028222017881474
final_reproduction_candidate,paper_exact_reconstructed_metadata,supplemental,9,0.25,eigen,319,0.15856739893049177,4.416935637627761,82.84203798022344,0.001028222017881474
final_reproduction_candidate,paper_exact_reconstructed_metadata,supplemental,9,0.25,eigen,320,0.15856739893049146,4.618678176355276,101.35996354511147,0.001028222017881474
final_reproduction_candidate,paper_exact_reconstructed_metadata,supplemental,9,0.25,eigen,321,0.1585673989304911,4.549947424898716,94.62743313725852,0.0010282220178814735
final_reproduction_candidate,paper_exact_reconstructed_metadata,supplemental,9,0.25,eigen,322,0.17985029917795564,3.879169283274135,48.38400496986283,0.0010227102211292159
final_reproduction_candidate,paper_exact_reconstructed_metadata,supplemental,9,0.25,eigen,323,0.1798502991779555,3.879169283274095,48.3840049698609,0.0010227102211292159
final_reproduction_candidate,paper_exact_reconstructed_metadata,supplemental,9,0.25,eigen,324,0.22220161954877496,3.6685132269945675,39.19359054781796,0.001008474926206629
final_reproduction_candidate,paper_exact_reconstructed_metadata,supplemental,9,0.25,eigen,325,0.22220161954877274,3.668513226994562,39.193590547817756,0.001008474926206629
final_reproduction_candidate,paper_exact_reconstructed_metadata,supplemental,9,0.25,eigen,326,0.1535701985779849,3.5356352150927797,34.31680634563627,0.0009899173472511257
final_reproduction_candidate,paper_exact_reconstructed_metadata,supplemental,9,0.25,eigen,327,0.20265188957534647,4.629010081507021,102.41263375481542,0.0009888585590654248
final_reproduction_candidate,paper_exact_reconstructed_metadata,supplemental,9,0.25,eigen,328,0.20265188957534772,5.0620589073094076,157.91531483960026,0.0009888585590654248
final_reproduction_candidate,paper_exact_reconstructed_metadata,supplemental,9,0.25,eigen,329,0.20265188957534652,4.942077218230153,140.06088462214325,0.0009888585590654248
final_reproduction_candidate,paper_exact_reconstructed_metadata,supplemental,9,0.25,eigen,330,0.20265188957534785,5.000852828334846,148.53978403691457,0.0009888585590654248
final_reproduction_candidate,paper_exact_reconstructed_metadata,supplemental,9,0.25,eigen,331,0.2026518895753468,4.390492004573387,80.68010419726879,0.0009888585590654248
final_reproduction_candidate,paper_exact_reconstructed_metadata,supplemental,9,0.25,eigen,332,0.20265188957534663,4.730023602368649,113.29823642384588,0.0009888585590654244
final_reproduction_candidate,paper_exact_reconstructed_metadata,supplemental,9,0.25,eigen,333,0.20265188957534677,4.949577780435421,141.1153696714949,0.0009888585590654244
final_reproduction_candidate,paper_exact_reconstructed_metadata,supplemental,9,0.25,eigen,334,0.20265188957534688,5.024639214043299,152.11536512378092,0.000988858559065424
final_reproduction_candidate,paper_exact_reconstructed_metadata,supplemental,9,0.25,eigen,335,0.17559069984046696,4.613214247323049,100.80765017221529,0.0009778390545749042
final_reproduction_candidate,paper_exact_reconstructed_metadata,supplemental,9,0.25,eigen,336,0.17559069984046757,4.589773711557059,98.4721445322919,0.0009778390545749042
final_reproduction_candidate,paper_exact_reconstructed_metadata,supplemental,9,0.25,eigen,337,0.17559069984046782,4.438758638751193,84.66977063749428,0.0009778390545749042
final_reproduction_candidate,paper_exact_reconstructed_metadata,supplemental,9,0.25,eigen,338,0.1755906998404673,4.36543669948944,78.68375359514171,0.0009778390545749037
final_reproduction_candidate,paper_exact_reconstructed_metadata,supplemental,9,0.25,eigen,339,0.2392249204587477,3.94363264641622,51.60572657246532,0.0009590595720136193
final_reproduction_candidate,paper_exact_reconstructed_metadata,supplemental,9,0.25,eigen,340,0.23922492045874882,3.9436326464162206,51.60572657246535,0.0009590595720136193
final_reproduction_candidate,paper_exact_reconstructed_metadata,supplemental,9,0.25,eigen,341,0.22323288202979535,3.4513832911636717,31.543996674894952,0.0009506478699664886
final_reproduction_candidate,paper_exact_reconstructed_metadata,supplemental,9,0.25,eigen,342,0.23533710986109957,5.258799999820698,192.25065200447372,0.0009500253861526183
final_reproduction_candidate,paper_exact_reconstructed_metadata,supplemental,9,0.25,eigen,343,0.23533710986109785,5.261885343583745,192.84472734663598,0.0009500253861526183
final_reproduction_candidate,paper_exact_reconstructed_metadata,supplemental,9,0.25,eigen,344,0.23533710986110268,4.831263791540558,125.36930124129805,0.0009500253861526183
final_reproduction_candidate,paper_exact_reconstructed_metadata,supplemental,9,0.25,eigen,345,0.23533710986110268,5.271901977024461,194.78608901368872,0.0009500253861526183
final_reproduction_candidate,paper_exact_reconstructed_metadata,supplemental,9,0.25,eigen,346,0.23533710986108408,5.266545540554344,193.74551906398904,0.0009500253861526183
final_reproduction_candidate,paper_exact_reconstructed_metadata,supplemental,9,0.25,eigen,347,0.23533710986109435,5.029424607676834,152.84504152554607,0.0009500253861526183
final_reproduction_candidate,paper_exact_reconstructed_metadata,supplemental,9,0.25,eigen,348,0.2353371098611,4.85205887389556,128.00366212930714,0.0009500253861526183
final_reproduction_candidate,paper_exact_reconstructed_metadata,supplemental,9,0.25,eigen,349,0.23533710986110062,5.161073065618617,174.35144580283912,0.0009500253861526183
final_reproduction_candidate,paper_exact_reconstructed_metadata,supplemental,9,0.25,eigen,350,0.23533710986109804,5.070285494491357,159.21977722445575,0.0009500253861526183
final_reproduction_candidate,paper_exact_reconstructed_metadata,supplemental,9,0.25,eigen,351,0.23533710986110146,5.1740435695475115,176.62760144803332,0.0009500253861526183
final_reproduction_candidate,paper_exact_reconstructed_metadata,supplemental,9,0.25,eigen,352,0.2353371098610967,5.296732611952501,199.68330009299058,0.0009500253861526183
final_reproduction_candidate,paper_exact_reconstructed_metadata,supplemental,9,0.25,eigen,353,0.23533710986109732,4.902654062535503,134.64666654863143,0.0009500253861526183
final_reproduction_candidate,paper_exact_reconstructed_metadata,supplemental,9,0.25,eigen,354,0.23533710986110018,4.858819236355696,128.8719449278554,0.0009500253861526183
final_reproduction_candidate,paper_exact_reconstructed_metadata,supplemental,9,0.25,eigen,355,0.23533710986109557,5.29167856946233,198.67663820850356,0.0009500253861526183
final_reproduction_candidate,paper_exact_reconstructed_metadata,supplemental,9,0.25,eigen,356,0.23533710986109982,5.201959973048274,181.627878989358,0.000950025386152618
final_reproduction_candidate,paper_exact_reconstructed_metadata,supplemental,9,0.25,eigen,357,0.23533710986109835,5.285680911157292,197.48860987463834,0.000950025386152618
final_reproduction_candidate,paper_exact_reconstructed_metadata,supplemental,9,0.25,eigen,358,0.28441880085846183,3.8030953734736577,44.8397657237053,0.0009490092653039762
final_reproduction_candidate,paper_exact_reconstructed_metadata,supplemental,9,0.25,eigen,359,0.28441880085846233,3.8030953734736546,44.839765723705156,0.0009490092653039762
final_reproduction_candidate,paper_exact_reconstructed_metadata,supplemental,9,0.25,eigen,360,0.28686710264804804,4.662255014094087,105.87456179718465,0.0009323905964280344
final_reproduction_candidate,paper_exact_reconstructed_metadata,supplemental,9,0.25,eigen,361,0.2868671026480477,4.949481782734119,141.10182357059574,0.000932390596428034
final_reproduction_candidate,paper_exact_reconstructed_metadata,supplemental,9,0.25,eigen,362,0.2868671026480483,4.663313024546007,105.98663746831957,0.0009323905964280334
final_reproduction_candidate,paper_exact_reconstructed_metadata,supplemental,9,0.25,eigen,363,0.2868671026480482,4.248938604280476,70.03104223714747,0.0009323905964280334
final_reproduction_candidate,paper_exact_reconstructed_metadata,supplemental,9,0.25,eigen,364,0.2868671026480485,4.622430496830879,101.74101307460892,0.0009323905964280334
final_reproduction_candidate,paper_exact_reconstructed_metadata,supplemental,9,0.25,eigen,365,0.28686710264804893,4.699200380975381,109.85929174155429,0.0009323905964280334
final_reproduction_candidate,paper_exact_reconstructed_metadata,supplemental,9,0.25,eigen,366,0.28686710264804893,4.675501367672364,107.28634351436243,0.0009323905964280334
final_reproduction_candidate,paper_exact_reconstructed_metadata,supplemental,9,0.25,eigen,367,0.28686710264805043,4.405657706282952,81.91299982482877,0.0009323905964280334
final_reproduction_candidate,paper_exact_reconstructed_metadata,supplemental,9,0.25,eigen,368,0.31710402114421293,3.093831298984799,22.061440237629864,0.0009117410022571013
final_reproduction_candidate,paper_exact_reconstructed_metadata,supplemental,9,0.25,eigen,369,0.28260750331056084,4.146388716564503,63.205335279205606,0.0008914821818237461
final_reproduction_candidate,paper_exact_reconstructed_metadata,supplemental,9,0.25,eigen,370,0.28260750331056067,4.064918440866254,58.260156680865784,0.0008914821818237461
final_reproduction_candidate,paper_exact_reconstructed_metadata,supplemental,9,0.25,eigen,371,0.2826075033105602,4.544451516217697,94.10879590290921,0.0008914821818237461
final_reproduction_candidate,paper_exact_reconstructed_metadata,supplemental,9,0.25,eigen,372,0.2826075033105606,4.5383434315748055,93.53572338134248,0.0008914821818237456
final_reproduction_candidate,paper_exact_reconstructed_metadata,supplemental,9,0.25,eigen,373,0.3038904035580253,3.7464417604682976,42.37005066734018,0.0008867033806416871
final_reproduction_candidate,paper_exact_reconstructed_metadata,supplemental,9,0.25,eigen,374,0.3038904035580249,3.746441760468297,42.37005066734016,0.0008867033806416862
final_reproduction_candidate,paper_exact_reconstructed_metadata,supplemental,9,0.25,eigen,375,0.35153258574732416,3.7283694992137746,41.61120571793794,0.0008620464443052502
final_reproduction_candidate,paper_exact_reconstructed_metadata,supplemental,9,0.25,eigen,376,0.3515325857473253,3.728369499213773,41.61120571793787,0.0008620464443052502
final_reproduction_candidate,paper_exact_reconstructed_metadata,supplemental,9,0.25,eigen,377,0.33063677849096795,4.4435326014114755,85.07494734067616,0.0008482156870720662
final_reproduction_candidate,paper_exact_reconstructed_metadata,supplemental,9,0.25,eigen,378,0.3306367784909685,4.402678861256915,81.66935676036245,0.0008482156870720662
final_reproduction_candidate,paper_exact_reconstructed_metadata,supplemental,9,0.25,eigen,379,0.3306367784909676,4.472836496473045,87.60486180619955,0.0008482156870720658
final_reproduction_candidate,paper_exact_reconstructed_metadata,supplemental,9,0.25,eigen,380,0.33063677849096884,4.472259078581421,87.55429179301963,0.0008482156870720658
final_reproduction_candidate,paper_exact_reconstructed_metadata,supplemental,9,0.25,eigen,381,0.3797184694883292,3.737580732543058,41.99626696481623,0.0008473084590586446
final_reproduction_candidate,paper_exact_reconstructed_metadata,supplemental,9,0.25,eigen,382,0.37971846948833027,3.737580732543078,41.99626696481707,0.0008473084590586439
final_reproduction_candidate,paper_exact_reconstructed_metadata,supplemental,9,0.25,eigen,383,0.35289113065204847,3.9520597006153055,52.04244838196492,0.000839645992149565
final_reproduction_candidate,paper_exact_reconstructed_metadata,supplemental,9,0.25,eigen,384,0.35289113065204814,3.952059700615308,52.04244838196506,0.0008396459921495646
final_reproduction_candidate,paper_exact_reconstructed_metadata,supplemental,9,0.25,eigen,385,0.3472729864098389,4.40935443941986,82.216370720762,0.0008242243625651617
final_reproduction_candidate,paper_exact_reconstructed_metadata,supplemental,9,0.25,eigen,386,0.34727298640983434,4.3423883715859555,76.8909644020921,0.0008242243625651617
final_reproduction_candidate,paper_exact_reconstructed_metadata,supplemental,9,0.25,eigen,387,0.3472729864098373,4.4595582328620536,86.44931019509866,0.0008242243625651614
final_reproduction_candidate,paper_exact_reconstructed_metadata,supplemental,9,0.25,eigen,388,0.3472729864098356,4.25628802306984,70.54762566354988,0.0008242243625651614
final_reproduction_candidate,paper_exact_reconstructed_metadata,supplemental,9,0.25,eigen,389,0.41240368977408,4.203714473869463,66.9344962913616,0.0008140340583878299
final_reproduction_candidate,paper_exact_reconstructed_metadata,supplemental,9,0.25,eigen,390,0.41240368977408076,4.413558980962634,82.56278060400176,0.0008140340583878296
final_reproduction_candidate,paper_exact_reconstructed_metadata,supplemental,9,0.25,eigen,391,0.4124036897740839,4.357695714697114,78.07701526105473,0.0008140340583878296
final_reproduction_candidate,paper_exact_reconstructed_metadata,supplemental,9,0.25,eigen,392,0.41240368977407366,4.0132635220991615,55.327137586959125,0.000814034058387829
final_reproduction_candidate,paper_exact_reconstructed_metadata,supplemental,9,0.25,eigen,393,0.4109072070281242,4.605628644884043,100.04585640042936,0.0008083950632843032
final_reproduction_candidate,paper_exact_reconstructed_metadata,supplemental,9,0.25,eigen,394,0.4109072070281184,4.800813898771546,121.60935495535087,0.0008083950632843032
final_reproduction_candidate,paper_exact_reconstructed_metadata,supplemental,9,0.25,eigen,395,0.4109072070281134,4.6940679176544995,109.29688745050939,0.0008083950632843028
final_reproduction_candidate,paper_exact_reconstructed_metadata,supplemental,9,0.25,eigen,396,0.4109072070281175,4.617316632375283,101.22205140496149,0.0008083950632843028
final_reproduction_candidate,paper_exact_reconstructed_metadata,supplemental,9,0.25,eigen,397,0.41090720702812017,4.46473652976478,86.89813145226867,0.0008083950632843028
final_reproduction_candidate,paper_exact_reconstructed_metadata,supplemental,9,0.25,eigen,398,0.41090720702812056,4.5108376291244765,90.99800917907108,0.0008083950632843028
final_reproduction_candidate,paper_exact_reconstructed_metadata,supplemental,9,0.25,eigen,399,0.41090720702812333,4.267289542245112,71.32804172986326,0.0008083950632843024
final_reproduction_candidate,paper_exact_reconstructed_metadata,supplemental,9,0.25,eigen,400,0.41090720702811884,4.7637688015784585,117.18674829308226,0.0008083950632843024
final_reproduction_candidate,paper_exact_reconstructed_metadata,supplemental,9,0.25,eigen,401,0.3855763509377949,4.55784596200933,95.37781097202199,0.0008066725019574943
final_reproduction_candidate,paper_exact_reconstructed_metadata,supplemental,9,0.25,eigen,402,0.3855763509378004,4.266231403851946,71.25260670778454,0.0008066725019574939
final_reproduction_candidate,paper_exact_reconstructed_metadata,supplemental,9,0.25,eigen,403,0.38557635093780407,4.61714400444318,101.20457915968642,0.0008066725019574939
final_reproduction_candidate,paper_exact_reconstructed_metadata,supplemental,9,0.25,eigen,404,0.3855763509378079,4.555882736275144,95.19074648404263,0.0008066725019574939
final_reproduction_candidate,paper_exact_reconstructed_metadata,supplemental,9,0.25,eigen,405,0.47557269012739334,4.7189923759154535,112.05528615834544,0.0007474057466558105
final_reproduction_candidate,paper_exact_reconstructed_metadata,supplemental,9,0.25,eigen,406,0.4755726901273937,4.532298827161247,92.9720422659237,0.0007474057466558105
final_reproduction_candidate,paper_exact_reconstructed_metadata,supplemental,9,0.25,eigen,407,0.4755726901273943,4.410375251780202,82.30034105990444,0.0007474057466558105
final_reproduction_candidate,paper_exact_reconstructed_metadata,supplemental,9,0.25,eigen,408,0.4755726901273938,4.476812555011722,87.95387725814776,0.0007474057466558105
final_reproduction_candidate,paper_exact_reconstructed_metadata,supplemental,9,0.25,eigen,409,0.4755726901273941,4.482949926009539,88.49534272116354,0.0007474057466558105
final_reproduction_candidate,paper_exact_reconstructed_metadata,supplemental,9,0.25,eigen,410,0.47557269012739667,4.548018282014445,94.44505926715193,0.0007474057466558101
final_reproduction_candidate,paper_exact_reconstructed_metadata,supplemental,9,0.25,eigen,411,0.4755726901273939,4.153622047351374,63.664177856251655,0.0007474057466558101
final_reproduction_candidate,paper_exact_reconstructed_metadata,supplemental,9,0.25,eigen,412,0.4755726901273949,3.691218229444375,40.093660495953685,0.0007474057466558098
final_reproduction_candidate,paper_exact_reconstructed_metadata,supplemental,9,0.25,eigen,413,0.5077033584039504,3.1743561501261803,23.911419546701566,0.000726797902666332
final_reproduction_candidate,paper_exact_reconstructed_metadata,supplemental,9,0.25,eigen,414,0.48087601956767095,4.332619829822254,76.14350852583593,0.0007202252492020237
final_reproduction_candidate,paper_exact_reconstructed_metadata,supplemental,9,0.25,eigen,415,0.48087601956767045,4.421708150930626,83.2383476528883,0.0007202252492020237
final_reproduction_candidate,paper_exact_reconstructed_metadata,supplemental,9,0.25,eigen,416,0.48087601956766945,4.408616492858343,82.15572181326684,0.0007202252492020235
final_reproduction_candidate,paper_exact_reconstructed_metadata,supplemental,9,0.25,eigen,417,0.48087601956767145,4.427956935890856,83.76011469503996,0.0007202252492020235
final_reproduction_candidate,paper_exact_reconstructed_metadata,supplemental,9,0.25,eigen,418,0.5299577105650318,3.5546131637917506,34.974288029572925,0.0007194549162171374
final_reproduction_candidate,paper_exact_reconstructed_metadata,supplemental,9,0.25,eigen,419,0.5299577105650333,3.554613163791781,34.974288029573984,0.0007194549162171371
final_reproduction_candidate,paper_exact_reconstructed_metadata,supplemental,9,0.25,eigen,420,0.4713130907899052,3.283275005094726,26.66295116790528,0.0007146134981293285
final_reproduction_candidate,paper_exact_reconstructed_metadata,supplemental,9,0.25,eigen,421,0.5626429308507842,4.007255561439377,54.995730857075486,0.0006912014143302412
final_reproduction_candidate,paper_exact_reconstructed_metadata,supplemental,9,0.25,eigen,422,0.5626429308507823,3.8620829916252215,47.56432434239478,0.0006912014143302412
final_reproduction_candidate,paper_exact_reconstructed_metadata,supplemental,9,0.25,eigen,423,0.5626429308507844,4.015642829478821,55.45893458432309,0.0006912014143302409
final_reproduction_candidate,paper_exact_reconstructed_metadata,supplemental,9,0.25,eigen,424,0.562642930850787,4.018852024684816,55.637199021014034,0.00069120141433024
final_reproduction_candidate,paper_exact_reconstructed_metadata,supplemental,9,0.25,eigen,425,0.5825894935974893,3.538272805764585,34.40743950798775,0.00068139935976068
final_reproduction_candidate,paper_exact_reconstructed_metadata,supplemental,9,0.25,eigen,426,0.5825894935974876,3.538272805764593,34.40743950798803,0.0006813993597606794
final_reproduction_candidate,paper_exact_reconstructed_metadata,supplemental,9,0.25,eigen,427,0.5996127945074622,3.430542071348588,30.893384630289173,0.0006480107351806723
final_reproduction_candidate,paper_exact_reconstructed_metadata,supplemental,9,0.25,eigen,428,0.5996127945074646,3.430542071348567,30.893384630288526,0.0006480107351806721
final_reproduction_candidate,paper_exact_reconstructed_metadata,supplemental,9,0.25,eigen,429,0.6472549766967624,3.455613644761816,31.677721587133117,0.0006299912262992306
final_reproduction_candidate,paper_exact_reconstructed_metadata,supplemental,9,0.25,eigen,430,0.6472549766967625,3.45561364476182,31.67772158713324,0.0006299912262992304
final_reproduction_candidate,paper_exact_reconstructed_metadata,supplemental,9,0.25,eigen,431,0.6579425994806538,3.8755508128079805,48.209245248971634,0.0006171286484623729
final_reproduction_candidate,paper_exact_reconstructed_metadata,supplemental,9,0.25,eigen,432,0.6579425994806506,3.8395791397958714,46.50589783891438,0.0006171286484623722
final_reproduction_candidate,paper_exact_reconstructed_metadata,supplemental,9,0.25,eigen,433,0.6579425994806546,3.4884142953520265,32.734000074251654,0.0006171286484623722
final_reproduction_candidate,paper_exact_reconstructed_metadata,supplemental,9,0.25,eigen,434,0.6579425994806541,3.85247590478795,47.10955773697634,0.0006171286484623722
final_reproduction_candidate,paper_exact_reconstructed_metadata,supplemental,9,0.25,eigen,435,0.2980417727108219,3.0730767863567525,21.608284576347906,0.0005546625567576507
final_reproduction_candidate,paper_exact_reconstructed_metadata,supplemental,9,0.25,eigen,436,0.7712950810768299,3.126982093146924,22.805052063492678,0.0005462107824808281
final_reproduction_candidate,paper_exact_reconstructed_metadata,supplemental,9,0.25,eigen,437,0.7712950810768313,3.1269820931469257,22.805052063492717,0.0005462107824808277
final_reproduction_candidate,paper_exact_reconstructed_metadata,supplemental,9,0.25,eigen,438,0.31518582049224647,3.9513024445999254,52.00305384263103,0.000543682892783691
final_reproduction_candidate,paper_exact_reconstructed_metadata,supplemental,9,0.25,eigen,439,0.31518582049224597,3.9513024445999325,52.0030538426314,0.000543682892783691
final_reproduction_candidate,paper_exact_reconstructed_metadata,supplemental,9,0.25,eigen,440,0.8081818405573554,2.4416819845236355,11.492354457894876,0.0005240077982556308
final_reproduction_candidate,paper_exact_reconstructed_metadata,supplemental,9,0.25,eigen,441,0.3478710407779981,3.3075872900380743,27.31913274953081,0.0005223320822035031
final_reproduction_candidate,paper_exact_reconstructed_metadata,supplemental,9,0.25,eigen,442,0.3627072558100977,4.397715744746057,81.2650264266442,0.0005128160737291368
final_reproduction_candidate,paper_exact_reconstructed_metadata,supplemental,9,0.25,eigen,443,0.36270725581009966,4.0150580539698035,55.42651303820894,0.0005128160737291365
final_reproduction_candidate,paper_exact_reconstructed_metadata,supplemental,9,0.25,eigen,444,0.36270725581009805,4.3585932080739385,78.14712031984098,0.0005128160737291362
final_reproduction_candidate,paper_exact_reconstructed_metadata,supplemental,9,0.25,eigen,445,0.36270725581009816,4.108868960700258,60.877823405208844,0.0005128160737291359
final_reproduction_candidate,paper_exact_reconstructed_metadata,supplemental,9,0.25,eigen,446,0.4104854891221133,3.96532089529597,52.73718979079009,0.0004854189847699115
final_reproduction_candidate,paper_exact_reconstructed_metadata,supplemental,9,0.25,eigen,447,0.41048548912211397,3.96532089529597,52.73718979079009,0.00048541898476991133
final_reproduction_candidate,paper_exact_reconstructed_metadata,supplemental,9,0.25,eigen,448,0.42737273890937244,3.225287815883662,25.160814795926914,0.0004741266960803183
final_reproduction_candidate,paper_exact_reconstructed_metadata,supplemental,9,0.25,eigen,449,0.443170709407867,4.466111467607474,87.01769315778306,0.00046635623894249585
final_reproduction_candidate,paper_exact_reconstructed_metadata,supplemental,9,0.25,eigen,450,0.44317070940786435,4.593740059503075,98.86349492334975,0.00046635623894249564
final_reproduction_candidate,paper_exact_reconstructed_metadata,supplemental,9,0.25,eigen,451,0.44317070940786735,4.527213745568653,92.50047184835374,0.0004663562389424954
final_reproduction_candidate,paper_exact_reconstructed_metadata,supplemental,9,0.25,eigen,452,0.4431707094078676,4.557302491713947,95.32599004776199,0.0004663562389424954
final_reproduction_candidate,paper_exact_reconstructed_metadata,supplemental,9,0.25,eigen,453,0.4867473601901671,4.56060877519793,95.64168639747832,0.0004446183648394082
final_reproduction_candidate,paper_exact_reconstructed_metadata,supplemental,9,0.25,eigen,454,0.4867473601901693,4.625811773905831,102.08560989004094,0.0004446183648394082
final_reproduction_candidate,paper_exact_reconstructed_metadata,supplemental,9,0.25,eigen,455,0.48674736019016673,4.609047285800486,100.3884625486659,0.0004446183648394082
final_reproduction_candidate,paper_exact_reconstructed_metadata,supplemental,9,0.25,eigen,456,0.48674736019016673,4.623054663490719,101.80453624536878,0.00044461836483940774
final_reproduction_candidate,paper_exact_reconstructed_metadata,supplemental,9,0.25,eigen,457,0.5384703780377372,3.3708680612381587,29.10377995894528,0.0004163790603921889
final_reproduction_candidate,paper_exact_reconstructed_metadata,supplemental,9,0.25,eigen,458,0.5607247301988172,3.8266690938856853,45.90936349093572,0.0004121722983927778
final_reproduction_candidate,paper_exact_reconstructed_metadata,supplemental,9,0.25,eigen,459,0.5607247301988176,3.8266690938856818,45.909363490935554,0.00041217229839277765
final_reproduction_candidate,paper_exact_reconstructed_metadata,supplemental,9,0.25,eigen,460,0.5514128432894404,4.414138694614354,82.610657251074,0.00041107415921071036
final_reproduction_candidate,paper_exact_reconstructed_metadata,supplemental,9,0.25,eigen,461,0.5514128432894427,4.2862539454843676,72.69364345860282,0.00041107415921071036
final_reproduction_candidate,paper_exact_reconstructed_metadata,supplemental,9,0.25,eigen,462,0.5514128432894424,4.050694675496724,57.43734350489896,0.0004110741592107099
final_reproduction_candidate,paper_exact_reconstructed_metadata,supplemental,9,0.25,eigen,463,0.5514128432894426,4.412842488084592,82.50364614694608,0.0004110741592107099
final_reproduction_candidate,paper_exact_reconstructed_metadata,supplemental,9,0.25,eigen,464,0.5934099504845688,4.20681878523948,67.14260465870669,0.00039598600158964077
final_reproduction_candidate,paper_exact_reconstructed_metadata,supplemental,9,0.25,eigen,465,0.5934099504845656,3.8533868768495565,47.15249278125306,0.0003959860015896406
final_reproduction_candidate,paper_exact_reconstructed_metadata,supplemental,9,0.25,eigen,466,0.5934099504845705,4.29929928934307,73.64816955764242,0.0003959860015896406
final_reproduction_candidate,paper_exact_reconstructed_metadata,supplemental,9,0.25,eigen,467,0.5934099504845722,3.996788097678599,54.42306743293088,0.0003959860015896403
final_reproduction_candidate,paper_exact_reconstructed_metadata,supplemental,9,0.25,eigen,468,0.6584296467595365,3.9292621843438105,50.86943155682583,0.00037477055823244786
final_reproduction_candidate,paper_exact_reconstructed_metadata,supplemental,9,0.25,eigen,469,0.6584296467595376,4.389023049043292,80.5616757164212,0.00037477055823244786
final_reproduction_candidate,paper_exact_reconstructed_metadata,supplemental,9,0.25,eigen,470,0.6584296467595377,4.196545281418881,66.45634602945839,0.00037477055823244786
final_reproduction_candidate,paper_exact_reconstructed_metadata,supplemental,9,0.25,eigen,471,0.658429646759537,4.329726851686633,75.92354534824483,0.00037477055823244786
final_reproduction_candidate,paper_exact_reconstructed_metadata,supplemental,9,0.25,eigen,472,0.6754529476695103,3.1390086731910736,23.08097472478304,0.0003564067701055293
final_reproduction_candidate,paper_exact_reconstructed_metadata,supplemental,9,0.25,eigen,473,0.6887096191144397,4.091148660031834,59.80855195614617,0.0003535500664561391
final_reproduction_candidate,paper_exact_reconstructed_metadata,supplemental,9,0.25,eigen,474,0.6887096191144348,4.239501498955833,69.37326057474712,0.000353550066456139
final_reproduction_candidate,paper_exact_reconstructed_metadata,supplemental,9,0.25,eigen,475,0.6887096191144368,3.6313134421681674,37.762382764815655,0.0003535500664561388
final_reproduction_candidate,paper_exact_reconstructed_metadata,supplemental,9,0.25,eigen,476,0.6887096191144408,4.233660445352764,68.96922877553459,0.00035355006645613834
final_reproduction_candidate,paper_exact_reconstructed_metadata,supplemental,9,0.25,eigen,477,0.7377913101117993,3.706109972729955,40.69519281137068,0.00035317191909418303
final_reproduction_candidate,paper_exact_reconstructed_metadata,supplemental,9,0.25,eigen,478,0.7377913101118003,3.7061099727299864,40.69519281137197,0.0003531719190941827
final_reproduction_candidate,paper_exact_reconstructed_metadata,supplemental,9,0.25,eigen,479,0.7230951298588072,4.064981922618883,58.26385525511506,0.0003464960161462884
final_reproduction_candidate,paper_exact_reconstructed_metadata,supplemental,9,0.25,eigen,480,0.7230951298588101,4.123129894844716,61.75221805887224,0.00034649601614628826
final_reproduction_candidate,paper_exact_reconstructed_metadata,supplemental,9,0.25,eigen,481,0.7230951298588488,3.8462684949197135,46.81803513959242,0.0003464960161462881
final_reproduction_candidate,paper_exact_reconstructed_metadata,supplemental,9,0.25,eigen,482,0.7230951298588139,4.148176448791444,63.31843055591341,0.0003464960161462881
final_reproduction_candidate,paper_exact_reconstructed_metadata,supplemental,9,0.25,eigen,483,0.7867293504771049,3.492876689984279,32.88039850131721,0.00033984153056164135
final_reproduction_candidate,paper_exact_reconstructed_metadata,supplemental,9,0.25,eigen,484,0.7867293504770694,3.492876689984354,32.880398501319675,0.00033984153056164135
final_reproduction_candidate,paper_exact_reconstructed_metadata,supplemental,9,0.25,eigen,485,0.7704765303975571,3.808151599927804,45.06705987446508,0.000339302608790499
final_reproduction_candidate,paper_exact_reconstructed_metadata,supplemental,9,0.25,eigen,486,0.770476530397511,4.182779794914189,65.54780966397422,0.000339302608790499
final_reproduction_candidate,paper_exact_reconstructed_metadata,supplemental,9,0.25,eigen,487,0.7704765303975626,3.992588316679043,54.194981758580084,0.000339302608790499
final_reproduction_candidate,paper_exact_reconstructed_metadata,supplemental,9,0.25,eigen,488,0.7704765303975526,4.248024922020234,69.96708533878022,0.0003393026087904986
final_reproduction_candidate,paper_exact_reconstructed_metadata,supplemental,9,0.25,eigen,489,0.8513948335763671,3.3274704791691927,27.867760392002868,0.0003142022068543342
final_reproduction_candidate,paper_exact_reconstructed_metadata,supplemental,9,0.25,eigen,490,0.8513948335763692,3.327470479169187,27.867760392002708,0.0003142022068543341
final_reproduction_candidate,paper_exact_reconstructed_metadata,supplemental,9,0.25,eigen,491,0.8657761990274094,4.009389989612589,55.11324065792558,0.0003029411630841865
final_reproduction_candidate,paper_exact_reconstructed_metadata,supplemental,9,0.25,eigen,492,0.8657761990274218,4.040511764003989,56.85543192494247,0.0003029411630841865
final_reproduction_candidate,paper_exact_reconstructed_metadata,supplemental,9,0.25,eigen,493,0.8657761990274229,3.775682848164996,43.62728896094758,0.00030294116308418633
final_reproduction_candidate,paper_exact_reconstructed_metadata,supplemental,9,0.25,eigen,494,0.8657761990274209,4.04685584080322,57.21727371398139,0.00030294116308418595
final_reproduction_candidate,paper_exact_reconstructed_metadata,supplemental,9,0.25,eigen,495,0.8471352342388756,3.8244311940820883,45.80673781122111,0.00030041666011370753
final_reproduction_candidate,paper_exact_reconstructed_metadata,supplemental,9,0.25,eigen,496,0.8471352342388861,4.032274112193145,56.38900046081166,0.00030041666011370753
final_reproduction_candidate,paper_exact_reconstructed_metadata,supplemental,9,0.25,eigen,497,0.8471352342388903,3.4912522930414895,32.82703103922002,0.00030041666011370726
final_reproduction_candidate,paper_exact_reconstructed_metadata,supplemental,9,0.25,eigen,498,0.8471352342388832,4.020694541709373,55.73980600593911,0.00030041666011370704
final_reproduction_candidate,paper_exact_reconstructed_metadata,supplemental,9,0.25,eigen,499,0.8389488601911402,2.8442584150226717,17.18880698024471,0.00030020157443413345
final_reproduction_candidate,paper_exact_reconstructed_metadata,supplemental,9,0.25,eigen,500,0.975434937956438,3.1105131697026094,22.432553154152885,0.0002724174974170082
final_reproduction_candidate,paper_exact_reconstructed_metadata,supplemental,9,0.25,eigen,501,0.9754349379564375,3.1105131697026294,22.432553154153336,0.0002724174974170082
final_reproduction_candidate,paper_exact_reconstructed_metadata,supplemental,9,0.25,eigen,502,1.016015440104122,2.9027320445340536,18.223865832293722,0.0002572292378003636
final_reproduction_candidate,paper_exact_reconstructed_metadata,supplemental,9,0.25,eigen,503,1.016015440104122,3.489067629079307,32.75539328822211,0.00025722923780036337
final_reproduction_candidate,paper_exact_reconstructed_metadata,supplemental,9,0.25,eigen,504,1.0160154401041224,3.0098756817324164,20.284877987593156,0.00025722923780036337
final_reproduction_candidate,paper_exact_reconstructed_metadata,supplemental,9,0.25,eigen,505,1.0160154401041241,3.383534760560803,29.474773460069507,0.00025722923780036315
final_reproduction_candidate,paper_exact_reconstructed_metadata,supplemental,9,0.25,eigen,506,1.01881752080825,2.3762570812021178,10.764536580878124,0.0002532223774737849
final_reproduction_candidate,paper_exact_reconstructed_metadata,supplemental,9,0.25,eigen,507,1.1471172245258057,2.621246751234356,13.75285929517662,0.0002296217737567679
final_reproduction_candidate,paper_exact_reconstructed_metadata,supplemental,9,0.25,eigen,508,1.1471172245258054,2.6212467512343527,13.752859295176577,0.0002296217737567678
final_reproduction_candidate,paper_exact_reconstructed_metadata,supplemental,9,0.25,eigen,509,1.1930820200171048,1.9834365504061984,7.267675853500226,0.00022040817375484274
final_reproduction_candidate,paper_exact_reconstructed_metadata,supplemental,9,0.25,eigen,510,1.2229573776878575,2.3404398903020143,10.385804172568688,0.0001262922823458081
final_reproduction_candidate,paper_exact_reconstructed_metadata,supplemental,9,0.25,eigen,511,1.2238490396508914,2.3330672752107433,10.309515206143404,0.00012627079405997153
final_reproduction_candidate,paper_exact_reconstructed_metadata,supplemental,9,0.25,min_variance,0,-1.4819596420518286,0.4145455273504722,1.5136826569786161,0.008286134973878112
final_reproduction_candidate,paper_exact_reconstructed_metadata,supplemental,9,0.25,min_variance,1,-1.4029138564560875,0.3276041377077216,1.3876395493758082,0.009072347546160075
final_reproduction_candidate,paper_exact_reconstructed_metadata,supplemental,9,0.25,min_variance,2,-1.3726704479196772,0.34525670859846663,1.412352436149544,0.009213958213050885
final_reproduction_candidate,paper_exact_reconstructed_metadata,supplemental,9,0.25,min_variance,3,-1.300493564528911,0.3509635850358097,1.4204355998588962,0.006044184059018479
final_reproduction_candidate,paper_exact_reconstructed_metadata,supplemental,9,0.25,min_variance,4,-1.2873211274699699,0.2850534051990854,1.329833046223673,0.00909003384436045
final_reproduction_candidate,paper_exact_reconstructed_metadata,supplemental,9,0.25,min_variance,5,-1.2339486579099423,0.30774898464446665,1.360359474959057,0.009286194594742439
final_reproduction_candidate,paper_exact_reconstructed_metadata,supplemental,9,0.25,min_variance,6,-1.2290863355155197,0.37199369588935216,1.4506238363711605,0.006342872463938055
final_reproduction_candidate,paper_exact_reconstructed_metadata,supplemental,9,0.25,min_variance,7,-1.1886551091631619,0.4287716817812235,1.5353704413311533,0.005160548404645
final_reproduction_candidate,paper_exact_reconstructed_metadata,supplemental,9,0.25,min_variance,8,-1.1761722837900082,0.3199733984350797,1.377091131069584,0.006748757520665229
final_reproduction_candidate,paper_exact_reconstructed_metadata,supplemental,9,0.25,min_variance,9,-1.171443642682835,0.4798392972411011,1.6158147154446223,0.006643844966158995
final_reproduction_candidate,paper_exact_reconstructed_metadata,supplemental,9,0.25,min_variance,10,-1.111119678848921,0.20232661345445813,1.2242477986219449,0.0042960882766615175
final_reproduction_candidate,paper_exact_reconstructed_metadata,supplemental,9,0.25,min_variance,11,-1.1040554927713186,0.32714885552777606,1.3870079256112222,0.007347363633993362
final_reproduction_candidate,paper_exact_reconstructed_metadata,supplemental,9,0.25,min_variance,12,-1.093163349325346,0.3854466711035736,1.470270902318866,0.0041395157610256755
final_reproduction_candidate,paper_exact_reconstructed_metadata,supplemental,9,0.25,min_variance,13,-1.080960439754062,0.3617596963189194,1.4358538595317842,0.004626831171628749
final_reproduction_candidate,paper_exact_reconstructed_metadata,supplemental,9,0.25,min_variance,14,-1.0800924431306558,0.2852287103244706,1.330066193207916,0.004252692832937235
final_reproduction_candidate,paper_exact_reconstructed_metadata,supplemental,9,0.25,min_variance,15,-1.0750529017335622,0.37286675127561486,1.4518908643372606,0.006293470774101173
final_reproduction_candidate,paper_exact_reconstructed_metadata,supplemental,9,0.25,min_variance,16,-1.056269381714455,0.48725283170037237,1.6278381264355524,0.006474236053467905
final_reproduction_candidate,paper_exact_reconstructed_metadata,supplemental,9,0.25,min_variance,17,-1.0141946325766777,0.6204344271388855,1.8597357860772594,0.004258729764040701
final_reproduction_candidate,paper_exact_reconstructed_metadata,supplemental,9,0.25,min_variance,18,-1.005062837451044,0.27054006761475513,1.3106721111846145,0.0037413772384786124
final_reproduction_candidate,paper_exact_reconstructed_metadata,supplemental,9,0.25,min_variance,19,-0.9911629014167028,0.6012137291335836,1.8243317017231429,0.005239323851696219
final_reproduction_candidate,paper_exact_reconstructed_metadata,supplemental,9,0.25,min_variance,20,-0.9850899207527709,0.3763656711470901,1.456979811851735,0.0063369983355405285
final_reproduction_candidate,paper_exact_reconstructed_metadata,supplemental,9,0.25,min_variance,21,-0.9815463864980184,0.29659817802242666,1.3452746299167497,0.00431789310287693
final_reproduction_candidate,paper_exact_reconstructed_metadata,supplemental,9,0.25,min_variance,22,-0.9779203284322757,0.2148519479732752,1.2396783464872028,0.004479391392794742
final_reproduction_candidate,paper_exact_reconstructed_metadata,supplemental,9,0.25,min_variance,23,-0.9674165679101461,0.6808741644500641,1.9756039803751886,0.005533526810238859
final_reproduction_candidate,paper_exact_reconstructed_metadata,supplemental,9,0.25,min_variance,24,-0.9659701326033472,0.4173490692109337,1.5179322838909293,0.004188004450513249
final_reproduction_candidate,paper_exact_reconstructed_metadata,supplemental,9,0.25,min_variance,25,-0.9504461431918201,0.4137290622196774,1.5124472922548409,0.005196852245050218
final_reproduction_candidate,paper_exact_reconstructed_metadata,supplemental,9,0.25,min_variance,26,-0.9484847053287658,0.37568667141273726,1.455990858733978,0.005996517162938026
final_reproduction_candidate,paper_exact_reconstructed_metadata,supplemental,9,0.25,min_variance,27,-0.921231393557713,0.42339633689905554,1.527139437747709,0.00435480180055596
final_reproduction_candidate,paper_exact_reconstructed_metadata,supplemental,9,0.25,min_variance,28,-0.9168988143671485,0.5208276828557286,1.6834204114504052,0.005114029037433289
final_reproduction_candidate,paper_exact_reconstructed_metadata,supplemental,9,0.25,min_variance,29,-0.9115301333414154,0.24229342224965686,1.2741680072138997,0.003775983446565084
final_reproduction_candidate,paper_exact_reconstructed_metadata,supplemental,9,0.25,min_variance,30,-0.9018018155069305,0.5995226175481234,1.821249160441909,0.003426135222318026
final_reproduction_candidate,paper_exact_reconstructed_metadata,supplemental,9,0.25,min_variance,31,-0.8923464457097955,0.460425691448017,1.5847484552908535,0.005058723097934217
final_reproduction_candidate,paper_exact_reconstructed_metadata,supplemental,9,0.25,min_variance,32,-0.8865667151994412,0.4546827059137361,1.5756733518732882,0.004870433708127611
final_reproduction_candidate,paper_exact_reconstructed_metadata,supplemental,9,0.25,min_variance,33,-0.8812345273046227,0.3318575519264218,1.3935543252441662,0.004073929313719362
final_reproduction_candidate,paper_exact_reconstructed_metadata,supplemental,9,0.25,min_variance,34,-0.8799434837210455,0.4106043596454257,1.5077287202136662,0.00381197688715215
final_reproduction_candidate,paper_exact_reconstructed_metadata,supplemental,9,0.25,min_variance,35,-0.8639306002094759,0.49353127048354134,1.6380905594195312,0.0039054571159441533
final_reproduction_candidate,paper_exact_reconstructed_metadata,supplemental,9,0.25,min_variance,36,-0.8596260245398915,0.5384954869111341,1.7134270485684242,0.004349462912600202
final_reproduction_candidate,paper_exact_reconstructed_metadata,supplemental,9,0.25,min_variance,37,-0.8461256108860874,0.5889982855364724,1.8021822388977098,0.004308743820385686
final_reproduction_candidate,paper_exact_reconstructed_metadata,supplemental,9,0.25,min_variance,38,-0.8431769791432157,0.46040614598281765,1.5847174809477758,0.004061188018364369
final_reproduction_candidate,paper_exact_reconstructed_metadata,supplemental,9,0.25,min_variance,39,-0.8385217494108214,0.5808609953279523,1.7875768636912415,0.004215807935648771
final_reproduction_candidate,paper_exact_reconstructed_metadata,supplemental,9,0.25,min_variance,40,-0.8280134257543659,0.347941113616112,1.4161488553995105,0.0035276681506238544
final_reproduction_candidate,paper_exact_reconstructed_metadata,supplemental,9,0.25,min_variance,41,-0.8273004018459558,0.5699111014315873,1.7681098620113522,0.004964082355524287
final_reproduction_candidate,paper_exact_reconstructed_metadata,supplemental,9,0.25,min_variance,42,-0.8134285368742631,0.537385015179652,1.7115253923301985,0.0029949584220300665
final_reproduction_candidate,paper_exact_reconstructed_metadata,supplemental,9,0.25,min_variance,43,-0.806127223288212,0.4772487591956502,1.6116343030464015,0.0035816913588512045
final_reproduction_candidate,paper_exact_reconstructed_metadata,supplemental,9,0.25,min_variance,44,-0.803761276191815,0.5405746757176104,1.7169932930716003,0.005447536623609861
final_reproduction_candidate,paper_exact_reconstructed_metadata,supplemental,9,0.25,min_variance,45,-0.8027389443286306,0.6604176815567098,1.9356006302695616,0.003387180240026011
final_reproduction_candidate,paper_exact_reconstructed_metadata,supplemental,9,0.25,min_variance,46,-0.7954103570800545,0.36245671434466536,1.4368550244286715,0.003615448337723401
final_reproduction_candidate,paper_exact_reconstructed_metadata,supplemental,9,0.25,min_variance,47,-0.7780131075131793,0.5768760924525106,1.7804677175429515,0.004493154403678696
final_reproduction_candidate,paper_exact_reconstructed_metadata,supplemental,9,0.25,min_variance,48,-0.7774133336131386,0.5998807503580502,1.8219015263311569,0.004775782811634754
final_reproduction_candidate,paper_exact_reconstructed_metadata,supplemental,9,0.25,min_variance,49,-0.7661748156748579,0.5855866725171546,1.7960443664842978,0.005102836057956373
final_reproduction_candidate,paper_exact_reconstructed_metadata,supplemental,9,0.25,min_variance,50,-0.7651577465567225,0.5577300008234704,1.746702982267926,0.003390389736132176
final_reproduction_candidate,paper_exact_reconstructed_metadata,supplemental,9,0.25,min_variance,51,-0.7619550650753104,0.4456738406407545,1.5615420719047395,0.004117359293778909
final_reproduction_candidate,paper_exact_reconstructed_metadata,supplemental,9,0.25,min_variance,52,-0.7539883815823187,0.42287483834193695,1.5263432443593008,0.0031585267252627626
final_reproduction_candidate,paper_exact_reconstructed_metadata,supplemental,9,0.25,min_variance,53,-0.7531304941128885,0.7069980057290409,2.0278943845104624,0.0033073483698293034
final_reproduction_candidate,paper_exact_reconstructed_metadata,supplemental,9,0.25,min_variance,54,-0.7530048696403843,0.30828814831626894,1.3610931291306128,0.00379544886151952
final_reproduction_candidate,paper_exact_reconstructed_metadata,supplemental,9,0.25,min_variance,55,-0.7527444113529734,0.3669867109268806,1.4433787378221414,0.003501091488272264
final_reproduction_candidate,paper_exact_reconstructed_metadata,supplemental,9,0.25,min_variance,56,-0.7402146701205532,0.19499964006661596,1.2153105490588134,0.0035475953077026465
final_reproduction_candidate,paper_exact_reconstructed_metadata,supplemental,9,0.25,min_variance,57,-0.7342798867896339,0.4678722765386626,1.596593467219676,0.003349772258533081
final_reproduction_candidate,paper_exact_reconstructed_metadata,supplemental,9,0.25,min_variance,58,-0.7211316263057199,0.2667951456174384,1.305772925623751,0.0038140795536175174
final_reproduction_candidate,paper_exact_reconstructed_metadata,supplemental,9,0.25,min_variance,59,-0.7191777848048151,0.3935499172968792,1.4822332709636887,0.0032485507782001564
final_reproduction_candidate,paper_exact_reconstructed_metadata,supplemental,9,0.25,min_variance,60,-0.7048365853432066,0.36768883124090146,1.4443925192113987,0.0033961508538931707
final_reproduction_candidate,paper_exact_reconstructed_metadata,supplemental,9,0.25,min_variance,61,-0.7029357591554537,0.6051821544252155,1.8315858099618412,0.003467704108682514
final_reproduction_candidate,paper_exact_reconstructed_metadata,supplemental,9,0.25,min_variance,62,-0.7019566763351283,0.5855140747098401,1.7959139823343104,0.003114084608075078
final_reproduction_candidate,paper_exact_reconstructed_metadata,supplemental,9,0.25,min_variance,63,-0.6998820349522749,0.30841906769900973,1.3612713342679301,0.003167264866739193
final_reproduction_candidate,paper_exact_reconstructed_metadata,supplemental,9,0.25,min_variance,64,-0.6828618145168801,0.5170440215147222,1.6770629535373005,0.0033992344848291743
final_reproduction_candidate,paper_exact_reconstructed_metadata,supplemental,9,0.25,min_variance,65,-0.6732951350716367,0.3892038708788054,1.4758053944081457,0.0028637399813882564
final_reproduction_candidate,paper_exact_reconstructed_metadata,supplemental,9,0.25,min_variance,66,-0.6683657778997317,0.45227998553763854,1.5718919939966467,0.0037930946702238815
final_reproduction_candidate,paper_exact_reconstructed_metadata,supplemental,9,0.25,min_variance,67,-0.6669408441831783,0.36852254751008756,1.4455972348795005,0.0030178657440365947
final_reproduction_candidate,paper_exact_reconstructed_metadata,supplemental,9,0.25,min_variance,68,-0.6668860231829932,0.5078531602331987,1.6617199164382765,0.003135641309024434
final_reproduction_candidate,paper_exact_reconstructed_metadata,supplemental,9,0.25,min_variance,69,-0.6656900211501664,0.40639909073869,1.5014016283921854,0.003092573347153666
final_reproduction_candidate,paper_exact_reconstructed_metadata,supplemental,9,0.25,min_variance,70,-0.6653271273213311,0.688533654798286,1.990794200401972,0.0030159776257516267
final_reproduction_candidate,paper_exact_reconstructed_metadata,supplemental,9,0.25,min_variance,71,-0.6502585637452454,0.6174470424867899,1.8541883302508495,0.002734311940007479
final_reproduction_candidate,paper_exact_reconstructed_metadata,supplemental,9,0.25,min_variance,72,-0.6501420400930962,0.5265899471533996,1.6931487264283323,0.0035156089315033384
final_reproduction_candidate,paper_exact_reconstructed_metadata,supplemental,9,0.25,min_variance,73,-0.649080563451532,0.40218983221853233,1.4950951229630296,0.003102984514678078
final_reproduction_candidate,paper_exact_reconstructed_metadata,supplemental,9,0.25,min_variance,74,-0.6487955419800192,0.5312372100867484,1.7010355456122046,0.0033013585202366063
final_reproduction_candidate,paper_exact_reconstructed_metadata,supplemental,9,0.25,min_variance,75,-0.6472105519399153,0.3291620876533266,1.3898031072561015,0.003005731931584577
final_reproduction_candidate,paper_exact_reconstructed_metadata,supplemental,9,0.25,min_variance,76,-0.6399592886656881,0.3964048593967788,1.4864710074986816,0.0032097578845151856
final_reproduction_candidate,paper_exact_reconstructed_metadata,supplemental,9,0.25,min_variance,77,-0.6252163270607078,0.4908041557106323,1.6336293842887477,0.0026371454390305736
final_reproduction_candidate,paper_exact_reconstructed_metadata,supplemental,9,0.25,min_variance,78,-0.6244812286852357,0.379922500953215,1.462171268163617,0.003125683820188921
final_reproduction_candidate,paper_exact_reconstructed_metadata,supplemental,9,0.25,min_variance,79,-0.622905220234623,0.49348869398852085,1.6380208167496946,0.0025496390142419672
final_reproduction_candidate,paper_exact_reconstructed_metadata,supplemental,9,0.25,min_variance,80,-0.6121902006703432,0.5624584008014263,1.7549816496116502,0.003405364346792498
final_reproduction_candidate,paper_exact_reconstructed_metadata,supplemental,9,0.25,min_variance,81,-0.607090141322444,0.4265721443780531,1.5319970479302334,0.002936993823426842
final_reproduction_candidate,paper_exact_reconstructed_metadata,supplemental,9,0.25,min_variance,82,-0.6023986792073429,0.5036986493382724,1.654830603712609,0.0034386898402131443
final_reproduction_candidate,paper_exact_reconstructed_metadata,supplemental,9,0.25,min_variance,83,-0.5988096628224323,0.6979322086429807,2.0095929892236772,0.0022921680965893375
final_reproduction_candidate,paper_exact_reconstructed_metadata,supplemental,9,0.25,min_variance,84,-0.5966985331702948,0.3943362721558598,1.4833992906910083,0.003247689409097404
final_reproduction_candidate,paper_exact_reconstructed_metadata,supplemental,9,0.25,min_variance,85,-0.5917844575899305,0.8573263383534827,2.356850840559467,0.0025258871771007565
final_reproduction_candidate,paper_exact_reconstructed_metadata,supplemental,9,0.25,min_variance,86,-0.5903970342268876,0.7422441091747897,2.1006443041551166,0.0034249995670483815
final_reproduction_candidate,paper_exact_reconstructed_metadata,supplemental,9,0.25,min_variance,87,-0.5820646888916118,0.601057804004952,1.8240472647438974,0.0027722674412478483
final_reproduction_candidate,paper_exact_reconstructed_metadata,supplemental,9,0.25,min_variance,88,-0.5777657995464677,0.5943736787778178,1.8118957607349495,0.002464567699427932
final_reproduction_candidate,paper_exact_reconstructed_metadata,supplemental,9,0.25,min_variance,89,-0.5738094552112419,0.6197057286240554,1.8583810930133255,0.0027872931218414975
final_reproduction_candidate,paper_exact_reconstructed_metadata,supplemental,9,0.25,min_variance,90,-0.5726727093713474,0.3988345750932149,1.4900871006981289,0.002649186690715963
final_reproduction_candidate,paper_exact_reconstructed_metadata,supplemental,9,0.25,min_variance,91,-0.5682345069874468,0.6686481545481409,1.9515972786686009,0.002985819587377385
final_reproduction_candidate,paper_exact_reconstructed_metadata,supplemental,9,0.25,min_variance,92,-0.5662630998700139,0.7113358614025251,2.0367102047254755,0.00308742356259715
final_reproduction_candidate,paper_exact_reconstructed_metadata,supplemental,9,0.25,min_variance,93,-0.5661807860765675,0.4574542402755347,1.5800464419964586,0.003478380447529687
final_reproduction_candidate,paper_exact_reconstructed_metadata,supplemental,9,0.25,min_variance,94,-0.5545894768818598,0.48595065814211064,1.625719778198041,0.002758127678239797
final_reproduction_candidate,paper_exact_reconstructed_metadata,supplemental,9,0.25,min_variance,95,-0.5464432390831253,0.40809556043060563,1.50395087249643,0.0027093340808583078
final_reproduction_candidate,paper_exact_reconstructed_metadata,supplemental,9,0.25,min_variance,96,-0.5463485899781877,0.39773040514666735,1.4884426993201607,0.0030730295451266865
final_reproduction_candidate,paper_exact_reconstructed_metadata,supplemental,9,0.25,min_variance,97,-0.5364235968327302,0.7035728787435971,2.0209604702775863,0.0029655102492365227
final_reproduction_candidate,paper_exact_reconstructed_metadata,supplemental,9,0.25,min_variance,98,-0.5352207873482255,0.2650244761818641,1.3034628791824143,0.0029608310432424935
final_reproduction_candidate,paper_exact_reconstructed_metadata,supplemental,9,0.25,min_variance,99,-0.5306945630159421,0.5458199577846027,1.7260230683570859,0.002263794401876007
final_reproduction_candidate,paper_exact_reconstructed_metadata,supplemental,9,0.25,min_variance,100,-0.5287680734237153,0.4254237491390468,1.530238719635382,0.002553385458228587
final_reproduction_candidate,paper_exact_reconstructed_metadata,supplemental,9,0.25,min_variance,101,-0.5263490517114167,0.4268308944080855,1.5323935035016285,0.0030152312844370205
final_reproduction_candidate,paper_exact_reconstructed_metadata,supplemental,9,0.25,min_variance,102,-0.5197618916121024,0.43604884779469744,1.546584340138579,0.0027803845283944596
final_reproduction_candidate,paper_exact_reconstructed_metadata,supplemental,9,0.25,min_variance,103,-0.5197010265884705,0.7207355869090373,2.055944980770119,0.0031077812506906553
final_reproduction_candidate,paper_exact_reconstructed_metadata,supplemental,9,0.25,min_variance,104,-0.5192558631960419,0.2788348344804156,1.3215890449010261,0.002865905485471524
final_reproduction_candidate,paper_exact_reconstructed_metadata,supplemental,9,0.25,min_variance,105,-0.5079253761589129,0.3119225892536889,1.3660489420682993,0.0026251513405871414
final_reproduction_candidate,paper_exact_reconstructed_metadata,supplemental,9,0.25,min_variance,106,-0.4989152985070191,0.3982887236061303,1.4892739563865331,0.0028035332675877133
final_reproduction_candidate,paper_exact_reconstructed_metadata,supplemental,9,0.25,min_variance,107,-0.496419888549372,0.3561324841128266,1.427796696112607,0.0022775023291251983
final_reproduction_candidate,paper_exact_reconstructed_metadata,supplemental,9,0.25,min_variance,108,-0.49613298689521085,0.5030056446364478,1.653684195602499,0.002858584893537942
final_reproduction_candidate,paper_exact_reconstructed_metadata,supplemental,9,0.25,min_variance,109,-0.4955702771300592,0.3260904466956365,1.385540680781922,0.0024586660163273696
final_reproduction_candidate,paper_exact_reconstructed_metadata,supplemental,9,0.25,min_variance,110,-0.49461318809406296,0.6011475051218695,1.8242108911594819,0.002448914272276792
final_reproduction_candidate,paper_exact_reconstructed_metadata,supplemental,9,0.25,min_variance,111,-0.4924474619896735,0.46729816476865943,1.595677107189944,0.002211138493358296
final_reproduction_candidate,paper_exact_reconstructed_metadata,supplemental,9,0.25,min_variance,112,-0.4877133825590334,0.3713093010779729,1.4496313766001827,0.0027233034155381758
final_reproduction_candidate,paper_exact_reconstructed_metadata,supplemental,9,0.25,min_variance,113,-0.48178097788600155,0.5658245090479517,1.7608990615521143,0.0025765980653812237
final_reproduction_candidate,paper_exact_reconstructed_metadata,supplemental,9,0.25,min_variance,114,-0.4804530178266546,0.34848525073454806,1.4169196442453564,0.002731527378038067
final_reproduction_candidate,paper_exact_reconstructed_metadata,supplemental,9,0.25,min_variance,115,-0.4752170964785487,0.5358117954046183,1.7088349036574224,0.002495927410890308
final_reproduction_candidate,paper_exact_reconstructed_metadata,supplemental,9,0.25,min_variance,116,-0.4640606861930963,0.6068341262275035,1.8346140386589058,0.0030379925765330992
final_reproduction_candidate,paper_exact_reconstructed_metadata,supplemental,9,0.25,min_variance,117,-0.4569446376157159,0.8128033922571493,2.2542185959447574,0.002652936158290295
final_reproduction_candidate,paper_exact_reconstructed_metadata,supplemental,9,0.25,min_variance,118,-0.45271273443716864,0.5077608243783016,1.661566487192812,0.0025467368830422595
final_reproduction_candidate,paper_exact_reconstructed_metadata,supplemental,9,0.25,min_variance,119,-0.4494492036278079,0.7822550943470844,2.1863972423290092,0.0028221765881950873
final_reproduction_candidate,paper_exact_reconstructed_metadata,supplemental,9,0.25,min_variance,120,-0.44856645817846846,0.45373273017872345,1.5741772111838945,0.0026425220185162953
final_reproduction_candidate,paper_exact_reconstructed_metadata,supplemental,9,0.25,min_variance,121,-0.4377234971720668,0.5794039999791547,1.7849742689598411,0.0024721494114856267
final_reproduction_candidate,paper_exact_reconstructed_metadata,supplemental,9,0.25,min_variance,122,-0.4358697475701062,0.5058126397628915,1.6583326000524001,0.0025922095170375263
final_reproduction_candidate,paper_exact_reconstructed_metadata,supplemental,9,0.25,min_variance,123,-0.43297819475413496,0.699289641438094,2.012322728952037,0.0025715632712482762
final_reproduction_candidate,paper_exact_reconstructed_metadata,supplemental,9,0.25,min_variance,124,-0.432818646459188,0.7259295263033461,2.066651214093284,0.0025892090129120073
final_reproduction_candidate,paper_exact_reconstructed_metadata,supplemental,9,0.25,min_variance,125,-0.4325233042312403,0.5549631457814284,1.7418767880832504,0.0027373123823227446
final_reproduction_candidate,paper_exact_reconstructed_metadata,supplemental,9,0.25,min_variance,126,-0.4292706725920382,0.532535396521197,1.703245240869906,0.0024311747072417542
final_reproduction_candidate,paper_exact_reconstructed_metadata,supplemental,9,0.25,min_variance,127,-0.4260346778596916,0.5211975982292236,1.6840432497322815,0.002391092632159459
final_reproduction_candidate,paper_exact_reconstructed_metadata,supplemental,9,0.25,min_variance,128,-0.41999916295685713,0.5647391409545582,1.758988874710465,0.002534439553534432
final_reproduction_candidate,paper_exact_reconstructed_metadata,supplemental,9,0.25,min_variance,129,-0.41834112176838195,0.44282422544728706,1.5570986119737211,0.0022790243814429768
final_reproduction_candidate,paper_exact_reconstructed_metadata,supplemental,9,0.25,min_variance,130,-0.41736504222937004,0.8566995217815254,2.3553739903004356,0.0021653692281842474
final_reproduction_candidate,paper_exact_reconstructed_metadata,supplemental,9,0.25,min_variance,131,-0.41368135015138496,0.6166424609808209,1.8526970846065258,0.00241694461980098
final_reproduction_candidate,paper_exact_reconstructed_metadata,supplemental,9,0.25,min_variance,132,-0.4130437793060792,0.6207380334536198,1.8603004993265662,0.00232612558937303
final_reproduction_candidate,paper_exact_reconstructed_metadata,supplemental,9,0.25,min_variance,133,-0.4110533131102835,0.39253794107722645,1.4807340448600237,0.002531497801012551
final_reproduction_candidate,paper_exact_reconstructed_metadata,supplemental,9,0.25,min_variance,134,-0.4034117410020038,0.9870244243317852,2.6832384028905394,0.0020736121776371097
final_reproduction_candidate,paper_exact_reconstructed_metadata,supplemental,9,0.25,min_variance,135,-0.3990396103170308,0.38138719786436875,1.4643144750948016,0.0023716648369344977
final_reproduction_candidate,paper_exact_reconstructed_metadata,supplemental,9,0.25,min_variance,136,-0.3959740118552205,0.5663597927793012,1.7618418944913663,0.002276972426657175
final_reproduction_candidate,paper_exact_reconstructed_metadata,supplemental,9,0.25,min_variance,137,-0.3956046229392602,0.6707963231232049,1.9557941447878582,0.0022742671104212775
final_reproduction_candidate,paper_exact_reconstructed_metadata,supplemental,9,0.25,min_variance,138,-0.3933875218275338,0.5738842938253261,1.775148877086996,0.0024164819038696816
final_reproduction_candidate,paper_exact_reconstructed_metadata,supplemental,9,0.25,min_variance,139,-0.3924791843938437,1.1128660201918688,3.043067400996456,0.0022779085473540865
final_reproduction_candidate,paper_exact_reconstructed_metadata,supplemental,9,0.25,min_variance,140,-0.38903069186748296,0.4176403280754724,1.5183744595150412,0.0024784263201186865
final_reproduction_candidate,paper_exact_reconstructed_metadata,supplemental,9,0.25,min_variance,141,-0.3876851290551972,0.9946927192259516,2.703893359169228,0.0023866132123604835
final_reproduction_candidate,paper_exact_reconstructed_metadata,supplemental,9,0.25,min_variance,142,-0.38328337975872473,0.6034994562283044,1.8285063954111929,0.002338040986979702
final_reproduction_candidate,paper_exact_reconstructed_metadata,supplemental,9,0.25,min_variance,143,-0.38273076697048747,0.6090492453884249,1.8386824316929666,0.0021710414448609344
final_reproduction_candidate,paper_exact_reconstructed_metadata,supplemental,9,0.25,min_variance,144,-0.37673037591114034,0.442250118247645,1.5562049270100666,0.0026011037648237616
final_reproduction_candidate,paper_exact_reconstructed_metadata,supplemental,9,0.25,min_variance,145,-0.3677251379979747,0.4425488767562078,1.5566699259308117,0.002173014134965011
final_reproduction_candidate,paper_exact_reconstructed_metadata,supplemental,9,0.25,min_variance,146,-0.36645411432218533,0.39921663134072244,1.4906565065498865,0.002520508616791839
final_reproduction_candidate,paper_exact_reconstructed_metadata,supplemental,9,0.25,min_variance,147,-0.3629889328734693,0.603747505230686,1.8289600108555264,0.0020387086754647924
final_reproduction_candidate,paper_exact_reconstructed_metadata,supplemental,9,0.25,min_variance,148,-0.36051448341645836,0.46653462892136205,1.5944592155290311,0.002038165991807799
final_reproduction_candidate,paper_exact_reconstructed_metadata,supplemental,9,0.25,min_variance,149,-0.35674694257620865,0.4356020970117346,1.5458935566892167,0.002205774063988752
final_reproduction_candidate,paper_exact_reconstructed_metadata,supplemental,9,0.25,min_variance,150,-0.35411536535262733,0.908124480394575,2.4796675044308216,0.0018380917812526856
final_reproduction_candidate,paper_exact_reconstructed_metadata,supplemental,9,0.25,min_variance,151,-0.3417723850685206,0.582514520782146,1.7905351126326212,0.002069703824039942
final_reproduction_candidate,paper_exact_reconstructed_metadata,supplemental,9,0.25,min_variance,152,-0.340856678164666,0.4949675056055514,1.6404449329262518,0.00205718736181021
final_reproduction_candidate,paper_exact_reconstructed_metadata,supplemental,9,0.25,min_variance,153,-0.34042092929936474,0.5831965323529923,1.7917566948166848,0.0020243108164272132
final_reproduction_candidate,paper_exact_reconstructed_metadata,supplemental,9,0.25,min_variance,154,-0.33825218911392707,0.518880294208385,1.6801453276179918,0.0023002664508545755
final_reproduction_candidate,paper_exact_reconstructed_metadata,supplemental,9,0.25,min_variance,155,-0.338219715214686,0.577713905441675,1.781960041580436,0.002648304573753208
final_reproduction_candidate,paper_exact_reconstructed_metadata,supplemental,9,0.25,min_variance,156,-0.33817595189925986,0.4303723000575576,1.5378299511635845,0.002207905359831924
final_reproduction_candidate,paper_exact_reconstructed_metadata,supplemental,9,0.25,min_variance,157,-0.331335164451737,0.35900979603747557,1.4319108285550923,0.002503870537084815
final_reproduction_candidate,paper_exact_reconstructed_metadata,supplemental,9,0.25,min_variance,158,-0.32546167789354064,0.7002339381563063,2.0142238561737997,0.0018932005411431564
final_reproduction_candidate,paper_exact_reconstructed_metadata,supplemental,9,0.25,min_variance,159,-0.324429322558469,0.682364907940761,1.9785512954486861,0.0024170256513800508
final_reproduction_candidate,paper_exact_reconstructed_metadata,supplemental,9,0.25,min_variance,160,-0.3175283126522584,0.47691521563341965,1.6110968424381962,0.002428441582643497
final_reproduction_candidate,paper_exact_reconstructed_metadata,supplemental,9,0.25,min_variance,161,-0.31557233665581186,0.7577699664343361,2.1335131056793437,0.0025100364682468707
final_reproduction_candidate,paper_exact_reconstructed_metadata,supplemental,9,0.25,min_variance,162,-0.3122309675842803,0.6281589128051966,1.8741569146943853,0.002139170477020093
final_reproduction_candidate,paper_exact_reconstructed_metadata,supplemental,9,0.25,min_variance,163,-0.3117102564391462,0.5093633701300735,1.6642313582267103,0.0024371513718300136
final_reproduction_candidate,paper_exact_reconstructed_metadata,supplemental,9,0.25,min_variance,164,-0.3103361064972125,0.432289714942557,1.5407814379105975,0.0018822850986581587
final_reproduction_candidate,paper_exact_reconstructed_metadata,supplemental,9,0.25,min_variance,165,-0.3070728062099601,0.38197900120287104,1.4651813177646733,0.0023994060246665893
final_reproduction_candidate,paper_exact_reconstructed_metadata,supplemental,9,0.25,min_variance,166,-0.30471323782913157,0.6173957171552619,1.8540931658622768,0.0025517297982503733
final_reproduction_candidate,paper_exact_reconstructed_metadata,supplemental,9,0.25,min_variance,167,-0.3017112749431924,0.6834897404315717,1.98077808637915,0.002161614217066015
final_reproduction_candidate,paper_exact_reconstructed_metadata,supplemental,9,0.25,min_variance,168,-0.29930039992921353,0.6723624529344908,1.9588595721047377,0.00217899830128776
final_reproduction_candidate,paper_exact_reconstructed_metadata,supplemental,9,0.25,min_variance,169,-0.29684718703211377,0.657981282772738,1.930890475485384,0.0019023147807433367
final_reproduction_candidate,paper_exact_reconstructed_metadata,supplemental,9,0.25,min_variance,170,-0.29017691126534734,0.5878805696411085,1.8001690364667196,0.0020278909547317876
final_reproduction_candidate,paper_exact_reconstructed_metadata,supplemental,9,0.25,min_variance,171,-0.2900142374747953,0.5381813869904227,1.7128889457817695,0.0022772761223191196
final_reproduction_candidate,paper_exact_reconstructed_metadata,supplemental,9,0.25,min_variance,172,-0.28227155806612686,0.4680423144179375,1.5968649716692724,0.0019667141198554602
final_reproduction_candidate,paper_exact_reconstructed_metadata,supplemental,9,0.25,min_variance,173,-0.28107298560389304,1.027603853718629,2.794362105980174,0.002108896579952592
final_reproduction_candidate,paper_exact_reconstructed_metadata,supplemental,9,0.25,min_variance,174,-0.2759899546750454,1.027389269376365,2.7937625439562273,0.0020476378159711003
final_reproduction_candidate,paper_exact_reconstructed_metadata,supplemental,9,0.25,min_variance,175,-0.27469379147011164,0.46322417693193596,1.5891895621267695,0.002107028319008923
final_reproduction_candidate,paper_exact_reconstructed_metadata,supplemental,9,0.25,min_variance,176,-0.2701807405719351,0.34536986112616,1.4125122564395527,0.002147831647378768
final_reproduction_candidate,paper_exact_reconstructed_metadata,supplemental,9,0.25,min_variance,177,-0.2670720136626235,0.6153034840431758,1.8502180260093235,0.0018903627361774597
final_reproduction_candidate,paper_exact_reconstructed_metadata,supplemental,9,0.25,min_variance,178,-0.2617057525863385,0.5428098751358994,1.720835407828177,0.002150396400127954
final_reproduction_candidate,paper_exact_reconstructed_metadata,supplemental,9,0.25,min_variance,179,-0.26046680147092616,0.48244403576493267,1.6200289764225797,0.002039864502348266
final_reproduction_candidate,paper_exact_reconstructed_metadata,supplemental,9,0.25,min_variance,180,-0.2592948925685658,0.5926861478513531,1.8088407090752625,0.0021864833142919656
final_reproduction_candidate,paper_exact_reconstructed_metadata,supplemental,9,0.25,min_variance,181,-0.2573404995569424,0.539727150419574,1.7155387143023841,0.002244509555637628
final_reproduction_candidate,paper_exact_reconstructed_metadata,supplemental,9,0.25,min_variance,182,-0.24997459294218213,0.7329407526444996,2.081191887936278,0.002284706957943854
final_reproduction_candidate,paper_exact_reconstructed_metadata,supplemental,9,0.25,min_variance,183,-0.24890466847838294,1.3755113421610483,3.95709963755588,0.0018076948251858883
final_reproduction_candidate,paper_exact_reconstructed_metadata,supplemental,9,0.25,min_variance,184,-0.24709520954166017,0.5703454692103465,1.7688780387882583,0.0024715885666229073
final_reproduction_candidate,paper_exact_reconstructed_metadata,supplemental,9,0.25,min_variance,185,-0.24638011938834303,1.2330808182988742,3.4317859757359814,0.0018414477400831863
final_reproduction_candidate,paper_exact_reconstructed_metadata,supplemental,9,0.25,min_variance,186,-0.2429769438038139,0.7222308529150202,2.0590214649179126,0.0019124563121167848
final_reproduction_candidate,paper_exact_reconstructed_metadata,supplemental,9,0.25,min_variance,187,-0.24145838135621822,0.5423742706808917,1.7200859674998155,0.002083777409375181
final_reproduction_candidate,paper_exact_reconstructed_metadata,supplemental,9,0.25,min_variance,188,-0.23494804095148242,0.4852254311227878,1.6245411897128084,0.001984900654858376
final_reproduction_candidate,paper_exact_reconstructed_metadata,supplemental,9,0.25,min_variance,189,-0.2344418959039307,0.5088564821056234,1.6633879930452238,0.002372303990813758
final_reproduction_candidate,paper_exact_reconstructed_metadata,supplemental,9,0.25,min_variance,190,-0.23160386725484175,0.3998655966619196,1.4916242048958255,0.0020919230718557925
final_reproduction_candidate,paper_exact_reconstructed_metadata,supplemental,9,0.25,min_variance,191,-0.22377659667442262,0.41061711823738256,1.5077479568319048,0.002062927330014341
final_reproduction_candidate,paper_exact_reconstructed_metadata,supplemental,9,0.25,min_variance,192,-0.22274650822374856,0.5028999123017273,1.6535093569548196,0.0020248681097574214
final_reproduction_candidate,paper_exact_reconstructed_metadata,supplemental,9,0.25,min_variance,193,-0.22058001121334758,0.7288656920376593,2.072728161669688,0.0019373622625660745
final_reproduction_candidate,paper_exact_reconstructed_metadata,supplemental,9,0.25,min_variance,194,-0.21636079188422977,0.5625313951136875,1.7551097579657284,0.0021010071732138922
final_reproduction_candidate,paper_exact_reconstructed_metadata,supplemental,9,0.25,min_variance,195,-0.21287200654758084,0.5800929833147516,1.7862045102448296,0.0023191272080859754
final_reproduction_candidate,paper_exact_reconstructed_metadata,supplemental,9,0.25,min_variance,196,-0.21047119049944712,0.4614260589876641,1.586334579425307,0.0016777181507609388
final_reproduction_candidate,paper_exact_reconstructed_metadata,supplemental,9,0.25,min_variance,197,-0.2070583364171811,0.4852525351605174,1.6245852219352306,0.0019255966191937103
final_reproduction_candidate,paper_exact_reconstructed_metadata,supplemental,9,0.25,min_variance,198,-0.2030592874984025,0.9290137812185749,2.5320108292267434,0.0019552273511003935
final_reproduction_candidate,paper_exact_reconstructed_metadata,supplemental,9,0.25,min_variance,199,-0.20019130051291617,0.5465691345726424,1.7273166492754153,0.0017612552319314415
final_reproduction_candidate,paper_exact_reconstructed_metadata,supplemental,9,0.25,min_variance,200,-0.19935011123019283,1.0199939667011453,2.7731780325019777,0.0017238484715324167
final_reproduction_candidate,paper_exact_reconstructed_metadata,supplemental,9,0.25,min_variance,201,-0.19719599392052503,0.5298218932884493,1.6986297443170817,0.001978496995602093
final_reproduction_candidate,paper_exact_reconstructed_metadata,supplemental,9,0.25,min_variance,202,-0.19395388781371256,0.5465706937678176,1.7273193425013007,0.0018392694258499978
final_reproduction_candidate,paper_exact_reconstructed_metadata,supplemental,9,0.25,min_variance,203,-0.19201184371069838,0.37901000751718567,1.4608376550282185,0.0017983880763028238
final_reproduction_candidate,paper_exact_reconstructed_metadata,supplemental,9,0.25,min_variance,204,-0.18476244914559656,0.4954440331570606,1.641226836418007,0.0022597641519147616
final_reproduction_candidate,paper_exact_reconstructed_metadata,supplemental,9,0.25,min_variance,205,-0.18111364748388883,0.8124824581376838,2.25349525636297,0.001930399768474258
final_reproduction_candidate,paper_exact_reconstructed_metadata,supplemental,9,0.25,min_variance,206,-0.17428868648887133,0.4927446259120415,1.6368024710736147,0.0017982677468536903
final_reproduction_candidate,paper_exact_reconstructed_metadata,supplemental,9,0.25,min_variance,207,-0.1729489639049935,0.7353520844911203,2.0862163876480833,0.0017847176809422441
final_reproduction_candidate,paper_exact_reconstructed_metadata,supplemental,9,0.25,min_variance,208,-0.1629660463673577,0.43770879478808933,1.549153720091305,0.0015206350472793653
final_reproduction_candidate,paper_exact_reconstructed_metadata,supplemental,9,0.25,min_variance,209,-0.16115041173199227,0.9584898862375212,2.607755491049976,0.0018775642503323236
final_reproduction_candidate,paper_exact_reconstructed_metadata,supplemental,9,0.25,min_variance,210,-0.15697234156586581,0.3937890502169359,1.4825877641177816,0.0017794164323257091
final_reproduction_candidate,paper_exact_reconstructed_metadata,supplemental,9,0.25,min_variance,211,-0.15503067623899303,0.8825000154474645,2.416934533362656,0.0017634446589981554
final_reproduction_candidate,paper_exact_reconstructed_metadata,supplemental,9,0.25,min_variance,212,-0.1540905129595988,0.3658790983115831,1.4417809183693202,0.0020154780533733403
final_reproduction_candidate,paper_exact_reconstructed_metadata,supplemental,9,0.25,min_variance,213,-0.15288654578019678,0.5086847672780981,1.663102389184801,0.001671989446333429
final_reproduction_candidate,paper_exact_reconstructed_metadata,supplemental,9,0.25,min_variance,214,-0.15286846890391642,0.778443781221667,2.178080057587654,0.0015289863061843417
final_reproduction_candidate,paper_exact_reconstructed_metadata,supplemental,9,0.25,min_variance,215,-0.14880882174069981,0.5168232611184288,1.676692765318021,0.0015497957076155016
final_reproduction_candidate,paper_exact_reconstructed_metadata,supplemental,9,0.25,min_variance,216,-0.14656985558488722,0.5443015005391612,1.7234041649727525,0.0017230404216463174
final_reproduction_candidate,paper_exact_reconstructed_metadata,supplemental,9,0.25,min_variance,217,-0.13831675490725426,0.5843143389432234,1.7937606520678917,0.001843057633237186
final_reproduction_candidate,paper_exact_reconstructed_metadata,supplemental,9,0.25,min_variance,218,-0.13811204253445541,0.6173183444380271,1.8539497151856836,0.0016970541697137818
final_reproduction_candidate,paper_exact_reconstructed_metadata,supplemental,9,0.25,min_variance,219,-0.13511932693976195,0.33178864584813894,1.3934583041889945,0.0018290711090098138
final_reproduction_candidate,paper_exact_reconstructed_metadata,supplemental,9,0.25,min_variance,220,-0.13492779654928272,0.4718358678876314,1.6029342691468058,0.001777318593113232
final_reproduction_candidate,paper_exact_reconstructed_metadata,supplemental,9,0.25,min_variance,221,-0.12891189781703036,0.6979507359484504,2.009630221911768,0.0017287230049694243
final_reproduction_candidate,paper_exact_reconstructed_metadata,supplemental,9,0.25,min_variance,222,-0.1260648396599758,0.5349811471852993,1.7074160523523254,0.0015803480115767264
final_reproduction_candidate,paper_exact_reconstructed_metadata,supplemental,9,0.25,min_variance,223,-0.11785581819970845,0.6270888932683778,1.8721526026983302,0.0017043844443361074
final_reproduction_candidate,paper_exact_reconstructed_metadata,supplemental,9,0.25,min_variance,224,-0.11492588546713055,0.34656274025424216,1.4141982182027975,0.0015688885540433824
final_reproduction_candidate,paper_exact_reconstructed_metadata,supplemental,9,0.25,min_variance,225,-0.1092189395414719,1.0949114443970092,2.988917986238767,0.0017676510622103804
final_reproduction_candidate,paper_exact_reconstructed_metadata,supplemental,9,0.25,min_variance,226,-0.10889753849698908,0.5735358965639492,1.7745305278015362,0.001645103858369504
final_reproduction_candidate,paper_exact_reconstructed_metadata,supplemental,9,0.25,min_variance,227,-0.10618837949753546,0.6084208721344724,1.837527415758944,0.0018063604739059344
final_reproduction_candidate,paper_exact_reconstructed_metadata,supplemental,9,0.25,min_variance,228,-0.10418863659962391,0.5147768288199623,1.6732650355931238,0.0017509779074156501
final_reproduction_candidate,paper_exact_reconstructed_metadata,supplemental,9,0.25,min_variance,229,-0.10266956502701595,0.9141476601842068,2.4946480576215753,0.0018435673238295924
final_reproduction_candidate,paper_exact_reconstructed_metadata,supplemental,9,0.25,min_variance,230,-0.10019141909398666,0.578846327762652,1.7839791159132634,0.00181145664432257
final_reproduction_candidate,paper_exact_reconstructed_metadata,supplemental,9,0.25,min_variance,231,-0.09618165717593712,0.7168632867112352,2.0479991388857597,0.0016360662585209486
final_reproduction_candidate,paper_exact_reconstructed_metadata,supplemental,9,0.25,min_variance,232,-0.09155092334153161,0.6469274134639259,1.909664196907048,0.0016727902527598766
final_reproduction_candidate,paper_exact_reconstructed_metadata,supplemental,9,0.25,min_variance,233,-0.08622215358369664,0.700070077240918,2.013893830648811,0.0017880955919145813
final_reproduction_candidate,paper_exact_reconstructed_metadata,supplemental,9,0.25,min_variance,234,-0.08521149368056966,0.5121529568464002,1.6688803572947402,0.0018111130322260131
final_reproduction_candidate,paper_exact_reconstructed_metadata,supplemental,9,0.25,min_variance,235,-0.08336407056190534,0.6002887763795651,1.822645061243018,0.0016060602848287251
final_reproduction_candidate,paper_exact_reconstructed_metadata,supplemental,9,0.25,min_variance,236,-0.08153910153469084,0.6754138384208894,1.9648459364807418,0.0019747417342810256
final_reproduction_candidate,paper_exact_reconstructed_metadata,supplemental,9,0.25,min_variance,237,-0.08128915038034544,0.6865443953986906,1.9868379306541843,0.001535313831881609
final_reproduction_candidate,paper_exact_reconstructed_metadata,supplemental,9,0.25,min_variance,238,-0.07492431269173089,0.7683190743844048,2.1561388968778954,0.0018654610401195233
final_reproduction_candidate,paper_exact_reconstructed_metadata,supplemental,9,0.25,min_variance,239,-0.07089617993516299,0.4656741278502674,1.5930877718152692,0.0016646653444069908
final_reproduction_candidate,paper_exact_reconstructed_metadata,supplemental,9,0.25,min_variance,240,-0.06581416713204437,0.6419688441909053,1.9002184327902298,0.0017766547586937646
final_reproduction_candidate,paper_exact_reconstructed_metadata,supplemental,9,0.25,min_variance,241,-0.06491206062697717,0.9532923977548061,2.5942368737808055,0.0015413740560046888
final_reproduction_candidate,paper_exact_reconstructed_metadata,supplemental,9,0.25,min_variance,242,-0.05893024787097277,0.7739687686629395,2.168354898310438,0.001572587872412794
final_reproduction_candidate,paper_exact_reconstructed_metadata,supplemental,9,0.25,min_variance,243,-0.0586623418120614,0.647637160605521,1.9110200567141038,0.0017041898521614996
final_reproduction_candidate,paper_exact_reconstructed_metadata,supplemental,9,0.25,min_variance,244,-0.05460658835988411,0.7768673142093323,2.174649091339765,0.0017710214701936134
final_reproduction_candidate,paper_exact_reconstructed_metadata,supplemental,9,0.25,min_variance,245,-0.052649871632681144,1.136926152244017,3.1171719118376835,0.0013546966352846854
final_reproduction_candidate,paper_exact_reconstructed_metadata,supplemental,9,0.25,min_variance,246,-0.05228054458771414,0.9598996263012747,2.6114343409439558,0.001885323672243013
final_reproduction_candidate,paper_exact_reconstructed_metadata,supplemental,9,0.25,min_variance,247,-0.05132362903515604,0.4954735469015539,1.641275275882324,0.0016062822693323948
final_reproduction_candidate,paper_exact_reconstructed_metadata,supplemental,9,0.25,min_variance,248,-0.043665348720483506,1.3166408453915472,3.7308677426942745,0.0015114615982419006
final_reproduction_candidate,paper_exact_reconstructed_metadata,supplemental,9,0.25,min_variance,249,-0.04281561817374918,0.5484607522102912,1.7305871642216497,0.0015477576035433807
final_reproduction_candidate,paper_exact_reconstructed_metadata,supplemental,9,0.25,min_variance,250,-0.0405079340598714,0.6352580307227119,1.8875091139699043,0.0016074381773164344
final_reproduction_candidate,paper_exact_reconstructed_metadata,supplemental,9,0.25,min_variance,251,-0.04023506973460874,0.7226638695305654,2.059913248488604,0.0015627238597068914
final_reproduction_candidate,paper_exact_reconstructed_metadata,supplemental,9,0.25,min_variance,252,-0.0395656973111316,0.7515475493595003,2.1202787149518545,0.0013733224837333055
final_reproduction_candidate,paper_exact_reconstructed_metadata,supplemental,9,0.25,min_variance,253,-0.03935598280665171,1.2195138842009716,3.3855415682956496,0.0018066308169735607
final_reproduction_candidate,paper_exact_reconstructed_metadata,supplemental,9,0.25,min_variance,254,-0.03789455662372089,0.6981474444615757,2.010025572167758,0.0018775628081633255
final_reproduction_candidate,paper_exact_reconstructed_metadata,supplemental,9,0.25,min_variance,255,-0.035464879449303835,0.5449141183111842,1.7244602764558954,0.001576042918677398
final_reproduction_candidate,paper_exact_reconstructed_metadata,supplemental,9,0.25,min_variance,256,-0.032129970349786714,0.6740933037367823,1.9622530016796607,0.0017070192557635227
final_reproduction_candidate,paper_exact_reconstructed_metadata,supplemental,9,0.25,min_variance,257,-0.032093642553827975,1.3121804266561437,3.7142635686287835,0.001547890799791129
final_reproduction_candidate,paper_exact_reconstructed_metadata,supplemental,9,0.25,min_variance,258,-0.03155591671204497,1.0986728013893516,3.0001815436565207,0.00148136830665832
final_reproduction_candidate,paper_exact_reconstructed_metadata,supplemental,9,0.25,min_variance,259,-0.03056385335722747,0.49035534215629156,1.6328963537876267,0.0017422008622580071
final_reproduction_candidate,paper_exact_reconstructed_metadata,supplemental,9,0.25,min_variance,260,-0.02886959378057909,0.7777091855668548,2.176480636977157,0.0015646830561318725
final_reproduction_candidate,paper_exact_reconstructed_metadata,supplemental,9,0.25,min_variance,261,-0.021301353173778195,0.6244100254607059,1.8671440649604112,0.0014461820512791815
final_reproduction_candidate,paper_exact_reconstructed_metadata,supplemental,9,0.25,min_variance,262,-0.015270227773518543,0.6103214564972886,1.8410231125126062,0.0014979007743530115
final_reproduction_candidate,paper_exact_reconstructed_metadata,supplemental,9,0.25,min_variance,263,-0.012122292579785773,0.5448829373093919,1.724406506895223,0.0014383404685411152
final_reproduction_candidate,paper_exact_reconstructed_metadata,supplemental,9,0.25,min_variance,264,-0.010318431523837896,1.1009168639521254,3.006921698576311,0.0015180573752401694
final_reproduction_candidate,paper_exact_reconstructed_metadata,supplemental,9,0.25,min_variance,265,-0.008345617488637455,0.8093345528466047,2.246412620304472,0.0017208395917048757
final_reproduction_candidate,paper_exact_reconstructed_metadata,supplemental,9,0.25,min_variance,266,-0.007178075132251025,0.9047137589801117,2.4712244560005976,0.0015504320337599044
final_reproduction_candidate,paper_exact_reconstructed_metadata,supplemental,9,0.25,min_variance,267,-0.003896726486943216,0.6150323880690247,1.8497165073340889,0.0013491921699509749
final_reproduction_candidate,paper_exact_reconstructed_metadata,supplemental,9,0.25,min_variance,268,0.006053314307969377,0.7802239687040653,2.1819609017320287,0.0017538837268397318
final_reproduction_candidate,paper_exact_reconstructed_metadata,supplemental,9,0.25,min_variance,269,0.010639625841007933,0.9174824368939964,2.5029810384560536,0.001593910384633504
final_reproduction_candidate,paper_exact_reconstructed_metadata,supplemental,9,0.25,min_variance,270,0.01136346579896621,0.5419910756788154,1.7194269654251424,0.0013953502474598316
final_reproduction_candidate,paper_exact_reconstructed_metadata,supplemental,9,0.25,min_variance,271,0.015438248083433137,0.3496643941873733,1.4185913811821842,0.0014438938393714562
final_reproduction_candidate,paper_exact_reconstructed_metadata,supplemental,9,0.25,min_variance,272,0.016383993628201293,0.4199456281785456,1.521878806046314,0.0013694523932282882
final_reproduction_candidate,paper_exact_reconstructed_metadata,supplemental,9,0.25,min_variance,273,0.01718641338154189,1.0686435319646324,2.911427561819172,0.001498009956309808
final_reproduction_candidate,paper_exact_reconstructed_metadata,supplemental,9,0.25,min_variance,274,0.022224686277682367,0.6797564845351772,1.973397120997489,0.0012568909880587608
final_reproduction_candidate,paper_exact_reconstructed_metadata,supplemental,9,0.25,min_variance,275,0.022679478956361854,0.594886774926941,1.81282567601997,0.0013338124316869756
final_reproduction_candidate,paper_exact_reconstructed_metadata,supplemental,9,0.25,min_variance,276,0.025006996861060015,0.5061440852121468,1.6588823379450681,0.001684957853073457
final_reproduction_candidate,paper_exact_reconstructed_metadata,supplemental,9,0.25,min_variance,277,0.028164618709352805,0.6898537811722352,1.993424035806641,0.0015731661353625764
final_reproduction_candidate,paper_exact_reconstructed_metadata,supplemental,9,0.25,min_variance,278,0.04128425296644498,0.4377773729635059,1.5492599618697607,0.0015233790614531295
final_reproduction_candidate,paper_exact_reconstructed_metadata,supplemental,9,0.25,min_variance,279,0.04149587213192538,0.5573926378691978,1.746113808777834,0.0016958962575074933
final_reproduction_candidate,paper_exact_reconstructed_metadata,supplemental,9,0.25,min_variance,280,0.0479005772778403,0.6915834995508129,1.9968750818060803,0.0014485013060909957
final_reproduction_candidate,paper_exact_reconstructed_metadata,supplemental,9,0.25,min_variance,281,0.050595264803969746,0.7107683802986554,2.0355547380539947,0.001407388848020663
final_reproduction_candidate,paper_exact_reconstructed_metadata,supplemental,9,0.25,min_variance,282,0.05069696593107192,0.6632483121517752,1.9410873624258624,0.0017480859677282393
final_reproduction_candidate,paper_exact_reconstructed_metadata,supplemental,9,0.25,min_variance,283,0.05280988913740207,1.0457219483530193,2.845452051714305,0.0013540613622722534
final_reproduction_candidate,paper_exact_reconstructed_metadata,supplemental,9,0.25,min_variance,284,0.05386992040579588,0.6769454722248146,1.9678576667817609,0.0014568690374214665
final_reproduction_candidate,paper_exact_reconstructed_metadata,supplemental,9,0.25,min_variance,285,0.05830087495277539,0.9041711735818989,2.469883969392182,0.0014838558687768908
final_reproduction_candidate,paper_exact_reconstructed_metadata,supplemental,9,0.25,min_variance,286,0.06049278773839893,0.812993125871291,2.25464633756323,0.0015850583678956973
final_reproduction_candidate,paper_exact_reconstructed_metadata,supplemental,9,0.25,min_variance,287,0.06764908525585189,0.5508393173438519,1.7347083778555787,0.001625296242999841
final_reproduction_candidate,paper_exact_reconstructed_metadata,supplemental,9,0.25,min_variance,288,0.0680616672546624,0.5477601802354161,1.729375187942195,0.0014718353894247972
final_reproduction_candidate,paper_exact_reconstructed_metadata,supplemental,9,0.25,min_variance,289,0.06882936321826477,0.6147441560970606,1.8491834367252924,0.00135788199687868
final_reproduction_candidate,paper_exact_reconstructed_metadata,supplemental,9,0.25,min_variance,290,0.0739537971764373,0.58525869513181,1.795455401137952,0.001519112687845921
final_reproduction_candidate,paper_exact_reconstructed_metadata,supplemental,9,0.25,min_variance,291,0.07601799831372463,0.6039664348209351,1.829360468155662,0.0014472773497248995
final_reproduction_candidate,paper_exact_reconstructed_metadata,supplemental,9,0.25,min_variance,292,0.07737228148034261,0.2638958393973684,1.3019925729066937,0.0014555840672075136
final_reproduction_candidate,paper_exact_reconstructed_metadata,supplemental,9,0.25,min_variance,293,0.07915914587154887,0.47484293971066127,1.607761662142821,0.0011625997891966976
final_reproduction_candidate,paper_exact_reconstructed_metadata,supplemental,9,0.25,min_variance,294,0.09351438920020458,0.3997437369336887,1.4914424470503,0.0014523100518644251
final_reproduction_candidate,paper_exact_reconstructed_metadata,supplemental,9,0.25,min_variance,295,0.0940647361140413,0.6292727610306217,1.8762456040735191,0.001482064570993844
final_reproduction_candidate,paper_exact_reconstructed_metadata,supplemental,9,0.25,min_variance,296,0.09619528719907522,0.6372976657693665,1.891362872504116,0.0013591854305058768
final_reproduction_candidate,paper_exact_reconstructed_metadata,supplemental,9,0.25,min_variance,297,0.09980665826398286,0.35298300919617237,1.4233069600988097,0.0014557399413915731
final_reproduction_candidate,paper_exact_reconstructed_metadata,supplemental,9,0.25,min_variance,298,0.11111284618502165,0.44110165028398096,1.5544187014142687,0.0013130149951504951
final_reproduction_candidate,paper_exact_reconstructed_metadata,supplemental,9,0.25,min_variance,299,0.11389931387537194,0.5613014482274518,1.7529523931779343,0.0013693820752691786
final_reproduction_candidate,paper_exact_reconstructed_metadata,supplemental,9,0.25,min_variance,300,0.11776544394777883,0.5818947426586301,1.7894257219639698,0.001391655688148854
final_reproduction_candidate,paper_exact_reconstructed_metadata,supplemental,9,0.25,min_variance,301,0.12004977650485421,0.47109338375028453,1.6017445576043843,0.0014801780818711242
final_reproduction_candidate,paper_exact_reconstructed_metadata,supplemental,9,0.25,min_variance,302,0.12071336310191105,0.4877230823881765,1.628603798448928,0.0012617213349735733
final_reproduction_candidate,paper_exact_reconstructed_metadata,supplemental,9,0.25,min_variance,303,0.12469433726369816,0.6328207928124773,1.8829144066732575,0.001278458209657156
final_reproduction_candidate,paper_exact_reconstructed_metadata,supplemental,9,0.25,min_variance,304,0.12673647088247253,0.6877550100862311,1.98924468236534,0.00135349114170383
final_reproduction_candidate,paper_exact_reconstructed_metadata,supplemental,9,0.25,min_variance,305,0.12729075464498588,0.7628101236783446,2.144293491813418,0.0012791397029403302
final_reproduction_candidate,paper_exact_reconstructed_metadata,supplemental,9,0.25,min_variance,306,0.13155670085632548,0.46555819542674426,1.592903091994394,0.001353999733318596
final_reproduction_candidate,paper_exact_reconstructed_metadata,supplemental,9,0.25,min_variance,307,0.13473918785011493,0.5360363499397135,1.7092186733717698,0.0013375570022078486
final_reproduction_candidate,paper_exact_reconstructed_metadata,supplemental,9,0.25,min_variance,308,0.1367606541607864,0.8211278950813189,2.2730621678795533,0.0014482906401236133
final_reproduction_candidate,paper_exact_reconstructed_metadata,supplemental,9,0.25,min_variance,309,0.14124163661437306,0.35090192211957033,1.4203480143578953,0.0015003420537833224
final_reproduction_candidate,paper_exact_reconstructed_metadata,supplemental,9,0.25,min_variance,310,0.1446550028374234,0.6739023783988259,1.9618783936243818,0.0012441962056486627
final_reproduction_candidate,paper_exact_reconstructed_metadata,supplemental,9,0.25,min_variance,311,0.14532860894040692,0.9615945320321024,2.615864229034978,0.0014342526892582679
final_reproduction_candidate,paper_exact_reconstructed_metadata,supplemental,9,0.25,min_variance,312,0.14619543106559968,0.64066807761197,1.8977482990421795,0.0014136299761584455
final_reproduction_candidate,paper_exact_reconstructed_metadata,supplemental,9,0.25,min_variance,313,0.14950660474738248,0.6456047853824534,1.907140091008668,0.0012828464133002428
final_reproduction_candidate,paper_exact_reconstructed_metadata,supplemental,9,0.25,min_variance,314,0.15085369953144692,0.6876825760599373,1.9891005985820602,0.0013567822689777352
final_reproduction_candidate,paper_exact_reconstructed_metadata,supplemental,9,0.25,min_variance,315,0.15116344888504807,0.8903157348487055,2.435898627971883,0.0012814569148390566
final_reproduction_candidate,paper_exact_reconstructed_metadata,supplemental,9,0.25,min_variance,316,0.15520630483568504,0.6225296719032464,1.8636364727657955,0.0013977965562102608
final_reproduction_candidate,paper_exact_reconstructed_metadata,supplemental,9,0.25,min_variance,317,0.15686079010242632,0.5254258231819519,1.6911788382281716,0.001050068992843668
final_reproduction_candidate,paper_exact_reconstructed_metadata,supplemental,9,0.25,min_variance,318,0.15818475450985306,0.5628523690526961,1.755673192877259,0.0013680505471830237
final_reproduction_candidate,paper_exact_reconstructed_metadata,supplemental,9,0.25,min_variance,319,0.15857148447066416,0.5222591643420819,1.685831922207854,0.001386451461174517
final_reproduction_candidate,paper_exact_reconstructed_metadata,supplemental,9,0.25,min_variance,320,0.159281339683252,0.6996236433101602,2.0129949607678017,0.0012735398426196548
final_reproduction_candidate,paper_exact_reconstructed_metadata,supplemental,9,0.25,min_variance,321,0.1611597503206476,0.6133089686841132,1.846531415461653,0.0014307171306267902
final_reproduction_candidate,paper_exact_reconstructed_metadata,supplemental,9,0.25,min_variance,322,0.17105720759111787,0.42473228923786016,1.5291809866536257,0.0013813305068969546
final_reproduction_candidate,paper_exact_reconstructed_metadata,supplemental,9,0.25,min_variance,323,0.17610828295244801,0.5408428134504335,1.7174537454900518,0.0012567871911846353
final_reproduction_candidate,paper_exact_reconstructed_metadata,supplemental,9,0.25,min_variance,324,0.17629574787987623,0.5743353301222439,1.7759497142527336,0.0013410806045069659
final_reproduction_candidate,paper_exact_reconstructed_metadata,supplemental,9,0.25,min_variance,325,0.18317518901721988,0.5473458641353258,1.7286588283686337,0.0013884192620701333
final_reproduction_candidate,paper_exact_reconstructed_metadata,supplemental,9,0.25,min_variance,326,0.18511702183947476,0.5754695029564414,1.777965090850194,0.00129386001473099
final_reproduction_candidate,paper_exact_reconstructed_metadata,supplemental,9,0.25,min_variance,327,0.19160820769743198,0.4609794686080913,1.5856262958314435,0.0011458111399614865
final_reproduction_candidate,paper_exact_reconstructed_metadata,supplemental,9,0.25,min_variance,328,0.19365659790375161,0.6183847160580331,1.8559277690296718,0.0014063541282959867
final_reproduction_candidate,paper_exact_reconstructed_metadata,supplemental,9,0.25,min_variance,329,0.19987926157914182,0.49997127586591117,1.648673913289427,0.0012133450385228184
final_reproduction_candidate,paper_exact_reconstructed_metadata,supplemental,9,0.25,min_variance,330,0.20389855595312167,0.23626423940763006,1.266508927524154,0.0011314242388982285
final_reproduction_candidate,paper_exact_reconstructed_metadata,supplemental,9,0.25,min_variance,331,0.21143610083929856,0.4988041965233189,1.6467509023939757,0.0012834446473667055
final_reproduction_candidate,paper_exact_reconstructed_metadata,supplemental,9,0.25,min_variance,332,0.21196807519244257,0.5642205810107015,1.7580769699974133,0.00142251352455532
final_reproduction_candidate,paper_exact_reconstructed_metadata,supplemental,9,0.25,min_variance,333,0.22197566872255833,0.7721231062790523,2.1643565381861722,0.0011018034390592685
final_reproduction_candidate,paper_exact_reconstructed_metadata,supplemental,9,0.25,min_variance,334,0.22445193587424322,0.7301888072836445,2.0754724349957634,0.0010513159424765785
final_reproduction_candidate,paper_exact_reconstructed_metadata,supplemental,9,0.25,min_variance,335,0.2252628954682439,0.573169905036537,1.7738811834977315,0.001270519623044581
final_reproduction_candidate,paper_exact_reconstructed_metadata,supplemental,9,0.25,min_variance,336,0.22694528470887562,0.5251880536887955,1.6907767752940137,0.001133708745101952
final_reproduction_candidate,paper_exact_reconstructed_metadata,supplemental,9,0.25,min_variance,337,0.22939646536832703,0.554016294874111,1.7402282710391097,0.00115980970706095
final_reproduction_candidate,paper_exact_reconstructed_metadata,supplemental,9,0.25,min_variance,338,0.23129645538006788,0.6915106970236354,1.9967297095454652,0.0011260093456672568
final_reproduction_candidate,paper_exact_reconstructed_metadata,supplemental,9,0.25,min_variance,339,0.23821670908767956,0.6006397771967158,1.8232849234383972,0.001335241002556297
final_reproduction_candidate,paper_exact_reconstructed_metadata,supplemental,9,0.25,min_variance,340,0.24079525186539685,0.949516193499399,2.5844589787420937,0.0009587881879790047
final_reproduction_candidate,paper_exact_reconstructed_metadata,supplemental,9,0.25,min_variance,341,0.2426544218031501,0.9741411905628117,2.6488913409714536,0.0012551776198512733
final_reproduction_candidate,paper_exact_reconstructed_metadata,supplemental,9,0.25,min_variance,342,0.24800920090033124,0.47022141956687974,1.600348502462685,0.0011064663180890123
final_reproduction_candidate,paper_exact_reconstructed_metadata,supplemental,9,0.25,min_variance,343,0.24879363271585753,0.483392824194934,1.621566770576967,0.0010509608311609808
final_reproduction_candidate,paper_exact_reconstructed_metadata,supplemental,9,0.25,min_variance,344,0.25134873494752136,1.0636833313041105,2.8970220535453923,0.0009710742802210224
final_reproduction_candidate,paper_exact_reconstructed_metadata,supplemental,9,0.25,min_variance,345,0.25351324335320435,0.4465228702586839,1.562868430352557,0.0011413570607092958
final_reproduction_candidate,paper_exact_reconstructed_metadata,supplemental,9,0.25,min_variance,346,0.25402116071954983,0.4134473477461499,1.5120212739727406,0.0012068233329648795
final_reproduction_candidate,paper_exact_reconstructed_metadata,supplemental,9,0.25,min_variance,347,0.2603889011526468,0.9095450319342611,2.483192503050481,0.0010129271746453818
final_reproduction_candidate,paper_exact_reconstructed_metadata,supplemental,9,0.25,min_variance,348,0.2617603717272142,0.5693601582526513,1.7671360022386007,0.0011779340364982992
final_reproduction_candidate,paper_exact_reconstructed_metadata,supplemental,9,0.25,min_variance,349,0.2623191739601397,0.44668768252341307,1.5631260314653654,0.0010992460438202895
final_reproduction_candidate,paper_exact_reconstructed_metadata,supplemental,9,0.25,min_variance,350,0.262638605933593,0.6217399497968185,1.862165298830656,0.0011829694153463366
final_reproduction_candidate,paper_exact_reconstructed_metadata,supplemental,9,0.25,min_variance,351,0.2634279827898562,0.6330905283924955,1.8834223641868937,0.0013157002691145214
final_reproduction_candidate,paper_exact_reconstructed_metadata,supplemental,9,0.25,min_variance,352,0.2635257317855713,0.5152330714566512,1.6740286246225324,0.0012674682290668648
final_reproduction_candidate,paper_exact_reconstructed_metadata,supplemental,9,0.25,min_variance,353,0.27445270864930993,0.4857703995034676,1.6254267545748213,0.001103192588870159
final_reproduction_candidate,paper_exact_reconstructed_metadata,supplemental,9,0.25,min_variance,354,0.2823973795246969,0.5308902728039391,1.7004454953231882,0.001011579040135196
final_reproduction_candidate,paper_exact_reconstructed_metadata,supplemental,9,0.25,min_variance,355,0.28725016259110314,0.48351211328000765,1.6217602173312287,0.0012167294270924414
final_reproduction_candidate,paper_exact_reconstructed_metadata,supplemental,9,0.25,min_variance,356,0.29262497928118925,0.4943525356236508,1.639436418670322,0.0008604911352436069
final_reproduction_candidate,paper_exact_reconstructed_metadata,supplemental,9,0.25,min_variance,357,0.2945126988844222,0.528630242008821,1.696606775584681,0.0009443970158543064
final_reproduction_candidate,paper_exact_reconstructed_metadata,supplemental,9,0.25,min_variance,358,0.2967414007347194,0.41318491494838383,1.511624522062164,0.001091542079051631
final_reproduction_candidate,paper_exact_reconstructed_metadata,supplemental,9,0.25,min_variance,359,0.3069377586889478,0.518212930385407,1.6790244334726965,0.0010858666706698547
final_reproduction_candidate,paper_exact_reconstructed_metadata,supplemental,9,0.25,min_variance,360,0.3094763319770831,0.4292282295659617,1.5360715713423938,0.001068077280201507
final_reproduction_candidate,paper_exact_reconstructed_metadata,supplemental,9,0.25,min_variance,361,0.3186704519972775,0.5001219094573852,1.6489222776676948,0.0010197983309165578
final_reproduction_candidate,paper_exact_reconstructed_metadata,supplemental,9,0.25,min_variance,362,0.32384705793660395,0.3939121906981696,1.4827703419296554,0.0011214506327414876
final_reproduction_candidate,paper_exact_reconstructed_metadata,supplemental,9,0.25,min_variance,363,0.32517562731756977,0.23990028648645434,1.2711223959217026,0.0010858407868891277
final_reproduction_candidate,paper_exact_reconstructed_metadata,supplemental,9,0.25,min_variance,364,0.32916090594182473,0.4884786108093797,1.629834719845032,0.0011734180757452196
final_reproduction_candidate,paper_exact_reconstructed_metadata,supplemental,9,0.25,min_variance,365,0.3293625665439306,0.48844420013636725,1.629778637100351,0.0010878415971629668
final_reproduction_candidate,paper_exact_reconstructed_metadata,supplemental,9,0.25,min_variance,366,0.34064332620941196,0.4645879220771933,1.5913582901370444,0.001123020874020112
final_reproduction_candidate,paper_exact_reconstructed_metadata,supplemental,9,0.25,min_variance,367,0.34326366258061297,0.4411827299651099,1.5545447382963662,0.0009746269771927998
final_reproduction_candidate,paper_exact_reconstructed_metadata,supplemental,9,0.25,min_variance,368,0.3468588351904211,0.4199613499802349,1.521902732911184,0.0009976911043766265
final_reproduction_candidate,paper_exact_reconstructed_metadata,supplemental,9,0.25,min_variance,369,0.3602132302697971,0.41698473076594594,1.5173793435378504,0.0009292812376228313
final_reproduction_candidate,paper_exact_reconstructed_metadata,supplemental,9,0.25,min_variance,370,0.36128251576229764,0.6690669016076866,1.9524146754197595,0.0011380697608192802
final_reproduction_candidate,paper_exact_reconstructed_metadata,supplemental,9,0.25,min_variance,371,0.362476561401712,0.6997557249858017,2.0132608580749722,0.0008864807114678986
final_reproduction_candidate,paper_exact_reconstructed_metadata,supplemental,9,0.25,min_variance,372,0.36269451820602183,0.44654900482668153,1.5629092757775578,0.001034427979769542
final_reproduction_candidate,paper_exact_reconstructed_metadata,supplemental,9,0.25,min_variance,373,0.36695624324203324,0.832183178727233,2.2983309342195137,0.0009962914170180259
final_reproduction_candidate,paper_exact_reconstructed_metadata,supplemental,9,0.25,min_variance,374,0.3703384724392914,0.5816467881139561,1.7889820807275556,0.0010916915577928689
final_reproduction_candidate,paper_exact_reconstructed_metadata,supplemental,9,0.25,min_variance,375,0.3746793378254041,0.905222019365246,2.4724808007424435,0.0009739206484593143
final_reproduction_candidate,paper_exact_reconstructed_metadata,supplemental,9,0.25,min_variance,376,0.3765549203987378,0.8928105446311646,2.4419833186149313,0.0010578795206219768
final_reproduction_candidate,paper_exact_reconstructed_metadata,supplemental,9,0.25,min_variance,377,0.3769198713725417,0.573169999706724,1.773881351431403,0.0011199725654713298
final_reproduction_candidate,paper_exact_reconstructed_metadata,supplemental,9,0.25,min_variance,378,0.3799142206475617,0.4294774382321906,1.536454421392714,0.0010112991118577039
final_reproduction_candidate,paper_exact_reconstructed_metadata,supplemental,9,0.25,min_variance,379,0.38032394342731796,0.39915430865690416,1.490563607730629,0.000996875036107512
final_reproduction_candidate,paper_exact_reconstructed_metadata,supplemental,9,0.25,min_variance,380,0.3821634992239299,0.4517702168683864,1.5710908969111046,0.0010285364945878594
final_reproduction_candidate,paper_exact_reconstructed_metadata,supplemental,9,0.25,min_variance,381,0.3824404469380293,0.6888858543608419,1.991495480736557,0.001003671516511708
final_reproduction_candidate,paper_exact_reconstructed_metadata,supplemental,9,0.25,min_variance,382,0.3843940347965608,0.48656265067280574,1.6267150110657798,0.000954057985271624
final_reproduction_candidate,paper_exact_reconstructed_metadata,supplemental,9,0.25,min_variance,383,0.3940486150628357,0.6648863189531183,1.9442694821829332,0.0012188575391004165
final_reproduction_candidate,paper_exact_reconstructed_metadata,supplemental,9,0.25,min_variance,384,0.39742072675925755,0.4710129843858396,1.6016157835366958,0.0009755505949609077
final_reproduction_candidate,paper_exact_reconstructed_metadata,supplemental,9,0.25,min_variance,385,0.40027894962129346,0.5016064088577468,1.6513719195962582,0.0010877803887687544
final_reproduction_candidate,paper_exact_reconstructed_metadata,supplemental,9,0.25,min_variance,386,0.4008403280400368,0.5484880986622162,1.730634490287435,0.0010028176822131803
final_reproduction_candidate,paper_exact_reconstructed_metadata,supplemental,9,0.25,min_variance,387,0.4009236533281668,0.6426502187334412,1.901513634464204,0.0009488072513067158
final_reproduction_candidate,paper_exact_reconstructed_metadata,supplemental,9,0.25,min_variance,388,0.40144303877241705,0.33135215373347326,1.3928502033523658,0.000976968937408371
final_reproduction_candidate,paper_exact_reconstructed_metadata,supplemental,9,0.25,min_variance,389,0.40200081518348063,0.30505106270876553,1.356694277722319,0.0009484758637219613
final_reproduction_candidate,paper_exact_reconstructed_metadata,supplemental,9,0.25,min_variance,390,0.40565245034103437,0.6272635294841213,1.872479576894097,0.0009805504266765183
final_reproduction_candidate,paper_exact_reconstructed_metadata,supplemental,9,0.25,min_variance,391,0.42121909773878435,0.5605855240316566,1.7516978612740373,0.0010034468733649926
final_reproduction_candidate,paper_exact_reconstructed_metadata,supplemental,9,0.25,min_variance,392,0.42973295296716063,0.9191102519277586,2.5070587465965617,0.000779675638972634
final_reproduction_candidate,paper_exact_reconstructed_metadata,supplemental,9,0.25,min_variance,393,0.4303096869865797,0.8356295496634899,2.306265500028058,0.001004494631355253
final_reproduction_candidate,paper_exact_reconstructed_metadata,supplemental,9,0.25,min_variance,394,0.43929950941264734,0.7879784283603019,2.1989466018644452,0.0008160464802222778
final_reproduction_candidate,paper_exact_reconstructed_metadata,supplemental,9,0.25,min_variance,395,0.4421086947101798,0.369178653458896,1.4465460110396922,0.0009181511859296809
final_reproduction_candidate,paper_exact_reconstructed_metadata,supplemental,9,0.25,min_variance,396,0.4428531428628241,0.43886845435047445,1.5509512530781269,0.0009579685666296984
final_reproduction_candidate,paper_exact_reconstructed_metadata,supplemental,9,0.25,min_variance,397,0.4443064067722911,0.5653529325280066,1.7600688586681716,0.0008657327267320505
final_reproduction_candidate,paper_exact_reconstructed_metadata,supplemental,9,0.25,min_variance,398,0.44617197505866024,0.4208489531939551,1.5232541783528175,0.0008726380637557301
final_reproduction_candidate,paper_exact_reconstructed_metadata,supplemental,9,0.25,min_variance,399,0.4609739416890938,0.37329732028584633,1.4525161381517862,0.0008851355250066023
final_reproduction_candidate,paper_exact_reconstructed_metadata,supplemental,9,0.25,min_variance,400,0.46277475175940747,0.38180071709312724,1.4649201225019965,0.0009745170510959626
final_reproduction_candidate,paper_exact_reconstructed_metadata,supplemental,9,0.25,min_variance,401,0.46826561610938733,0.37753602867114183,1.458685997365702,0.0009610379499516095
final_reproduction_candidate,paper_exact_reconstructed_metadata,supplemental,9,0.25,min_variance,402,0.4781333471083159,0.3166322610697583,1.3724977582539484,0.0009470479747173704
final_reproduction_candidate,paper_exact_reconstructed_metadata,supplemental,9,0.25,min_variance,403,0.4810402661508149,0.42392626687642654,1.5279489291833424,0.0009121897867603862
final_reproduction_candidate,paper_exact_reconstructed_metadata,supplemental,9,0.25,min_variance,404,0.4820132231402135,0.30702658853923565,1.3593771114431423,0.0009694085791719353
final_reproduction_candidate,paper_exact_reconstructed_metadata,supplemental,9,0.25,min_variance,405,0.49311524822030617,0.2659479904630491,1.3046672017853003,0.001025163562100961
final_reproduction_candidate,paper_exact_reconstructed_metadata,supplemental,9,0.25,min_variance,406,0.49969644305655225,0.48758442125286644,1.628377990053051,0.0008519655232449841
final_reproduction_candidate,paper_exact_reconstructed_metadata,supplemental,9,0.25,min_variance,407,0.5032464002864688,0.36759911639096676,1.4442629415658972,0.0009633662795923793
final_reproduction_candidate,paper_exact_reconstructed_metadata,supplemental,9,0.25,min_variance,408,0.5069001968427915,0.13179495567639773,1.1408743654700229,0.000978638172035621
final_reproduction_candidate,paper_exact_reconstructed_metadata,supplemental,9,0.25,min_variance,409,0.5086628835095276,0.46638627036325003,1.5942226814052116,0.0008610513807221085
final_reproduction_candidate,paper_exact_reconstructed_metadata,supplemental,9,0.25,min_variance,410,0.5089584610680226,0.4468883711387527,1.563439764544497,0.0008845854615022018
final_reproduction_candidate,paper_exact_reconstructed_metadata,supplemental,9,0.25,min_variance,411,0.5093894983424376,0.35559887438727705,1.427035013148246,0.0008985989055794254
final_reproduction_candidate,paper_exact_reconstructed_metadata,supplemental,9,0.25,min_variance,412,0.5119633056752686,0.47251868650699025,1.6040291562735056,0.0008684182586493216
final_reproduction_candidate,paper_exact_reconstructed_metadata,supplemental,9,0.25,min_variance,413,0.5267640106474908,0.19561954604542928,1.2160641608943978,0.0010477201744107662
final_reproduction_candidate,paper_exact_reconstructed_metadata,supplemental,9,0.25,min_variance,414,0.5323282793304629,0.3201129204816772,1.3772832790466698,0.0008510473161410719
final_reproduction_candidate,paper_exact_reconstructed_metadata,supplemental,9,0.25,min_variance,415,0.5337473743028887,0.2444803093691778,1.2769575178777213,0.0010810437490574897
final_reproduction_candidate,paper_exact_reconstructed_metadata,supplemental,9,0.25,min_variance,416,0.5481391031784117,0.47074989529111216,1.6011944713138597,0.0008321747968628803
final_reproduction_candidate,paper_exact_reconstructed_metadata,supplemental,9,0.25,min_variance,417,0.5548624917554303,0.7998758545572129,2.225264654877869,0.000720558568546634
final_reproduction_candidate,paper_exact_reconstructed_metadata,supplemental,9,0.25,min_variance,418,0.5573686267973916,0.1526642258002429,1.1649337585650068,0.0009515977782930334
final_reproduction_candidate,paper_exact_reconstructed_metadata,supplemental,9,0.25,min_variance,419,0.5616736271676397,0.227943503487412,1.2560143629965281,0.0008561286302463399
final_reproduction_candidate,paper_exact_reconstructed_metadata,supplemental,9,0.25,min_variance,420,0.565135891466534,0.3265433562777734,1.3861683475601083,0.0008261912057235772
final_reproduction_candidate,paper_exact_reconstructed_metadata,supplemental,9,0.25,min_variance,421,0.5695254017332199,0.5084916438116049,1.6627812360983654,0.0009653482695384101
final_reproduction_candidate,paper_exact_reconstructed_metadata,supplemental,9,0.25,min_variance,422,0.5696391363758844,0.2815601554371082,1.3251957116511306,0.0008213303644086739
final_reproduction_candidate,paper_exact_reconstructed_metadata,supplemental,9,0.25,min_variance,423,0.5750708429725518,0.5579102110995405,1.7470177844590162,0.0007570921806568053
final_reproduction_candidate,paper_exact_reconstructed_metadata,supplemental,9,0.25,min_variance,424,0.5754432060876097,0.31771054569232215,1.3739784996680542,0.0008874748009708334
final_reproduction_candidate,paper_exact_reconstructed_metadata,supplemental,9,0.25,min_variance,425,0.5778302370945143,0.4260619436220102,1.5312156212373196,0.0008337185861070386
final_reproduction_candidate,paper_exact_reconstructed_metadata,supplemental,9,0.25,min_variance,426,0.5785586245672434,0.25014412811825115,1.2842104941919512,0.0009122846403894416
final_reproduction_candidate,paper_exact_reconstructed_metadata,supplemental,9,0.25,min_variance,427,0.5802691335001375,0.574859509668668,1.776880874794757,0.0008598840166616214
final_reproduction_candidate,paper_exact_reconstructed_metadata,supplemental,9,0.25,min_variance,428,0.587733658201052,0.39624207637765946,1.4862290549536648,0.0007783767221476684
final_reproduction_candidate,paper_exact_reconstructed_metadata,supplemental,9,0.25,min_variance,429,0.5982741802080762,0.587592007351134,1.7996496505084203,0.0008179957523708389
final_reproduction_candidate,paper_exact_reconstructed_metadata,supplemental,9,0.25,min_variance,430,0.6099822290443666,0.36584152820189164,1.4417267515195995,0.0009209176061256765
final_reproduction_candidate,paper_exact_reconstructed_metadata,supplemental,9,0.25,min_variance,431,0.6105643125512054,0.6744597331498572,1.962972160647823,0.0008089876120916538
final_reproduction_candidate,paper_exact_reconstructed_metadata,supplemental,9,0.25,min_variance,432,0.6152016645637958,0.26782424531618626,1.3071173878223112,0.0008372149363612102
final_reproduction_candidate,paper_exact_reconstructed_metadata,supplemental,9,0.25,min_variance,433,0.6257207962461364,0.23700909891132835,1.2674526501620942,0.0007916113294378857
final_reproduction_candidate,paper_exact_reconstructed_metadata,supplemental,9,0.25,min_variance,434,0.6281292999227522,0.39534915194415315,1.4849025570360468,0.0007955318845236628
final_reproduction_candidate,paper_exact_reconstructed_metadata,supplemental,9,0.25,min_variance,435,0.6314696047479107,0.3140019475582083,1.3688924025424145,0.0007818955621141711
final_reproduction_candidate,paper_exact_reconstructed_metadata,supplemental,9,0.25,min_variance,436,0.6325077645344062,0.3032536494619884,1.354257927675563,0.000736296281897363
final_reproduction_candidate,paper_exact_reconstructed_metadata,supplemental,9,0.25,min_variance,437,0.6388747491005595,0.27388575221658845,1.3150645504459892,0.0007562372807002442
final_reproduction_candidate,paper_exact_reconstructed_metadata,supplemental,9,0.25,min_variance,438,0.6577980334704672,0.500610764360394,1.6497285584689176,0.0006903056893607198
final_reproduction_candidate,paper_exact_reconstructed_metadata,supplemental,9,0.25,min_variance,439,0.6664455565975499,0.695718224706265,2.0051487042293816,0.0007766049340388569
final_reproduction_candidate,paper_exact_reconstructed_metadata,supplemental,9,0.25,min_variance,440,0.6693865549116661,0.35309412497083087,1.4234651207411664,0.0006919739624066975
final_reproduction_candidate,paper_exact_reconstructed_metadata,supplemental,9,0.25,min_variance,441,0.6758947395548951,0.3140510489005425,1.3689596186470772,0.0007864739440863004
final_reproduction_candidate,paper_exact_reconstructed_metadata,supplemental,9,0.25,min_variance,442,0.6802333604415444,0.1830409440071522,1.2008635752410872,0.0007864827257016106
final_reproduction_candidate,paper_exact_reconstructed_metadata,supplemental,9,0.25,min_variance,443,0.683596980058941,0.3433993538828131,1.409731631327625,0.0007939702702193427
final_reproduction_candidate,paper_exact_reconstructed_metadata,supplemental,9,0.25,min_variance,444,0.6836058104681392,0.435535251140104,1.5457902235407073,0.0006352051536254778
final_reproduction_candidate,paper_exact_reconstructed_metadata,supplemental,9,0.25,min_variance,445,0.6838548209900348,0.34222602490826637,1.4080785223682262,0.0007410870082294245
final_reproduction_candidate,paper_exact_reconstructed_metadata,supplemental,9,0.25,min_variance,446,0.6954562827886147,0.43268543317265906,1.5413912738678264,0.0006147988538245293
final_reproduction_candidate,paper_exact_reconstructed_metadata,supplemental,9,0.25,min_variance,447,0.6955352287139229,0.4178893623998761,1.5187526339600126,0.0006541213728068081
final_reproduction_candidate,paper_exact_reconstructed_metadata,supplemental,9,0.25,min_variance,448,0.7141546062926977,0.5222468639546576,1.6858111859496108,0.0007840330103085257
final_reproduction_candidate,paper_exact_reconstructed_metadata,supplemental,9,0.25,min_variance,449,0.7270217412432456,0.5262431116029096,1.692561584084545,0.0007284045335016358
final_reproduction_candidate,paper_exact_reconstructed_metadata,supplemental,9,0.25,min_variance,450,0.7296979983434436,0.39467960178272415,1.4839086730539968,0.0008085763771841626
final_reproduction_candidate,paper_exact_reconstructed_metadata,supplemental,9,0.25,min_variance,451,0.7321911726281155,0.33556564641798015,1.398731348875707,0.0007176970920171789
final_reproduction_candidate,paper_exact_reconstructed_metadata,supplemental,9,0.25,min_variance,452,0.7381159308208927,0.46252376791595584,1.5880768691449407,0.0007022890239662331
final_reproduction_candidate,paper_exact_reconstructed_metadata,supplemental,9,0.25,min_variance,453,0.7416045342621428,0.6571289225452638,1.9292453624545303,0.0006853097023974427
final_reproduction_candidate,paper_exact_reconstructed_metadata,supplemental,9,0.25,min_variance,454,0.7463864162449307,0.25133860176623635,1.2857453662853717,0.000780397295689856
final_reproduction_candidate,paper_exact_reconstructed_metadata,supplemental,9,0.25,min_variance,455,0.7480071500941183,0.33489433333868385,1.3977926773332787,0.0006857989642114851
final_reproduction_candidate,paper_exact_reconstructed_metadata,supplemental,9,0.25,min_variance,456,0.7678297608414346,0.5928197518930799,1.8090823936494935,0.0006482829903286095
final_reproduction_candidate,paper_exact_reconstructed_metadata,supplemental,9,0.25,min_variance,457,0.7694811162151649,0.423206889421823,1.5268501524368967,0.0007301463435988022
final_reproduction_candidate,paper_exact_reconstructed_metadata,supplemental,9,0.25,min_variance,458,0.7796065041423801,0.17074429979209144,1.1861874018751224,0.0008978678767370371
final_reproduction_candidate,paper_exact_reconstructed_metadata,supplemental,9,0.25,min_variance,459,0.7911998270764087,0.42514934328013193,1.529818870772304,0.0006023690015039854
final_reproduction_candidate,paper_exact_reconstructed_metadata,supplemental,9,0.25,min_variance,460,0.7915099493255509,0.3833323245140232,1.4671655241305965,0.0006971024030499966
final_reproduction_candidate,paper_exact_reconstructed_metadata,supplemental,9,0.25,min_variance,461,0.8025834462765942,0.20072884671386867,1.2222932980408754,0.0007989780891625138
final_reproduction_candidate,paper_exact_reconstructed_metadata,supplemental,9,0.25,min_variance,462,0.8110951937048912,0.48499147653367114,1.6241611653022268,0.0006378238566944664
final_reproduction_candidate,paper_exact_reconstructed_metadata,supplemental,9,0.25,min_variance,463,0.8119790845757524,0.4463250797115866,1.5625593403192275,0.0006657026523150754
final_reproduction_candidate,paper_exact_reconstructed_metadata,supplemental,9,0.25,min_variance,464,0.8260729381991169,0.25417989034059585,1.289403734683156,0.0008884019248520265
final_reproduction_candidate,paper_exact_reconstructed_metadata,supplemental,9,0.25,min_variance,465,0.8309311373312511,0.48565821744995097,1.6252444210911157,0.0005963343049876234
final_reproduction_candidate,paper_exact_reconstructed_metadata,supplemental,9,0.25,min_variance,466,0.8317941750890866,0.7442445441971125,2.1048507125111424,0.0005804375869095819
final_reproduction_candidate,paper_exact_reconstructed_metadata,supplemental,9,0.25,min_variance,467,0.8329942907665192,0.5323024213654771,1.7028484732649771,0.000576486412813704
final_reproduction_candidate,paper_exact_reconstructed_metadata,supplemental,9,0.25,min_variance,468,0.8350943873852429,0.5421845918255918,1.7197597345032112,0.0005896440050793976
final_reproduction_candidate,paper_exact_reconstructed_metadata,supplemental,9,0.25,min_variance,469,0.8588935941146026,0.39066697683531076,1.4779662344548465,0.0007202743793256914
final_reproduction_candidate,paper_exact_reconstructed_metadata,supplemental,9,0.25,min_variance,470,0.8619632156697599,0.3326322889060299,1.3946343816388178,0.0007682686171667114
final_reproduction_candidate,paper_exact_reconstructed_metadata,supplemental,9,0.25,min_variance,471,0.8855260315231646,0.18668742784186415,1.2052504984171024,0.0006708178519938116
final_reproduction_candidate,paper_exact_reconstructed_metadata,supplemental,9,0.25,min_variance,472,0.8939979081458982,0.3120912948850737,1.3662794216586291,0.0006603094318260239
final_reproduction_candidate,paper_exact_reconstructed_metadata,supplemental,9,0.25,min_variance,473,0.9027562733621873,0.23397092631507063,1.2636077539400097,0.0007797877051826272
final_reproduction_candidate,paper_exact_reconstructed_metadata,supplemental,9,0.25,min_variance,474,0.9171113715493193,0.13963224658927617,1.1498508595178902,0.0008530962289308223
final_reproduction_candidate,paper_exact_reconstructed_metadata,supplemental,9,0.25,min_variance,475,0.93285792819622,0.21054733558682645,1.2343534806856835,0.0006457464347139949
final_reproduction_candidate,paper_exact_reconstructed_metadata,supplemental,9,0.25,min_variance,476,0.9369356093476715,0.2165076710547949,1.2417326107161915,0.0006664606361930142
final_reproduction_candidate,paper_exact_reconstructed_metadata,supplemental,9,0.25,min_variance,477,0.9413035286987318,0.3351869512053885,1.3982017562936027,0.0006744748938688086
final_reproduction_candidate,paper_exact_reconstructed_metadata,supplemental,9,0.25,min_variance,478,0.9422768928861456,0.30190851939293134,1.3524374992467834,0.0006394920977346945
final_reproduction_candidate,paper_exact_reconstructed_metadata,supplemental,9,0.25,min_variance,479,0.9483202388576905,0.32378656153941554,1.3823522284984002,0.0006875550750549315
final_reproduction_candidate,paper_exact_reconstructed_metadata,supplemental,9,0.25,min_variance,480,0.9746953312604324,0.24067584385434856,1.2721086066434177,0.0006022999447818663
final_reproduction_candidate,paper_exact_reconstructed_metadata,supplemental,9,0.25,min_variance,481,0.9981773092071131,0.22167561397385568,1.2481664244408275,0.0006605149354883187
final_reproduction_candidate,paper_exact_reconstructed_metadata,supplemental,9,0.25,min_variance,482,1.0002608085180986,0.19748902107735397,1.2183396888390112,0.0005644219142088107
final_reproduction_candidate,paper_exact_reconstructed_metadata,supplemental,9,0.25,min_variance,483,1.0058588739915066,0.22899900452667743,1.2573407873600049,0.0005603424022598737
final_reproduction_candidate,paper_exact_reconstructed_metadata,supplemental,9,0.25,min_variance,484,1.0361083155200308,0.2513195357990884,1.2857208525401473,0.00047284034396161286
final_reproduction_candidate,paper_exact_reconstructed_metadata,supplemental,9,0.25,min_variance,485,1.0396791374005963,0.26800164535865156,1.3073492910716331,0.00048493819328042554
final_reproduction_candidate,paper_exact_reconstructed_metadata,supplemental,9,0.25,min_variance,486,1.0400062175343876,0.2410047912816599,1.2725271323295337,0.0004654430961377572
final_reproduction_candidate,paper_exact_reconstructed_metadata,supplemental,9,0.25,min_variance,487,1.0474552145486908,0.24658403889347397,1.2796467187932392,0.0004706685500800383
final_reproduction_candidate,paper_exact_reconstructed_metadata,supplemental,9,0.25,min_variance,488,1.0510135702959125,0.2987934699766793,1.34823114450705,0.0005373181193405075
final_reproduction_candidate,paper_exact_reconstructed_metadata,supplemental,9,0.25,min_variance,489,1.0544658732214314,0.29462134980248905,1.34261787989915,0.0005053667116023363
final_reproduction_candidate,paper_exact_reconstructed_metadata,supplemental,9,0.25,min_variance,490,1.061296749964531,0.24981447235183024,1.2837872165690303,0.00048244804196844045
final_reproduction_candidate,paper_exact_reconstructed_metadata,supplemental,9,0.25,min_variance,491,1.0779772740379154,0.36282574582593563,1.4373853670172438,0.0005031801571256959
final_reproduction_candidate,paper_exact_reconstructed_metadata,supplemental,9,0.25,min_variance,492,1.0852688302740683,0.28109717228856235,1.3245823103762948,0.0005402656906257904
final_reproduction_candidate,paper_exact_reconstructed_metadata,supplemental,9,0.25,min_variance,493,1.1924883411180036,0.12215166633866802,1.1299254604428728,0.0003849849952039966
final_reproduction_candidate,paper_exact_reconstructed_metadata,supplemental,9,0.25,min_variance,494,1.1958401479234526,0.10754906911265898,1.113545500095568,0.0003996810638391239
final_reproduction_candidate,paper_exact_reconstructed_metadata,supplemental,9,0.25,min_variance,495,1.2066590827824812,0.15910263547758885,1.17245827632071,0.0003632215471349331
final_reproduction_candidate,paper_exact_reconstructed_metadata,supplemental,9,0.25,min_variance,496,1.209778985920789,0.14941036355517232,1.1611493848443477,0.0004024000711780093
final_reproduction_candidate,paper_exact_reconstructed_metadata,supplemental,9,0.25,min_variance,497,1.2300901318468507,0.18597236084208715,1.20438897162062,0.0003887784669239693
final_reproduction_candidate,paper_exact_reconstructed_metadata,supplemental,9,0.25,min_variance,498,1.2317942395689885,0.19190450538585677,1.2115548144809842,0.00034612379553989334
final_reproduction_candidate,paper_exact_reconstructed_metadata,supplemental,9,0.25,min_variance,499,1.2507209531909518,0.19514688930975885,1.2154895157933807,0.00036533269408078845
final_reproduction_candidate,paper_exact_reconstructed_metadata,supplemental,9,0.25,min_variance,500,1.2534802188905436,0.30758871350204614,1.360141466062637,0.0003491766578660308
final_reproduction_candidate,paper_exact_reconstructed_metadata,supplemental,9,0.25,min_variance,501,1.260351604803101,0.20665603078793834,1.2295595683989284,0.0003466433915511617
final_reproduction_candidate,paper_exact_reconstructed_metadata,supplemental,9,0.25,min_variance,502,1.4424025173290724,0.11546949733822223,1.1224002778300726,0.00038579448544655775
final_reproduction_candidate,paper_exact_reconstructed_metadata,supplemental,9,0.25,min_variance,503,1.4578372440937504,0.11106664964875405,1.1174693833144071,0.00035292681323311837
final_reproduction_candidate,paper_exact_reconstructed_metadata,supplemental,9,0.25,min_variance,504,1.4747325949850414,0.10822719321910323,1.114300878233921,0.0003874070823130013
final_reproduction_candidate,paper_exact_reconstructed_metadata,supplemental,9,0.25,min_variance,505,1.5094130816370808,0.09658057303221618,1.1013983205711102,0.0003119699904824171
final_reproduction_candidate,paper_exact_reconstructed_metadata,supplemental,9,0.25,min_variance,506,1.534040761618005,0.1033698213529283,1.1089014286809504,0.0003619038602672312
final_reproduction_candidate,paper_exact_reconstructed_metadata,supplemental,9,0.25,min_variance,507,1.5693989422831751,0.09878890014237952,1.1038332559188464,0.00028384661245913585
final_reproduction_candidate,paper_exact_reconstructed_metadata,supplemental,9,0.25,min_variance,508,1.5893312831933635,0.10720827493286465,1.1131660749268162,0.0003261657610169481
final_reproduction_candidate,paper_exact_reconstructed_metadata,supplemental,9,0.25,min_variance,509,1.6114791901726588,0.24855424431657452,1.2821703709384895,0.00029220901323559175
final_reproduction_candidate,paper_exact_reconstructed_metadata,supplemental,9,0.25,min_variance,510,1.6188008765638917,0.11263572932537558,1.1192241581437505,0.00029408285170439937
final_reproduction_candidate,paper_exact_reconstructed_metadata,supplemental,9,0.25,min_variance,511,2.1494659641566276,0.11029277250405045,1.1166049338307453,0.00014330726444108547
final_reproduction_candidate,paper_exact_reconstructed_metadata,supplemental,9,0.75,eigen,0,-1.2491871529656102,1.5901126180483114,4.904301210058201,0.0762328703890938
final_reproduction_candidate,paper_exact_reconstructed_metadata,supplemental,9,0.75,eigen,1,-1.2084655298339986,2.0058649044450787,7.432519536760439,0.07001605836568243
final_reproduction_candidate,paper_exact_reconstructed_metadata,supplemental,9,0.75,eigen,2,-1.208465529833997,2.005864904445081,7.432519536760456,0.07001605836568182
final_reproduction_candidate,paper_exact_reconstructed_metadata,supplemental,9,0.75,eigen,3,-1.120887449248052,1.9988302722025468,7.380417967730818,0.056842769397488654
final_reproduction_candidate,paper_exact_reconstructed_metadata,supplemental,9,0.75,eigen,4,-1.1208874492480525,1.9988302722025446,7.380417967730802,0.05684276939748861
final_reproduction_candidate,paper_exact_reconstructed_metadata,supplemental,9,0.75,eigen,5,-1.031398949921015,2.51650321521507,12.385212432732205,0.04404734680599407
final_reproduction_candidate,paper_exact_reconstructed_metadata,supplemental,9,0.75,eigen,6,-1.0313989499210168,2.516503215215069,12.385212432732192,0.04404734680599407
final_reproduction_candidate,paper_exact_reconstructed_metadata,supplemental,9,0.75,eigen,7,-0.9492051626786844,2.569512117826143,13.059451412872889,0.034041558445033336
final_reproduction_candidate,paper_exact_reconstructed_metadata,supplemental,9,0.75,eigen,8,-0.9492051626786822,2.5695121178261213,13.059451412872605,0.03404155844503315
final_reproduction_candidate,paper_exact_reconstructed_metadata,supplemental,9,0.75,eigen,9,-0.8811597088443147,2.783456254355228,16.174828771842982,0.026965338782671332
final_reproduction_candidate,paper_exact_reconstructed_metadata,supplemental,9,0.75,eigen,10,-0.8811597088443128,2.7834562543552233,16.174828771842904,0.026965338782671263
final_reproduction_candidate,paper_exact_reconstructed_metadata,supplemental,9,0.75,eigen,11,-0.8251650582986151,3.122970705549347,22.71375539606574,0.022186394847756526
final_reproduction_candidate,paper_exact_reconstructed_metadata,supplemental,9,0.75,eigen,12,-0.8251650582986145,3.122970705549348,22.71375539606576,0.022186394847756488
final_reproduction_candidate,paper_exact_reconstructed_metadata,supplemental,9,0.75,eigen,13,-0.7858600402144443,3.1451056822759513,23.222129511107088,0.019191952052591752
final_reproduction_candidate,paper_exact_reconstructed_metadata,supplemental,9,0.75,eigen,14,-0.7858600402144443,3.1451056822759567,23.222129511107212,0.019191952052591665
final_reproduction_candidate,paper_exact_reconstructed_metadata,supplemental,9,0.75,eigen,15,-0.7604995751993388,3.2419812157455494,25.58435970471534,0.0175341645501915
final_reproduction_candidate,paper_exact_reconstructed_metadata,supplemental,9,0.75,eigen,16,-0.7604995751993386,3.241981215745538,25.584359704715045,0.017534164550191453
final_reproduction_candidate,paper_exact_reconstructed_metadata,supplemental,9,0.75,eigen,17,-0.7531748199286921,2.5525469617864247,12.839764561814548,0.017018538073394138
final_reproduction_candidate,paper_exact_reconstructed_metadata,supplemental,9,0.75,eigen,18,-1.045047296086003,2.134694830663043,8.45446606934167,0.009457284677084975
final_reproduction_candidate,paper_exact_reconstructed_metadata,supplemental,9,0.75,eigen,19,-1.0006319302872326,2.699579379287473,14.873474317602314,0.00828219401890708
final_reproduction_candidate,paper_exact_reconstructed_metadata,supplemental,9,0.75,eigen,20,-1.000631930287231,2.6995793792874716,14.873474317602295,0.008282194018907058
final_reproduction_candidate,paper_exact_reconstructed_metadata,supplemental,9,0.75,eigen,21,-0.8733650095166358,2.756827529585233,15.749797839236495,0.005663705559717657
final_reproduction_candidate,paper_exact_reconstructed_metadata,supplemental,9,0.75,eigen,22,-0.873365009516635,3.140529042541223,23.116093020952004,0.005663705559717652
final_reproduction_candidate,paper_exact_reconstructed_metadata,supplemental,9,0.75,eigen,23,-0.8733650095166356,3.1820428645118364,24.09592802280984,0.005663705559717652
final_reproduction_candidate,paper_exact_reconstructed_metadata,supplemental,9,0.75,eigen,24,-0.8733650095166342,3.1082788034051205,22.38248656779455,0.005663705559717635
final_reproduction_candidate,paper_exact_reconstructed_metadata,supplemental,9,0.75,eigen,25,-0.8235653503742495,3.1091188278168747,22.401296302119185,0.0052103571777775875
final_reproduction_candidate,paper_exact_reconstructed_metadata,supplemental,9,0.75,eigen,26,-0.8235653503742477,3.1091188278168804,22.401296302119317,0.005210357177777586
final_reproduction_candidate,paper_exact_reconstructed_metadata,supplemental,9,0.75,eigen,27,-0.8503926892105285,3.056377035771338,21.250427987829287,0.005070275142049014
final_reproduction_candidate,paper_exact_reconstructed_metadata,supplemental,9,0.75,eigen,28,-0.8503926892105287,3.05637703577132,21.25042798782891,0.005070275142049003
final_reproduction_candidate,paper_exact_reconstructed_metadata,supplemental,9,0.75,eigen,29,-0.7450653057990785,3.2686242070598994,26.275165278070467,0.004223121960685888
final_reproduction_candidate,paper_exact_reconstructed_metadata,supplemental,9,0.75,eigen,30,-0.7450653057990775,3.2686242070599643,26.27516527807217,0.0042231219606858805
final_reproduction_candidate,paper_exact_reconstructed_metadata,supplemental,9,0.75,eigen,31,-0.7493249051365667,3.504415457365531,33.2619951143974,0.0036912883425189984
final_reproduction_candidate,paper_exact_reconstructed_metadata,supplemental,9,0.75,eigen,32,-0.7493249051365666,3.3646950314159096,28.924674836701392,0.003691288342518995
final_reproduction_candidate,paper_exact_reconstructed_metadata,supplemental,9,0.75,eigen,33,-0.7493249051365651,3.2566154481166283,25.96152016555517,0.0036912883425189937
final_reproduction_candidate,paper_exact_reconstructed_metadata,supplemental,9,0.75,eigen,34,-0.7493249051365665,3.6417943534185695,38.16024830176437,0.003691288342518982
final_reproduction_candidate,paper_exact_reconstructed_metadata,supplemental,9,0.75,eigen,35,-0.7550930205806606,3.1650287801333095,23.68942580785303,0.0036086502826430584
final_reproduction_candidate,paper_exact_reconstructed_metadata,supplemental,9,0.75,eigen,36,-0.7550930205806594,3.1650287801332904,23.68942580785258,0.0036086502826430523
final_reproduction_candidate,paper_exact_reconstructed_metadata,supplemental,9,0.75,eigen,37,-0.7016827229472656,2.687530467042511,14.695340445530674,0.0033918362154097613
final_reproduction_candidate,paper_exact_reconstructed_metadata,supplemental,9,0.75,eigen,38,-0.7224078002949066,2.9549262092179593,19.200305861973302,0.003199984663385603
final_reproduction_candidate,paper_exact_reconstructed_metadata,supplemental,9,0.75,eigen,39,-0.6733261092975469,4.020951003898347,55.75410299184014,0.0031897277966893905
final_reproduction_candidate,paper_exact_reconstructed_metadata,supplemental,9,0.75,eigen,40,-0.6733261092975472,3.8038165816114833,44.872116191951676,0.0031897277966893823
final_reproduction_candidate,paper_exact_reconstructed_metadata,supplemental,9,0.75,eigen,41,-0.6733261092975453,3.843354315816354,46.68179760662984,0.0031897277966893823
final_reproduction_candidate,paper_exact_reconstructed_metadata,supplemental,9,0.75,eigen,42,-0.6733261092975463,3.8762627095634317,48.243577473296725,0.003189727796689378
final_reproduction_candidate,paper_exact_reconstructed_metadata,supplemental,9,0.75,eigen,43,-0.673326109297546,4.182070847305806,65.50135616957078,0.0031897277966893766
final_reproduction_candidate,paper_exact_reconstructed_metadata,supplemental,9,0.75,eigen,44,-0.6733261092975441,3.9387912242837673,51.35648529363589,0.0031897277966893766
final_reproduction_candidate,paper_exact_reconstructed_metadata,supplemental,9,0.75,eigen,45,-0.6733261092975448,4.1369847073408,62.613737777275034,0.0031897277966893736
final_reproduction_candidate,paper_exact_reconstructed_metadata,supplemental,9,0.75,eigen,46,-0.6733261092975453,4.077283697864732,58.985030882839155,0.0031897277966893623
final_reproduction_candidate,paper_exact_reconstructed_metadata,supplemental,9,0.75,eigen,47,-0.6846594220372905,3.900841339770665,49.44403084046177,0.002917267886200828
final_reproduction_candidate,paper_exact_reconstructed_metadata,supplemental,9,0.75,eigen,48,-0.6846594220372899,3.9675417829005246,52.85444331715261,0.002917267886200828
final_reproduction_candidate,paper_exact_reconstructed_metadata,supplemental,9,0.75,eigen,49,-0.6846594220372895,3.4743056151500604,32.2754091985141,0.0029172678862008244
final_reproduction_candidate,paper_exact_reconstructed_metadata,supplemental,9,0.75,eigen,50,-0.6846594220372905,3.662241302753394,38.948540587848946,0.0029172678862008214
final_reproduction_candidate,paper_exact_reconstructed_metadata,supplemental,9,0.75,eigen,51,-0.6210252014190079,3.4438560506629297,31.307448818756207,0.002752396059108152
final_reproduction_candidate,paper_exact_reconstructed_metadata,supplemental,9,0.75,eigen,52,-0.6210252014190087,3.4438560506629305,31.30744881875623,0.00275239605910815
final_reproduction_candidate,paper_exact_reconstructed_metadata,supplemental,9,0.75,eigen,53,-0.5733830192297081,3.1732521188483864,23.885035158900205,0.0025291106427257092
final_reproduction_candidate,paper_exact_reconstructed_metadata,supplemental,9,0.75,eigen,54,-0.5733830192297082,3.173252118848389,23.88503515890027,0.0025291106427257092
final_reproduction_candidate,paper_exact_reconstructed_metadata,supplemental,9,0.75,eigen,55,-0.5780264406676772,4.2869147888149906,72.74169844472081,0.0022702144938086775
final_reproduction_candidate,paper_exact_reconstructed_metadata,supplemental,9,0.75,eigen,56,-0.5780264406676775,4.084499563692889,59.412198289402,0.0022702144938086767
final_reproduction_candidate,paper_exact_reconstructed_metadata,supplemental,9,0.75,eigen,57,-0.5780264406676772,4.064907679136078,58.25952970415324,0.002270214493808675
final_reproduction_candidate,paper_exact_reconstructed_metadata,supplemental,9,0.75,eigen,58,-0.5780264406676785,4.44372670250752,85.09146208391398,0.0022702144938086736
final_reproduction_candidate,paper_exact_reconstructed_metadata,supplemental,9,0.75,eigen,59,-0.5780264406676772,4.006947136152041,54.97877139848105,0.0022702144938086728
final_reproduction_candidate,paper_exact_reconstructed_metadata,supplemental,9,0.75,eigen,60,-0.5780264406676769,4.389834281981819,80.6270565172893,0.0022702144938086715
final_reproduction_candidate,paper_exact_reconstructed_metadata,supplemental,9,0.75,eigen,61,-0.5780264406676774,4.471948957121753,87.52714353809439,0.0022702144938086706
final_reproduction_candidate,paper_exact_reconstructed_metadata,supplemental,9,0.75,eigen,62,-0.5780264406676766,4.347359406355658,77.27414366927344,0.0022702144938086676
final_reproduction_candidate,paper_exact_reconstructed_metadata,supplemental,9,0.75,eigen,63,-0.5776426185671977,3.3444248238842316,28.344268031231437,0.002210610235589289
final_reproduction_candidate,paper_exact_reconstructed_metadata,supplemental,9,0.75,eigen,64,-0.5776426185671952,4.071801279290673,58.66253509016616,0.002210610235589284
final_reproduction_candidate,paper_exact_reconstructed_metadata,supplemental,9,0.75,eigen,65,-0.5776426185671962,3.709224390352543,40.82213220555509,0.002210610235589281
final_reproduction_candidate,paper_exact_reconstructed_metadata,supplemental,9,0.75,eigen,66,-0.5776426185671941,4.021660505058376,55.79367462899049,0.0022106102355892794
final_reproduction_candidate,paper_exact_reconstructed_metadata,supplemental,9,0.75,eigen,67,-0.5563597183197326,3.663173094064977,38.984849413064424,0.0021752504514081076
final_reproduction_candidate,paper_exact_reconstructed_metadata,supplemental,9,0.75,eigen,68,-0.5563597183197334,3.6631730940649785,38.98484941306448,0.002175250451408106
final_reproduction_candidate,paper_exact_reconstructed_metadata,supplemental,9,0.75,eigen,69,-0.5453412203819243,3.7142111186911144,41.026209505185285,0.0020131215257197716
final_reproduction_candidate,paper_exact_reconstructed_metadata,supplemental,9,0.75,eigen,70,-0.5453412203819251,3.811511892434039,45.21875310210953,0.0020131215257197716
final_reproduction_candidate,paper_exact_reconstructed_metadata,supplemental,9,0.75,eigen,71,-0.5453412203819248,3.9453154233416554,51.692640606317305,0.0020131215257197716
final_reproduction_candidate,paper_exact_reconstructed_metadata,supplemental,9,0.75,eigen,72,-0.5453412203819247,3.444013586993526,31.312381267873217,0.0020131215257197664
final_reproduction_candidate,paper_exact_reconstructed_metadata,supplemental,9,0.75,eigen,73,-0.4962595293845628,3.502990572688491,33.21463435705286,0.0020066688950653618
final_reproduction_candidate,paper_exact_reconstructed_metadata,supplemental,9,0.75,eigen,74,-0.49625952938456336,3.502990572688537,33.21463435705439,0.002006668895065361
final_reproduction_candidate,paper_exact_reconstructed_metadata,supplemental,9,0.75,eigen,75,-0.5230868682208437,3.7076769133383425,40.75900974716959,0.0019527189921579625
final_reproduction_candidate,paper_exact_reconstructed_metadata,supplemental,9,0.75,eigen,76,-0.5230868682208446,3.7076769133383447,40.759009747169685,0.0019527189921579606
final_reproduction_candidate,paper_exact_reconstructed_metadata,supplemental,9,0.75,eigen,77,-0.512977135467921,4.257015446477251,70.59896232727652,0.0017470708464867903
final_reproduction_candidate,paper_exact_reconstructed_metadata,supplemental,9,0.75,eigen,78,-0.5129771354679213,4.0293571325573065,56.22475456221381,0.0017470708464867894
final_reproduction_candidate,paper_exact_reconstructed_metadata,supplemental,9,0.75,eigen,79,-0.5129771354679215,4.2049703713533075,67.01861196611227,0.0017470708464867887
final_reproduction_candidate,paper_exact_reconstructed_metadata,supplemental,9,0.75,eigen,80,-0.5129771354679211,4.120766166337091,61.60642495617537,0.0017470708464867857
final_reproduction_candidate,paper_exact_reconstructed_metadata,supplemental,9,0.75,eigen,81,-0.4493429148496394,4.478860686076675,88.13420292871062,0.0016483336808383701
final_reproduction_candidate,paper_exact_reconstructed_metadata,supplemental,9,0.75,eigen,82,-0.44934291484964006,4.310433254888647,74.47274763370581,0.0016483336808383695
final_reproduction_candidate,paper_exact_reconstructed_metadata,supplemental,9,0.75,eigen,83,-0.44934291484963906,4.425532474415626,83.5572874965172,0.0016483336808383686
final_reproduction_candidate,paper_exact_reconstructed_metadata,supplemental,9,0.75,eigen,84,-0.449342914849638,3.891200588237983,48.96964362328515,0.0016483336808383686
final_reproduction_candidate,paper_exact_reconstructed_metadata,supplemental,9,0.75,eigen,85,-0.4493429148496382,4.563830742025389,95.95033770349698,0.0016483336808383686
final_reproduction_candidate,paper_exact_reconstructed_metadata,supplemental,9,0.75,eigen,86,-0.44934291484963906,3.8759108419137753,48.226605105268916,0.0016483336808383678
final_reproduction_candidate,paper_exact_reconstructed_metadata,supplemental,9,0.75,eigen,87,-0.4493429148496393,4.371236904327335,79.14146160030296,0.0016483336808383665
final_reproduction_candidate,paper_exact_reconstructed_metadata,supplemental,9,0.75,eigen,88,-0.44934291484963956,4.108007007558623,60.825372182564315,0.0016483336808383656
final_reproduction_candidate,paper_exact_reconstructed_metadata,supplemental,9,0.75,eigen,89,-0.4536025141871277,2.7075308885203255,14.992212333563332,0.0014407528262981742
final_reproduction_candidate,paper_exact_reconstructed_metadata,supplemental,9,0.75,eigen,90,-0.4009598607546941,3.5823757118926336,35.95886736015801,0.0014281998653868362
final_reproduction_candidate,paper_exact_reconstructed_metadata,supplemental,9,0.75,eigen,91,-0.4009598607546944,3.5823757118926256,35.958867360157726,0.0014281998653868362
final_reproduction_candidate,paper_exact_reconstructed_metadata,supplemental,9,0.75,eigen,92,-0.42778719959097494,4.50341117367118,90.32471968921502,0.0013898022780920655
final_reproduction_candidate,paper_exact_reconstructed_metadata,supplemental,9,0.75,eigen,93,-0.42778719959097455,5.02630704925328,152.36928017108247,0.0013898022780920642
final_reproduction_candidate,paper_exact_reconstructed_metadata,supplemental,9,0.75,eigen,94,-0.42778719959097516,4.855891521283308,128.49519636761005,0.001389802278092063
final_reproduction_candidate,paper_exact_reconstructed_metadata,supplemental,9,0.75,eigen,95,-0.4277871995909748,4.613500157346765,100.83647621049704,0.0013898022780920618
final_reproduction_candidate,paper_exact_reconstructed_metadata,supplemental,9,0.75,eigen,96,-0.427787199590975,4.7025303331174335,110.22572769390113,0.0013898022780920618
final_reproduction_candidate,paper_exact_reconstructed_metadata,supplemental,9,0.75,eigen,97,-0.42778719959097455,4.547013790519216,94.35023764008365,0.0013898022780920618
final_reproduction_candidate,paper_exact_reconstructed_metadata,supplemental,9,0.75,eigen,98,-0.42778719959097466,4.983769654892495,146.02380478531933,0.0013898022780920605
final_reproduction_candidate,paper_exact_reconstructed_metadata,supplemental,9,0.75,eigen,99,-0.4277871995909741,4.8310916714497685,125.34772452273278,0.0013898022780920592
final_reproduction_candidate,paper_exact_reconstructed_metadata,supplemental,9,0.75,eigen,100,-0.38467743175036373,4.759319437981823,116.66650008620746,0.0013026971795900128
final_reproduction_candidate,paper_exact_reconstructed_metadata,supplemental,9,0.75,eigen,101,-0.3846774317503635,4.7149646146007695,111.60486192124037,0.0013026971795900117
final_reproduction_candidate,paper_exact_reconstructed_metadata,supplemental,9,0.75,eigen,102,-0.38467743175036406,4.6892549244197435,108.77210616805323,0.0013026971795900106
final_reproduction_candidate,paper_exact_reconstructed_metadata,supplemental,9,0.75,eigen,103,-0.3846774317503629,4.661043380817549,105.74635833844489,0.0013026971795900106
final_reproduction_candidate,paper_exact_reconstructed_metadata,supplemental,9,0.75,eigen,104,-0.3846774317503645,4.778776534354601,118.95871906972978,0.0013026971795900106
final_reproduction_candidate,paper_exact_reconstructed_metadata,supplemental,9,0.75,eigen,105,-0.3846774317503632,4.549253469231735,94.56178867358922,0.0013026971795900106
final_reproduction_candidate,paper_exact_reconstructed_metadata,supplemental,9,0.75,eigen,106,-0.384677431750364,4.614741588003055,100.96173543757227,0.0013026971795900106
final_reproduction_candidate,paper_exact_reconstructed_metadata,supplemental,9,0.75,eigen,107,-0.3846774317503642,4.714852625951378,111.59236414330601,0.0013026971795900082
final_reproduction_candidate,paper_exact_reconstructed_metadata,supplemental,9,0.75,eigen,108,-0.36827464046894165,2.969217605763071,19.476675194815968,0.0012664617814225922
final_reproduction_candidate,paper_exact_reconstructed_metadata,supplemental,9,0.75,eigen,109,-0.39510197930522284,4.527885082989038,92.56259172587492,0.001232412571654255
final_reproduction_candidate,paper_exact_reconstructed_metadata,supplemental,9,0.75,eigen,110,-0.39510197930522284,4.359918716356317,78.25077365657079,0.0012324125716542539
final_reproduction_candidate,paper_exact_reconstructed_metadata,supplemental,9,0.75,eigen,111,-0.3951019793052229,4.512884408156784,91.18445273553246,0.0012324125716542528
final_reproduction_candidate,paper_exact_reconstructed_metadata,supplemental,9,0.75,eigen,112,-0.39510197930522245,4.342140707733378,76.87192364757053,0.0012324125716542517
final_reproduction_candidate,paper_exact_reconstructed_metadata,supplemental,9,0.75,eigen,113,-0.3460202883078606,3.646144285272353,38.326604337796226,0.0012284623366400544
final_reproduction_candidate,paper_exact_reconstructed_metadata,supplemental,9,0.75,eigen,114,-0.3460202883078609,3.646144285272361,38.32660433779653,0.0012284623366400533
final_reproduction_candidate,paper_exact_reconstructed_metadata,supplemental,9,0.75,eigen,115,-0.3889370310878518,4.372221775441615,79.2194441348444,0.0011386436284856868
final_reproduction_candidate,paper_exact_reconstructed_metadata,supplemental,9,0.75,eigen,116,-0.38893703108785155,4.256265310338242,70.54602335245983,0.0011386436284856868
final_reproduction_candidate,paper_exact_reconstructed_metadata,supplemental,9,0.75,eigen,117,-0.38893703108785244,4.4421215273490064,84.954984946934,0.0011386436284856868
final_reproduction_candidate,paper_exact_reconstructed_metadata,supplemental,9,0.75,eigen,118,-0.3889370310878513,4.3229275117579995,75.40906639555034,0.0011386436284856868
final_reproduction_candidate,paper_exact_reconstructed_metadata,supplemental,9,0.75,eigen,119,-0.3253028104695694,3.7496175521465456,42.50482301283086,0.0010742922343871658
final_reproduction_candidate,paper_exact_reconstructed_metadata,supplemental,9,0.75,eigen,120,-0.32530281046957055,3.749617552146548,42.504823012830954,0.001074292234387165
final_reproduction_candidate,paper_exact_reconstructed_metadata,supplemental,9,0.75,eigen,121,-0.3324875309611058,3.957825709686171,52.34339240058945,0.000989159413078334
final_reproduction_candidate,paper_exact_reconstructed_metadata,supplemental,9,0.75,eigen,122,-0.3324875309611055,3.9578257096861735,52.34339240058959,0.0009891594130783331
final_reproduction_candidate,paper_exact_reconstructed_metadata,supplemental,9,0.75,eigen,123,-0.2776606282802703,3.769677971061334,43.36609744868541,0.0009871413361442413
final_reproduction_candidate,paper_exact_reconstructed_metadata,supplemental,9,0.75,eigen,124,-0.27766062828027155,3.769677971061335,43.36609744868545,0.0009871413361442413
final_reproduction_candidate,paper_exact_reconstructed_metadata,supplemental,9,0.75,eigen,125,-0.32427154798857694,3.3040496259664174,27.222657584113296,0.0008998832339772406
final_reproduction_candidate,paper_exact_reconstructed_metadata,supplemental,9,0.75,eigen,126,-0.29980231067535335,4.245881551245874,69.81728053386897,0.0008771409539790171
final_reproduction_candidate,paper_exact_reconstructed_metadata,supplemental,9,0.75,eigen,127,-0.29980231067535346,4.723404507319338,112.55078109595085,0.0008771409539790171
final_reproduction_candidate,paper_exact_reconstructed_metadata,supplemental,9,0.75,eigen,128,-0.2998023106753536,4.05392370495929,57.62311014088819,0.0008771409539790171
final_reproduction_candidate,paper_exact_reconstructed_metadata,supplemental,9,0.75,eigen,129,-0.2998023106753537,4.727611593714627,113.02528940472116,0.0008771409539790162
final_reproduction_candidate,paper_exact_reconstructed_metadata,supplemental,9,0.75,eigen,130,-0.25072061967799364,4.907208026017565,135.26124086345223,0.0008743294661798099
final_reproduction_candidate,paper_exact_reconstructed_metadata,supplemental,9,0.75,eigen,131,-0.25072061967799203,4.52101513111251,91.92887048480242,0.0008743294661798091
final_reproduction_candidate,paper_exact_reconstructed_metadata,supplemental,9,0.75,eigen,132,-0.2507206196779914,4.672188764471212,106.93153442471325,0.0008743294661798084
final_reproduction_candidate,paper_exact_reconstructed_metadata,supplemental,9,0.75,eigen,133,-0.2507206196779905,4.476079280492563,87.88940656134152,0.0008743294661798084
final_reproduction_candidate,paper_exact_reconstructed_metadata,supplemental,9,0.75,eigen,134,-0.25072061967799286,4.7711932564603545,118.06003384164545,0.0008743294661798084
final_reproduction_candidate,paper_exact_reconstructed_metadata,supplemental,9,0.75,eigen,135,-0.25072061967799125,4.57358560444559,96.8909001169974,0.0008743294661798084
final_reproduction_candidate,paper_exact_reconstructed_metadata,supplemental,9,0.75,eigen,136,-0.2507206196779915,4.412222526626518,82.45251291813774,0.0008743294661798075
final_reproduction_candidate,paper_exact_reconstructed_metadata,supplemental,9,0.75,eigen,137,-0.25072061967799125,4.033464487449735,56.45616449897774,0.0008743294661798067
final_reproduction_candidate,paper_exact_reconstructed_metadata,supplemental,9,0.75,eigen,138,-0.2606373273702956,4.585199953745985,98.02278520578405,0.0008490255826598267
final_reproduction_candidate,paper_exact_reconstructed_metadata,supplemental,9,0.75,eigen,139,-0.26063732737029366,4.77374125465434,118.36123416063343,0.0008490255826598267
final_reproduction_candidate,paper_exact_reconstructed_metadata,supplemental,9,0.75,eigen,140,-0.2606373273702941,4.8412676955725,126.62977803173172,0.0008490255826598267
final_reproduction_candidate,paper_exact_reconstructed_metadata,supplemental,9,0.75,eigen,141,-0.26063732737029516,4.665048343956572,106.17071781048041,0.0008490255826598251
final_reproduction_candidate,paper_exact_reconstructed_metadata,supplemental,9,0.75,eigen,142,-0.26063732737029416,4.74652857839583,115.18373837929377,0.0008490255826598251
final_reproduction_candidate,paper_exact_reconstructed_metadata,supplemental,9,0.75,eigen,143,-0.2606373273702941,4.953433788618673,141.6605621495296,0.0008490255826598251
final_reproduction_candidate,paper_exact_reconstructed_metadata,supplemental,9,0.75,eigen,144,-0.26063732737029477,4.670346704814083,106.734741466905,0.0008490255826598251
final_reproduction_candidate,paper_exact_reconstructed_metadata,supplemental,9,0.75,eigen,145,-0.26063732737029405,4.929806790943406,138.35277874759876,0.0008490255826598251
final_reproduction_candidate,paper_exact_reconstructed_metadata,supplemental,9,0.75,eigen,146,-0.21299514518097554,3.845268280257463,46.77123046565067,0.0007801492194212546
final_reproduction_candidate,paper_exact_reconstructed_metadata,supplemental,9,0.75,eigen,147,-0.2129951451809901,3.8452682802574345,46.77123046564934,0.0007801492194212546
final_reproduction_candidate,paper_exact_reconstructed_metadata,supplemental,9,0.75,eigen,148,-0.2180353993922474,4.38218468235648,80.01264481382333,0.0007753150522727614
final_reproduction_candidate,paper_exact_reconstructed_metadata,supplemental,9,0.75,eigen,149,-0.21803539939224442,4.369836584914283,79.0307158330673,0.0007753150522727614
final_reproduction_candidate,paper_exact_reconstructed_metadata,supplemental,9,0.75,eigen,150,-0.21803539939225042,4.385184731907517,80.25304714211512,0.00077531505227276
final_reproduction_candidate,paper_exact_reconstructed_metadata,supplemental,9,0.75,eigen,151,-0.21803539939223748,4.344821869786442,77.07830628120922,0.00077531505227276
final_reproduction_candidate,paper_exact_reconstructed_metadata,supplemental,9,0.75,eigen,152,-0.19597184427101924,3.613910868679361,37.11090525779159,0.0006709947414095061
final_reproduction_candidate,paper_exact_reconstructed_metadata,supplemental,9,0.75,eigen,153,-0.19597184427101932,3.613910868679327,37.11090525779032,0.0006709947414095061
final_reproduction_candidate,paper_exact_reconstructed_metadata,supplemental,9,0.75,eigen,154,-0.15362052390020145,3.778357496644989,43.74413281151092,0.0006433638309950412
final_reproduction_candidate,paper_exact_reconstructed_metadata,supplemental,9,0.75,eigen,155,-0.1536205239002012,3.778357496644975,43.74413281151032,0.0006433638309950407
final_reproduction_candidate,paper_exact_reconstructed_metadata,supplemental,9,0.75,eigen,156,-0.15542095104812326,3.674111293454979,39.41361415130667,0.000622283640800181
final_reproduction_candidate,paper_exact_reconstructed_metadata,supplemental,9,0.75,eigen,157,-0.1554209510481227,3.6741112934549838,39.41361415130687,0.0006222836408001799
final_reproduction_candidate,paper_exact_reconstructed_metadata,supplemental,9,0.75,eigen,158,-0.12273573076237075,4.369918102259261,79.0371584697835,0.0005518124370250325
final_reproduction_candidate,paper_exact_reconstructed_metadata,supplemental,9,0.75,eigen,159,-0.1227357307623705,4.377996603017078,79.67824624184216,0.0005518124370250325
final_reproduction_candidate,paper_exact_reconstructed_metadata,supplemental,9,0.75,eigen,160,-0.12273573076237021,4.429536650841936,83.89253636723735,0.0005518124370250325
final_reproduction_candidate,paper_exact_reconstructed_metadata,supplemental,9,0.75,eigen,161,-0.12273573076237028,4.420643668750582,83.14978905800089,0.0005518124370250316
final_reproduction_candidate,paper_exact_reconstructed_metadata,supplemental,9,0.75,eigen,162,-0.10048137860128932,3.9519240926692447,52.03539149092793,0.000535255627701108
final_reproduction_candidate,paper_exact_reconstructed_metadata,supplemental,9,0.75,eigen,163,-0.1004813786012895,3.951924092669237,52.03539149092754,0.000535255627701108
final_reproduction_candidate,paper_exact_reconstructed_metadata,supplemental,9,0.75,eigen,164,-0.0889550408009259,4.968815809644652,143.85643306507575,0.0005084578795121074
final_reproduction_candidate,paper_exact_reconstructed_metadata,supplemental,9,0.75,eigen,165,-0.08895504080092503,4.990478315542093,147.00672228191314,0.0005084578795121074
final_reproduction_candidate,paper_exact_reconstructed_metadata,supplemental,9,0.75,eigen,166,-0.08895504080092549,4.92434229531434,137.59881249168157,0.0005084578795121074
final_reproduction_candidate,paper_exact_reconstructed_metadata,supplemental,9,0.75,eigen,167,-0.08895504080092556,4.689407542018723,108.78870797256413,0.0005084578795121074
final_reproduction_candidate,paper_exact_reconstructed_metadata,supplemental,9,0.75,eigen,168,-0.08895504080092591,5.085304973010839,161.62922427308123,0.0005084578795121074
final_reproduction_candidate,paper_exact_reconstructed_metadata,supplemental,9,0.75,eigen,169,-0.08895504080092598,4.283775244302915,72.51368076768549,0.0005084578795121074
final_reproduction_candidate,paper_exact_reconstructed_metadata,supplemental,9,0.75,eigen,170,-0.08895504080092573,4.950876430854573,141.29874825203066,0.0005084578795121064
final_reproduction_candidate,paper_exact_reconstructed_metadata,supplemental,9,0.75,eigen,171,-0.08895504080092588,5.070364796663585,159.23240419931798,0.000508457879512106
final_reproduction_candidate,paper_exact_reconstructed_metadata,supplemental,9,0.75,eigen,172,-0.06779615831553677,3.356120840372433,28.677729340595594,0.00047464000816944865
final_reproduction_candidate,paper_exact_reconstructed_metadata,supplemental,9,0.75,eigen,173,-0.49754286606765974,3.085117690352357,21.870040583402346,0.00042078384958420283
final_reproduction_candidate,paper_exact_reconstructed_metadata,supplemental,9,0.75,eigen,174,-0.02428955770165088,3.853464526114418,47.156154279808405,0.00040184014516032337
final_reproduction_candidate,paper_exact_reconstructed_metadata,supplemental,9,0.75,eigen,175,-0.024289557701650047,3.8534645261144296,47.15615427980895,0.00040184014516032304
final_reproduction_candidate,paper_exact_reconstructed_metadata,supplemental,9,0.75,eigen,176,-0.00518170997142068,3.943476233198162,51.59765538593849,0.00038095573081844655
final_reproduction_candidate,paper_exact_reconstructed_metadata,supplemental,9,0.75,eigen,177,-0.005181709971420203,3.943476233198181,51.59765538593947,0.00038095573081844655
final_reproduction_candidate,paper_exact_reconstructed_metadata,supplemental,9,0.75,eigen,178,-0.46549250975077844,3.720143458803137,41.27031427384155,0.00037731264935974835
final_reproduction_candidate,paper_exact_reconstructed_metadata,supplemental,9,0.75,eigen,179,-0.4654925097507782,3.7201434588031477,41.27031427384198,0.0003773126493597477
final_reproduction_candidate,paper_exact_reconstructed_metadata,supplemental,9,0.75,eigen,180,0.027503510314331882,4.4165637613725455,82.81123672084841,0.0003378139749122563
final_reproduction_candidate,paper_exact_reconstructed_metadata,supplemental,9,0.75,eigen,181,0.027503510314331722,4.506181235143199,90.57527157705054,0.0003378139749122554
final_reproduction_candidate,paper_exact_reconstructed_metadata,supplemental,9,0.75,eigen,182,0.02750351031433204,4.446886582148241,85.36076612264688,0.0003378139749122554
final_reproduction_candidate,paper_exact_reconstructed_metadata,supplemental,9,0.75,eigen,183,0.027503510314331903,4.500746956080184,90.08439526255273,0.0003378139749122554
final_reproduction_candidate,paper_exact_reconstructed_metadata,supplemental,9,0.75,eigen,184,0.03508506357914338,3.9069729791900176,49.7481351853254,0.0003313845720819101
final_reproduction_candidate,paper_exact_reconstructed_metadata,supplemental,9,0.75,eigen,185,0.035085063579143476,3.906972979190019,49.74813518532547,0.0003313845720819099
final_reproduction_candidate,paper_exact_reconstructed_metadata,supplemental,9,0.75,eigen,186,-0.3735027616875912,4.341506319117909,76.82317243959993,0.0002742435146589557
final_reproduction_candidate,paper_exact_reconstructed_metadata,supplemental,9,0.75,eigen,187,-0.37350276168759156,4.191437166791746,66.11774493908553,0.0002742435146589557
final_reproduction_candidate,paper_exact_reconstructed_metadata,supplemental,9,0.75,eigen,188,-0.3735027616875924,3.663060532930651,38.98046148115289,0.00027424351465895545
final_reproduction_candidate,paper_exact_reconstructed_metadata,supplemental,9,0.75,eigen,189,-0.37350276168758967,4.1947844471995985,66.33943038602257,0.00027424351465895523
final_reproduction_candidate,paper_exact_reconstructed_metadata,supplemental,9,0.75,eigen,190,-0.3701928411209068,3.8200093517752656,45.6046348031503,0.00026854349332344193
final_reproduction_candidate,paper_exact_reconstructed_metadata,supplemental,9,0.75,eigen,191,-0.37019284112091055,3.8200093517752647,45.604634803150255,0.00026854349332344193
final_reproduction_candidate,paper_exact_reconstructed_metadata,supplemental,9,0.75,eigen,192,0.09975054667841901,3.9353861970917947,51.18191244604293,0.00026189706151680443
final_reproduction_candidate,paper_exact_reconstructed_metadata,supplemental,9,0.75,eigen,193,0.09975054667841887,3.9353861970917916,51.18191244604277,0.0002618970615168042
final_reproduction_candidate,paper_exact_reconstructed_metadata,supplemental,9,0.75,eigen,194,0.12280317894420051,3.3558807842108043,28.67084590120493,0.00024043123142134632
final_reproduction_candidate,paper_exact_reconstructed_metadata,supplemental,9,0.75,eigen,195,-0.3375076208351572,3.348562025092913,28.46177688245911,0.00023813198641615453
final_reproduction_candidate,paper_exact_reconstructed_metadata,supplemental,9,0.75,eigen,196,-0.31525326867407505,3.81011622607182,45.155686829438274,0.00023098697548766658
final_reproduction_candidate,paper_exact_reconstructed_metadata,supplemental,9,0.75,eigen,197,-0.31525326867407577,3.8101162260718184,45.15568682943819,0.00023098697548766658
final_reproduction_candidate,paper_exact_reconstructed_metadata,supplemental,9,0.75,eigen,198,-0.3088372785883152,4.50721066209691,90.66856021163083,0.00021673782269944687
final_reproduction_candidate,paper_exact_reconstructed_metadata,supplemental,9,0.75,eigen,199,-0.30883727858831556,4.378955727666078,79.75470427233138,0.00021673782269944687
final_reproduction_candidate,paper_exact_reconstructed_metadata,supplemental,9,0.75,eigen,200,-0.30883727858831594,4.59704057628914,99.19033462112786,0.00021673782269944687
final_reproduction_candidate,paper_exact_reconstructed_metadata,supplemental,9,0.75,eigen,201,-0.30883727858831495,4.593344119563542,98.82435866546288,0.0002167378226994467
final_reproduction_candidate,paper_exact_reconstructed_metadata,supplemental,9,0.75,eigen,202,-0.24946265730752135,3.4046292220815,30.103132077776802,0.00017873667301350734
final_reproduction_candidate,paper_exact_reconstructed_metadata,supplemental,9,0.75,eigen,203,-0.2199536000441996,4.462805794713023,86.73051604648003,0.00016439960180219615
final_reproduction_candidate,paper_exact_reconstructed_metadata,supplemental,9,0.75,eigen,204,-0.21995360004420852,4.679981323705467,107.76805984457846,0.00016439960180219615
final_reproduction_candidate,paper_exact_reconstructed_metadata,supplemental,9,0.75,eigen,205,-0.21995360004419534,4.046512760568459,57.197646965250506,0.00016439960180219602
final_reproduction_candidate,paper_exact_reconstructed_metadata,supplemental,9,0.75,eigen,206,-0.2199536000442238,4.852756799785334,128.09303038167403,0.00016439960180219602
final_reproduction_candidate,paper_exact_reconstructed_metadata,supplemental,9,0.75,eigen,207,-0.21995360004420428,4.299104012621627,73.6337891886723,0.00016439960180219585
final_reproduction_candidate,paper_exact_reconstructed_metadata,supplemental,9,0.75,eigen,208,-0.2199536000442937,4.895105298683115,133.63407736608386,0.00016439960180219585
final_reproduction_candidate,paper_exact_reconstructed_metadata,supplemental,9,0.75,eigen,209,-0.21995360004418554,4.808296463229165,122.52271767867826,0.00016439960180219585
final_reproduction_candidate,paper_exact_reconstructed_metadata,supplemental,9,0.75,eigen,210,-0.21995360004421466,4.823978105369547,124.45921916884542,0.00016439960180219585
final_reproduction_candidate,paper_exact_reconstructed_metadata,supplemental,9,0.75,eigen,211,-0.20182047511826573,3.9480689887252463,51.835175822035296,0.00016423683665290595
final_reproduction_candidate,paper_exact_reconstructed_metadata,supplemental,9,0.75,eigen,212,-0.20182047511822102,3.770201076471119,43.38878842323041,0.00016423683665290595
final_reproduction_candidate,paper_exact_reconstructed_metadata,supplemental,9,0.75,eigen,213,-0.20182047511821521,3.972062337482451,53.093915578970915,0.00016423683665290565
final_reproduction_candidate,paper_exact_reconstructed_metadata,supplemental,9,0.75,eigen,214,-0.20182047511811554,4.024045532988281,55.92690291472975,0.00016423683665290565
final_reproduction_candidate,paper_exact_reconstructed_metadata,supplemental,9,0.75,eigen,215,-0.18726837975845365,4.0023178896221445,54.724849299225845,0.00014578198584774428
final_reproduction_candidate,paper_exact_reconstructed_metadata,supplemental,9,0.75,eigen,216,-0.18726837975845523,4.41405673073423,82.60388643855093,0.00014578198584774414
final_reproduction_candidate,paper_exact_reconstructed_metadata,supplemental,9,0.75,eigen,217,-0.18726837975845506,3.945558434338979,51.7052040129265,0.00014578198584774414
final_reproduction_candidate,paper_exact_reconstructed_metadata,supplemental,9,0.75,eigen,218,-0.187268379758454,4.239198687085245,69.35225670821424,0.00014578198584774403
final_reproduction_candidate,paper_exact_reconstructed_metadata,supplemental,9,0.75,eigen,219,-0.1381866887610927,4.035044938016116,56.545461222076874,0.00014531471285963895
final_reproduction_candidate,paper_exact_reconstructed_metadata,supplemental,9,0.75,eigen,220,-0.13818668876109264,4.035044938016121,56.54546122207712,0.00014531471285963895
final_reproduction_candidate,paper_exact_reconstructed_metadata,supplemental,9,0.75,eigen,221,-0.18479717420824637,4.581294186519288,97.64067772105778,0.00014125766070955512
final_reproduction_candidate,paper_exact_reconstructed_metadata,supplemental,9,0.75,eigen,222,-0.1847971742082465,4.54651012932831,94.3027290521519,0.00014125766070955512
final_reproduction_candidate,paper_exact_reconstructed_metadata,supplemental,9,0.75,eigen,223,-0.18479717420824568,4.3291596345057,75.88049242022049,0.000141257660709555
final_reproduction_candidate,paper_exact_reconstructed_metadata,supplemental,9,0.75,eigen,224,-0.18479717420824648,4.574095260323863,96.94029371959395,0.000141257660709555
final_reproduction_candidate,paper_exact_reconstructed_metadata,supplemental,9,0.75,eigen,225,-0.1371549920189459,4.5185237841589885,91.7001288291059,0.00012979827226712194
final_reproduction_candidate,paper_exact_reconstructed_metadata,supplemental,9,0.75,eigen,226,-0.1371549920189469,4.557220793946287,95.31820244529436,0.00012979827226712183
final_reproduction_candidate,paper_exact_reconstructed_metadata,supplemental,9,0.75,eigen,227,-0.1371549920189463,4.695470622849547,109.45030633791862,0.00012979827226712172
final_reproduction_candidate,paper_exact_reconstructed_metadata,supplemental,9,0.75,eigen,228,-0.13715499201894682,4.695578752571318,109.46214180896226,0.00012979827226712172
final_reproduction_candidate,paper_exact_reconstructed_metadata,supplemental,9,0.75,eigen,229,-0.07352077140066542,3.888467296311699,48.83597804847151,0.00012246261468031643
final_reproduction_candidate,paper_exact_reconstructed_metadata,supplemental,9,0.75,eigen,230,-0.07352077140066514,3.8884672963117,48.83597804847155,0.00012246261468031632
final_reproduction_candidate,paper_exact_reconstructed_metadata,supplemental,9,0.75,eigen,231,-0.12465393141433771,3.9721724405780106,53.09976170526393,0.0001170075889156083
final_reproduction_candidate,paper_exact_reconstructed_metadata,supplemental,9,0.75,eigen,232,-0.12465393141433784,3.972172440578008,53.09976170526379,0.0001170075889156083
final_reproduction_candidate,paper_exact_reconstructed_metadata,supplemental,9,0.75,eigen,233,-0.12013169110897043,3.527931861728745,34.053467458527415,0.0001116375636444112
final_reproduction_candidate,paper_exact_reconstructed_metadata,supplemental,9,0.75,eigen,234,-0.07778037073815346,4.538568156931646,93.55674559218015,0.00010704043742332004
final_reproduction_candidate,paper_exact_reconstructed_metadata,supplemental,9,0.75,eigen,235,-0.07778037073815074,4.337953110276394,76.55068804771241,0.00010704043742332004
final_reproduction_candidate,paper_exact_reconstructed_metadata,supplemental,9,0.75,eigen,236,-0.07778037073815314,3.8185814519748367,45.53956242369139,0.00010704043742332004
final_reproduction_candidate,paper_exact_reconstructed_metadata,supplemental,9,0.75,eigen,237,-0.07778037073815401,4.5414052240264695,93.82254922968866,0.00010704043742331994
final_reproduction_candidate,paper_exact_reconstructed_metadata,supplemental,9,0.75,eigen,238,-0.09196871112858598,4.377078121308126,79.60509682840929,0.00010375693422845043
final_reproduction_candidate,paper_exact_reconstructed_metadata,supplemental,9,0.75,eigen,239,-0.09196871112858601,4.543048183257271,93.97682255068865,0.00010375693422845043
final_reproduction_candidate,paper_exact_reconstructed_metadata,supplemental,9,0.75,eigen,240,-0.0919687111285862,4.311119760393295,74.52389113804261,0.00010375693422845043
final_reproduction_candidate,paper_exact_reconstructed_metadata,supplemental,9,0.75,eigen,241,-0.09196871112858601,4.584795065789741,97.98310499417877,0.00010375693422845043
final_reproduction_candidate,paper_exact_reconstructed_metadata,supplemental,9,0.75,eigen,242,-0.04288702013122441,4.894667257714023,133.57555298430495,0.00010342436355854475
final_reproduction_candidate,paper_exact_reconstructed_metadata,supplemental,9,0.75,eigen,243,-0.04288702013122454,4.858808501230192,128.8705614787784,0.00010342436355854475
final_reproduction_candidate,paper_exact_reconstructed_metadata,supplemental,9,0.75,eigen,244,-0.042887020131223,4.498721526932457,89.90212035739866,0.00010342436355854475
final_reproduction_candidate,paper_exact_reconstructed_metadata,supplemental,9,0.75,eigen,245,-0.04288702013122541,4.737552631888131,114.15448149281077,0.00010342436355854475
final_reproduction_candidate,paper_exact_reconstructed_metadata,supplemental,9,0.75,eigen,246,-0.042887020131225646,4.6023005508739265,99.7134478353022,0.00010342436355854475
final_reproduction_candidate,paper_exact_reconstructed_metadata,supplemental,9,0.75,eigen,247,-0.042887020131222316,5.018508005739728,151.18556743840026,0.00010342436355854464
final_reproduction_candidate,paper_exact_reconstructed_metadata,supplemental,9,0.75,eigen,248,-0.042887020131223266,5.011154558774877,150.07790992797948,0.00010342436355854464
final_reproduction_candidate,paper_exact_reconstructed_metadata,supplemental,9,0.75,eigen,249,-0.042887020131225057,5.030826524852399,153.05946788333867,0.00010342436355854464
final_reproduction_candidate,paper_exact_reconstructed_metadata,supplemental,9,0.75,eigen,250,-0.06971435896750494,4.138397417787343,62.70225536887167,0.00010064376812201598
final_reproduction_candidate,paper_exact_reconstructed_metadata,supplemental,9,0.75,eigen,251,-0.06971435896750394,4.138397417787352,62.70225536887222,0.0001006437681220159
final_reproduction_candidate,paper_exact_reconstructed_metadata,supplemental,9,0.75,eigen,252,-0.008855288301389659,4.006604351666093,54.95992875825604,9.678362130422893e-05
final_reproduction_candidate,paper_exact_reconstructed_metadata,supplemental,9,0.75,eigen,253,-0.008855288301388351,4.006604351666097,54.95992875825629,9.678362130422893e-05
final_reproduction_candidate,paper_exact_reconstructed_metadata,supplemental,9,0.75,eigen,254,-0.010201799845472363,4.475677303764194,87.8540841651,9.171195635099361e-05
final_reproduction_candidate,paper_exact_reconstructed_metadata,supplemental,9,0.75,eigen,255,-0.010201799845471144,4.528183299614068,92.59019954593428,9.171195635099361e-05
final_reproduction_candidate,paper_exact_reconstructed_metadata,supplemental,9,0.75,eigen,256,-0.010201799845471825,4.701893978191346,110.15560732218975,9.171195635099353e-05
final_reproduction_candidate,paper_exact_reconstructed_metadata,supplemental,9,0.75,eigen,257,-0.010201799845471735,4.692338744087399,109.108057468721,9.171195635099353e-05
final_reproduction_candidate,paper_exact_reconstructed_metadata,supplemental,9,0.75,eigen,258,-0.03702913868175245,3.4943261425944923,32.92809163686978,8.924625254068837e-05
final_reproduction_candidate,paper_exact_reconstructed_metadata,supplemental,9,0.75,eigen,259,-0.013114887638877352,5.217019502730271,184.38380884334435,8.459529617966558e-05
final_reproduction_candidate,paper_exact_reconstructed_metadata,supplemental,9,0.75,eigen,260,-0.013114887638877125,5.22068239688782,185.06042565087674,8.459529617966558e-05
final_reproduction_candidate,paper_exact_reconstructed_metadata,supplemental,9,0.75,eigen,261,-0.013114887638876988,5.022213786214539,151.7468673470557,8.459529617966558e-05
final_reproduction_candidate,paper_exact_reconstructed_metadata,supplemental,9,0.75,eigen,262,-0.013114887638877002,5.337800393637758,208.05456845549972,8.459529617966558e-05
final_reproduction_candidate,paper_exact_reconstructed_metadata,supplemental,9,0.75,eigen,263,-0.013114887638877339,5.335946994646374,207.66931745036464,8.459529617966558e-05
final_reproduction_candidate,paper_exact_reconstructed_metadata,supplemental,9,0.75,eigen,264,-0.01311488763887697,5.2461781620043535,189.83934502975018,8.459529617966551e-05
final_reproduction_candidate,paper_exact_reconstructed_metadata,supplemental,9,0.75,eigen,265,-0.013114887638876853,5.325289317360655,205.46779726712404,8.459529617966551e-05
final_reproduction_candidate,paper_exact_reconstructed_metadata,supplemental,9,0.75,eigen,266,-0.013114887638877505,5.124744535020659,168.13118453547565,8.459529617966551e-05
final_reproduction_candidate,paper_exact_reconstructed_metadata,supplemental,9,0.75,eigen,267,-0.013114887638877575,5.100283829409963,164.0684681484282,8.459529617966551e-05
final_reproduction_candidate,paper_exact_reconstructed_metadata,supplemental,9,0.75,eigen,268,-0.013114887638877684,5.267485962924391,193.92780738478586,8.459529617966551e-05
final_reproduction_candidate,paper_exact_reconstructed_metadata,supplemental,9,0.75,eigen,269,-0.013114887638877014,5.195186905249534,180.4018577003952,8.459529617966551e-05
final_reproduction_candidate,paper_exact_reconstructed_metadata,supplemental,9,0.75,eigen,270,-0.013114887638876697,5.104892357450335,164.82632725057516,8.459529617966551e-05
final_reproduction_candidate,paper_exact_reconstructed_metadata,supplemental,9,0.75,eigen,271,-0.013114887638877493,5.043945480621228,155.08067736277224,8.459529617966551e-05
final_reproduction_candidate,paper_exact_reconstructed_metadata,supplemental,9,0.75,eigen,272,-0.013114887638876707,5.155565322805518,173.39380252755808,8.459529617966551e-05
final_reproduction_candidate,paper_exact_reconstructed_metadata,supplemental,9,0.75,eigen,273,-0.01311488763887686,5.017637047642474,151.05394846987508,8.459529617966543e-05
final_reproduction_candidate,paper_exact_reconstructed_metadata,supplemental,9,0.75,eigen,274,-0.013114887638877467,5.383269545083442,217.73300077972186,8.459529617966543e-05
final_reproduction_candidate,paper_exact_reconstructed_metadata,supplemental,9,0.75,eigen,275,0.05051933297940426,3.896090056623697,49.20966545904846,7.981432247801783e-05
final_reproduction_candidate,paper_exact_reconstructed_metadata,supplemental,9,0.75,eigen,276,0.05051933297940507,3.8960900566236982,49.20966545904853,7.981432247801775e-05
final_reproduction_candidate,paper_exact_reconstructed_metadata,supplemental,9,0.75,eigen,277,0.05241264849864425,4.048214311913719,57.295054546888885,7.360988276405301e-05
final_reproduction_candidate,paper_exact_reconstructed_metadata,supplemental,9,0.75,eigen,278,0.05241264849864477,4.048214311913722,57.29505454688909,7.360988276405294e-05
final_reproduction_candidate,paper_exact_reconstructed_metadata,supplemental,9,0.75,eigen,279,0.0255853096623641,4.022497111728388,55.840371520071194,7.163085870188128e-05
final_reproduction_candidate,paper_exact_reconstructed_metadata,supplemental,9,0.75,eigen,280,0.025585309662364494,4.022497111728398,55.84037152007174,7.163085870188128e-05
final_reproduction_candidate,paper_exact_reconstructed_metadata,supplemental,9,0.75,eigen,281,0.05155059546039814,4.639343088327279,103.47635042921667,6.685664135903685e-05
final_reproduction_candidate,paper_exact_reconstructed_metadata,supplemental,9,0.75,eigen,282,0.05155059546039834,4.586194798761732,98.12035120855461,6.685664135903685e-05
final_reproduction_candidate,paper_exact_reconstructed_metadata,supplemental,9,0.75,eigen,283,0.05155059546039863,4.535075565445071,93.23056004701513,6.68566413590368e-05
final_reproduction_candidate,paper_exact_reconstructed_metadata,supplemental,9,0.75,eigen,284,0.05155059546039738,4.2245169981208495,68.34148650914611,6.685664135903675e-05
final_reproduction_candidate,paper_exact_reconstructed_metadata,supplemental,9,0.75,eigen,285,0.08509786878439676,4.693487017131756,109.23341526875177,6.527384963057702e-05
final_reproduction_candidate,paper_exact_reconstructed_metadata,supplemental,9,0.75,eigen,286,0.08509786878439597,4.629062626811505,102.41801519922268,6.527384963057696e-05
final_reproduction_candidate,paper_exact_reconstructed_metadata,supplemental,9,0.75,eigen,287,0.08509786878439798,4.728880258473519,113.1687716024117,6.527384963057696e-05
final_reproduction_candidate,paper_exact_reconstructed_metadata,supplemental,9,0.75,eigen,288,0.08509786878439814,4.5215834628678495,91.98113143050219,6.527384963057691e-05
final_reproduction_candidate,paper_exact_reconstructed_metadata,supplemental,9,0.75,eigen,289,0.0939019158312189,3.387635637399029,29.595894056445726,6.41035499352156e-05
final_reproduction_candidate,paper_exact_reconstructed_metadata,supplemental,9,0.75,eigen,290,0.05827052994811542,4.222536889699677,68.20629684546098,6.351894235184175e-05
final_reproduction_candidate,paper_exact_reconstructed_metadata,supplemental,9,0.75,eigen,291,0.05827052994811529,4.7081844027162,110.8507168309003,6.351894235184175e-05
final_reproduction_candidate,paper_exact_reconstructed_metadata,supplemental,9,0.75,eigen,292,0.05827052994811513,4.267519262613523,71.34442911607363,6.351894235184175e-05
final_reproduction_candidate,paper_exact_reconstructed_metadata,supplemental,9,0.75,eigen,293,0.05827052994811758,4.695817924357433,109.48832519596957,6.351894235184168e-05
final_reproduction_candidate,paper_exact_reconstructed_metadata,supplemental,9,0.75,eigen,294,0.10735222094547447,4.963182266569376,143.0482901440483,6.331534596219573e-05
final_reproduction_candidate,paper_exact_reconstructed_metadata,supplemental,9,0.75,eigen,295,0.10735222094547281,4.649931420229694,104.57781340876151,6.331534596219573e-05
final_reproduction_candidate,paper_exact_reconstructed_metadata,supplemental,9,0.75,eigen,296,0.10735222094549876,4.886551373893597,132.49585658670568,6.331534596219573e-05
final_reproduction_candidate,paper_exact_reconstructed_metadata,supplemental,9,0.75,eigen,297,0.10735222094548072,4.837161379499755,126.11086228410494,6.331534596219573e-05
final_reproduction_candidate,paper_exact_reconstructed_metadata,supplemental,9,0.75,eigen,298,0.10735222094547478,4.788185510165306,120.08328097146166,6.331534596219573e-05
final_reproduction_candidate,paper_exact_reconstructed_metadata,supplemental,9,0.75,eigen,299,0.10735222094546647,4.843066549730479,126.85777153652019,6.331534596219573e-05
final_reproduction_candidate,paper_exact_reconstructed_metadata,supplemental,9,0.75,eigen,300,0.107352220945468,4.053449859003529,57.59581213122607,6.331534596219567e-05
final_reproduction_candidate,paper_exact_reconstructed_metadata,supplemental,9,0.75,eigen,301,0.1073522209454863,4.843503190095327,126.91317485495004,6.331534596219567e-05
final_reproduction_candidate,paper_exact_reconstructed_metadata,supplemental,9,0.75,eigen,302,0.11518481607867494,4.849449963872653,127.67014733642202,6.307818252559088e-05
final_reproduction_candidate,paper_exact_reconstructed_metadata,supplemental,9,0.75,eigen,303,0.11518481607868328,4.71684422125871,111.81483243193357,6.307818252559077e-05
final_reproduction_candidate,paper_exact_reconstructed_metadata,supplemental,9,0.75,eigen,304,0.11518481607869223,4.79375658500235,120.75414088671259,6.307818252559077e-05
final_reproduction_candidate,paper_exact_reconstructed_metadata,supplemental,9,0.75,eigen,305,0.1151848160786789,4.966099889384925,143.46626054258476,6.307818252559072e-05
final_reproduction_candidate,paper_exact_reconstructed_metadata,supplemental,9,0.75,eigen,306,0.115184816078687,5.065635578722678,158.48113730923686,6.307818252559065e-05
final_reproduction_candidate,paper_exact_reconstructed_metadata,supplemental,9,0.75,eigen,307,0.11518481607866561,4.864189870686401,129.56593092396386,6.307818252559065e-05
final_reproduction_candidate,paper_exact_reconstructed_metadata,supplemental,9,0.75,eigen,308,0.11518481607868053,4.775266956508921,118.54195594382625,6.307818252559065e-05
final_reproduction_candidate,paper_exact_reconstructed_metadata,supplemental,9,0.75,eigen,309,0.1151848160786823,4.18879035372502,65.94297502151997,6.307818252559065e-05
final_reproduction_candidate,paper_exact_reconstructed_metadata,supplemental,9,0.75,eigen,310,0.14003744123123074,4.571861247913835,96.72396962571723,5.6145129111149444e-05
final_reproduction_candidate,paper_exact_reconstructed_metadata,supplemental,9,0.75,eigen,311,0.1400374412312311,4.408490951120181,82.14540848854038,5.6145129111149444e-05
final_reproduction_candidate,paper_exact_reconstructed_metadata,supplemental,9,0.75,eigen,312,0.14003744123123063,4.542602621494111,93.93495939893917,5.6145129111149396e-05
final_reproduction_candidate,paper_exact_reconstructed_metadata,supplemental,9,0.75,eigen,313,0.14003744123123057,4.6225277020550655,101.75090331327742,5.6145129111149396e-05
final_reproduction_candidate,paper_exact_reconstructed_metadata,supplemental,9,0.75,eigen,314,0.11092521674119188,4.698630508918132,109.7967038362046,5.51345099647991e-05
final_reproduction_candidate,paper_exact_reconstructed_metadata,supplemental,9,0.75,eigen,315,0.11092521674119199,4.698160882574474,109.74515251751235,5.51345099647991e-05
final_reproduction_candidate,paper_exact_reconstructed_metadata,supplemental,9,0.75,eigen,316,0.11092521674119236,4.732299016202819,113.55633032224826,5.513450996479905e-05
final_reproduction_candidate,paper_exact_reconstructed_metadata,supplemental,9,0.75,eigen,317,0.11092521674119188,4.737569505255434,114.1564076795568,5.513450996479905e-05
final_reproduction_candidate,paper_exact_reconstructed_metadata,supplemental,9,0.75,eigen,318,0.15856739893049152,4.306877504225384,74.20841134738322,5.066177720753705e-05
final_reproduction_candidate,paper_exact_reconstructed_metadata,supplemental,9,0.75,eigen,319,0.15856739893049177,4.416935637627761,82.84203798022344,5.066177720753705e-05
final_reproduction_candidate,paper_exact_reconstructed_metadata,supplemental,9,0.75,eigen,320,0.15856739893049146,4.618678176355276,101.35996354511147,5.0661777207537e-05
final_reproduction_candidate,paper_exact_reconstructed_metadata,supplemental,9,0.75,eigen,321,0.1585673989304911,4.549947424898716,94.62743313725852,5.066177720753696e-05
final_reproduction_candidate,paper_exact_reconstructed_metadata,supplemental,9,0.75,eigen,322,0.17985029917795564,3.879169283274135,48.38400496986283,4.985141747995894e-05
final_reproduction_candidate,paper_exact_reconstructed_metadata,supplemental,9,0.75,eigen,323,0.1798502991779555,3.879169283274095,48.3840049698609,4.985141747995894e-05
final_reproduction_candidate,paper_exact_reconstructed_metadata,supplemental,9,0.75,eigen,324,0.22220161954877496,3.6685132269945675,39.19359054781796,4.7798584625368473e-05
final_reproduction_candidate,paper_exact_reconstructed_metadata,supplemental,9,0.75,eigen,325,0.22220161954877274,3.668513226994562,39.193590547817756,4.7798584625368473e-05
final_reproduction_candidate,paper_exact_reconstructed_metadata,supplemental,9,0.75,eigen,326,0.1535701985779849,3.5356352150927797,34.31680634563627,4.520812832625274e-05
final_reproduction_candidate,paper_exact_reconstructed_metadata,supplemental,9,0.75,eigen,327,0.20265188957534647,4.629010081507021,102.41263375481542,4.506322333619646e-05
final_reproduction_candidate,paper_exact_reconstructed_metadata,supplemental,9,0.75,eigen,328,0.20265188957534772,5.0620589073094076,157.91531483960026,4.506322333619646e-05
final_reproduction_candidate,paper_exact_reconstructed_metadata,supplemental,9,0.75,eigen,329,0.20265188957534652,4.942077218230153,140.06088462214325,4.506322333619646e-05
final_reproduction_candidate,paper_exact_reconstructed_metadata,supplemental,9,0.75,eigen,330,0.20265188957534785,5.000852828334846,148.53978403691457,4.506322333619646e-05
final_reproduction_candidate,paper_exact_reconstructed_metadata,supplemental,9,0.75,eigen,331,0.2026518895753468,4.390492004573387,80.68010419726879,4.506322333619646e-05
final_reproduction_candidate,paper_exact_reconstructed_metadata,supplemental,9,0.75,eigen,332,0.20265188957534663,4.730023602368649,113.29823642384588,4.506322333619638e-05
final_reproduction_candidate,paper_exact_reconstructed_metadata,supplemental,9,0.75,eigen,333,0.20265188957534677,4.949577780435421,141.1153696714949,4.506322333619638e-05
final_reproduction_candidate,paper_exact_reconstructed_metadata,supplemental,9,0.75,eigen,334,0.20265188957534688,5.024639214043299,152.11536512378092,4.506322333619638e-05
final_reproduction_candidate,paper_exact_reconstructed_metadata,supplemental,9,0.75,eigen,335,0.17559069984046696,4.613214247323049,100.80765017221529,4.3573441144932776e-05
final_reproduction_candidate,paper_exact_reconstructed_metadata,supplemental,9,0.75,eigen,336,0.17559069984046757,4.589773711557059,98.4721445322919,4.3573441144932776e-05
final_reproduction_candidate,paper_exact_reconstructed_metadata,supplemental,9,0.75,eigen,337,0.17559069984046782,4.438758638751193,84.66977063749428,4.3573441144932776e-05
final_reproduction_candidate,paper_exact_reconstructed_metadata,supplemental,9,0.75,eigen,338,0.1755906998404673,4.36543669948944,78.68375359514171,4.3573441144932776e-05
final_reproduction_candidate,paper_exact_reconstructed_metadata,supplemental,9,0.75,eigen,339,0.2392249204587477,3.94363264641622,51.60572657246532,4.1110851785806064e-05
final_reproduction_candidate,paper_exact_reconstructed_metadata,supplemental,9,0.75,eigen,340,0.23922492045874882,3.9436326464162206,51.60572657246535,4.111085178580603e-05
final_reproduction_candidate,paper_exact_reconstructed_metadata,supplemental,9,0.75,eigen,341,0.22323288202979535,3.4513832911636717,31.543996674894952,4.003858869625769e-05
final_reproduction_candidate,paper_exact_reconstructed_metadata,supplemental,9,0.75,eigen,342,0.23533710986109957,5.258799999820698,192.25065200447372,3.995998843449376e-05
final_reproduction_candidate,paper_exact_reconstructed_metadata,supplemental,9,0.75,eigen,343,0.23533710986109785,5.261885343583745,192.84472734663598,3.995998843449373e-05
final_reproduction_candidate,paper_exact_reconstructed_metadata,supplemental,9,0.75,eigen,344,0.23533710986110268,4.831263791540558,125.36930124129805,3.995998843449373e-05
final_reproduction_candidate,paper_exact_reconstructed_metadata,supplemental,9,0.75,eigen,345,0.23533710986110268,5.271901977024461,194.78608901368872,3.995998843449373e-05
final_reproduction_candidate,paper_exact_reconstructed_metadata,supplemental,9,0.75,eigen,346,0.23533710986108408,5.266545540554344,193.74551906398904,3.995998843449373e-05
final_reproduction_candidate,paper_exact_reconstructed_metadata,supplemental,9,0.75,eigen,347,0.23533710986109435,5.029424607676834,152.84504152554607,3.995998843449373e-05
final_reproduction_candidate,paper_exact_reconstructed_metadata,supplemental,9,0.75,eigen,348,0.2353371098611,4.85205887389556,128.00366212930714,3.995998843449373e-05
final_reproduction_candidate,paper_exact_reconstructed_metadata,supplemental,9,0.75,eigen,349,0.23533710986110062,5.161073065618617,174.35144580283912,3.995998843449373e-05
final_reproduction_candidate,paper_exact_reconstructed_metadata,supplemental,9,0.75,eigen,350,0.23533710986109804,5.070285494491357,159.21977722445575,3.995998843449373e-05
final_reproduction_candidate,paper_exact_reconstructed_metadata,supplemental,9,0.75,eigen,351,0.23533710986110146,5.1740435695475115,176.62760144803332,3.995998843449373e-05
final_reproduction_candidate,paper_exact_reconstructed_metadata,supplemental,9,0.75,eigen,352,0.2353371098610967,5.296732611952501,199.68330009299058,3.995998843449373e-05
final_reproduction_candidate,paper_exact_reconstructed_metadata,supplemental,9,0.75,eigen,353,0.23533710986109732,4.902654062535503,134.64666654863143,3.9959988434493686e-05
final_reproduction_candidate,paper_exact_reconstructed_metadata,supplemental,9,0.75,eigen,354,0.23533710986110018,4.858819236355696,128.8719449278554,3.9959988434493686e-05
final_reproduction_candidate,paper_exact_reconstructed_metadata,supplemental,9,0.75,eigen,355,0.23533710986109557,5.29167856946233,198.67663820850356,3.9959988434493686e-05
final_reproduction_candidate,paper_exact_reconstructed_metadata,supplemental,9,0.75,eigen,356,0.23533710986109982,5.201959973048274,181.627878989358,3.9959988434493686e-05
final_reproduction_candidate,paper_exact_reconstructed_metadata,supplemental,9,0.75,eigen,357,0.23533710986109835,5.285680911157292,197.48860987463834,3.995998843449365e-05
final_reproduction_candidate,paper_exact_reconstructed_metadata,supplemental,9,0.75,eigen,358,0.28441880085846183,3.8030953734736577,44.8397657237053,3.983190523483189e-05
final_reproduction_candidate,paper_exact_reconstructed_metadata,supplemental,9,0.75,eigen,359,0.28441880085846233,3.8030953734736546,44.839765723705156,3.983190523483189e-05
final_reproduction_candidate,paper_exact_reconstructed_metadata,supplemental,9,0.75,eigen,360,0.28686710264804804,4.662255014094087,105.87456179718465,3.7775774470732225e-05
final_reproduction_candidate,paper_exact_reconstructed_metadata,supplemental,9,0.75,eigen,361,0.2868671026480477,4.949481782734119,141.10182357059574,3.777577447073216e-05
final_reproduction_candidate,paper_exact_reconstructed_metadata,supplemental,9,0.75,eigen,362,0.2868671026480483,4.663313024546007,105.98663746831957,3.777577447073216e-05
final_reproduction_candidate,paper_exact_reconstructed_metadata,supplemental,9,0.75,eigen,363,0.2868671026480482,4.248938604280476,70.03104223714747,3.777577447073216e-05
final_reproduction_candidate,paper_exact_reconstructed_metadata,supplemental,9,0.75,eigen,364,0.2868671026480485,4.622430496830879,101.74101307460892,3.777577447073216e-05
final_reproduction_candidate,paper_exact_reconstructed_metadata,supplemental,9,0.75,eigen,365,0.28686710264804893,4.699200380975381,109.85929174155429,3.7775774470732124e-05
final_reproduction_candidate,paper_exact_reconstructed_metadata,supplemental,9,0.75,eigen,366,0.28686710264804893,4.675501367672364,107.28634351436243,3.7775774470732124e-05
final_reproduction_candidate,paper_exact_reconstructed_metadata,supplemental,9,0.75,eigen,367,0.28686710264805043,4.405657706282952,81.91299982482877,3.777577447073209e-05
final_reproduction_candidate,paper_exact_reconstructed_metadata,supplemental,9,0.75,eigen,368,0.31710402114421293,3.093831298984799,22.061440237629864,3.532109677625386e-05
final_reproduction_candidate,paper_exact_reconstructed_metadata,supplemental,9,0.75,eigen,369,0.28260750331056084,4.146388716564503,63.205335279205606,3.301852923773788e-05
final_reproduction_candidate,paper_exact_reconstructed_metadata,supplemental,9,0.75,eigen,370,0.28260750331056067,4.064918440866254,58.260156680865784,3.301852923773788e-05
final_reproduction_candidate,paper_exact_reconstructed_metadata,supplemental,9,0.75,eigen,371,0.2826075033105602,4.544451516217697,94.10879590290921,3.301852923773785e-05
final_reproduction_candidate,paper_exact_reconstructed_metadata,supplemental,9,0.75,eigen,372,0.2826075033105606,4.5383434315748055,93.53572338134248,3.3018529237737816e-05
final_reproduction_candidate,paper_exact_reconstructed_metadata,supplemental,9,0.75,eigen,373,0.3038904035580253,3.7464417604682976,42.37005066734018,3.249038182892295e-05
final_reproduction_candidate,paper_exact_reconstructed_metadata,supplemental,9,0.75,eigen,374,0.3038904035580249,3.746441760468297,42.37005066734016,3.2490381828922886e-05
final_reproduction_candidate,paper_exact_reconstructed_metadata,supplemental,9,0.75,eigen,375,0.35153258574732416,3.7283694992137746,41.61120571793794,2.9854631639160506e-05
final_reproduction_candidate,paper_exact_reconstructed_metadata,supplemental,9,0.75,eigen,376,0.3515325857473253,3.728369499213773,41.61120571793787,2.9854631639160506e-05
final_reproduction_candidate,paper_exact_reconstructed_metadata,supplemental,9,0.75,eigen,377,0.33063677849096795,4.4435326014114755,85.07494734067616,2.844059139170772e-05
final_reproduction_candidate,paper_exact_reconstructed_metadata,supplemental,9,0.75,eigen,378,0.3306367784909685,4.402678861256915,81.66935676036245,2.844059139170772e-05
final_reproduction_candidate,paper_exact_reconstructed_metadata,supplemental,9,0.75,eigen,379,0.3306367784909676,4.472836496473045,87.60486180619955,2.844059139170769e-05
final_reproduction_candidate,paper_exact_reconstructed_metadata,supplemental,9,0.75,eigen,380,0.33063677849096884,4.472259078581421,87.55429179301963,2.8440591391707668e-05
final_reproduction_candidate,paper_exact_reconstructed_metadata,supplemental,9,0.75,eigen,381,0.3797184694883292,3.737580732543058,41.99626696481623,2.834943115647148e-05
final_reproduction_candidate,paper_exact_reconstructed_metadata,supplemental,9,0.75,eigen,382,0.37971846948833027,3.737580732543078,41.99626696481707,2.834943115647145e-05
final_reproduction_candidate,paper_exact_reconstructed_metadata,supplemental,9,0.75,eigen,383,0.35289113065204847,3.9520597006153055,52.04244838196492,2.7587248086742032e-05
final_reproduction_candidate,paper_exact_reconstructed_metadata,supplemental,9,0.75,eigen,384,0.35289113065204814,3.952059700615308,52.04244838196506,2.758724808674198e-05
final_reproduction_candidate,paper_exact_reconstructed_metadata,supplemental,9,0.75,eigen,385,0.3472729864098389,4.40935443941986,82.216370720762,2.6094925689035405e-05
final_reproduction_candidate,paper_exact_reconstructed_metadata,supplemental,9,0.75,eigen,386,0.34727298640983434,4.3423883715859555,76.8909644020921,2.609492568903538e-05
final_reproduction_candidate,paper_exact_reconstructed_metadata,supplemental,9,0.75,eigen,387,0.3472729864098373,4.4595582328620536,86.44931019509866,2.609492568903538e-05
final_reproduction_candidate,paper_exact_reconstructed_metadata,supplemental,9,0.75,eigen,388,0.3472729864098356,4.25628802306984,70.54762566354988,2.609492568903536e-05
final_reproduction_candidate,paper_exact_reconstructed_metadata,supplemental,9,0.75,eigen,389,0.41240368977408,4.203714473869463,66.9344962913616,2.513896825989225e-05
final_reproduction_candidate,paper_exact_reconstructed_metadata,supplemental,9,0.75,eigen,390,0.41240368977408076,4.413558980962634,82.56278060400176,2.513896825989225e-05
final_reproduction_candidate,paper_exact_reconstructed_metadata,supplemental,9,0.75,eigen,391,0.4124036897740839,4.357695714697114,78.07701526105473,2.513896825989225e-05
final_reproduction_candidate,paper_exact_reconstructed_metadata,supplemental,9,0.75,eigen,392,0.41240368977407366,4.0132635220991615,55.327137586959125,2.5138968259892202e-05
final_reproduction_candidate,paper_exact_reconstructed_metadata,supplemental,9,0.75,eigen,393,0.4109072070281242,4.605628644884043,100.04585640042936,2.462014920500064e-05
final_reproduction_candidate,paper_exact_reconstructed_metadata,supplemental,9,0.75,eigen,394,0.4109072070281184,4.800813898771546,121.60935495535087,2.462014920500064e-05
final_reproduction_candidate,paper_exact_reconstructed_metadata,supplemental,9,0.75,eigen,395,0.4109072070281134,4.6940679176544995,109.29688745050939,2.462014920500064e-05
final_reproduction_candidate,paper_exact_reconstructed_metadata,supplemental,9,0.75,eigen,396,0.4109072070281175,4.617316632375283,101.22205140496149,2.462014920500064e-05
final_reproduction_candidate,paper_exact_reconstructed_metadata,supplemental,9,0.75,eigen,397,0.41090720702812017,4.46473652976478,86.89813145226867,2.4620149205000597e-05
final_reproduction_candidate,paper_exact_reconstructed_metadata,supplemental,9,0.75,eigen,398,0.41090720702812056,4.5108376291244765,90.99800917907108,2.4620149205000597e-05
final_reproduction_candidate,paper_exact_reconstructed_metadata,supplemental,9,0.75,eigen,399,0.41090720702812333,4.267289542245112,71.32804172986326,2.4620149205000597e-05
final_reproduction_candidate,paper_exact_reconstructed_metadata,supplemental,9,0.75,eigen,400,0.41090720702811884,4.7637688015784585,117.18674829308226,2.4620149205000597e-05
final_reproduction_candidate,paper_exact_reconstructed_metadata,supplemental,9,0.75,eigen,401,0.3855763509377949,4.55784596200933,95.37781097202199,2.4463099460535995e-05
final_reproduction_candidate,paper_exact_reconstructed_metadata,supplemental,9,0.75,eigen,402,0.3855763509378004,4.266231403851946,71.25260670778454,2.4463099460535995e-05
final_reproduction_candidate,paper_exact_reconstructed_metadata,supplemental,9,0.75,eigen,403,0.38557635093780407,4.61714400444318,101.20457915968642,2.4463099460535995e-05
final_reproduction_candidate,paper_exact_reconstructed_metadata,supplemental,9,0.75,eigen,404,0.3855763509378079,4.555882736275144,95.19074648404263,2.4463099460535954e-05
final_reproduction_candidate,paper_exact_reconstructed_metadata,supplemental,9,0.75,eigen,405,0.47557269012739334,4.7189923759154535,112.05528615834544,1.9457588777854078e-05
final_reproduction_candidate,paper_exact_reconstructed_metadata,supplemental,9,0.75,eigen,406,0.4755726901273937,4.532298827161247,92.9720422659237,1.9457588777854078e-05
final_reproduction_candidate,paper_exact_reconstructed_metadata,supplemental,9,0.75,eigen,407,0.4755726901273943,4.410375251780202,82.30034105990444,1.9457588777854078e-05
final_reproduction_candidate,paper_exact_reconstructed_metadata,supplemental,9,0.75,eigen,408,0.4755726901273938,4.476812555011722,87.95387725814776,1.9457588777854078e-05
final_reproduction_candidate,paper_exact_reconstructed_metadata,supplemental,9,0.75,eigen,409,0.4755726901273941,4.482949926009539,88.49534272116354,1.9457588777854078e-05
final_reproduction_candidate,paper_exact_reconstructed_metadata,supplemental,9,0.75,eigen,410,0.47557269012739667,4.548018282014445,94.44505926715193,1.945758877785404e-05
final_reproduction_candidate,paper_exact_reconstructed_metadata,supplemental,9,0.75,eigen,411,0.4755726901273939,4.153622047351374,63.664177856251655,1.945758877785404e-05
final_reproduction_candidate,paper_exact_reconstructed_metadata,supplemental,9,0.75,eigen,412,0.4755726901273949,3.691218229444375,40.093660495953685,1.945758877785401e-05
final_reproduction_candidate,paper_exact_reconstructed_metadata,supplemental,9,0.75,eigen,413,0.5077033584039504,3.1743561501261803,23.911419546701566,1.7892075355846167e-05
final_reproduction_candidate,paper_exact_reconstructed_metadata,supplemental,9,0.75,eigen,414,0.48087601956767095,4.332619829822254,76.14350852583593,1.741104147395689e-05
final_reproduction_candidate,paper_exact_reconstructed_metadata,supplemental,9,0.75,eigen,415,0.48087601956767045,4.421708150930626,83.2383476528883,1.741104147395689e-05
final_reproduction_candidate,paper_exact_reconstructed_metadata,supplemental,9,0.75,eigen,416,0.48087601956766945,4.408616492858343,82.15572181326684,1.741104147395689e-05
final_reproduction_candidate,paper_exact_reconstructed_metadata,supplemental,9,0.75,eigen,417,0.48087601956767145,4.427956935890856,83.76011469503996,1.741104147395689e-05
final_reproduction_candidate,paper_exact_reconstructed_metadata,supplemental,9,0.75,eigen,418,0.5299577105650318,3.5546131637917506,34.974288029572925,1.73552341029141e-05
final_reproduction_candidate,paper_exact_reconstructed_metadata,supplemental,9,0.75,eigen,419,0.5299577105650333,3.554613163791781,34.974288029573984,1.73552341029141e-05
final_reproduction_candidate,paper_exact_reconstructed_metadata,supplemental,9,0.75,eigen,420,0.4713130907899052,3.283275005094726,26.66295116790528,1.7007221505285632e-05
final_reproduction_candidate,paper_exact_reconstructed_metadata,supplemental,9,0.75,eigen,421,0.5626429308507842,4.007255561439377,54.995730857075486,1.5389821292994873e-05
final_reproduction_candidate,paper_exact_reconstructed_metadata,supplemental,9,0.75,eigen,422,0.5626429308507823,3.8620829916252215,47.56432434239478,1.5389821292994873e-05
final_reproduction_candidate,paper_exact_reconstructed_metadata,supplemental,9,0.75,eigen,423,0.5626429308507844,4.015642829478821,55.45893458432309,1.5389821292994846e-05
final_reproduction_candidate,paper_exact_reconstructed_metadata,supplemental,9,0.75,eigen,424,0.562642930850787,4.018852024684816,55.637199021014034,1.538982129299482e-05
final_reproduction_candidate,paper_exact_reconstructed_metadata,supplemental,9,0.75,eigen,425,0.5825894935974893,3.538272805764585,34.40743950798775,1.4744324686694357e-05
final_reproduction_candidate,paper_exact_reconstructed_metadata,supplemental,9,0.75,eigen,426,0.5825894935974876,3.538272805764593,34.40743950798803,1.4744324686694306e-05
final_reproduction_candidate,paper_exact_reconstructed_metadata,supplemental,9,0.75,eigen,427,0.5996127945074622,3.430542071348588,30.893384630289173,1.2681374388537553e-05
final_reproduction_candidate,paper_exact_reconstructed_metadata,supplemental,9,0.75,eigen,428,0.5996127945074646,3.430542071348567,30.893384630288526,1.268137438853753e-05
final_reproduction_candidate,paper_exact_reconstructed_metadata,supplemental,9,0.75,eigen,429,0.6472549766967624,3.455613644761816,31.677721587133117,1.165261039533383e-05
final_reproduction_candidate,paper_exact_reconstructed_metadata,supplemental,9,0.75,eigen,430,0.6472549766967625,3.45561364476182,31.67772158713324,1.165261039533383e-05
final_reproduction_candidate,paper_exact_reconstructed_metadata,supplemental,9,0.75,eigen,431,0.6579425994806538,3.8755508128079805,48.209245248971634,1.0953346988650478e-05
final_reproduction_candidate,paper_exact_reconstructed_metadata,supplemental,9,0.75,eigen,432,0.6579425994806506,3.8395791397958714,46.50589783891438,1.0953346988650459e-05
final_reproduction_candidate,paper_exact_reconstructed_metadata,supplemental,9,0.75,eigen,433,0.6579425994806546,3.4884142953520265,32.734000074251654,1.0953346988650459e-05
final_reproduction_candidate,paper_exact_reconstructed_metadata,supplemental,9,0.75,eigen,434,0.6579425994806541,3.85247590478795,47.10955773697634,1.0953346988650439e-05
final_reproduction_candidate,paper_exact_reconstructed_metadata,supplemental,9,0.75,eigen,435,0.2980417727108219,3.0730767863567525,21.608284576347906,7.95254747007135e-06
final_reproduction_candidate,paper_exact_reconstructed_metadata,supplemental,9,0.75,eigen,436,0.7712950810768299,3.126982093146924,22.805052063492678,7.594523489733766e-06
final_reproduction_candidate,paper_exact_reconstructed_metadata,supplemental,9,0.75,eigen,437,0.7712950810768313,3.1269820931469257,22.805052063492717,7.594523489733766e-06
final_reproduction_candidate,paper_exact_reconstructed_metadata,supplemental,9,0.75,eigen,438,0.31518582049224647,3.9513024445999254,52.00305384263103,7.489567277471203e-06
final_reproduction_candidate,paper_exact_reconstructed_metadata,supplemental,9,0.75,eigen,439,0.31518582049224597,3.9513024445999325,52.0030538426314,7.489567277471203e-06
final_reproduction_candidate,paper_exact_reconstructed_metadata,supplemental,9,0.75,eigen,440,0.8081818405573554,2.4416819845236355,11.492354457894876,6.705527886935534e-06
final_reproduction_candidate,paper_exact_reconstructed_metadata,supplemental,9,0.75,eigen,441,0.3478710407779981,3.3075872900380743,27.31913274953081,6.641402891983477e-06
final_reproduction_candidate,paper_exact_reconstructed_metadata,supplemental,9,0.75,eigen,442,0.3627072558100977,4.397715744746057,81.2650264266442,6.28499027851478e-06
final_reproduction_candidate,paper_exact_reconstructed_metadata,supplemental,9,0.75,eigen,443,0.36270725581009966,4.0150580539698035,55.42651303820894,6.28499027851478e-06
final_reproduction_candidate,paper_exact_reconstructed_metadata,supplemental,9,0.75,eigen,444,0.36270725581009805,4.3585932080739385,78.14712031984098,6.284990278514768e-06
final_reproduction_candidate,paper_exact_reconstructed_metadata,supplemental,9,0.75,eigen,445,0.36270725581009816,4.108868960700258,60.877823405208844,6.284990278514757e-06
final_reproduction_candidate,paper_exact_reconstructed_metadata,supplemental,9,0.75,eigen,446,0.4104854891221133,3.96532089529597,52.73718979079009,5.330525132369503e-06
final_reproduction_candidate,paper_exact_reconstructed_metadata,supplemental,9,0.75,eigen,447,0.41048548912211397,3.96532089529597,52.73718979079009,5.330525132369494e-06
final_reproduction_candidate,paper_exact_reconstructed_metadata,supplemental,9,0.75,eigen,448,0.42737273890937244,3.225287815883662,25.160814795926914,4.967100535983449e-06
final_reproduction_candidate,paper_exact_reconstructed_metadata,supplemental,9,0.75,eigen,449,0.443170709407867,4.466111467607474,87.01769315778306,4.726863878558108e-06
final_reproduction_candidate,paper_exact_reconstructed_metadata,supplemental,9,0.75,eigen,450,0.44317070940786435,4.593740059503075,98.86349492334975,4.7268638785581e-06
final_reproduction_candidate,paper_exact_reconstructed_metadata,supplemental,9,0.75,eigen,451,0.44317070940786735,4.527213745568653,92.50047184835374,4.7268638785580914e-06
final_reproduction_candidate,paper_exact_reconstructed_metadata,supplemental,9,0.75,eigen,452,0.4431707094078676,4.557302491713947,95.32599004776199,4.7268638785580914e-06
final_reproduction_candidate,paper_exact_reconstructed_metadata,supplemental,9,0.75,eigen,453,0.4867473601901671,4.56060877519793,95.64168639747832,4.0962071744921946e-06
final_reproduction_candidate,paper_exact_reconstructed_metadata,supplemental,9,0.75,eigen,454,0.4867473601901693,4.625811773905831,102.08560989004094,4.0962071744921946e-06
final_reproduction_candidate,paper_exact_reconstructed_metadata,supplemental,9,0.75,eigen,455,0.48674736019016673,4.609047285800486,100.3884625486659,4.0962071744921946e-06
final_reproduction_candidate,paper_exact_reconstructed_metadata,supplemental,9,0.75,eigen,456,0.48674736019016673,4.623054663490719,101.80453624536878,4.096207174492179e-06
final_reproduction_candidate,paper_exact_reconstructed_metadata,supplemental,9,0.75,eigen,457,0.5384703780377372,3.3708680612381587,29.10377995894528,3.3642353113958496e-06
final_reproduction_candidate,paper_exact_reconstructed_metadata,supplemental,9,0.75,eigen,458,0.5607247301988172,3.8266690938856853,45.90936349093572,3.263293399191236e-06
final_reproduction_candidate,paper_exact_reconstructed_metadata,supplemental,9,0.75,eigen,459,0.5607247301988176,3.8266690938856818,45.909363490935554,3.263293399191236e-06
final_reproduction_candidate,paper_exact_reconstructed_metadata,supplemental,9,0.75,eigen,460,0.5514128432894404,4.414138694614354,82.610657251074,3.2372799241190826e-06
final_reproduction_candidate,paper_exact_reconstructed_metadata,supplemental,9,0.75,eigen,461,0.5514128432894427,4.2862539454843676,72.69364345860282,3.2372799241190826e-06
final_reproduction_candidate,paper_exact_reconstructed_metadata,supplemental,9,0.75,eigen,462,0.5514128432894424,4.050694675496724,57.43734350489896,3.237279924119077e-06
final_reproduction_candidate,paper_exact_reconstructed_metadata,supplemental,9,0.75,eigen,463,0.5514128432894426,4.412842488084592,82.50364614694608,3.2372799241190707e-06
final_reproduction_candidate,paper_exact_reconstructed_metadata,supplemental,9,0.75,eigen,464,0.5934099504845688,4.20681878523948,67.14260465870669,2.8937381047329267e-06
final_reproduction_candidate,paper_exact_reconstructed_metadata,supplemental,9,0.75,eigen,465,0.5934099504845656,3.8533868768495565,47.15249278125306,2.8937381047329267e-06
final_reproduction_candidate,paper_exact_reconstructed_metadata,supplemental,9,0.75,eigen,466,0.5934099504845705,4.29929928934307,73.64816955764242,2.893738104732922e-06
final_reproduction_candidate,paper_exact_reconstructed_metadata,supplemental,9,0.75,eigen,467,0.5934099504845722,3.996788097678599,54.42306743293088,2.8937381047329165e-06
final_reproduction_candidate,paper_exact_reconstructed_metadata,supplemental,9,0.75,eigen,468,0.6584296467595365,3.9292621843438105,50.86943155682583,2.4531048963916437e-06
final_reproduction_candidate,paper_exact_reconstructed_metadata,supplemental,9,0.75,eigen,469,0.6584296467595376,4.389023049043292,80.5616757164212,2.4531048963916437e-06
final_reproduction_candidate,paper_exact_reconstructed_metadata,supplemental,9,0.75,eigen,470,0.6584296467595377,4.196545281418881,66.45634602945839,2.4531048963916437e-06
final_reproduction_candidate,paper_exact_reconstructed_metadata,supplemental,9,0.75,eigen,471,0.658429646759537,4.329726851686633,75.92354534824483,2.453104896391639e-06
final_reproduction_candidate,paper_exact_reconstructed_metadata,supplemental,9,0.75,eigen,472,0.6754529476695103,3.1390086731910736,23.08097472478304,2.10987903932761e-06
final_reproduction_candidate,paper_exact_reconstructed_metadata,supplemental,9,0.75,eigen,473,0.6887096191144397,4.091148660031834,59.80855195614617,2.0595507219987675e-06
final_reproduction_candidate,paper_exact_reconstructed_metadata,supplemental,9,0.75,eigen,474,0.6887096191144348,4.239501498955833,69.37326057474712,2.0595507219987637e-06
final_reproduction_candidate,paper_exact_reconstructed_metadata,supplemental,9,0.75,eigen,475,0.6887096191144368,3.6313134421681674,37.762382764815655,2.0595507219987603e-06
final_reproduction_candidate,paper_exact_reconstructed_metadata,supplemental,9,0.75,eigen,476,0.6887096191144408,4.233660445352764,68.96922877553459,2.059550721998753e-06
final_reproduction_candidate,paper_exact_reconstructed_metadata,supplemental,9,0.75,eigen,477,0.7377913101117993,3.706109972729955,40.69519281137068,2.052949272482037e-06
final_reproduction_candidate,paper_exact_reconstructed_metadata,supplemental,9,0.75,eigen,478,0.7377913101118003,3.7061099727299864,40.69519281137197,2.05294927248203e-06
final_reproduction_candidate,paper_exact_reconstructed_metadata,supplemental,9,0.75,eigen,479,0.7230951298588072,4.064981922618883,58.26385525511506,1.938717182641367e-06
final_reproduction_candidate,paper_exact_reconstructed_metadata,supplemental,9,0.75,eigen,480,0.7230951298588101,4.123129894844716,61.75221805887224,1.9387171826413636e-06
final_reproduction_candidate,paper_exact_reconstructed_metadata,supplemental,9,0.75,eigen,481,0.7230951298588488,3.8462684949197135,46.81803513959242,1.9387171826413636e-06
final_reproduction_candidate,paper_exact_reconstructed_metadata,supplemental,9,0.75,eigen,482,0.7230951298588139,4.148176448791444,63.31843055591341,1.9387171826413603e-06
final_reproduction_candidate,paper_exact_reconstructed_metadata,supplemental,9,0.75,eigen,483,0.7867293504771049,3.492876689984279,32.88039850131721,1.8291489645048045e-06
final_reproduction_candidate,paper_exact_reconstructed_metadata,supplemental,9,0.75,eigen,484,0.7867293504770694,3.492876689984354,32.880398501319675,1.8291489645048045e-06
final_reproduction_candidate,paper_exact_reconstructed_metadata,supplemental,9,0.75,eigen,485,0.7704765303975571,3.808151599927804,45.06705987446508,1.8204607462930926e-06
final_reproduction_candidate,paper_exact_reconstructed_metadata,supplemental,9,0.75,eigen,486,0.770476530397511,4.182779794914189,65.54780966397422,1.8204607462930892e-06
final_reproduction_candidate,paper_exact_reconstructed_metadata,supplemental,9,0.75,eigen,487,0.7704765303975626,3.992588316679043,54.194981758580084,1.8204607462930892e-06
final_reproduction_candidate,paper_exact_reconstructed_metadata,supplemental,9,0.75,eigen,488,0.7704765303975526,4.248024922020234,69.96708533878022,1.8204607462930828e-06
final_reproduction_candidate,paper_exact_reconstructed_metadata,supplemental,9,0.75,eigen,489,0.8513948335763671,3.3274704791691927,27.867760392002868,1.4455975903486095e-06
final_reproduction_candidate,paper_exact_reconstructed_metadata,supplemental,9,0.75,eigen,490,0.8513948335763692,3.327470479169187,27.867760392002708,1.4455975903486095e-06
final_reproduction_candidate,paper_exact_reconstructed_metadata,supplemental,9,0.75,eigen,491,0.8657761990274094,4.009389989612589,55.11324065792558,1.2956705509271994e-06
final_reproduction_candidate,paper_exact_reconstructed_metadata,supplemental,9,0.75,eigen,492,0.8657761990274218,4.040511764003989,56.85543192494247,1.2956705509271994e-06
final_reproduction_candidate,paper_exact_reconstructed_metadata,supplemental,9,0.75,eigen,493,0.8657761990274229,3.775682848164996,43.62728896094758,1.2956705509271994e-06
final_reproduction_candidate,paper_exact_reconstructed_metadata,supplemental,9,0.75,eigen,494,0.8657761990274209,4.04685584080322,57.21727371398139,1.2956705509271924e-06
final_reproduction_candidate,paper_exact_reconstructed_metadata,supplemental,9,0.75,eigen,495,0.8471352342388756,3.8244311940820883,45.80673781122111,1.2635480535259513e-06
final_reproduction_candidate,paper_exact_reconstructed_metadata,supplemental,9,0.75,eigen,496,0.8471352342388861,4.032274112193145,56.38900046081166,1.2635480535259513e-06
final_reproduction_candidate,paper_exact_reconstructed_metadata,supplemental,9,0.75,eigen,497,0.8471352342388903,3.4912522930414895,32.82703103922002,1.2635480535259446e-06
final_reproduction_candidate,paper_exact_reconstructed_metadata,supplemental,9,0.75,eigen,498,0.8471352342388832,4.020694541709373,55.73980600593911,1.2635480535259446e-06
final_reproduction_candidate,paper_exact_reconstructed_metadata,supplemental,9,0.75,eigen,499,0.8389488601911402,2.8442584150226717,17.18880698024471,1.2608360545165569e-06
final_reproduction_candidate,paper_exact_reconstructed_metadata,supplemental,9,0.75,eigen,500,0.975434937956438,3.1105131697026094,22.432553154152885,9.42160124138473e-07
final_reproduction_candidate,paper_exact_reconstructed_metadata,supplemental,9,0.75,eigen,501,0.9754349379564375,3.1105131697026294,22.432553154153336,9.421601241384713e-07
final_reproduction_candidate,paper_exact_reconstructed_metadata,supplemental,9,0.75,eigen,502,1.016015440104122,2.9027320445340536,18.223865832293722,7.9319636459302e-07
final_reproduction_candidate,paper_exact_reconstructed_metadata,supplemental,9,0.75,eigen,503,1.016015440104122,3.489067629079307,32.75539328822211,7.9319636459302e-07
final_reproduction_candidate,paper_exact_reconstructed_metadata,supplemental,9,0.75,eigen,504,1.0160154401041224,3.0098756817324164,20.284877987593156,7.931963645930186e-07
final_reproduction_candidate,paper_exact_reconstructed_metadata,supplemental,9,0.75,eigen,505,1.0160154401041241,3.383534760560803,29.474773460069507,7.931963645930171e-07
final_reproduction_candidate,paper_exact_reconstructed_metadata,supplemental,9,0.75,eigen,506,1.01881752080825,2.3762570812021178,10.764536580878124,7.567038933559027e-07
final_reproduction_candidate,paper_exact_reconstructed_metadata,supplemental,9,0.75,eigen,507,1.1471172245258057,2.621246751234356,13.75285929517662,5.642335739513888e-07
final_reproduction_candidate,paper_exact_reconstructed_metadata,supplemental,9,0.75,eigen,508,1.1471172245258054,2.6212467512343527,13.752859295176577,5.642335739513868e-07
final_reproduction_candidate,paper_exact_reconstructed_metadata,supplemental,9,0.75,eigen,509,1.1930820200171048,1.9834365504061984,7.267675853500226,4.990026027173068e-07
final_reproduction_candidate,paper_exact_reconstructed_metadata,supplemental,9,0.75,eigen,510,1.2229573776878575,2.3404398903020143,10.385804172568688,9.387504496681147e-08
final_reproduction_candidate,paper_exact_reconstructed_metadata,supplemental,9,0.75,eigen,511,1.2238490396508914,2.3330672752107433,10.309515206143404,9.382713537429087e-08
final_reproduction_candidate,paper_exact_reconstructed_metadata,supplemental,9,0.75,min_variance,0,-1.3453797382185528,1.2349555682617113,3.438225750964493,0.05598314353874746
final_reproduction_candidate,paper_exact_reconstructed_metadata,supplemental,9,0.75,min_variance,1,-1.289548726940803,0.9833320652891642,2.6733491918044976,0.05932367251858188
final_reproduction_candidate,paper_exact_reconstructed_metadata,supplemental,9,0.75,min_variance,2,-1.264676655434542,0.9961133254797584,2.7077372566708506,0.06140713168476769
final_reproduction_candidate,paper_exact_reconstructed_metadata,supplemental,9,0.75,min_variance,3,-1.2065893458138577,1.1716555763966041,3.2273313115619997,0.018507636694746428
final_reproduction_candidate,paper_exact_reconstructed_metadata,supplemental,9,0.75,min_variance,4,-1.2054500364003367,0.8852210780533607,2.4235201193748006,0.04937671968260678
final_reproduction_candidate,paper_exact_reconstructed_metadata,supplemental,9,0.75,min_variance,5,-1.1573705051930925,0.9329076617266088,2.5418893973408947,0.05268634257738763
final_reproduction_candidate,paper_exact_reconstructed_metadata,supplemental,9,0.75,min_variance,6,-1.1422659861842568,1.2199105507619237,3.3868847658096626,0.020386354587775653
final_reproduction_candidate,paper_exact_reconstructed_metadata,supplemental,9,0.75,min_variance,7,-1.1254526106834895,1.2751039266126885,3.5790733517439373,0.02198686557509399
final_reproduction_candidate,paper_exact_reconstructed_metadata,supplemental,9,0.75,min_variance,8,-1.0946711008830212,1.0468486832182387,2.8486599286222845,0.024060797525224734
final_reproduction_candidate,paper_exact_reconstructed_metadata,supplemental,9,0.75,min_variance,9,-1.0869562786959746,1.4728565892875876,4.361676881586762,0.014396302622682936
final_reproduction_candidate,paper_exact_reconstructed_metadata,supplemental,9,0.75,min_variance,10,-1.0724997042354,0.9812456539784292,2.667777300462987,0.026249249510208635
final_reproduction_candidate,paper_exact_reconstructed_metadata,supplemental,9,0.75,min_variance,11,-1.0583314660164609,1.0466944070472637,2.848220482175016,0.005197576530008056
final_reproduction_candidate,paper_exact_reconstructed_metadata,supplemental,9,0.75,min_variance,12,-1.0250046930046262,0.9804365288332624,2.6656196078068857,0.004716005748003116
final_reproduction_candidate,paper_exact_reconstructed_metadata,supplemental,9,0.75,min_variance,13,-1.0127214117182854,1.310834736179528,3.7092686810569213,0.004950019775599895
final_reproduction_candidate,paper_exact_reconstructed_metadata,supplemental,9,0.75,min_variance,14,-1.011217989438765,1.4958023746275706,4.462916047209315,0.026015964475110346
final_reproduction_candidate,paper_exact_reconstructed_metadata,supplemental,9,0.75,min_variance,15,-1.006631413806428,1.2727045269376083,3.5704960186468577,0.018530376605709296
final_reproduction_candidate,paper_exact_reconstructed_metadata,supplemental,9,0.75,min_variance,16,-0.991551834036031,1.2571880749997877,3.5155221911108314,0.007350577667846708
final_reproduction_candidate,paper_exact_reconstructed_metadata,supplemental,9,0.75,min_variance,17,-0.9625595138276323,1.4704979820321462,4.351401521381036,0.009602384758462932
final_reproduction_candidate,paper_exact_reconstructed_metadata,supplemental,9,0.75,min_variance,18,-0.9514510073445189,1.8301494442448012,6.234818346624555,0.005401717362626996
final_reproduction_candidate,paper_exact_reconstructed_metadata,supplemental,9,0.75,min_variance,19,-0.9394924239516893,0.6821277033866744,1.9780820297290949,0.004944479508404164
final_reproduction_candidate,paper_exact_reconstructed_metadata,supplemental,9,0.75,min_variance,20,-0.9291410103357443,1.8626209562675542,6.440595187516366,0.00567817793372685
final_reproduction_candidate,paper_exact_reconstructed_metadata,supplemental,9,0.75,min_variance,21,-0.9286705782389743,1.8010754594608809,6.056157114818672,0.007973985466462516
final_reproduction_candidate,paper_exact_reconstructed_metadata,supplemental,9,0.75,min_variance,22,-0.9109247309755202,1.5021134299727465,4.491170822328018,0.004748225609005768
final_reproduction_candidate,paper_exact_reconstructed_metadata,supplemental,9,0.75,min_variance,23,-0.906241913565973,1.469601063792196,4.347500419733298,0.013080023129930438
final_reproduction_candidate,paper_exact_reconstructed_metadata,supplemental,9,0.75,min_variance,24,-0.891699886568434,1.4842248061487007,4.41154428492685,0.010073432213785124
final_reproduction_candidate,paper_exact_reconstructed_metadata,supplemental,9,0.75,min_variance,25,-0.887872632159315,1.396937473098045,4.042799805459153,0.01626051291726441
final_reproduction_candidate,paper_exact_reconstructed_metadata,supplemental,9,0.75,min_variance,26,-0.8766918516701947,1.5730784887634033,4.821468206145909,0.0031256030696687233
final_reproduction_candidate,paper_exact_reconstructed_metadata,supplemental,9,0.75,min_variance,27,-0.8756388932512849,1.2852923413488366,3.6157248285997334,0.0076369569359979765
final_reproduction_candidate,paper_exact_reconstructed_metadata,supplemental,9,0.75,min_variance,28,-0.8719559004870511,1.448237397329081,4.2556069565031125,0.0035684489085824997
final_reproduction_candidate,paper_exact_reconstructed_metadata,supplemental,9,0.75,min_variance,29,-0.8676065144643731,1.633016986429046,5.1192962909379,0.0060655904882748425
final_reproduction_candidate,paper_exact_reconstructed_metadata,supplemental,9,0.75,min_variance,30,-0.8384269680456345,1.9050150524279428,6.7195087717953115,0.00684797337036965
final_reproduction_candidate,paper_exact_reconstructed_metadata,supplemental,9,0.75,min_variance,31,-0.8376071033556003,1.7364407802108122,5.677101369543186,0.013005719171993006
final_reproduction_candidate,paper_exact_reconstructed_metadata,supplemental,9,0.75,min_variance,32,-0.8326727504388697,2.0049006842740047,7.425356405474006,0.004210267538752296
final_reproduction_candidate,paper_exact_reconstructed_metadata,supplemental,9,0.75,min_variance,33,-0.8302665952625721,2.096002426175821,8.13359020875387,0.006647083514624556
final_reproduction_candidate,paper_exact_reconstructed_metadata,supplemental,9,0.75,min_variance,34,-0.8138436018534665,1.9713491088162691,7.180357039806022,0.011612033147173113
final_reproduction_candidate,paper_exact_reconstructed_metadata,supplemental,9,0.75,min_variance,35,-0.8116352237099115,1.9282248733037146,6.87729133628818,0.005344666876360605
final_reproduction_candidate,paper_exact_reconstructed_metadata,supplemental,9,0.75,min_variance,36,-0.7997302153608302,2.092360795439618,8.104024542946346,0.009554773878273604
final_reproduction_candidate,paper_exact_reconstructed_metadata,supplemental,9,0.75,min_variance,37,-0.795958729417295,2.1261249983337653,8.38232228429617,0.00760279379019106
final_reproduction_candidate,paper_exact_reconstructed_metadata,supplemental,9,0.75,min_variance,38,-0.7910757670408277,2.075634912712488,7.9696048564813085,0.013879949151765178
final_reproduction_candidate,paper_exact_reconstructed_metadata,supplemental,9,0.75,min_variance,39,-0.7762517665502734,2.2047752242399,9.068213024282123,0.007854995788301674
final_reproduction_candidate,paper_exact_reconstructed_metadata,supplemental,9,0.75,min_variance,40,-0.7724378849768637,2.2024028116361034,9.046724980740569,0.008482608883840424
final_reproduction_candidate,paper_exact_reconstructed_metadata,supplemental,9,0.75,min_variance,41,-0.7664936014702862,1.7158480513077004,5.5613898570166755,0.010633438805291358
final_reproduction_candidate,paper_exact_reconstructed_metadata,supplemental,9,0.75,min_variance,42,-0.7636245104973073,2.432434134493989,11.386564804754778,0.006816157162838829
final_reproduction_candidate,paper_exact_reconstructed_metadata,supplemental,9,0.75,min_variance,43,-0.7602820099328721,1.6176233235104496,5.041095015730032,0.01261715375646855
final_reproduction_candidate,paper_exact_reconstructed_metadata,supplemental,9,0.75,min_variance,44,-0.7584844314098356,2.200032995051399,9.02531128513111,0.00588487431681171
final_reproduction_candidate,paper_exact_reconstructed_metadata,supplemental,9,0.75,min_variance,45,-0.7538358927654049,1.6588122478426726,5.25306779497704,0.0033734923520849225
final_reproduction_candidate,paper_exact_reconstructed_metadata,supplemental,9,0.75,min_variance,46,-0.7517013638105217,1.6613255584168694,5.266286990826978,0.005398398268074154
final_reproduction_candidate,paper_exact_reconstructed_metadata,supplemental,9,0.75,min_variance,47,-0.7485797365403974,1.9299929215255043,6.889461474531358,0.002840802212988634
final_reproduction_candidate,paper_exact_reconstructed_metadata,supplemental,9,0.75,min_variance,48,-0.7402331614453219,2.337955552653972,10.36003435197945,0.004536686808504055
final_reproduction_candidate,paper_exact_reconstructed_metadata,supplemental,9,0.75,min_variance,49,-0.734097646367068,1.8998251101104333,6.684725249181611,0.003926756699977577
final_reproduction_candidate,paper_exact_reconstructed_metadata,supplemental,9,0.75,min_variance,50,-0.7299798251869071,1.9217644628116595,6.833004421041384,0.0035829465350453306
final_reproduction_candidate,paper_exact_reconstructed_metadata,supplemental,9,0.75,min_variance,51,-0.7269340937032137,1.854051041414667,6.385635670714698,0.0027844537320022567
final_reproduction_candidate,paper_exact_reconstructed_metadata,supplemental,9,0.75,min_variance,52,-0.7163119353184473,1.8944706404034932,6.649027746223025,0.005041774608519004
final_reproduction_candidate,paper_exact_reconstructed_metadata,supplemental,9,0.75,min_variance,53,-0.7162371100226127,1.8440548500580236,6.32212161283447,0.005369261720053572
final_reproduction_candidate,paper_exact_reconstructed_metadata,supplemental,9,0.75,min_variance,54,-0.712521744458966,1.9510383754075624,7.035989787480327,0.003794327848869946
final_reproduction_candidate,paper_exact_reconstructed_metadata,supplemental,9,0.75,min_variance,55,-0.7118478615913642,1.8094165877040296,6.106883561768776,0.012742838794632816
final_reproduction_candidate,paper_exact_reconstructed_metadata,supplemental,9,0.75,min_variance,56,-0.7013547047867984,2.1476971509581744,8.565111510020493,0.00827255306622342
final_reproduction_candidate,paper_exact_reconstructed_metadata,supplemental,9,0.75,min_variance,57,-0.6788656910177173,1.4598898873859407,4.305485413988971,0.0022194600106245034
final_reproduction_candidate,paper_exact_reconstructed_metadata,supplemental,9,0.75,min_variance,58,-0.6785391628476822,2.29669923023469,9.941314249964394,0.0020493047626377694
final_reproduction_candidate,paper_exact_reconstructed_metadata,supplemental,9,0.75,min_variance,59,-0.6783009977948757,1.5978414923146433,4.942352796017706,0.004340219036828183
final_reproduction_candidate,paper_exact_reconstructed_metadata,supplemental,9,0.75,min_variance,60,-0.6761827343465162,1.8923788446319947,6.6351338747358914,0.003049157695597436
final_reproduction_candidate,paper_exact_reconstructed_metadata,supplemental,9,0.75,min_variance,61,-0.6747079081720938,1.441691260305963,4.227840152057586,0.002536987334844828
final_reproduction_candidate,paper_exact_reconstructed_metadata,supplemental,9,0.75,min_variance,62,-0.6722670966842784,1.9464477390081112,7.00376414136122,0.002997457537221244
final_reproduction_candidate,paper_exact_reconstructed_metadata,supplemental,9,0.75,min_variance,63,-0.6657478600587505,1.5877499214798625,4.892727512370484,0.001853630037750083
final_reproduction_candidate,paper_exact_reconstructed_metadata,supplemental,9,0.75,min_variance,64,-0.6570781471483943,1.9465153695318747,7.004237825615992,0.0020113123167308567
final_reproduction_candidate,paper_exact_reconstructed_metadata,supplemental,9,0.75,min_variance,65,-0.6522605552848634,1.6616449607031725,5.267969323588339,0.0018273424070439086
final_reproduction_candidate,paper_exact_reconstructed_metadata,supplemental,9,0.75,min_variance,66,-0.6516509280212083,1.8013533409108935,6.057840242383375,0.003099645718188561
final_reproduction_candidate,paper_exact_reconstructed_metadata,supplemental,9,0.75,min_variance,67,-0.6493642039338111,1.8630832723727062,6.443573466798512,0.003883376152509209
final_reproduction_candidate,paper_exact_reconstructed_metadata,supplemental,9,0.75,min_variance,68,-0.639949190649204,1.5115514725112709,4.533759343598209,0.0015446680341176275
final_reproduction_candidate,paper_exact_reconstructed_metadata,supplemental,9,0.75,min_variance,69,-0.633699289318732,2.291432668953883,9.889095337005918,0.0027777027772358386
final_reproduction_candidate,paper_exact_reconstructed_metadata,supplemental,9,0.75,min_variance,70,-0.6307788060007694,2.2000456194555236,9.025425225027336,0.0020827518190993577
final_reproduction_candidate,paper_exact_reconstructed_metadata,supplemental,9,0.75,min_variance,71,-0.6263247030929008,1.369907001115701,3.9349847292639573,0.0018208377314525694
final_reproduction_candidate,paper_exact_reconstructed_metadata,supplemental,9,0.75,min_variance,72,-0.6215344701952851,2.1336129382956384,8.445324193185494,0.0031324341184438714
final_reproduction_candidate,paper_exact_reconstructed_metadata,supplemental,9,0.75,min_variance,73,-0.6184990042981906,1.6602717546162447,5.260740280666291,0.003182837240830804
final_reproduction_candidate,paper_exact_reconstructed_metadata,supplemental,9,0.75,min_variance,74,-0.6165546799460443,2.0605261402158006,7.850098976732615,0.001602569545368156
final_reproduction_candidate,paper_exact_reconstructed_metadata,supplemental,9,0.75,min_variance,75,-0.6110057834063121,1.5480385163244432,4.702237768314741,0.0020305363482559873
final_reproduction_candidate,paper_exact_reconstructed_metadata,supplemental,9,0.75,min_variance,76,-0.6009737770899197,1.4996325033463662,4.480042367199568,0.0020435617043009662
final_reproduction_candidate,paper_exact_reconstructed_metadata,supplemental,9,0.75,min_variance,77,-0.5963862591085051,1.8905202876335419,6.622813552794054,0.0014558726530697545
final_reproduction_candidate,paper_exact_reconstructed_metadata,supplemental,9,0.75,min_variance,78,-0.5881570443808563,1.8277633557914532,6.219959253164537,0.003358892329130241
final_reproduction_candidate,paper_exact_reconstructed_metadata,supplemental,9,0.75,min_variance,79,-0.5866727085422379,2.248520232477336,9.4737065755865,0.0012395637184010086
final_reproduction_candidate,paper_exact_reconstructed_metadata,supplemental,9,0.75,min_variance,80,-0.5844118630268966,1.8168043378405003,6.152166756139798,0.0026541854096247632
final_reproduction_candidate,paper_exact_reconstructed_metadata,supplemental,9,0.75,min_variance,81,-0.5842209318375532,2.0566552345616826,7.8197707209961465,0.0018260513810225648
final_reproduction_candidate,paper_exact_reconstructed_metadata,supplemental,9,0.75,min_variance,82,-0.5831233281179373,2.0191612711581017,7.532004973857233,0.0017661644172312502
final_reproduction_candidate,paper_exact_reconstructed_metadata,supplemental,9,0.75,min_variance,83,-0.5788895336476939,2.082729847654323,8.026349747068032,0.0036802396492373545
final_reproduction_candidate,paper_exact_reconstructed_metadata,supplemental,9,0.75,min_variance,84,-0.5778493801221296,1.5550663139818286,4.735400538012816,0.0023201520488773902
final_reproduction_candidate,paper_exact_reconstructed_metadata,supplemental,9,0.75,min_variance,85,-0.5756226598965735,2.3218165901444046,10.19417613576315,0.0006288988201557913
final_reproduction_candidate,paper_exact_reconstructed_metadata,supplemental,9,0.75,min_variance,86,-0.5638983846971999,1.7524016881297575,5.768440046817493,0.0009730373611188869
final_reproduction_candidate,paper_exact_reconstructed_metadata,supplemental,9,0.75,min_variance,87,-0.56167605588746,1.8775650042512126,6.537566518486778,0.0018660754716667894
final_reproduction_candidate,paper_exact_reconstructed_metadata,supplemental,9,0.75,min_variance,88,-0.5606380737013017,2.051933367222387,7.782933838906104,0.0015238810603292936
final_reproduction_candidate,paper_exact_reconstructed_metadata,supplemental,9,0.75,min_variance,89,-0.5591346597872816,2.1708442201309817,8.765681082367282,0.0009658187518556639
final_reproduction_candidate,paper_exact_reconstructed_metadata,supplemental,9,0.75,min_variance,90,-0.5585314261499938,2.0626626500324456,7.866888719596622,0.003181734621639576
final_reproduction_candidate,paper_exact_reconstructed_metadata,supplemental,9,0.75,min_variance,91,-0.5482786888053233,2.1338341116560655,8.447192280495157,0.00314406218630894
final_reproduction_candidate,paper_exact_reconstructed_metadata,supplemental,9,0.75,min_variance,92,-0.543472433100677,1.6658062445863213,5.2899365135892,0.002171747111838465
final_reproduction_candidate,paper_exact_reconstructed_metadata,supplemental,9,0.75,min_variance,93,-0.5420559457597842,2.1299543807825696,8.414482940557422,0.00135553164764115
final_reproduction_candidate,paper_exact_reconstructed_metadata,supplemental,9,0.75,min_variance,94,-0.5285842840991379,2.059260621852704,7.840170815785456,0.0023471390028422245
final_reproduction_candidate,paper_exact_reconstructed_metadata,supplemental,9,0.75,min_variance,95,-0.5251371461120533,1.9713074425767665,7.180057867562621,0.0010620709490845807
final_reproduction_candidate,paper_exact_reconstructed_metadata,supplemental,9,0.75,min_variance,96,-0.521918069845343,2.310906333071967,10.08355957827568,0.002189732369835892
final_reproduction_candidate,paper_exact_reconstructed_metadata,supplemental,9,0.75,min_variance,97,-0.518498106685095,2.3357353684941162,10.33705868236217,0.0030531375023033847
final_reproduction_candidate,paper_exact_reconstructed_metadata,supplemental,9,0.75,min_variance,98,-0.5134786434949077,1.1559413086091923,3.177012559728227,0.0013037415181350151
final_reproduction_candidate,paper_exact_reconstructed_metadata,supplemental,9,0.75,min_variance,99,-0.5130144682570952,1.499209095300615,4.478145882737712,0.0017585732002038767
final_reproduction_candidate,paper_exact_reconstructed_metadata,supplemental,9,0.75,min_variance,100,-0.5115006043574449,2.1700549083499765,8.758764956869172,0.0011724710104797787
final_reproduction_candidate,paper_exact_reconstructed_metadata,supplemental,9,0.75,min_variance,101,-0.5081293838870395,2.250731033889626,9.494674228581653,0.0011748796900844587
final_reproduction_candidate,paper_exact_reconstructed_metadata,supplemental,9,0.75,min_variance,102,-0.5031029103059068,2.3561439719338857,10.550191083455045,0.00196466920483724
final_reproduction_candidate,paper_exact_reconstructed_metadata,supplemental,9,0.75,min_variance,103,-0.4954731401665924,1.356773600568639,3.883642883160727,0.001486474487348576
final_reproduction_candidate,paper_exact_reconstructed_metadata,supplemental,9,0.75,min_variance,104,-0.49320736136450827,1.7025898710534302,5.488142583548792,0.001088720886467003
final_reproduction_candidate,paper_exact_reconstructed_metadata,supplemental,9,0.75,min_variance,105,-0.4877057942239272,1.5257649305029308,4.598659879483199,0.0010705039289220521
final_reproduction_candidate,paper_exact_reconstructed_metadata,supplemental,9,0.75,min_variance,106,-0.4860885094109429,1.9731303053291005,7.193158063911516,0.0017478555943764684
final_reproduction_candidate,paper_exact_reconstructed_metadata,supplemental,9,0.75,min_variance,107,-0.4860829334199055,2.4707152474948617,11.830905851918892,0.0014670656530800816
final_reproduction_candidate,paper_exact_reconstructed_metadata,supplemental,9,0.75,min_variance,108,-0.48557059578090084,1.6938109025252375,5.440173221373994,0.0007061119744428825
final_reproduction_candidate,paper_exact_reconstructed_metadata,supplemental,9,0.75,min_variance,109,-0.48310829744597883,1.7287258628245998,5.633471518236875,0.0013282042436989054
final_reproduction_candidate,paper_exact_reconstructed_metadata,supplemental,9,0.75,min_variance,110,-0.4740325490278029,1.7072271225353692,5.513651580983202,0.0012871495263138677
final_reproduction_candidate,paper_exact_reconstructed_metadata,supplemental,9,0.75,min_variance,111,-0.4674851400797031,1.4035528724734374,4.06963319971661,0.0008628370190093233
final_reproduction_candidate,paper_exact_reconstructed_metadata,supplemental,9,0.75,min_variance,112,-0.46727056167841396,2.0448572127600917,7.7280549914834875,0.0016174566396940343
final_reproduction_candidate,paper_exact_reconstructed_metadata,supplemental,9,0.75,min_variance,113,-0.46223647838460763,1.9409667397266266,6.965481524470985,0.000823172065363118
final_reproduction_candidate,paper_exact_reconstructed_metadata,supplemental,9,0.75,min_variance,114,-0.4604972700923896,1.3474952154486926,3.847775601362086,0.001141532330092743
final_reproduction_candidate,paper_exact_reconstructed_metadata,supplemental,9,0.75,min_variance,115,-0.4519005428384053,2.3388584644081485,10.36939277304793,0.0009418368181430604
final_reproduction_candidate,paper_exact_reconstructed_metadata,supplemental,9,0.75,min_variance,116,-0.4431099835532776,1.9922460377742295,7.331983193585186,0.000836748254373079
final_reproduction_candidate,paper_exact_reconstructed_metadata,supplemental,9,0.75,min_variance,117,-0.43327092720678834,2.215809780529291,9.168830846911064,0.0007603420161436001
final_reproduction_candidate,paper_exact_reconstructed_metadata,supplemental,9,0.75,min_variance,118,-0.43178446819403327,2.294495969928389,9.919435058512796,0.001857887996008414
final_reproduction_candidate,paper_exact_reconstructed_metadata,supplemental,9,0.75,min_variance,119,-0.43152705824155135,2.2782807919888715,9.75988670232098,0.0009282731012537473
final_reproduction_candidate,paper_exact_reconstructed_metadata,supplemental,9,0.75,min_variance,120,-0.42057983339962235,1.8330704838798095,6.2530571232583565,0.001092555331620072
final_reproduction_candidate,paper_exact_reconstructed_metadata,supplemental,9,0.75,min_variance,121,-0.41707139826893,2.6559201950687217,14.238081845769917,0.0009142924884736117
final_reproduction_candidate,paper_exact_reconstructed_metadata,supplemental,9,0.75,min_variance,122,-0.4143393869047686,2.2175802312622834,9.185078188519654,0.001002490663575267
final_reproduction_candidate,paper_exact_reconstructed_metadata,supplemental,9,0.75,min_variance,123,-0.4124526900559711,2.203859816995863,9.05991571467729,0.0011559033412123873
final_reproduction_candidate,paper_exact_reconstructed_metadata,supplemental,9,0.75,min_variance,124,-0.41163477711126706,2.1717794850287193,8.773883151144014,0.0010232020351733265
final_reproduction_candidate,paper_exact_reconstructed_metadata,supplemental,9,0.75,min_variance,125,-0.4105697240661716,1.948440037929712,7.017731642205587,0.0009809295367506905
final_reproduction_candidate,paper_exact_reconstructed_metadata,supplemental,9,0.75,min_variance,126,-0.4102964061534934,2.2802496835464776,9.779121790539985,0.0009641061252785559
final_reproduction_candidate,paper_exact_reconstructed_metadata,supplemental,9,0.75,min_variance,127,-0.4050152740677867,2.6584209735884534,14.273732693869857,0.001069352796478992
final_reproduction_candidate,paper_exact_reconstructed_metadata,supplemental,9,0.75,min_variance,128,-0.40147796925082196,2.2127468372853696,9.140790203785288,0.0003978567979521408
final_reproduction_candidate,paper_exact_reconstructed_metadata,supplemental,9,0.75,min_variance,129,-0.3984991711378944,2.581133946856204,13.21211150086755,0.0013815266161671797
final_reproduction_candidate,paper_exact_reconstructed_metadata,supplemental,9,0.75,min_variance,130,-0.39787313537669816,2.0328274712077286,7.635645433200677,0.0011779901011172921
final_reproduction_candidate,paper_exact_reconstructed_metadata,supplemental,9,0.75,min_variance,131,-0.3968678812700479,2.2155959686447124,9.16687065147231,0.0014825523128031948
final_reproduction_candidate,paper_exact_reconstructed_metadata,supplemental,9,0.75,min_variance,132,-0.3965226861246281,2.1861382997767445,8.900774538744857,0.0007833547822418051
final_reproduction_candidate,paper_exact_reconstructed_metadata,supplemental,9,0.75,min_variance,133,-0.39478232495149485,2.0475737230619924,7.749076872632408,0.0011504758941720942
final_reproduction_candidate,paper_exact_reconstructed_metadata,supplemental,9,0.75,min_variance,134,-0.387408306441358,2.3032254499540046,10.006405620322479,0.0013082341654775504
final_reproduction_candidate,paper_exact_reconstructed_metadata,supplemental,9,0.75,min_variance,135,-0.3846347651431981,2.485480254879032,12.006885235606696,0.0012002378636978789
final_reproduction_candidate,paper_exact_reconstructed_metadata,supplemental,9,0.75,min_variance,136,-0.3830134915047785,2.575465176792155,13.137426963442131,0.0006829579182961296
final_reproduction_candidate,paper_exact_reconstructed_metadata,supplemental,9,0.75,min_variance,137,-0.37917243883578633,2.2629871799494032,9.611758377303596,0.0012255840224000127
final_reproduction_candidate,paper_exact_reconstructed_metadata,supplemental,9,0.75,min_variance,138,-0.3744515954508332,2.3945134045978778,10.962862282622732,0.0014682276913895874
final_reproduction_candidate,paper_exact_reconstructed_metadata,supplemental,9,0.75,min_variance,139,-0.36737947610539434,1.8984638474552684,6.675631773048806,0.00035021510011033443
final_reproduction_candidate,paper_exact_reconstructed_metadata,supplemental,9,0.75,min_variance,140,-0.3668980644669193,2.527518700360905,12.522395739492412,0.0009766702549777765
final_reproduction_candidate,paper_exact_reconstructed_metadata,supplemental,9,0.75,min_variance,141,-0.3661431095523578,2.365400847286007,10.648306306830774,0.001101734446578135
final_reproduction_candidate,paper_exact_reconstructed_metadata,supplemental,9,0.75,min_variance,142,-0.3645188617469735,2.3627560060782287,10.620180438141151,0.001318938607092742
final_reproduction_candidate,paper_exact_reconstructed_metadata,supplemental,9,0.75,min_variance,143,-0.36347898621042174,2.054192316436879,7.800534963726826,0.0007128394557935874
final_reproduction_candidate,paper_exact_reconstructed_metadata,supplemental,9,0.75,min_variance,144,-0.35735929358502394,2.0196827100471486,7.535933478311582,0.0010459349310976468
final_reproduction_candidate,paper_exact_reconstructed_metadata,supplemental,9,0.75,min_variance,145,-0.3555225709796581,2.2974429884047343,9.948710933989899,0.0010355595901322934
final_reproduction_candidate,paper_exact_reconstructed_metadata,supplemental,9,0.75,min_variance,146,-0.35364296861147987,2.045573347975393,7.733591305946941,0.0006273496401117088
final_reproduction_candidate,paper_exact_reconstructed_metadata,supplemental,9,0.75,min_variance,147,-0.3534987357147984,2.1295152470503513,8.410788668458162,0.0009220637189945013
final_reproduction_candidate,paper_exact_reconstructed_metadata,supplemental,9,0.75,min_variance,148,-0.35305446603935575,1.7974163029169978,6.034037182709459,0.0006134175885779881
final_reproduction_candidate,paper_exact_reconstructed_metadata,supplemental,9,0.75,min_variance,149,-0.34356859301589027,2.335354261145869,10.333119903935435,0.0009174440519346342
final_reproduction_candidate,paper_exact_reconstructed_metadata,supplemental,9,0.75,min_variance,150,-0.3380670737337177,2.128323254152093,8.400769040945391,0.0006519968651417741
final_reproduction_candidate,paper_exact_reconstructed_metadata,supplemental,9,0.75,min_variance,151,-0.3374238438320897,1.8172189191161168,6.154717858064369,0.0005985924699773758
final_reproduction_candidate,paper_exact_reconstructed_metadata,supplemental,9,0.75,min_variance,152,-0.33642256510483254,2.533549524361364,12.598144287756448,0.0010606925437901004
final_reproduction_candidate,paper_exact_reconstructed_metadata,supplemental,9,0.75,min_variance,153,-0.3344048317203173,2.4263159691521285,11.317112595298036,0.0008880685180426179
final_reproduction_candidate,paper_exact_reconstructed_metadata,supplemental,9,0.75,min_variance,154,-0.327619656427635,1.8264561062425688,6.2118335265701425,0.000560676899229537
final_reproduction_candidate,paper_exact_reconstructed_metadata,supplemental,9,0.75,min_variance,155,-0.3194167500385488,2.1107044450531816,8.254053764443023,0.0013357473148683109
final_reproduction_candidate,paper_exact_reconstructed_metadata,supplemental,9,0.75,min_variance,156,-0.31182279760173365,2.193615939758077,8.967580791564579,0.0009440408506577275
final_reproduction_candidate,paper_exact_reconstructed_metadata,supplemental,9,0.75,min_variance,157,-0.3114841129366224,2.5909513177604375,13.342458485335815,0.0007590454157777722
final_reproduction_candidate,paper_exact_reconstructed_metadata,supplemental,9,0.75,min_variance,158,-0.30765275548694665,1.5655462822882549,4.785288340266496,0.0006401898001316223
final_reproduction_candidate,paper_exact_reconstructed_metadata,supplemental,9,0.75,min_variance,159,-0.3057788343737497,2.5958438118129985,13.407896330727203,0.0009046219767759145
final_reproduction_candidate,paper_exact_reconstructed_metadata,supplemental,9,0.75,min_variance,160,-0.30047208318866325,2.5142169823637475,12.356929296434888,0.0008439606734171373
final_reproduction_candidate,paper_exact_reconstructed_metadata,supplemental,9,0.75,min_variance,161,-0.30011714003183976,1.9460018138683406,7.000641683100622,0.0005424275730006084
final_reproduction_candidate,paper_exact_reconstructed_metadata,supplemental,9,0.75,min_variance,162,-0.2996964716938002,2.8023310699107857,16.483025106291226,0.0007261955097993886
final_reproduction_candidate,paper_exact_reconstructed_metadata,supplemental,9,0.75,min_variance,163,-0.2978632228201153,2.065925807812205,7.892601548416906,0.0008644537786264
final_reproduction_candidate,paper_exact_reconstructed_metadata,supplemental,9,0.75,min_variance,164,-0.2964212328175544,2.147622845192827,8.564475096499345,0.0007676939596821985
final_reproduction_candidate,paper_exact_reconstructed_metadata,supplemental,9,0.75,min_variance,165,-0.2940863807767272,1.6618412157273912,5.269003290492805,0.0009900598702737194
final_reproduction_candidate,paper_exact_reconstructed_metadata,supplemental,9,0.75,min_variance,166,-0.29180093456057565,2.054644182564515,7.804060557742646,0.0012844560330340588
final_reproduction_candidate,paper_exact_reconstructed_metadata,supplemental,9,0.75,min_variance,167,-0.2902502751094453,1.9861186216797144,7.287194441553695,0.00040665022712349464
final_reproduction_candidate,paper_exact_reconstructed_metadata,supplemental,9,0.75,min_variance,168,-0.2891795983595081,1.7820748826803336,5.942172948229263,0.0007216512859811627
final_reproduction_candidate,paper_exact_reconstructed_metadata,supplemental,9,0.75,min_variance,169,-0.28522551326319007,2.0012509073927207,7.398304907325407,0.0009168005934595047
final_reproduction_candidate,paper_exact_reconstructed_metadata,supplemental,9,0.75,min_variance,170,-0.28175186570979094,2.5327258724714583,12.58777207453742,0.0008007963646031607
final_reproduction_candidate,paper_exact_reconstructed_metadata,supplemental,9,0.75,min_variance,171,-0.28058615795162145,2.646527350577056,14.104971876394314,0.0009110906828769323
final_reproduction_candidate,paper_exact_reconstructed_metadata,supplemental,9,0.75,min_variance,172,-0.27652048507854055,2.2897917801552468,9.872881737233854,0.0006816320972912854
final_reproduction_candidate,paper_exact_reconstructed_metadata,supplemental,9,0.75,min_variance,173,-0.2747946560515141,2.1650746244132213,8.715252263171298,0.0008685784149828304
final_reproduction_candidate,paper_exact_reconstructed_metadata,supplemental,9,0.75,min_variance,174,-0.2664798994983711,2.5822503980765465,13.226870416147445,0.0007705700990595269
final_reproduction_candidate,paper_exact_reconstructed_metadata,supplemental,9,0.75,min_variance,175,-0.26443202660500603,2.1949138595192417,8.979227548526792,0.0008122941031256231
final_reproduction_candidate,paper_exact_reconstructed_metadata,supplemental,9,0.75,min_variance,176,-0.2615576009036269,1.8658008415147724,6.461108138266175,0.0008035368373993895
final_reproduction_candidate,paper_exact_reconstructed_metadata,supplemental,9,0.75,min_variance,177,-0.2611067830554523,2.36195281808943,10.611653861454734,0.0009555324913862891
final_reproduction_candidate,paper_exact_reconstructed_metadata,supplemental,9,0.75,min_variance,178,-0.25414499577550936,2.3471857541371572,10.45610223733594,0.0007618929997144987
final_reproduction_candidate,paper_exact_reconstructed_metadata,supplemental,9,0.75,min_variance,179,-0.2541381492656441,2.1724159544012323,8.779469236545285,0.00040829547184638627
final_reproduction_candidate,paper_exact_reconstructed_metadata,supplemental,9,0.75,min_variance,180,-0.24859050901246457,1.8883618664893094,6.608534148015712,0.000819003421047335
final_reproduction_candidate,paper_exact_reconstructed_metadata,supplemental,9,0.75,min_variance,181,-0.24760063526613743,2.174731468413595,8.799821774783831,0.0009558282085683252
final_reproduction_candidate,paper_exact_reconstructed_metadata,supplemental,9,0.75,min_variance,182,-0.24653492774882643,2.0007985728786384,7.394959155426696,0.0009629849903610683
final_reproduction_candidate,paper_exact_reconstructed_metadata,supplemental,9,0.75,min_variance,183,-0.24454709199247382,2.4878892188169646,12.035844255759423,0.00040208580723427345
final_reproduction_candidate,paper_exact_reconstructed_metadata,supplemental,9,0.75,min_variance,184,-0.2414526949840091,2.1324551283894935,8.435551771568976,0.0003235262310346032
final_reproduction_candidate,paper_exact_reconstructed_metadata,supplemental,9,0.75,min_variance,185,-0.23324341324357206,2.3534328826042,10.521627309948652,0.0008892545220238357
final_reproduction_candidate,paper_exact_reconstructed_metadata,supplemental,9,0.75,min_variance,186,-0.2322834069823877,2.28449502305127,9.820725731541371,0.0005045276927777497
final_reproduction_candidate,paper_exact_reconstructed_metadata,supplemental,9,0.75,min_variance,187,-0.2318892119374651,2.0626954701009117,7.867146915659997,0.0011550831587385862
final_reproduction_candidate,paper_exact_reconstructed_metadata,supplemental,9,0.75,min_variance,188,-0.22992569954311376,2.0260270471582293,7.583895964960145,0.0004953308536412782
final_reproduction_candidate,paper_exact_reconstructed_metadata,supplemental,9,0.75,min_variance,189,-0.22576279046719572,2.2884982275849564,9.860118902165183,0.00045157317255489494
final_reproduction_candidate,paper_exact_reconstructed_metadata,supplemental,9,0.75,min_variance,190,-0.22498423042698074,1.9287675936727071,6.881024795400394,0.0008968530511581825
final_reproduction_candidate,paper_exact_reconstructed_metadata,supplemental,9,0.75,min_variance,191,-0.22400740999770802,2.2910185141660913,9.885000568817622,0.0006565012935429406
final_reproduction_candidate,paper_exact_reconstructed_metadata,supplemental,9,0.75,min_variance,192,-0.22252119865697542,1.9624901806226323,7.117027701592142,0.0004806279099636556
final_reproduction_candidate,paper_exact_reconstructed_metadata,supplemental,9,0.75,min_variance,193,-0.21866908053560838,1.9936362696360674,7.342183438941543,0.0007369761315742857
final_reproduction_candidate,paper_exact_reconstructed_metadata,supplemental,9,0.75,min_variance,194,-0.21578301449338938,2.524547727177096,12.48524724846349,0.0005085474896757824
final_reproduction_candidate,paper_exact_reconstructed_metadata,supplemental,9,0.75,min_variance,195,-0.21292634039449193,2.1587483297699976,8.660291043204907,0.0008062427460815691
final_reproduction_candidate,paper_exact_reconstructed_metadata,supplemental,9,0.75,min_variance,196,-0.21260096723162808,1.9619430174255754,7.113134591141907,0.0007976897556319119
final_reproduction_candidate,paper_exact_reconstructed_metadata,supplemental,9,0.75,min_variance,197,-0.20789196977427682,2.3548814478075033,10.536879617465893,0.0006138878853152712
final_reproduction_candidate,paper_exact_reconstructed_metadata,supplemental,9,0.75,min_variance,198,-0.20615344031484414,2.0658284958097277,7.891833540924252,0.001029710014045302
final_reproduction_candidate,paper_exact_reconstructed_metadata,supplemental,9,0.75,min_variance,199,-0.20474745301330208,2.2644319894654577,9.62565557425684,0.00047657073716596846
final_reproduction_candidate,paper_exact_reconstructed_metadata,supplemental,9,0.75,min_variance,200,-0.20245531731601496,1.843381998400852,6.317869193614527,0.0006516960789807962
final_reproduction_candidate,paper_exact_reconstructed_metadata,supplemental,9,0.75,min_variance,201,-0.20008611145546074,1.9645769906957473,7.131895094007243,0.000621689360066161
final_reproduction_candidate,paper_exact_reconstructed_metadata,supplemental,9,0.75,min_variance,202,-0.1941732782617801,2.578088902515542,13.171941226685883,0.00028265876292156834
final_reproduction_candidate,paper_exact_reconstructed_metadata,supplemental,9,0.75,min_variance,203,-0.19014261813076358,2.186021283471388,8.899733063929476,0.0005212444150389276
final_reproduction_candidate,paper_exact_reconstructed_metadata,supplemental,9,0.75,min_variance,204,-0.18337637357245723,2.304405945965104,10.018225117304624,0.00045614743441362504
final_reproduction_candidate,paper_exact_reconstructed_metadata,supplemental,9,0.75,min_variance,205,-0.18177664432235946,1.6365913724898944,5.137627373908457,0.000277296038548074
final_reproduction_candidate,paper_exact_reconstructed_metadata,supplemental,9,0.75,min_variance,206,-0.17922791017415168,2.0324442600697528,7.632719929403661,0.0006590954961833501
final_reproduction_candidate,paper_exact_reconstructed_metadata,supplemental,9,0.75,min_variance,207,-0.1785738535572396,2.1851581984895225,8.89205515180133,0.0005066390664855013
final_reproduction_candidate,paper_exact_reconstructed_metadata,supplemental,9,0.75,min_variance,208,-0.17455324224583105,2.0631957646008408,7.871083790708387,0.0006609469895390171
final_reproduction_candidate,paper_exact_reconstructed_metadata,supplemental,9,0.75,min_variance,209,-0.17152068818973093,2.337572284466724,10.356064441212391,0.0003474984272499369
final_reproduction_candidate,paper_exact_reconstructed_metadata,supplemental,9,0.75,min_variance,210,-0.1676976336964544,1.879487256464023,6.550145456265503,0.00042672545900173764
final_reproduction_candidate,paper_exact_reconstructed_metadata,supplemental,9,0.75,min_variance,211,-0.16444849311539203,1.7974107918937128,6.034003929081672,0.0007999956639609504
final_reproduction_candidate,paper_exact_reconstructed_metadata,supplemental,9,0.75,min_variance,212,-0.16241431115258906,2.3150010412453303,10.124933461277504,0.00026436157654766417
final_reproduction_candidate,paper_exact_reconstructed_metadata,supplemental,9,0.75,min_variance,213,-0.15560345329239322,2.299593970232139,9.970133461889443,0.00033421895821894576
final_reproduction_candidate,paper_exact_reconstructed_metadata,supplemental,9,0.75,min_variance,214,-0.1532356503339922,2.5681572615050534,13.041769713362132,0.00023786489630098624
final_reproduction_candidate,paper_exact_reconstructed_metadata,supplemental,9,0.75,min_variance,215,-0.15297642385506383,2.4000280162225476,11.023485212730398,0.0005272344761935734
final_reproduction_candidate,paper_exact_reconstructed_metadata,supplemental,9,0.75,min_variance,216,-0.1501823336295807,2.250865359203434,9.495949689338326,0.00041423364644164583
final_reproduction_candidate,paper_exact_reconstructed_metadata,supplemental,9,0.75,min_variance,217,-0.1472748461619118,1.6095105162267218,5.000363032141703,0.00042465878013258094
final_reproduction_candidate,paper_exact_reconstructed_metadata,supplemental,9,0.75,min_variance,218,-0.14166917649794752,1.9224352322595324,6.8375893291804415,0.0004313429158278289
final_reproduction_candidate,paper_exact_reconstructed_metadata,supplemental,9,0.75,min_variance,219,-0.1401944099384321,2.0908381346277745,8.091694252164181,0.00023372744275680768
final_reproduction_candidate,paper_exact_reconstructed_metadata,supplemental,9,0.75,min_variance,220,-0.1364466959109881,2.039598528121977,7.687522255262772,0.00031422944422051054
final_reproduction_candidate,paper_exact_reconstructed_metadata,supplemental,9,0.75,min_variance,221,-0.13628387956842433,2.1286221229028808,8.403280143520668,0.0004119325234301189
final_reproduction_candidate,paper_exact_reconstructed_metadata,supplemental,9,0.75,min_variance,222,-0.13401024250625024,2.39424434449028,10.959913010500918,0.00047497111011751973
final_reproduction_candidate,paper_exact_reconstructed_metadata,supplemental,9,0.75,min_variance,223,-0.1278676114472693,2.062782726114956,7.867833401491331,0.0002452538712839759
final_reproduction_candidate,paper_exact_reconstructed_metadata,supplemental,9,0.75,min_variance,224,-0.1173672019681294,2.245879163156612,9.448718871450188,0.0002805158439337886
final_reproduction_candidate,paper_exact_reconstructed_metadata,supplemental,9,0.75,min_variance,225,-0.11731165174084285,2.2678478021949062,9.65859123008908,0.00024815336232045335
final_reproduction_candidate,paper_exact_reconstructed_metadata,supplemental,9,0.75,min_variance,226,-0.11268856193239046,2.2469198733075557,9.458557367716597,0.0004064219740599741
final_reproduction_candidate,paper_exact_reconstructed_metadata,supplemental,9,0.75,min_variance,227,-0.11053436698761857,1.9297385377458873,6.887709130175382,0.0002082938543572811
final_reproduction_candidate,paper_exact_reconstructed_metadata,supplemental,9,0.75,min_variance,228,-0.10832975305851378,2.476061055171457,11.894320950682859,0.0004674397621188082
final_reproduction_candidate,paper_exact_reconstructed_metadata,supplemental,9,0.75,min_variance,229,-0.1082518383184336,2.3713584590545733,10.711934128533532,0.0005118251802151573
final_reproduction_candidate,paper_exact_reconstructed_metadata,supplemental,9,0.75,min_variance,230,-0.10282205602527489,2.284071496286146,9.816567272012739,0.00023502301211020962
final_reproduction_candidate,paper_exact_reconstructed_metadata,supplemental,9,0.75,min_variance,231,-0.09609979419984874,2.4005479257612303,11.029217917956956,0.0004967696771842139
final_reproduction_candidate,paper_exact_reconstructed_metadata,supplemental,9,0.75,min_variance,232,-0.09597189985335475,2.066348716962873,7.895940107738192,0.0003495109724424345
final_reproduction_candidate,paper_exact_reconstructed_metadata,supplemental,9,0.75,min_variance,233,-0.09277721798466484,1.940476821658887,6.962069845011584,0.0003745527017219607
final_reproduction_candidate,paper_exact_reconstructed_metadata,supplemental,9,0.75,min_variance,234,-0.09229293140350533,2.560137472133663,12.937595752190058,0.00017299832745779384
final_reproduction_candidate,paper_exact_reconstructed_metadata,supplemental,9,0.75,min_variance,235,-0.09004389074925179,2.3584417483220674,10.574460936086293,0.00035632463910426917
final_reproduction_candidate,paper_exact_reconstructed_metadata,supplemental,9,0.75,min_variance,236,-0.08888083759988324,1.941574074397923,6.969713187790925,0.00028742412286537656
final_reproduction_candidate,paper_exact_reconstructed_metadata,supplemental,9,0.75,min_variance,237,-0.0844635381058875,2.2233412304748192,9.238146132148445,0.0004074617477324926
final_reproduction_candidate,paper_exact_reconstructed_metadata,supplemental,9,0.75,min_variance,238,-0.07958809689349024,2.5335180340100925,12.597747574013816,0.00046050801682788575
final_reproduction_candidate,paper_exact_reconstructed_metadata,supplemental,9,0.75,min_variance,239,-0.07692455105082281,2.15436284619719,8.622394636869686,0.00037320345547079716
final_reproduction_candidate,paper_exact_reconstructed_metadata,supplemental,9,0.75,min_variance,240,-0.07503006124012052,2.791552386521746,16.306313865491102,0.00023021152773054535
final_reproduction_candidate,paper_exact_reconstructed_metadata,supplemental,9,0.75,min_variance,241,-0.07361942831818145,2.7270093049034645,15.287099532216404,0.00025057589774612045
final_reproduction_candidate,paper_exact_reconstructed_metadata,supplemental,9,0.75,min_variance,242,-0.07189573029914677,2.4399508348722585,11.472476683147276,0.00030673478793641324
final_reproduction_candidate,paper_exact_reconstructed_metadata,supplemental,9,0.75,min_variance,243,-0.07137756411129213,2.461702545614117,11.72475648930751,0.0004426151649716931
final_reproduction_candidate,paper_exact_reconstructed_metadata,supplemental,9,0.75,min_variance,244,-0.0697959079061061,2.4616357279754313,11.723973094937303,0.0002468354885936476
final_reproduction_candidate,paper_exact_reconstructed_metadata,supplemental,9,0.75,min_variance,245,-0.06934529010456753,2.4307354209828413,11.367238712669579,0.0004189065825016083
final_reproduction_candidate,paper_exact_reconstructed_metadata,supplemental,9,0.75,min_variance,246,-0.06647487834214022,2.6110311431715076,13.613080652379187,0.0002752036344258286
final_reproduction_candidate,paper_exact_reconstructed_metadata,supplemental,9,0.75,min_variance,247,-0.061688679213049685,2.731929217274375,15.362496042347392,0.00021444860167917732
final_reproduction_candidate,paper_exact_reconstructed_metadata,supplemental,9,0.75,min_variance,248,-0.0606175513964735,2.109002317337586,8.240016260965579,0.0002884787460355816
final_reproduction_candidate,paper_exact_reconstructed_metadata,supplemental,9,0.75,min_variance,249,-0.05839256940673007,2.2638462385938825,9.620018989093234,0.0003252705756256895
final_reproduction_candidate,paper_exact_reconstructed_metadata,supplemental,9,0.75,min_variance,250,-0.057859866774051444,2.4474360472664074,11.558672803489495,0.00017553831520749215
final_reproduction_candidate,paper_exact_reconstructed_metadata,supplemental,9,0.75,min_variance,251,-0.054840022892430416,2.4239905607100476,11.290826261205886,0.00026282407547721426
final_reproduction_candidate,paper_exact_reconstructed_metadata,supplemental,9,0.75,min_variance,252,-0.0536125029338085,2.3999418788136317,11.022535719170994,0.00017240701752418113
final_reproduction_candidate,paper_exact_reconstructed_metadata,supplemental,9,0.75,min_variance,253,-0.05212494784393928,2.698235623099141,14.853501416805955,0.00036651422771730814
final_reproduction_candidate,paper_exact_reconstructed_metadata,supplemental,9,0.75,min_variance,254,-0.039971358207569814,2.341897071667388,10.400949204722806,0.0002820211464456274
final_reproduction_candidate,paper_exact_reconstructed_metadata,supplemental,9,0.75,min_variance,255,-0.03930246752718348,2.4327347419639813,11.38998820571681,0.00026936509775833445
final_reproduction_candidate,paper_exact_reconstructed_metadata,supplemental,9,0.75,min_variance,256,-0.035654569771821173,2.549250419984898,12.79750743068237,0.00038142100465782394
final_reproduction_candidate,paper_exact_reconstructed_metadata,supplemental,9,0.75,min_variance,257,-0.028349838281187787,2.387944683715898,10.89108629651289,0.00032822177357243296
final_reproduction_candidate,paper_exact_reconstructed_metadata,supplemental,9,0.75,min_variance,258,-0.02264991641698477,2.1061344887282196,8.216419158985563,0.0001791465877752522
final_reproduction_candidate,paper_exact_reconstructed_metadata,supplemental,9,0.75,min_variance,259,-0.019187994619743097,2.6682929518284375,14.415340496960686,0.0003777188689535828
final_reproduction_candidate,paper_exact_reconstructed_metadata,supplemental,9,0.75,min_variance,260,-0.017039836838755068,2.3413017520137753,10.394759157956072,0.000448329919096675
final_reproduction_candidate,paper_exact_reconstructed_metadata,supplemental,9,0.75,min_variance,261,-0.015050835751015531,2.51016935281823,12.307014111559262,0.0006273573561546422
final_reproduction_candidate,paper_exact_reconstructed_metadata,supplemental,9,0.75,min_variance,262,-0.015003246873375703,2.4148903133839044,11.18854305681776,0.0006141952817521623
final_reproduction_candidate,paper_exact_reconstructed_metadata,supplemental,9,0.75,min_variance,263,-0.012081728744778076,2.2697847718888218,9.677317759092327,0.0004855808504614159
final_reproduction_candidate,paper_exact_reconstructed_metadata,supplemental,9,0.75,min_variance,264,-0.011345508463872101,2.297955393564091,9.953810011086563,0.00028128204764338153
final_reproduction_candidate,paper_exact_reconstructed_metadata,supplemental,9,0.75,min_variance,265,-0.007293861114866815,2.498146813052901,12.159938428176828,0.0004592873332577413
final_reproduction_candidate,paper_exact_reconstructed_metadata,supplemental,9,0.75,min_variance,266,-0.006971789781616393,2.580034500318726,13.197593472985318,0.00033505343712512454
final_reproduction_candidate,paper_exact_reconstructed_metadata,supplemental,9,0.75,min_variance,267,-0.00689844882422366,2.2825788675339593,9.801925711380324,0.00042851509259123115
final_reproduction_candidate,paper_exact_reconstructed_metadata,supplemental,9,0.75,min_variance,268,-0.0017763953780132328,2.58731417249185,13.294018171214898,0.0005353161911808489
final_reproduction_candidate,paper_exact_reconstructed_metadata,supplemental,9,0.75,min_variance,269,7.670416023227386e-05,2.8347386797824803,17.025950493922764,0.00023032023070553907
final_reproduction_candidate,paper_exact_reconstructed_metadata,supplemental,9,0.75,min_variance,270,0.009060128528689688,2.6204500815649903,13.741907172500337,0.0002175089081185395
final_reproduction_candidate,paper_exact_reconstructed_metadata,supplemental,9,0.75,min_variance,271,0.010212904231762448,1.9763503876254398,7.216357957584831,0.0001849278164113763
final_reproduction_candidate,paper_exact_reconstructed_metadata,supplemental,9,0.75,min_variance,272,0.017646551053064605,2.503793962631012,12.228801676868562,0.0004189292593548038
final_reproduction_candidate,paper_exact_reconstructed_metadata,supplemental,9,0.75,min_variance,273,0.02096114150075192,2.407429959962316,11.10538315815979,0.0001455203134356675
final_reproduction_candidate,paper_exact_reconstructed_metadata,supplemental,9,0.75,min_variance,274,0.02456915704844784,2.7201535660084377,15.182653605452133,0.00025975766814805327
final_reproduction_candidate,paper_exact_reconstructed_metadata,supplemental,9,0.75,min_variance,275,0.030571580236422854,2.2897997981766394,9.872960898528188,0.0003233008770389854
final_reproduction_candidate,paper_exact_reconstructed_metadata,supplemental,9,0.75,min_variance,276,0.031829807669612326,2.330548985692547,10.283585524987584,0.00016240309198583188
final_reproduction_candidate,paper_exact_reconstructed_metadata,supplemental,9,0.75,min_variance,277,0.035807678389588045,2.354726367101631,10.535245677436688,0.00023832157083120717
final_reproduction_candidate,paper_exact_reconstructed_metadata,supplemental,9,0.75,min_variance,278,0.03586920194152075,2.4624120200830024,11.733077856240216,0.00021004377255590416
final_reproduction_candidate,paper_exact_reconstructed_metadata,supplemental,9,0.75,min_variance,279,0.04039522248036824,2.699316887291867,14.869570662008684,0.0002642708000956153
final_reproduction_candidate,paper_exact_reconstructed_metadata,supplemental,9,0.75,min_variance,280,0.042806786028182636,2.674244678440069,14.501392487554865,0.0002282368808036696
final_reproduction_candidate,paper_exact_reconstructed_metadata,supplemental,9,0.75,min_variance,281,0.04404517769328567,1.9923336171665138,7.332625352337045,0.0003519263545531201
final_reproduction_candidate,paper_exact_reconstructed_metadata,supplemental,9,0.75,min_variance,282,0.04566112800539032,2.523535378661363,12.472614222534386,0.0002588034834191172
final_reproduction_candidate,paper_exact_reconstructed_metadata,supplemental,9,0.75,min_variance,283,0.046843097011298344,2.4030411118393737,11.056750117709754,0.0003548726900872369
final_reproduction_candidate,paper_exact_reconstructed_metadata,supplemental,9,0.75,min_variance,284,0.04691961277543985,2.208415013220186,9.101279547196038,0.0005267885522732555
final_reproduction_candidate,paper_exact_reconstructed_metadata,supplemental,9,0.75,min_variance,285,0.04694668148109886,2.430636766601397,11.366117340080717,0.00016662084924538962
final_reproduction_candidate,paper_exact_reconstructed_metadata,supplemental,9,0.75,min_variance,286,0.049949490572090825,2.528008727827086,12.528533561074909,0.0004204492830384443
final_reproduction_candidate,paper_exact_reconstructed_metadata,supplemental,9,0.75,min_variance,287,0.05697338784653946,2.2910938000371663,9.885744797710633,0.0002736992984586316
final_reproduction_candidate,paper_exact_reconstructed_metadata,supplemental,9,0.75,min_variance,288,0.05919180358841299,2.4491788381543684,11.578834717024755,0.0002881311735957627
final_reproduction_candidate,paper_exact_reconstructed_metadata,supplemental,9,0.75,min_variance,289,0.06375871217865725,2.1593682422025515,8.66566132967382,0.00017943526280918222
final_reproduction_candidate,paper_exact_reconstructed_metadata,supplemental,9,0.75,min_variance,290,0.06397442261082348,2.6053850994940433,13.53643717424565,0.00038667739089558926
final_reproduction_candidate,paper_exact_reconstructed_metadata,supplemental,9,0.75,min_variance,291,0.06659775143875017,2.0520926900342626,7.784173936595262,0.00031291576831199024
final_reproduction_candidate,paper_exact_reconstructed_metadata,supplemental,9,0.75,min_variance,292,0.07560917839258124,2.2751649178031483,9.729523451889309,0.00013283663034657206
final_reproduction_candidate,paper_exact_reconstructed_metadata,supplemental,9,0.75,min_variance,293,0.07897688175804272,2.6614197196896323,14.316600236449176,0.0002468851869297927
final_reproduction_candidate,paper_exact_reconstructed_metadata,supplemental,9,0.75,min_variance,294,0.08253941017768601,2.496118823744779,12.13530319149855,0.00019721930653046255
final_reproduction_candidate,paper_exact_reconstructed_metadata,supplemental,9,0.75,min_variance,295,0.08663192990808838,2.5832763577347606,13.240447615237168,0.00015648250366593833
final_reproduction_candidate,paper_exact_reconstructed_metadata,supplemental,9,0.75,min_variance,296,0.08836003174395454,2.392852686237952,10.944671165294814,0.00024839472225207437
final_reproduction_candidate,paper_exact_reconstructed_metadata,supplemental,9,0.75,min_variance,297,0.09099087817426765,2.4821663348215273,11.967161235231359,0.00018080456825149513
final_reproduction_candidate,paper_exact_reconstructed_metadata,supplemental,9,0.75,min_variance,298,0.09712804489599904,2.008686607559466,7.453521517026795,0.00024248726525481336
final_reproduction_candidate,paper_exact_reconstructed_metadata,supplemental,9,0.75,min_variance,299,0.10153564414013269,2.5247342141543685,12.487575801599025,0.0002242019731711662
final_reproduction_candidate,paper_exact_reconstructed_metadata,supplemental,9,0.75,min_variance,300,0.10188444410757364,2.106901707668109,8.222725370195414,0.00015868668923818452
final_reproduction_candidate,paper_exact_reconstructed_metadata,supplemental,9,0.75,min_variance,301,0.10370536849918116,2.4774178284607298,11.910469800329434,0.00035918291012262385
final_reproduction_candidate,paper_exact_reconstructed_metadata,supplemental,9,0.75,min_variance,302,0.1045416285267951,2.1781590319790562,8.830035473388202,0.00021965431672702195
final_reproduction_candidate,paper_exact_reconstructed_metadata,supplemental,9,0.75,min_variance,303,0.10587691844885122,2.2805147074420224,9.781713834953605,0.00018871575684994524
final_reproduction_candidate,paper_exact_reconstructed_metadata,supplemental,9,0.75,min_variance,304,0.11450805254331581,2.3554123921444923,10.54247559947434,0.00022094833536419645
final_reproduction_candidate,paper_exact_reconstructed_metadata,supplemental,9,0.75,min_variance,305,0.11473583912940948,2.238073225904755,9.375249885032838,0.00020915565408032401
final_reproduction_candidate,paper_exact_reconstructed_metadata,supplemental,9,0.75,min_variance,306,0.11611049220243326,2.1028778828923156,8.189705042685366,0.00018288346268743747
final_reproduction_candidate,paper_exact_reconstructed_metadata,supplemental,9,0.75,min_variance,307,0.1166776703734246,2.4326491832595236,11.389013734769971,0.00020721170966012784
final_reproduction_candidate,paper_exact_reconstructed_metadata,supplemental,9,0.75,min_variance,308,0.11866457240448619,2.4297529439336443,11.356076145902366,0.00017517493978076105
final_reproduction_candidate,paper_exact_reconstructed_metadata,supplemental,9,0.75,min_variance,309,0.12247703719024518,2.50088904756117,12.19332959323083,0.0002902023644492371
final_reproduction_candidate,paper_exact_reconstructed_metadata,supplemental,9,0.75,min_variance,310,0.1246879382004005,2.67394408619309,14.4970341364788,0.0001739823386694885
final_reproduction_candidate,paper_exact_reconstructed_metadata,supplemental,9,0.75,min_variance,311,0.12840138296689074,2.416229255788477,11.203533905263663,0.000179454109721218
final_reproduction_candidate,paper_exact_reconstructed_metadata,supplemental,9,0.75,min_variance,312,0.12881426703572768,2.0339049596053878,7.643877186576559,0.00021449186007059632
final_reproduction_candidate,paper_exact_reconstructed_metadata,supplemental,9,0.75,min_variance,313,0.13032606459263074,2.3073675455060436,10.047939066904213,0.0001009943878985262
final_reproduction_candidate,paper_exact_reconstructed_metadata,supplemental,9,0.75,min_variance,314,0.13553540179747883,2.532438065035423,12.584149741423456,0.00034225955082127106
final_reproduction_candidate,paper_exact_reconstructed_metadata,supplemental,9,0.75,min_variance,315,0.13595583189751143,2.1327903867160596,8.438380334662746,0.0002796505474805517
final_reproduction_candidate,paper_exact_reconstructed_metadata,supplemental,9,0.75,min_variance,316,0.13713772419064166,2.4561474160717323,11.659804523480412,0.0002654531611876283
final_reproduction_candidate,paper_exact_reconstructed_metadata,supplemental,9,0.75,min_variance,317,0.1381546119902725,2.511004599102052,12.317297793466581,0.00020170668178307402
final_reproduction_candidate,paper_exact_reconstructed_metadata,supplemental,9,0.75,min_variance,318,0.13830338102122644,2.509060295717122,12.293372496228852,0.0002042307340608088
final_reproduction_candidate,paper_exact_reconstructed_metadata,supplemental,9,0.75,min_variance,319,0.14424909549474207,2.0299583887257584,7.613769533536197,0.00016654841087125857
final_reproduction_candidate,paper_exact_reconstructed_metadata,supplemental,9,0.75,min_variance,320,0.14643478207334776,2.419907773474758,11.244822196179534,0.00023702075726384078
final_reproduction_candidate,paper_exact_reconstructed_metadata,supplemental,9,0.75,min_variance,321,0.14880420162939773,2.3656666271420623,10.651136788274052,0.00021634706042451962
final_reproduction_candidate,paper_exact_reconstructed_metadata,supplemental,9,0.75,min_variance,322,0.15157504692160617,2.3519417096670554,10.50594943616499,0.000154992836813619
final_reproduction_candidate,paper_exact_reconstructed_metadata,supplemental,9,0.75,min_variance,323,0.15925373652627484,2.522672302049417,12.461854045005813,0.000220354776909517
final_reproduction_candidate,paper_exact_reconstructed_metadata,supplemental,9,0.75,min_variance,324,0.16552139773702643,2.4285729295069074,11.342683715403682,0.00026174784471573735
final_reproduction_candidate,paper_exact_reconstructed_metadata,supplemental,9,0.75,min_variance,325,0.16772063658469474,2.1964048176883466,8.99262518636945,0.00016659255451920767
final_reproduction_candidate,paper_exact_reconstructed_metadata,supplemental,9,0.75,min_variance,326,0.16935827381261712,2.4777455780221964,11.914374091363241,0.00027793083899194966
final_reproduction_candidate,paper_exact_reconstructed_metadata,supplemental,9,0.75,min_variance,327,0.17204749523885216,2.40674793873238,11.097811633343179,0.00031952167204533623
final_reproduction_candidate,paper_exact_reconstructed_metadata,supplemental,9,0.75,min_variance,328,0.17489642868631172,2.3848923088198513,10.857893302612956,0.00018882208870503881
final_reproduction_candidate,paper_exact_reconstructed_metadata,supplemental,9,0.75,min_variance,329,0.17676327922383794,2.3322506612471763,10.30109974862618,0.0002485610707403611
final_reproduction_candidate,paper_exact_reconstructed_metadata,supplemental,9,0.75,min_variance,330,0.18140993272074685,2.3653470324652575,10.647733285554244,0.00014614642866583863
final_reproduction_candidate,paper_exact_reconstructed_metadata,supplemental,9,0.75,min_variance,331,0.18461612501415564,2.2930104546494143,9.904710525641642,0.00012228390267330798
final_reproduction_candidate,paper_exact_reconstructed_metadata,supplemental,9,0.75,min_variance,332,0.18721467302453138,2.6064087195025265,13.550300436326516,0.000157169803667799
final_reproduction_candidate,paper_exact_reconstructed_metadata,supplemental,9,0.75,min_variance,333,0.19033421130988562,2.5699456668468645,13.065114552779773,7.924005045605556e-05
final_reproduction_candidate,paper_exact_reconstructed_metadata,supplemental,9,0.75,min_variance,334,0.2024255987704532,2.7178164297178458,15.147211107829905,9.858611770969248e-05
final_reproduction_candidate,paper_exact_reconstructed_metadata,supplemental,9,0.75,min_variance,335,0.2029243135761531,2.1985007363072793,9.011492762475765,0.0001852526278983996
final_reproduction_candidate,paper_exact_reconstructed_metadata,supplemental,9,0.75,min_variance,336,0.2110464854522996,2.231240371728891,9.31140852743425,0.0001251559041122568
final_reproduction_candidate,paper_exact_reconstructed_metadata,supplemental,9,0.75,min_variance,337,0.21241964423264012,2.6144684686936714,13.659953754845315,0.00010079600309207686
final_reproduction_candidate,paper_exact_reconstructed_metadata,supplemental,9,0.75,min_variance,338,0.2131436089550234,2.295122289780891,9.925649743602714,0.00012642800952727197
final_reproduction_candidate,paper_exact_reconstructed_metadata,supplemental,9,0.75,min_variance,339,0.2141057495474106,2.2649429791042146,9.630575441415047,0.00011394401230997492
final_reproduction_candidate,paper_exact_reconstructed_metadata,supplemental,9,0.75,min_variance,340,0.21665294983897343,2.1321855211276732,8.433277792108363,0.00013106114179578087
final_reproduction_candidate,paper_exact_reconstructed_metadata,supplemental,9,0.75,min_variance,341,0.2226165248883265,2.0260971636480383,7.584427739767158,0.0002505904027701257
final_reproduction_candidate,paper_exact_reconstructed_metadata,supplemental,9,0.75,min_variance,342,0.22343004807175035,1.7489442169872123,5.748530270390473,0.00011426345110610515
final_reproduction_candidate,paper_exact_reconstructed_metadata,supplemental,9,0.75,min_variance,343,0.22837312437681956,2.080397533974244,8.007651595205546,9.226681682726085e-05
final_reproduction_candidate,paper_exact_reconstructed_metadata,supplemental,9,0.75,min_variance,344,0.22913204365441814,2.178138966981957,8.829858300529533,0.0001645370570092322
final_reproduction_candidate,paper_exact_reconstructed_metadata,supplemental,9,0.75,min_variance,345,0.23081163575812802,2.0050669132466123,7.4265908174352075,8.796214370001099e-05
final_reproduction_candidate,paper_exact_reconstructed_metadata,supplemental,9,0.75,min_variance,346,0.23652160112955423,2.69897493800606,14.86448689218582,0.00014755243639324724
final_reproduction_candidate,paper_exact_reconstructed_metadata,supplemental,9,0.75,min_variance,347,0.23851249826453097,1.9549061943360797,7.063256419165828,0.0001317771128844244
final_reproduction_candidate,paper_exact_reconstructed_metadata,supplemental,9,0.75,min_variance,348,0.23865442832309455,2.0011614389970562,7.397643022464042,0.00010953695098117014
final_reproduction_candidate,paper_exact_reconstructed_metadata,supplemental,9,0.75,min_variance,349,0.23883677020214902,2.247791168645047,9.466802155951669,0.0001279080044291295
final_reproduction_candidate,paper_exact_reconstructed_metadata,supplemental,9,0.75,min_variance,350,0.24028134903795062,1.7005130111519617,5.476756308225547,8.610060970594055e-05
final_reproduction_candidate,paper_exact_reconstructed_metadata,supplemental,9,0.75,min_variance,351,0.24537450700769295,1.8029154383866741,6.067310574199646,7.712498241440006e-05
final_reproduction_candidate,paper_exact_reconstructed_metadata,supplemental,9,0.75,min_variance,352,0.25028755371254563,2.1258316535776576,8.379863734629023,0.00018370985047035823
final_reproduction_candidate,paper_exact_reconstructed_metadata,supplemental,9,0.75,min_variance,353,0.2515530597890613,1.819216274108902,6.167023299583915,6.627116334497312e-05
final_reproduction_candidate,paper_exact_reconstructed_metadata,supplemental,9,0.75,min_variance,354,0.2574566613806021,2.4834623448304023,11.982680850586174,0.00016577260269763877
final_reproduction_candidate,paper_exact_reconstructed_metadata,supplemental,9,0.75,min_variance,355,0.25776690486721054,2.1407669423768554,8.505958708109512,7.986036879573379e-05
final_reproduction_candidate,paper_exact_reconstructed_metadata,supplemental,9,0.75,min_variance,356,0.2582746773111314,2.3057277817119037,10.031476321412372,6.996889336758777e-05
final_reproduction_candidate,paper_exact_reconstructed_metadata,supplemental,9,0.75,min_variance,357,0.2720185643895878,1.716250199338178,5.563626808757115,7.915103232022888e-05
final_reproduction_candidate,paper_exact_reconstructed_metadata,supplemental,9,0.75,min_variance,358,0.27416248021221984,1.8829132080668858,6.5726244215273475,3.536525887046807e-05
final_reproduction_candidate,paper_exact_reconstructed_metadata,supplemental,9,0.75,min_variance,359,0.27609179661746575,1.6316141881315158,5.112119985447801,9.136636621496354e-05
final_reproduction_candidate,paper_exact_reconstructed_metadata,supplemental,9,0.75,min_variance,360,0.2892662224847671,2.0448322111492465,7.727861780075309,8.132393535181834e-05
final_reproduction_candidate,paper_exact_reconstructed_metadata,supplemental,9,0.75,min_variance,361,0.2949614671845081,2.1665143707654866,8.727809052953363,0.0001083096581800581
final_reproduction_candidate,paper_exact_reconstructed_metadata,supplemental,9,0.75,min_variance,362,0.29642390247287576,1.907576381294992,6.736741703766712,0.00010645056801761292
final_reproduction_candidate,paper_exact_reconstructed_metadata,supplemental,9,0.75,min_variance,363,0.29737565113625064,1.1954494881125748,3.305043014223408,7.694958085641513e-05
final_reproduction_candidate,paper_exact_reconstructed_metadata,supplemental,9,0.75,min_variance,364,0.2976017681749367,1.8945210068955765,6.64936264286008,8.035286162801283e-05
final_reproduction_candidate,paper_exact_reconstructed_metadata,supplemental,9,0.75,min_variance,365,0.30175014293835933,1.0176565581328605,2.7667035521081673,6.593042090459457e-05
final_reproduction_candidate,paper_exact_reconstructed_metadata,supplemental,9,0.75,min_variance,366,0.30654703172105374,1.900367603229295,6.688352650461929,9.894393919410522e-05
final_reproduction_candidate,paper_exact_reconstructed_metadata,supplemental,9,0.75,min_variance,367,0.31655731113241026,1.597661298420632,4.941462294455695,6.513421561969535e-05
final_reproduction_candidate,paper_exact_reconstructed_metadata,supplemental,9,0.75,min_variance,368,0.3252457980134798,1.5226498584527672,4.58435701142254,5.5973455046780924e-05
final_reproduction_candidate,paper_exact_reconstructed_metadata,supplemental,9,0.75,min_variance,369,0.3273000075610875,2.1375390357786848,8.478546533642742,7.186379296469605e-05
final_reproduction_candidate,paper_exact_reconstructed_metadata,supplemental,9,0.75,min_variance,370,0.3305241608569125,2.0913130059128275,8.095537677905998,4.8745479729063286e-05
final_reproduction_candidate,paper_exact_reconstructed_metadata,supplemental,9,0.75,min_variance,371,0.3389507726159619,2.105395706104026,8.210351252985559,7.421734036953507e-05
final_reproduction_candidate,paper_exact_reconstructed_metadata,supplemental,9,0.75,min_variance,372,0.34051242601501885,2.1244709636175942,8.368469092224451,5.6032598561895254e-05
final_reproduction_candidate,paper_exact_reconstructed_metadata,supplemental,9,0.75,min_variance,373,0.341482058489106,1.7667553563262843,5.851835404096306,9.458191010480191e-05
final_reproduction_candidate,paper_exact_reconstructed_metadata,supplemental,9,0.75,min_variance,374,0.342371274425857,2.1806641180048514,8.852183201259402,7.16323777877316e-05
final_reproduction_candidate,paper_exact_reconstructed_metadata,supplemental,9,0.75,min_variance,375,0.34705153196047217,2.160076992491737,8.671805296659208,5.1322329485723916e-05
final_reproduction_candidate,paper_exact_reconstructed_metadata,supplemental,9,0.75,min_variance,376,0.34952807647701567,2.1085160134996417,8.23601008362181,7.176933399531163e-05
final_reproduction_candidate,paper_exact_reconstructed_metadata,supplemental,9,0.75,min_variance,377,0.35631660415272887,1.9310708512158703,6.896891833588243,5.338965502714637e-05
final_reproduction_candidate,paper_exact_reconstructed_metadata,supplemental,9,0.75,min_variance,378,0.36181290522587695,2.349726353645897,10.482700779357833,7.085728440931083e-05
final_reproduction_candidate,paper_exact_reconstructed_metadata,supplemental,9,0.75,min_variance,379,0.3632500950268562,1.6010545455995988,4.958258377961799,5.738500771018581e-05
final_reproduction_candidate,paper_exact_reconstructed_metadata,supplemental,9,0.75,min_variance,380,0.3641452853891176,2.306870273788234,10.04294375310104,5.0652989686186494e-05
final_reproduction_candidate,paper_exact_reconstructed_metadata,supplemental,9,0.75,min_variance,381,0.36790213534536004,1.5595680547185031,4.756766138634261,4.811689821874792e-05
final_reproduction_candidate,paper_exact_reconstructed_metadata,supplemental,9,0.75,min_variance,382,0.37016116058445775,2.4019019272938817,11.044161610530093,9.526886405642894e-05
final_reproduction_candidate,paper_exact_reconstructed_metadata,supplemental,9,0.75,min_variance,383,0.37379363615501365,2.186089120761706,8.900336818183382,5.746770904749842e-05
final_reproduction_candidate,paper_exact_reconstructed_metadata,supplemental,9,0.75,min_variance,384,0.37667590081524377,1.8088227888999528,6.103258378034564,5.94943279918566e-05
final_reproduction_candidate,paper_exact_reconstructed_metadata,supplemental,9,0.75,min_variance,385,0.38040178284083975,1.8315355116333194,6.243466216889112,6.299108517768115e-05
final_reproduction_candidate,paper_exact_reconstructed_metadata,supplemental,9,0.75,min_variance,386,0.3804723391336117,1.9193288998658684,6.816382458799474,7.83608553262936e-05
final_reproduction_candidate,paper_exact_reconstructed_metadata,supplemental,9,0.75,min_variance,387,0.3839055193330883,2.4077889793405047,11.109370921715144,6.132234004106312e-05
final_reproduction_candidate,paper_exact_reconstructed_metadata,supplemental,9,0.75,min_variance,388,0.3858338735692569,2.153323586717353,8.613438386244711,5.9356710352157276e-05
final_reproduction_candidate,paper_exact_reconstructed_metadata,supplemental,9,0.75,min_variance,389,0.38890219717381375,1.91265379716559,6.771033927277953,4.551946161888291e-05
final_reproduction_candidate,paper_exact_reconstructed_metadata,supplemental,9,0.75,min_variance,390,0.39370041554520674,1.6602973755538397,5.260875067491401,6.007207410412698e-05
final_reproduction_candidate,paper_exact_reconstructed_metadata,supplemental,9,0.75,min_variance,391,0.4027880670287468,1.7107062255503862,5.532867550608527,4.71833706042414e-05
final_reproduction_candidate,paper_exact_reconstructed_metadata,supplemental,9,0.75,min_variance,392,0.4048469045625008,2.024466964794862,7.572073686881173,5.565830361714863e-05
final_reproduction_candidate,paper_exact_reconstructed_metadata,supplemental,9,0.75,min_variance,393,0.40586865385437043,1.7147732536226794,5.5554156991534835,5.4004354925922596e-05
final_reproduction_candidate,paper_exact_reconstructed_metadata,supplemental,9,0.75,min_variance,394,0.4075482604173787,1.9845781382359706,7.275977281308238,5.627699611597568e-05
final_reproduction_candidate,paper_exact_reconstructed_metadata,supplemental,9,0.75,min_variance,395,0.41189121039098486,1.255153357883109,3.508376370261864,5.259930631369317e-05
final_reproduction_candidate,paper_exact_reconstructed_metadata,supplemental,9,0.75,min_variance,396,0.41227177276559024,1.8221718484372882,6.185277357655369,5.348334181285734e-05
final_reproduction_candidate,paper_exact_reconstructed_metadata,supplemental,9,0.75,min_variance,397,0.4124017801256674,2.123350238487728,8.35909559215394,4.6793449940804264e-05
final_reproduction_candidate,paper_exact_reconstructed_metadata,supplemental,9,0.75,min_variance,398,0.41460917929056496,2.1357097809512164,8.463051288163273,4.921949798349548e-05
final_reproduction_candidate,paper_exact_reconstructed_metadata,supplemental,9,0.75,min_variance,399,0.4189450258775895,1.458814984736409,4.300859922731721,3.716855725643011e-05
final_reproduction_candidate,paper_exact_reconstructed_metadata,supplemental,9,0.75,min_variance,400,0.44013158454709805,1.616221176054189,5.034031610302166,4.78006062570189e-05
final_reproduction_candidate,paper_exact_reconstructed_metadata,supplemental,9,0.75,min_variance,401,0.44599441678308743,1.8083433794751451,6.100333119700332,3.918943312816139e-05
final_reproduction_candidate,paper_exact_reconstructed_metadata,supplemental,9,0.75,min_variance,402,0.44602734531415944,2.0152169552573387,7.502354879983002,5.268492821912552e-05
final_reproduction_candidate,paper_exact_reconstructed_metadata,supplemental,9,0.75,min_variance,403,0.47243209931178115,0.9359220322277461,2.549563153719236,5.6599254709031154e-05
final_reproduction_candidate,paper_exact_reconstructed_metadata,supplemental,9,0.75,min_variance,404,0.473296466703744,1.8683338372873832,6.477494842831963,4.675968566102403e-05
final_reproduction_candidate,paper_exact_reconstructed_metadata,supplemental,9,0.75,min_variance,405,0.47455719694353465,1.4033626755032234,4.068859241416736,4.914159687192962e-05
final_reproduction_candidate,paper_exact_reconstructed_metadata,supplemental,9,0.75,min_variance,406,0.4750779039800984,1.640600456305967,5.158265895805119,5.407049555497416e-05
final_reproduction_candidate,paper_exact_reconstructed_metadata,supplemental,9,0.75,min_variance,407,0.4777781568650321,1.5967925365861564,4.937171204845103,4.544215243409719e-05
final_reproduction_candidate,paper_exact_reconstructed_metadata,supplemental,9,0.75,min_variance,408,0.4819931758782935,1.720624968514557,5.588019709580434,4.305226852173619e-05
final_reproduction_candidate,paper_exact_reconstructed_metadata,supplemental,9,0.75,min_variance,409,0.4820288852562416,1.8665751219596338,6.466112785199868,4.1890471964731084e-05
final_reproduction_candidate,paper_exact_reconstructed_metadata,supplemental,9,0.75,min_variance,410,0.48542245523078503,2.322384592714625,10.199968098778761,4.183050050433466e-05
final_reproduction_candidate,paper_exact_reconstructed_metadata,supplemental,9,0.75,min_variance,411,0.4939790466097057,0.7684749268372857,2.1564749626013793,4.82738525292374e-05
final_reproduction_candidate,paper_exact_reconstructed_metadata,supplemental,9,0.75,min_variance,412,0.4995265322276101,2.0791682324012366,7.997813824535833,4.454474529049329e-05
final_reproduction_candidate,paper_exact_reconstructed_metadata,supplemental,9,0.75,min_variance,413,0.5048579744936448,1.6290909252476065,5.099237023215976,4.005926282767503e-05
final_reproduction_candidate,paper_exact_reconstructed_metadata,supplemental,9,0.75,min_variance,414,0.5058668813327736,1.6086855200684942,4.996239453052778,4.352027165682437e-05
final_reproduction_candidate,paper_exact_reconstructed_metadata,supplemental,9,0.75,min_variance,415,0.5101620426848806,0.9747813286242866,2.650587539982372,6.176509260961591e-05
final_reproduction_candidate,paper_exact_reconstructed_metadata,supplemental,9,0.75,min_variance,416,0.5133707157580217,1.1034202366179788,3.0144585740328367,5.7591279232226254e-05
final_reproduction_candidate,paper_exact_reconstructed_metadata,supplemental,9,0.75,min_variance,417,0.5211464489491269,1.7473953225577232,5.739633295892744,3.695528099270465e-05
final_reproduction_candidate,paper_exact_reconstructed_metadata,supplemental,9,0.75,min_variance,418,0.5351047560278257,1.9488608959513567,7.020685732443643,4.2978908350022804e-05
final_reproduction_candidate,paper_exact_reconstructed_metadata,supplemental,9,0.75,min_variance,419,0.5414413841219988,0.6718144115760128,1.9577863301611227,4.257204987952897e-05
final_reproduction_candidate,paper_exact_reconstructed_metadata,supplemental,9,0.75,min_variance,420,0.54598962780476,1.8927261061257634,6.637438401350106,2.6290557234650733e-05
final_reproduction_candidate,paper_exact_reconstructed_metadata,supplemental,9,0.75,min_variance,421,0.5467047830770783,1.098304122963002,2.999075645319198,3.543507199659692e-05
final_reproduction_candidate,paper_exact_reconstructed_metadata,supplemental,9,0.75,min_variance,422,0.5467343512856072,1.622927201197769,5.067903398449301,3.271541315909126e-05
final_reproduction_candidate,paper_exact_reconstructed_metadata,supplemental,9,0.75,min_variance,423,0.5510769769105573,1.6301203739280754,5.104489128963757,4.268559380407188e-05
final_reproduction_candidate,paper_exact_reconstructed_metadata,supplemental,9,0.75,min_variance,424,0.553182288577728,1.8260260946238596,6.209162940212963,3.849154322518569e-05
final_reproduction_candidate,paper_exact_reconstructed_metadata,supplemental,9,0.75,min_variance,425,0.5556200128710772,1.5904839735102694,4.90612278730504,4.340052510058187e-05
final_reproduction_candidate,paper_exact_reconstructed_metadata,supplemental,9,0.75,min_variance,426,0.5557674661005244,1.1457780686767478,3.144887343476835,2.7421930798751864e-05
final_reproduction_candidate,paper_exact_reconstructed_metadata,supplemental,9,0.75,min_variance,427,0.558043082784652,0.9295672055001923,2.5334124933226536,3.679636056189446e-05
final_reproduction_candidate,paper_exact_reconstructed_metadata,supplemental,9,0.75,min_variance,428,0.5595211962419608,1.9078630325386798,6.738673075956395,3.333118300018946e-05
final_reproduction_candidate,paper_exact_reconstructed_metadata,supplemental,9,0.75,min_variance,429,0.5638848326225914,1.8222284162777864,6.185627255334758,3.435465509786459e-05
final_reproduction_candidate,paper_exact_reconstructed_metadata,supplemental,9,0.75,min_variance,430,0.5834057276966487,1.3174775198190856,3.733990570540043,4.2788885927942055e-05
final_reproduction_candidate,paper_exact_reconstructed_metadata,supplemental,9,0.75,min_variance,431,0.5889166602211572,1.6077180951438401,4.991408303740278,3.574201880600355e-05
final_reproduction_candidate,paper_exact_reconstructed_metadata,supplemental,9,0.75,min_variance,432,0.5959098106573013,0.913507454942458,2.4930514819813454,2.8595919191939296e-05
final_reproduction_candidate,paper_exact_reconstructed_metadata,supplemental,9,0.75,min_variance,433,0.5962684743629505,1.38458694365349,3.9931761573662294,1.9114147151133144e-05
final_reproduction_candidate,paper_exact_reconstructed_metadata,supplemental,9,0.75,min_variance,434,0.5981382012479066,1.2722758614925511,3.568965798381657,2.4362368452048583e-05
final_reproduction_candidate,paper_exact_reconstructed_metadata,supplemental,9,0.75,min_variance,435,0.6003539902190224,1.5396597916107815,4.6630036081589745,3.165928181442879e-05
final_reproduction_candidate,paper_exact_reconstructed_metadata,supplemental,9,0.75,min_variance,436,0.6050305762422038,1.1513873727987107,3.1625775414818964,2.705765210537796e-05
final_reproduction_candidate,paper_exact_reconstructed_metadata,supplemental,9,0.75,min_variance,437,0.6106499187975721,1.7786637242418353,5.921937787125532,2.1738828428485453e-05
final_reproduction_candidate,paper_exact_reconstructed_metadata,supplemental,9,0.75,min_variance,438,0.6153999781933617,2.1786103287840763,8.83402133952223,1.5884555531646132e-05
final_reproduction_candidate,paper_exact_reconstructed_metadata,supplemental,9,0.75,min_variance,439,0.6333646195584888,1.7095498904118742,5.526473399046566,2.170357761240872e-05
final_reproduction_candidate,paper_exact_reconstructed_metadata,supplemental,9,0.75,min_variance,440,0.6357105807408385,1.5338558361066588,4.6360181297122045,2.055379349088437e-05
final_reproduction_candidate,paper_exact_reconstructed_metadata,supplemental,9,0.75,min_variance,441,0.6365312396859204,1.6930943488664634,5.436276441640475,1.92344482440205e-05
final_reproduction_candidate,paper_exact_reconstructed_metadata,supplemental,9,0.75,min_variance,442,0.6366397982655468,1.5225619294792325,4.583953931337678,2.0403079739112737e-05
final_reproduction_candidate,paper_exact_reconstructed_metadata,supplemental,9,0.75,min_variance,443,0.6369382097650993,1.5970191898089239,4.938290357435016,3.758428450034418e-05
final_reproduction_candidate,paper_exact_reconstructed_metadata,supplemental,9,0.75,min_variance,444,0.6471444996181887,2.1629821896698687,8.697035232159669,2.4794741550446625e-05
final_reproduction_candidate,paper_exact_reconstructed_metadata,supplemental,9,0.75,min_variance,445,0.648222995100383,1.9518222435143873,7.041507237668779,2.8734370275804273e-05
final_reproduction_candidate,paper_exact_reconstructed_metadata,supplemental,9,0.75,min_variance,446,0.6562159812304836,1.7793958710868685,5.9262751027750955,2.3406118977255524e-05
final_reproduction_candidate,paper_exact_reconstructed_metadata,supplemental,9,0.75,min_variance,447,0.6642842205867958,0.9651540487367796,2.6251920328434046,2.4035275173769614e-05
final_reproduction_candidate,paper_exact_reconstructed_metadata,supplemental,9,0.75,min_variance,448,0.6858590568817055,1.7879585174347083,5.977237576082425,4.221934168485597e-05
final_reproduction_candidate,paper_exact_reconstructed_metadata,supplemental,9,0.75,min_variance,449,0.6982316086812718,1.7549544421960692,5.783184266780223,3.435011869636304e-05
final_reproduction_candidate,paper_exact_reconstructed_metadata,supplemental,9,0.75,min_variance,450,0.7053763414114053,1.502884412595699,4.494634772139714,3.862683974382941e-05
final_reproduction_candidate,paper_exact_reconstructed_metadata,supplemental,9,0.75,min_variance,451,0.7074246702039021,1.7129747764699779,5.545433390112832,2.767549606631438e-05
final_reproduction_candidate,paper_exact_reconstructed_metadata,supplemental,9,0.75,min_variance,452,0.7216607218765545,1.3288528770164956,3.776708552567051,3.527694330002257e-05
final_reproduction_candidate,paper_exact_reconstructed_metadata,supplemental,9,0.75,min_variance,453,0.7280233747528002,1.321409674969136,3.748702105856294,2.096254291616824e-05
final_reproduction_candidate,paper_exact_reconstructed_metadata,supplemental,9,0.75,min_variance,454,0.7422648864702968,0.9932240933623419,2.6999252659848683,2.4731791487431958e-05
final_reproduction_candidate,paper_exact_reconstructed_metadata,supplemental,9,0.75,min_variance,455,0.7477639041125042,1.3317683830390947,3.7877356360508054,1.5161251555809047e-05
final_reproduction_candidate,paper_exact_reconstructed_metadata,supplemental,9,0.75,min_variance,456,0.7551144709734742,1.2145179371627275,3.368669762341783,1.2394783394635898e-05
final_reproduction_candidate,paper_exact_reconstructed_metadata,supplemental,9,0.75,min_variance,457,0.7580095592943806,0.7433667017232618,2.103003795924102,3.137421818638225e-05
final_reproduction_candidate,paper_exact_reconstructed_metadata,supplemental,9,0.75,min_variance,458,0.7769708934487585,0.991050863123026,2.694064077915344,2.8656318935260256e-05
final_reproduction_candidate,paper_exact_reconstructed_metadata,supplemental,9,0.75,min_variance,459,0.7787287934317779,0.839657516409841,2.3155737949363937,2.357626082152624e-05
final_reproduction_candidate,paper_exact_reconstructed_metadata,supplemental,9,0.75,min_variance,460,0.7817304735090881,1.5981122108605585,4.943690963705276,2.6144576194623693e-05
final_reproduction_candidate,paper_exact_reconstructed_metadata,supplemental,9,0.75,min_variance,461,0.7856068954174158,1.5297694710647576,4.617112321617993,1.9824118453466506e-05
final_reproduction_candidate,paper_exact_reconstructed_metadata,supplemental,9,0.75,min_variance,462,0.7913154400170243,1.4687328850387362,4.343727650194379,2.093367210182668e-05
final_reproduction_candidate,paper_exact_reconstructed_metadata,supplemental,9,0.75,min_variance,463,0.7914496515222231,1.7239065412051995,5.606387323300984,2.0045431011752122e-05
final_reproduction_candidate,paper_exact_reconstructed_metadata,supplemental,9,0.75,min_variance,464,0.7951181892872965,2.2697541429889316,9.67702135803472,1.542028365765093e-05
final_reproduction_candidate,paper_exact_reconstructed_metadata,supplemental,9,0.75,min_variance,465,0.7962391963268108,1.4917236540634726,4.444750131782078,3.700631068902334e-05
final_reproduction_candidate,paper_exact_reconstructed_metadata,supplemental,9,0.75,min_variance,466,0.7984449286271915,2.003370729754795,7.414004633946099,1.7504839010235955e-05
final_reproduction_candidate,paper_exact_reconstructed_metadata,supplemental,9,0.75,min_variance,467,0.7984551910300264,1.8775168304334238,6.537251586534332,1.1782950750465725e-05
final_reproduction_candidate,paper_exact_reconstructed_metadata,supplemental,9,0.75,min_variance,468,0.7996112777278869,1.888379263669194,6.608649118873141,1.7077556780899356e-05
final_reproduction_candidate,paper_exact_reconstructed_metadata,supplemental,9,0.75,min_variance,469,0.8389006057655687,1.461759475857073,4.313542429186108,2.6755887310205065e-05
final_reproduction_candidate,paper_exact_reconstructed_metadata,supplemental,9,0.75,min_variance,470,0.8420903639072581,1.4574463846477468,4.294977791520931,2.4048091545206546e-05
final_reproduction_candidate,paper_exact_reconstructed_metadata,supplemental,9,0.75,min_variance,471,0.8539889885625637,0.797493637144493,2.2199698998019377,1.6738852066248895e-05
final_reproduction_candidate,paper_exact_reconstructed_metadata,supplemental,9,0.75,min_variance,472,0.8570098432764763,1.5341899846180658,4.637567507115764,2.1744811502085863e-05
final_reproduction_candidate,paper_exact_reconstructed_metadata,supplemental,9,0.75,min_variance,473,0.8594195165526819,0.9395926025486218,2.5589387008385147,2.6603791373744807e-05
final_reproduction_candidate,paper_exact_reconstructed_metadata,supplemental,9,0.75,min_variance,474,0.8843865637413586,0.8789376431797155,2.4083398306625656,2.6493054667457032e-05
final_reproduction_candidate,paper_exact_reconstructed_metadata,supplemental,9,0.75,min_variance,475,0.8894168808509603,1.3871333742503567,4.003357460801758,2.6584006862231735e-05
final_reproduction_candidate,paper_exact_reconstructed_metadata,supplemental,9,0.75,min_variance,476,0.9002843732941533,1.2499312720986067,3.490103081758403,2.3115858248936415e-05
final_reproduction_candidate,paper_exact_reconstructed_metadata,supplemental,9,0.75,min_variance,477,0.9047123761553166,1.1055948066953472,3.0210208579345483,1.6597088546902768e-05
final_reproduction_candidate,paper_exact_reconstructed_metadata,supplemental,9,0.75,min_variance,478,0.9159822904824809,1.1202839566239446,3.0657246125188355,1.620096298061428e-05
final_reproduction_candidate,paper_exact_reconstructed_metadata,supplemental,9,0.75,min_variance,479,0.9162511540539412,1.473317871645365,4.363689310295809,1.959213650439428e-05
final_reproduction_candidate,paper_exact_reconstructed_metadata,supplemental,9,0.75,min_variance,480,0.9389789729447112,1.0533886253476796,2.8673510525166868,1.2785140108238e-05
final_reproduction_candidate,paper_exact_reconstructed_metadata,supplemental,9,0.75,min_variance,481,0.9633220839874101,1.0138122582875044,2.7560879319578033,1.7797483569796523e-05
final_reproduction_candidate,paper_exact_reconstructed_metadata,supplemental,9,0.75,min_variance,482,0.9759565705886649,0.9103383664402481,2.4851632869902467,9.557408301649254e-06
final_reproduction_candidate,paper_exact_reconstructed_metadata,supplemental,9,0.75,min_variance,483,0.9799411090481807,1.0307626262977994,2.803202815921955,9.863176581453915e-06
final_reproduction_candidate,paper_exact_reconstructed_metadata,supplemental,9,0.75,min_variance,484,0.9912763096042535,0.9363114967162722,2.550556311416138,5.520466827341013e-06
final_reproduction_candidate,paper_exact_reconstructed_metadata,supplemental,9,0.75,min_variance,485,0.9936090844855021,0.9332144354250499,2.542669301773312,5.598392887883623e-06
final_reproduction_candidate,paper_exact_reconstructed_metadata,supplemental,9,0.75,min_variance,486,0.9938928493670909,0.9881869420373534,2.686359528872765,5.726765250952342e-06
final_reproduction_candidate,paper_exact_reconstructed_metadata,supplemental,9,0.75,min_variance,487,1.0002020629691915,0.9330058091642438,2.5421388895153036,5.876852627845191e-06
final_reproduction_candidate,paper_exact_reconstructed_metadata,supplemental,9,0.75,min_variance,488,1.0020845021947062,1.097190690287973,2.9957382348365478,9.06783731219134e-06
final_reproduction_candidate,paper_exact_reconstructed_metadata,supplemental,9,0.75,min_variance,489,1.0041224853072825,1.1197473353404408,3.064079920770163,7.085487383411746e-06
final_reproduction_candidate,paper_exact_reconstructed_metadata,supplemental,9,0.75,min_variance,490,1.0138398865129739,0.8734962740679071,2.3952707537791924,6.420607775403188e-06
final_reproduction_candidate,paper_exact_reconstructed_metadata,supplemental,9,0.75,min_variance,491,1.0234141103823646,1.367314640833654,3.9247970419247498,9.261720221355804e-06
final_reproduction_candidate,paper_exact_reconstructed_metadata,supplemental,9,0.75,min_variance,492,1.0312544816542955,1.189535107866189,3.285553424341283,1.0674639834112723e-05
final_reproduction_candidate,paper_exact_reconstructed_metadata,supplemental,9,0.75,min_variance,493,1.1692158881923087,0.49045531922906904,1.6330596141462377,2.7374249442517332e-06
final_reproduction_candidate,paper_exact_reconstructed_metadata,supplemental,9,0.75,min_variance,494,1.1710335048399634,0.3752108404383776,1.455298217988037,2.8835401520972783e-06
final_reproduction_candidate,paper_exact_reconstructed_metadata,supplemental,9,0.75,min_variance,495,1.179558484262551,0.5445314020931054,1.7238004238168703,2.966933904908279e-06
final_reproduction_candidate,paper_exact_reconstructed_metadata,supplemental,9,0.75,min_variance,496,1.1818743277101667,0.662769348268694,1.9401578742987458,2.484506193045602e-06
final_reproduction_candidate,paper_exact_reconstructed_metadata,supplemental,9,0.75,min_variance,497,1.198641508481619,0.7374271411893254,2.0905498995236416,2.841183684094984e-06
final_reproduction_candidate,paper_exact_reconstructed_metadata,supplemental,9,0.75,min_variance,498,1.2062260916447205,0.7639564950745238,2.1467530580562832,2.2686657869428148e-06
final_reproduction_candidate,paper_exact_reconstructed_metadata,supplemental,9,0.75,min_variance,499,1.2221788632405455,0.8338836796336417,2.3022425729864073,2.5398342372072395e-06
final_reproduction_candidate,paper_exact_reconstructed_metadata,supplemental,9,0.75,min_variance,500,1.227620202998631,1.1625421498279311,3.1980528806981083,2.507413718071937e-06
final_reproduction_candidate,paper_exact_reconstructed_metadata,supplemental,9,0.75,min_variance,501,1.2343513391401715,0.8312117366957634,2.296099323063721,2.290097970531621e-06
final_reproduction_candidate,paper_exact_reconstructed_metadata,supplemental,9,0.75,min_variance,502,1.409577703011384,0.36210019851056047,1.4363428541649788,2.5517366396784053e-06
final_reproduction_candidate,paper_exact_reconstructed_metadata,supplemental,9,0.75,min_variance,503,1.4268535214303415,0.383647081008454,1.4676273966926028,2.0024348841062514e-06
final_reproduction_candidate,paper_exact_reconstructed_metadata,supplemental,9,0.75,min_variance,504,1.4445573885963359,0.34043732311902297,1.405562140994724,2.584891896141289e-06
final_reproduction_candidate,paper_exact_reconstructed_metadata,supplemental,9,0.75,min_variance,505,1.4817246552715686,0.3635447128864541,1.438419171340496,1.4252180512489121e-06
final_reproduction_candidate,paper_exact_reconstructed_metadata,supplemental,9,0.75,min_variance,506,1.5039018664630124,0.3681570536290355,1.4450689744795389,2.177820911118827e-06
final_reproduction_candidate,paper_exact_reconstructed_metadata,supplemental,9,0.75,min_variance,507,1.5394448120279767,0.37208553704816705,1.4507570694633447,1.092058161303947e-06
final_reproduction_candidate,paper_exact_reconstructed_metadata,supplemental,9,0.75,min_variance,508,1.555722935934091,0.4075267449597139,1.5030956452290023,1.6506081089584513e-06
final_reproduction_candidate,paper_exact_reconstructed_metadata,supplemental,9,0.75,min_variance,509,1.575934220520512,0.8434193450168214,2.3243009914967976,1.3110899188924658e-06
final_reproduction_candidate,paper_exact_reconstructed_metadata,supplemental,9,0.75,min_variance,510,1.5821849774759547,0.42537076531051005,1.5301576438773115,1.224758215953256e-06
final_reproduction_candidate,paper_exact_reconstructed_metadata,supplemental,9,0.75,min_variance,511,2.111975117979869,0.32903550729030634,1.3896271966079101,1.3052680139400734e-07
final_reproduction_candidate,paper_exact_reconstructed_metadata,supplemental,9,1.75,eigen,0,-1.2491871529656102,1.5901126180483114,4.904301210058201,0.19853539670691006
final_reproduction_candidate,paper_exact_reconstructed_metadata,supplemental,9,1.75,eigen,1,-1.2084655298339986,2.0058649044450787,7.432519536760439,0.16279229563176947
final_reproduction_candidate,paper_exact_reconstructed_metadata,supplemental,9,1.75,eigen,2,-1.208465529833997,2.005864904445081,7.432519536760456,0.16279229563176628
final_reproduction_candidate,paper_exact_reconstructed_metadata,supplemental,9,1.75,eigen,3,-1.120887449248052,1.9988302722025468,7.380417967730818,0.1000955674147038
final_reproduction_candidate,paper_exact_reconstructed_metadata,supplemental,9,1.75,eigen,4,-1.1208874492480525,1.9988302722025446,7.380417967730802,0.10009556741470363
final_reproduction_candidate,paper_exact_reconstructed_metadata,supplemental,9,1.75,eigen,5,-1.031398949921015,2.51650321521507,12.385212432732205,0.055205888542322994
final_reproduction_candidate,paper_exact_reconstructed_metadata,supplemental,9,1.75,eigen,6,-1.0313989499210168,2.516503215215069,12.385212432732192,0.055205888542322994
final_reproduction_candidate,paper_exact_reconstructed_metadata,supplemental,9,1.75,eigen,7,-0.9492051626786844,2.569512117826143,13.059451412872889,0.030259470565842807
final_reproduction_candidate,paper_exact_reconstructed_metadata,supplemental,9,1.75,eigen,8,-0.9492051626786822,2.5695121178261213,13.059451412872605,0.030259470565842377
final_reproduction_candidate,paper_exact_reconstructed_metadata,supplemental,9,1.75,eigen,9,-0.8811597088443147,2.783456254355228,16.174828771842982,0.01756789394669467
final_reproduction_candidate,paper_exact_reconstructed_metadata,supplemental,9,1.75,eigen,10,-0.8811597088443128,2.7834562543552233,16.174828771842904,0.017567893946694547
final_reproduction_candidate,paper_exact_reconstructed_metadata,supplemental,9,1.75,eigen,11,-0.8251650582986151,3.122970705549347,22.71375539606574,0.011144015315555608
final_reproduction_candidate,paper_exact_reconstructed_metadata,supplemental,9,1.75,eigen,12,-0.8251650582986145,3.122970705549348,22.71375539606576,0.011144015315555568
final_reproduction_candidate,paper_exact_reconstructed_metadata,supplemental,9,1.75,eigen,13,-0.7858600402144443,3.1451056822759513,23.222129511107088,0.007945428588353646
final_reproduction_candidate,paper_exact_reconstructed_metadata,supplemental,9,1.75,eigen,14,-0.7858600402144443,3.1451056822759567,23.222129511107212,0.00794542858835356
final_reproduction_candidate,paper_exact_reconstructed_metadata,supplemental,9,1.75,eigen,15,-0.7604995751993388,3.2419812157455494,25.58435970471534,0.0064353350134643056
final_reproduction_candidate,paper_exact_reconstructed_metadata,supplemental,9,1.75,eigen,16,-0.7604995751993386,3.241981215745538,25.584359704715045,0.006435335013464271
final_reproduction_candidate,paper_exact_reconstructed_metadata,supplemental,9,1.75,eigen,17,-0.7531748199286921,2.5525469617864247,12.839764561814548,0.006002394886443703
final_reproduction_candidate,paper_exact_reconstructed_metadata,supplemental,9,1.75,eigen,18,-1.045047296086003,2.134694830663043,8.45446606934167,0.0015239160986460012
final_reproduction_candidate,paper_exact_reconstructed_metadata,supplemental,9,1.75,eigen,19,-1.0006319302872326,2.699579379287473,14.873474317602314,0.0011181804947953387
final_reproduction_candidate,paper_exact_reconstructed_metadata,supplemental,9,1.75,eigen,20,-1.000631930287231,2.6995793792874716,14.873474317602295,0.0011181804947953328
final_reproduction_candidate,paper_exact_reconstructed_metadata,supplemental,9,1.75,eigen,21,-0.8733650095166358,2.756827529585233,15.749797839236495,0.0004606886750613325
final_reproduction_candidate,paper_exact_reconstructed_metadata,supplemental,9,1.75,eigen,22,-0.873365009516635,3.140529042541223,23.116093020952004,0.00046068867506133176
final_reproduction_candidate,paper_exact_reconstructed_metadata,supplemental,9,1.75,eigen,23,-0.8733650095166356,3.1820428645118364,24.09592802280984,0.00046068867506133176
final_reproduction_candidate,paper_exact_reconstructed_metadata,supplemental,9,1.75,eigen,24,-0.8733650095166342,3.1082788034051205,22.38248656779455,0.0004606886750613285
final_reproduction_candidate,paper_exact_reconstructed_metadata,supplemental,9,1.75,eigen,25,-0.8235653503742495,3.1091188278168747,22.401296302119185,0.00037919575693865664
final_reproduction_candidate,paper_exact_reconstructed_metadata,supplemental,9,1.75,eigen,26,-0.8235653503742477,3.1091188278168804,22.401296302119317,0.000379195756938656
final_reproduction_candidate,paper_exact_reconstructed_metadata,supplemental,9,1.75,eigen,27,-0.8503926892105285,3.056377035771338,21.250427987829287,0.000355832989279163
final_reproduction_candidate,paper_exact_reconstructed_metadata,supplemental,9,1.75,eigen,28,-0.8503926892105287,3.05637703577132,21.25042798782891,0.0003558329892791617
final_reproduction_candidate,paper_exact_reconstructed_metadata,supplemental,9,1.75,eigen,29,-0.7450653057990785,3.2686242070598994,26.275165278070467,0.0002322653546756002
final_reproduction_candidate,paper_exact_reconstructed_metadata,supplemental,9,1.75,eigen,30,-0.7450653057990775,3.2686242070599643,26.27516527807217,0.00023226535467559936
final_reproduction_candidate,paper_exact_reconstructed_metadata,supplemental,9,1.75,eigen,31,-0.7493249051365667,3.504415457365531,33.2619951143974,0.00016966330059924525
final_reproduction_candidate,paper_exact_reconstructed_metadata,supplemental,9,1.75,eigen,32,-0.7493249051365666,3.3646950314159096,28.924674836701392,0.00016966330059924495
final_reproduction_candidate,paper_exact_reconstructed_metadata,supplemental,9,1.75,eigen,33,-0.7493249051365651,3.2566154481166283,25.96152016555517,0.00016966330059924465
final_reproduction_candidate,paper_exact_reconstructed_metadata,supplemental,9,1.75,eigen,34,-0.7493249051365665,3.6417943534185695,38.16024830176437,0.00016966330059924346
final_reproduction_candidate,paper_exact_reconstructed_metadata,supplemental,9,1.75,eigen,35,-0.7550930205806606,3.1650287801333095,23.68942580785303,0.0001609325292079164
final_reproduction_candidate,paper_exact_reconstructed_metadata,supplemental,9,1.75,eigen,36,-0.7550930205806594,3.1650287801332904,23.68942580785258,0.00016093252920791569
final_reproduction_candidate,paper_exact_reconstructed_metadata,supplemental,9,1.75,eigen,37,-0.7016827229472656,2.687530467042511,14.695340445530674,0.00013926885838290887
final_reproduction_candidate,paper_exact_reconstructed_metadata,supplemental,9,1.75,eigen,38,-0.7224078002949066,2.9549262092179593,19.200305861973302,0.00012157690169111553
final_reproduction_candidate,paper_exact_reconstructed_metadata,supplemental,9,1.75,eigen,39,-0.6733261092975469,4.020951003898347,55.75410299184014,0.0001206695702004312
final_reproduction_candidate,paper_exact_reconstructed_metadata,supplemental,9,1.75,eigen,40,-0.6733261092975472,3.8038165816114833,44.872116191951676,0.00012066957020043046
final_reproduction_candidate,paper_exact_reconstructed_metadata,supplemental,9,1.75,eigen,41,-0.6733261092975453,3.843354315816354,46.68179760662984,0.00012066957020043046
final_reproduction_candidate,paper_exact_reconstructed_metadata,supplemental,9,1.75,eigen,42,-0.6733261092975463,3.8762627095634317,48.243577473296725,0.00012066957020043013
final_reproduction_candidate,paper_exact_reconstructed_metadata,supplemental,9,1.75,eigen,43,-0.673326109297546,4.182070847305806,65.50135616957078,0.00012066957020042992
final_reproduction_candidate,paper_exact_reconstructed_metadata,supplemental,9,1.75,eigen,44,-0.6733261092975441,3.9387912242837673,51.35648529363589,0.00012066957020042992
final_reproduction_candidate,paper_exact_reconstructed_metadata,supplemental,9,1.75,eigen,45,-0.6733261092975448,4.1369847073408,62.613737777275034,0.0001206695702004297
final_reproduction_candidate,paper_exact_reconstructed_metadata,supplemental,9,1.75,eigen,46,-0.6733261092975453,4.077283697864732,58.985030882839155,0.00012066957020042874
final_reproduction_candidate,paper_exact_reconstructed_metadata,supplemental,9,1.75,eigen,47,-0.6846594220372905,3.900841339770665,49.44403084046177,9.797547364477959e-05
final_reproduction_candidate,paper_exact_reconstructed_metadata,supplemental,9,1.75,eigen,48,-0.6846594220372899,3.9675417829005246,52.85444331715261,9.797547364477959e-05
final_reproduction_candidate,paper_exact_reconstructed_metadata,supplemental,9,1.75,eigen,49,-0.6846594220372895,3.4743056151500604,32.2754091985141,9.797547364477925e-05
final_reproduction_candidate,paper_exact_reconstructed_metadata,supplemental,9,1.75,eigen,50,-0.6846594220372905,3.662241302753394,38.948540587848946,9.797547364477907e-05
final_reproduction_candidate,paper_exact_reconstructed_metadata,supplemental,9,1.75,eigen,51,-0.6210252014190079,3.4438560506629297,31.307448818756207,8.553912614385504e-05
final_reproduction_candidate,paper_exact_reconstructed_metadata,supplemental,9,1.75,eigen,52,-0.6210252014190087,3.4438560506629305,31.30744881875623,8.553912614385497e-05
final_reproduction_candidate,paper_exact_reconstructed_metadata,supplemental,9,1.75,eigen,53,-0.5733830192297081,3.1732521188483864,23.885035158900205,7.021516381592398e-05
final_reproduction_candidate,paper_exact_reconstructed_metadata,supplemental,9,1.75,eigen,54,-0.5733830192297082,3.173252118848389,23.88503515890027,7.021516381592398e-05
final_reproduction_candidate,paper_exact_reconstructed_metadata,supplemental,9,1.75,eigen,55,-0.5780264406676772,4.2869147888149906,72.74169844472081,5.457520723451517e-05
final_reproduction_candidate,paper_exact_reconstructed_metadata,supplemental,9,1.75,eigen,56,-0.5780264406676775,4.084499563692889,59.412198289402,5.4575207234515076e-05
final_reproduction_candidate,paper_exact_reconstructed_metadata,supplemental,9,1.75,eigen,57,-0.5780264406676772,4.064907679136078,58.25952970415324,5.4575207234515076e-05
final_reproduction_candidate,paper_exact_reconstructed_metadata,supplemental,9,1.75,eigen,58,-0.5780264406676785,4.44372670250752,85.09146208391398,5.457520723451498e-05
final_reproduction_candidate,paper_exact_reconstructed_metadata,supplemental,9,1.75,eigen,59,-0.5780264406676772,4.006947136152041,54.97877139848105,5.457520723451488e-05
final_reproduction_candidate,paper_exact_reconstructed_metadata,supplemental,9,1.75,eigen,60,-0.5780264406676769,4.389834281981819,80.6270565172893,5.457520723451488e-05
final_reproduction_candidate,paper_exact_reconstructed_metadata,supplemental,9,1.75,eigen,61,-0.5780264406676774,4.471948957121753,87.52714353809439,5.4575207234514785e-05
final_reproduction_candidate,paper_exact_reconstructed_metadata,supplemental,9,1.75,eigen,62,-0.5780264406676766,4.347359406355658,77.27414366927344,5.4575207234514595e-05
final_reproduction_candidate,paper_exact_reconstructed_metadata,supplemental,9,1.75,eigen,63,-0.5776426185671977,3.3444248238842316,28.344268031231437,5.129019978793146e-05
final_reproduction_candidate,paper_exact_reconstructed_metadata,supplemental,9,1.75,eigen,64,-0.5776426185671952,4.071801279290673,58.66253509016616,5.1290199787931274e-05
final_reproduction_candidate,paper_exact_reconstructed_metadata,supplemental,9,1.75,eigen,65,-0.5776426185671962,3.709224390352543,40.82213220555509,5.129019978793109e-05
final_reproduction_candidate,paper_exact_reconstructed_metadata,supplemental,9,1.75,eigen,66,-0.5776426185671941,4.021660505058376,55.79367462899049,5.1290199787931e-05
final_reproduction_candidate,paper_exact_reconstructed_metadata,supplemental,9,1.75,eigen,67,-0.5563597183197326,3.663173094064977,38.984849413064424,4.93962829292149e-05
final_reproduction_candidate,paper_exact_reconstructed_metadata,supplemental,9,1.75,eigen,68,-0.5563597183197334,3.6631730940649785,38.98484941306448,4.93962829292149e-05
final_reproduction_candidate,paper_exact_reconstructed_metadata,supplemental,9,1.75,eigen,69,-0.5453412203819243,3.7142111186911144,41.026209505185285,4.122898358324272e-05
final_reproduction_candidate,paper_exact_reconstructed_metadata,supplemental,9,1.75,eigen,70,-0.5453412203819251,3.811511892434039,45.21875310210953,4.122898358324272e-05
final_reproduction_candidate,paper_exact_reconstructed_metadata,supplemental,9,1.75,eigen,71,-0.5453412203819248,3.9453154233416554,51.692640606317305,4.122898358324264e-05
final_reproduction_candidate,paper_exact_reconstructed_metadata,supplemental,9,1.75,eigen,72,-0.5453412203819247,3.444013586993526,31.312381267873217,4.12289835832425e-05
final_reproduction_candidate,paper_exact_reconstructed_metadata,supplemental,9,1.75,eigen,73,-0.4962595293845628,3.502990572688491,33.21463435705286,4.0921290636526046e-05
final_reproduction_candidate,paper_exact_reconstructed_metadata,supplemental,9,1.75,eigen,74,-0.49625952938456336,3.502990572688537,33.21463435705439,4.0921290636526046e-05
final_reproduction_candidate,paper_exact_reconstructed_metadata,supplemental,9,1.75,eigen,75,-0.5230868682208437,3.7076769133383425,40.75900974716959,3.840007411979578e-05
final_reproduction_candidate,paper_exact_reconstructed_metadata,supplemental,9,1.75,eigen,76,-0.5230868682208446,3.7076769133383447,40.759009747169685,3.840007411979572e-05
final_reproduction_candidate,paper_exact_reconstructed_metadata,supplemental,9,1.75,eigen,77,-0.512977135467921,4.257015446477251,70.59896232727652,2.9618553923029895e-05
final_reproduction_candidate,paper_exact_reconstructed_metadata,supplemental,9,1.75,eigen,78,-0.5129771354679213,4.0293571325573065,56.22475456221381,2.9618553923029895e-05
final_reproduction_candidate,paper_exact_reconstructed_metadata,supplemental,9,1.75,eigen,79,-0.5129771354679215,4.2049703713533075,67.01861196611227,2.9618553923029895e-05
final_reproduction_candidate,paper_exact_reconstructed_metadata,supplemental,9,1.75,eigen,80,-0.5129771354679211,4.120766166337091,61.60642495617537,2.9618553923029685e-05
final_reproduction_candidate,paper_exact_reconstructed_metadata,supplemental,9,1.75,eigen,81,-0.4493429148496394,4.478860686076675,88.13420292871062,2.585897394491054e-05
final_reproduction_candidate,paper_exact_reconstructed_metadata,supplemental,9,1.75,eigen,82,-0.44934291484964006,4.310433254888647,74.47274763370581,2.585897394491054e-05
final_reproduction_candidate,paper_exact_reconstructed_metadata,supplemental,9,1.75,eigen,83,-0.44934291484963906,4.425532474415626,83.5572874965172,2.585897394491054e-05
final_reproduction_candidate,paper_exact_reconstructed_metadata,supplemental,9,1.75,eigen,84,-0.449342914849638,3.891200588237983,48.96964362328515,2.585897394491054e-05
final_reproduction_candidate,paper_exact_reconstructed_metadata,supplemental,9,1.75,eigen,85,-0.4493429148496382,4.563830742025389,95.95033770349698,2.585897394491054e-05
final_reproduction_candidate,paper_exact_reconstructed_metadata,supplemental,9,1.75,eigen,86,-0.44934291484963906,3.8759108419137753,48.226605105268916,2.5858973944910447e-05
final_reproduction_candidate,paper_exact_reconstructed_metadata,supplemental,9,1.75,eigen,87,-0.4493429148496393,4.371236904327335,79.14146160030296,2.5858973944910447e-05
final_reproduction_candidate,paper_exact_reconstructed_metadata,supplemental,9,1.75,eigen,88,-0.44934291484963956,4.108007007558623,60.825372182564315,2.5858973944910356e-05
final_reproduction_candidate,paper_exact_reconstructed_metadata,supplemental,9,1.75,eigen,89,-0.4536025141871277,2.7075308885203255,14.992212333563332,1.8889252233640436e-05
final_reproduction_candidate,paper_exact_reconstructed_metadata,supplemental,9,1.75,eigen,90,-0.4009598607546941,3.5823757118926336,35.95886736015801,1.8507465577964423e-05
final_reproduction_candidate,paper_exact_reconstructed_metadata,supplemental,9,1.75,eigen,91,-0.4009598607546944,3.5823757118926256,35.958867360157726,1.8507465577964423e-05
final_reproduction_candidate,paper_exact_reconstructed_metadata,supplemental,9,1.75,eigen,92,-0.42778719959097494,4.50341117367118,90.32471968921502,1.7367195386771434e-05
final_reproduction_candidate,paper_exact_reconstructed_metadata,supplemental,9,1.75,eigen,93,-0.42778719959097455,5.02630704925328,152.36928017108247,1.736719538677137e-05
final_reproduction_candidate,paper_exact_reconstructed_metadata,supplemental,9,1.75,eigen,94,-0.42778719959097516,4.855891521283308,128.49519636761005,1.7367195386771342e-05
final_reproduction_candidate,paper_exact_reconstructed_metadata,supplemental,9,1.75,eigen,95,-0.4277871995909748,4.613500157346765,100.83647621049704,1.7367195386771342e-05
final_reproduction_candidate,paper_exact_reconstructed_metadata,supplemental,9,1.75,eigen,96,-0.427787199590975,4.7025303331174335,110.22572769390113,1.736719538677131e-05
final_reproduction_candidate,paper_exact_reconstructed_metadata,supplemental,9,1.75,eigen,97,-0.42778719959097455,4.547013790519216,94.35023764008365,1.736719538677131e-05
final_reproduction_candidate,paper_exact_reconstructed_metadata,supplemental,9,1.75,eigen,98,-0.42778719959097466,4.983769654892495,146.02380478531933,1.7367195386771278e-05
final_reproduction_candidate,paper_exact_reconstructed_metadata,supplemental,9,1.75,eigen,99,-0.4277871995909741,4.8310916714497685,125.34772452273278,1.7367195386771278e-05
final_reproduction_candidate,paper_exact_reconstructed_metadata,supplemental,9,1.75,eigen,100,-0.38467743175036373,4.759319437981823,116.66650008620746,1.4932782819102537e-05
final_reproduction_candidate,paper_exact_reconstructed_metadata,supplemental,9,1.75,eigen,101,-0.3846774317503635,4.7149646146007695,111.60486192124037,1.493278281910251e-05
final_reproduction_candidate,paper_exact_reconstructed_metadata,supplemental,9,1.75,eigen,102,-0.38467743175036406,4.6892549244197435,108.77210616805323,1.4932782819102483e-05
final_reproduction_candidate,paper_exact_reconstructed_metadata,supplemental,9,1.75,eigen,103,-0.3846774317503629,4.661043380817549,105.74635833844489,1.4932782819102483e-05
final_reproduction_candidate,paper_exact_reconstructed_metadata,supplemental,9,1.75,eigen,104,-0.3846774317503645,4.778776534354601,118.95871906972978,1.4932782819102483e-05
final_reproduction_candidate,paper_exact_reconstructed_metadata,supplemental,9,1.75,eigen,105,-0.3846774317503632,4.549253469231735,94.56178867358922,1.4932782819102455e-05
final_reproduction_candidate,paper_exact_reconstructed_metadata,supplemental,9,1.75,eigen,106,-0.384677431750364,4.614741588003055,100.96173543757227,1.4932782819102455e-05
final_reproduction_candidate,paper_exact_reconstructed_metadata,supplemental,9,1.75,eigen,107,-0.3846774317503642,4.714852625951378,111.59236414330601,1.4932782819102405e-05
final_reproduction_candidate,paper_exact_reconstructed_metadata,supplemental,9,1.75,eigen,108,-0.36827464046894165,2.969217605763071,19.476675194815968,1.3981513459077707e-05
final_reproduction_candidate,paper_exact_reconstructed_metadata,supplemental,9,1.75,eigen,109,-0.39510197930522284,4.527885082989038,92.56259172587492,1.312009334955536e-05
final_reproduction_candidate,paper_exact_reconstructed_metadata,supplemental,9,1.75,eigen,110,-0.39510197930522284,4.359918716356317,78.25077365657079,1.3120093349555336e-05
final_reproduction_candidate,paper_exact_reconstructed_metadata,supplemental,9,1.75,eigen,111,-0.3951019793052229,4.512884408156784,91.18445273553246,1.3120093349555336e-05
final_reproduction_candidate,paper_exact_reconstructed_metadata,supplemental,9,1.75,eigen,112,-0.39510197930522245,4.342140707733378,76.87192364757053,1.312009334955529e-05
final_reproduction_candidate,paper_exact_reconstructed_metadata,supplemental,9,1.75,eigen,113,-0.3460202883078606,3.646144285272353,38.326604337796226,1.3022177761222392e-05
final_reproduction_candidate,paper_exact_reconstructed_metadata,supplemental,9,1.75,eigen,114,-0.3460202883078609,3.646144285272361,38.32660433779653,1.3022177761222366e-05
final_reproduction_candidate,paper_exact_reconstructed_metadata,supplemental,9,1.75,eigen,115,-0.3889370310878518,4.372221775441615,79.2194441348444,1.0907977316544468e-05
final_reproduction_candidate,paper_exact_reconstructed_metadata,supplemental,9,1.75,eigen,116,-0.38893703108785155,4.256265310338242,70.54602335245983,1.0907977316544468e-05
final_reproduction_candidate,paper_exact_reconstructed_metadata,supplemental,9,1.75,eigen,117,-0.38893703108785244,4.4421215273490064,84.954984946934,1.0907977316544468e-05
final_reproduction_candidate,paper_exact_reconstructed_metadata,supplemental,9,1.75,eigen,118,-0.3889370310878513,4.3229275117579995,75.40906639555034,1.0907977316544468e-05
final_reproduction_candidate,paper_exact_reconstructed_metadata,supplemental,9,1.75,eigen,119,-0.3253028104695694,3.7496175521465456,42.50482301283086,9.523392058681058e-06
final_reproduction_candidate,paper_exact_reconstructed_metadata,supplemental,9,1.75,eigen,120,-0.32530281046957055,3.749617552146548,42.504823012830954,9.523392058681024e-06
final_reproduction_candidate,paper_exact_reconstructed_metadata,supplemental,9,1.75,eigen,121,-0.3324875309611058,3.957825709686171,52.34339240058945,7.85465868272382e-06
final_reproduction_candidate,paper_exact_reconstructed_metadata,supplemental,9,1.75,eigen,122,-0.3324875309611055,3.9578257096861735,52.34339240058959,7.854658682723793e-06
final_reproduction_candidate,paper_exact_reconstructed_metadata,supplemental,9,1.75,eigen,123,-0.2776606282802703,3.769677971061334,43.36609744868541,7.817317800967476e-06
final_reproduction_candidate,paper_exact_reconstructed_metadata,supplemental,9,1.75,eigen,124,-0.27766062828027155,3.769677971061335,43.36609744868545,7.817317800967462e-06
final_reproduction_candidate,paper_exact_reconstructed_metadata,supplemental,9,1.75,eigen,125,-0.32427154798857694,3.3040496259664174,27.222657584113296,6.299030139813949e-06
final_reproduction_candidate,paper_exact_reconstructed_metadata,supplemental,9,1.75,eigen,126,-0.29980231067535335,4.245881551245874,69.81728053386897,5.933822522934728e-06
final_reproduction_candidate,paper_exact_reconstructed_metadata,supplemental,9,1.75,eigen,127,-0.29980231067535346,4.723404507319338,112.55078109595085,5.933822522934728e-06
final_reproduction_candidate,paper_exact_reconstructed_metadata,supplemental,9,1.75,eigen,128,-0.2998023106753536,4.05392370495929,57.62311014088819,5.933822522934728e-06
final_reproduction_candidate,paper_exact_reconstructed_metadata,supplemental,9,1.75,eigen,129,-0.2998023106753537,4.727611593714627,113.02528940472116,5.933822522934728e-06
final_reproduction_candidate,paper_exact_reconstructed_metadata,supplemental,9,1.75,eigen,130,-0.25072061967799364,4.907208026017565,135.26124086345223,5.8895382554439025e-06
final_reproduction_candidate,paper_exact_reconstructed_metadata,supplemental,9,1.75,eigen,131,-0.25072061967799203,4.52101513111251,91.92887048480242,5.889538255443882e-06
final_reproduction_candidate,paper_exact_reconstructed_metadata,supplemental,9,1.75,eigen,132,-0.2507206196779914,4.672188764471212,106.93153442471325,5.889538255443882e-06
final_reproduction_candidate,paper_exact_reconstructed_metadata,supplemental,9,1.75,eigen,133,-0.2507206196779905,4.476079280492563,87.88940656134152,5.889538255443882e-06
final_reproduction_candidate,paper_exact_reconstructed_metadata,supplemental,9,1.75,eigen,134,-0.25072061967799286,4.7711932564603545,118.06003384164545,5.889538255443882e-06
final_reproduction_candidate,paper_exact_reconstructed_metadata,supplemental,9,1.75,eigen,135,-0.25072061967799125,4.57358560444559,96.8909001169974,5.889538255443871e-06
final_reproduction_candidate,paper_exact_reconstructed_metadata,supplemental,9,1.75,eigen,136,-0.2507206196779915,4.412222526626518,82.45251291813774,5.889538255443861e-06
final_reproduction_candidate,paper_exact_reconstructed_metadata,supplemental,9,1.75,eigen,137,-0.25072061967799125,4.033464487449735,56.45616449897774,5.889538255443861e-06
final_reproduction_candidate,paper_exact_reconstructed_metadata,supplemental,9,1.75,eigen,138,-0.2606373273702956,4.585199953745985,98.02278520578405,5.499473630176241e-06
final_reproduction_candidate,paper_exact_reconstructed_metadata,supplemental,9,1.75,eigen,139,-0.26063732737029366,4.77374125465434,118.36123416063343,5.499473630176232e-06
final_reproduction_candidate,paper_exact_reconstructed_metadata,supplemental,9,1.75,eigen,140,-0.2606373273702941,4.8412676955725,126.62977803173172,5.499473630176232e-06
final_reproduction_candidate,paper_exact_reconstructed_metadata,supplemental,9,1.75,eigen,141,-0.26063732737029516,4.665048343956572,106.17071781048041,5.499473630176222e-06
final_reproduction_candidate,paper_exact_reconstructed_metadata,supplemental,9,1.75,eigen,142,-0.26063732737029416,4.74652857839583,115.18373837929377,5.499473630176222e-06
final_reproduction_candidate,paper_exact_reconstructed_metadata,supplemental,9,1.75,eigen,143,-0.2606373273702941,4.953433788618673,141.6605621495296,5.499473630176212e-06
final_reproduction_candidate,paper_exact_reconstructed_metadata,supplemental,9,1.75,eigen,144,-0.26063732737029477,4.670346704814083,106.734741466905,5.499473630176212e-06
final_reproduction_candidate,paper_exact_reconstructed_metadata,supplemental,9,1.75,eigen,145,-0.26063732737029405,4.929806790943406,138.35277874759876,5.499473630176212e-06
final_reproduction_candidate,paper_exact_reconstructed_metadata,supplemental,9,1.75,eigen,146,-0.21299514518097554,3.845268280257463,46.77123046565067,4.51426685368258e-06
final_reproduction_candidate,paper_exact_reconstructed_metadata,supplemental,9,1.75,eigen,147,-0.2129951451809901,3.8452682802574345,46.77123046564934,4.51426685368258e-06
final_reproduction_candidate,paper_exact_reconstructed_metadata,supplemental,9,1.75,eigen,148,-0.2180353993922474,4.38218468235648,80.01264481382333,4.449267137056518e-06
final_reproduction_candidate,paper_exact_reconstructed_metadata,supplemental,9,1.75,eigen,149,-0.21803539939224442,4.369836584914283,79.0307158330673,4.449267137056518e-06
final_reproduction_candidate,paper_exact_reconstructed_metadata,supplemental,9,1.75,eigen,150,-0.21803539939225042,4.385184731907517,80.25304714211512,4.449267137056503e-06
final_reproduction_candidate,paper_exact_reconstructed_metadata,supplemental,9,1.75,eigen,151,-0.21803539939223748,4.344821869786442,77.07830628120922,4.449267137056494e-06
final_reproduction_candidate,paper_exact_reconstructed_metadata,supplemental,9,1.75,eigen,152,-0.19597184427101924,3.613910868679361,37.11090525779159,3.1757812786290365e-06
final_reproduction_candidate,paper_exact_reconstructed_metadata,supplemental,9,1.75,eigen,153,-0.19597184427101932,3.613910868679327,37.11090525779032,3.1757812786290365e-06
final_reproduction_candidate,paper_exact_reconstructed_metadata,supplemental,9,1.75,eigen,154,-0.15362052390020145,3.778357496644989,43.74413281151092,2.8789766533088767e-06
final_reproduction_candidate,paper_exact_reconstructed_metadata,supplemental,9,1.75,eigen,155,-0.1536205239002012,3.778357496644975,43.74413281151032,2.8789766533088716e-06
final_reproduction_candidate,paper_exact_reconstructed_metadata,supplemental,9,1.75,eigen,156,-0.15542095104812326,3.674111293454979,39.41361415130667,2.6636605257860536e-06
final_reproduction_candidate,paper_exact_reconstructed_metadata,supplemental,9,1.75,eigen,157,-0.1554209510481227,3.6741112934549838,39.41361415130687,2.6636605257860485e-06
final_reproduction_candidate,paper_exact_reconstructed_metadata,supplemental,9,1.75,eigen,158,-0.12273573076237075,4.369918102259261,79.0371584697835,2.0122693371929446e-06
final_reproduction_candidate,paper_exact_reconstructed_metadata,supplemental,9,1.75,eigen,159,-0.1227357307623705,4.377996603017078,79.67824624184216,2.0122693371929416e-06
final_reproduction_candidate,paper_exact_reconstructed_metadata,supplemental,9,1.75,eigen,160,-0.12273573076237021,4.429536650841936,83.89253636723735,2.0122693371929416e-06
final_reproduction_candidate,paper_exact_reconstructed_metadata,supplemental,9,1.75,eigen,161,-0.12273573076237028,4.420643668750582,83.14978905800089,2.012269337192934e-06
final_reproduction_candidate,paper_exact_reconstructed_metadata,supplemental,9,1.75,eigen,162,-0.10048137860128932,3.9519240926692447,52.03539149092793,1.8741983183065326e-06
final_reproduction_candidate,paper_exact_reconstructed_metadata,supplemental,9,1.75,eigen,163,-0.1004813786012895,3.951924092669237,52.03539149092754,1.8741983183065296e-06
final_reproduction_candidate,paper_exact_reconstructed_metadata,supplemental,9,1.75,eigen,164,-0.0889550408009259,4.968815809644652,143.85643306507575,1.6625227743651171e-06
final_reproduction_candidate,paper_exact_reconstructed_metadata,supplemental,9,1.75,eigen,165,-0.08895504080092503,4.990478315542093,147.00672228191314,1.6625227743651171e-06
final_reproduction_candidate,paper_exact_reconstructed_metadata,supplemental,9,1.75,eigen,166,-0.08895504080092549,4.92434229531434,137.59881249168157,1.6625227743651171e-06
final_reproduction_candidate,paper_exact_reconstructed_metadata,supplemental,9,1.75,eigen,167,-0.08895504080092556,4.689407542018723,108.78870797256413,1.6625227743651171e-06
final_reproduction_candidate,paper_exact_reconstructed_metadata,supplemental,9,1.75,eigen,168,-0.08895504080092591,5.085304973010839,161.62922427308123,1.6625227743651171e-06
final_reproduction_candidate,paper_exact_reconstructed_metadata,supplemental,9,1.75,eigen,169,-0.08895504080092598,4.283775244302915,72.51368076768549,1.6625227743651171e-06
final_reproduction_candidate,paper_exact_reconstructed_metadata,supplemental,9,1.75,eigen,170,-0.08895504080092573,4.950876430854573,141.29874825203066,1.6625227743651114e-06
final_reproduction_candidate,paper_exact_reconstructed_metadata,supplemental,9,1.75,eigen,171,-0.08895504080092588,5.070364796663585,159.23240419931798,1.6625227743651055e-06
final_reproduction_candidate,paper_exact_reconstructed_metadata,supplemental,9,1.75,eigen,172,-0.06779615831553677,3.356120840372433,28.677729340595594,1.4158680399537263e-06
final_reproduction_candidate,paper_exact_reconstructed_metadata,supplemental,9,1.75,eigen,173,-0.49754286606765974,3.085117690352357,21.870040583402346,1.0689985707842083e-06
final_reproduction_candidate,paper_exact_reconstructed_metadata,supplemental,9,1.75,eigen,174,-0.02428955770165088,3.853464526114418,47.156154279808405,9.600570994926204e-07
final_reproduction_candidate,paper_exact_reconstructed_metadata,supplemental,9,1.75,eigen,175,-0.024289557701650047,3.8534645261144296,47.15615427980895,9.60057099492617e-07
final_reproduction_candidate,paper_exact_reconstructed_metadata,supplemental,9,1.75,eigen,176,-0.00518170997142068,3.943476233198162,51.59765538593849,8.476433739696365e-07
final_reproduction_candidate,paper_exact_reconstructed_metadata,supplemental,9,1.75,eigen,177,-0.005181709971420203,3.943476233198181,51.59765538593947,8.476433739696349e-07
final_reproduction_candidate,paper_exact_reconstructed_metadata,supplemental,9,1.75,eigen,178,-0.46549250975077844,3.720143458803137,41.27031427384155,8.288497879449122e-07
final_reproduction_candidate,paper_exact_reconstructed_metadata,supplemental,9,1.75,eigen,179,-0.4654925097507782,3.7201434588031477,41.27031427384198,8.288497879449094e-07
final_reproduction_candidate,paper_exact_reconstructed_metadata,supplemental,9,1.75,eigen,180,0.027503510314331882,4.4165637613725455,82.81123672084841,6.403544122089376e-07
final_reproduction_candidate,paper_exact_reconstructed_metadata,supplemental,9,1.75,eigen,181,0.027503510314331722,4.506181235143199,90.57527157705054,6.403544122089352e-07
final_reproduction_candidate,paper_exact_reconstructed_metadata,supplemental,9,1.75,eigen,182,0.02750351031433204,4.446886582148241,85.36076612264688,6.403544122089342e-07
final_reproduction_candidate,paper_exact_reconstructed_metadata,supplemental,9,1.75,eigen,183,0.027503510314331903,4.500746956080184,90.08439526255273,6.40354412208933e-07
final_reproduction_candidate,paper_exact_reconstructed_metadata,supplemental,9,1.75,eigen,184,0.03508506357914338,3.9069729791900176,49.7481351853254,6.122770462778298e-07
final_reproduction_candidate,paper_exact_reconstructed_metadata,supplemental,9,1.75,eigen,185,0.035085063579143476,3.906972979190019,49.74813518532547,6.122770462778287e-07
final_reproduction_candidate,paper_exact_reconstructed_metadata,supplemental,9,1.75,eigen,186,-0.3735027616875912,4.341506319117909,76.82317243959993,3.9369282483659665e-07
final_reproduction_candidate,paper_exact_reconstructed_metadata,supplemental,9,1.75,eigen,187,-0.37350276168759156,4.191437166791746,66.11774493908553,3.9369282483659665e-07
final_reproduction_candidate,paper_exact_reconstructed_metadata,supplemental,9,1.75,eigen,188,-0.3735027616875924,3.663060532930651,38.98046148115289,3.9369282483659665e-07
final_reproduction_candidate,paper_exact_reconstructed_metadata,supplemental,9,1.75,eigen,189,-0.37350276168758967,4.1947844471995985,66.33943038602257,3.9369282483659597e-07
final_reproduction_candidate,paper_exact_reconstructed_metadata,supplemental,9,1.75,eigen,190,-0.3701928411209068,3.8200093517752656,45.6046348031503,3.748637611640074e-07
final_reproduction_candidate,paper_exact_reconstructed_metadata,supplemental,9,1.75,eigen,191,-0.37019284112091055,3.8200093517752647,45.604634803150255,3.748637611640074e-07
final_reproduction_candidate,paper_exact_reconstructed_metadata,supplemental,9,1.75,eigen,192,0.09975054667841901,3.9353861970917947,51.18191244604293,3.535716527912694e-07
final_reproduction_candidate,paper_exact_reconstructed_metadata,supplemental,9,1.75,eigen,193,0.09975054667841887,3.9353861970917916,51.18191244604277,3.535716527912694e-07
final_reproduction_candidate,paper_exact_reconstructed_metadata,supplemental,9,1.75,eigen,194,0.12280317894420051,3.3558807842108043,28.67084590120493,2.896129876968304e-07
final_reproduction_candidate,paper_exact_reconstructed_metadata,supplemental,9,1.75,eigen,195,-0.3375076208351572,3.348562025092913,28.46177688245911,2.8319181251242353e-07
final_reproduction_candidate,paper_exact_reconstructed_metadata,supplemental,9,1.75,eigen,196,-0.31525326867407505,3.81011622607182,45.155686829438274,2.637607247493801e-07
final_reproduction_candidate,paper_exact_reconstructed_metadata,supplemental,9,1.75,eigen,197,-0.31525326867407577,3.8101162260718184,45.15568682943819,2.637607247493801e-07
final_reproduction_candidate,paper_exact_reconstructed_metadata,supplemental,9,1.75,eigen,198,-0.3088372785883152,4.50721066209691,90.66856021163083,2.2734581284037882e-07
final_reproduction_candidate,paper_exact_reconstructed_metadata,supplemental,9,1.75,eigen,199,-0.30883727858831556,4.378955727666078,79.75470427233138,2.2734581284037882e-07
final_reproduction_candidate,paper_exact_reconstructed_metadata,supplemental,9,1.75,eigen,200,-0.30883727858831594,4.59704057628914,99.19033462112786,2.273458128403784e-07
final_reproduction_candidate,paper_exact_reconstructed_metadata,supplemental,9,1.75,eigen,201,-0.30883727858831495,4.593344119563542,98.82435866546288,2.2734581284037803e-07
final_reproduction_candidate,paper_exact_reconstructed_metadata,supplemental,9,1.75,eigen,202,-0.24946265730752135,3.4046292220815,30.103132077776802,1.4498994158066655e-07
final_reproduction_candidate,paper_exact_reconstructed_metadata,supplemental,9,1.75,eigen,203,-0.2199536000441996,4.462805794713023,86.73051604648003,1.1929102083991676e-07
final_reproduction_candidate,paper_exact_reconstructed_metadata,supplemental,9,1.75,eigen,204,-0.21995360004420852,4.679981323705467,107.76805984457846,1.1929102083991676e-07
final_reproduction_candidate,paper_exact_reconstructed_metadata,supplemental,9,1.75,eigen,205,-0.21995360004419534,4.046512760568459,57.197646965250506,1.1929102083991676e-07
final_reproduction_candidate,paper_exact_reconstructed_metadata,supplemental,9,1.75,eigen,206,-0.2199536000442238,4.852756799785334,128.09303038167403,1.1929102083991655e-07
final_reproduction_candidate,paper_exact_reconstructed_metadata,supplemental,9,1.75,eigen,207,-0.21995360004420428,4.299104012621627,73.6337891886723,1.1929102083991636e-07
final_reproduction_candidate,paper_exact_reconstructed_metadata,supplemental,9,1.75,eigen,208,-0.2199536000442937,4.895105298683115,133.63407736608386,1.1929102083991636e-07
final_reproduction_candidate,paper_exact_reconstructed_metadata,supplemental,9,1.75,eigen,209,-0.21995360004418554,4.808296463229165,122.52271767867826,1.1929102083991636e-07
final_reproduction_candidate,paper_exact_reconstructed_metadata,supplemental,9,1.75,eigen,210,-0.21995360004421466,4.823978105369547,124.45921916884542,1.1929102083991636e-07
final_reproduction_candidate,paper_exact_reconstructed_metadata,supplemental,9,1.75,eigen,211,-0.20182047511826573,3.9480689887252463,51.835175822035296,1.1901562429603006e-07
final_reproduction_candidate,paper_exact_reconstructed_metadata,supplemental,9,1.75,eigen,212,-0.20182047511822102,3.770201076471119,43.38878842323041,1.1901562429603006e-07
final_reproduction_candidate,paper_exact_reconstructed_metadata,supplemental,9,1.75,eigen,213,-0.20182047511821521,3.972062337482451,53.093915578970915,1.1901562429602985e-07
final_reproduction_candidate,paper_exact_reconstructed_metadata,supplemental,9,1.75,eigen,214,-0.20182047511811554,4.024045532988281,55.92690291472975,1.1901562429602964e-07
final_reproduction_candidate,paper_exact_reconstructed_metadata,supplemental,9,1.75,eigen,215,-0.18726837975845365,4.0023178896221445,54.724849299225845,9.011871487181007e-08
final_reproduction_candidate,paper_exact_reconstructed_metadata,supplemental,9,1.75,eigen,216,-0.18726837975845523,4.41405673073423,82.60388643855093,9.011871487180991e-08
final_reproduction_candidate,paper_exact_reconstructed_metadata,supplemental,9,1.75,eigen,217,-0.18726837975845506,3.945558434338979,51.7052040129265,9.011871487180976e-08
final_reproduction_candidate,paper_exact_reconstructed_metadata,supplemental,9,1.75,eigen,218,-0.187268379758454,4.239198687085245,69.35225670821424,9.011871487180976e-08
final_reproduction_candidate,paper_exact_reconstructed_metadata,supplemental,9,1.75,eigen,219,-0.1381866887610927,4.035044938016116,56.545461222076874,8.944615662459413e-08
final_reproduction_candidate,paper_exact_reconstructed_metadata,supplemental,9,1.75,eigen,220,-0.13818668876109264,4.035044938016121,56.54546122207712,8.944615662459413e-08
final_reproduction_candidate,paper_exact_reconstructed_metadata,supplemental,9,1.75,eigen,221,-0.18479717420824637,4.581294186519288,97.64067772105778,8.372734792923152e-08
final_reproduction_candidate,paper_exact_reconstructed_metadata,supplemental,9,1.75,eigen,222,-0.1847971742082465,4.54651012932831,94.3027290521519,8.372734792923152e-08
final_reproduction_candidate,paper_exact_reconstructed_metadata,supplemental,9,1.75,eigen,223,-0.18479717420824568,4.3291596345057,75.88049242022049,8.372734792923152e-08
final_reproduction_candidate,paper_exact_reconstructed_metadata,supplemental,9,1.75,eigen,224,-0.18479717420824648,4.574095260323863,96.94029371959395,8.372734792923137e-08
final_reproduction_candidate,paper_exact_reconstructed_metadata,supplemental,9,1.75,eigen,225,-0.1371549920189459,4.5185237841589885,91.7001288291059,6.872795778667408e-08
final_reproduction_candidate,paper_exact_reconstructed_metadata,supplemental,9,1.75,eigen,226,-0.1371549920189469,4.557220793946287,95.31820244529436,6.872795778667397e-08
final_reproduction_candidate,paper_exact_reconstructed_metadata,supplemental,9,1.75,eigen,227,-0.1371549920189463,4.695470622849547,109.45030633791862,6.872795778667384e-08
final_reproduction_candidate,paper_exact_reconstructed_metadata,supplemental,9,1.75,eigen,228,-0.13715499201894682,4.695578752571318,109.46214180896226,6.872795778667384e-08
final_reproduction_candidate,paper_exact_reconstructed_metadata,supplemental,9,1.75,eigen,229,-0.07352077140066542,3.888467296311699,48.83597804847151,6.000409318804145e-08
final_reproduction_candidate,paper_exact_reconstructed_metadata,supplemental,9,1.75,eigen,230,-0.07352077140066514,3.8884672963117,48.83597804847155,6.000409318804145e-08
final_reproduction_candidate,paper_exact_reconstructed_metadata,supplemental,9,1.75,eigen,231,-0.12465393141433771,3.9721724405780106,53.09976170526393,5.395173093549384e-08
final_reproduction_candidate,paper_exact_reconstructed_metadata,supplemental,9,1.75,eigen,232,-0.12465393141433784,3.972172440578008,53.09976170526379,5.395173093549374e-08
final_reproduction_candidate,paper_exact_reconstructed_metadata,supplemental,9,1.75,eigen,233,-0.12013169110897043,3.527931861728745,34.053467458527415,4.8350035284084416e-08
final_reproduction_candidate,paper_exact_reconstructed_metadata,supplemental,9,1.75,eigen,234,-0.07778037073815346,4.538568156931646,93.55674559218015,4.3831300255548636e-08
final_reproduction_candidate,paper_exact_reconstructed_metadata,supplemental,9,1.75,eigen,235,-0.07778037073815074,4.337953110276394,76.55068804771241,4.3831300255548636e-08
final_reproduction_candidate,paper_exact_reconstructed_metadata,supplemental,9,1.75,eigen,236,-0.07778037073815314,3.8185814519748367,45.53956242369139,4.3831300255548557e-08
final_reproduction_candidate,paper_exact_reconstructed_metadata,supplemental,9,1.75,eigen,237,-0.07778037073815401,4.5414052240264695,93.82254922968866,4.3831300255548557e-08
final_reproduction_candidate,paper_exact_reconstructed_metadata,supplemental,9,1.75,eigen,238,-0.09196871112858598,4.377078121308126,79.60509682840929,4.075797677631624e-08
final_reproduction_candidate,paper_exact_reconstructed_metadata,supplemental,9,1.75,eigen,239,-0.09196871112858601,4.543048183257271,93.97682255068865,4.075797677631624e-08
final_reproduction_candidate,paper_exact_reconstructed_metadata,supplemental,9,1.75,eigen,240,-0.0919687111285862,4.311119760393295,74.52389113804261,4.075797677631624e-08
final_reproduction_candidate,paper_exact_reconstructed_metadata,supplemental,9,1.75,eigen,241,-0.09196871112858601,4.584795065789741,97.98310499417877,4.075797677631624e-08
final_reproduction_candidate,paper_exact_reconstructed_metadata,supplemental,9,1.75,eigen,242,-0.04288702013122441,4.894667257714023,133.57555298430495,4.045379896530632e-08
final_reproduction_candidate,paper_exact_reconstructed_metadata,supplemental,9,1.75,eigen,243,-0.04288702013122454,4.858808501230192,128.8705614787784,4.045379896530632e-08
final_reproduction_candidate,paper_exact_reconstructed_metadata,supplemental,9,1.75,eigen,244,-0.042887020131223,4.498721526932457,89.90212035739866,4.045379896530632e-08
final_reproduction_candidate,paper_exact_reconstructed_metadata,supplemental,9,1.75,eigen,245,-0.04288702013122541,4.737552631888131,114.15448149281077,4.045379896530632e-08
final_reproduction_candidate,paper_exact_reconstructed_metadata,supplemental,9,1.75,eigen,246,-0.042887020131225646,4.6023005508739265,99.7134478353022,4.045379896530625e-08
final_reproduction_candidate,paper_exact_reconstructed_metadata,supplemental,9,1.75,eigen,247,-0.042887020131222316,5.018508005739728,151.18556743840026,4.045379896530625e-08
final_reproduction_candidate,paper_exact_reconstructed_metadata,supplemental,9,1.75,eigen,248,-0.042887020131223266,5.011154558774877,150.07790992797948,4.045379896530625e-08
final_reproduction_candidate,paper_exact_reconstructed_metadata,supplemental,9,1.75,eigen,249,-0.042887020131225057,5.030826524852399,153.05946788333867,4.045379896530625e-08
final_reproduction_candidate,paper_exact_reconstructed_metadata,supplemental,9,1.75,eigen,250,-0.06971435896750494,4.138397417787343,62.70225536887167,3.7961385247915465e-08
final_reproduction_candidate,paper_exact_reconstructed_metadata,supplemental,9,1.75,eigen,251,-0.06971435896750394,4.138397417787352,62.70225536887222,3.79613852479154e-08
final_reproduction_candidate,paper_exact_reconstructed_metadata,supplemental,9,1.75,eigen,252,-0.008855288301389659,4.006604351666093,54.95992875825604,3.465056632730642e-08
final_reproduction_candidate,paper_exact_reconstructed_metadata,supplemental,9,1.75,eigen,253,-0.008855288301388351,4.006604351666097,54.95992875825629,3.465056632730642e-08
final_reproduction_candidate,paper_exact_reconstructed_metadata,supplemental,9,1.75,eigen,254,-0.010201799845472363,4.475677303764194,87.8540841651,3.056092863291243e-08
final_reproduction_candidate,paper_exact_reconstructed_metadata,supplemental,9,1.75,eigen,255,-0.010201799845471144,4.528183299614068,92.59019954593428,3.056092863291243e-08
final_reproduction_candidate,paper_exact_reconstructed_metadata,supplemental,9,1.75,eigen,256,-0.010201799845471825,4.701893978191346,110.15560732218975,3.056092863291238e-08
final_reproduction_candidate,paper_exact_reconstructed_metadata,supplemental,9,1.75,eigen,257,-0.010201799845471735,4.692338744087399,109.108057468721,3.056092863291238e-08
final_reproduction_candidate,paper_exact_reconstructed_metadata,supplemental,9,1.75,eigen,258,-0.03702913868175245,3.4943261425944923,32.92809163686978,2.8678028146701024e-08
final_reproduction_candidate,paper_exact_reconstructed_metadata,supplemental,9,1.75,eigen,259,-0.013114887638877352,5.217019502730271,184.38380884334435,2.531126288264047e-08
final_reproduction_candidate,paper_exact_reconstructed_metadata,supplemental,9,1.75,eigen,260,-0.013114887638877125,5.22068239688782,185.06042565087674,2.5311262882640424e-08
final_reproduction_candidate,paper_exact_reconstructed_metadata,supplemental,9,1.75,eigen,261,-0.013114887638876988,5.022213786214539,151.7468673470557,2.5311262882640424e-08
final_reproduction_candidate,paper_exact_reconstructed_metadata,supplemental,9,1.75,eigen,262,-0.013114887638877002,5.337800393637758,208.05456845549972,2.5311262882640424e-08
final_reproduction_candidate,paper_exact_reconstructed_metadata,supplemental,9,1.75,eigen,263,-0.013114887638877339,5.335946994646374,207.66931745036464,2.5311262882640424e-08
final_reproduction_candidate,paper_exact_reconstructed_metadata,supplemental,9,1.75,eigen,264,-0.01311488763887697,5.2461781620043535,189.83934502975018,2.531126288264038e-08
final_reproduction_candidate,paper_exact_reconstructed_metadata,supplemental,9,1.75,eigen,265,-0.013114887638876853,5.325289317360655,205.46779726712404,2.531126288264038e-08
final_reproduction_candidate,paper_exact_reconstructed_metadata,supplemental,9,1.75,eigen,266,-0.013114887638877505,5.124744535020659,168.13118453547565,2.531126288264038e-08
final_reproduction_candidate,paper_exact_reconstructed_metadata,supplemental,9,1.75,eigen,267,-0.013114887638877575,5.100283829409963,164.0684681484282,2.531126288264038e-08
final_reproduction_candidate,paper_exact_reconstructed_metadata,supplemental,9,1.75,eigen,268,-0.013114887638877684,5.267485962924391,193.92780738478586,2.531126288264038e-08
final_reproduction_candidate,paper_exact_reconstructed_metadata,supplemental,9,1.75,eigen,269,-0.013114887638877014,5.195186905249534,180.4018577003952,2.531126288264038e-08
final_reproduction_candidate,paper_exact_reconstructed_metadata,supplemental,9,1.75,eigen,270,-0.013114887638876697,5.104892357450335,164.82632725057516,2.531126288264038e-08
final_reproduction_candidate,paper_exact_reconstructed_metadata,supplemental,9,1.75,eigen,271,-0.013114887638877493,5.043945480621228,155.08067736277224,2.531126288264038e-08
final_reproduction_candidate,paper_exact_reconstructed_metadata,supplemental,9,1.75,eigen,272,-0.013114887638876707,5.155565322805518,173.39380252755808,2.531126288264038e-08
final_reproduction_candidate,paper_exact_reconstructed_metadata,supplemental,9,1.75,eigen,273,-0.01311488763887686,5.017637047642474,151.05394846987508,2.5311262882640335e-08
final_reproduction_candidate,paper_exact_reconstructed_metadata,supplemental,9,1.75,eigen,274,-0.013114887638877467,5.383269545083442,217.73300077972186,2.5311262882640335e-08
final_reproduction_candidate,paper_exact_reconstructed_metadata,supplemental,9,1.75,eigen,275,0.05051933297940426,3.896090056623697,49.20966545904846,2.2098421452171468e-08
final_reproduction_candidate,paper_exact_reconstructed_metadata,supplemental,9,1.75,eigen,276,0.05051933297940507,3.8960900566236982,49.20966545904853,2.209842145217139e-08
final_reproduction_candidate,paper_exact_reconstructed_metadata,supplemental,9,1.75,eigen,277,0.05241264849864425,4.048214311913719,57.295054546888885,1.8296033194515665e-08
final_reproduction_candidate,paper_exact_reconstructed_metadata,supplemental,9,1.75,eigen,278,0.05241264849864477,4.048214311913722,57.29505454688909,1.82960331945156e-08
final_reproduction_candidate,paper_exact_reconstructed_metadata,supplemental,9,1.75,eigen,279,0.0255853096623641,4.022497111728388,55.840371520071194,1.7168789640777703e-08
final_reproduction_candidate,paper_exact_reconstructed_metadata,supplemental,9,1.75,eigen,280,0.025585309662364494,4.022497111728398,55.84037152007174,1.7168789640777703e-08
final_reproduction_candidate,paper_exact_reconstructed_metadata,supplemental,9,1.75,eigen,281,0.05155059546039814,4.639343088327279,103.47635042921667,1.461649608793041e-08
final_reproduction_candidate,paper_exact_reconstructed_metadata,supplemental,9,1.75,eigen,282,0.05155059546039834,4.586194798761732,98.12035120855461,1.461649608793041e-08
final_reproduction_candidate,paper_exact_reconstructed_metadata,supplemental,9,1.75,eigen,283,0.05155059546039863,4.535075565445071,93.23056004701513,1.461649608793041e-08
final_reproduction_candidate,paper_exact_reconstructed_metadata,supplemental,9,1.75,eigen,284,0.05155059546039738,4.2245169981208495,68.34148650914611,1.4616496087930357e-08
final_reproduction_candidate,paper_exact_reconstructed_metadata,supplemental,9,1.75,eigen,285,0.08509786878439676,4.693487017131756,109.23341526875177,1.3821786309921541e-08
final_reproduction_candidate,paper_exact_reconstructed_metadata,supplemental,9,1.75,eigen,286,0.08509786878439597,4.629062626811505,102.41801519922268,1.3821786309921493e-08
final_reproduction_candidate,paper_exact_reconstructed_metadata,supplemental,9,1.75,eigen,287,0.08509786878439798,4.728880258473519,113.1687716024117,1.3821786309921493e-08
final_reproduction_candidate,paper_exact_reconstructed_metadata,supplemental,9,1.75,eigen,288,0.08509786878439814,4.5215834628678495,91.98113143050219,1.3821786309921493e-08
final_reproduction_candidate,paper_exact_reconstructed_metadata,supplemental,9,1.75,eigen,289,0.0939019158312189,3.387635637399029,29.595894056445726,1.3250456280949548e-08
final_reproduction_candidate,paper_exact_reconstructed_metadata,supplemental,9,1.75,eigen,290,0.05827052994811542,4.222536889699677,68.20629684546098,1.2970207207863933e-08
final_reproduction_candidate,paper_exact_reconstructed_metadata,supplemental,9,1.75,eigen,291,0.05827052994811529,4.7081844027162,110.8507168309003,1.2970207207863933e-08
final_reproduction_candidate,paper_exact_reconstructed_metadata,supplemental,9,1.75,eigen,292,0.05827052994811513,4.267519262613523,71.34442911607363,1.2970207207863933e-08
final_reproduction_candidate,paper_exact_reconstructed_metadata,supplemental,9,1.75,eigen,293,0.05827052994811758,4.695817924357433,109.48832519596957,1.2970207207863888e-08
final_reproduction_candidate,paper_exact_reconstructed_metadata,supplemental,9,1.75,eigen,294,0.10735222094547447,4.963182266569376,143.0482901440483,1.2873410223595405e-08
final_reproduction_candidate,paper_exact_reconstructed_metadata,supplemental,9,1.75,eigen,295,0.10735222094547281,4.649931420229694,104.57781340876151,1.2873410223595405e-08
final_reproduction_candidate,paper_exact_reconstructed_metadata,supplemental,9,1.75,eigen,296,0.10735222094549876,4.886551373893597,132.49585658670568,1.2873410223595405e-08
final_reproduction_candidate,paper_exact_reconstructed_metadata,supplemental,9,1.75,eigen,297,0.10735222094548072,4.837161379499755,126.11086228410494,1.2873410223595405e-08
final_reproduction_candidate,paper_exact_reconstructed_metadata,supplemental,9,1.75,eigen,298,0.10735222094547478,4.788185510165306,120.08328097146166,1.2873410223595405e-08
final_reproduction_candidate,paper_exact_reconstructed_metadata,supplemental,9,1.75,eigen,299,0.10735222094546647,4.843066549730479,126.85777153652019,1.2873410223595405e-08
final_reproduction_candidate,paper_exact_reconstructed_metadata,supplemental,9,1.75,eigen,300,0.107352220945468,4.053449859003529,57.59581213122607,1.2873410223595405e-08
final_reproduction_candidate,paper_exact_reconstructed_metadata,supplemental,9,1.75,eigen,301,0.1073522209454863,4.843503190095327,126.91317485495004,1.287341022359536e-08
final_reproduction_candidate,paper_exact_reconstructed_metadata,supplemental,9,1.75,eigen,302,0.11518481607867494,4.849449963872653,127.67014733642202,1.2761176406043018e-08
final_reproduction_candidate,paper_exact_reconstructed_metadata,supplemental,9,1.75,eigen,303,0.11518481607868328,4.71684422125871,111.81483243193357,1.2761176406042974e-08
final_reproduction_candidate,paper_exact_reconstructed_metadata,supplemental,9,1.75,eigen,304,0.11518481607869223,4.79375658500235,120.75414088671259,1.2761176406042974e-08
final_reproduction_candidate,paper_exact_reconstructed_metadata,supplemental,9,1.75,eigen,305,0.1151848160786789,4.966099889384925,143.46626054258476,1.2761176406042974e-08
final_reproduction_candidate,paper_exact_reconstructed_metadata,supplemental,9,1.75,eigen,306,0.115184816078687,5.065635578722678,158.48113730923686,1.2761176406042929e-08
final_reproduction_candidate,paper_exact_reconstructed_metadata,supplemental,9,1.75,eigen,307,0.11518481607866561,4.864189870686401,129.56593092396386,1.2761176406042929e-08
final_reproduction_candidate,paper_exact_reconstructed_metadata,supplemental,9,1.75,eigen,308,0.11518481607868053,4.775266956508921,118.54195594382625,1.2761176406042929e-08
final_reproduction_candidate,paper_exact_reconstructed_metadata,supplemental,9,1.75,eigen,309,0.1151848160786823,4.18879035372502,65.94297502151997,1.2761176406042929e-08
final_reproduction_candidate,paper_exact_reconstructed_metadata,supplemental,9,1.75,eigen,310,0.14003744123123074,4.571861247913835,96.72396962571723,9.72525155036511e-09
final_reproduction_candidate,paper_exact_reconstructed_metadata,supplemental,9,1.75,eigen,311,0.1400374412312311,4.408490951120181,82.14540848854038,9.72525155036511e-09
final_reproduction_candidate,paper_exact_reconstructed_metadata,supplemental,9,1.75,eigen,312,0.14003744123123063,4.542602621494111,93.93495939893917,9.72525155036511e-09
final_reproduction_candidate,paper_exact_reconstructed_metadata,supplemental,9,1.75,eigen,313,0.14003744123123057,4.6225277020550655,101.75090331327742,9.72525155036511e-09
final_reproduction_candidate,paper_exact_reconstructed_metadata,supplemental,9,1.75,eigen,314,0.11092521674119188,4.698630508918132,109.7967038362046,9.321679987970643e-09
final_reproduction_candidate,paper_exact_reconstructed_metadata,supplemental,9,1.75,eigen,315,0.11092521674119199,4.698160882574474,109.74515251751235,9.321679987970643e-09
final_reproduction_candidate,paper_exact_reconstructed_metadata,supplemental,9,1.75,eigen,316,0.11092521674119236,4.732299016202819,113.55633032224826,9.32167998797061e-09
final_reproduction_candidate,paper_exact_reconstructed_metadata,supplemental,9,1.75,eigen,317,0.11092521674119188,4.737569505255434,114.1564076795568,9.32167998797061e-09
final_reproduction_candidate,paper_exact_reconstructed_metadata,supplemental,9,1.75,eigen,318,0.15856739893049152,4.306877504225384,74.20841134738322,7.65174157021708e-09
final_reproduction_candidate,paper_exact_reconstructed_metadata,supplemental,9,1.75,eigen,319,0.15856739893049177,4.416935637627761,82.84203798022344,7.65174157021708e-09
final_reproduction_candidate,paper_exact_reconstructed_metadata,supplemental,9,1.75,eigen,320,0.15856739893049146,4.618678176355276,101.35996354511147,7.65174157021708e-09
final_reproduction_candidate,paper_exact_reconstructed_metadata,supplemental,9,1.75,eigen,321,0.1585673989304911,4.549947424898716,94.62743313725852,7.651741570217053e-09
final_reproduction_candidate,paper_exact_reconstructed_metadata,supplemental,9,1.75,eigen,322,0.17985029917795564,3.879169283274135,48.38400496986283,7.369197099376765e-09
final_reproduction_candidate,paper_exact_reconstructed_metadata,supplemental,9,1.75,eigen,323,0.1798502991779555,3.879169283274095,48.3840049698609,7.369197099376765e-09
final_reproduction_candidate,paper_exact_reconstructed_metadata,supplemental,9,1.75,eigen,324,0.22220161954877496,3.6685132269945675,39.19359054781796,6.680480971881017e-09
final_reproduction_candidate,paper_exact_reconstructed_metadata,supplemental,9,1.75,eigen,325,0.22220161954877274,3.668513226994562,39.193590547817756,6.680480971880992e-09
final_reproduction_candidate,paper_exact_reconstructed_metadata,supplemental,9,1.75,eigen,326,0.1535701985779849,3.5356352150927797,34.31680634563627,5.86603354158006e-09
final_reproduction_candidate,paper_exact_reconstructed_metadata,supplemental,9,1.75,eigen,327,0.20265188957534647,4.629010081507021,102.41263375481542,5.822255184970735e-09
final_reproduction_candidate,paper_exact_reconstructed_metadata,supplemental,9,1.75,eigen,328,0.20265188957534772,5.0620589073094076,157.91531483960026,5.822255184970735e-09
final_reproduction_candidate,paper_exact_reconstructed_metadata,supplemental,9,1.75,eigen,329,0.20265188957534652,4.942077218230153,140.06088462214325,5.822255184970735e-09
final_reproduction_candidate,paper_exact_reconstructed_metadata,supplemental,9,1.75,eigen,330,0.20265188957534785,5.000852828334846,148.53978403691457,5.822255184970735e-09
final_reproduction_candidate,paper_exact_reconstructed_metadata,supplemental,9,1.75,eigen,331,0.2026518895753468,4.390492004573387,80.68010419726879,5.822255184970735e-09
final_reproduction_candidate,paper_exact_reconstructed_metadata,supplemental,9,1.75,eigen,332,0.20265188957534663,4.730023602368649,113.29823642384588,5.822255184970714e-09
final_reproduction_candidate,paper_exact_reconstructed_metadata,supplemental,9,1.75,eigen,333,0.20265188957534677,4.949577780435421,141.1153696714949,5.822255184970714e-09
final_reproduction_candidate,paper_exact_reconstructed_metadata,supplemental,9,1.75,eigen,334,0.20265188957534688,5.024639214043299,152.11536512378092,5.822255184970714e-09
final_reproduction_candidate,paper_exact_reconstructed_metadata,supplemental,9,1.75,eigen,335,0.17559069984046696,4.613214247323049,100.80765017221529,5.382990951848486e-09
final_reproduction_candidate,paper_exact_reconstructed_metadata,supplemental,9,1.75,eigen,336,0.17559069984046757,4.589773711557059,98.4721445322919,5.382990951848486e-09
final_reproduction_candidate,paper_exact_reconstructed_metadata,supplemental,9,1.75,eigen,337,0.17559069984046782,4.438758638751193,84.66977063749428,5.382990951848486e-09
final_reproduction_candidate,paper_exact_reconstructed_metadata,supplemental,9,1.75,eigen,338,0.1755906998404673,4.36543669948944,78.68375359514171,5.382990951848486e-09
final_reproduction_candidate,paper_exact_reconstructed_metadata,supplemental,9,1.75,eigen,339,0.2392249204587477,3.94363264641622,51.60572657246532,4.699710294137819e-09
final_reproduction_candidate,paper_exact_reconstructed_metadata,supplemental,9,1.75,eigen,340,0.23922492045874882,3.9436326464162206,51.60572657246535,4.699710294137819e-09
final_reproduction_candidate,paper_exact_reconstructed_metadata,supplemental,9,1.75,eigen,341,0.22323288202979535,3.4513832911636717,31.543996674894952,4.418651540442834e-09
final_reproduction_candidate,paper_exact_reconstructed_metadata,supplemental,9,1.75,eigen,342,0.23533710986109957,5.258799999820698,192.25065200447372,4.398437964827316e-09
final_reproduction_candidate,paper_exact_reconstructed_metadata,supplemental,9,1.75,eigen,343,0.23533710986109785,5.261885343583745,192.84472734663598,4.398437964827301e-09
final_reproduction_candidate,paper_exact_reconstructed_metadata,supplemental,9,1.75,eigen,344,0.23533710986110268,4.831263791540558,125.36930124129805,4.398437964827301e-09
final_reproduction_candidate,paper_exact_reconstructed_metadata,supplemental,9,1.75,eigen,345,0.23533710986110268,5.271901977024461,194.78608901368872,4.398437964827301e-09
final_reproduction_candidate,paper_exact_reconstructed_metadata,supplemental,9,1.75,eigen,346,0.23533710986108408,5.266545540554344,193.74551906398904,4.398437964827301e-09
final_reproduction_candidate,paper_exact_reconstructed_metadata,supplemental,9,1.75,eigen,347,0.23533710986109435,5.029424607676834,152.84504152554607,4.398437964827301e-09
final_reproduction_candidate,paper_exact_reconstructed_metadata,supplemental,9,1.75,eigen,348,0.2353371098611,4.85205887389556,128.00366212930714,4.398437964827301e-09
final_reproduction_candidate,paper_exact_reconstructed_metadata,supplemental,9,1.75,eigen,349,0.23533710986110062,5.161073065618617,174.35144580283912,4.398437964827301e-09
final_reproduction_candidate,paper_exact_reconstructed_metadata,supplemental,9,1.75,eigen,350,0.23533710986109804,5.070285494491357,159.21977722445575,4.398437964827301e-09
final_reproduction_candidate,paper_exact_reconstructed_metadata,supplemental,9,1.75,eigen,351,0.23533710986110146,5.1740435695475115,176.62760144803332,4.398437964827301e-09
final_reproduction_candidate,paper_exact_reconstructed_metadata,supplemental,9,1.75,eigen,352,0.2353371098610967,5.296732611952501,199.68330009299058,4.398437964827301e-09
final_reproduction_candidate,paper_exact_reconstructed_metadata,supplemental,9,1.75,eigen,353,0.23533710986109732,4.902654062535503,134.64666654863143,4.398437964827285e-09
final_reproduction_candidate,paper_exact_reconstructed_metadata,supplemental,9,1.75,eigen,354,0.23533710986110018,4.858819236355696,128.8719449278554,4.398437964827285e-09
final_reproduction_candidate,paper_exact_reconstructed_metadata,supplemental,9,1.75,eigen,355,0.23533710986109557,5.29167856946233,198.67663820850356,4.398437964827285e-09
final_reproduction_candidate,paper_exact_reconstructed_metadata,supplemental,9,1.75,eigen,356,0.23533710986109982,5.201959973048274,181.627878989358,4.398437964827285e-09
final_reproduction_candidate,paper_exact_reconstructed_metadata,supplemental,9,1.75,eigen,357,0.23533710986109835,5.285680911157292,197.48860987463834,4.398437964827285e-09
final_reproduction_candidate,paper_exact_reconstructed_metadata,supplemental,9,1.75,eigen,358,0.28441880085846183,3.8030953734736577,44.8397657237053,4.365612311106893e-09
final_reproduction_candidate,paper_exact_reconstructed_metadata,supplemental,9,1.75,eigen,359,0.28441880085846233,3.8030953734736546,44.839765723705156,4.365612311106877e-09
final_reproduction_candidate,paper_exact_reconstructed_metadata,supplemental,9,1.75,eigen,360,0.28686710264804804,4.662255014094087,105.87456179718465,3.857777640086158e-09
final_reproduction_candidate,paper_exact_reconstructed_metadata,supplemental,9,1.75,eigen,361,0.2868671026480477,4.949481782734119,141.10182357059574,3.8577776400861435e-09
final_reproduction_candidate,paper_exact_reconstructed_metadata,supplemental,9,1.75,eigen,362,0.2868671026480483,4.663313024546007,105.98663746831957,3.8577776400861435e-09
final_reproduction_candidate,paper_exact_reconstructed_metadata,supplemental,9,1.75,eigen,363,0.2868671026480482,4.248938604280476,70.03104223714747,3.8577776400861435e-09
final_reproduction_candidate,paper_exact_reconstructed_metadata,supplemental,9,1.75,eigen,364,0.2868671026480485,4.622430496830879,101.74101307460892,3.8577776400861435e-09
final_reproduction_candidate,paper_exact_reconstructed_metadata,supplemental,9,1.75,eigen,365,0.28686710264804893,4.699200380975381,109.85929174155429,3.85777764008613e-09
final_reproduction_candidate,paper_exact_reconstructed_metadata,supplemental,9,1.75,eigen,366,0.28686710264804893,4.675501367672364,107.28634351436243,3.85777764008613e-09
final_reproduction_candidate,paper_exact_reconstructed_metadata,supplemental,9,1.75,eigen,367,0.28686710264805043,4.405657706282952,81.91299982482877,3.85777764008613e-09
final_reproduction_candidate,paper_exact_reconstructed_metadata,supplemental,9,1.75,eigen,368,0.31710402114421293,3.093831298984799,22.061440237629864,3.298013281598648e-09
final_reproduction_candidate,paper_exact_reconstructed_metadata,supplemental,9,1.75,eigen,369,0.28260750331056084,4.146388716564503,63.205335279205606,2.8179979244392023e-09
final_reproduction_candidate,paper_exact_reconstructed_metadata,supplemental,9,1.75,eigen,370,0.28260750331056067,4.064918440866254,58.260156680865784,2.8179979244392023e-09
final_reproduction_candidate,paper_exact_reconstructed_metadata,supplemental,9,1.75,eigen,371,0.2826075033105602,4.544451516217697,94.10879590290921,2.8179979244392023e-09
final_reproduction_candidate,paper_exact_reconstructed_metadata,supplemental,9,1.75,eigen,372,0.2826075033105606,4.5383434315748055,93.53572338134248,2.8179979244391928e-09
final_reproduction_candidate,paper_exact_reconstructed_metadata,supplemental,9,1.75,eigen,373,0.3038904035580253,3.7464417604682976,42.37005066734018,2.7139419098596203e-09
final_reproduction_candidate,paper_exact_reconstructed_metadata,supplemental,9,1.75,eigen,374,0.3038904035580249,3.746441760468297,42.37005066734016,2.7139419098596013e-09
final_reproduction_candidate,paper_exact_reconstructed_metadata,supplemental,9,1.75,eigen,375,0.35153258574732416,3.7283694992137746,41.61120571793794,2.2277510231659456e-09
final_reproduction_candidate,paper_exact_reconstructed_metadata,supplemental,9,1.75,eigen,376,0.3515325857473253,3.728369499213773,41.61120571793787,2.2277510231659456e-09
final_reproduction_candidate,paper_exact_reconstructed_metadata,supplemental,9,1.75,eigen,377,0.33063677849096795,4.4435326014114755,85.07494734067616,1.98928083559009e-09
final_reproduction_candidate,paper_exact_reconstructed_metadata,supplemental,9,1.75,eigen,378,0.3306367784909685,4.402678861256915,81.66935676036245,1.98928083559009e-09
final_reproduction_candidate,paper_exact_reconstructed_metadata,supplemental,9,1.75,eigen,379,0.3306367784909676,4.472836496473045,87.60486180619955,1.98928083559009e-09
final_reproduction_candidate,paper_exact_reconstructed_metadata,supplemental,9,1.75,eigen,380,0.33063677849096884,4.472259078581421,87.55429179301963,1.9892808355900826e-09
final_reproduction_candidate,paper_exact_reconstructed_metadata,supplemental,9,1.75,eigen,381,0.3797184694883292,3.737580732543058,41.99626696481623,1.9744347824266873e-09
final_reproduction_candidate,paper_exact_reconstructed_metadata,supplemental,9,1.75,eigen,382,0.37971846948833027,3.737580732543078,41.99626696481707,1.9744347824266873e-09
final_reproduction_candidate,paper_exact_reconstructed_metadata,supplemental,9,1.75,eigen,383,0.35289113065204847,3.9520597006153055,52.04244838196492,1.8527871631256197e-09
final_reproduction_candidate,paper_exact_reconstructed_metadata,supplemental,9,1.75,eigen,384,0.35289113065204814,3.952059700615308,52.04244838196506,1.8527871631256131e-09
final_reproduction_candidate,paper_exact_reconstructed_metadata,supplemental,9,1.75,eigen,385,0.3472729864098389,4.40935443941986,82.216370720762,1.627309385127952e-09
final_reproduction_candidate,paper_exact_reconstructed_metadata,supplemental,9,1.75,eigen,386,0.34727298640983434,4.3423883715859555,76.8909644020921,1.627309385127952e-09
final_reproduction_candidate,paper_exact_reconstructed_metadata,supplemental,9,1.75,eigen,387,0.3472729864098373,4.4595582328620536,86.44931019509866,1.627309385127952e-09
final_reproduction_candidate,paper_exact_reconstructed_metadata,supplemental,9,1.75,eigen,388,0.3472729864098356,4.25628802306984,70.54762566354988,1.6273093851279461e-09
final_reproduction_candidate,paper_exact_reconstructed_metadata,supplemental,9,1.75,eigen,389,0.41240368977408,4.203714473869463,66.9344962913616,1.4915919399271032e-09
final_reproduction_candidate,paper_exact_reconstructed_metadata,supplemental,9,1.75,eigen,390,0.41240368977408076,4.413558980962634,82.56278060400176,1.491591939927098e-09
final_reproduction_candidate,paper_exact_reconstructed_metadata,supplemental,9,1.75,eigen,391,0.4124036897740839,4.357695714697114,78.07701526105473,1.491591939927098e-09
final_reproduction_candidate,paper_exact_reconstructed_metadata,supplemental,9,1.75,eigen,392,0.41240368977407366,4.0132635220991615,55.327137586959125,1.4915919399270927e-09
final_reproduction_candidate,paper_exact_reconstructed_metadata,supplemental,9,1.75,eigen,393,0.4109072070281242,4.605628644884043,100.04585640042936,1.420749679396491e-09
final_reproduction_candidate,paper_exact_reconstructed_metadata,supplemental,9,1.75,eigen,394,0.4109072070281184,4.800813898771546,121.60935495535087,1.420749679396491e-09
final_reproduction_candidate,paper_exact_reconstructed_metadata,supplemental,9,1.75,eigen,395,0.4109072070281134,4.6940679176544995,109.29688745050939,1.4207496793964858e-09
final_reproduction_candidate,paper_exact_reconstructed_metadata,supplemental,9,1.75,eigen,396,0.4109072070281175,4.617316632375283,101.22205140496149,1.4207496793964858e-09
final_reproduction_candidate,paper_exact_reconstructed_metadata,supplemental,9,1.75,eigen,397,0.41090720702812017,4.46473652976478,86.89813145226867,1.4207496793964858e-09
final_reproduction_candidate,paper_exact_reconstructed_metadata,supplemental,9,1.75,eigen,398,0.41090720702812056,4.5108376291244765,90.99800917907108,1.4207496793964858e-09
final_reproduction_candidate,paper_exact_reconstructed_metadata,supplemental,9,1.75,eigen,399,0.41090720702812333,4.267289542245112,71.32804172986326,1.4207496793964809e-09
final_reproduction_candidate,paper_exact_reconstructed_metadata,supplemental,9,1.75,eigen,400,0.41090720702811884,4.7637688015784585,117.18674829308226,1.4207496793964809e-09
final_reproduction_candidate,paper_exact_reconstructed_metadata,supplemental,9,1.75,eigen,401,0.3855763509377949,4.55784596200933,95.37781097202199,1.3996929265609577e-09
final_reproduction_candidate,paper_exact_reconstructed_metadata,supplemental,9,1.75,eigen,402,0.3855763509378004,4.266231403851946,71.25260670778454,1.3996929265609525e-09
final_reproduction_candidate,paper_exact_reconstructed_metadata,supplemental,9,1.75,eigen,403,0.38557635093780407,4.61714400444318,101.20457915968642,1.3996929265609525e-09
final_reproduction_candidate,paper_exact_reconstructed_metadata,supplemental,9,1.75,eigen,404,0.3855763509378079,4.555882736275144,95.19074648404263,1.3996929265609525e-09
final_reproduction_candidate,paper_exact_reconstructed_metadata,supplemental,9,1.75,eigen,405,0.47557269012739334,4.7189923759154535,112.05528615834544,8.204403797279372e-10
final_reproduction_candidate,paper_exact_reconstructed_metadata,supplemental,9,1.75,eigen,406,0.4755726901273937,4.532298827161247,92.9720422659237,8.204403797279372e-10
final_reproduction_candidate,paper_exact_reconstructed_metadata,supplemental,9,1.75,eigen,407,0.4755726901273943,4.410375251780202,82.30034105990444,8.204403797279372e-10
final_reproduction_candidate,paper_exact_reconstructed_metadata,supplemental,9,1.75,eigen,408,0.4755726901273938,4.476812555011722,87.95387725814776,8.204403797279372e-10
final_reproduction_candidate,paper_exact_reconstructed_metadata,supplemental,9,1.75,eigen,409,0.4755726901273941,4.482949926009539,88.49534272116354,8.204403797279372e-10
final_reproduction_candidate,paper_exact_reconstructed_metadata,supplemental,9,1.75,eigen,410,0.47557269012739667,4.548018282014445,94.44505926715193,8.204403797279345e-10
final_reproduction_candidate,paper_exact_reconstructed_metadata,supplemental,9,1.75,eigen,411,0.4755726901273939,4.153622047351374,63.664177856251655,8.204403797279345e-10
final_reproduction_candidate,paper_exact_reconstructed_metadata,supplemental,9,1.75,eigen,412,0.4755726901273949,3.691218229444375,40.093660495953685,8.204403797279315e-10
final_reproduction_candidate,paper_exact_reconstructed_metadata,supplemental,9,1.75,eigen,413,0.5077033584039504,3.1743561501261803,23.911419546701566,6.746020483510728e-10
final_reproduction_candidate,paper_exact_reconstructed_metadata,supplemental,9,1.75,eigen,414,0.48087601956767095,4.332619829822254,76.14350852583593,6.330388962591713e-10
final_reproduction_candidate,paper_exact_reconstructed_metadata,supplemental,9,1.75,eigen,415,0.48087601956767045,4.421708150930626,83.2383476528883,6.330388962591713e-10
final_reproduction_candidate,paper_exact_reconstructed_metadata,supplemental,9,1.75,eigen,416,0.48087601956766945,4.408616492858343,82.15572181326684,6.330388962591713e-10
final_reproduction_candidate,paper_exact_reconstructed_metadata,supplemental,9,1.75,eigen,417,0.48087601956767145,4.427956935890856,83.76011469503996,6.330388962591713e-10
final_reproduction_candidate,paper_exact_reconstructed_metadata,supplemental,9,1.75,eigen,418,0.5299577105650318,3.5546131637917506,34.974288029572925,6.283145109736855e-10
final_reproduction_candidate,paper_exact_reconstructed_metadata,supplemental,9,1.75,eigen,419,0.5299577105650333,3.554613163791781,34.974288029573984,6.283145109736833e-10
final_reproduction_candidate,paper_exact_reconstructed_metadata,supplemental,9,1.75,eigen,420,0.4713130907899052,3.283275005094726,26.66295116790528,5.993085923811358e-10
final_reproduction_candidate,paper_exact_reconstructed_metadata,supplemental,9,1.75,eigen,421,0.5626429308507842,4.007255561439377,54.995730857075486,4.746618468480025e-10
final_reproduction_candidate,paper_exact_reconstructed_metadata,supplemental,9,1.75,eigen,422,0.5626429308507823,3.8620829916252215,47.56432434239478,4.746618468480008e-10
final_reproduction_candidate,paper_exact_reconstructed_metadata,supplemental,9,1.75,eigen,423,0.5626429308507844,4.015642829478821,55.45893458432309,4.746618468480008e-10
final_reproduction_candidate,paper_exact_reconstructed_metadata,supplemental,9,1.75,eigen,424,0.562642930850787,4.018852024684816,55.637199021014034,4.746618468479974e-10
final_reproduction_candidate,paper_exact_reconstructed_metadata,supplemental,9,1.75,eigen,425,0.5825894935974893,3.538272805764585,34.40743950798775,4.2950086817543547e-10
final_reproduction_candidate,paper_exact_reconstructed_metadata,supplemental,9,1.75,eigen,426,0.5825894935974876,3.538272805764593,34.40743950798803,4.295008681754339e-10
final_reproduction_candidate,paper_exact_reconstructed_metadata,supplemental,9,1.75,eigen,427,0.5996127945074622,3.430542071348588,30.893384630289173,3.0215334195269314e-10
final_reproduction_candidate,paper_exact_reconstructed_metadata,supplemental,9,1.75,eigen,428,0.5996127945074646,3.430542071348567,30.893384630288526,3.0215334195269206e-10
final_reproduction_candidate,paper_exact_reconstructed_metadata,supplemental,9,1.75,eigen,429,0.6472549766967624,3.455613644761816,31.677721587133117,2.480238851991279e-10
final_reproduction_candidate,paper_exact_reconstructed_metadata,supplemental,9,1.75,eigen,430,0.6472549766967625,3.45561364476182,31.67772158713324,2.48023885199127e-10
final_reproduction_candidate,paper_exact_reconstructed_metadata,supplemental,9,1.75,eigen,431,0.6579425994806538,3.8755508128079805,48.209245248971634,2.1467523763464074e-10
final_reproduction_candidate,paper_exact_reconstructed_metadata,supplemental,9,1.75,eigen,432,0.6579425994806506,3.8395791397958714,46.50589783891438,2.1467523763463924e-10
final_reproduction_candidate,paper_exact_reconstructed_metadata,supplemental,9,1.75,eigen,433,0.6579425994806546,3.4884142953520265,32.734000074251654,2.1467523763463924e-10
final_reproduction_candidate,paper_exact_reconstructed_metadata,supplemental,9,1.75,eigen,434,0.6579425994806541,3.85247590478795,47.10955773697634,2.1467523763463924e-10
final_reproduction_candidate,paper_exact_reconstructed_metadata,supplemental,9,1.75,eigen,435,0.2980417727108219,3.0730767863567525,21.608284576347906,1.0170772555361221e-10
final_reproduction_candidate,paper_exact_reconstructed_metadata,supplemental,9,1.75,eigen,436,0.7712950810768299,3.126982093146924,22.805052063492678,9.134270770760763e-11
final_reproduction_candidate,paper_exact_reconstructed_metadata,supplemental,9,1.75,eigen,437,0.7712950810768313,3.1269820931469257,22.805052063492717,9.134270770760731e-11
final_reproduction_candidate,paper_exact_reconstructed_metadata,supplemental,9,1.75,eigen,438,0.31518582049224647,3.9513024445999254,52.00305384263103,8.842430876510114e-11
final_reproduction_candidate,paper_exact_reconstructed_metadata,supplemental,9,1.75,eigen,439,0.31518582049224597,3.9513024445999325,52.0030538426314,8.842430876510114e-11
final_reproduction_candidate,paper_exact_reconstructed_metadata,supplemental,9,1.75,eigen,440,0.8081818405573554,2.4416819845236355,11.492354457894876,6.831502775026548e-11
final_reproduction_candidate,paper_exact_reconstructed_metadata,supplemental,9,1.75,eigen,441,0.3478710407779981,3.3075872900380743,27.31913274953081,6.680037619958595e-11
final_reproduction_candidate,paper_exact_reconstructed_metadata,supplemental,9,1.75,eigen,442,0.3627072558100977,4.397715744746057,81.2650264266442,5.873316474012279e-11
final_reproduction_candidate,paper_exact_reconstructed_metadata,supplemental,9,1.75,eigen,443,0.36270725581009966,4.0150580539698035,55.42651303820894,5.873316474012279e-11
final_reproduction_candidate,paper_exact_reconstructed_metadata,supplemental,9,1.75,eigen,444,0.36270725581009805,4.3585932080739385,78.14712031984098,5.873316474012236e-11
final_reproduction_candidate,paper_exact_reconstructed_metadata,supplemental,9,1.75,eigen,445,0.36270725581009816,4.108868960700258,60.877823405208844,5.873316474012236e-11
final_reproduction_candidate,paper_exact_reconstructed_metadata,supplemental,9,1.75,eigen,446,0.4104854891221133,3.96532089529597,52.73718979079009,3.999164799715975e-11
final_reproduction_candidate,paper_exact_reconstructed_metadata,supplemental,9,1.75,eigen,447,0.41048548912211397,3.96532089529597,52.73718979079009,3.999164799715975e-11
final_reproduction_candidate,paper_exact_reconstructed_metadata,supplemental,9,1.75,eigen,448,0.42737273890937244,3.225287815883662,25.160814795926914,3.391664322069658e-11
final_reproduction_candidate,paper_exact_reconstructed_metadata,supplemental,9,1.75,eigen,449,0.443170709407867,4.466111467607474,87.01769315778306,3.0211795470727465e-11
final_reproduction_candidate,paper_exact_reconstructed_metadata,supplemental,9,1.75,eigen,450,0.44317070940786435,4.593740059503075,98.86349492334975,3.021179547072726e-11
final_reproduction_candidate,paper_exact_reconstructed_metadata,supplemental,9,1.75,eigen,451,0.44317070940786735,4.527213745568653,92.50047184835374,3.021179547072726e-11
final_reproduction_candidate,paper_exact_reconstructed_metadata,supplemental,9,1.75,eigen,452,0.4431707094078676,4.557302491713947,95.32599004776199,3.021179547072726e-11
final_reproduction_candidate,paper_exact_reconstructed_metadata,supplemental,9,1.75,eigen,453,0.4867473601901671,4.56060877519793,95.64168639747832,2.1630361508499778e-11
final_reproduction_candidate,paper_exact_reconstructed_metadata,supplemental,9,1.75,eigen,454,0.4867473601901693,4.625811773905831,102.08560989004094,2.1630361508499778e-11
final_reproduction_candidate,paper_exact_reconstructed_metadata,supplemental,9,1.75,eigen,455,0.48674736019016673,4.609047285800486,100.3884625486659,2.1630361508499778e-11
final_reproduction_candidate,paper_exact_reconstructed_metadata,supplemental,9,1.75,eigen,456,0.48674736019016673,4.623054663490719,101.80453624536878,2.1630361508499622e-11
final_reproduction_candidate,paper_exact_reconstructed_metadata,supplemental,9,1.75,eigen,457,0.5384703780377372,3.3708680612381587,29.10377995894528,1.3663883910443003e-11
final_reproduction_candidate,paper_exact_reconstructed_metadata,supplemental,9,1.75,eigen,458,0.5607247301988172,3.8266690938856853,45.90936349093572,1.2726342231210217e-11
final_reproduction_candidate,paper_exact_reconstructed_metadata,supplemental,9,1.75,eigen,459,0.5607247301988176,3.8266690938856818,45.909363490935554,1.2726342231210173e-11
final_reproduction_candidate,paper_exact_reconstructed_metadata,supplemental,9,1.75,eigen,460,0.5514128432894404,4.414138694614354,82.610657251074,1.2490885809824435e-11
final_reproduction_candidate,paper_exact_reconstructed_metadata,supplemental,9,1.75,eigen,461,0.5514128432894427,4.2862539454843676,72.69364345860282,1.2490885809824435e-11
final_reproduction_candidate,paper_exact_reconstructed_metadata,supplemental,9,1.75,eigen,462,0.5514128432894424,4.050694675496724,57.43734350489896,1.2490885809824388e-11
final_reproduction_candidate,paper_exact_reconstructed_metadata,supplemental,9,1.75,eigen,463,0.5514128432894426,4.412842488084592,82.50364614694608,1.2490885809824344e-11
final_reproduction_candidate,paper_exact_reconstructed_metadata,supplemental,9,1.75,eigen,464,0.5934099504845688,4.20681878523948,67.14260465870669,9.614148649415709e-12
final_reproduction_candidate,paper_exact_reconstructed_metadata,supplemental,9,1.75,eigen,465,0.5934099504845656,3.8533868768495565,47.15249278125306,9.614148649415709e-12
final_reproduction_candidate,paper_exact_reconstructed_metadata,supplemental,9,1.75,eigen,466,0.5934099504845705,4.29929928934307,73.64816955764242,9.614148649415709e-12
final_reproduction_candidate,paper_exact_reconstructed_metadata,supplemental,9,1.75,eigen,467,0.5934099504845722,3.996788097678599,54.42306743293088,9.614148649415639e-12
final_reproduction_candidate,paper_exact_reconstructed_metadata,supplemental,9,1.75,eigen,468,0.6584296467595365,3.9292621843438105,50.86943155682583,6.538983736245181e-12
final_reproduction_candidate,paper_exact_reconstructed_metadata,supplemental,9,1.75,eigen,469,0.6584296467595376,4.389023049043292,80.5616757164212,6.538983736245181e-12
final_reproduction_candidate,paper_exact_reconstructed_metadata,supplemental,9,1.75,eigen,470,0.6584296467595377,4.196545281418881,66.45634602945839,6.538983736245181e-12
final_reproduction_candidate,paper_exact_reconstructed_metadata,supplemental,9,1.75,eigen,471,0.658429646759537,4.329726851686633,75.92354534824483,6.538983736245158e-12
final_reproduction_candidate,paper_exact_reconstructed_metadata,supplemental,9,1.75,eigen,472,0.6754529476695103,3.1390086731910736,23.08097472478304,4.6001671597873385e-12
final_reproduction_candidate,paper_exact_reconstructed_metadata,supplemental,9,1.75,eigen,473,0.6887096191144397,4.091148660031834,59.80855195614617,4.348189473566444e-12
final_reproduction_candidate,paper_exact_reconstructed_metadata,supplemental,9,1.75,eigen,474,0.6887096191144348,4.239501498955833,69.37326057474712,4.348189473566429e-12
final_reproduction_candidate,paper_exact_reconstructed_metadata,supplemental,9,1.75,eigen,475,0.6887096191144368,3.6313134421681674,37.762382764815655,4.3481894735664136e-12
final_reproduction_candidate,paper_exact_reconstructed_metadata,supplemental,9,1.75,eigen,476,0.6887096191144408,4.233660445352764,68.96922877553459,4.348189473566382e-12
final_reproduction_candidate,paper_exact_reconstructed_metadata,supplemental,9,1.75,eigen,477,0.7377913101117993,3.706109972729955,40.69519281137068,4.3157388256065416e-12
final_reproduction_candidate,paper_exact_reconstructed_metadata,supplemental,9,1.75,eigen,478,0.7377913101118003,3.7061099727299864,40.69519281137197,4.315738825606511e-12
final_reproduction_candidate,paper_exact_reconstructed_metadata,supplemental,9,1.75,eigen,479,0.7230951298588072,4.064981922618883,58.26385525511506,3.776067225212194e-12
final_reproduction_candidate,paper_exact_reconstructed_metadata,supplemental,9,1.75,eigen,480,0.7230951298588101,4.123129894844716,61.75221805887224,3.776067225212167e-12
final_reproduction_candidate,paper_exact_reconstructed_metadata,supplemental,9,1.75,eigen,481,0.7230951298588488,3.8462684949197135,46.81803513959242,3.776067225212167e-12
final_reproduction_candidate,paper_exact_reconstructed_metadata,supplemental,9,1.75,eigen,482,0.7230951298588139,4.148176448791444,63.31843055591341,3.776067225212167e-12
final_reproduction_candidate,paper_exact_reconstructed_metadata,supplemental,9,1.75,eigen,483,0.7867293504771049,3.492876689984279,32.88039850131721,3.2967586548872365e-12
final_reproduction_candidate,paper_exact_reconstructed_metadata,supplemental,9,1.75,eigen,484,0.7867293504770694,3.492876689984354,32.880398501319675,3.2967586548872365e-12
final_reproduction_candidate,paper_exact_reconstructed_metadata,supplemental,9,1.75,eigen,485,0.7704765303975571,3.808151599927804,45.06705987446508,3.2603362260430385e-12
final_reproduction_candidate,paper_exact_reconstructed_metadata,supplemental,9,1.75,eigen,486,0.770476530397511,4.182779794914189,65.54780966397422,3.2603362260430385e-12
final_reproduction_candidate,paper_exact_reconstructed_metadata,supplemental,9,1.75,eigen,487,0.7704765303975626,3.992588316679043,54.194981758580084,3.2603362260430385e-12
final_reproduction_candidate,paper_exact_reconstructed_metadata,supplemental,9,1.75,eigen,488,0.7704765303975526,4.248024922020234,69.96708533878022,3.2603362260430037e-12
final_reproduction_candidate,paper_exact_reconstructed_metadata,supplemental,9,1.75,eigen,489,0.8513948335763671,3.3274704791691927,27.867760392002868,1.9037793651560174e-12
final_reproduction_candidate,paper_exact_reconstructed_metadata,supplemental,9,1.75,eigen,490,0.8513948335763692,3.327470479169187,27.867760392002708,1.903779365156011e-12
final_reproduction_candidate,paper_exact_reconstructed_metadata,supplemental,9,1.75,eigen,491,0.8657761990274094,4.009389989612589,55.11324065792558,1.4745517440308309e-12
final_reproduction_candidate,paper_exact_reconstructed_metadata,supplemental,9,1.75,eigen,492,0.8657761990274218,4.040511764003989,56.85543192494247,1.4745517440308309e-12
final_reproduction_candidate,paper_exact_reconstructed_metadata,supplemental,9,1.75,eigen,493,0.8657761990274229,3.775682848164996,43.62728896094758,1.4745517440308309e-12
final_reproduction_candidate,paper_exact_reconstructed_metadata,supplemental,9,1.75,eigen,494,0.8657761990274209,4.04685584080322,57.21727371398139,1.4745517440308151e-12
final_reproduction_candidate,paper_exact_reconstructed_metadata,supplemental,9,1.75,eigen,495,0.8471352342388756,3.8244311940820883,45.80673781122111,1.390657212549971e-12
final_reproduction_candidate,paper_exact_reconstructed_metadata,supplemental,9,1.75,eigen,496,0.8471352342388861,4.032274112193145,56.38900046081166,1.390657212549971e-12
final_reproduction_candidate,paper_exact_reconstructed_metadata,supplemental,9,1.75,eigen,497,0.8471352342388903,3.4912522930414895,32.82703103922002,1.390657212549961e-12
final_reproduction_candidate,paper_exact_reconstructed_metadata,supplemental,9,1.75,eigen,498,0.8471352342388832,4.020694541709373,55.73980600593911,1.390657212549956e-12
final_reproduction_candidate,paper_exact_reconstructed_metadata,supplemental,9,1.75,eigen,499,0.8389488601911402,2.8442584150226717,17.18880698024471,1.383702600370008e-12
final_reproduction_candidate,paper_exact_reconstructed_metadata,supplemental,9,1.75,eigen,500,0.975434937956438,3.1105131697026094,22.432553154152885,7.011274819423291e-13
final_reproduction_candidate,paper_exact_reconstructed_metadata,supplemental,9,1.75,eigen,501,0.9754349379564375,3.1105131697026294,22.432553154153336,7.011274819423291e-13
final_reproduction_candidate,paper_exact_reconstructed_metadata,supplemental,9,1.75,eigen,502,1.016015440104122,2.9027320445340536,18.223865832293722,4.692392304887542e-13
final_reproduction_candidate,paper_exact_reconstructed_metadata,supplemental,9,1.75,eigen,503,1.016015440104122,3.489067629079307,32.75539328822211,4.692392304887526e-13
final_reproduction_candidate,paper_exact_reconstructed_metadata,supplemental,9,1.75,eigen,504,1.0160154401041224,3.0098756817324164,20.284877987593156,4.69239230488751e-13
final_reproduction_candidate,paper_exact_reconstructed_metadata,supplemental,9,1.75,eigen,505,1.0160154401041241,3.383534760560803,29.474773460069507,4.69239230488751e-13
final_reproduction_candidate,paper_exact_reconstructed_metadata,supplemental,9,1.75,eigen,506,1.01881752080825,2.3762570812021178,10.764536580878124,4.2040374091681027e-13
final_reproduction_candidate,paper_exact_reconstructed_metadata,supplemental,9,1.75,eigen,507,1.1471172245258057,2.621246751234356,13.75285929517662,2.1195490420508646e-13
final_reproduction_candidate,paper_exact_reconstructed_metadata,supplemental,9,1.75,eigen,508,1.1471172245258054,2.6212467512343527,13.752859295176577,2.1195490420508568e-13
final_reproduction_candidate,paper_exact_reconstructed_metadata,supplemental,9,1.75,eigen,509,1.1930820200171048,1.9834365504061984,7.267675853500226,1.5912773118356312e-13
final_reproduction_candidate,paper_exact_reconstructed_metadata,supplemental,9,1.75,eigen,510,1.2229573776878575,2.3404398903020143,10.385804172568688,3.2269310125080763e-15
final_reproduction_candidate,paper_exact_reconstructed_metadata,supplemental,9,1.75,eigen,511,1.2238490396508914,2.3330672752107433,10.309515206143404,3.2230895994742567e-15
final_reproduction_candidate,paper_exact_reconstructed_metadata,supplemental,9,1.75,min_variance,0,-1.2588447808534704,1.5577228609890705,4.7479970763802495,0.192530109026566
final_reproduction_candidate,paper_exact_reconstructed_metadata,supplemental,9,1.75,min_variance,1,-1.2210134629727,1.3137706406739469,3.720174741390655,0.15846431716618245
final_reproduction_candidate,paper_exact_reconstructed_metadata,supplemental,9,1.75,min_variance,2,-1.2144791178733598,1.2220828484776916,3.3942500847864583,0.16059641986966053
final_reproduction_candidate,paper_exact_reconstructed_metadata,supplemental,9,1.75,min_variance,3,-1.148017251842413,1.2319256085939951,3.4278238322656644,0.093647855377713
final_reproduction_candidate,paper_exact_reconstructed_metadata,supplemental,9,1.75,min_variance,4,-1.1276852920044869,1.175596072402002,3.2400736868546676,0.09829646968243372
final_reproduction_candidate,paper_exact_reconstructed_metadata,supplemental,9,1.75,min_variance,5,-1.100374142982813,1.5645239287188888,4.780398583607367,0.03603738464796791
final_reproduction_candidate,paper_exact_reconstructed_metadata,supplemental,9,1.75,min_variance,6,-1.0815303621482832,1.5507947954669319,4.715216326246244,0.004926159805851358
final_reproduction_candidate,paper_exact_reconstructed_metadata,supplemental,9,1.75,min_variance,7,-1.0607592710419378,1.6715476495389996,5.3203955364097055,0.03397014826206855
final_reproduction_candidate,paper_exact_reconstructed_metadata,supplemental,9,1.75,min_variance,8,-1.0485372149297933,1.3685244813778694,3.9295482940630837,0.0123140934450084
final_reproduction_candidate,paper_exact_reconstructed_metadata,supplemental,9,1.75,min_variance,9,-1.038433812835318,1.3926464900286477,4.025489385860395,0.025093859248671583
final_reproduction_candidate,paper_exact_reconstructed_metadata,supplemental,9,1.75,min_variance,10,-1.0134433801663978,1.7431068214340713,5.7150715761786195,0.019860654611177128
final_reproduction_candidate,paper_exact_reconstructed_metadata,supplemental,9,1.75,min_variance,11,-1.0049988778427659,1.8337892376436509,6.257553147174713,0.023334210533341043
final_reproduction_candidate,paper_exact_reconstructed_metadata,supplemental,9,1.75,min_variance,12,-0.9674099594058814,1.9012693180445923,6.694386357069273,0.0004411473096697952
final_reproduction_candidate,paper_exact_reconstructed_metadata,supplemental,9,1.75,min_variance,13,-0.9652214969060791,1.602822226828711,4.967030749319451,0.00042421152435906205
final_reproduction_candidate,paper_exact_reconstructed_metadata,supplemental,9,1.75,min_variance,14,-0.9557375129611985,1.652524300028781,5.220140410149077,0.003766367767975387
final_reproduction_candidate,paper_exact_reconstructed_metadata,supplemental,9,1.75,min_variance,15,-0.942121616744442,1.817344417391121,6.155490313008562,0.0004477327386929158
final_reproduction_candidate,paper_exact_reconstructed_metadata,supplemental,9,1.75,min_variance,16,-0.9200366374026991,1.9312457085363488,6.898097911056558,0.00114985769925443
final_reproduction_candidate,paper_exact_reconstructed_metadata,supplemental,9,1.75,min_variance,17,-0.9114480855519655,1.820285174114857,6.173618755138838,0.0007591201023204467
final_reproduction_candidate,paper_exact_reconstructed_metadata,supplemental,9,1.75,min_variance,18,-0.9061138788079037,2.0600393846100205,7.846278826864869,0.0006605754968943493
final_reproduction_candidate,paper_exact_reconstructed_metadata,supplemental,9,1.75,min_variance,19,-0.9003740296386589,1.1000063688167294,3.0041851569901916,0.0004227552004583488
final_reproduction_candidate,paper_exact_reconstructed_metadata,supplemental,9,1.75,min_variance,20,-0.8738094735470111,2.129812012784775,8.413285072739741,0.00024855086463045523
final_reproduction_candidate,paper_exact_reconstructed_metadata,supplemental,9,1.75,min_variance,21,-0.8661152929119749,1.895151848031393,6.653558657712391,0.0006541666453683578
final_reproduction_candidate,paper_exact_reconstructed_metadata,supplemental,9,1.75,min_variance,22,-0.8538123279353169,2.332689706246725,10.305623387928609,0.0003710200221257765
final_reproduction_candidate,paper_exact_reconstructed_metadata,supplemental,9,1.75,min_variance,23,-0.8422118673943574,2.029520171954225,7.610433782976312,0.0003354886941331191
final_reproduction_candidate,paper_exact_reconstructed_metadata,supplemental,9,1.75,min_variance,24,-0.8394424689557476,2.1041860488603445,8.200425546680814,0.01562929578127323
final_reproduction_candidate,paper_exact_reconstructed_metadata,supplemental,9,1.75,min_variance,25,-0.8311545808500457,1.930972955998727,6.896216693911591,0.00023325620029165245
final_reproduction_candidate,paper_exact_reconstructed_metadata,supplemental,9,1.75,min_variance,26,-0.8283119311475698,2.173549302661188,8.789425073377364,0.008245847991244658
final_reproduction_candidate,paper_exact_reconstructed_metadata,supplemental,9,1.75,min_variance,27,-0.8141267770293165,2.0738599643982174,7.955471766238703,0.0015593217638942255
final_reproduction_candidate,paper_exact_reconstructed_metadata,supplemental,9,1.75,min_variance,28,-0.8087001899160176,2.241271593871854,9.405283387442251,0.0051417599880149364
final_reproduction_candidate,paper_exact_reconstructed_metadata,supplemental,9,1.75,min_variance,29,-0.8080637968808583,2.527488357258321,12.522015776918543,0.00031905184020197147
final_reproduction_candidate,paper_exact_reconstructed_metadata,supplemental,9,1.75,min_variance,30,-0.7962108813908658,2.365718757819649,10.651692053724949,0.005123918558804266
final_reproduction_candidate,paper_exact_reconstructed_metadata,supplemental,9,1.75,min_variance,31,-0.7959697121280409,2.0191705222150693,7.532074653186629,0.02032943347394822
final_reproduction_candidate,paper_exact_reconstructed_metadata,supplemental,9,1.75,min_variance,32,-0.7894778511410244,2.2229665815050166,9.234685718477834,0.0020915402064945183
final_reproduction_candidate,paper_exact_reconstructed_metadata,supplemental,9,1.75,min_variance,33,-0.7853482063405517,2.383333112771254,10.840976909693039,0.00799988694249946
final_reproduction_candidate,paper_exact_reconstructed_metadata,supplemental,9,1.75,min_variance,34,-0.7695442542233021,2.4250103176874247,11.30234603275152,0.016947959410194276
final_reproduction_candidate,paper_exact_reconstructed_metadata,supplemental,9,1.75,min_variance,35,-0.7682268802938981,2.3240319098378515,10.216784528077381,0.006382153238377988
final_reproduction_candidate,paper_exact_reconstructed_metadata,supplemental,9,1.75,min_variance,36,-0.7673912763767469,2.5942477265228368,13.38651325376844,0.0010235135690730489
final_reproduction_candidate,paper_exact_reconstructed_metadata,supplemental,9,1.75,min_variance,37,-0.7601256551495612,2.3991545134593797,11.013860372211715,0.007565943000493612
final_reproduction_candidate,paper_exact_reconstructed_metadata,supplemental,9,1.75,min_variance,38,-0.7523106052447284,2.477080103693506,11.906448018854427,0.0067237865670591165
final_reproduction_candidate,paper_exact_reconstructed_metadata,supplemental,9,1.75,min_variance,39,-0.7500486101544851,2.632997782540232,13.915422849355139,0.008940631159245219
final_reproduction_candidate,paper_exact_reconstructed_metadata,supplemental,9,1.75,min_variance,40,-0.7469741259323536,2.349816103446639,10.483641641884498,0.005218902474013254
final_reproduction_candidate,paper_exact_reconstructed_metadata,supplemental,9,1.75,min_variance,41,-0.7334747079046562,2.071050722761783,7.933154285990034,0.0014589484590477155
final_reproduction_candidate,paper_exact_reconstructed_metadata,supplemental,9,1.75,min_variance,42,-0.7253237277944271,1.880274483017365,6.555303934876193,0.001122109818235252
final_reproduction_candidate,paper_exact_reconstructed_metadata,supplemental,9,1.75,min_variance,43,-0.7248674355315008,2.5652255008447593,13.003590359686113,0.00036471845554255543
final_reproduction_candidate,paper_exact_reconstructed_metadata,supplemental,9,1.75,min_variance,44,-0.7217795745926999,2.5554945968289267,12.87766733610393,0.0001714398383606179
final_reproduction_candidate,paper_exact_reconstructed_metadata,supplemental,9,1.75,min_variance,45,-0.7202925041753896,2.6565863568604327,14.247569871812162,0.00027458005482961916
final_reproduction_candidate,paper_exact_reconstructed_metadata,supplemental,9,1.75,min_variance,46,-0.7113136640869683,2.169622253208282,8.754976251836144,0.00032207815229845125
final_reproduction_candidate,paper_exact_reconstructed_metadata,supplemental,9,1.75,min_variance,47,-0.7098989792541671,2.585426754461778,13.26895046568779,0.0005216238451044618
final_reproduction_candidate,paper_exact_reconstructed_metadata,supplemental,9,1.75,min_variance,48,-0.697844132601581,2.0785701556925673,7.993031948473991,0.0009956606569437572
final_reproduction_candidate,paper_exact_reconstructed_metadata,supplemental,9,1.75,min_variance,49,-0.6943976273096182,2.4669813300268393,11.78681259741201,0.00010105867403536833
final_reproduction_candidate,paper_exact_reconstructed_metadata,supplemental,9,1.75,min_variance,50,-0.692656478127971,2.0255333484479814,7.580152729394905,0.0009440640337799518
final_reproduction_candidate,paper_exact_reconstructed_metadata,supplemental,9,1.75,min_variance,51,-0.6919312725250387,2.5924788822608287,13.362855526197427,0.0002303858769446222
final_reproduction_candidate,paper_exact_reconstructed_metadata,supplemental,9,1.75,min_variance,52,-0.6901544606726938,2.598646996909071,13.445533873745168,0.00028198680227678956
final_reproduction_candidate,paper_exact_reconstructed_metadata,supplemental,9,1.75,min_variance,53,-0.6893822056969623,2.4477283615195846,11.562052062176445,0.00029076573309078004
final_reproduction_candidate,paper_exact_reconstructed_metadata,supplemental,9,1.75,min_variance,54,-0.6852572661146272,2.7136793815269753,15.084675810480723,0.0003347592553336524
final_reproduction_candidate,paper_exact_reconstructed_metadata,supplemental,9,1.75,min_variance,55,-0.6808898936447606,2.5760659287427257,13.145321669458482,0.00029105339667074616
final_reproduction_candidate,paper_exact_reconstructed_metadata,supplemental,9,1.75,min_variance,56,-0.6630496746510949,2.4204146733953653,11.250523640566795,1.537214545824542e-05
final_reproduction_candidate,paper_exact_reconstructed_metadata,supplemental,9,1.75,min_variance,57,-0.6557105594864588,2.4984857506373266,12.164060586872228,1.6497644922212247e-05
final_reproduction_candidate,paper_exact_reconstructed_metadata,supplemental,9,1.75,min_variance,58,-0.6467759015736605,2.1258375416834827,8.379913076298758,0.00018758026683278389
final_reproduction_candidate,paper_exact_reconstructed_metadata,supplemental,9,1.75,min_variance,59,-0.6376987802489442,2.4473552793495146,11.557739271265346,0.0001464281031253506
final_reproduction_candidate,paper_exact_reconstructed_metadata,supplemental,9,1.75,min_variance,60,-0.6329867064954585,2.439113914676353,11.462879152457933,0.00011881807861537078
final_reproduction_candidate,paper_exact_reconstructed_metadata,supplemental,9,1.75,min_variance,61,-0.6287824748057713,2.4244100103015715,11.295563187050472,6.618143876739734e-05
final_reproduction_candidate,paper_exact_reconstructed_metadata,supplemental,9,1.75,min_variance,62,-0.6277639214426084,1.5364465537583865,4.648044315213648,6.798706573227094e-05
final_reproduction_candidate,paper_exact_reconstructed_metadata,supplemental,9,1.75,min_variance,63,-0.6229477532465524,2.3281546581577364,10.258992706388709,2.2076798396440008e-05
final_reproduction_candidate,paper_exact_reconstructed_metadata,supplemental,9,1.75,min_variance,64,-0.6198811579076374,1.7989081827202784,6.043045959249566,2.7091015227190143e-05
final_reproduction_candidate,paper_exact_reconstructed_metadata,supplemental,9,1.75,min_variance,65,-0.6195066971275299,2.413490603177261,11.172893294025089,0.0001513461242923085
final_reproduction_candidate,paper_exact_reconstructed_metadata,supplemental,9,1.75,min_variance,66,-0.6165772286203272,1.9352375823884944,6.925689281733659,5.682505580555323e-05
final_reproduction_candidate,paper_exact_reconstructed_metadata,supplemental,9,1.75,min_variance,67,-0.6065022254101758,2.1964977355930824,8.993460801081024,2.7419270958714815e-05
final_reproduction_candidate,paper_exact_reconstructed_metadata,supplemental,9,1.75,min_variance,68,-0.6052991859440873,2.172420009006193,8.77950483389697,1.1560685383509866e-05
final_reproduction_candidate,paper_exact_reconstructed_metadata,supplemental,9,1.75,min_variance,69,-0.6003966236843126,2.5974353233347394,13.429252141721797,1.3754124215199444e-05
final_reproduction_candidate,paper_exact_reconstructed_metadata,supplemental,9,1.75,min_variance,70,-0.5972742801349049,2.303135293412476,10.005503518064437,6.106753779647579e-05
final_reproduction_candidate,paper_exact_reconstructed_metadata,supplemental,9,1.75,min_variance,71,-0.5934202208078964,2.385270646569461,10.862002030725032,6.587403047709033e-05
final_reproduction_candidate,paper_exact_reconstructed_metadata,supplemental,9,1.75,min_variance,72,-0.5848129759618556,2.5954232413022744,13.4022585505448,1.7172809705567787e-05
final_reproduction_candidate,paper_exact_reconstructed_metadata,supplemental,9,1.75,min_variance,73,-0.5810953951572473,2.245010338503438,9.440513156733559,0.00010925530684048009
final_reproduction_candidate,paper_exact_reconstructed_metadata,supplemental,9,1.75,min_variance,74,-0.5713294741269902,2.4227673627767863,11.277023789156962,6.394519491369301e-05
final_reproduction_candidate,paper_exact_reconstructed_metadata,supplemental,9,1.75,min_variance,75,-0.5661256448777209,2.6214400079232965,13.755517384065929,0.00011407183975803336
final_reproduction_candidate,paper_exact_reconstructed_metadata,supplemental,9,1.75,min_variance,76,-0.5656543607752189,2.583942488335887,13.249270420810431,7.494572874382705e-05
final_reproduction_candidate,paper_exact_reconstructed_metadata,supplemental,9,1.75,min_variance,77,-0.5652575655001487,2.490289165838366,12.064764333777608,0.000140041035749389
final_reproduction_candidate,paper_exact_reconstructed_metadata,supplemental,9,1.75,min_variance,78,-0.563895940603531,2.5159727877164473,12.378644717483972,0.00011848881312991882
final_reproduction_candidate,paper_exact_reconstructed_metadata,supplemental,9,1.75,min_variance,79,-0.5629468749103759,2.488085282601047,12.038204280278942,0.00011458790559751171
final_reproduction_candidate,paper_exact_reconstructed_metadata,supplemental,9,1.75,min_variance,80,-0.5611478379130569,2.2625329092386197,9.60739302859376,4.917857158288606e-05
final_reproduction_candidate,paper_exact_reconstructed_metadata,supplemental,9,1.75,min_variance,81,-0.5510675339359778,2.1501934838253867,8.586519589122686,5.5383900422375666e-05
final_reproduction_candidate,paper_exact_reconstructed_metadata,supplemental,9,1.75,min_variance,82,-0.5455945366030853,2.468514385705507,11.804896295514117,3.4091491390815234e-05
final_reproduction_candidate,paper_exact_reconstructed_metadata,supplemental,9,1.75,min_variance,83,-0.5421700762969572,2.627203634883677,13.83502796948391,6.195439457811169e-05
final_reproduction_candidate,paper_exact_reconstructed_metadata,supplemental,9,1.75,min_variance,84,-0.5416246743483611,2.3436577383769244,10.419277940397665,2.5016136594985718e-05
final_reproduction_candidate,paper_exact_reconstructed_metadata,supplemental,9,1.75,min_variance,85,-0.5394431923719347,2.423014746177737,11.27981388275172,8.14645691133197e-05
final_reproduction_candidate,paper_exact_reconstructed_metadata,supplemental,9,1.75,min_variance,86,-0.5383212829653963,2.556779465808684,12.894224085744957,9.567701184433729e-05
final_reproduction_candidate,paper_exact_reconstructed_metadata,supplemental,9,1.75,min_variance,87,-0.5356813573851853,2.4237790971025968,11.288438914780931,3.7163754573687244e-06
final_reproduction_candidate,paper_exact_reconstructed_metadata,supplemental,9,1.75,min_variance,88,-0.5338467137032281,2.5216447328449743,12.449055204532256,3.3813365945574566e-06
final_reproduction_candidate,paper_exact_reconstructed_metadata,supplemental,9,1.75,min_variance,89,-0.5237992133475919,2.74866622133389,15.621781983166752,2.5624343173123555e-05
final_reproduction_candidate,paper_exact_reconstructed_metadata,supplemental,9,1.75,min_variance,90,-0.5200198311841757,2.710532649642545,15.037282985504971,3.700376759814527e-05
final_reproduction_candidate,paper_exact_reconstructed_metadata,supplemental,9,1.75,min_variance,91,-0.5193103807908893,2.697099447083039,14.836634808273507,4.780741608584607e-05
final_reproduction_candidate,paper_exact_reconstructed_metadata,supplemental,9,1.75,min_variance,92,-0.5147196226171489,2.2661358064526897,9.642069909278035,4.4170196178382484e-05
final_reproduction_candidate,paper_exact_reconstructed_metadata,supplemental,9,1.75,min_variance,93,-0.5140208869582433,2.5337173922860723,12.600259289608728,5.948219302505738e-06
final_reproduction_candidate,paper_exact_reconstructed_metadata,supplemental,9,1.75,min_variance,94,-0.5120301428702007,2.3274300998172746,10.251562159915846,3.216150656877663e-06
final_reproduction_candidate,paper_exact_reconstructed_metadata,supplemental,9,1.75,min_variance,95,-0.504859814426344,2.6549836909901368,14.224754065784369,2.1976891827370668e-05
final_reproduction_candidate,paper_exact_reconstructed_metadata,supplemental,9,1.75,min_variance,96,-0.5018397540331617,2.6851757822006763,14.660778257637235,6.264654366288527e-06
final_reproduction_candidate,paper_exact_reconstructed_metadata,supplemental,9,1.75,min_variance,97,-0.5002454607338929,2.7275377793556888,15.295180508874571,7.2603880447859325e-06
final_reproduction_candidate,paper_exact_reconstructed_metadata,supplemental,9,1.75,min_variance,98,-0.4968647962451535,2.6753412646369354,14.517303236551538,5.6835835971072606e-05
final_reproduction_candidate,paper_exact_reconstructed_metadata,supplemental,9,1.75,min_variance,99,-0.490096162185156,2.0392672918198254,7.684976290499485,2.5501295955774433e-05
final_reproduction_candidate,paper_exact_reconstructed_metadata,supplemental,9,1.75,min_variance,100,-0.48921775731948386,2.263633431165821,9.617971995409716,2.17006617480978e-05
final_reproduction_candidate,paper_exact_reconstructed_metadata,supplemental,9,1.75,min_variance,101,-0.488580663467168,2.1114355027270113,8.260090159995526,1.9615225383138643e-05
final_reproduction_candidate,paper_exact_reconstructed_metadata,supplemental,9,1.75,min_variance,102,-0.48679533916918377,1.9989246246249723,7.381114360897261,5.041552147109023e-05
final_reproduction_candidate,paper_exact_reconstructed_metadata,supplemental,9,1.75,min_variance,103,-0.48115951787628536,2.3817958385874727,10.824324158964188,2.535148741664381e-05
final_reproduction_candidate,paper_exact_reconstructed_metadata,supplemental,9,1.75,min_variance,104,-0.47887387009970855,2.7824653121662957,16.15880839056101,4.251716743170435e-05
final_reproduction_candidate,paper_exact_reconstructed_metadata,supplemental,9,1.75,min_variance,105,-0.47614103541384156,2.2968383467878457,9.94269734754034,4.4760630888922265e-06
final_reproduction_candidate,paper_exact_reconstructed_metadata,supplemental,9,1.75,min_variance,106,-0.4715934419183186,2.3706158012542082,10.70398178039817,3.260884650276899e-05
final_reproduction_candidate,paper_exact_reconstructed_metadata,supplemental,9,1.75,min_variance,107,-0.47129227289136477,2.4895183024395826,12.05546763224159,3.292825902722838e-05
final_reproduction_candidate,paper_exact_reconstructed_metadata,supplemental,9,1.75,min_variance,108,-0.4649954133322777,2.578764206442322,13.18083929443147,3.288512522604491e-05
final_reproduction_candidate,paper_exact_reconstructed_metadata,supplemental,9,1.75,min_variance,109,-0.4479372369643866,2.6993537850545946,14.870119326021005,4.767586955125984e-06
final_reproduction_candidate,paper_exact_reconstructed_metadata,supplemental,9,1.75,min_variance,110,-0.447735209444676,2.540132067631873,12.681345655535308,8.7436790721434e-06
final_reproduction_candidate,paper_exact_reconstructed_metadata,supplemental,9,1.75,min_variance,111,-0.4425586982950166,2.560106204888768,12.937191235539414,1.4021652053598546e-05
final_reproduction_candidate,paper_exact_reconstructed_metadata,supplemental,9,1.75,min_variance,112,-0.43216615768206995,2.541874249306036,12.703458119912238,1.3541278071176587e-05
final_reproduction_candidate,paper_exact_reconstructed_metadata,supplemental,9,1.75,min_variance,113,-0.43099424695312805,2.450012316104606,11.588489443392696,1.8188376042137332e-06
final_reproduction_candidate,paper_exact_reconstructed_metadata,supplemental,9,1.75,min_variance,114,-0.43067192300138757,2.1960328331083825,8.989280690555725,1.3974602438977055e-05
final_reproduction_candidate,paper_exact_reconstructed_metadata,supplemental,9,1.75,min_variance,115,-0.42574978355199644,2.8785960234205143,17.789279906378056,2.185148571910446e-05
final_reproduction_candidate,paper_exact_reconstructed_metadata,supplemental,9,1.75,min_variance,116,-0.42109142205625755,2.411146096428094,11.146729053393672,3.4206224048645804e-06
final_reproduction_candidate,paper_exact_reconstructed_metadata,supplemental,9,1.75,min_variance,117,-0.41272207903159297,2.7299708084669034,15.33243943596115,1.3418393820945513e-06
final_reproduction_candidate,paper_exact_reconstructed_metadata,supplemental,9,1.75,min_variance,118,-0.41155913306209074,2.6672828512620073,14.400786904892641,3.5447797017165903e-05
final_reproduction_candidate,paper_exact_reconstructed_metadata,supplemental,9,1.75,min_variance,119,-0.409366357669841,2.714314128924053,15.094253808670315,7.274137706818135e-06
final_reproduction_candidate,paper_exact_reconstructed_metadata,supplemental,9,1.75,min_variance,120,-0.4072866732738656,2.2986310195473396,9.960537336084254,1.5683334697730054e-05
final_reproduction_candidate,paper_exact_reconstructed_metadata,supplemental,9,1.75,min_variance,121,-0.4037751247448732,2.77962083101879,16.112910273838846,8.733758228442581e-06
final_reproduction_candidate,paper_exact_reconstructed_metadata,supplemental,9,1.75,min_variance,122,-0.39906265425299253,2.7835933358142135,16.177046192950055,1.416793795502227e-05
final_reproduction_candidate,paper_exact_reconstructed_metadata,supplemental,9,1.75,min_variance,123,-0.3962325600956701,2.598468486692457,13.443133922795132,4.500651029868544e-06
final_reproduction_candidate,paper_exact_reconstructed_metadata,supplemental,9,1.75,min_variance,124,-0.3936433125378022,2.5442479487484495,12.733648128195778,1.9052737057406105e-05
final_reproduction_candidate,paper_exact_reconstructed_metadata,supplemental,9,1.75,min_variance,125,-0.3925391780136162,2.916782211415528,18.48172140350177,4.183717094639801e-05
final_reproduction_candidate,paper_exact_reconstructed_metadata,supplemental,9,1.75,min_variance,126,-0.38833713446587653,2.7124174094711293,15.06565137781242,3.0149629183163712e-05
final_reproduction_candidate,paper_exact_reconstructed_metadata,supplemental,9,1.75,min_variance,127,-0.38443032857139453,2.846582891932489,17.228808438399216,4.6474467964808915e-05
final_reproduction_candidate,paper_exact_reconstructed_metadata,supplemental,9,1.75,min_variance,128,-0.38386784532878715,2.726056131176223,15.27253521284255,2.602347425325998e-05
final_reproduction_candidate,paper_exact_reconstructed_metadata,supplemental,9,1.75,min_variance,129,-0.3818187658411307,2.780436889104211,16.126064711209946,3.470336276429024e-05
final_reproduction_candidate,paper_exact_reconstructed_metadata,supplemental,9,1.75,min_variance,130,-0.38176190745721406,2.5682949158304536,13.043565092942096,2.918688339544077e-05
final_reproduction_candidate,paper_exact_reconstructed_metadata,supplemental,9,1.75,min_variance,131,-0.37577201054363407,2.822876544941648,16.825179513795316,3.2124084081007035e-05
final_reproduction_candidate,paper_exact_reconstructed_metadata,supplemental,9,1.75,min_variance,132,-0.37451398229357574,2.8820372600713235,17.850602480612665,3.222333227286101e-05
final_reproduction_candidate,paper_exact_reconstructed_metadata,supplemental,9,1.75,min_variance,133,-0.37024517314120275,2.9896714024461466,19.87914917841544,3.7897340496985198e-06
final_reproduction_candidate,paper_exact_reconstructed_metadata,supplemental,9,1.75,min_variance,134,-0.3675213701766984,2.5991436345543026,13.452213090465056,1.041737067976237e-06
final_reproduction_candidate,paper_exact_reconstructed_metadata,supplemental,9,1.75,min_variance,135,-0.36347289482205564,2.841794352769716,17.146504828762176,4.2044755807583444e-06
final_reproduction_candidate,paper_exact_reconstructed_metadata,supplemental,9,1.75,min_variance,136,-0.3570769113494452,2.6833026200200227,14.633341946618401,4.212561231463815e-06
final_reproduction_candidate,paper_exact_reconstructed_metadata,supplemental,9,1.75,min_variance,137,-0.35395562513774786,2.797804231130722,16.408577741768607,7.619188616795983e-07
final_reproduction_candidate,paper_exact_reconstructed_metadata,supplemental,9,1.75,min_variance,138,-0.34947544740177205,2.9966995240442253,20.01935436855697,4.269733149897543e-06
final_reproduction_candidate,paper_exact_reconstructed_metadata,supplemental,9,1.75,min_variance,139,-0.348405545902986,3.01923333809785,20.47558781208225,1.580573341718605e-06
final_reproduction_candidate,paper_exact_reconstructed_metadata,supplemental,9,1.75,min_variance,140,-0.342997840663388,2.7282673057965767,15.306342818578928,8.516118466356055e-07
final_reproduction_candidate,paper_exact_reconstructed_metadata,supplemental,9,1.75,min_variance,141,-0.34150377029781404,2.7987681165838114,16.42440135601047,1.5116946328958735e-05
final_reproduction_candidate,paper_exact_reconstructed_metadata,supplemental,9,1.75,min_variance,142,-0.3354552434546859,2.9260696354504585,18.654168542370908,1.191910670239805e-05
final_reproduction_candidate,paper_exact_reconstructed_metadata,supplemental,9,1.75,min_variance,143,-0.3337599554144064,2.4396095956418615,11.468562491908957,1.8046137072396968e-05
final_reproduction_candidate,paper_exact_reconstructed_metadata,supplemental,9,1.75,min_variance,144,-0.32982196556258386,2.8812600904298686,17.836734923703162,3.102903206339555e-05
final_reproduction_candidate,paper_exact_reconstructed_metadata,supplemental,9,1.75,min_variance,145,-0.3266652134210601,2.7320103665918656,15.363742749000194,2.644543518803313e-05
final_reproduction_candidate,paper_exact_reconstructed_metadata,supplemental,9,1.75,min_variance,146,-0.32385948937158493,2.7731326761058646,16.008705629373054,1.0369597500758494e-05
final_reproduction_candidate,paper_exact_reconstructed_metadata,supplemental,9,1.75,min_variance,147,-0.3222271102658762,2.6883428365292605,14.70728334207158,1.964624625002601e-05
final_reproduction_candidate,paper_exact_reconstructed_metadata,supplemental,9,1.75,min_variance,148,-0.3216642424408171,2.950106515184611,19.107988910807176,2.3424102298187013e-05
final_reproduction_candidate,paper_exact_reconstructed_metadata,supplemental,9,1.75,min_variance,149,-0.31645086228261404,2.5870519534979866,13.29053268414607,9.27353662581415e-06
final_reproduction_candidate,paper_exact_reconstructed_metadata,supplemental,9,1.75,min_variance,150,-0.3106479196286224,2.908956210146801,18.337647923298967,2.4707400310034398e-05
final_reproduction_candidate,paper_exact_reconstructed_metadata,supplemental,9,1.75,min_variance,151,-0.30794710587486834,2.5152291155576085,12.369442486189136,7.960709078385621e-06
final_reproduction_candidate,paper_exact_reconstructed_metadata,supplemental,9,1.75,min_variance,152,-0.3012835263083422,2.78315443420493,16.169947619244176,2.2298659262835372e-05
final_reproduction_candidate,paper_exact_reconstructed_metadata,supplemental,9,1.75,min_variance,153,-0.29970066358070224,2.7414685141589485,15.509744660514308,1.42816356087551e-06
final_reproduction_candidate,paper_exact_reconstructed_metadata,supplemental,9,1.75,min_variance,154,-0.29931789103005957,2.699296416827378,14.869266278105927,1.1888957680616064e-05
final_reproduction_candidate,paper_exact_reconstructed_metadata,supplemental,9,1.75,min_variance,155,-0.29784484961486213,2.9868272591513154,19.82269035612179,2.2587360414117574e-06
final_reproduction_candidate,paper_exact_reconstructed_metadata,supplemental,9,1.75,min_variance,156,-0.29750103044095244,2.8299917202448923,16.945320520856043,9.466513781461708e-06
final_reproduction_candidate,paper_exact_reconstructed_metadata,supplemental,9,1.75,min_variance,157,-0.2957992175484336,2.7282714043856453,15.306405553116845,3.4259481798133503e-06
final_reproduction_candidate,paper_exact_reconstructed_metadata,supplemental,9,1.75,min_variance,158,-0.29568589239644416,2.5241172397799922,12.479873663586572,1.780366412672415e-05
final_reproduction_candidate,paper_exact_reconstructed_metadata,supplemental,9,1.75,min_variance,159,-0.2949212334659004,2.9021733495542272,18.21368709361006,1.5019984547736706e-05
final_reproduction_candidate,paper_exact_reconstructed_metadata,supplemental,9,1.75,min_variance,160,-0.2904526717070767,1.766197058233749,5.848569247381738,9.434830054723474e-06
final_reproduction_candidate,paper_exact_reconstructed_metadata,supplemental,9,1.75,min_variance,161,-0.2881707562559414,3.0336889610763476,20.773724876589934,1.6849853209103775e-05
final_reproduction_candidate,paper_exact_reconstructed_metadata,supplemental,9,1.75,min_variance,162,-0.28816539126793284,2.8323939933884135,16.986076743441068,1.7825221385142663e-05
final_reproduction_candidate,paper_exact_reconstructed_metadata,supplemental,9,1.75,min_variance,163,-0.2856888453669532,2.822425794656457,16.817597268309115,6.396668125902818e-06
final_reproduction_candidate,paper_exact_reconstructed_metadata,supplemental,9,1.75,min_variance,164,-0.2817615443281247,2.7629939862821673,15.84721834656497,4.536896457067773e-06
final_reproduction_candidate,paper_exact_reconstructed_metadata,supplemental,9,1.75,min_variance,165,-0.28116273017998733,2.9784940901731773,19.658190880671693,6.410356360607475e-06
final_reproduction_candidate,paper_exact_reconstructed_metadata,supplemental,9,1.75,min_variance,166,-0.2806907280173381,2.9154661474142003,18.45741427365771,3.3733050200573343e-06
final_reproduction_candidate,paper_exact_reconstructed_metadata,supplemental,9,1.75,min_variance,167,-0.2796876493171833,3.035450684510803,20.81035469085315,2.4078688691172504e-06
final_reproduction_candidate,paper_exact_reconstructed_metadata,supplemental,9,1.75,min_variance,168,-0.27643048980635276,2.8377827001303557,17.07785679550672,1.1636424523397985e-05
final_reproduction_candidate,paper_exact_reconstructed_metadata,supplemental,9,1.75,min_variance,169,-0.2728523529749794,2.9484304945556494,19.075990349829294,1.1898497475843543e-05
final_reproduction_candidate,paper_exact_reconstructed_metadata,supplemental,9,1.75,min_variance,170,-0.2720805755946753,2.4693368919726146,11.814609890898655,1.3413399544016533e-05
final_reproduction_candidate,paper_exact_reconstructed_metadata,supplemental,9,1.75,min_variance,171,-0.27148066054025594,3.0393434787155136,20.891523002256804,1.364514418263211e-05
final_reproduction_candidate,paper_exact_reconstructed_metadata,supplemental,9,1.75,min_variance,172,-0.2701745891214999,2.5762603362891263,13.147877467616064,1.0925600290072314e-06
final_reproduction_candidate,paper_exact_reconstructed_metadata,supplemental,9,1.75,min_variance,173,-0.2675494208142502,3.003053415437191,20.146960139268806,8.824700656747914e-06
final_reproduction_candidate,paper_exact_reconstructed_metadata,supplemental,9,1.75,min_variance,174,-0.2652537895854634,2.847845904623541,17.250582389602485,5.245541593057336e-06
final_reproduction_candidate,paper_exact_reconstructed_metadata,supplemental,9,1.75,min_variance,175,-0.25827792035873337,2.6062737324880665,13.548471445173385,1.2053693117606664e-05
final_reproduction_candidate,paper_exact_reconstructed_metadata,supplemental,9,1.75,min_variance,176,-0.2563941063646252,2.474761100977438,11.878868923917521,1.9412483394084516e-05
final_reproduction_candidate,paper_exact_reconstructed_metadata,supplemental,9,1.75,min_variance,177,-0.25269604954262587,2.5028958073093004,12.217823244471075,1.2802799937525305e-05
final_reproduction_candidate,paper_exact_reconstructed_metadata,supplemental,9,1.75,min_variance,178,-0.25181255289613025,2.6180860493071365,13.709459229763457,1.2342779894951884e-05
final_reproduction_candidate,paper_exact_reconstructed_metadata,supplemental,9,1.75,min_variance,179,-0.24903343963208402,2.6607904068974237,14.307593451119304,1.0963023539970044e-05
final_reproduction_candidate,paper_exact_reconstructed_metadata,supplemental,9,1.75,min_variance,180,-0.24360632764151469,2.799357889440373,16.434090879143525,6.424337291948685e-06
final_reproduction_candidate,paper_exact_reconstructed_metadata,supplemental,9,1.75,min_variance,181,-0.24305421049130194,2.772490444719421,15.998427636939477,1.3548457981436124e-05
final_reproduction_candidate,paper_exact_reconstructed_metadata,supplemental,9,1.75,min_variance,182,-0.23580302146889245,2.7217095847257866,15.206296488254994,1.370542885156041e-05
final_reproduction_candidate,paper_exact_reconstructed_metadata,supplemental,9,1.75,min_variance,183,-0.23576976859058363,2.313683770715727,10.111604965359508,1.1221211514665794e-05
final_reproduction_candidate,paper_exact_reconstructed_metadata,supplemental,9,1.75,min_variance,184,-0.23263093124436576,2.469080703323885,11.811583509634252,1.4823608717313082e-06
final_reproduction_candidate,paper_exact_reconstructed_metadata,supplemental,9,1.75,min_variance,185,-0.23157495923069182,2.7284178440627573,15.308647182331512,1.5693235642747364e-05
final_reproduction_candidate,paper_exact_reconstructed_metadata,supplemental,9,1.75,min_variance,186,-0.22578274051370104,2.8149035670781144,16.691566086230267,7.983883703420383e-07
final_reproduction_candidate,paper_exact_reconstructed_metadata,supplemental,9,1.75,min_variance,187,-0.22329166741199297,2.66891579831515,14.424321837851945,1.0092024741000438e-05
final_reproduction_candidate,paper_exact_reconstructed_metadata,supplemental,9,1.75,min_variance,188,-0.22189633071945364,2.3455218082821148,10.438718316320811,9.342229059776635e-07
final_reproduction_candidate,paper_exact_reconstructed_metadata,supplemental,9,1.75,min_variance,189,-0.22133024619872055,2.8486247704760843,17.264023512898724,1.0029957981508643e-05
final_reproduction_candidate,paper_exact_reconstructed_metadata,supplemental,9,1.75,min_variance,190,-0.21730999690120026,2.438064219229391,11.450852933440462,3.0428822482935473e-07
final_reproduction_candidate,paper_exact_reconstructed_metadata,supplemental,9,1.75,min_variance,191,-0.2172577582618459,2.612834410998359,13.637650829390749,1.1460433700976254e-05
final_reproduction_candidate,paper_exact_reconstructed_metadata,supplemental,9,1.75,min_variance,192,-0.216411912182117,3.079141540552024,21.739731705249337,2.301581846851002e-06
final_reproduction_candidate,paper_exact_reconstructed_metadata,supplemental,9,1.75,min_variance,193,-0.21500580750229883,2.600452609863497,13.469833234905614,7.245944346019573e-06
final_reproduction_candidate,paper_exact_reconstructed_metadata,supplemental,9,1.75,min_variance,194,-0.21471360470457665,2.599090975561841,13.451504729128294,1.0597181792855753e-05
final_reproduction_candidate,paper_exact_reconstructed_metadata,supplemental,9,1.75,min_variance,195,-0.21376127790330418,2.844532175043936,17.193513232571604,1.4757670082188952e-06
final_reproduction_candidate,paper_exact_reconstructed_metadata,supplemental,9,1.75,min_variance,196,-0.2121489638359882,2.5951393737546233,13.398454624208235,4.8087229932574685e-06
final_reproduction_candidate,paper_exact_reconstructed_metadata,supplemental,9,1.75,min_variance,197,-0.21195925478750563,2.7766387674048874,16.064932122900853,9.027039586489775e-06
final_reproduction_candidate,paper_exact_reconstructed_metadata,supplemental,9,1.75,min_variance,198,-0.202986674054423,2.67705515611519,14.542205652779632,7.386243820404575e-06
final_reproduction_candidate,paper_exact_reconstructed_metadata,supplemental,9,1.75,min_variance,199,-0.20192748928048634,2.6988474446458315,14.86259188960655,1.5522249332481888e-06
final_reproduction_candidate,paper_exact_reconstructed_metadata,supplemental,9,1.75,min_variance,200,-0.19765443398896546,2.29715373209667,9.94583362275541,7.0926773709560585e-06
final_reproduction_candidate,paper_exact_reconstructed_metadata,supplemental,9,1.75,min_variance,201,-0.180343638806509,2.821271489825343,16.79819583427333,4.571879837566592e-06
final_reproduction_candidate,paper_exact_reconstructed_metadata,supplemental,9,1.75,min_variance,202,-0.17832733485978286,2.223290376125084,9.237676344179617,3.688793177693727e-06
final_reproduction_candidate,paper_exact_reconstructed_metadata,supplemental,9,1.75,min_variance,203,-0.17617629841790816,3.0158430342808034,20.40628689053574,4.7528562240802855e-06
final_reproduction_candidate,paper_exact_reconstructed_metadata,supplemental,9,1.75,min_variance,204,-0.17345983552389108,2.914596645100376,18.441372484436656,4.6285400332948206e-07
final_reproduction_candidate,paper_exact_reconstructed_metadata,supplemental,9,1.75,min_variance,205,-0.17215062948780327,2.7932953882987936,16.33476058367403,8.621621259242546e-06
final_reproduction_candidate,paper_exact_reconstructed_metadata,supplemental,9,1.75,min_variance,206,-0.17009018047067712,2.7447756882955936,15.56112299864828,1.3344274677557652e-06
final_reproduction_candidate,paper_exact_reconstructed_metadata,supplemental,9,1.75,min_variance,207,-0.16983840884903995,2.7252316502533134,15.259948488385199,2.2878550532643324e-07
final_reproduction_candidate,paper_exact_reconstructed_metadata,supplemental,9,1.75,min_variance,208,-0.16920924971111803,2.5347467969729043,12.613236733951776,6.922875942099499e-06
final_reproduction_candidate,paper_exact_reconstructed_metadata,supplemental,9,1.75,min_variance,209,-0.16662896997396082,2.757247319970674,15.756410840882188,7.316228373412588e-07
final_reproduction_candidate,paper_exact_reconstructed_metadata,supplemental,9,1.75,min_variance,210,-0.15869674875845913,2.9320668682742257,18.766378071270275,5.582049429062032e-06
final_reproduction_candidate,paper_exact_reconstructed_metadata,supplemental,9,1.75,min_variance,211,-0.15670931045030956,2.6713655671336998,14.459701409911446,6.335945201001042e-07
final_reproduction_candidate,paper_exact_reconstructed_metadata,supplemental,9,1.75,min_variance,212,-0.15581459193152597,2.9153700783757386,18.455641172787363,6.396004686381363e-07
final_reproduction_candidate,paper_exact_reconstructed_metadata,supplemental,9,1.75,min_variance,213,-0.15411326781685214,2.9062833451700563,18.288699312064796,2.0613893596649364e-06
final_reproduction_candidate,paper_exact_reconstructed_metadata,supplemental,9,1.75,min_variance,214,-0.1533370225003192,2.8832512971918534,17.872286934850774,1.0696496968835358e-06
final_reproduction_candidate,paper_exact_reconstructed_metadata,supplemental,9,1.75,min_variance,215,-0.15264105425755262,2.6039570896617166,13.517120804131892,9.15891294295323e-07
final_reproduction_candidate,paper_exact_reconstructed_metadata,supplemental,9,1.75,min_variance,216,-0.14795139429276846,2.847339516413999,17.241849109474323,1.4531262286056279e-06
final_reproduction_candidate,paper_exact_reconstructed_metadata,supplemental,9,1.75,min_variance,217,-0.14638220514168923,2.8609325545496187,17.477818358106955,1.7462479895203798e-06
final_reproduction_candidate,paper_exact_reconstructed_metadata,supplemental,9,1.75,min_variance,218,-0.14509185792604762,2.9812597291803753,19.712633589920806,3.940708915661557e-06
final_reproduction_candidate,paper_exact_reconstructed_metadata,supplemental,9,1.75,min_variance,219,-0.14004302359797416,2.766994390140294,15.910740592584759,2.1091044777668175e-06
final_reproduction_candidate,paper_exact_reconstructed_metadata,supplemental,9,1.75,min_variance,220,-0.1326320563621738,2.9220709178071544,18.57972472858992,3.0246681931606374e-06
final_reproduction_candidate,paper_exact_reconstructed_metadata,supplemental,9,1.75,min_variance,221,-0.13224452029104436,2.8406616209577433,17.1270934333066,8.901127979405869e-07
final_reproduction_candidate,paper_exact_reconstructed_metadata,supplemental,9,1.75,min_variance,222,-0.1321838813959007,2.6004642004966865,13.469989359706558,2.9013170491077192e-08
final_reproduction_candidate,paper_exact_reconstructed_metadata,supplemental,9,1.75,min_variance,223,-0.13086038346484882,2.790497664205076,16.289124299057736,6.286294905193365e-07
final_reproduction_candidate,paper_exact_reconstructed_metadata,supplemental,9,1.75,min_variance,224,-0.12496756967784134,2.8803789329049345,17.82102487303606,1.3297326931493302e-07
final_reproduction_candidate,paper_exact_reconstructed_metadata,supplemental,9,1.75,min_variance,225,-0.12313294621934283,2.886006277194556,17.921592614854575,6.040682447063607e-08
final_reproduction_candidate,paper_exact_reconstructed_metadata,supplemental,9,1.75,min_variance,226,-0.11967909762456827,2.9590400470148133,19.27945549869792,2.4682327929387725e-07
final_reproduction_candidate,paper_exact_reconstructed_metadata,supplemental,9,1.75,min_variance,227,-0.11196264902075119,3.0347978569042935,20.79677355036376,3.631768129538071e-07
final_reproduction_candidate,paper_exact_reconstructed_metadata,supplemental,9,1.75,min_variance,228,-0.11110734174373456,2.8303870167245506,16.952020270511102,4.984257593657874e-07
final_reproduction_candidate,paper_exact_reconstructed_metadata,supplemental,9,1.75,min_variance,229,-0.11032648646031445,2.8998673792201233,18.171735259929406,5.335282126943782e-07
final_reproduction_candidate,paper_exact_reconstructed_metadata,supplemental,9,1.75,min_variance,230,-0.10754153725447363,2.7699316097620654,15.957542632337196,2.63072934257707e-07
final_reproduction_candidate,paper_exact_reconstructed_metadata,supplemental,9,1.75,min_variance,231,-0.10390076571996903,2.9459359198632744,19.028463171764837,3.743997568095836e-07
final_reproduction_candidate,paper_exact_reconstructed_metadata,supplemental,9,1.75,min_variance,232,-0.10113720247545162,2.356396940039473,10.552860282903941,2.2240040003837094e-07
final_reproduction_candidate,paper_exact_reconstructed_metadata,supplemental,9,1.75,min_variance,233,-0.09950067176679747,2.489229045160267,12.05198100476391,2.7871616389524077e-07
final_reproduction_candidate,paper_exact_reconstructed_metadata,supplemental,9,1.75,min_variance,234,-0.09624771909564149,2.954794055414133,19.197768636174725,2.170974701476803e-07
final_reproduction_candidate,paper_exact_reconstructed_metadata,supplemental,9,1.75,min_variance,235,-0.09557617964301969,2.870351392066069,17.643216797107023,3.6184643874296375e-07
final_reproduction_candidate,paper_exact_reconstructed_metadata,supplemental,9,1.75,min_variance,236,-0.0949564617025555,2.8953002841147075,18.08893244486009,6.585989699445389e-08
final_reproduction_candidate,paper_exact_reconstructed_metadata,supplemental,9,1.75,min_variance,237,-0.09309055260566261,2.8141598727050545,16.67915727720703,2.8825582519215526e-07
final_reproduction_candidate,paper_exact_reconstructed_metadata,supplemental,9,1.75,min_variance,238,-0.09117379632814224,3.004471207505023,20.175544598166518,1.4141659232969776e-07
final_reproduction_candidate,paper_exact_reconstructed_metadata,supplemental,9,1.75,min_variance,239,-0.08599266919402974,2.540165110545701,12.68176469107007,2.1662940185988916e-07
final_reproduction_candidate,paper_exact_reconstructed_metadata,supplemental,9,1.75,min_variance,240,-0.08368179196274243,2.915218033192787,18.45283529476428,6.200014787048888e-08
final_reproduction_candidate,paper_exact_reconstructed_metadata,supplemental,9,1.75,min_variance,241,-0.08356096657492645,2.6223673907691767,13.76827993189339,6.004559599641594e-08
final_reproduction_candidate,paper_exact_reconstructed_metadata,supplemental,9,1.75,min_variance,242,-0.0807251451902589,2.7862850751805257,16.220649242714025,2.1219113278808062e-07
final_reproduction_candidate,paper_exact_reconstructed_metadata,supplemental,9,1.75,min_variance,243,-0.07371889795299587,2.9203815230692642,18.548362738251786,9.249376896915977e-06
final_reproduction_candidate,paper_exact_reconstructed_metadata,supplemental,9,1.75,min_variance,244,-0.06410203018565826,2.627020584167327,13.832495689478279,9.4807374598938e-07
final_reproduction_candidate,paper_exact_reconstructed_metadata,supplemental,9,1.75,min_variance,245,-0.05323778399382069,2.9199831339016478,18.540974743206156,3.8020557212740425e-06
final_reproduction_candidate,paper_exact_reconstructed_metadata,supplemental,9,1.75,min_variance,246,-0.046676897019964664,2.6155241910741887,13.67438248876967,1.865229222310478e-06
final_reproduction_candidate,paper_exact_reconstructed_metadata,supplemental,9,1.75,min_variance,247,-0.04650054186681589,2.891420556699301,18.018888281728696,6.3325894147622e-07
final_reproduction_candidate,paper_exact_reconstructed_metadata,supplemental,9,1.75,min_variance,248,-0.0464522997516879,2.6207674169614483,13.746268658051283,4.884053847551282e-06
final_reproduction_candidate,paper_exact_reconstructed_metadata,supplemental,9,1.75,min_variance,249,-0.04641914280975892,2.874354969134074,17.713994362461637,3.2139377588510418e-06
final_reproduction_candidate,paper_exact_reconstructed_metadata,supplemental,9,1.75,min_variance,250,-0.04439663671302096,2.9502576123546422,19.11087629198866,2.3337569458413625e-07
final_reproduction_candidate,paper_exact_reconstructed_metadata,supplemental,9,1.75,min_variance,251,-0.042882488756636174,2.884949828796936,17.902669374527274,4.728687056590242e-07
final_reproduction_candidate,paper_exact_reconstructed_metadata,supplemental,9,1.75,min_variance,252,-0.04251681184730089,3.0201319654911,20.493996005997975,6.440740353989263e-07
final_reproduction_candidate,paper_exact_reconstructed_metadata,supplemental,9,1.75,min_variance,253,-0.040685436684407945,2.9118551573196356,18.39088492424617,1.2970368566463693e-06
final_reproduction_candidate,paper_exact_reconstructed_metadata,supplemental,9,1.75,min_variance,254,-0.04005031181148776,2.85267098224572,17.334018920653175,1.5987225269741173e-07
final_reproduction_candidate,paper_exact_reconstructed_metadata,supplemental,9,1.75,min_variance,255,-0.03465598200179732,2.8094339759831795,16.600519266424765,3.767295303487784e-06
final_reproduction_candidate,paper_exact_reconstructed_metadata,supplemental,9,1.75,min_variance,256,-0.026225303933028965,2.7704080931192507,15.96514794758226,3.826118561403349e-06
final_reproduction_candidate,paper_exact_reconstructed_metadata,supplemental,9,1.75,min_variance,257,-0.026153094788898722,2.667094568661189,14.398075742520717,8.851932674996072e-07
final_reproduction_candidate,paper_exact_reconstructed_metadata,supplemental,9,1.75,min_variance,258,-0.024677279742456874,2.7105202292476496,15.037096217672008,2.8211848963236378e-06
final_reproduction_candidate,paper_exact_reconstructed_metadata,supplemental,9,1.75,min_variance,259,-0.021951570470240808,2.682678586694321,14.624213102225125,1.6464359956846766e-07
final_reproduction_candidate,paper_exact_reconstructed_metadata,supplemental,9,1.75,min_variance,260,-0.021925362046780764,2.9899646794722115,19.884980131167634,5.353390048618856e-06
final_reproduction_candidate,paper_exact_reconstructed_metadata,supplemental,9,1.75,min_variance,261,-0.017690577544703028,3.0023596710758547,20.132988146330153,5.8080295920685935e-06
final_reproduction_candidate,paper_exact_reconstructed_metadata,supplemental,9,1.75,min_variance,262,-0.013901822141442532,2.9801150679822794,19.69008221244385,4.294722488487071e-08
final_reproduction_candidate,paper_exact_reconstructed_metadata,supplemental,9,1.75,min_variance,263,-0.010880674982851269,2.6167202487968084,13.690747624419924,6.3548131364015e-06
final_reproduction_candidate,paper_exact_reconstructed_metadata,supplemental,9,1.75,min_variance,264,-0.01080712981677848,3.0899401963711757,21.975763706048955,8.463932324036402e-07
final_reproduction_candidate,paper_exact_reconstructed_metadata,supplemental,9,1.75,min_variance,265,-0.010149744766716165,2.8355677331207305,17.04007176785245,7.88809644414381e-06
final_reproduction_candidate,paper_exact_reconstructed_metadata,supplemental,9,1.75,min_variance,266,-0.006883845599764935,3.0905075136205675,21.988234472974078,4.183657570075871e-07
final_reproduction_candidate,paper_exact_reconstructed_metadata,supplemental,9,1.75,min_variance,267,0.007327718537317427,2.9842492520452577,19.77165313494858,9.694457239933581e-08
final_reproduction_candidate,paper_exact_reconstructed_metadata,supplemental,9,1.75,min_variance,268,0.011094628202622865,3.011867332443018,20.325318637708484,1.2959032690246525e-06
final_reproduction_candidate,paper_exact_reconstructed_metadata,supplemental,9,1.75,min_variance,269,0.012261639232617515,2.7132698398888078,15.078499272499144,2.4790626302489907e-06
final_reproduction_candidate,paper_exact_reconstructed_metadata,supplemental,9,1.75,min_variance,270,0.016335578189426773,2.7533555588012972,15.695209820125822,1.9835176507091944e-06
final_reproduction_candidate,paper_exact_reconstructed_metadata,supplemental,9,1.75,min_variance,271,0.01994562102526021,2.9183624009330766,18.510949112507735,5.739556652882794e-07
final_reproduction_candidate,paper_exact_reconstructed_metadata,supplemental,9,1.75,min_variance,272,0.02213592442988371,2.9143796613804334,18.437371440930484,4.174696758371672e-06
final_reproduction_candidate,paper_exact_reconstructed_metadata,supplemental,9,1.75,min_variance,273,0.028695728894685395,2.923338266425407,18.603286644479272,1.3596026731571792e-07
final_reproduction_candidate,paper_exact_reconstructed_metadata,supplemental,9,1.75,min_variance,274,0.028990424058552886,2.72928994348583,15.322003667952417,3.3231800395297635e-06
final_reproduction_candidate,paper_exact_reconstructed_metadata,supplemental,9,1.75,min_variance,275,0.029345734109451578,2.9872071733693626,19.830222708761358,4.94415637530621e-06
final_reproduction_candidate,paper_exact_reconstructed_metadata,supplemental,9,1.75,min_variance,276,0.02940058151914615,3.0758573976840644,21.66845243014544,4.472382560632773e-06
final_reproduction_candidate,paper_exact_reconstructed_metadata,supplemental,9,1.75,min_variance,277,0.03719831236371169,2.735454604868615,15.416750372892556,2.391165051410504e-06
final_reproduction_candidate,paper_exact_reconstructed_metadata,supplemental,9,1.75,min_variance,278,0.03729724749309929,3.105136836915562,22.31227190886125,4.2689032871749377e-07
final_reproduction_candidate,paper_exact_reconstructed_metadata,supplemental,9,1.75,min_variance,279,0.040353312523071574,2.964478606690266,19.384593608733436,2.2929612904158126e-06
final_reproduction_candidate,paper_exact_reconstructed_metadata,supplemental,9,1.75,min_variance,280,0.040483589094706444,3.0210179490826725,20.51216139611556,1.1800295548580428e-07
final_reproduction_candidate,paper_exact_reconstructed_metadata,supplemental,9,1.75,min_variance,281,0.04049364258310057,2.958506286529356,19.26916763304392,1.2036004783562925e-07
final_reproduction_candidate,paper_exact_reconstructed_metadata,supplemental,9,1.75,min_variance,282,0.04218547567046278,2.6790258308421744,14.57089186624841,3.4772404103519654e-07
final_reproduction_candidate,paper_exact_reconstructed_metadata,supplemental,9,1.75,min_variance,283,0.04284251973337695,3.039261982507667,20.889820491730998,4.018084933621407e-07
final_reproduction_candidate,paper_exact_reconstructed_metadata,supplemental,9,1.75,min_variance,284,0.04517133542115671,2.8461946150999076,17.22212018975963,1.6773090151752655e-06
final_reproduction_candidate,paper_exact_reconstructed_metadata,supplemental,9,1.75,min_variance,285,0.04556549734883566,2.8732512838200774,17.694454471960157,8.649979823404019e-07
final_reproduction_candidate,paper_exact_reconstructed_metadata,supplemental,9,1.75,min_variance,286,0.04581296162863413,3.1492580633022174,23.318757119562594,1.3970577633489343e-07
final_reproduction_candidate,paper_exact_reconstructed_metadata,supplemental,9,1.75,min_variance,287,0.051837929503458204,2.8349426177754724,17.02942308617999,6.902761448660711e-07
final_reproduction_candidate,paper_exact_reconstructed_metadata,supplemental,9,1.75,min_variance,288,0.051994490490936046,2.8697406912471597,17.632445359558478,4.0874223053716737e-07
final_reproduction_candidate,paper_exact_reconstructed_metadata,supplemental,9,1.75,min_variance,289,0.052894464681177984,2.830661403439294,16.956672317862203,1.9795612375795043e-06
final_reproduction_candidate,paper_exact_reconstructed_metadata,supplemental,9,1.75,min_variance,290,0.05743379816020238,2.9092463022716446,18.34296830221237,2.9757930684736983e-06
final_reproduction_candidate,paper_exact_reconstructed_metadata,supplemental,9,1.75,min_variance,291,0.06330615770757747,2.9409260215356734,18.933370906129042,2.8571443419346373e-07
final_reproduction_candidate,paper_exact_reconstructed_metadata,supplemental,9,1.75,min_variance,292,0.06490435072119013,2.9973020557251373,20.03142029848291,1.3020657848609063e-06
final_reproduction_candidate,paper_exact_reconstructed_metadata,supplemental,9,1.75,min_variance,293,0.07028664857979443,3.0480185701272995,21.07354727106655,8.071979103440915e-07
final_reproduction_candidate,paper_exact_reconstructed_metadata,supplemental,9,1.75,min_variance,294,0.07433267290880628,2.8025346421938893,16.486380934909825,5.889932340243309e-07
final_reproduction_candidate,paper_exact_reconstructed_metadata,supplemental,9,1.75,min_variance,295,0.07891030722561063,2.9810891122089536,19.709270566981502,3.2059642196115273e-07
final_reproduction_candidate,paper_exact_reconstructed_metadata,supplemental,9,1.75,min_variance,296,0.08059053713230617,3.040230315245123,20.91005858581586,1.5433243801431403e-06
final_reproduction_candidate,paper_exact_reconstructed_metadata,supplemental,9,1.75,min_variance,297,0.08132123465793674,3.011852219643551,20.325011467564917,1.1420012149115866e-06
final_reproduction_candidate,paper_exact_reconstructed_metadata,supplemental,9,1.75,min_variance,298,0.08378662733895963,3.2855350490970725,26.723278756601236,6.311836088447123e-07
final_reproduction_candidate,paper_exact_reconstructed_metadata,supplemental,9,1.75,min_variance,299,0.08413201842445307,3.034205747203837,20.784463223897912,3.08343656028155e-07
final_reproduction_candidate,paper_exact_reconstructed_metadata,supplemental,9,1.75,min_variance,300,0.08428769337043363,2.781553287491693,16.144077876913652,1.2166589521607583e-06
final_reproduction_candidate,paper_exact_reconstructed_metadata,supplemental,9,1.75,min_variance,301,0.08836443756698303,3.0321601047758877,20.74198910232916,9.47242556951648e-07
final_reproduction_candidate,paper_exact_reconstructed_metadata,supplemental,9,1.75,min_variance,302,0.08874058098004828,2.6774007927656673,14.547232840772176,2.112048148995622e-06
final_reproduction_candidate,paper_exact_reconstructed_metadata,supplemental,9,1.75,min_variance,303,0.0896711168884587,2.850885111534418,17.303090229495623,3.252395486595495e-06
final_reproduction_candidate,paper_exact_reconstructed_metadata,supplemental,9,1.75,min_variance,304,0.09058937943469675,3.0294670034092808,20.68620397435023,2.0408141641812084e-06
final_reproduction_candidate,paper_exact_reconstructed_metadata,supplemental,9,1.75,min_variance,305,0.09864389869274316,3.062836007724944,21.388128128159146,1.1627311768573165e-06
final_reproduction_candidate,paper_exact_reconstructed_metadata,supplemental,9,1.75,min_variance,306,0.1067225912609656,3.0636088526107343,21.404664222694596,5.104725440564949e-07
final_reproduction_candidate,paper_exact_reconstructed_metadata,supplemental,9,1.75,min_variance,307,0.10767555482646055,2.759121183715304,15.785963888446968,9.61531999148182e-08
final_reproduction_candidate,paper_exact_reconstructed_metadata,supplemental,9,1.75,min_variance,308,0.10878590988396865,2.902290885630591,18.215827984740663,1.8477171268253314e-07
final_reproduction_candidate,paper_exact_reconstructed_metadata,supplemental,9,1.75,min_variance,309,0.10952089739351695,3.0235190980459103,20.563529580286655,3.610150614001529e-07
final_reproduction_candidate,paper_exact_reconstructed_metadata,supplemental,9,1.75,min_variance,310,0.11178769404217118,3.0932578031117557,22.0487917199832,2.76336895824784e-07
final_reproduction_candidate,paper_exact_reconstructed_metadata,supplemental,9,1.75,min_variance,311,0.11209044521848927,2.9434436545381253,18.98109824031593,2.2175154223468556e-07
final_reproduction_candidate,paper_exact_reconstructed_metadata,supplemental,9,1.75,min_variance,312,0.11354018741609313,3.0561132105267883,21.244822327958424,2.7434002543502987e-07
final_reproduction_candidate,paper_exact_reconstructed_metadata,supplemental,9,1.75,min_variance,313,0.1147025663372925,2.855343663271008,17.380409189695627,1.4614871283607913e-07
final_reproduction_candidate,paper_exact_reconstructed_metadata,supplemental,9,1.75,min_variance,314,0.11533449177384056,2.7228287580492068,15.223324496501588,1.61522524338208e-07
final_reproduction_candidate,paper_exact_reconstructed_metadata,supplemental,9,1.75,min_variance,315,0.11561959172811966,2.554018595073994,12.858673897139253,1.4264917343022618e-07
final_reproduction_candidate,paper_exact_reconstructed_metadata,supplemental,9,1.75,min_variance,316,0.1161421781659202,2.729952772376964,15.332162901198306,2.579804300481153e-07
final_reproduction_candidate,paper_exact_reconstructed_metadata,supplemental,9,1.75,min_variance,317,0.11835722521148637,2.8522347586094448,17.326459060902977,1.7017127002212423e-06
final_reproduction_candidate,paper_exact_reconstructed_metadata,supplemental,9,1.75,min_variance,318,0.11991526345869882,3.049229284103979,21.09907676062227,1.2848722711030694e-07
final_reproduction_candidate,paper_exact_reconstructed_metadata,supplemental,9,1.75,min_variance,319,0.12023883756512231,3.0230260415478085,20.55339309753788,2.8296154224497083e-08
final_reproduction_candidate,paper_exact_reconstructed_metadata,supplemental,9,1.75,min_variance,320,0.12067701893944273,2.89276549977064,18.043138964915066,1.621190326291533e-07
final_reproduction_candidate,paper_exact_reconstructed_metadata,supplemental,9,1.75,min_variance,321,0.12441106835600989,2.6870752363920167,14.688652198603421,1.1275422326519532e-07
final_reproduction_candidate,paper_exact_reconstructed_metadata,supplemental,9,1.75,min_variance,322,0.12561874441280843,2.9381638077505112,18.88114505070761,1.6218394090730113e-07
final_reproduction_candidate,paper_exact_reconstructed_metadata,supplemental,9,1.75,min_variance,323,0.12674745097680698,2.782400124608108,16.15775507163082,2.0505668265381202e-07
final_reproduction_candidate,paper_exact_reconstructed_metadata,supplemental,9,1.75,min_variance,324,0.12748336079870867,3.2443805861552755,25.64581976358058,3.5692207835097834e-07
final_reproduction_candidate,paper_exact_reconstructed_metadata,supplemental,9,1.75,min_variance,325,0.12873262426904428,2.616377478571532,13.686055647953355,1.8515393851700798e-07
final_reproduction_candidate,paper_exact_reconstructed_metadata,supplemental,9,1.75,min_variance,326,0.13653494439219693,2.9380931198835896,18.879810430010238,6.245205960005264e-08
final_reproduction_candidate,paper_exact_reconstructed_metadata,supplemental,9,1.75,min_variance,327,0.13794158860977096,3.0940136302608314,22.06546309491471,2.4278864390057477e-07
final_reproduction_candidate,paper_exact_reconstructed_metadata,supplemental,9,1.75,min_variance,328,0.14115654572073513,2.932670134381112,18.777702606620416,4.042868517379228e-08
final_reproduction_candidate,paper_exact_reconstructed_metadata,supplemental,9,1.75,min_variance,329,0.14976421787611172,2.736815284746952,15.437741913058721,1.1604520943901025e-06
final_reproduction_candidate,paper_exact_reconstructed_metadata,supplemental,9,1.75,min_variance,330,0.14999311860307762,2.8469076508030122,17.23440455541327,4.591573975944276e-09
final_reproduction_candidate,paper_exact_reconstructed_metadata,supplemental,9,1.75,min_variance,331,0.15156201157847937,2.8508258424124246,17.302064720920747,6.288300278184357e-09
final_reproduction_candidate,paper_exact_reconstructed_metadata,supplemental,9,1.75,min_variance,332,0.1635059746774359,3.0539066421939607,21.197995857675853,8.680009544232098e-07
final_reproduction_candidate,paper_exact_reconstructed_metadata,supplemental,9,1.75,min_variance,333,0.16580386849796033,3.205933873426705,24.678535887363424,5.740313701970456e-07
final_reproduction_candidate,paper_exact_reconstructed_metadata,supplemental,9,1.75,min_variance,334,0.1856160332034089,2.6469603019909305,14.111079966068475,1.5894872790775329e-09
final_reproduction_candidate,paper_exact_reconstructed_metadata,supplemental,9,1.75,min_variance,335,0.18652405136745973,2.758206410137115,15.771529908693768,6.758753099260686e-08
final_reproduction_candidate,paper_exact_reconstructed_metadata,supplemental,9,1.75,min_variance,336,0.19088017377297054,2.6096756531257004,13.594640757432522,9.929131004312428e-09
final_reproduction_candidate,paper_exact_reconstructed_metadata,supplemental,9,1.75,min_variance,337,0.19496851238228874,2.799551819636961,16.437278254672655,4.382944833889001e-08
final_reproduction_candidate,paper_exact_reconstructed_metadata,supplemental,9,1.75,min_variance,338,0.19835849727540666,2.627260165807214,13.835810098499215,1.5025012047941417e-08
final_reproduction_candidate,paper_exact_reconstructed_metadata,supplemental,9,1.75,min_variance,339,0.1986496218089795,2.753293670701178,15.694238503465863,5.293615219992073e-09
final_reproduction_candidate,paper_exact_reconstructed_metadata,supplemental,9,1.75,min_variance,340,0.20399678927491183,2.593593560334088,13.3777591130562,3.447186475338887e-08
final_reproduction_candidate,paper_exact_reconstructed_metadata,supplemental,9,1.75,min_variance,341,0.20428924339234728,2.6818329414512942,14.611851433512063,4.6325268568522716e-08
final_reproduction_candidate,paper_exact_reconstructed_metadata,supplemental,9,1.75,min_variance,342,0.20558391053237782,2.1310154941466437,8.423416399725648,2.4350152086616052e-08
final_reproduction_candidate,paper_exact_reconstructed_metadata,supplemental,9,1.75,min_variance,343,0.21210882731679753,2.419766037231746,11.243228510272308,4.781937292352832e-08
final_reproduction_candidate,paper_exact_reconstructed_metadata,supplemental,9,1.75,min_variance,344,0.21715307458392397,2.598100516403349,13.43818815892193,3.4522081404014565e-08
final_reproduction_candidate,paper_exact_reconstructed_metadata,supplemental,9,1.75,min_variance,345,0.21948078712580035,2.6953699687176296,14.81099734546609,3.250889869781184e-08
final_reproduction_candidate,paper_exact_reconstructed_metadata,supplemental,9,1.75,min_variance,346,0.22102273516699877,2.978819499593324,19.664588882095817,4.5125887016672696e-08
final_reproduction_candidate,paper_exact_reconstructed_metadata,supplemental,9,1.75,min_variance,347,0.22254844801090204,2.574409232554282,13.123561894797593,2.791929845594555e-08
final_reproduction_candidate,paper_exact_reconstructed_metadata,supplemental,9,1.75,min_variance,348,0.22355172024411818,2.2963222624979434,9.937567401496162,6.464015454418038e-09
final_reproduction_candidate,paper_exact_reconstructed_metadata,supplemental,9,1.75,min_variance,349,0.22912315041517323,2.4212123863103256,11.259501909139232,2.421818067072603e-08
final_reproduction_candidate,paper_exact_reconstructed_metadata,supplemental,9,1.75,min_variance,350,0.23017238989304264,2.175703428816378,8.80837901107421,2.1567946287271298e-08
final_reproduction_candidate,paper_exact_reconstructed_metadata,supplemental,9,1.75,min_variance,351,0.23025800682941414,2.706575420389407,14.977894593628,3.075377509843146e-08
final_reproduction_candidate,paper_exact_reconstructed_metadata,supplemental,9,1.75,min_variance,352,0.23086377723662085,2.6395889203170193,14.007444248295933,2.0467066810440282e-08
final_reproduction_candidate,paper_exact_reconstructed_metadata,supplemental,9,1.75,min_variance,353,0.23104664457107502,2.9194418778050557,18.530942042964654,4.925758002044743e-08
final_reproduction_candidate,paper_exact_reconstructed_metadata,supplemental,9,1.75,min_variance,354,0.2327600744250914,2.6173538337141875,13.699424624140208,3.2682349957494954e-08
final_reproduction_candidate,paper_exact_reconstructed_metadata,supplemental,9,1.75,min_variance,355,0.23996210081049207,2.672804419403086,14.480521759211143,2.5551906500542605e-08
final_reproduction_candidate,paper_exact_reconstructed_metadata,supplemental,9,1.75,min_variance,356,0.2436297447396896,2.6035276091935913,13.511316711222712,2.785862255780715e-08
final_reproduction_candidate,paper_exact_reconstructed_metadata,supplemental,9,1.75,min_variance,357,0.2612570476293513,2.3276358182566086,10.253671312222442,3.396049872743545e-08
final_reproduction_candidate,paper_exact_reconstructed_metadata,supplemental,9,1.75,min_variance,358,0.2628837595721108,2.2084930263356775,9.101989594064598,1.596160916851046e-08
final_reproduction_candidate,paper_exact_reconstructed_metadata,supplemental,9,1.75,min_variance,359,0.2677848606133165,2.492377764538095,12.089989117933646,2.9710357039133432e-08
final_reproduction_candidate,paper_exact_reconstructed_metadata,supplemental,9,1.75,min_variance,360,0.2702440397632269,2.561501739195514,12.955258133297232,2.1277060074940236e-08
final_reproduction_candidate,paper_exact_reconstructed_metadata,supplemental,9,1.75,min_variance,361,0.27136260611697394,2.4214470751644,11.262144698844251,3.3014845852212675e-08
final_reproduction_candidate,paper_exact_reconstructed_metadata,supplemental,9,1.75,min_variance,362,0.278000421120058,2.1642629833858007,8.708181476728537,1.1839860099425135e-08
final_reproduction_candidate,paper_exact_reconstructed_metadata,supplemental,9,1.75,min_variance,363,0.28329494333935923,2.347729447879237,10.461788700396038,3.644776676621295e-08
final_reproduction_candidate,paper_exact_reconstructed_metadata,supplemental,9,1.75,min_variance,364,0.28534996696339876,1.7666553566328453,5.851250251607864,1.921999052232936e-08
final_reproduction_candidate,paper_exact_reconstructed_metadata,supplemental,9,1.75,min_variance,365,0.286787209445677,2.249245976891837,9.480584560746118,1.1851987544483267e-08
final_reproduction_candidate,paper_exact_reconstructed_metadata,supplemental,9,1.75,min_variance,366,0.29256808407017704,2.307608359223469,10.05035903983302,1.62873316711218e-08
final_reproduction_candidate,paper_exact_reconstructed_metadata,supplemental,9,1.75,min_variance,367,0.29744078688552794,2.508912973604883,12.291561544026091,1.8054605659180348e-08
final_reproduction_candidate,paper_exact_reconstructed_metadata,supplemental,9,1.75,min_variance,368,0.3026086712303828,2.281322205098944,9.789615735909887,1.1462013173218255e-08
final_reproduction_candidate,paper_exact_reconstructed_metadata,supplemental,9,1.75,min_variance,369,0.30909851515750847,2.226276211101558,9.265299740238113,2.3175275342061453e-08
final_reproduction_candidate,paper_exact_reconstructed_metadata,supplemental,9,1.75,min_variance,370,0.31094685437708725,2.383452259371817,10.842268652190446,2.4181577380419436e-08
final_reproduction_candidate,paper_exact_reconstructed_metadata,supplemental,9,1.75,min_variance,371,0.3117113193672634,2.53669163536292,12.637791310576361,1.3960680420771606e-08
final_reproduction_candidate,paper_exact_reconstructed_metadata,supplemental,9,1.75,min_variance,372,0.3134233282047656,2.5931744308093694,13.37215327410572,2.2758309946304785e-08
final_reproduction_candidate,paper_exact_reconstructed_metadata,supplemental,9,1.75,min_variance,373,0.3157917638749076,2.6542004113121673,14.213616467497163,1.1882281458699337e-08
final_reproduction_candidate,paper_exact_reconstructed_metadata,supplemental,9,1.75,min_variance,374,0.31813683136760634,2.505541943205204,12.250196077696462,1.4382131459489681e-08
final_reproduction_candidate,paper_exact_reconstructed_metadata,supplemental,9,1.75,min_variance,375,0.3311594393408299,2.6893892441620664,14.72268121043704,2.4058823934123215e-09
final_reproduction_candidate,paper_exact_reconstructed_metadata,supplemental,9,1.75,min_variance,376,0.33174129417937714,2.54808301282154,12.78257624591642,1.6665410185762424e-08
final_reproduction_candidate,paper_exact_reconstructed_metadata,supplemental,9,1.75,min_variance,377,0.33770144070702107,2.603866985039323,13.51590290393603,1.0151969922448693e-08
final_reproduction_candidate,paper_exact_reconstructed_metadata,supplemental,9,1.75,min_variance,378,0.33805810690030236,2.6690743729275606,14.426609350462584,1.2777270919498303e-08
final_reproduction_candidate,paper_exact_reconstructed_metadata,supplemental,9,1.75,min_variance,379,0.34349451470098163,2.6428831024119646,14.05366340569888,9.57493755086487e-09
final_reproduction_candidate,paper_exact_reconstructed_metadata,supplemental,9,1.75,min_variance,380,0.34403506638796716,2.479674087354398,11.937373242896856,1.049647454501967e-08
final_reproduction_candidate,paper_exact_reconstructed_metadata,supplemental,9,1.75,min_variance,381,0.34413413111137836,2.7632091083001384,15.850627798865894,4.607681471265058e-09
final_reproduction_candidate,paper_exact_reconstructed_metadata,supplemental,9,1.75,min_variance,382,0.34668164528917467,2.7203756282729477,15.186025474261585,1.1766834357904733e-08
final_reproduction_candidate,paper_exact_reconstructed_metadata,supplemental,9,1.75,min_variance,383,0.350405040121649,2.2860372750183258,9.835883450625357,1.3784725155451818e-08
final_reproduction_candidate,paper_exact_reconstructed_metadata,supplemental,9,1.75,min_variance,384,0.35404829820415834,2.566438914822114,13.019378674928355,8.639857957444918e-09
final_reproduction_candidate,paper_exact_reconstructed_metadata,supplemental,9,1.75,min_variance,385,0.3686933359865258,2.3194402214230907,10.169979775577977,1.9576808061253176e-09
final_reproduction_candidate,paper_exact_reconstructed_metadata,supplemental,9,1.75,min_variance,386,0.36878155964349235,2.3430056505548373,10.412485870891373,1.8096859689039774e-08
final_reproduction_candidate,paper_exact_reconstructed_metadata,supplemental,9,1.75,min_variance,387,0.372404259615352,2.5967706717295647,13.420329333337442,1.8021686733808306e-08
final_reproduction_candidate,paper_exact_reconstructed_metadata,supplemental,9,1.75,min_variance,388,0.37520439612385365,2.343354235796952,10.416116142492484,2.1473262553590583e-08
final_reproduction_candidate,paper_exact_reconstructed_metadata,supplemental,9,1.75,min_variance,389,0.37809487284411536,2.884500320127421,17.894623777854164,3.5520949663802877e-09
final_reproduction_candidate,paper_exact_reconstructed_metadata,supplemental,9,1.75,min_variance,390,0.38236366345738265,2.7199086169963382,15.17893508489299,2.7053379885614163e-09
final_reproduction_candidate,paper_exact_reconstructed_metadata,supplemental,9,1.75,min_variance,391,0.38236758000523485,2.574937384715755,13.130494963074895,1.16246994676259e-08
final_reproduction_candidate,paper_exact_reconstructed_metadata,supplemental,9,1.75,min_variance,392,0.38273292255372504,2.268302444018385,9.662983427980937,1.9355185723275484e-08
final_reproduction_candidate,paper_exact_reconstructed_metadata,supplemental,9,1.75,min_variance,393,0.3830236988483993,2.4113612502968955,11.149127573290158,7.390560798916581e-10
final_reproduction_candidate,paper_exact_reconstructed_metadata,supplemental,9,1.75,min_variance,394,0.38527887291745594,2.718389929623376,15.155900523420636,4.6204577841387056e-09
final_reproduction_candidate,paper_exact_reconstructed_metadata,supplemental,9,1.75,min_variance,395,0.39022284712669836,2.06348511322452,7.873361607495776,7.884476383500543e-10
final_reproduction_candidate,paper_exact_reconstructed_metadata,supplemental,9,1.75,min_variance,396,0.3915378609353819,2.1984739648390437,9.01125151481281,1.7801957890238036e-08
final_reproduction_candidate,paper_exact_reconstructed_metadata,supplemental,9,1.75,min_variance,397,0.391767076044816,2.3148454003526586,10.123357730222624,1.2871464640740778e-08
final_reproduction_candidate,paper_exact_reconstructed_metadata,supplemental,9,1.75,min_variance,398,0.3929540054026857,2.59451811484682,13.390133300038173,1.3113586462375093e-09
final_reproduction_candidate,paper_exact_reconstructed_metadata,supplemental,9,1.75,min_variance,399,0.39428524984279084,2.2527117181266996,9.513498816790678,7.481441773379923e-10
final_reproduction_candidate,paper_exact_reconstructed_metadata,supplemental,9,1.75,min_variance,400,0.39649164160351114,2.048240136154913,7.754242680008033,1.305056720117612e-08
final_reproduction_candidate,paper_exact_reconstructed_metadata,supplemental,9,1.75,min_variance,401,0.39751794774146954,2.0403327630777683,7.69316877550861,1.2668166158567433e-08
final_reproduction_candidate,paper_exact_reconstructed_metadata,supplemental,9,1.75,min_variance,402,0.40198818005051684,2.3541359940141913,10.52902778753719,1.797767022804324e-09
final_reproduction_candidate,paper_exact_reconstructed_metadata,supplemental,9,1.75,min_variance,403,0.44407664584031487,2.1910125854064946,8.944265363416624,1.4013337317318888e-08
final_reproduction_candidate,paper_exact_reconstructed_metadata,supplemental,9,1.75,min_variance,404,0.4499193719309247,2.0517676225155275,7.7816439657162455,8.602024734312219e-09
final_reproduction_candidate,paper_exact_reconstructed_metadata,supplemental,9,1.75,min_variance,405,0.45990664569245815,2.367165252749433,10.667110821170297,1.1764209068526358e-08
final_reproduction_candidate,paper_exact_reconstructed_metadata,supplemental,9,1.75,min_variance,406,0.4601770227090942,2.115689316155503,8.2953018813892,1.0975699761957845e-08
final_reproduction_candidate,paper_exact_reconstructed_metadata,supplemental,9,1.75,min_variance,407,0.4623507841048941,1.2513000720887397,3.494883605866549,9.321715906154165e-09
final_reproduction_candidate,paper_exact_reconstructed_metadata,supplemental,9,1.75,min_variance,408,0.46607534799562345,2.2852376360997866,9.828021439224097,1.3542570985283444e-08
final_reproduction_candidate,paper_exact_reconstructed_metadata,supplemental,9,1.75,min_variance,409,0.4736335549386679,2.2772815463728353,9.75013904928154,1.2574292634090473e-08
final_reproduction_candidate,paper_exact_reconstructed_metadata,supplemental,9,1.75,min_variance,410,0.47592824037362863,1.5435874742767812,4.681354421096154,7.963540074817464e-09
final_reproduction_candidate,paper_exact_reconstructed_metadata,supplemental,9,1.75,min_variance,411,0.47637341624472246,2.458974167719815,11.692810523037368,8.452987722947855e-09
final_reproduction_candidate,paper_exact_reconstructed_metadata,supplemental,9,1.75,min_variance,412,0.4829796717462501,2.2560309860004013,9.545129133486089,1.0408940156899202e-08
final_reproduction_candidate,paper_exact_reconstructed_metadata,supplemental,9,1.75,min_variance,413,0.48928345345465957,2.188795744621668,8.924459312710397,6.426829832548089e-09
final_reproduction_candidate,paper_exact_reconstructed_metadata,supplemental,9,1.75,min_variance,414,0.4904673699099602,1.1424031160680905,3.1342913882140575,9.525694361990864e-09
final_reproduction_candidate,paper_exact_reconstructed_metadata,supplemental,9,1.75,min_variance,415,0.4913782598938561,2.4163294765703585,11.20465678845866,1.0845043118280846e-08
final_reproduction_candidate,paper_exact_reconstructed_metadata,supplemental,9,1.75,min_variance,416,0.49437017404202055,1.458051517828714,4.29757761163347,1.049736122723193e-08
final_reproduction_candidate,paper_exact_reconstructed_metadata,supplemental,9,1.75,min_variance,417,0.49962278215657335,2.424466957217269,11.296206452850866,7.834477231475194e-09
final_reproduction_candidate,paper_exact_reconstructed_metadata,supplemental,9,1.75,min_variance,418,0.5034091053422051,2.4476797888289235,11.56149047583721,1.1947048317143644e-08
final_reproduction_candidate,paper_exact_reconstructed_metadata,supplemental,9,1.75,min_variance,419,0.5095747816289999,2.367200029827242,10.66748179856404,3.5735939455832214e-09
final_reproduction_candidate,paper_exact_reconstructed_metadata,supplemental,9,1.75,min_variance,420,0.5157074945746332,1.6580973431033215,5.249313693986464,4.428076834189607e-09
final_reproduction_candidate,paper_exact_reconstructed_metadata,supplemental,9,1.75,min_variance,421,0.5175993955104807,2.120066944071403,8.331695226618983,6.2696673760211755e-09
final_reproduction_candidate,paper_exact_reconstructed_metadata,supplemental,9,1.75,min_variance,422,0.5191973821783926,2.5430096989401294,12.71789044882694,6.40706606475486e-09
final_reproduction_candidate,paper_exact_reconstructed_metadata,supplemental,9,1.75,min_variance,423,0.5246835509722527,1.9017663968431717,6.697714821782957,6.485833412751502e-09
final_reproduction_candidate,paper_exact_reconstructed_metadata,supplemental,9,1.75,min_variance,424,0.5293355827924286,2.525806048870312,12.500967594473337,7.655438086548988e-09
final_reproduction_candidate,paper_exact_reconstructed_metadata,supplemental,9,1.75,min_variance,425,0.5297827310524106,2.3808964151774648,10.814592885341774,7.597214318895999e-09
final_reproduction_candidate,paper_exact_reconstructed_metadata,supplemental,9,1.75,min_variance,426,0.5299213334683023,1.5746702307159541,4.829148850542809,4.993974154703808e-09
final_reproduction_candidate,paper_exact_reconstructed_metadata,supplemental,9,1.75,min_variance,427,0.5374706852728407,2.407580831208256,11.107058767550962,4.460280314620875e-09
final_reproduction_candidate,paper_exact_reconstructed_metadata,supplemental,9,1.75,min_variance,428,0.5380573644613337,2.0905634449964428,8.089471852902197,8.162833982580136e-09
final_reproduction_candidate,paper_exact_reconstructed_metadata,supplemental,9,1.75,min_variance,429,0.5405510061352999,2.473908475843954,11.868745018277137,5.601163937187653e-09
final_reproduction_candidate,paper_exact_reconstructed_metadata,supplemental,9,1.75,min_variance,430,0.5530559114382005,2.3648816650003335,10.642779329702302,3.4709425762119073e-09
final_reproduction_candidate,paper_exact_reconstructed_metadata,supplemental,9,1.75,min_variance,431,0.5531397500635706,1.6589697664035203,5.253895315829377,2.8647784145436637e-09
final_reproduction_candidate,paper_exact_reconstructed_metadata,supplemental,9,1.75,min_variance,432,0.5539253645485231,2.170821260427202,8.765479827236593,6.607824504240314e-09
final_reproduction_candidate,paper_exact_reconstructed_metadata,supplemental,9,1.75,min_variance,433,0.5561391005980437,2.454094323806664,11.635890426325195,2.9288896106662054e-09
final_reproduction_candidate,paper_exact_reconstructed_metadata,supplemental,9,1.75,min_variance,434,0.568173186595396,1.7169226935280626,5.5673695738135125,1.3957907975815105e-09
final_reproduction_candidate,paper_exact_reconstructed_metadata,supplemental,9,1.75,min_variance,435,0.5734907547319948,2.1564110023762963,8.64007274530751,1.9679059819843756e-09
final_reproduction_candidate,paper_exact_reconstructed_metadata,supplemental,9,1.75,min_variance,436,0.5739465943151355,2.6690446504302483,14.426180561977304,3.0983257411292893e-09
final_reproduction_candidate,paper_exact_reconstructed_metadata,supplemental,9,1.75,min_variance,437,0.5769645710246608,2.0989574222882066,8.15766048246796,3.268853463195179e-10
final_reproduction_candidate,paper_exact_reconstructed_metadata,supplemental,9,1.75,min_variance,438,0.5785417837201178,2.240367863505736,9.39678738686817,4.9635622099278995e-09
final_reproduction_candidate,paper_exact_reconstructed_metadata,supplemental,9,1.75,min_variance,439,0.5799900562362792,2.7530343637320667,15.690169405642532,7.395247218013733e-10
final_reproduction_candidate,paper_exact_reconstructed_metadata,supplemental,9,1.75,min_variance,440,0.5840425432510302,2.3470008320754547,10.454168852121139,6.978125363437473e-10
final_reproduction_candidate,paper_exact_reconstructed_metadata,supplemental,9,1.75,min_variance,441,0.5840971425689168,2.1397074192074492,8.496951220443842,2.5334831384717735e-10
final_reproduction_candidate,paper_exact_reconstructed_metadata,supplemental,9,1.75,min_variance,442,0.5847766074738066,1.9105541346855197,6.756831956279935,2.946384691287284e-10
final_reproduction_candidate,paper_exact_reconstructed_metadata,supplemental,9,1.75,min_variance,443,0.5857202971499391,2.050480053402471,7.771631008867492,2.387021325459329e-10
final_reproduction_candidate,paper_exact_reconstructed_metadata,supplemental,9,1.75,min_variance,444,0.5861388694706147,2.656217001409729,14.242308425952396,1.0422862873182093e-09
final_reproduction_candidate,paper_exact_reconstructed_metadata,supplemental,9,1.75,min_variance,445,0.5886903965352467,2.063276148864684,7.871716527415247,1.839620745872242e-10
final_reproduction_candidate,paper_exact_reconstructed_metadata,supplemental,9,1.75,min_variance,446,0.5897939430287678,1.914843398145699,6.785876033016252,1.3719965940110905e-09
final_reproduction_candidate,paper_exact_reconstructed_metadata,supplemental,9,1.75,min_variance,447,0.596543783965032,2.0962063288245067,8.135248838434503,1.3901568177348467e-09
final_reproduction_candidate,paper_exact_reconstructed_metadata,supplemental,9,1.75,min_variance,448,0.6695981290569956,2.126752641359969,8.387585041815061,6.711205317387468e-09
final_reproduction_candidate,paper_exact_reconstructed_metadata,supplemental,9,1.75,min_variance,449,0.6769528217697492,2.065511520753817,7.889332422963323,4.579548146833017e-09
final_reproduction_candidate,paper_exact_reconstructed_metadata,supplemental,9,1.75,min_variance,450,0.6827568362394107,2.11056019554025,8.252863207078518,3.33624463047469e-09
final_reproduction_candidate,paper_exact_reconstructed_metadata,supplemental,9,1.75,min_variance,451,0.6966607023134336,1.7207169388533572,5.588533665280324,6.17619753644972e-09
final_reproduction_candidate,paper_exact_reconstructed_metadata,supplemental,9,1.75,min_variance,452,0.7109936750169319,2.2348917410231914,9.34547006640299,2.809220287616359e-09
final_reproduction_candidate,paper_exact_reconstructed_metadata,supplemental,9,1.75,min_variance,453,0.7212762580352129,1.8183008826650489,6.161380642235581,5.956872502313905e-09
final_reproduction_candidate,paper_exact_reconstructed_metadata,supplemental,9,1.75,min_variance,454,0.7366181374568592,1.6278071314918348,5.092694854862339,3.4911908626310224e-09
final_reproduction_candidate,paper_exact_reconstructed_metadata,supplemental,9,1.75,min_variance,455,0.7368290015833014,2.1484680203526736,8.571716637862405,2.913280900148539e-09
final_reproduction_candidate,paper_exact_reconstructed_metadata,supplemental,9,1.75,min_variance,456,0.7407364511504921,1.834239099644898,6.2603688158400965,2.329870019033138e-09
final_reproduction_candidate,paper_exact_reconstructed_metadata,supplemental,9,1.75,min_variance,457,0.7412385639148792,1.7625345147808729,5.827187787540228,4.41594376642535e-09
final_reproduction_candidate,paper_exact_reconstructed_metadata,supplemental,9,1.75,min_variance,458,0.7492891025655681,1.8470853512357515,6.341309870160806,3.3410465935636873e-09
final_reproduction_candidate,paper_exact_reconstructed_metadata,supplemental,9,1.75,min_variance,459,0.7629396595651315,1.557559584541211,4.747221903568624,4.567099529898849e-09
final_reproduction_candidate,paper_exact_reconstructed_metadata,supplemental,9,1.75,min_variance,460,0.7676505743027768,2.1419005357176193,8.515606473546022,6.302640739735353e-10
final_reproduction_candidate,paper_exact_reconstructed_metadata,supplemental,9,1.75,min_variance,461,0.768330935138848,2.269186930729751,9.671533989286623,3.2937981321505876e-10
final_reproduction_candidate,paper_exact_reconstructed_metadata,supplemental,9,1.75,min_variance,462,0.7713985933909608,2.381159983923374,10.817443649695774,7.82209571833403e-10
final_reproduction_candidate,paper_exact_reconstructed_metadata,supplemental,9,1.75,min_variance,463,0.7714436714131971,2.0044843091443805,7.422265315309363,4.6076603162651047e-10
final_reproduction_candidate,paper_exact_reconstructed_metadata,supplemental,9,1.75,min_variance,464,0.7731584729940599,2.3564719071881695,10.553651430404608,2.660713585287433e-10
final_reproduction_candidate,paper_exact_reconstructed_metadata,supplemental,9,1.75,min_variance,465,0.7748005925791572,2.1391486435289844,8.492204657016357,3.2149870913193787e-10
final_reproduction_candidate,paper_exact_reconstructed_metadata,supplemental,9,1.75,min_variance,466,0.7761582407977078,2.2878861229176337,9.85408532414383,1.3208938622423406e-10
final_reproduction_candidate,paper_exact_reconstructed_metadata,supplemental,9,1.75,min_variance,467,0.776353226892139,2.083874554828605,8.035542827895739,1.6843250833591185e-10
final_reproduction_candidate,paper_exact_reconstructed_metadata,supplemental,9,1.75,min_variance,468,0.7765820316318259,2.098262696120045,8.151995110428778,3.115927555873776e-10
final_reproduction_candidate,paper_exact_reconstructed_metadata,supplemental,9,1.75,min_variance,469,0.7905766197772841,1.4418238025573602,4.228400556647709,6.176651770682571e-10
final_reproduction_candidate,paper_exact_reconstructed_metadata,supplemental,9,1.75,min_variance,470,0.7926445513169413,1.9636839364731538,7.125528768138665,1.5502114580990472e-09
final_reproduction_candidate,paper_exact_reconstructed_metadata,supplemental,9,1.75,min_variance,471,0.7928721659772975,1.9961108484122085,7.360374748881893,1.8372483084970089e-09
final_reproduction_candidate,paper_exact_reconstructed_metadata,supplemental,9,1.75,min_variance,472,0.7941498467145736,2.330521075691919,10.28329851411438,1.4887411322874946e-09
final_reproduction_candidate,paper_exact_reconstructed_metadata,supplemental,9,1.75,min_variance,473,0.7972958732233351,1.597978949034365,4.943032202314164,1.8326989536913786e-09
final_reproduction_candidate,paper_exact_reconstructed_metadata,supplemental,9,1.75,min_variance,474,0.808012226005354,1.9749196720989866,7.206040784440266,1.0275323359629764e-09
final_reproduction_candidate,paper_exact_reconstructed_metadata,supplemental,9,1.75,min_variance,475,0.8216365990719172,1.8442815101813832,6.323554748110304,1.9395366298810057e-09
final_reproduction_candidate,paper_exact_reconstructed_metadata,supplemental,9,1.75,min_variance,476,0.8251921579584621,1.4923184150502709,4.447394482056766,3.4127912582083533e-09
final_reproduction_candidate,paper_exact_reconstructed_metadata,supplemental,9,1.75,min_variance,477,0.8388207760870957,2.005475220577981,7.4296237680588915,7.21065166880172e-10
final_reproduction_candidate,paper_exact_reconstructed_metadata,supplemental,9,1.75,min_variance,478,0.8442330209409769,2.2163948711581023,9.174197013610586,1.4522712321292902e-09
final_reproduction_candidate,paper_exact_reconstructed_metadata,supplemental,9,1.75,min_variance,479,0.8495022891447928,1.8763106877380116,6.52937148150604,8.659565654413642e-10
final_reproduction_candidate,paper_exact_reconstructed_metadata,supplemental,9,1.75,min_variance,480,0.8571007894553873,1.9150745319900417,6.787444659905395,3.854085268636594e-10
final_reproduction_candidate,paper_exact_reconstructed_metadata,supplemental,9,1.75,min_variance,481,0.8763886872538081,1.8517343904820571,6.370859504101394,1.3850496468031628e-09
final_reproduction_candidate,paper_exact_reconstructed_metadata,supplemental,9,1.75,min_variance,482,0.8965027357795482,2.2092565207512433,9.108941565848317,3.958096287627343e-10
final_reproduction_candidate,paper_exact_reconstructed_metadata,supplemental,9,1.75,min_variance,483,0.900434619812651,2.221764329626193,9.223589971500264,6.28846021009939e-10
final_reproduction_candidate,paper_exact_reconstructed_metadata,supplemental,9,1.75,min_variance,484,0.960079993722033,1.7292769794454117,5.6365770737064596,3.355626661779153e-11
final_reproduction_candidate,paper_exact_reconstructed_metadata,supplemental,9,1.75,min_variance,485,0.9619856153585508,1.678202727813361,5.355921267295321,3.647067129524069e-11
final_reproduction_candidate,paper_exact_reconstructed_metadata,supplemental,9,1.75,min_variance,486,0.965639025467659,1.5096902529900744,4.525328870118098,2.6572058224451792e-11
final_reproduction_candidate,paper_exact_reconstructed_metadata,supplemental,9,1.75,min_variance,487,0.9687930097077753,2.108412321205174,8.235156117114618,3.974443171270283e-11
final_reproduction_candidate,paper_exact_reconstructed_metadata,supplemental,9,1.75,min_variance,488,0.9706120808019763,1.3341226582375985,3.7966635133336335,1.8939623076349326e-11
final_reproduction_candidate,paper_exact_reconstructed_metadata,supplemental,9,1.75,min_variance,489,0.9730757177133871,1.310317119381547,3.707349198100549,1.734571263528086e-11
final_reproduction_candidate,paper_exact_reconstructed_metadata,supplemental,9,1.75,min_variance,490,0.9758362936337748,1.4738049465872758,4.365815271722377,1.8121476161267562e-11
final_reproduction_candidate,paper_exact_reconstructed_metadata,supplemental,9,1.75,min_variance,491,0.9768401455637417,1.6313768290327715,5.110906721250727,3.133084709229291e-11
final_reproduction_candidate,paper_exact_reconstructed_metadata,supplemental,9,1.75,min_variance,492,0.9791362700186047,1.7482521044142039,5.744553016826381,2.380968298871901e-11
final_reproduction_candidate,paper_exact_reconstructed_metadata,supplemental,9,1.75,min_variance,493,1.1492385827628293,1.000796427825063,2.720447606071891,8.791326592667675e-12
final_reproduction_candidate,paper_exact_reconstructed_metadata,supplemental,9,1.75,min_variance,494,1.1517721117605264,1.2615904090197634,3.5310328104640165,8.419714457378653e-12
final_reproduction_candidate,paper_exact_reconstructed_metadata,supplemental,9,1.75,min_variance,495,1.1580525606265029,0.6002412041997736,1.8225583561068608,7.72773752733242e-12
final_reproduction_candidate,paper_exact_reconstructed_metadata,supplemental,9,1.75,min_variance,496,1.1667374855307848,0.8483051087303868,2.3356847635056965,7.64969688597675e-12
final_reproduction_candidate,paper_exact_reconstructed_metadata,supplemental,9,1.75,min_variance,497,1.1672681936947689,1.303492259593766,3.682133205324019,7.680830235654517e-12
final_reproduction_candidate,paper_exact_reconstructed_metadata,supplemental,9,1.75,min_variance,498,1.1833096859830023,1.3206876926420275,3.7459965859725655,8.97270813290972e-12
final_reproduction_candidate,paper_exact_reconstructed_metadata,supplemental,9,1.75,min_variance,499,1.1851316238533536,1.7989483779481594,6.043288865740802,9.376280402094364e-12
final_reproduction_candidate,paper_exact_reconstructed_metadata,supplemental,9,1.75,min_variance,500,1.1972268078515151,1.496544623677736,4.4662298720958695,9.260171273445351e-12
final_reproduction_candidate,paper_exact_reconstructed_metadata,supplemental,9,1.75,min_variance,501,1.197310892955131,1.3939671088589172,4.030809034785545,8.41700970427312e-12
final_reproduction_candidate,paper_exact_reconstructed_metadata,supplemental,9,1.75,min_variance,502,1.394484103256204,0.4920581389294174,1.635679213079204,5.340765687423371e-12
final_reproduction_candidate,paper_exact_reconstructed_metadata,supplemental,9,1.75,min_variance,503,1.402876580339311,0.6182450335297535,1.8556685464514433,3.239034123290714e-12
final_reproduction_candidate,paper_exact_reconstructed_metadata,supplemental,9,1.75,min_variance,504,1.4277568539434113,0.48246372855961256,1.6200608796347185,5.687667683107934e-12
final_reproduction_candidate,paper_exact_reconstructed_metadata,supplemental,9,1.75,min_variance,505,1.4425392550563105,0.6854555299397004,1.984675708856831,1.6574358648221893e-12
final_reproduction_candidate,paper_exact_reconstructed_metadata,supplemental,9,1.75,min_variance,506,1.4690201167521322,0.6613074622128938,1.9373236567125947,4.171969994098154e-12
final_reproduction_candidate,paper_exact_reconstructed_metadata,supplemental,9,1.75,min_variance,507,1.4828091925234925,0.7491386518715315,2.1151773277079267,1.000553622959003e-12
final_reproduction_candidate,paper_exact_reconstructed_metadata,supplemental,9,1.75,min_variance,508,1.4992701991320616,0.7993683306725434,2.2241355664597138,2.3759445275935548e-12
final_reproduction_candidate,paper_exact_reconstructed_metadata,supplemental,9,1.75,min_variance,509,1.5070676617576815,1.2921106273671572,3.640462111746302,1.2605657581905737e-12
final_reproduction_candidate,paper_exact_reconstructed_metadata,supplemental,9,1.75,min_variance,510,1.5130964169603929,0.8414584420175236,2.3197477284239034,1.2921004638532263e-12
final_reproduction_candidate,paper_exact_reconstructed_metadata,supplemental,9,1.75,min_variance,511,2.0968505404116784,0.3959203536434973,1.4857509781867198,4.736476695948949e-15
