group,state_class,profile_index,site,real_energy,imag_energy,probability
figs2,alm,0,0,3.5037624917411505,1.3792577052538082e-16,4.5346981240844763e-10
figs2,alm,0,1,3.5037624917411505,1.3792577052538082e-16,2.060515741989538e-09
figs2,alm,0,2,3.5037624917411505,1.3792577052538082e-16,5.288823797918945e-09
figs2,alm,0,3,3.5037624917411505,1.3792577052538082e-16,2.5094211749234926e-09
figs2,alm,0,4,3.5037624917411505,1.3792577052538082e-16,1.3191212115292927e-08
figs2,alm,0,5,3.5037624917411505,1.3792577052538082e-16,9.883556395667942e-10
figs2,alm,0,6,3.5037624917411505,1.3792577052538082e-16,2.8688395926652738e-09
figs2,alm,0,7,3.5037624917411505,1.3792577052538082e-16,1.1802300953759037e-08
figs2,alm,0,8,3.5037624917411505,1.3792577052538082e-16,9.993828741692854e-09
figs2,alm,0,9,3.5037624917411505,1.3792577052538082e-16,4.6248090778286106e-08
figs2,alm,0,10,3.5037624917411505,1.3792577052538082e-16,5.7666593045326317e-08
figs2,alm,0,11,3.5037624917411505,1.3792577052538082e-16,1.0518014444583002e-07
figs2,alm,0,12,3.5037624917411505,1.3792577052538082e-16,5.169291779449022e-07
figs2,alm,0,13,3.5037624917411505,1.3792577052538082e-16,8.08460630057655e-07
figs2,alm,0,14,3.5037624917411505,1.3792577052538082e-16,3.301792283797089e-06
figs2,alm,0,15,3.5037624917411505,1.3792577052538082e-16,1.0749115706332143e-05
figs2,alm,0,16,3.5037624917411505,1.3792577052538082e-16,1.7581600065219344e-07
figs2,alm,0,17,3.5037624917411505,1.3792577052538082e-16,1.1891922047842526e-06
figs2,alm,0,18,3.5037624917411505,1.3792577052538082e-16,1.4306753378488775e-07
figs2,alm,0,19,3.5037624917411505,1.3792577052538082e-16,4.887816483729411e-07
figs2,alm,0,20,3.5037624917411505,1.3792577052538082e-16,2.1874332337810175e-06
figs2,alm,0,21,3.5037624917411505,1.3792577052538082e-16,4.2327917464305645e-06
figs2,alm,0,22,3.5037624917411505,1.3792577052538082e-16,1.9216625625361054e-05
figs2,alm,0,23,3.5037624917411505,1.3792577052538082e-16,4.0060007706511494e-05
figs2,alm,0,24,3.5037624917411505,1.3792577052538082e-16,3.8095646630592394e-05
figs2,alm,0,25,3.5037624917411505,1.3792577052538082e-16,0.00019485538423211698
figs2,alm,0,26,3.5037624917411505,1.3792577052538082e-16,9.065865594861342e-05
figs2,alm,0,27,3.5037624917411505,1.3792577052538082e-16,0.00032319109463520637
figs2,alm,0,28,3.5037624917411505,1.3792577052538082e-16,0.0012343283623829449
figs2,alm,0,29,3.5037624917411505,1.3792577052538082e-16,0.000338337808471707
figs2,alm,0,30,3.5037624917411505,1.3792577052538082e-16,0.0015302431068526694
figs2,alm,0,31,3.5037624917411505,1.3792577052538082e-16,0.0011369307398259635
figs2,alm,0,32,3.5037624917411505,1.3792577052538082e-16,0.0026987780885367675
figs2,alm,0,33,3.5037624917411505,1.3792577052538082e-16,0.012873740576558873
figs2,alm,0,34,3.5037624917411505,1.3792577052538082e-16,0.027010963388956404
figs2,alm,0,35,3.5037624917411505,1.3792577052538082e-16,0.11618109291314001
figs2,alm,0,36,3.5037624917411505,1.3792577052538082e-16,0.3305525487860608
figs2,alm,0,37,3.5037624917411505,1.3792577052538082e-16,0.07891929140749784
figs2,alm,0,38,3.5037624917411505,1.3792577052538082e-16,0.42650896574921804
figs2,alm,0,39,3.5037624917411505,1.3792577052538082e-16,0.00028448783305426765
figs2,alm,0,40,3.5037624917411505,1.3792577052538082e-16,1.619089186195524e-07
figs2,alm,0,41,3.5037624917411505,1.3792577052538082e-16,2.838549924702575e-10
figs2,alm,0,42,3.5037624917411505,1.3792577052538082e-16,1.2965720578320432e-13
figs2,alm,0,43,3.5037624917411505,1.3792577052538082e-16,1.8213517093078913e-16
figs2,alm,0,44,3.5037624917411505,1.3792577052538082e-16,2.8549612885926765e-19
figs2,alm,0,45,3.5037624917411505,1.3792577052538082e-16,1.3998360122939476e-22
figs2,alm,0,46,3.5037624917411505,1.3792577052538082e-16,2.8518692452316824e-25
figs2,alm,0,47,3.5037624917411505,1.3792577052538082e-16,1.5263958825891121e-28
figs2,alm,0,48,3.5037624917411505,1.3792577052538082e-16,1.6570517294522185e-31
figs2,alm,0,49,3.5037624917411505,1.3792577052538082e-16,2.634790669734491e-32
figs2,alm,0,50,3.5037624917411505,1.3792577052538082e-16,2.759564627962434e-36
figs2,alm,0,51,3.5037624917411505,1.3792577052538082e-16,6.84613780788887e-36
figs2,alm,0,52,3.5037624917411505,1.3792577052538082e-16,1.2828570194333242e-35
figs2,alm,0,53,3.5037624917411505,1.3792577052538082e-16,4.181945489898472e-34
figs2,alm,0,54,3.5037624917411505,1.3792577052538082e-16,5.155571739355846e-33
figs2,alm,0,55,3.5037624917411505,1.3792577052538082e-16,8.444157675207812e-37
figs2,alm,0,56,3.5037624917411505,1.3792577052538082e-16,1.3322641353039177e-41
figs2,alm,0,57,3.5037624917411505,1.3792577052538082e-16,5.863629017096326e-45
figs2,alm,0,58,3.5037624917411505,1.3792577052538082e-16,2.2234182574379e-43
figs2,alm,0,59,3.5037624917411505,1.3792577052538082e-16,1.8867951769235384e-42
figs2,alm,0,60,3.5037624917411505,1.3792577052538082e-16,1.400487501012087e-43
figs2,alm,0,61,3.5037624917411505,1.3792577052538082e-16,1.1398964101964016e-42
figs2,alm,0,62,3.5037624917411505,1.3792577052538082e-16,8.65306430480175e-42
figs2,alm,0,63,3.5037624917411505,1.3792577052538082e-16,2.2256128828642437e-45
figs2,alm,0,64,3.5037624917411505,1.3792577052538082e-16,2.1268096178316343e-49
figs2,alm,0,65,3.5037624917411505,1.3792577052538082e-16,1.6332609760182263e-47
figs2,alm,0,66,3.5037624917411505,1.3792577052538082e-16,1.2084424004748811e-46
figs2,alm,0,67,3.5037624917411505,1.3792577052538082e-16,1.5042419320323898e-45
figs2,alm,0,68,3.5037624917411505,1.3792577052538082e-16,2.8947000703623928e-49
figs2,alm,0,69,3.5037624917411505,1.3792577052538082e-16,6.797701987864025e-53
figs2,alm,0,70,3.5037624917411505,1.3792577052538082e-16,6.052042251182023e-56
figs2,alm,0,71,3.5037624917411505,1.3792577052538082e-16,1.0592403523505196e-59
figs2,alm,0,72,3.5037624917411505,1.3792577052538082e-16,1.07180885690488e-62
figs2,alm,0,73,3.5037624917411505,1.3792577052538082e-16,1.0375160978220205e-65
figs2,alm,0,74,3.5037624917411505,1.3792577052538082e-16,2.1692344074657852e-64
figs2,alm,0,75,3.5037624917411505,1.3792577052538082e-16,2.4881590641889274e-63
figs2,alm,0,76,3.5037624917411505,1.3792577052538082e-16,4.6097155091434316e-67
figs2,alm,0,77,3.5037624917411505,1.3792577052538082e-16,1.457361356280291e-70
figs2,alm,0,78,3.5037624917411505,1.3792577052538082e-16,5.950716005942532e-74
figs2,alm,0,79,3.5037624917411505,1.3792577052538082e-16,1.0319731938587745e-77
figs2,alm,0,80,3.5037624917411505,1.3792577052538082e-16,1.1098439626212887e-79
figs2,alm,0,81,3.5037624917411505,1.3792577052538082e-16,2.3346566998959415e-83
figs2,alm,0,82,3.5037624917411505,1.3792577052538082e-16,8.568672788881281e-87
figs2,alm,0,83,3.5037624917411505,1.3792577052538082e-16,1.5535439999177334e-85
figs2,alm,0,84,3.5037624917411505,1.3792577052538082e-16,1.8492596113489437e-85
figs2,alm,0,85,3.5037624917411505,1.3792577052538082e-16,2.586461058190392e-84
figs2,alm,0,86,3.5037624917411505,1.3792577052538082e-16,1.2718217843078965e-83
figs2,alm,0,87,3.5037624917411505,1.3792577052538082e-16,1.1761968516513497e-82
figs2,alm,0,88,3.5037624917411505,1.3792577052538082e-16,1.5502692906249278e-81
figs2,alm,0,89,3.5037624917411505,1.3792577052538082e-16,2.6937980314106386e-85
figs2,alm,0,90,3.5037624917411505,1.3792577052538082e-16,6.313159210864477e-89
figs2,alm,0,91,3.5037624917411505,1.3792577052538082e-16,3.3322955180918426e-92
figs2,alm,0,92,3.5037624917411505,1.3792577052538082e-16,5.411434944911356e-96
figs2,alm,0,93,3.5037624917411505,1.3792577052538082e-16,7.372066822903125e-99
figs2,alm,0,94,3.5037624917411505,1.3792577052538082e-16,1.4947022634574882e-102
figs2,alm,0,95,3.5037624917411505,1.3792577052538082e-16,2.624221963085443e-106
figs2,alm,0,96,3.5037624917411505,1.3792577052538082e-16,2.8386496855751687e-108
figs2,alm,0,97,3.5037624917411505,1.3792577052538082e-16,4.724435914280734e-112
figs2,alm,0,98,3.5037624917411505,1.3792577052538082e-16,1.5367221921117222e-115
figs2,alm,0,99,3.5037624917411505,1.3792577052538082e-16,4.61456716517552e-119
figs2,alm,0,100,3.5037624917411505,1.3792577052538082e-16,7.135106588738234e-123
figs2,alm,0,101,3.5037624917411505,1.3792577052538082e-16,2.005482949172234e-124
figs2,alm,0,102,3.5037624917411505,1.3792577052538082e-16,3.6388949019769516e-128
figs2,alm,0,103,3.5037624917411505,1.3792577052538082e-16,7.523811163075717e-132
figs2,alm,0,104,3.5037624917411505,1.3792577052538082e-16,7.60180349329985e-135
figs2,alm,0,105,3.5037624917411505,1.3792577052538082e-16,1.2406702378922258e-138
figs2,alm,0,106,3.5037624917411505,1.3792577052538082e-16,7.789457233274197e-142
figs2,alm,0,107,3.5037624917411505,1.3792577052538082e-16,1.7615467991129757e-145
figs2,alm,0,108,3.5037624917411505,1.3792577052538082e-16,1.665356891824453e-149
figs2,alm,0,109,3.5037624917411505,1.3792577052538082e-16,2.912556852346448e-149
figs2,alm,0,110,3.5037624917411505,1.3792577052538082e-16,4.961456348699362e-153
figs2,alm,0,111,3.5037624917411505,1.3792577052538082e-16,1.2873252841745905e-156
figs2,alm,0,112,3.5037624917411505,1.3792577052538082e-16,5.210840892830465e-160
figs2,alm,0,113,3.5037624917411505,1.3792577052538082e-16,8.427025312319902e-164
figs2,alm,0,114,3.5037624917411505,1.3792577052538082e-16,2.4623921748502776e-166
figs2,alm,0,115,3.5037624917411505,1.3792577052538082e-16,4.749916805113202e-170
figs2,alm,0,116,3.5037624917411505,1.3792577052538082e-16,8.903088124382094e-174
figs2,alm,0,117,3.5037624917411505,1.3792577052538082e-16,2.839479257250617e-176
figs2,alm,0,118,3.5037624917411505,1.3792577052538082e-16,4.67989897586653e-180
figs2,alm,0,119,3.5037624917411505,1.3792577052538082e-16,1.8506779871747808e-183
figs2,alm,0,120,3.5037624917411505,1.3792577052538082e-16,4.883626848211504e-187
figs2,alm,0,121,3.5037624917411505,1.3792577052538082e-16,5.2469818183121904e-191
figs2,alm,0,122,3.5037624917411505,1.3792577052538082e-16,4.824608908166781e-191
figs2,alm,0,123,3.5037624917411505,1.3792577052538082e-16,8.507893190956429e-195
figs2,alm,0,124,3.5037624917411505,1.3792577052538082e-16,1.891677647967616e-198
figs2,alm,0,125,3.5037624917411505,1.3792577052538082e-16,1.2305472190781986e-201
figs2,alm,0,126,3.5037624917411505,1.3792577052538082e-16,2.0016253877984914e-205
figs2,alm,0,127,3.5037624917411505,1.3792577052538082e-16,1.9269531698587688e-208
figs2,alm,0,128,3.5037624917411505,1.3792577052538082e-16,4.052893004147379e-212
figs2,alm,0,129,3.5037624917411505,1.3792577052538082e-16,6.672589698497649e-216
figs2,alm,0,130,3.5037624917411505,1.3792577052538082e-16,2.2956766537496062e-217
figs2,alm,0,131,3.5037624917411505,1.3792577052538082e-16,3.8502791309960845e-221
figs2,alm,0,132,3.5037624917411505,1.3792577052538082e-16,1.1362877132608167e-224
figs2,alm,0,133,3.5037624917411505,1.3792577052538082e-16,3.767033613201126e-228
figs2,alm,0,134,3.5037624917411505,1.3792577052538082e-16,6.004115950209549e-232
figs2,alm,0,135,3.5037624917411505,1.3792577052538082e-16,5.649123989918774e-234
figs2,alm,0,136,3.5037624917411505,1.3792577052538082e-16,1.0466933027112731e-237
figs2,alm,0,137,3.5037624917411505,1.3792577052538082e-16,2.0807573699546637e-241
figs2,alm,0,138,3.5037624917411505,1.3792577052538082e-16,3.0087448591998e-244
figs2,alm,0,139,3.5037624917411505,1.3792577052538082e-16,4.986766546038499e-248
figs2,alm,1,0,3.7050408967015844,-1.755463174656842e-16,2.775132674855371e-13
figs2,alm,1,1,3.7050408967015844,-1.755463174656842e-16,1.3769364354563238e-12
figs2,alm,1,2,3.7050408967015844,-1.755463174656842e-16,3.965280553329902e-12
figs2,alm,1,3,3.7050408967015844,-1.755463174656842e-16,2.431115166925437e-12
figs2,alm,1,4,3.7050408967015844,-1.755463174656842e-16,1.377399569462234e-11
figs2,alm,1,5,3.7050408967015844,-1.755463174656842e-16,4.3956797935876645e-13
figs2,alm,1,6,3.7050408967015844,-1.755463174656842e-16,1.280782690353371e-12
figs2,alm,1,7,3.7050408967015844,-1.755463174656842e-16,5.77855126052296e-12
figs2,alm,1,8,3.7050408967015844,-1.755463174656842e-16,3.9369628375807485e-12
figs2,alm,1,9,3.7050408967015844,-1.755463174656842e-16,1.977359935343707e-11
figs2,alm,1,10,3.7050408967015844,-1.755463174656842e-16,2.902733969748493e-11
figs2,alm,1,11,3.7050408967015844,-1.755463174656842e-16,6.044517754614733e-11
figs2,alm,1,12,3.7050408967015844,-1.755463174656842e-16,3.226810262905462e-10
figs2,alm,1,13,3.7050408967015844,-1.755463174656842e-16,4.309195117039126e-10
figs2,alm,1,14,3.7050408967015844,-1.755463174656842e-16,1.925085709696548e-09
figs2,alm,1,15,3.7050408967015844,-1.755463174656842e-16,6.9431572420932305e-09
figs2,alm,1,16,3.7050408967015844,-1.755463174656842e-16,3.434859267401714e-10
figs2,alm,1,17,3.7050408967015844,-1.755463174656842e-16,2.2131414871459584e-09
figs2,alm,1,18,3.7050408967015844,-1.755463174656842e-16,4.346194164351152e-10
figs2,alm,1,19,3.7050408967015844,-1.755463174656842e-16,1.5928072834713328e-09
figs2,alm,1,20,3.7050408967015844,-1.755463174656842e-16,7.782552759454666e-09
figs2,alm,1,21,3.7050408967015844,-1.755463174656842e-16,1.3075346152322783e-08
figs2,alm,1,22,3.7050408967015844,-1.755463174656842e-16,6.467615366570857e-08
figs2,alm,1,23,3.7050408967015844,-1.755463174656842e-16,1.5313544278862946e-07
figs2,alm,1,24,3.7050408967015844,-1.755463174656842e-16,1.7499286121615472e-07
figs2,alm,1,25,3.7050408967015844,-1.755463174656842e-16,9.690117814430004e-07
figs2,alm,1,26,3.7050408967015844,-1.755463174656842e-16,3.3397447237178096e-07
figs2,alm,1,27,3.7050408967015844,-1.755463174656842e-16,1.2996067283245113e-06
figs2,alm,1,28,3.7050408967015844,-1.755463174656842e-16,5.456487751326278e-06
figs2,alm,1,29,3.7050408967015844,-1.755463174656842e-16,1.0034319232159448e-06
figs2,alm,1,30,3.7050408967015844,-1.755463174656842e-16,4.867437168513923e-06
figs2,alm,1,31,3.7050408967015844,-1.755463174656842e-16,4.4581731856933875e-06
figs2,alm,1,32,3.7050408967015844,-1.755463174656842e-16,1.186023237957257e-05
figs2,alm,1,33,3.7050408967015844,-1.755463174656842e-16,6.155777867714114e-05
figs2,alm,1,34,3.7050408967015844,-1.755463174656842e-16,0.000112780062193731
figs2,alm,1,35,3.7050408967015844,-1.755463174656842e-16,0.0005298412144554221
figs2,alm,1,36,3.7050408967015844,-1.755463174656842e-16,0.0016817927505074015
figs2,alm,1,37,3.7050408967015844,-1.755463174656842e-16,0.0005715520566306413
figs2,alm,1,38,3.7050408967015844,-1.755463174656842e-16,0.0033053351204058675
figs2,alm,1,39,3.7050408967015844,-1.755463174656842e-16,1.5891326951592733e-05
figs2,alm,1,40,3.7050408967015844,-1.755463174656842e-16,0.00010763637293583476
figs2,alm,1,41,3.7050408967015844,-1.755463174656842e-16,0.0004985175390831643
figs2,alm,1,42,3.7050408967015844,-1.755463174656842e-16,0.000539901502160668
figs2,alm,1,43,3.7050408967015844,-1.755463174656842e-16,0.002710675606503363
figs2,alm,1,44,3.7050408967015844,-1.755463174656842e-16,0.004925791609521497
figs2,alm,1,45,3.7050408967015844,-1.755463174656842e-16,0.008476202993580893
figs2,alm,1,46,3.7050408967015844,-1.755463174656842e-16,0.04592838071645408
figs2,alm,1,47,3.7050408967015844,-1.755463174656842e-16,0.042700257121424806
figs2,alm,1,48,3.7050408967015844,-1.755463174656842e-16,0.18306925857910164
figs2,alm,1,49,3.7050408967015844,-1.755463174656842e-16,0.7044537824043803
figs2,alm,1,50,3.7050408967015844,-1.755463174656842e-16,0.00027872343245828525
figs2,alm,1,51,3.7050408967015844,-1.755463174656842e-16,1.444377122944505e-06
figs2,alm,1,52,3.7050408967015844,-1.755463174656842e-16,1.0687876817045194e-09
figs2,alm,1,53,3.7050408967015844,-1.755463174656842e-16,5.109321007953467e-13
figs2,alm,1,54,3.7050408967015844,-1.755463174656842e-16,6.123075416425954e-16
figs2,alm,1,55,3.7050408967015844,-1.755463174656842e-16,2.6953481090833065e-19
figs2,alm,1,56,3.7050408967015844,-1.755463174656842e-16,2.1860466178408955e-22
figs2,alm,1,57,3.7050408967015844,-1.755463174656842e-16,6.250565334989299e-25
figs2,alm,1,58,3.7050408967015844,-1.755463174656842e-16,3.0032076082278073e-28
figs2,alm,1,59,3.7050408967015844,-1.755463174656842e-16,6.196572113550117e-30
figs2,alm,1,60,3.7050408967015844,-1.755463174656842e-16,3.232247407794714e-33
figs2,alm,1,61,3.7050408967015844,-1.755463174656842e-16,4.0493603728636933e-35
figs2,alm,1,62,3.7050408967015844,-1.755463174656842e-16,2.749640495918346e-34
figs2,alm,1,63,3.7050408967015844,-1.755463174656842e-16,8.236049630102047e-35
figs2,alm,1,64,3.7050408967015844,-1.755463174656842e-16,1.0911807249022848e-33
figs2,alm,1,65,3.7050408967015844,-1.755463174656842e-16,6.0463200955753374e-33
figs2,alm,1,66,3.7050408967015844,-1.755463174656842e-16,4.5389982250407134e-32
figs2,alm,1,67,3.7050408967015844,-1.755463174656842e-16,5.646629986357108e-31
figs2,alm,1,68,3.7050408967015844,-1.755463174656842e-16,1.0870726898520898e-34
figs2,alm,1,69,3.7050408967015844,-1.755463174656842e-16,2.5530859420100196e-38
figs2,alm,1,70,3.7050408967015844,-1.755463174656842e-16,2.2758305482679074e-41
figs2,alm,1,71,3.7050408967015844,-1.755463174656842e-16,3.979666358714541e-45
figs2,alm,1,72,3.7050408967015844,-1.755463174656842e-16,3.782176616833488e-48
figs2,alm,1,73,3.7050408967015844,-1.755463174656842e-16,8.912019500132797e-52
figs2,alm,1,74,3.7050408967015844,-1.755463174656842e-16,8.398818168388042e-55
figs2,alm,1,75,3.7050408967015844,-1.755463174656842e-16,1.0140787970980563e-53
figs2,alm,1,76,3.7050408967015844,-1.755463174656842e-16,1.6119272101446374e-57
figs2,alm,1,77,3.7050408967015844,-1.755463174656842e-16,2.938868547424946e-58
figs2,alm,1,78,3.7050408967015844,-1.755463174656842e-16,1.328407209764264e-57
figs2,alm,1,79,3.7050408967015844,-1.755463174656842e-16,4.691408163435264e-57
figs2,alm,1,80,3.7050408967015844,-1.755463174656842e-16,4.364404674694732e-56
figs2,alm,1,81,3.7050408967015844,-1.755463174656842e-16,2.0131167656804576e-59
figs2,alm,1,82,3.7050408967015844,-1.755463174656842e-16,1.0601120667736864e-59
figs2,alm,1,83,3.7050408967015844,-1.755463174656842e-16,1.2619447591449903e-58
figs2,alm,1,84,3.7050408967015844,-1.755463174656842e-16,1.5183211219552635e-58
figs2,alm,1,85,3.7050408967015844,-1.755463174656842e-16,2.1233193605310473e-57
figs2,alm,1,86,3.7050408967015844,-1.755463174656842e-16,1.0440853100851266e-56
figs2,alm,1,87,3.7050408967015844,-1.755463174656842e-16,9.655832777236057e-56
figs2,alm,1,88,3.7050408967015844,-1.755463174656842e-16,1.2726731081920774e-54
figs2,alm,1,89,3.7050408967015844,-1.755463174656842e-16,2.211437931596217e-58
figs2,alm,1,90,3.7050408967015844,-1.755463174656842e-16,5.182704710716207e-62
figs2,alm,1,91,3.7050408967015844,-1.755463174656842e-16,2.7356040141342545e-65
figs2,alm,1,92,3.7050408967015844,-1.755463174656842e-16,4.442446078732237e-69
figs2,alm,1,93,3.7050408967015844,-1.755463174656842e-16,6.052000935600509e-72
figs2,alm,1,94,3.7050408967015844,-1.755463174656842e-16,1.227056090808077e-75
figs2,alm,1,95,3.7050408967015844,-1.755463174656842e-16,2.1543203768136786e-79
figs2,alm,1,96,3.7050408967015844,-1.755463174656842e-16,2.3303519848100667e-81
figs2,alm,1,97,3.7050408967015844,-1.755463174656842e-16,3.8784632939723e-85
figs2,alm,1,98,3.7050408967015844,-1.755463174656842e-16,1.261551796505443e-88
figs2,alm,1,99,3.7050408967015844,-1.755463174656842e-16,3.788267994828756e-92
figs2,alm,1,100,3.7050408967015844,-1.755463174656842e-16,5.857471559585391e-96
figs2,alm,1,101,3.7050408967015844,-1.755463174656842e-16,1.6463747516321504e-97
figs2,alm,1,102,3.7050408967015844,-1.755463174656842e-16,2.9873027307093263e-101
figs2,alm,1,103,3.7050408967015844,-1.755463174656842e-16,6.1765734483201415e-105
figs2,alm,1,104,3.7050408967015844,-1.755463174656842e-16,6.240600222184181e-108
figs2,alm,1,105,3.7050408967015844,-1.755463174656842e-16,1.0185118530181387e-111
figs2,alm,1,106,3.7050408967015844,-1.755463174656842e-16,6.394652082676454e-115
figs2,alm,1,107,3.7050408967015844,-1.755463174656842e-16,1.4461185895658994e-118
figs2,alm,1,108,3.7050408967015844,-1.755463174656842e-16,1.367152755015028e-122
figs2,alm,1,109,3.7050408967015844,-1.755463174656842e-16,2.3910250977189348e-122
figs2,alm,1,110,3.7050408967015844,-1.755463174656842e-16,4.0730420906378915e-126
figs2,alm,1,111,3.7050408967015844,-1.755463174656842e-16,1.0568126973773262e-129
figs2,alm,1,112,3.7050408967015844,-1.755463174656842e-16,4.277771039890578e-133
figs2,alm,1,113,3.7050408967015844,-1.755463174656842e-16,6.918055180515141e-137
figs2,alm,1,114,3.7050408967015844,-1.755463174656842e-16,2.021468348603323e-139
figs2,alm,1,115,3.7050408967015844,-1.755463174656842e-16,3.8993814949996483e-143
figs2,alm,1,116,3.7050408967015844,-1.755463174656842e-16,7.308872661353037e-147
figs2,alm,1,117,3.7050408967015844,-1.755463174656842e-16,2.331033010787763e-149
figs2,alm,1,118,3.7050408967015844,-1.755463174656842e-16,3.841901282445249e-153
figs2,alm,1,119,3.7050408967015844,-1.755463174656842e-16,1.5192896618063368e-156
figs2,alm,1,120,3.7050408967015844,-1.755463174656842e-16,4.009148989741311e-160
figs2,alm,1,121,3.7050408967015844,-1.755463174656842e-16,4.307440455662567e-164
figs2,alm,1,122,3.7050408967015844,-1.755463174656842e-16,3.960698990823153e-164
figs2,alm,1,123,3.7050408967015844,-1.755463174656842e-16,6.984442597696418e-168
figs2,alm,1,124,3.7050408967015844,-1.755463174656842e-16,1.5529477920112048e-171
figs2,alm,1,125,3.7050408967015844,-1.755463174656842e-16,1.0102014943628286e-174
figs2,alm,1,126,3.7050408967015844,-1.755463174656842e-16,1.6432079375397658e-178
figs2,alm,1,127,3.7050408967015844,-1.755463174656842e-16,1.5819067660077738e-181
figs2,alm,1,128,3.7050408967015844,-1.755463174656842e-16,3.3271690072406785e-185
figs2,alm,1,129,3.7050408967015844,-1.755463174656842e-16,5.477774424388212e-189
figs2,alm,1,130,3.7050408967015844,-1.755463174656842e-16,1.8846054422994427e-190
figs2,alm,1,131,3.7050408967015844,-1.755463174656842e-16,3.160835822750539e-194
figs2,alm,1,132,3.7050408967015844,-1.755463174656842e-16,9.328203973826184e-198
figs2,alm,1,133,3.7050408967015844,-1.755463174656842e-16,3.09249651386067e-201
figs2,alm,1,134,3.7050408967015844,-1.755463174656842e-16,4.928999725333417e-205
figs2,alm,1,135,3.7050408967015844,-1.755463174656842e-16,4.637573761796634e-207
figs2,alm,1,136,3.7050408967015844,-1.755463174656842e-16,8.59269048782343e-211
figs2,alm,1,137,3.7050408967015844,-1.755463174656842e-16,1.7081702934225443e-214
figs2,alm,1,138,3.7050408967015844,-1.755463174656842e-16,2.469989371693557e-217
figs2,alm,1,139,3.7050408967015844,-1.755463174656842e-16,4.093820162276051e-221
figs2,alm,2,0,3.8308722575314786,-3.616623928589105e-16,1.0125479586208365e-24
figs2,alm,2,1,3.8308722575314786,-3.616623928589105e-16,5.298052135979168e-24
figs2,alm,2,2,3.8308722575314786,-3.616623928589105e-16,1.6343334033382315e-23
figs2,alm,2,3,3.8308722575314786,-3.616623928589105e-16,1.1586254834193801e-23
figs2,alm,2,4,3.8308722575314786,-3.616623928589105e-16,6.875139163764259e-23
figs2,alm,2,5,3.8308722575314786,-3.616623928589105e-16,9.7657152616005e-25
figs2,alm,2,6,3.8308722575314786,-3.616623928589105e-16,2.6070214425399697e-24
figs2,alm,2,7,3.8308722575314786,-3.616623928589105e-16,1.2449749636819623e-23
figs2,alm,2,8,3.8308722575314786,-3.616623928589105e-16,7.307304616159082e-24
figs2,alm,2,9,3.8308722575314786,-3.616623928589105e-16,3.85407569369222e-23
figs2,alm,2,10,3.8308722575314786,-3.616623928589105e-16,6.226039014610389e-23
figs2,alm,2,11,3.8308722575314786,-3.616623928589105e-16,1.402962283550241e-22
figs2,alm,2,12,3.8308722575314786,-3.616623928589105e-16,7.874585195643004e-22
figs2,alm,2,13,3.8308722575314786,-3.616623928589105e-16,9.462532106334576e-22
figs2,alm,2,14,3.8308722575314786,-3.616623928589105e-16,4.461183605279965e-21
figs2,alm,2,15,3.8308722575314786,-3.616623928589105e-16,1.711086282601795e-20
figs2,alm,2,16,3.8308722575314786,-3.616623928589105e-16,1.3566960810221263e-21
figs2,alm,2,17,3.8308722575314786,-3.616623928589105e-16,8.844594310502827e-21
figs2,alm,2,18,3.8308722575314786,-3.616623928589105e-16,2.237403615776223e-21
figs2,alm,2,19,3.8308722575314786,-3.616623928589105e-16,8.608532612259222e-21
figs2,alm,2,20,3.8308722575314786,-3.616623928589105e-16,4.4349691810701124e-20
figs2,alm,2,21,3.8308722575314786,-3.616623928589105e-16,6.784321786540882e-20
figs2,alm,2,22,3.8308722575314786,-3.616623928589105e-16,3.533607269282821e-19
figs2,alm,2,23,3.8308722575314786,-3.616623928589105e-16,9.024740421754948e-19
figs2,alm,2,24,3.8308722575314786,-3.616623928589105e-16,1.1477983926168005e-18
figs2,alm,2,25,3.8308722575314786,-3.616623928589105e-16,6.670810416420021e-18
figs2,alm,2,26,3.8308722575314786,-3.616623928589105e-16,1.857157372936913e-18
figs2,alm,2,27,3.8308722575314786,-3.616623928589105e-16,7.603699379302889e-18
figs2,alm,2,28,3.8308722575314786,-3.616623928589105e-16,3.379965693294805e-17
figs2,alm,2,29,3.8308722575314786,-3.616623928589105e-16,4.616331169613422e-18
figs2,alm,2,30,3.8308722575314786,-3.616623928589105e-16,2.325736751280809e-17
figs2,alm,2,31,3.8308722575314786,-3.616623928589105e-16,2.4033557545127737e-17
figs2,alm,2,32,3.8308722575314786,-3.616623928589105e-16,6.848473627323602e-17
figs2,alm,2,33,3.8308722575314786,-3.616623928589105e-16,3.74081978555089e-16
figs2,alm,2,34,3.8308722575314786,-3.616623928589105e-16,6.265298702529796e-16
figs2,alm,2,35,3.8308722575314786,-3.616623928589105e-16,3.103926258975604e-15
figs2,alm,2,36,3.8308722575314786,-3.616623928589105e-16,1.0519588851664126e-14
figs2,alm,2,37,3.8308722575314786,-3.616623928589105e-16,4.336093005039814e-15
figs2,alm,2,38,3.8308722575314786,-3.616623928589105e-16,2.6180827503473804e-14
figs2,alm,2,39,3.8308722575314786,-3.616623928589105e-16,4.3456500196761325e-16
figs2,alm,2,40,3.8308722575314786,-3.616623928589105e-16,2.390331255042592e-15
figs2,alm,2,41,3.8308722575314786,-3.616623928589105e-16,1.1717104836760032e-14
figs2,alm,2,42,3.8308722575314786,-3.616623928589105e-16,1.128479484884958e-14
figs2,alm,2,43,3.8308722575314786,-3.616623928589105e-16,5.95846654345859e-14
figs2,alm,2,44,3.8308722575314786,-3.616623928589105e-16,1.1802717529772107e-13
figs2,alm,2,45,3.8308722575314786,-3.616623928589105e-16,2.215944246758128e-13
figs2,alm,2,46,3.8308722575314786,-3.616623928589105e-16,1.2616850735519467e-12
figs2,alm,2,47,3.8308722575314786,-3.616623928589105e-16,1.0328892373895441e-12
figs2,alm,2,48,3.8308722575314786,-3.616623928589105e-16,4.674060433930291e-12
figs2,alm,2,49,3.8308722575314786,-3.616623928589105e-16,1.908985661962688e-11
figs2,alm,2,50,3.8308722575314786,-3.616623928589105e-16,2.950830780753237e-14
figs2,alm,2,51,3.8308722575314786,-3.616623928589105e-16,3.809619265748307e-13
figs2,alm,2,52,3.8308722575314786,-3.616623928589105e-16,1.9067466737389423e-13
figs2,alm,2,53,3.8308722575314786,-3.616623928589105e-16,6.567656806516521e-13
figs2,alm,2,54,3.8308722575314786,-3.616623928589105e-16,3.468644227939063e-12
figs2,alm,2,55,3.8308722575314786,-3.616623928589105e-16,6.0062242369967194e-12
figs2,alm,2,56,3.8308722575314786,-3.616623928589105e-16,3.081053265173091e-11
figs2,alm,2,57,3.8308722575314786,-3.616623928589105e-16,8.899607283944069e-11
figs2,alm,2,58,3.8308722575314786,-3.616623928589105e-16,8.143091793121087e-11
figs2,alm,2,59,3.8308722575314786,-3.616623928589105e-16,4.791609092441737e-10
figs2,alm,2,60,3.8308722575314786,-3.616623928589105e-16,3.6405177890825926e-11
figs2,alm,2,61,3.8308722575314786,-3.616623928589105e-16,1.3047630975887592e-10
figs2,alm,2,62,3.8308722575314786,-3.616623928589105e-16,6.062948878025617e-10
figs2,alm,2,63,3.8308722575314786,-3.616623928589105e-16,2.3249571796863574e-10
figs2,alm,2,64,3.8308722575314786,-3.616623928589105e-16,1.217299258315456e-09
figs2,alm,2,65,3.8308722575314786,-3.616623928589105e-16,1.691833452877672e-09
figs2,alm,2,66,3.8308722575314786,-3.616623928589105e-16,4.200957730509012e-09
figs2,alm,2,67,3.8308722575314786,-3.616623928589105e-16,2.3351033060284317e-08
figs2,alm,2,68,3.8308722575314786,-3.616623928589105e-16,3.308706670826746e-08
figs2,alm,2,69,3.8308722575314786,-3.616623928589105e-16,1.592987375787124e-07
figs2,alm,2,70,3.8308722575314786,-3.616623928589105e-16,5.848629363114377e-07
figs2,alm,2,71,3.8308722575314786,-3.616623928589105e-16,1.053219437552959e-07
figs2,alm,2,72,3.8308722575314786,-3.616623928589105e-16,6.564979360632957e-07
figs2,alm,2,73,3.8308722575314786,-3.616623928589105e-16,8.744165446250852e-08
figs2,alm,2,74,3.8308722575314786,-3.616623928589105e-16,3.643710243097304e-07
figs2,alm,2,75,3.8308722575314786,-3.616623928589105e-16,1.8450905280495324e-06
figs2,alm,2,76,3.8308722575314786,-3.616623928589105e-16,2.4650868315744045e-06
figs2,alm,2,77,3.8308722575314786,-3.616623928589105e-16,1.2929114587717313e-05
figs2,alm,2,78,3.8308722575314786,-3.616623928589105e-16,3.0241060660568163e-05
figs2,alm,2,79,3.8308722575314786,-3.616623928589105e-16,4.539379275887334e-05
figs2,alm,2,80,3.8308722575314786,-3.616623928589105e-16,0.00026182350906948037
figs2,alm,2,81,3.8308722575314786,-3.616623928589105e-16,0.00012050610344776006
figs2,alm,2,82,3.8308722575314786,-3.616623928589105e-16,0.0005165093870770996
figs2,alm,2,83,3.8308722575314786,-3.616623928589105e-16,0.002227722571769367
figs2,alm,2,84,3.8308722575314786,-3.616623928589105e-16,0.00010052669029155426
figs2,alm,2,85,3.8308722575314786,-3.616623928589105e-16,0.000466072917616193
figs2,alm,2,86,3.8308722575314786,-3.616623928589105e-16,0.0003843050333417018
figs2,alm,2,87,3.8308722575314786,-3.616623928589105e-16,0.0011812794913620345
figs2,alm,2,88,3.8308722575314786,-3.616623928589105e-16,0.0063754840318777685
figs2,alm,2,89,3.8308722575314786,-3.616623928589105e-16,0.01118642196525352
figs2,alm,2,90,3.8308722575314786,-3.616623928589105e-16,0.056248279501564656
figs2,alm,2,91,3.8308722575314786,-3.616623928589105e-16,0.18022879980430423
figs2,alm,2,92,3.8308722575314786,-3.616623928589105e-16,0.10622781876829666
figs2,alm,2,93,3.8308722575314786,-3.616623928589105e-16,0.6340321007954559
figs2,alm,2,94,3.8308722575314786,-3.616623928589105e-16,0.00034727567081978473
figs2,alm,2,95,3.8308722575314786,-3.616623928589105e-16,1.7599981626075825e-07
figs2,alm,2,96,3.8308722575314786,-3.616623928589105e-16,5.472969488727496e-10
figs2,alm,2,97,3.8308722575314786,-3.616623928589105e-16,2.1728079786512208e-13
figs2,alm,2,98,3.8308722575314786,-3.616623928589105e-16,2.754960070120633e-16
figs2,alm,2,99,3.8308722575314786,-3.616623928589105e-16,3.023310943999174e-19
figs2,alm,2,100,3.8308722575314786,-3.616623928589105e-16,1.2999393877138098e-22
figs2,alm,2,101,3.8308722575314786,-3.616623928589105e-16,2.8384901891178954e-25
figs2,alm,2,102,3.8308722575314786,-3.616623928589105e-16,1.2939834919731915e-28
figs2,alm,2,103,3.8308722575314786,-3.616623928589105e-16,5.954142766196655e-32
figs2,alm,2,104,3.8308722575314786,-3.616623928589105e-16,3.886978735221854e-33
figs2,alm,2,105,3.8308722575314786,-3.616623928589105e-16,1.4512450885027072e-36
figs2,alm,2,106,3.8308722575314786,-3.616623928589105e-16,9.37878890867894e-39
figs2,alm,2,107,3.8308722575314786,-3.616623928589105e-16,6.15008647988918e-42
figs2,alm,2,108,3.8308722575314786,-3.616623928589105e-16,2.8336345480738486e-45
figs2,alm,2,109,3.8308722575314786,-3.616623928589105e-16,4.124664611761558e-48
figs2,alm,2,110,3.8308722575314786,-3.616623928589105e-16,1.679074065690637e-51
figs2,alm,2,111,3.8308722575314786,-3.616623928589105e-16,1.360999938744197e-54
figs2,alm,2,112,3.8308722575314786,-3.616623928589105e-16,2.7407804044747115e-57
figs2,alm,2,113,3.8308722575314786,-3.616623928589105e-16,1.2124424760682266e-60
figs2,alm,2,114,3.8308722575314786,-3.616623928589105e-16,1.4811700403905137e-62
figs2,alm,2,115,3.8308722575314786,-3.616623928589105e-16,7.480539150967983e-66
figs2,alm,2,116,3.8308722575314786,-3.616623928589105e-16,4.237744367296936e-69
figs2,alm,2,117,3.8308722575314786,-3.616623928589105e-16,4.377710936097084e-71
figs2,alm,2,118,3.8308722575314786,-3.616623928589105e-16,1.7029540505401295e-74
figs2,alm,2,119,3.8308722575314786,-3.616623928589105e-16,3.2575982323525488e-77
figs2,alm,2,120,3.8308722575314786,-3.616623928589105e-16,2.742860572681734e-80
figs2,alm,2,121,3.8308722575314786,-3.616623928589105e-16,7.579536062208446e-83
figs2,alm,2,122,3.8308722575314786,-3.616623928589105e-16,3.541395886652733e-82
figs2,alm,2,123,3.8308722575314786,-3.616623928589105e-16,6.51970738369822e-86
figs2,alm,2,124,3.8308722575314786,-3.616623928589105e-16,1.528083935788355e-89
figs2,alm,2,125,3.8308722575314786,-3.616623928589105e-16,1.1498328956892848e-92
figs2,alm,2,126,3.8308722575314786,-3.616623928589105e-16,2.022337405094379e-96
figs2,alm,2,127,3.8308722575314786,-3.616623928589105e-16,4.248877743834101e-99
figs2,alm,2,128,3.8308722575314786,-3.616623928589105e-16,1.381400746264169e-102
figs2,alm,2,129,3.8308722575314786,-3.616623928589105e-16,4.044713017292171e-106
figs2,alm,2,130,3.8308722575314786,-3.616623928589105e-16,2.078797063887959e-108
figs2,alm,2,131,3.8308722575314786,-3.616623928589105e-16,2.3272161914589594e-112
figs2,alm,2,132,3.8308722575314786,-3.616623928589105e-16,1.14608988888587e-116
figs2,alm,2,133,3.8308722575314786,-3.616623928589105e-16,1.8489647558397668e-119
figs2,alm,2,134,3.8308722575314786,-3.616623928589105e-16,2.4683317966295714e-122
figs2,alm,2,135,3.8308722575314786,-3.616623928589105e-16,7.672431602166557e-124
figs2,alm,2,136,3.8308722575314786,-3.616623928589105e-16,2.538782142541234e-127
figs2,alm,2,137,3.8308722575314786,-3.616623928589105e-16,2.4071657336155624e-130
figs2,alm,2,138,3.8308722575314786,-3.616623928589105e-16,1.080425556218564e-130
figs2,alm,2,139,3.8308722575314786,-3.616623928589105e-16,4.3518834523204617e-134
figs2,alm,3,0,4.036196007509979,-5.195429049050424e-17,0.006517760929076976
figs2,alm,3,1,4.036196007509979,-5.195429049050424e-17,0.03708006712954814
figs2,alm,3,2,4.036196007509979,-5.195429049050424e-17,0.12735588684363403
figs2,alm,3,3,4.036196007509979,-5.195429049050424e-17,0.112133110872048
figs2,alm,3,4,4.036196007509979,-5.195429049050424e-17,0.716562485957726
figs2,alm,3,5,4.036196007509979,-5.195429049050424e-17,0.0003505206256764949
figs2,alm,3,6,4.036196007509979,-5.195429049050424e-17,1.6680196500436454e-07
figs2,alm,3,7,4.036196007509979,-5.195429049050424e-17,8.400180317275001e-10
figs2,alm,3,8,4.036196007509979,-5.195429049050424e-17,3.069644068856244e-13
figs2,alm,3,9,4.036196007509979,-5.195429049050424e-17,3.664790753908348e-16
figs2,alm,3,10,4.036196007509979,-5.195429049050424e-17,3.3230948408816203e-19
figs2,alm,3,11,4.036196007509979,-5.195429049050424e-17,1.3218858520125677e-22
figs2,alm,3,12,4.036196007509979,-5.195429049050424e-17,2.996924006737629e-25
figs2,alm,3,13,4.036196007509979,-5.195429049050424e-17,1.2487930852401164e-28
figs2,alm,3,14,4.036196007509979,-5.195429049050424e-17,6.059737399665797e-32
figs2,alm,3,15,4.036196007509979,-5.195429049050424e-17,9.861156974392985e-34
figs2,alm,3,16,4.036196007509979,-5.195429049050424e-17,3.446011208839896e-37
figs2,alm,3,17,4.036196007509979,-5.195429049050424e-17,1.2349013941101826e-39
figs2,alm,3,18,4.036196007509979,-5.195429049050424e-17,3.861600320854281e-40
figs2,alm,3,19,4.036196007509979,-5.195429049050424e-17,3.345554460464759e-39
figs2,alm,3,20,4.036196007509979,-5.195429049050424e-17,4.11282156563814e-38
figs2,alm,3,21,4.036196007509979,-5.195429049050424e-17,7.302949445247596e-42
figs2,alm,3,22,4.036196007509979,-5.195429049050424e-17,2.074413199550751e-45
figs2,alm,3,23,4.036196007509979,-5.195429049050424e-17,9.051505596692559e-49
figs2,alm,3,24,4.036196007509979,-5.195429049050424e-17,8.677448324267157e-52
figs2,alm,3,25,4.036196007509979,-5.195429049050424e-17,1.4768421430979321e-50
figs2,alm,3,26,4.036196007509979,-5.195429049050424e-17,4.7785490167802826e-54
figs2,alm,3,27,4.036196007509979,-5.195429049050424e-17,1.376407148588322e-57
figs2,alm,3,28,4.036196007509979,-5.195429049050424e-17,3.8583223856533406e-59
figs2,alm,3,29,4.036196007509979,-5.195429049050424e-17,3.2607585649958157e-59
figs2,alm,3,30,4.036196007509979,-5.195429049050424e-17,4.1850145264046466e-58
figs2,alm,3,31,4.036196007509979,-5.195429049050424e-17,2.2078363534160964e-57
figs2,alm,3,32,4.036196007509979,-5.195429049050424e-17,1.9212985559881208e-56
figs2,alm,3,33,4.036196007509979,-5.195429049050424e-17,2.5081326425766414e-55
figs2,alm,3,34,4.036196007509979,-5.195429049050424e-17,4.473015304782542e-59
figs2,alm,3,35,4.036196007509979,-5.195429049050424e-17,1.0337288181559662e-62
figs2,alm,3,36,4.036196007509979,-5.195429049050424e-17,6.378521253644862e-66
figs2,alm,3,37,4.036196007509979,-5.195429049050424e-17,1.0538049022324713e-69
figs2,alm,3,38,4.036196007509979,-5.195429049050424e-17,1.1985597413113324e-72
figs2,alm,3,39,4.036196007509979,-5.195429049050424e-17,2.531195975216615e-76
figs2,alm,3,40,4.036196007509979,-5.195429049050424e-17,4.328506212278319e-80
figs2,alm,3,41,4.036196007509979,-5.195429049050424e-17,1.1044493246256815e-81
figs2,alm,3,42,4.036196007509979,-5.195429049050424e-17,1.8777796430148592e-85
figs2,alm,3,43,4.036196007509979,-5.195429049050424e-17,5.872582459358455e-89
figs2,alm,3,44,4.036196007509979,-5.195429049050424e-17,1.915055404886933e-92
figs2,alm,3,45,4.036196007509979,-5.195429049050424e-17,3.062374978636721e-96
figs2,alm,3,46,4.036196007509979,-5.195429049050424e-17,4.88867125568205e-98
figs2,alm,3,47,4.036196007509979,-5.195429049050424e-17,9.142110532135945e-102
figs2,alm,3,48,4.036196007509979,-5.195429049050424e-17,1.8776914815467663e-105
figs2,alm,3,49,4.036196007509979,-5.195429049050424e-17,2.4560553147055904e-108
figs2,alm,3,50,4.036196007509979,-5.195429049050424e-17,4.0818647566984933e-112
figs2,alm,3,51,4.036196007509979,-5.195429049050424e-17,2.318757855179941e-115
figs2,alm,3,52,4.036196007509979,-5.195429049050424e-17,5.686306934158471e-119
figs2,alm,3,53,4.036196007509979,-5.195429049050424e-17,7.484010667684518e-122
figs2,alm,3,54,4.036196007509979,-5.195429049050424e-17,1.8029327467062778e-120
figs2,alm,3,55,4.036196007509979,-5.195429049050424e-17,3.101398964719544e-124
figs2,alm,3,56,4.036196007509979,-5.195429049050424e-17,7.744198647481817e-128
figs2,alm,3,57,4.036196007509979,-5.195429049050424e-17,3.4528482746933576e-131
figs2,alm,3,58,4.036196007509979,-5.195429049050424e-17,5.609531931773231e-135
figs2,alm,3,59,4.036196007509979,-5.195429049050424e-17,1.1925580879563712e-137
figs2,alm,3,60,4.036196007509979,-5.195429049050424e-17,2.348264350801422e-141
figs2,alm,3,61,4.036196007509979,-5.195429049050424e-17,4.3122816582028156e-145
figs2,alm,3,62,4.036196007509979,-5.195429049050424e-17,2.079566024179663e-147
figs2,alm,3,63,4.036196007509979,-5.195429049050424e-17,3.447472221664203e-151
figs2,alm,3,64,4.036196007509979,-5.195429049050424e-17,1.2618838997838804e-154
figs2,alm,3,65,4.036196007509979,-5.195429049050424e-17,3.4948137505460745e-158
figs2,alm,3,66,4.036196007509979,-5.195429049050424e-17,4.822088109245287e-162
figs2,alm,3,67,4.036196007509979,-5.195429049050424e-17,8.186267348373964e-163
figs2,alm,3,68,4.036196007509979,-5.195429049050424e-17,1.4633585329372188e-166
figs2,alm,3,69,4.036196007509979,-5.195429049050424e-17,3.171451668677214e-170
figs2,alm,3,70,4.036196007509979,-5.195429049050424e-17,2.4174211150728264e-173
figs2,alm,3,71,4.036196007509979,-5.195429049050424e-17,3.949895379337597e-177
figs2,alm,3,72,4.036196007509979,-5.195429049050424e-17,3.200542190165103e-180
figs2,alm,3,73,4.036196007509979,-5.195429049050424e-17,6.933422600884044e-184
figs2,alm,3,74,4.036196007509979,-5.195429049050424e-17,1.0495148739252922e-187
figs2,alm,3,75,4.036196007509979,-5.195429049050424e-17,1.1496847026832973e-188
figs2,alm,3,76,4.036196007509979,-5.195429049050424e-17,1.950569988340383e-192
figs2,alm,3,77,4.036196007509979,-5.195429049050424e-17,5.503343786217444e-196
figs2,alm,3,78,4.036196007509979,-5.195429049050424e-17,1.9746484079852526e-199
figs2,alm,3,79,4.036196007509979,-5.195429049050424e-17,3.1901733256693166e-203
figs2,alm,3,80,4.036196007509979,-5.195429049050424e-17,1.8761611453113515e-205
figs2,alm,3,81,4.036196007509979,-5.195429049050424e-17,3.5544484644691043e-209
figs2,alm,3,82,4.036196007509979,-5.195429049050424e-17,6.961352627648803e-213
figs2,alm,3,83,4.036196007509979,-5.195429049050424e-17,1.3505219748204426e-215
figs2,alm,3,84,4.036196007509979,-5.195429049050424e-17,2.234281371249358e-219
figs2,alm,3,85,4.036196007509979,-5.195429049050424e-17,1.0427302747241975e-222
figs2,alm,3,86,4.036196007509979,-5.195429049050424e-17,2.6031384484274887e-226
figs2,alm,3,87,4.036196007509979,-5.195429049050424e-17,3.159772599521943e-230
figs2,alm,3,88,4.036196007509979,-5.195429049050424e-17,1.7498349376242622e-230
figs2,alm,3,89,4.036196007509979,-5.195429049050424e-17,2.911684367764224e-234
figs2,alm,3,90,4.036196007509979,-5.195429049050424e-17,6.481335089123315e-238
figs2,alm,3,91,4.036196007509979,-5.195429049050424e-17,3.1539644006147154e-241
figs2,alm,3,92,4.036196007509979,-5.195429049050424e-17,4.893572043583183e-245
figs2,alm,3,93,4.036196007509979,-5.195429049050424e-17,5.7687116492655565e-248
figs2,alm,3,94,4.036196007509979,-5.195429049050424e-17,1.1023093572965111e-251
figs2,alm,3,95,4.036196007509979,-5.195429049050424e-17,1.8532317062357913e-255
figs2,alm,3,96,4.036196007509979,-5.195429049050424e-17,1.1582244233121642e-257
figs2,alm,3,97,4.036196007509979,-5.195429049050424e-17,1.7791149399596803e-261
figs2,alm,3,98,4.036196007509979,-5.195429049050424e-17,5.137337981845602e-265
figs2,alm,3,99,4.036196007509979,-5.195429049050424e-17,1.3638193456998006e-268
figs2,alm,3,100,4.036196007509979,-5.195429049050424e-17,2.0061639300636234e-272
figs2,alm,3,101,4.036196007509979,-5.195429049050424e-17,1.3513892180310864e-274
figs2,alm,3,102,4.036196007509979,-5.195429049050424e-17,2.067191568112719e-278
figs2,alm,3,103,4.036196007509979,-5.195429049050424e-17,3.530868757548185e-282
figs2,alm,3,104,4.036196007509979,-5.195429049050424e-17,2.2436270108674593e-285
figs2,alm,3,105,4.036196007509979,-5.195429049050424e-17,2.9659346058596184e-289
figs2,alm,3,106,4.036196007509979,-5.195429049050424e-17,1.1924945154130826e-292
figs2,alm,3,107,4.036196007509979,-5.195429049050424e-17,1.9893574302034276e-296
figs2,alm,3,108,4.036196007509979,-5.195429049050424e-17,2.5745533901772402e-300
figs2,alm,3,109,4.036196007509979,-5.195429049050424e-17,7.480367601123196e-303
figs2,alm,3,110,4.036196007509979,-5.195429049050424e-17,8.161064478787154e-307
figs2,alm,3,111,4.036196007509979,-5.195429049050424e-17,1.18516272276824e-310
figs2,alm,3,112,4.036196007509979,-5.195429049050424e-17,2.2116452425e-314
figs2,alm,3,113,4.036196007509979,-5.195429049050424e-17,2.06269e-318
figs2,alm,3,114,4.036196007509979,-5.195429049050424e-17,8.25e-322
figs2,alm,3,115,4.036196007509979,-5.195429049050424e-17,0.0
figs2,alm,3,116,4.036196007509979,-5.195429049050424e-17,0.0
figs2,alm,3,117,4.036196007509979,-5.195429049050424e-17,0.0
figs2,alm,3,118,4.036196007509979,-5.195429049050424e-17,0.0
figs2,alm,3,119,4.036196007509979,-5.195429049050424e-17,0.0
figs2,alm,3,120,4.036196007509979,-5.195429049050424e-17,0.0
figs2,alm,3,121,4.036196007509979,-5.195429049050424e-17,0.0
figs2,alm,3,122,4.036196007509979,-5.195429049050424e-17,0.0
figs2,alm,3,123,4.036196007509979,-5.195429049050424e-17,0.0
figs2,alm,3,124,4.036196007509979,-5.195429049050424e-17,0.0
figs2,alm,3,125,4.036196007509979,-5.195429049050424e-17,0.0
figs2,alm,3,126,4.036196007509979,-5.195429049050424e-17,0.0
figs2,alm,3,127,4.036196007509979,-5.195429049050424e-17,0.0
figs2,alm,3,128,4.036196007509979,-5.195429049050424e-17,0.0
figs2,alm,3,129,4.036196007509979,-5.195429049050424e-17,0.0
figs2,alm,3,130,4.036196007509979,-5.195429049050424e-17,0.0
figs2,alm,3,131,4.036196007509979,-5.195429049050424e-17,0.0
figs2,alm,3,132,4.036196007509979,-5.195429049050424e-17,0.0
figs2,alm,3,133,4.036196007509979,-5.195429049050424e-17,0.0
figs2,alm,3,134,4.036196007509979,-5.195429049050424e-17,0.0
figs2,alm,3,135,4.036196007509979,-5.195429049050424e-17,0.0
figs2,alm,3,136,4.036196007509979,-5.195429049050424e-17,0.0
figs2,alm,3,137,4.036196007509979,-5.195429049050424e-17,0.0
figs2,alm,3,138,4.036196007509979,-5.195429049050424e-17,0.0
figs2,alm,3,139,4.036196007509979,-5.195429049050424e-17,0.0
figs2,alm,4,0,4.242874377324388,-4.759797909513137e-16,1.4730192642735044e-26
figs2,alm,4,1,4.242874377324388,-4.759797909513137e-16,9.067060523236238e-26
figs2,alm,4,2,4.242874377324388,-4.759797909513137e-16,3.452743781160668e-25
figs2,alm,4,3,4.242874377324388,-4.759797909513137e-16,3.7012150421418485e-25
figs2,alm,4,4,4.242874377324388,-4.759797909513137e-16,2.5440667310542466e-24
figs2,alm,4,5,4.242874377324388,-4.759797909513137e-16,1.4518683304376522e-26
figs2,alm,4,6,4.242874377324388,-4.759797909513137e-16,1.1881365821390843e-25
figs2,alm,4,7,4.242874377324388,-4.759797909513137e-16,6.659763890961167e-25
figs2,alm,4,8,4.242874377324388,-4.759797909513137e-16,2.1740036121031896e-25
figs2,alm,4,9,4.242874377324388,-4.759797909513137e-16,1.3291676108209773e-24
figs2,alm,4,10,4.242874377324388,-4.759797909513137e-16,2.8548611449552978e-24
figs2,alm,4,11,4.242874377324388,-4.759797909513137e-16,8.177084274085057e-24
figs2,alm,4,12,4.242874377324388,-4.759797909513137e-16,5.365406550799805e-23
figs2,alm,4,13,4.242874377324388,-4.759797909513137e-16,4.3604420809160936e-23
figs2,alm,4,14,4.242874377324388,-4.759797909513137e-16,2.4248487622610673e-22
figs2,alm,4,15,4.242874377324388,-4.759797909513137e-16,1.123875170430211e-21
figs2,alm,4,16,4.242874377324388,-4.759797909513137e-16,2.54203544813181e-22
figs2,alm,4,17,4.242874377324388,-4.759797909513137e-16,1.8264001967898754e-21
figs2,alm,4,18,4.242874377324388,-4.759797909513137e-16,8.905217466436263e-22
figs2,alm,4,19,4.242874377324388,-4.759797909513137e-16,4.044866129431543e-21
figs2,alm,4,20,4.242874377324388,-4.759797909513137e-16,2.4558097168353807e-20
figs2,alm,4,21,4.242874377324388,-4.759797909513137e-16,2.667898498463439e-20
figs2,alm,4,22,4.242874377324388,-4.759797909513137e-16,1.6292584458833996e-19
figs2,alm,4,23,4.242874377324388,-4.759797909513137e-16,5.236140863378064e-19
figs2,alm,4,24,4.242874377324388,-4.759797909513137e-16,9.133300694234757e-19
figs2,alm,4,25,4.242874377324388,-4.759797909513137e-16,6.177893787692458e-18
figs2,alm,4,26,4.242874377324388,-4.759797909513137e-16,6.846010681219287e-19
figs2,alm,4,27,4.242874377324388,-4.759797909513137e-16,3.2142834370104673e-18
figs2,alm,4,28,4.242874377324388,-4.759797909513137e-16,1.7047785443842724e-17
figs2,alm,4,29,4.242874377324388,-4.759797909513137e-16,5.237821501188022e-19
figs2,alm,4,30,4.242874377324388,-4.759797909513137e-16,2.76583987468193e-18
figs2,alm,4,31,4.242874377324388,-4.759797909513137e-16,4.064532450799681e-18
figs2,alm,4,32,4.242874377324388,-4.759797909513137e-16,1.4315125658613628e-17
figs2,alm,4,33,4.242874377324388,-4.759797909513137e-16,9.166632811028219e-17
figs2,alm,4,34,4.242874377324388,-4.759797909513137e-16,1.1082027074608184e-16
figs2,alm,4,35,4.242874377324388,-4.759797909513137e-16,6.465809963997298e-16
figs2,alm,4,36,4.242874377324388,-4.759797909513137e-16,2.678870905762374e-15
figs2,alm,4,37,4.242874377324388,-4.759797909513137e-16,1.8710951560995672e-15
figs2,alm,4,38,4.242874377324388,-4.759797909513137e-16,1.3003368022561558e-14
figs2,alm,4,39,4.242874377324388,-4.759797909513137e-16,1.362608905982893e-15
figs2,alm,4,40,4.242874377324388,-4.759797909513137e-16,7.327794720253756e-15
figs2,alm,4,41,4.242874377324388,-4.759797909513137e-16,4.257609666849029e-14
figs2,alm,4,42,4.242874377324388,-4.759797909513137e-16,2.636629145155601e-14
figs2,alm,4,43,4.242874377324388,-4.759797909513137e-16,1.6243088887627034e-13
figs2,alm,4,44,4.242874377324388,-4.759797909513137e-16,4.1690160704828785e-13
figs2,alm,4,45,4.242874377324388,-4.759797909513137e-16,1.0175586238903214e-12
figs2,alm,4,46,4.242874377324388,-4.759797909513137e-16,6.763092205546039e-12
figs2,alm,4,47,4.242874377324388,-4.759797909513137e-16,3.4101549312305635e-12
figs2,alm,4,48,4.242874377324388,-4.759797909513137e-16,1.8181477888666542e-11
figs2,alm,4,49,4.242874377324388,-4.759797909513137e-16,8.923245672497539e-11
figs2,alm,4,50,4.242874377324388,-4.759797909513137e-16,4.862640315538641e-12
figs2,alm,4,51,4.242874377324388,-4.759797909513137e-16,3.7636991209853796e-11
figs2,alm,4,52,4.242874377324388,-4.759797909513137e-16,3.099761765642335e-11
figs2,alm,4,53,4.242874377324388,-4.759797909513137e-16,1.286548443917271e-10
figs2,alm,4,54,4.242874377324388,-4.759797909513137e-16,7.989790505107116e-10
figs2,alm,4,55,4.242874377324388,-4.759797909513137e-16,1.0045937656841394e-09
figs2,alm,4,56,4.242874377324388,-4.759797909513137e-16,6.053778993614209e-09
figs2,alm,4,57,4.242874377324388,-4.759797909513137e-16,2.171913784014381e-08
figs2,alm,4,58,4.242874377324388,-4.759797909513137e-16,2.871690969603468e-08
figs2,alm,4,59,4.242874377324388,-4.759797909513137e-16,1.9615830243239355e-07
figs2,alm,4,60,4.242874377324388,-4.759797909513137e-16,1.282498734876023e-09
figs2,alm,4,61,4.242874377324388,-4.759797909513137e-16,3.5903857426133155e-09
figs2,alm,4,62,4.242874377324388,-4.759797909513137e-16,1.9914699156851123e-08
figs2,alm,4,63,4.242874377324388,-4.759797909513137e-16,3.595891606672042e-09
figs2,alm,4,64,4.242874377324388,-4.759797909513137e-16,2.1570445276777187e-08
figs2,alm,4,65,4.242874377324388,-4.759797909513137e-16,4.070643137687606e-08
figs2,alm,4,66,4.242874377324388,-4.759797909513137e-16,1.26988246472687e-07
figs2,alm,4,67,4.242874377324388,-4.759797909513137e-16,8.261169979709731e-07
figs2,alm,4,68,4.242874377324388,-4.759797909513137e-16,8.190115137854965e-07
figs2,alm,4,69,4.242874377324388,-4.759797909513137e-16,4.649251265617946e-06
figs2,alm,4,70,4.242874377324388,-4.759797909513137e-16,2.0710462552350385e-05
figs2,alm,4,71,4.242874377324388,-4.759797909513137e-16,7.916468018124757e-06
figs2,alm,4,72,4.242874377324388,-4.759797909513137e-16,5.591466073405528e-05
figs2,alm,4,73,4.242874377324388,-4.759797909513137e-16,1.7534444300151095e-05
figs2,alm,4,74,4.242874377324388,-4.759797909513137e-16,8.42564548765979e-05
figs2,alm,4,75,4.242874377324388,-4.759797909513137e-16,0.0005036332800655697
figs2,alm,4,76,4.242874377324388,-4.759797909513137e-16,0.0004654626766132692
figs2,alm,4,77,4.242874377324388,-4.759797909513137e-16,0.0028582332147163133
figs2,alm,4,78,4.242874377324388,-4.759797909513137e-16,0.008495080244519263
figs2,alm,4,79,4.242874377324388,-4.759797909513137e-16,0.017077795875374353
figs2,alm,4,80,4.242874377324388,-4.759797909513137e-16,0.11478433759881643
figs2,alm,4,81,4.242874377324388,-4.759797909513137e-16,0.026854601049245322
figs2,alm,4,82,4.242874377324388,-4.759797909513137e-16,0.13453389613559344
figs2,alm,4,83,4.242874377324388,-4.759797909513137e-16,0.6940035802006799
figs2,alm,4,84,4.242874377324388,-4.759797909513137e-16,0.000229854828005575
figs2,alm,4,85,4.242874377324388,-4.759797909513137e-16,4.2534166462983175e-07
figs2,alm,4,86,4.242874377324388,-4.759797909513137e-16,2.626156388555787e-10
figs2,alm,4,87,4.242874377324388,-4.759797909513137e-16,9.92046136082569e-14
figs2,alm,4,88,4.242874377324388,-4.759797909513137e-16,1.7621636055626425e-16
figs2,alm,4,89,4.242874377324388,-4.759797909513137e-16,6.402791146948738e-20
figs2,alm,4,90,4.242874377324388,-4.759797909513137e-16,3.576260272813535e-23
figs2,alm,4,91,4.242874377324388,-4.759797909513137e-16,8.909769780854536e-26
figs2,alm,4,92,4.242874377324388,-4.759797909513137e-16,2.489785673602162e-29
figs2,alm,4,93,4.242874377324388,-4.759797909513137e-16,1.8296801128009564e-30
figs2,alm,4,94,4.242874377324388,-4.759797909513137e-16,1.2168694413091098e-33
figs2,alm,4,95,4.242874377324388,-4.759797909513137e-16,2.6902358411321116e-34
figs2,alm,4,96,4.242874377324388,-4.759797909513137e-16,2.651484192483406e-33
figs2,alm,4,97,4.242874377324388,-4.759797909513137e-16,5.797751770533162e-37
figs2,alm,4,98,4.242874377324388,-4.759797909513137e-16,2.7934001374533754e-40
figs2,alm,4,99,4.242874377324388,-4.759797909513137e-16,1.2210060665951397e-43
figs2,alm,4,100,4.242874377324388,-4.759797909513137e-16,3.2118434901144532e-47
figs2,alm,4,101,4.242874377324388,-4.759797909513137e-16,2.0393802130183258e-48
figs2,alm,4,102,4.242874377324388,-4.759797909513137e-16,4.930824781363779e-52
figs2,alm,4,103,4.242874377324388,-4.759797909513137e-16,1.3751851655150247e-55
figs2,alm,4,104,4.242874377324388,-4.759797909513137e-16,2.9621941323830686e-58
figs2,alm,4,105,4.242874377324388,-4.759797909513137e-16,6.312128265947026e-62
figs2,alm,4,106,4.242874377324388,-4.759797909513137e-16,6.98913989037229e-65
figs2,alm,4,107,4.242874377324388,-4.759797909513137e-16,2.1710138678673627e-68
figs2,alm,4,108,4.242874377324388,-4.759797909513137e-16,5.485056520855037e-72
figs2,alm,4,109,4.242874377324388,-4.759797909513137e-16,6.5661887747193384e-74
figs2,alm,4,110,4.242874377324388,-4.759797909513137e-16,1.4733728814939307e-77
figs2,alm,4,111,4.242874377324388,-4.759797909513137e-16,5.390238867934671e-81
figs2,alm,4,112,4.242874377324388,-4.759797909513137e-16,3.3901541459417475e-84
figs2,alm,4,113,4.242874377324388,-4.759797909513137e-16,6.873792983992536e-88
figs2,alm,4,114,4.242874377324388,-4.759797909513137e-16,1.004565347048996e-89
figs2,alm,4,115,4.242874377324388,-4.759797909513137e-16,2.6398825642000274e-93
figs2,alm,4,116,4.242874377324388,-4.759797909513137e-16,6.485420336644476e-97
figs2,alm,4,117,4.242874377324388,-4.759797909513137e-16,8.885484419713351e-99
figs2,alm,4,118,4.242874377324388,-4.759797909513137e-16,1.8671738332812193e-102
figs2,alm,4,119,4.242874377324388,-4.759797909513137e-16,1.0638671691306153e-105
figs2,alm,4,120,4.242874377324388,-4.759797909513137e-16,3.668735102022306e-109
figs2,alm,4,121,4.242874377324388,-4.759797909513137e-16,8.337991984285734e-113
figs2,alm,4,122,4.242874377324388,-4.759797909513137e-16,1.511678561098427e-114
figs2,alm,4,123,4.242874377324388,-4.759797909513137e-16,3.361536348318068e-118
figs2,alm,4,124,4.242874377324388,-4.759797909513137e-16,9.58163052134353e-122
figs2,alm,4,125,4.242874377324388,-4.759797909513137e-16,8.806800592750565e-125
figs2,alm,4,126,4.242874377324388,-4.759797909513137e-16,1.655710604877065e-128
figs2,alm,4,127,4.242874377324388,-4.759797909513137e-16,8.405927889725718e-132
figs2,alm,4,128,4.242874377324388,-4.759797909513137e-16,6.474127682387168e-136
figs2,alm,4,129,4.242874377324388,-4.759797909513137e-16,5.169528442580457e-141
figs2,alm,4,130,4.242874377324388,-4.759797909513137e-16,1.1378704631400184e-139
figs2,alm,4,131,4.242874377324388,-4.759797909513137e-16,2.118812273149848e-143
figs2,alm,4,132,4.242874377324388,-4.759797909513137e-16,6.20832143080206e-147
figs2,alm,4,133,4.242874377324388,-4.759797909513137e-16,1.4160748538286338e-150
figs2,alm,4,134,4.242874377324388,-4.759797909513137e-16,1.4761214732856446e-154
figs2,alm,4,135,4.242874377324388,-4.759797909513137e-16,5.134687176262291e-153
figs2,alm,4,136,4.242874377324388,-4.759797909513137e-16,1.2999205942844578e-156
figs2,alm,4,137,4.242874377324388,-4.759797909513137e-16,3.4932376926831557e-160
figs2,alm,4,138,4.242874377324388,-4.759797909513137e-16,2.096370981358795e-162
figs2,alm,4,139,4.242874377324388,-4.759797909513137e-16,5.17900977205527e-166
figs2,critical,0,0,3.38115108263413,-1.0154099976072585e-15,1.5025564754388466e-21
figs2,critical,0,1,3.38115108263413,-1.0154099976072585e-15,6.458556537733979e-21
figs2,critical,0,2,3.38115108263413,-1.0154099976072585e-15,1.5403766563972558e-20
figs2,critical,0,3,3.38115108263413,-1.0154099976072585e-15,6.1438273154448266e-21
figs2,critical,0,4,3.38115108263413,-1.0154099976072585e-15,3.0844532950480415e-20
figs2,critical,0,5,3.38115108263413,-1.0154099976072585e-15,3.39219659381715e-21
figs2,critical,0,6,3.38115108263413,-1.0154099976072585e-15,9.525212248893694e-21
figs2,critical,0,7,3.38115108263413,-1.0154099976072585e-15,3.6980341511024976e-20
figs2,critical,0,8,3.38115108263413,-1.0154099976072585e-15,3.536365973812437e-20
figs2,critical,0,9,3.38115108263413,-1.0154099976072585e-15,1.5534057772150668e-19
figs2,critical,0,10,3.38115108263413,-1.0154099976072585e-15,1.7415995441016088e-19
figs2,critical,0,11,3.38115108263413,-1.0154099976072585e-15,2.918329835098228e-19
figs2,critical,0,12,3.38115108263413,-1.0154099976072585e-15,1.3616434981178059e-18
figs2,critical,0,13,3.38115108263413,-1.0154099976072585e-15,2.3310403348457145e-18
figs2,critical,0,14,3.38115108263413,-1.0154099976072585e-15,8.993336235007077e-18
figs2,critical,0,15,3.38115108263413,-1.0154099976072585e-15,2.743534068603591e-17
figs2,critical,0,16,3.38115108263413,-1.0154099976072585e-15,1.3588670654488774e-19
figs2,critical,0,17,3.38115108263413,-1.0154099976072585e-15,1.1011375631825023e-18
figs2,critical,0,18,3.38115108263413,-1.0154099976072585e-15,9.062644922311414e-20
figs2,critical,0,19,3.38115108263413,-1.0154099976072585e-15,2.9975338818732865e-19
figs2,critical,0,20,3.38115108263413,-1.0154099976072585e-15,1.2689717896331352e-18
figs2,critical,0,21,3.38115108263413,-1.0154099976072585e-15,2.6636462015269452e-18
figs2,critical,0,22,3.38115108263413,-1.0154099976072585e-15,1.1454206671057412e-17
figs2,critical,0,23,3.38115108263413,-1.0154099976072585e-15,2.2005425981201286e-17
figs2,critical,0,24,3.38115108263413,-1.0154099976072585e-15,1.8551061713421544e-17
figs2,critical,0,25,3.38115108263413,-1.0154099976072585e-15,9.029883041966144e-17
figs2,critical,0,26,3.38115108263413,-1.0154099976072585e-15,4.944212201704947e-17
figs2,critical,0,27,3.38115108263413,-1.0154099976072585e-15,1.6651406904125349e-16
figs2,critical,0,28,3.38115108263413,-1.0154099976072585e-15,5.989764137997648e-16
figs2,critical,0,29,3.38115108263413,-1.0154099976072585e-15,2.0232871874902796e-16
figs2,critical,0,30,3.38115108263413,-1.0154099976072585e-15,8.73107859215613e-16
figs2,critical,0,31,3.38115108263413,-1.0154099976072585e-15,5.645384125938897e-16
figs2,critical,0,32,3.38115108263413,-1.0154099976072585e-15,1.2470865167731723e-15
figs2,critical,0,33,3.38115108263413,-1.0154099976072585e-15,5.641059106886124e-15
figs2,critical,0,34,3.38115108263413,-1.0154099976072585e-15,1.2799165955372828e-14
figs2,critical,0,35,3.38115108263413,-1.0154099976072585e-15,5.206152948789951e-14
figs2,critical,0,36,3.38115108263413,-1.0154099976072585e-15,1.381561672642807e-13
figs2,critical,0,37,3.38115108263413,-1.0154099976072585e-15,2.5691937405034886e-14
figs2,critical,0,38,3.38115108263413,-1.0154099976072585e-15,1.3347641194853397e-13
figs2,critical,0,39,3.38115108263413,-1.0154099976072585e-15,9.374387928854995e-16
figs2,critical,0,40,3.38115108263413,-1.0154099976072585e-15,1.3349697462311982e-15
figs2,critical,0,41,3.38115108263413,-1.0154099976072585e-15,5.444325595155355e-15
figs2,critical,0,42,3.38115108263413,-1.0154099976072585e-15,7.754603659985112e-15
figs2,critical,0,43,3.38115108263413,-1.0154099976072585e-15,3.3947899912014054e-14
figs2,critical,0,44,3.38115108263413,-1.0154099976072585e-15,4.850302528292669e-14
figs2,critical,0,45,3.38115108263413,-1.0154099976072585e-15,6.549827774397958e-14
figs2,critical,0,46,3.38115108263413,-1.0154099976072585e-15,3.1076385243967706e-13
figs2,critical,0,47,3.38115108263413,-1.0154099976072585e-15,3.877681830798227e-13
figs2,critical,0,48,3.38115108263413,-1.0154099976072585e-15,1.4340968378931464e-12
figs2,critical,0,49,3.38115108263413,-1.0154099976072585e-15,4.69392077136086e-12
figs2,critical,0,50,3.38115108263413,-1.0154099976072585e-15,1.389919051569142e-13
figs2,critical,0,51,3.38115108263413,-1.0154099976072585e-15,4.970341364123976e-13
figs2,critical,0,52,3.38115108263413,-1.0154099976072585e-15,1.2687759192515807e-13
figs2,critical,0,53,3.38115108263413,-1.0154099976072585e-15,3.5330056858175023e-13
figs2,critical,0,54,3.38115108263413,-1.0154099976072585e-15,1.538612587835302e-12
figs2,critical,0,55,3.38115108263413,-1.0154099976072585e-15,3.592088794575016e-12
figs2,critical,0,56,3.38115108263413,-1.0154099976072585e-15,1.5180825464706563e-11
figs2,critical,0,57,3.38115108263413,-1.0154099976072585e-15,3.359189998238201e-11
figs2,critical,0,58,3.38115108263413,-1.0154099976072585e-15,1.8714176309260888e-11
figs2,critical,0,59,3.38115108263413,-1.0154099976072585e-15,9.269800004601904e-11
figs2,critical,0,60,3.38115108263413,-1.0154099976072585e-15,2.2077898727486725e-11
figs2,critical,0,61,3.38115108263413,-1.0154099976072585e-15,6.793677184308747e-11
figs2,critical,0,62,3.38115108263413,-1.0154099976072585e-15,2.566047533273326e-10
figs2,critical,0,63,3.38115108263413,-1.0154099976072585e-15,1.7719728379025817e-10
figs2,critical,0,64,3.38115108263413,-1.0154099976072585e-15,7.767038646257686e-10
figs2,critical,0,65,3.38115108263413,-1.0154099976072585e-15,7.258209943697697e-10
figs2,critical,0,66,3.38115108263413,-1.0154099976072585e-15,1.363275343894509e-09
figs2,critical,0,67,3.38115108263413,-1.0154099976072585e-15,6.290145810245966e-09
figs2,critical,0,68,3.38115108263413,-1.0154099976072585e-15,1.23733859583273e-08
figs2,critical,0,69,3.38115108263413,-1.0154099976072585e-15,4.880813232228587e-08
figs2,critical,0,70,3.38115108263413,-1.0154099976072585e-15,1.4175882500273406e-07
figs2,critical,0,71,3.38115108263413,-1.0154099976072585e-15,6.449269169474506e-09
figs2,critical,0,72,3.38115108263413,-1.0154099976072585e-15,3.694792609803876e-08
figs2,critical,0,73,3.38115108263413,-1.0154099976072585e-15,8.494537075653873e-10
figs2,critical,0,74,3.38115108263413,-1.0154099976072585e-15,3.434445071150832e-09
figs2,critical,0,75,3.38115108263413,-1.0154099976072585e-15,1.4243556281063092e-08
figs2,critical,0,76,3.38115108263413,-1.0154099976072585e-15,2.6647813127515614e-08
figs2,critical,0,77,3.38115108263413,-1.0154099976072585e-15,1.1555567456218408e-07
figs2,critical,0,78,3.38115108263413,-1.0154099976072585e-15,2.0052048514158567e-07
figs2,critical,0,79,3.38115108263413,-1.0154099976072585e-15,2.0700451089113482e-07
figs2,critical,0,80,3.38115108263413,-1.0154099976072585e-15,9.977867043081388e-07
figs2,critical,0,81,3.38115108263413,-1.0154099976072585e-15,7.91614701021125e-07
figs2,critical,0,82,3.38115108263413,-1.0154099976072585e-15,2.7767379142298705e-06
figs2,critical,0,83,3.38115108263413,-1.0154099976072585e-15,9.6587010724038e-06
figs2,critical,0,84,3.38115108263413,-1.0154099976072585e-15,1.7362153657468393e-06
figs2,critical,0,85,3.38115108263413,-1.0154099976072585e-15,7.302907437154591e-06
figs2,critical,0,86,3.38115108263413,-1.0154099976072585e-15,3.527517332275666e-06
figs2,critical,0,87,3.38115108263413,-1.0154099976072585e-15,8.531272198857995e-06
figs2,critical,0,88,3.38115108263413,-1.0154099976072585e-15,3.807114493909794e-05
figs2,critical,0,89,3.38115108263413,-1.0154099976072585e-15,8.990551179649074e-05
figs2,critical,0,90,3.38115108263413,-1.0154099976072585e-15,0.00037165623252741973
figs2,critical,0,91,3.38115108263413,-1.0154099976072585e-15,0.0009255142371489024
figs2,critical,0,92,3.38115108263413,-1.0154099976072585e-15,0.0002872922503264095
figs2,critical,0,93,3.38115108263413,-1.0154099976072585e-15,0.001457474411952874
figs2,critical,0,94,3.38115108263413,-1.0154099976072585e-15,8.111092657990978e-05
figs2,critical,0,95,3.38115108263413,-1.0154099976072585e-15,0.00020665186813289201
figs2,critical,0,96,3.38115108263413,-1.0154099976072585e-15,0.0008156459357920078
figs2,critical,0,97,3.38115108263413,-1.0154099976072585e-15,0.0009234675269300446
figs2,critical,0,98,3.38115108263413,-1.0154099976072585e-15,0.004054655421974605
figs2,critical,0,99,3.38115108263413,-1.0154099976072585e-15,0.005020620079734219
figs2,critical,0,100,3.38115108263413,-1.0154099976072585e-15,0.0077867088974866655
figs2,critical,0,101,3.38115108263413,-1.0154099976072585e-15,0.036570714627403585
figs2,critical,0,102,3.38115108263413,-1.0154099976072585e-15,0.05626990562483794
figs2,critical,0,103,3.38115108263413,-1.0154099976072585e-15,0.2138339946090009
figs2,critical,0,104,3.38115108263413,-1.0154099976072585e-15,0.6709369208166924
figs2,critical,0,105,3.38115108263413,-1.0154099976072585e-15,0.00028903206837044146
figs2,critical,0,106,3.38115108263413,-1.0154099976072585e-15,4.506841610664336e-06
figs2,critical,0,107,3.38115108263413,-1.0154099976072585e-15,3.76488773352165e-09
figs2,critical,0,108,3.38115108263413,-1.0154099976072585e-15,2.112981301637233e-12
figs2,critical,0,109,3.38115108263413,-1.0154099976072585e-15,2.164918424453152e-15
figs2,critical,0,110,3.38115108263413,-1.0154099976072585e-15,1.0799678629750744e-18
figs2,critical,0,111,3.38115108263413,-1.0154099976072585e-15,1.149512594825442e-21
figs2,critical,0,112,3.38115108263413,-1.0154099976072585e-15,3.658995486463523e-24
figs2,critical,0,113,3.38115108263413,-1.0154099976072585e-15,1.911849037480921e-27
figs2,critical,0,114,3.38115108263413,-1.0154099976072585e-15,1.0552059646723296e-29
figs2,critical,0,115,3.38115108263413,-1.0154099976072585e-15,6.571956070908437e-33
figs2,critical,0,116,3.38115108263413,-1.0154099976072585e-15,4.496506324905498e-36
figs2,critical,0,117,3.38115108263413,-1.0154099976072585e-15,2.057695231522425e-38
figs2,critical,0,118,3.38115108263413,-1.0154099976072585e-15,9.687841957839322e-42
figs2,critical,0,119,3.38115108263413,-1.0154099976072585e-15,3.1181426473969667e-44
figs2,critical,0,120,3.38115108263413,-1.0154099976072585e-15,6.662353933783352e-47
figs2,critical,0,121,3.38115108263413,-1.0154099976072585e-15,1.6220086474651888e-45
figs2,critical,0,122,3.38115108263413,-1.0154099976072585e-15,2.0750855800309077e-44
figs2,critical,0,123,3.38115108263413,-1.0154099976072585e-15,3.7912106128706304e-48
figs2,critical,0,124,3.38115108263413,-1.0154099976072585e-15,8.768848822955042e-52
figs2,critical,0,125,3.38115108263413,-1.0154099976072585e-15,6.114155069928334e-55
figs2,critical,0,126,3.38115108263413,-1.0154099976072585e-15,1.0279803121109247e-58
figs2,critical,0,127,3.38115108263413,-1.0154099976072585e-15,1.1497129895361633e-61
figs2,critical,0,128,3.38115108263413,-1.0154099976072585e-15,2.652738040244334e-65
figs2,critical,0,129,3.38115108263413,-1.0154099976072585e-15,4.845635028692578e-69
figs2,critical,0,130,3.38115108263413,-1.0154099976072585e-15,2.2575603350693324e-70
figs2,critical,0,131,3.38115108263413,-1.0154099976072585e-15,3.823187036749654e-74
figs2,critical,0,132,3.38115108263413,-1.0154099976072585e-15,1.0987958007264297e-77
figs2,critical,0,133,3.38115108263413,-1.0154099976072585e-15,3.1520609218588746e-81
figs2,critical,0,134,3.38115108263413,-1.0154099976072585e-15,3.832985858303406e-85
figs2,critical,0,135,3.38115108263413,-1.0154099976072585e-15,1.0928288396280597e-86
figs2,critical,0,136,3.38115108263413,-1.0154099976072585e-15,2.419591731648971e-90
figs2,critical,0,137,3.38115108263413,-1.0154099976072585e-15,6.795035379692339e-94
figs2,critical,0,138,3.38115108263413,-1.0154099976072585e-15,2.8925886509857134e-97
figs2,critical,0,139,3.38115108263413,-1.0154099976072585e-15,3.415751797635185e-100
figs2,skin,0,0,3.3062248142217148,-1.1656121409637457e-15,1.608025362294055e-23
figs2,skin,0,1,3.3062248142217148,-1.1656121409637457e-15,6.676051482985178e-23
figs2,skin,0,2,3.3062248142217148,-1.1656121409637457e-15,1.5203380485417346e-22
figs2,skin,0,3,3.3062248142217148,-1.1656121409637457e-15,5.41116666954805e-23
figs2,skin,0,4,3.3062248142217148,-1.1656121409637457e-15,2.6413522960952214e-22
figs2,skin,0,5,3.3062248142217148,-1.1656121409637457e-15,3.557739602589407e-23
figs2,skin,0,6,3.3062248142217148,-1.1656121409637457e-15,9.731373492192738e-23
figs2,skin,0,7,3.3062248142217148,-1.1656121409637457e-15,3.6438998277535546e-22
figs2,skin,0,8,3.3062248142217148,-1.1656121409637457e-15,3.7402561472828796e-22
figs2,skin,0,9,3.3062248142217148,-1.1656121409637457e-15,1.590116773047924e-21
figs2,skin,0,10,3.3062248142217148,-1.1656121409637457e-15,1.665856183966993e-21
figs2,skin,0,11,3.3062248142217148,-1.1656121409637457e-15,2.6461625438629187e-21
figs2,skin,0,12,3.3062248142217148,-1.1656121409637457e-15,1.195324449134977e-20
figs2,skin,0,13,3.3062248142217148,-1.1656121409637457e-15,2.1582818291822377e-20
figs2,skin,0,14,3.3062248142217148,-1.1656121409637457e-15,8.035024268958627e-20
figs2,skin,0,15,3.3062248142217148,-1.1656121409637457e-15,2.3532666907020237e-19
figs2,skin,0,16,3.3062248142217148,-1.1656121409637457e-15,2.925689388111992e-22
figs2,skin,0,17,3.3062248142217148,-1.1656121409637457e-15,3.553027752360267e-21
figs2,skin,0,18,3.3062248142217148,-1.1656121409637457e-15,2.1877475734420577e-22
figs2,skin,0,19,3.3062248142217148,-1.1656121409637457e-15,7.158646178618132e-22
figs2,skin,0,20,3.3062248142217148,-1.1656121409637457e-15,2.926747353387669e-21
figs2,skin,0,21,3.3062248142217148,-1.1656121409637457e-15,6.446187340141328e-21
figs2,skin,0,22,3.3062248142217148,-1.1656121409637457e-15,2.6794742407022838e-20
figs2,skin,0,23,3.3062248142217148,-1.1656121409637457e-15,4.88895027682586e-20
figs2,skin,0,24,3.3062248142217148,-1.1656121409637457e-15,3.8151481714824034e-20
figs2,skin,0,25,3.3062248142217148,-1.1656121409637457e-15,1.800860518059746e-19
figs2,skin,0,26,3.3062248142217148,-1.1656121409637457e-15,1.0824898164564019e-19
figs2,skin,0,27,3.3062248142217148,-1.1656121409637457e-15,3.516732132798064e-19
figs2,skin,0,28,3.3062248142217148,-1.1656121409637457e-15,1.2184915353172556e-18
figs2,skin,0,29,3.3062248142217148,-1.1656121409637457e-15,4.629676013118383e-19
figs2,skin,0,30,3.3062248142217148,-1.1656121409637457e-15,1.9386588829797928e-18
figs2,skin,0,31,3.3062248142217148,-1.1656121409637457e-15,1.1457709890273959e-18
figs2,skin,0,32,3.3062248142217148,-1.1656121409637457e-15,2.4200463114837265e-18
figs2,skin,0,33,3.3062248142217148,-1.1656121409637457e-15,1.0589967135634603e-17
figs2,skin,0,34,3.3062248142217148,-1.1656121409637457e-15,2.5167436685295574e-17
figs2,skin,0,35,3.3062248142217148,-1.1656121409637457e-15,9.885258547282726e-17
figs2,skin,0,36,3.3062248142217148,-1.1656121409637457e-15,2.5109202458744664e-16
figs2,skin,0,37,3.3062248142217148,-1.1656121409637457e-15,3.941540476676297e-17
figs2,skin,0,38,3.3062248142217148,-1.1656121409637457e-15,2.001434596788188e-16
figs2,skin,0,39,3.3062248142217148,-1.1656121409637457e-15,2.8458550240206228e-18
figs2,skin,0,40,3.3062248142217148,-1.1656121409637457e-15,5.007817419001312e-18
figs2,skin,0,41,3.3062248142217148,-1.1656121409637457e-15,1.962826940784074e-17
figs2,skin,0,42,3.3062248142217148,-1.1656121409637457e-15,2.963124037256564e-17
figs2,skin,0,43,3.3062248142217148,-1.1656121409637457e-15,1.254719085295091e-16
figs2,skin,0,44,3.3062248142217148,-1.1656121409637457e-15,1.6883664432623608e-16
figs2,skin,0,45,3.3062248142217148,-1.1656121409637457e-15,2.1467207807930562e-16
figs2,skin,0,46,3.3062248142217148,-1.1656121409637457e-15,9.865940701851744e-16
figs2,skin,0,47,3.3062248142217148,-1.1656121409637457e-15,1.3101621720821262e-15
figs2,skin,0,48,3.3062248142217148,-1.1656121409637457e-15,4.673759669879764e-15
figs2,skin,0,49,3.3062248142217148,-1.1656121409637457e-15,1.470765492733779e-14
figs2,skin,0,50,3.3062248142217148,-1.1656121409637457e-15,6.316404730333473e-16
figs2,skin,0,51,3.3062248142217148,-1.1656121409637457e-15,2.2857369628466473e-15
figs2,skin,0,52,3.3062248142217148,-1.1656121409637457e-15,5.036601018536169e-16
figs2,skin,0,53,3.3062248142217148,-1.1656121409637457e-15,1.3550077543310015e-15
figs2,skin,0,54,3.3062248142217148,-1.1656121409637457e-15,5.703714764487542e-15
figs2,skin,0,55,3.3062248142217148,-1.1656121409637457e-15,1.3938223999519564e-14
figs2,skin,0,56,3.3062248142217148,-1.1656121409637457e-15,5.691817089910475e-14
figs2,skin,0,57,3.3062248142217148,-1.1656121409637457e-15,1.2004460518067316e-13
figs2,skin,0,58,3.3062248142217148,-1.1656121409637457e-15,6.076914223953594e-14
figs2,skin,0,59,3.3062248142217148,-1.1656121409637457e-15,2.922710764178048e-13
figs2,skin,0,60,3.3062248142217148,-1.1656121409637457e-15,8.006340908646106e-14
figs2,skin,0,61,3.3062248142217148,-1.1656121409637457e-15,2.3826380251989215e-13
figs2,skin,0,62,3.3062248142217148,-1.1656121409637457e-15,8.676251400890793e-13
figs2,skin,0,63,3.3062248142217148,-1.1656121409637457e-15,6.510078164222669e-13
figs2,skin,0,64,3.3062248142217148,-1.1656121409637457e-15,2.76336169560955e-12
figs2,skin,0,65,3.3062248142217148,-1.1656121409637457e-15,2.3971223118753836e-12
figs2,skin,0,66,3.3062248142217148,-1.1656121409637457e-15,4.282983722095038e-12
figs2,skin,0,67,3.3062248142217148,-1.1656121409637457e-15,1.912653220507776e-11
figs2,skin,0,68,3.3062248142217148,-1.1656121409637457e-15,3.95424230522636e-11
figs2,skin,0,69,3.3062248142217148,-1.1656121409637457e-15,1.5055411644962928e-10
figs2,skin,0,70,3.3062248142217148,-1.1656121409637457e-15,4.193685974403242e-10
figs2,skin,0,71,3.3062248142217148,-1.1656121409637457e-15,1.3318010416132157e-11
figs2,skin,0,72,3.3062248142217148,-1.1656121409637457e-15,7.682781262966054e-11
figs2,skin,0,73,3.3062248142217148,-1.1656121409637457e-15,1.03163303749946e-12
figs2,skin,0,74,3.3062248142217148,-1.1656121409637457e-15,4.428803603450093e-12
figs2,skin,0,75,3.3062248142217148,-1.1656121409637457e-15,1.771707324890635e-11
figs2,skin,0,76,3.3062248142217148,-1.1656121409637457e-15,3.48769635692127e-11
figs2,skin,0,77,3.3062248142217148,-1.1656121409637457e-15,1.4622729832661095e-10
figs2,skin,0,78,3.3062248142217148,-1.1656121409637457e-15,2.403305537677409e-10
figs2,skin,0,79,3.3062248142217148,-1.1656121409637457e-15,2.3145230560401345e-10
figs2,skin,0,80,3.3062248142217148,-1.1656121409637457e-15,1.0813187443360236e-09
figs2,skin,0,81,3.3062248142217148,-1.1656121409637457e-15,9.273076822065899e-10
figs2,skin,0,82,3.3062248142217148,-1.1656121409637457e-15,3.1369113591367232e-09
figs2,skin,0,83,3.3062248142217148,-1.1656121409637457e-15,1.0503388801862534e-08
figs2,skin,0,84,3.3062248142217148,-1.1656121409637457e-15,2.214455286146968e-09
figs2,skin,0,85,3.3062248142217148,-1.1656121409637457e-15,9.070211214508414e-09
figs2,skin,0,86,3.3062248142217148,-1.1656121409637457e-15,3.946608127165087e-09
figs2,skin,0,87,3.3062248142217148,-1.1656121409637457e-15,9.156011528624752e-09
figs2,skin,0,88,3.3062248142217148,-1.1656121409637457e-15,3.951499738976407e-08
figs2,skin,0,89,3.3062248142217148,-1.1656121409637457e-15,9.765138717685397e-08
figs2,skin,0,90,3.3062248142217148,-1.1656121409637457e-15,3.8990460779460267e-07
figs2,skin,0,91,3.3062248142217148,-1.1656121409637457e-15,9.280406986441998e-07
figs2,skin,0,92,3.3062248142217148,-1.1656121409637457e-15,2.530297800490745e-07
figs2,skin,0,93,3.3062248142217148,-1.1656121409637457e-15,1.249742883668308e-06
figs2,skin,0,94,3.3062248142217148,-1.1656121409637457e-15,9.198593503325747e-08
figs2,skin,0,95,3.3062248142217148,-1.1656121409637457e-15,2.316228086271972e-07
figs2,skin,0,96,3.3062248142217148,-1.1656121409637457e-15,8.818222680349747e-07
figs2,skin,0,97,3.3062248142217148,-1.1656121409637457e-15,1.065624091894405e-06
figs2,skin,0,98,3.3062248142217148,-1.1656121409637457e-15,4.527140832276304e-06
figs2,skin,0,99,3.3062248142217148,-1.1656121409637457e-15,5.255637811508769e-06
figs2,skin,0,100,3.3062248142217148,-1.1656121409637457e-15,7.708681863557961e-06
figs2,skin,0,101,3.3062248142217148,-1.1656121409637457e-15,3.505753610827111e-05
figs2,skin,0,102,3.3062248142217148,-1.1656121409637457e-15,5.7057488288863417e-05
figs2,skin,0,103,3.3062248142217148,-1.1656121409637457e-15,0.0002091947227117045
figs2,skin,0,104,3.3062248142217148,-1.1656121409637457e-15,0.0006305253072980437
figs2,skin,0,105,3.3062248142217148,-1.1656121409637457e-15,1.969495292324107e-06
figs2,skin,0,106,3.3062248142217148,-1.1656121409637457e-15,3.235455237153561e-06
figs2,skin,0,107,3.3062248142217148,-1.1656121409637457e-15,4.052603364323745e-07
figs2,skin,0,108,3.3062248142217148,-1.1656121409637457e-15,1.2027425367819883e-06
figs2,skin,0,109,3.3062248142217148,-1.1656121409637457e-15,4.976084117908694e-06
figs2,skin,0,110,3.3062248142217148,-1.1656121409637457e-15,1.1531213788718447e-05
figs2,skin,0,111,3.3062248142217148,-1.1656121409637457e-15,4.763411379962173e-05
figs2,skin,0,112,3.3062248142217148,-1.1656121409637457e-15,9.215518779543341e-05
figs2,skin,0,113,3.3062248142217148,-1.1656121409637457e-15,6.192370649351635e-05
figs2,skin,0,114,3.3062248142217148,-1.1656121409637457e-15,0.00029426538356861517
figs2,skin,0,115,3.3062248142217148,-1.1656121409637457e-15,0.00013597348092789132
figs2,skin,0,116,3.3062248142217148,-1.1656121409637457e-15,0.00042898505532932885
figs2,skin,0,117,3.3062248142217148,-1.1656121409637457e-15,0.001516013906211322
figs2,skin,0,118,3.3062248142217148,-1.1656121409637457e-15,0.0007705847705525799
figs2,skin,0,119,3.3062248142217148,-1.1656121409637457e-15,0.003250689082127607
figs2,skin,0,120,3.3062248142217148,-1.1656121409637457e-15,0.0022550707987965385
figs2,skin,0,121,3.3062248142217148,-1.1656121409637457e-15,0.004480520331395194
figs2,skin,0,122,3.3062248142217148,-1.1656121409637457e-15,0.019764753915178783
figs2,skin,0,123,3.3062248142217148,-1.1656121409637457e-15,0.04504196787314317
figs2,skin,0,124,3.3062248142217148,-1.1656121409637457e-15,0.17494700862440993
figs2,skin,0,125,3.3062248142217148,-1.1656121409637457e-15,0.4611222022669109
figs2,skin,0,126,3.3062248142217148,-1.1656121409637457e-15,0.04574499307878331
figs2,skin,0,127,3.3062248142217148,-1.1656121409637457e-15,0.23888556198346905
figs2,skin,0,128,3.3062248142217148,-1.1656121409637457e-15,0.00018166745576102448
figs2,skin,0,129,3.3062248142217148,-1.1656121409637457e-15,1.116874404373085e-07
figs2,skin,0,130,3.3062248142217148,-1.1656121409637457e-15,1.4927651521176644e-10
figs2,skin,0,131,3.3062248142217148,-1.1656121409637457e-15,7.462079877305286e-14
figs2,skin,0,132,3.3062248142217148,-1.1656121409637457e-15,1.1182424197020172e-16
figs2,skin,0,133,3.3062248142217148,-1.1656121409637457e-15,2.2690280623596273e-19
figs2,skin,0,134,3.3062248142217148,-1.1656121409637457e-15,1.2106178125074246e-22
figs2,skin,0,135,3.3062248142217148,-1.1656121409637457e-15,2.4118094782063578e-25
figs2,skin,0,136,3.3062248142217148,-1.1656121409637457e-15,1.4455797170377442e-28
figs2,skin,0,137,3.3062248142217148,-1.1656121409637457e-15,1.2563069549131019e-31
figs2,skin,0,138,3.3062248142217148,-1.1656121409637457e-15,3.0250353733109602e-33
figs2,skin,0,139,3.3062248142217148,-1.1656121409637457e-15,1.511158085855756e-36
figs2,skin,1,0,3.1868481514731393,6.455957089030483e-16,6.775421262449874e-05
figs2,skin,1,1,3.1868481514731393,6.455957089030483e-16,0.00026581897840159983
figs2,skin,1,2,3.1868481514731393,6.455957089030483e-16,0.0005611203686864114
figs2,skin,1,3,3.1868481514731393,6.455957089030483e-16,0.00016420694400817853
figs2,skin,1,4,3.1868481514731393,6.455957089030483e-16,0.0007666402521979299
figs2,skin,1,5,3.1868481514731393,6.455957089030483e-16,0.0001374126260604762
figs2,skin,1,6,3.1868481514731393,6.455957089030483e-16,0.00035808872322830125
figs2,skin,1,7,3.1868481514731393,6.455957089030483e-16,0.0012641850583919095
figs2,skin,1,8,3.1868481514731393,6.455957089030483e-16,0.001445326578315392
figs2,skin,1,9,3.1868481514731393,6.455957089030483e-16,0.005824762484886871
figs2,skin,1,10,3.1868481514731393,6.455957089030483e-16,0.005450256695821062
figs2,skin,1,11,3.1868481514731393,6.455957089030483e-16,0.007929720043746882
figs2,skin,1,12,3.1868481514731393,6.455957089030483e-16,0.03398529156096815
figs2,skin,1,13,3.1868481514731393,6.455957089030483e-16,0.06660894215271868
figs2,skin,1,14,3.1868481514731393,6.455957089030483e-16,0.23393593670063115
figs2,skin,1,15,3.1868481514731393,6.455957089030483e-16,0.6409470339181232
figs2,skin,1,16,3.1868481514731393,6.455957089030483e-16,0.0002731291224589322
figs2,skin,1,17,3.1868481514731393,6.455957089030483e-16,1.4360610489909837e-05
figs2,skin,1,18,3.1868481514731393,6.455957089030483e-16,1.2960159545751708e-08
figs2,skin,1,19,3.1868481514731393,6.455957089030483e-16,8.073355100021693e-12
figs2,skin,1,20,3.1868481514731393,6.455957089030483e-16,7.706698609378036e-15
figs2,skin,1,21,3.1868481514731393,6.455957089030483e-16,4.158906924134455e-18
figs2,skin,1,22,3.1868481514731393,6.455957089030483e-16,5.339389073342462e-21
figs2,skin,1,23,3.1868481514731393,6.455957089030483e-16,1.8226030620225637e-23
figs2,skin,1,24,3.1868481514731393,6.455957089030483e-16,1.0260438250494814e-26
figs2,skin,1,25,3.1868481514731393,6.455957089030483e-16,3.547359196863622e-29
figs2,skin,1,26,3.1868481514731393,6.455957089030483e-16,2.7885295536754376e-32
figs2,skin,1,27,3.1868481514731393,6.455957089030483e-16,1.2673967943598894e-33
figs2,skin,1,28,3.1868481514731393,6.455957089030483e-16,1.4188768924889082e-32
figs2,skin,1,29,3.1868481514731393,6.455957089030483e-16,7.853771402216962e-36
figs2,skin,1,30,3.1868481514731393,6.455957089030483e-16,9.025145344729173e-34
figs2,skin,1,31,3.1868481514731393,6.455957089030483e-16,1.4541609429364862e-33
figs2,skin,1,32,3.1868481514731393,6.455957089030483e-16,2.2087296198545412e-32
figs2,skin,1,33,3.1868481514731393,6.455957089030483e-16,3.394825216583149e-31
figs2,skin,1,34,3.1868481514731393,6.455957089030483e-16,5.95952323985168e-35
figs2,skin,1,35,3.1868481514731393,6.455957089030483e-16,6.751480246645029e-39
figs2,skin,1,36,3.1868481514731393,6.455957089030483e-16,9.31454047907786e-42
figs2,skin,1,37,3.1868481514731393,6.455957089030483e-16,1.9432420517754477e-45
figs2,skin,1,38,3.1868481514731393,6.455957089030483e-16,1.707220109733848e-48
figs2,skin,1,39,3.1868481514731393,6.455957089030483e-16,1.9403492635559243e-52
figs2,skin,1,40,3.1868481514731393,6.455957089030483e-16,1.0732143871308982e-51
figs2,skin,1,41,3.1868481514731393,6.455957089030483e-16,4.833235419466831e-51
figs2,skin,1,42,3.1868481514731393,6.455957089030483e-16,6.754973902795857e-55
figs2,skin,1,43,3.1868481514731393,6.455957089030483e-16,7.366150587898517e-58
figs2,skin,1,44,3.1868481514731393,6.455957089030483e-16,2.0739357857031334e-62
figs2,skin,1,45,3.1868481514731393,6.455957089030483e-16,1.3052647378298088e-62
figs2,skin,1,46,3.1868481514731393,6.455957089030483e-16,1.2535063388401619e-61
figs2,skin,1,47,3.1868481514731393,6.455957089030483e-16,2.984911256772638e-65
figs2,skin,1,48,3.1868481514731393,6.455957089030483e-16,7.783943001274753e-69
figs2,skin,1,49,3.1868481514731393,6.455957089030483e-16,2.605673425087031e-71
figs2,skin,1,50,3.1868481514731393,6.455957089030483e-16,3.9437416918119743e-73
figs2,skin,1,51,3.1868481514731393,6.455957089030483e-16,6.687814188303324e-72
figs2,skin,1,52,3.1868481514731393,6.455957089030483e-16,2.7193280538927047e-71
figs2,skin,1,53,3.1868481514731393,6.455957089030483e-16,2.6456207182350713e-70
figs2,skin,1,54,3.1868481514731393,6.455957089030483e-16,3.417150379147076e-69
figs2,skin,1,55,3.1868481514731393,6.455957089030483e-16,5.896929896349889e-73
figs2,skin,1,56,3.1868481514731393,6.455957089030483e-16,1.478140694182698e-76
figs2,skin,1,57,3.1868481514731393,6.455957089030483e-16,6.617920857701137e-80
figs2,skin,1,58,3.1868481514731393,6.455957089030483e-16,1.0790511304007069e-83
figs2,skin,1,59,3.1868481514731393,6.455957089030483e-16,2.3090306902987004e-86
figs2,skin,1,60,3.1868481514731393,6.455957089030483e-16,4.549105636228172e-90
figs2,skin,1,61,3.1868481514731393,6.455957089030483e-16,8.326953254250791e-94
figs2,skin,1,62,3.1868481514731393,6.455957089030483e-16,5.631333249396333e-96
figs2,skin,1,63,3.1868481514731393,6.455957089030483e-16,5.555459851830728e-98
figs2,skin,1,64,3.1868481514731393,6.455957089030483e-16,8.930480754845301e-97
figs2,skin,1,65,3.1868481514731393,6.455957089030483e-16,4.9455224502328285e-96
figs2,skin,1,66,3.1868481514731393,6.455957089030483e-16,3.709657832466881e-95
figs2,skin,1,67,3.1868481514731393,6.455957089030483e-16,4.6173231556674185e-94
figs2,skin,1,68,3.1868481514731393,6.455957089030483e-16,8.885386384249528e-98
figs2,skin,1,69,3.1868481514731393,6.455957089030483e-16,2.086580314709198e-101
figs2,skin,1,70,3.1868481514731393,6.455957089030483e-16,1.8576915381726014e-104
figs2,skin,1,71,3.1868481514731393,6.455957089030483e-16,3.25315286763357e-108
figs2,skin,1,72,3.1868481514731393,6.455957089030483e-16,3.0927045992640172e-111
figs2,skin,1,73,3.1868481514731393,6.455957089030483e-16,7.284821062483257e-115
figs2,skin,1,74,3.1868481514731393,6.455957089030483e-16,5.473435989967425e-119
figs2,skin,1,75,3.1868481514731393,6.455957089030483e-16,2.3805122136787733e-118
figs2,skin,1,76,3.1868481514731393,6.455957089030483e-16,4.3188753357057e-122
figs2,skin,1,77,3.1868481514731393,6.455957089030483e-16,1.3286472011903368e-125
figs2,skin,1,78,3.1868481514731393,6.455957089030483e-16,5.258433009632195e-129
figs2,skin,1,79,3.1868481514731393,6.455957089030483e-16,8.97960847670505e-133
figs2,skin,1,80,3.1868481514731393,6.455957089030483e-16,8.053683006136015e-135
figs2,skin,1,81,3.1868481514731393,6.455957089030483e-16,1.6352539632786446e-138
figs2,skin,1,82,3.1868481514731393,6.455957089030483e-16,3.428155912613417e-142
figs2,skin,1,83,3.1868481514731393,6.455957089030483e-16,7.944522186350972e-145
figs2,skin,1,84,3.1868481514731393,6.455957089030483e-16,2.5909295801904954e-147
figs2,skin,1,85,3.1868481514731393,6.455957089030483e-16,2.5713587927614e-146
figs2,skin,1,86,3.1868481514731393,6.455957089030483e-16,1.2669325480920737e-145
figs2,skin,1,87,3.1868481514731393,6.455957089030483e-16,1.1716578856019771e-144
figs2,skin,1,88,3.1868481514731393,6.455957089030483e-16,1.544286874568909e-143
figs2,skin,1,89,3.1868481514731393,6.455957089030483e-16,2.683402791220591e-147
figs2,skin,1,90,3.1868481514731393,6.455957089030483e-16,6.288797023837027e-151
figs2,skin,1,91,3.1868481514731393,6.455957089030483e-16,3.319436343449734e-154
figs2,skin,1,92,3.1868481514731393,6.455957089030483e-16,5.390552465696066e-158
figs2,skin,1,93,3.1868481514731393,6.455957089030483e-16,7.343618348606736e-161
figs2,skin,1,94,3.1868481514731393,6.455957089030483e-16,1.4889342741114413e-164
figs2,skin,1,95,3.1868481514731393,6.455957089030483e-16,2.614095206995243e-168
figs2,skin,1,96,3.1868481514731393,6.455957089030483e-16,2.827695451729297e-170
figs2,skin,1,97,3.1868481514731393,6.455957089030483e-16,4.70620450568962e-174
figs2,skin,1,98,3.1868481514731393,6.455957089030483e-16,1.5307920417539581e-177
figs2,skin,1,99,3.1868481514731393,6.455957089030483e-16,4.596759729077672e-181
figs2,skin,1,100,3.1868481514731393,6.455957089030483e-16,7.10757248881446e-185
figs2,skin,1,101,3.1868481514731393,6.455957089030483e-16,1.9977438428513698e-186
figs2,skin,1,102,3.1868481514731393,6.455957089030483e-16,3.624852497765914e-190
figs2,skin,1,103,3.1868481514731393,6.455957089030483e-16,7.494776955782926e-194
figs2,skin,1,104,3.1868481514731393,6.455957089030483e-16,7.572468294018697e-197
figs2,skin,1,105,3.1868481514731393,6.455957089030483e-16,1.2358825161815741e-200
figs2,skin,1,106,3.1868481514731393,6.455957089030483e-16,7.759397853923115e-204
figs2,skin,1,107,3.1868481514731393,6.455957089030483e-16,1.7547490182093948e-207
figs2,skin,1,108,3.1868481514731393,6.455957089030483e-16,1.6589302645104064e-211
figs2,skin,1,109,3.1868481514731393,6.455957089030483e-16,2.90131752137193e-211
figs2,skin,1,110,3.1868481514731393,6.455957089030483e-16,4.942310477884331e-215
figs2,skin,1,111,3.1868481514731393,6.455957089030483e-16,1.2823575983603487e-218
figs2,skin,1,112,3.1868481514731393,6.455957089030483e-16,5.190732680430979e-222
figs2,skin,1,113,3.1868481514731393,6.455957089030483e-16,8.39450611283356e-226
figs2,skin,1,114,3.1868481514731393,6.455957089030483e-16,2.4528900175156832e-228
figs2,skin,1,115,3.1868481514731393,6.455957089030483e-16,4.731587295330989e-232
figs2,skin,1,116,3.1868481514731393,6.455957089030483e-16,8.868731904016607e-236
figs2,skin,1,117,3.1868481514731393,6.455957089030483e-16,2.8285219794148344e-238
figs2,skin,1,118,3.1868481514731393,6.455957089030483e-16,4.661839702185522e-242
figs2,skin,1,119,3.1868481514731393,6.455957089030483e-16,1.8435364059760672e-245
figs2,skin,1,120,3.1868481514731393,6.455957089030483e-16,4.864781430820482e-249
figs2,skin,1,121,3.1868481514731393,6.455957089030483e-16,5.226734396195e-253
figs2,skin,1,122,3.1868481514731393,6.455957089030483e-16,4.8059907794625446e-253
figs2,skin,1,123,3.1868481514731393,6.455957089030483e-16,8.475061281598369e-257
figs2,skin,1,124,3.1868481514731393,6.455957089030483e-16,1.884377671304113e-260
figs2,skin,1,125,3.1868481514731393,6.455957089030483e-16,1.2257985375136976e-263
figs2,skin,1,126,3.1868481514731393,6.455957089030483e-16,1.9939011118361926e-267
figs2,skin,1,127,3.1868481514731393,6.455957089030483e-16,1.919517044114896e-270
figs2,skin,1,128,3.1868481514731393,6.455957089030483e-16,4.0372528514247705e-274
figs2,skin,1,129,3.1868481514731393,6.455957089030483e-16,6.646840117768123e-278
figs2,skin,1,130,3.1868481514731393,6.455957089030483e-16,2.286817471470587e-279
figs2,skin,1,131,3.1868481514731393,6.455957089030483e-16,3.8354206075799803e-283
figs2,skin,1,132,3.1868481514731393,6.455957089030483e-16,1.1319026842827363e-286
figs2,skin,1,133,3.1868481514731393,6.455957089030483e-16,3.752496289592782e-290
figs2,skin,1,134,3.1868481514731393,6.455957089030483e-16,5.9809455009047886e-294
figs2,skin,1,135,3.1868481514731393,6.455957089030483e-16,5.627323190418322e-296
figs2,skin,1,136,3.1868481514731393,6.455957089030483e-16,1.0426539514376124e-299
figs2,skin,1,137,3.1868481514731393,6.455957089030483e-16,2.072727388932485e-303
figs2,skin,1,138,3.1868481514731393,6.455957089030483e-16,2.9971335491172703e-306
figs2,skin,1,139,3.1868481514731393,6.455957089030483e-16,4.96752163629284e-310
figs2,skin,2,0,3.0086683210701732,-9.001770382995463e-16,2.5093833849616564e-12
figs2,skin,2,1,3.0086683210701732,-9.001770382995463e-16,9.01963410355398e-12
figs2,skin,2,2,3.0086683210701732,-9.001770382995463e-16,1.690735959492342e-11
figs2,skin,2,3,3.0086683210701732,-9.001770382995463e-16,3.548430774171595e-12
figs2,skin,2,4,3.0086683210701732,-9.001770382995463e-16,1.5526581383423004e-11
figs2,skin,2,5,3.0086683210701732,-9.001770382995463e-16,3.998791799981266e-12
figs2,skin,2,6,3.0086683210701732,-9.001770382995463e-16,9.583413735582431e-12
figs2,skin,2,7,3.0086683210701732,-9.001770382995463e-16,3.088974438058211e-11
figs2,skin,2,8,3.0086683210701732,-9.001770382995463e-16,4.105895626770988e-11
figs2,skin,2,9,3.0086683210701732,-9.001770382995463e-16,1.5228934165714955e-10
figs2,skin,2,10,3.0086683210701732,-9.001770382995463e-16,1.1886635309121996e-10
figs2,skin,2,11,3.0086683210701732,-9.001770382995463e-16,1.507151144663273e-10
figs2,skin,2,12,3.0086683210701732,-9.001770382995463e-16,5.957579617749268e-10
figs2,skin,2,13,3.0086683210701732,-9.001770382995463e-16,1.3117905359155434e-09
figs2,skin,2,14,3.0086683210701732,-9.001770382995463e-16,4.208416764231547e-09
figs2,skin,2,15,3.0086683210701732,-9.001770382995463e-16,1.039415043158092e-08
figs2,skin,2,16,3.0086683210701732,-9.001770382995463e-16,1.1233428479321095e-10
figs2,skin,2,17,3.0086683210701732,-9.001770382995463e-16,2.64541849184193e-10
figs2,skin,2,18,3.0086683210701732,-9.001770382995463e-16,4.05539370520247e-12
figs2,skin,2,19,3.0086683210701732,-9.001770382995463e-16,1.4028758360637129e-11
figs2,skin,2,20,3.0086683210701732,-9.001770382995463e-16,4.956034657483159e-11
figs2,skin,2,21,3.0086683210701732,-9.001770382995463e-16,1.3070835829566049e-10
figs2,skin,2,22,3.0086683210701732,-9.001770382995463e-16,4.717899533417488e-10
figs2,skin,2,23,3.0086683210701732,-9.001770382995463e-16,6.91649241761781e-10
figs2,skin,2,24,3.0086683210701732,-9.001770382995463e-16,3.846692436666603e-10
figs2,skin,2,25,3.0086683210701732,-9.001770382995463e-16,1.6022155721120326e-09
figs2,skin,2,26,3.0086683210701732,-9.001770382995463e-16,1.3431231696446098e-09
figs2,skin,2,27,3.0086683210701732,-9.001770382995463e-16,3.746481889692234e-09
figs2,skin,2,28,3.0086683210701732,-9.001770382995463e-16,1.1106894397763956e-08
figs2,skin,2,29,3.0086683210701732,-9.001770382995463e-16,6.348349499576698e-09
figs2,skin,2,30,3.0086683210701732,-9.001770382995463e-16,2.3375796855398792e-08
figs2,skin,2,31,3.0086683210701732,-9.001770382995463e-16,9.237396166774272e-09
figs2,skin,2,32,3.0086683210701732,-9.001770382995463e-16,1.622821457835223e-08
figs2,skin,2,33,3.0086683210701732,-9.001770382995463e-16,6.191945247392843e-08
figs2,skin,2,34,3.0086683210701732,-9.001770382995463e-16,1.7511134005428886e-07
figs2,skin,2,35,3.0086683210701732,-9.001770382995463e-16,5.946281491018733e-07
figs2,skin,2,36,3.0086683210701732,-9.001770382995463e-16,1.256903052699535e-06
figs2,skin,2,37,3.0086683210701732,-9.001770382995463e-16,8.326478637499194e-08
figs2,skin,2,38,3.0086683210701732,-9.001770382995463e-16,3.944477508383629e-07
figs2,skin,2,39,3.0086683210701732,-9.001770382995463e-16,2.6703858122010484e-08
figs2,skin,2,40,3.0086683210701732,-9.001770382995463e-16,5.242671413894395e-08
figs2,skin,2,41,3.0086683210701732,-9.001770382995463e-16,1.7675841978056237e-07
figs2,skin,2,42,3.0086683210701732,-9.001770382995463e-16,3.3102145731752714e-07
figs2,skin,2,43,3.0086683210701732,-9.001770382995463e-16,1.2203324028651802e-06
figs2,skin,2,44,3.0086683210701732,-9.001770382995463e-16,1.269564367805198e-06
figs2,skin,2,45,3.0086683210701732,-9.001770382995463e-16,1.2481759079893617e-06
figs2,skin,2,46,3.0086683210701732,-9.001770382995463e-16,5.032160893025738e-06
figs2,skin,2,47,3.0086683210701732,-9.001770382995463e-16,8.407336532951362e-06
figs2,skin,2,48,3.0086683210701732,-9.001770382995463e-16,2.5792262804027163e-05
figs2,skin,2,49,3.0086683210701732,-9.001770382995463e-16,6.888274218901737e-05
figs2,skin,2,50,3.0086683210701732,-9.001770382995463e-16,8.276596997995815e-06
figs2,skin,2,51,3.0086683210701732,-9.001770382995463e-16,2.8418895735847455e-05
figs2,skin,2,52,3.0086683210701732,-9.001770382995463e-16,3.0646155761951145e-06
figs2,skin,2,53,3.0086683210701732,-9.001770382995463e-16,7.28780434593213e-06
figs2,skin,2,54,3.0086683210701732,-9.001770382995463e-16,2.6637503569533744e-05
figs2,skin,2,55,3.0086683210701732,-9.001770382995463e-16,7.727544986869582e-05
figs2,skin,2,56,3.0086683210701732,-9.001770382995463e-16,0.00027358826259056334
figs2,skin,2,57,3.0086683210701732,-9.001770382995463e-16,0.00047116535327581453
figs2,skin,2,58,3.0086683210701732,-9.001770382995463e-16,0.00015485688774401522
figs2,skin,2,59,3.0086683210701732,-9.001770382995463e-16,0.0006619472186898669
figs2,skin,2,60,3.0086683210701732,-9.001770382995463e-16,0.0002916418745396905
figs2,skin,2,61,3.0086683210701732,-9.001770382995463e-16,0.000749067716526211
figs2,skin,2,62,3.0086683210701732,-9.001770382995463e-16,0.0023432374860415236
figs2,skin,2,63,3.0086683210701732,-9.001770382995463e-16,0.002371166499772024
figs2,skin,2,64,3.0086683210701732,-9.001770382995463e-16,0.00879779392509481
figs2,skin,2,65,3.0086683210701732,-9.001770382995463e-16,0.005508698970246538
figs2,skin,2,66,3.0086683210701732,-9.001770382995463e-16,0.007986025137084147
figs2,skin,2,67,3.0086683210701732,-9.001770382995463e-16,0.031164747959075083
figs2,skin,2,68,3.0086683210701732,-9.001770382995463e-16,0.07760007098032094
figs2,skin,2,69,3.0086683210701732,-9.001770382995463e-16,0.2549298235042995
figs2,skin,2,70,3.0086683210701732,-9.001770382995463e-16,0.5961074729309696
figs2,skin,2,71,3.0086683210701732,-9.001770382995463e-16,0.0009123198024282422
figs2,skin,2,72,3.0086683210701732,-9.001770382995463e-16,0.009401387763909893
figs2,skin,2,73,3.0086683210701732,-9.001770382995463e-16,8.922705529723013e-06
figs2,skin,2,74,3.0086683210701732,-9.001770382995463e-16,6.2129416820216376e-09
figs2,skin,2,75,3.0086683210701732,-9.001770382995463e-16,5.905801633752446e-12
figs2,skin,2,76,3.0086683210701732,-9.001770382995463e-16,3.4146094420190053e-15
figs2,skin,2,77,3.0086683210701732,-9.001770382995463e-16,5.611861033365262e-18
figs2,skin,2,78,3.0086683210701732,-9.001770382995463e-16,1.8595532897425453e-20
figs2,skin,2,79,3.0086683210701732,-9.001770382995463e-16,1.1363524732339196e-23
figs2,skin,2,80,3.0086683210701732,-9.001770382995463e-16,2.295699111014388e-26
figs2,skin,2,81,3.0086683210701732,-9.001770382995463e-16,1.6397031466890036e-29
figs2,skin,2,82,3.0086683210701732,-9.001770382995463e-16,1.5677610691378558e-32
figs2,skin,2,83,3.0086683210701732,-9.001770382995463e-16,4.4227362803777524e-34
figs2,skin,2,84,3.0086683210701732,-9.001770382995463e-16,9.00950970786693e-35
figs2,skin,2,85,3.0086683210701732,-9.001770382995463e-16,2.5445428008351956e-33
figs2,skin,2,86,3.0086683210701732,-9.001770382995463e-16,1.2158659160939363e-32
figs2,skin,2,87,3.0086683210701732,-9.001770382995463e-16,9.094991866436752e-32
figs2,skin,2,88,3.0086683210701732,-9.001770382995463e-16,6.421286174510791e-31
figs2,skin,2,89,3.0086683210701732,-9.001770382995463e-16,2.0583599602051187e-34
figs2,skin,2,90,3.0086683210701732,-9.001770382995463e-16,4.833209500756353e-38
figs2,skin,2,91,3.0086683210701732,-9.001770382995463e-16,1.839691158834617e-41
figs2,skin,2,92,3.0086683210701732,-9.001770382995463e-16,3.280913774834545e-45
figs2,skin,2,93,3.0086683210701732,-9.001770382995463e-16,1.7891454574178333e-48
figs2,skin,2,94,3.0086683210701732,-9.001770382995463e-16,3.872104107253525e-49
figs2,skin,2,95,3.0086683210701732,-9.001770382995463e-16,3.0040962459004756e-48
figs2,skin,2,96,3.0086683210701732,-9.001770382995463e-16,2.760680504113935e-47
figs2,skin,2,97,3.0086683210701732,-9.001770382995463e-16,6.03901499661341e-51
figs2,skin,2,98,3.0086683210701732,-9.001770382995463e-16,2.9122046762386924e-54
figs2,skin,2,99,3.0086683210701732,-9.001770382995463e-16,1.274438577866172e-57
figs2,skin,2,100,3.0086683210701732,-9.001770382995463e-16,3.3549969534110194e-61
figs2,skin,2,101,3.0086683210701732,-9.001770382995463e-16,2.122541934351963e-62
figs2,skin,2,102,3.0086683210701732,-9.001770382995463e-16,5.133370607368123e-66
figs2,skin,2,103,3.0086683210701732,-9.001770382995463e-16,1.4321649378668494e-69
figs2,skin,2,104,3.0086683210701732,-9.001770382995463e-16,3.094125312787891e-72
figs2,skin,2,105,3.0086683210701732,-9.001770382995463e-16,6.600613437927753e-76
figs2,skin,2,106,3.0086683210701732,-9.001770382995463e-16,7.343810004796117e-79
figs2,skin,2,107,3.0086683210701732,-9.001770382995463e-16,2.2888658758797196e-82
figs2,skin,2,108,3.0086683210701732,-9.001770382995463e-16,5.802612685728477e-86
figs2,skin,2,109,3.0086683210701732,-9.001770382995463e-16,6.874788748209546e-88
figs2,skin,2,110,3.0086683210701732,-9.001770382995463e-16,1.5453616157449463e-91
figs2,skin,2,111,3.0086683210701732,-9.001770382995463e-16,5.670784901808443e-95
figs2,skin,2,112,3.0086683210701732,-9.001770382995463e-16,3.588461225529733e-98
figs2,skin,2,113,3.0086683210701732,-9.001770382995463e-16,7.32997239104168e-102
figs2,skin,2,114,3.0086683210701732,-9.001770382995463e-16,9.999201684251151e-104
figs2,skin,2,115,3.0086683210701732,-9.001770382995463e-16,2.5967349739889667e-107
figs2,skin,2,116,3.0086683210701732,-9.001770382995463e-16,6.22686079917291e-111
figs2,skin,2,117,3.0086683210701732,-9.001770382995463e-16,1.0335224965829161e-112
figs2,skin,2,118,3.0086683210701732,-9.001770382995463e-16,2.234358364357792e-116
figs2,skin,2,119,3.0086683210701732,-9.001770382995463e-16,1.3711687121679492e-119
figs2,skin,2,120,3.0086683210701732,-9.001770382995463e-16,5.132748812815347e-123
figs2,skin,2,121,3.0086683210701732,-9.001770382995463e-16,1.2557852115630459e-126
figs2,skin,2,122,3.0086683210701732,-9.001770382995463e-16,1.6821871709218567e-128
figs2,skin,2,123,3.0086683210701732,-9.001770382995463e-16,3.9086577074519275e-132
figs2,skin,2,124,3.0086683210701732,-9.001770382995463e-16,1.1838872126826574e-135
figs2,skin,2,125,3.0086683210701732,-9.001770382995463e-16,1.3680727069058892e-138
figs2,skin,2,126,3.0086683210701732,-9.001770382995463e-16,2.8861341151491576e-142
figs2,skin,2,127,3.0086683210701732,-9.001770382995463e-16,5.753666985346092e-145
figs2,skin,2,128,3.0086683210701732,-9.001770382995463e-16,1.645074468638697e-148
figs2,skin,2,129,3.0086683210701732,-9.001770382995463e-16,4.633145427811484e-152
figs2,skin,2,130,3.0086683210701732,-9.001770382995463e-16,2.161514700174471e-153
figs2,skin,2,131,3.0086683210701732,-9.001770382995463e-16,4.781091150264926e-157
figs2,skin,2,132,3.0086683210701732,-9.001770382995463e-16,2.053279623310385e-160
figs2,skin,2,133,3.0086683210701732,-9.001770382995463e-16,1.0233885192829807e-163
figs2,skin,2,134,3.0086683210701732,-9.001770382995463e-16,6.605103114967628e-168
figs2,skin,2,135,3.0086683210701732,-9.001770382995463e-16,4.928566998095363e-167
figs2,skin,2,136,3.0086683210701732,-9.001770382995463e-16,1.2213961996592837e-170
figs2,skin,2,137,3.0086683210701732,-9.001770382995463e-16,3.2373431305477844e-174
figs2,skin,2,138,3.0086683210701732,-9.001770382995463e-16,1.2108190808228144e-176
figs2,skin,2,139,3.0086683210701732,-9.001770382995463e-16,2.6423551930361456e-180
figs2,skin,3,0,2.8507011462946554,2.9251450231660277e-15,1.140700483275021e-10
figs2,skin,3,1,2.8507011462946554,2.9251450231660277e-15,3.7811888798234467e-10
figs2,skin,3,2,2.8507011462946554,2.9251450231660277e-15,6.340573722211989e-10
figs2,skin,3,3,2.8507011462946554,2.9251450231660277e-15,9.393000797463639e-11
figs2,skin,3,4,2.8507011462946554,2.9251450231660277e-15,3.8950239609615304e-10
figs2,skin,3,5,2.8507011462946554,2.9251450231660277e-15,1.3197527085428354e-10
figs2,skin,3,6,2.8507011462946554,2.9251450231660277e-15,2.9099271921255695e-10
figs2,skin,3,7,2.8507011462946554,2.9251450231660277e-15,8.623029413748518e-10
figs2,skin,3,8,2.8507011462946554,2.9251450231660277e-15,1.2982163705642332e-09
figs2,skin,3,9,2.8507011462946554,2.9251450231660277e-15,4.4583292607395225e-09
figs2,skin,3,10,2.8507011462946554,2.9251450231660277e-15,2.9195066575613276e-09
figs2,skin,3,11,2.8507011462946554,2.9251450231660277e-15,3.2541090705806227e-09
figs2,skin,3,12,2.8507011462946554,2.9251450231660277e-15,1.1943227666344126e-08
figs2,skin,3,13,2.8507011462946554,2.9251450231660277e-15,2.899771520094922e-08
figs2,skin,3,14,2.8507011462946554,2.9251450231660277e-15,8.55314827590224e-08
figs2,skin,3,15,2.8507011462946554,2.9251450231660277e-15,1.918031810841745e-07
figs2,skin,3,16,2.8507011462946554,2.9251450231660277e-15,6.055424697575543e-09
figs2,skin,3,17,2.8507011462946554,2.9251450231660277e-15,1.6474273384848897e-08
figs2,skin,3,18,2.8507011462946554,2.9251450231660277e-15,3.551594130508553e-11
figs2,skin,3,19,2.8507011462946554,2.9251450231660277e-15,2.0897255032445016e-10
figs2,skin,3,20,2.8507011462946554,2.9251450231660277e-15,6.758467482922914e-10
figs2,skin,3,21,2.8507011462946554,2.9251450231660277e-15,1.9487715134445178e-09
figs2,skin,3,22,2.8507011462946554,2.9251450231660277e-15,6.497182556060438e-09
figs2,skin,3,23,2.8507011462946554,2.9251450231660277e-15,8.3931808251171e-09
figs2,skin,3,24,2.8507011462946554,2.9251450231660277e-15,3.802737794231906e-09
figs2,skin,3,25,2.8507011462946554,2.9251450231660277e-15,1.4796220874508476e-08
figs2,skin,3,26,2.8507011462946554,2.9251450231660277e-15,1.4501677316936843e-08
figs2,skin,3,27,2.8507011462946554,2.9251450231660277e-15,3.7070057475221564e-08
figs2,skin,3,28,2.8507011462946554,2.9251450231660277e-15,1.0066117203242399e-07
figs2,skin,3,29,2.8507011462946554,2.9251450231660277e-15,6.934593843359628e-08
figs2,skin,3,30,2.8507011462946554,2.9251450231660277e-15,2.3715530299971245e-07
figs2,skin,3,31,2.8507011462946554,2.9251450231660277e-15,7.287520604695834e-08
figs2,skin,3,32,2.8507011462946554,2.9251450231660277e-15,1.1576477378026645e-07
figs2,skin,3,33,2.8507011462946554,2.9251450231660277e-15,4.091476598450336e-07
figs2,skin,3,34,2.8507011462946554,2.9251450231660277e-15,1.2615524874134766e-06
figs2,skin,3,35,2.8507011462946554,2.9251450231660277e-15,3.9466112351950935e-06
figs2,skin,3,36,2.8507011462946554,2.9251450231660277e-15,7.513069552321327e-06
figs2,skin,3,37,2.8507011462946554,2.9251450231660277e-15,2.541427402854898e-07
figs2,skin,3,38,2.8507011462946554,2.9251450231660277e-15,1.2024785663240707e-06
figs2,skin,3,39,2.8507011462946554,2.9251450231660277e-15,1.3527073057884616e-07
figs2,skin,3,40,2.8507011462946554,2.9251450231660277e-15,2.527721056666548e-07
figs2,skin,3,41,2.8507011462946554,2.9251450231660277e-15,7.84590129517421e-07
figs2,skin,3,42,2.8507011462946554,2.9251450231660277e-15,1.6328207083898414e-06
figs2,skin,3,43,2.8507011462946554,2.9251450231660277e-15,5.56785969002673e-06
figs2,skin,3,44,2.8507011462946554,2.9251450231660277e-15,4.97998497257608e-06
figs2,skin,3,45,2.8507011462946554,2.9251450231660277e-15,4.2149026964361505e-06
figs2,skin,3,46,2.8507011462946554,2.9251450231660277e-15,1.5804396068978785e-05
figs2,skin,3,47,2.8507011462946554,2.9251450231660277e-15,2.952963981480015e-05
figs2,skin,3,48,2.8507011462946554,2.9251450231660277e-15,8.317616089608487e-05
figs2,skin,3,49,2.8507011462946554,2.9251450231660277e-15,0.00020246513074586127
figs2,skin,3,50,2.8507011462946554,2.9251450231660277e-15,3.579539795025474e-05
figs2,skin,3,51,2.8507011462946554,2.9251450231660277e-15,0.00011622359775830852
figs2,skin,3,52,2.8507011462946554,2.9251450231660277e-15,7.4919123691376645e-06
figs2,skin,3,53,2.8507011462946554,2.9251450231660277e-15,1.7069111302869792e-05
figs2,skin,3,54,2.8507011462946554,2.9251450231660277e-15,5.761796580978733e-05
figs2,skin,3,55,2.8507011462946554,2.9251450231660277e-15,0.0001820329636082978
figs2,skin,3,56,2.8507011462946554,2.9251450231660277e-15,0.0005947433057959411
figs2,skin,3,57,2.8507011462946554,2.9251450231660277e-15,0.0009117196419563307
figs2,skin,3,58,2.8507011462946554,2.9251450231660277e-15,0.0002281554308901543
figs2,skin,3,59,2.8507011462946554,2.9251450231660277e-15,0.0009166516299523445
figs2,skin,3,60,2.8507011462946554,2.9251450231660277e-15,0.0004996017440170512
figs2,skin,3,61,2.8507011462946554,2.9251450231660277e-15,0.0011766457658850889
figs2,skin,3,62,2.8507011462946554,2.9251450231660277e-15,0.003379603565668463
figs2,skin,3,63,2.8507011462946554,2.9251450231660277e-15,0.003941898110350257
figs2,skin,3,64,2.8507011462946554,2.9251450231660277e-15,0.01355310308169462
figs2,skin,3,65,2.8507011462946554,2.9251450231660277e-15,0.006968098125743077
figs2,skin,3,66,2.8507011462946554,2.9251450231660277e-15,0.008977268647961683
figs2,skin,3,67,2.8507011462946554,2.9251450231660277e-15,0.03249783548170992
figs2,skin,3,68,2.8507011462946554,2.9251450231660277e-15,0.08871915202866679
figs2,skin,3,69,2.8507011462946554,2.9251450231660277e-15,0.26818630808560856
figs2,skin,3,70,2.8507011462946554,2.9251450231660277e-15,0.5677963765297896
figs2,skin,3,71,2.8507011462946554,2.9251450231660277e-15,0.000676420593530201
figs2,skin,3,72,2.8507011462946554,2.9251450231660277e-15,0.00019581220484916464
figs2,skin,3,73,2.8507011462946554,2.9251450231660277e-15,2.0502802686894901e-07
figs2,skin,3,74,2.8507011462946554,2.9251450231660277e-15,1.5519787633252604e-10
figs2,skin,3,75,2.8507011462946554,2.9251450231660277e-15,1.3429303353023295e-13
figs2,skin,3,76,2.8507011462946554,2.9251450231660277e-15,8.367360287072296e-17
figs2,skin,3,77,2.8507011462946554,2.9251450231660277e-15,1.5536955858331794e-19
figs2,skin,3,78,2.8507011462946554,2.9251450231660277e-15,6.213936441070391e-22
figs2,skin,3,79,2.8507011462946554,2.9251450231660277e-15,4.0958418681240683e-25
figs2,skin,3,80,2.8507011462946554,2.9251450231660277e-15,6.880745570767026e-28
figs2,skin,3,81,2.8507011462946554,2.9251450231660277e-15,5.490967302326473e-31
figs2,skin,3,82,2.8507011462946554,2.9251450231660277e-15,3.018009412267988e-34
figs2,skin,3,83,2.8507011462946554,2.9251450231660277e-15,2.354097267366878e-34
figs2,skin,3,84,2.8507011462946554,2.9251450231660277e-15,7.024178033075266e-35
figs2,skin,3,85,2.8507011462946554,2.9251450231660277e-15,2.1844712337007906e-33
figs2,skin,3,86,2.8507011462946554,2.9251450231660277e-15,9.946113407080798e-33
figs2,skin,3,87,2.8507011462946554,2.9251450231660277e-15,7.327334087644302e-32
figs2,skin,3,88,2.8507011462946554,2.9251450231660277e-15,4.725801439419933e-31
figs2,skin,3,89,2.8507011462946554,2.9251450231660277e-15,1.6585810155845296e-34
figs2,skin,3,90,2.8507011462946554,2.9251450231660277e-15,3.975432691444872e-38
figs2,skin,3,91,2.8507011462946554,2.9251450231660277e-15,1.4497342813145906e-41
figs2,skin,3,92,2.8507011462946554,2.9251450231660277e-15,2.476505434412043e-45
figs2,skin,3,93,2.8507011462946554,2.9251450231660277e-15,2.9235516997861056e-47
figs2,skin,3,94,2.8507011462946554,2.9251450231660277e-15,8.04883387488564e-48
figs2,skin,3,95,2.8507011462946554,2.9251450231660277e-15,6.951315866312158e-47
figs2,skin,3,96,2.8507011462946554,2.9251450231660277e-15,6.3843718324149495e-46
figs2,skin,3,97,2.8507011462946554,2.9251450231660277e-15,1.3965954701509407e-49
figs2,skin,3,98,2.8507011462946554,2.9251450231660277e-15,6.734834789607314e-53
figs2,skin,3,99,2.8507011462946554,2.9251450231660277e-15,2.947302066397858e-56
figs2,skin,3,100,2.8507011462946554,2.9251450231660277e-15,7.758902244859991e-60
figs2,skin,3,101,2.8507011462946554,2.9251450231660277e-15,4.9089637300148265e-61
figs2,skin,3,102,2.8507011462946554,2.9251450231660277e-15,1.18722966054656e-64
figs2,skin,3,103,2.8507011462946554,2.9251450231660277e-15,3.312258594756572e-68
figs2,skin,3,104,2.8507011462946554,2.9251450231660277e-15,7.155919059104129e-71
figs2,skin,3,105,2.8507011462946554,2.9251450231660277e-15,1.5265498801546256e-74
figs2,skin,3,106,2.8507011462946554,2.9251450231660277e-15,1.6984238834030723e-77
figs2,skin,3,107,2.8507011462946554,2.9251450231660277e-15,5.293515008524964e-81
figs2,skin,3,108,2.8507011462946554,2.9251450231660277e-15,1.3419821391678383e-84
figs2,skin,3,109,2.8507011462946554,2.9251450231660277e-15,1.5899543650296174e-86
figs2,skin,3,110,2.8507011462946554,2.9251450231660277e-15,3.574015045204451e-90
figs2,skin,3,111,2.8507011462946554,2.9251450231660277e-15,1.311496678903144e-93
figs2,skin,3,112,2.8507011462946554,2.9251450231660277e-15,8.299120995199327e-97
figs2,skin,3,113,2.8507011462946554,2.9251450231660277e-15,1.6952225346201892e-100
figs2,skin,3,114,2.8507011462946554,2.9251450231660277e-15,2.3125202027427194e-102
figs2,skin,3,115,2.8507011462946554,2.9251450231660277e-15,6.005473303427706e-106
figs2,skin,3,116,2.8507011462946554,2.9251450231660277e-15,1.440086705054287e-109
figs2,skin,3,117,2.8507011462946554,2.9251450231660277e-15,2.3902138254712445e-111
figs2,skin,3,118,2.8507011462946554,2.9251450231660277e-15,5.167366972690496e-115
figs2,skin,3,119,2.8507011462946554,2.9251450231660277e-15,3.1710784403664393e-118
figs2,skin,3,120,2.8507011462946554,2.9251450231660277e-15,1.1870408611161353e-121
figs2,skin,3,121,2.8507011462946554,2.9251450231660277e-15,2.904271846066889e-125
figs2,skin,3,122,2.8507011462946554,2.9251450231660277e-15,3.892154002835363e-127
figs2,skin,3,123,2.8507011462946554,2.9251450231660277e-15,9.043167299516201e-131
figs2,skin,3,124,2.8507011462946554,2.9251450231660277e-15,2.7389303124194677e-134
figs2,skin,3,125,2.8507011462946554,2.9251450231660277e-15,3.1647901294274575e-137
figs2,skin,3,126,2.8507011462946554,2.9251450231660277e-15,6.676355312919196e-141
figs2,skin,3,127,2.8507011462946554,2.9251450231660277e-15,1.3308711511213603e-143
figs2,skin,3,128,2.8507011462946554,2.9251450231660277e-15,3.805096956105887e-147
figs2,skin,3,129,2.8507011462946554,2.9251450231660277e-15,1.0716203889700379e-150
figs2,skin,3,130,2.8507011462946554,2.9251450231660277e-15,4.998614992328539e-152
figs2,skin,3,131,2.8507011462946554,2.9251450231660277e-15,1.10566280127406e-155
figs2,skin,3,132,2.8507011462946554,2.9251450231660277e-15,4.748406430923222e-159
figs2,skin,3,133,2.8507011462946554,2.9251450231660277e-15,2.3666938311320683e-162
figs2,skin,3,134,2.8507011462946554,2.9251450231660277e-15,1.5274622385470022e-166
figs2,skin,3,135,2.8507011462946554,2.9251450231660277e-15,1.139813167811721e-165
figs2,skin,3,136,2.8507011462946554,2.9251450231660277e-15,2.8246830825841793e-169
figs2,skin,3,137,2.8507011462946554,2.9251450231660277e-15,7.486903202408527e-173
figs2,skin,3,138,2.8507011462946554,2.9251450231660277e-15,2.8002109062927263e-175
figs2,skin,3,139,2.8507011462946554,2.9251450231660277e-15,6.110854114111037e-179
figs2,skin,4,0,2.678999815856254,1.9237438160591346e-16,0.000902219062296081
figs2,skin,4,1,2.678999815856254,1.9237438160591346e-16,0.002728091583044239
figs2,skin,4,2,2.678999815856254,1.9237438160591346e-16,0.004023357326508121
figs2,skin,4,3,2.678999815856254,1.9237438160591346e-16,0.00037566610405445226
figs2,skin,4,4,2.678999815856254,1.9237438160591346e-16,0.00148275593005205
figs2,skin,4,5,2.678999815856254,1.9237438160591346e-16,0.0006523037846316325
figs2,skin,4,6,2.678999815856254,1.9237438160591346e-16,0.0013026305125889176
figs2,skin,4,7,2.678999815856254,1.9237438160591346e-16,0.003509084947808744
figs2,skin,4,8,2.678999815856254,1.9237438160591346e-16,0.005998145358392976
figs2,skin,4,9,2.678999815856254,1.9237438160591346e-16,0.018871996606912845
figs2,skin,4,10,2.678999815856254,1.9237438160591346e-16,0.010018657100225882
figs2,skin,4,11,2.678999815856254,1.9237438160591346e-16,0.00963171139024863
figs2,skin,4,12,2.678999815856254,1.9237438160591346e-16,0.03251970321550383
figs2,skin,4,13,2.678999815856254,1.9237438160591346e-16,0.08734722898394508
figs2,skin,4,14,2.678999815856254,1.9237438160591346e-16,0.23412201860802906
figs2,skin,4,15,2.678999815856254,1.9237438160591346e-16,0.47015076330918165
figs2,skin,4,16,2.678999815856254,1.9237438160591346e-16,0.031208011232149578
figs2,skin,4,17,2.678999815856254,1.9237438160591346e-16,0.08504925194680277
figs2,skin,4,18,2.678999815856254,1.9237438160591346e-16,0.00010631651635354615
figs2,skin,4,19,2.678999815856254,1.9237438160591346e-16,8.641938367382858e-08
figs2,skin,4,20,2.678999815856254,1.9237438160591346e-16,6.184350875671209e-11
figs2,skin,4,21,2.678999815856254,1.9237438160591346e-16,4.2567572449773466e-14
figs2,skin,4,22,2.678999815856254,1.9237438160591346e-16,7.81484904307988e-17
figs2,skin,4,23,2.678999815856254,1.9237438160591346e-16,5.336154594307908e-19
figs2,skin,4,24,2.678999815856254,1.9237438160591346e-16,3.8390391473910245e-22
figs2,skin,4,25,2.678999815856254,1.9237438160591346e-16,7.662841643934256e-25
figs2,skin,4,26,2.678999815856254,1.9237438160591346e-16,6.818028029267981e-28
figs2,skin,4,27,2.678999815856254,1.9237438160591346e-16,6.471794754139768e-31
figs2,skin,4,28,2.678999815856254,1.9237438160591346e-16,2.3541404732951483e-33
figs2,skin,4,29,2.678999815856254,1.9237438160591346e-16,9.185034930355972e-37
figs2,skin,4,30,2.678999815856254,1.9237438160591346e-16,2.759994802793061e-34
figs2,skin,4,31,2.678999815856254,1.9237438160591346e-16,2.671173403302337e-34
figs2,skin,4,32,2.678999815856254,1.9237438160591346e-16,5.381594527274242e-33
figs2,skin,4,33,2.678999815856254,1.9237438160591346e-16,7.585390219908748e-32
figs2,skin,4,34,2.678999815856254,1.9237438160591346e-16,2.674816606971374e-35
figs2,skin,4,35,2.678999815856254,1.9237438160591346e-16,3.196069158480195e-36
figs2,skin,4,36,2.678999815856254,1.9237438160591346e-16,7.050331519926614e-37
figs2,skin,4,37,2.678999815856254,1.9237438160591346e-16,1.837928995742547e-35
figs2,skin,4,38,2.678999815856254,1.9237438160591346e-16,8.888719287933771e-35
figs2,skin,4,39,2.678999815856254,1.9237438160591346e-16,6.818992071547101e-34
figs2,skin,4,40,2.678999815856254,1.9237438160591346e-16,4.813235100147633e-33
figs2,skin,4,41,2.678999815856254,1.9237438160591346e-16,8.875223282987513e-33
figs2,skin,4,42,2.678999815856254,1.9237438160591346e-16,1.7770591045864997e-36
figs2,skin,4,43,2.678999815856254,1.9237438160591346e-16,3.365273016585616e-39
figs2,skin,4,44,2.678999815856254,1.9237438160591346e-16,3.922111217092569e-44
figs2,skin,4,45,2.678999815856254,1.9237438160591346e-16,2.3408912913493573e-44
figs2,skin,4,46,2.678999815856254,1.9237438160591346e-16,2.0241486484439607e-43
figs2,skin,4,47,2.678999815856254,1.9237438160591346e-16,4.842378981347777e-47
figs2,skin,4,48,2.678999815856254,1.9237438160591346e-16,1.2476510323726932e-50
figs2,skin,4,49,2.678999815856254,1.9237438160591346e-16,4.545119125606158e-53
figs2,skin,4,50,2.678999815856254,1.9237438160591346e-16,1.2150782630711542e-54
figs2,skin,4,51,2.678999815856254,1.9237438160591346e-16,1.9573661907774477e-53
figs2,skin,4,52,2.678999815856254,1.9237438160591346e-16,7.960739183184244e-53
figs2,skin,4,53,2.678999815856254,1.9237438160591346e-16,7.734009743448151e-52
figs2,skin,4,54,2.678999815856254,1.9237438160591346e-16,9.993516867701524e-51
figs2,skin,4,55,2.678999815856254,1.9237438160591346e-16,1.726882548948036e-54
figs2,skin,4,56,2.678999815856254,1.9237438160591346e-16,4.331396427812493e-58
figs2,skin,4,57,2.678999815856254,1.9237438160591346e-16,1.940463995323576e-61
figs2,skin,4,58,2.678999815856254,1.9237438160591346e-16,3.1523612090406394e-65
figs2,skin,4,59,2.678999815856254,1.9237438160591346e-16,6.753740985253836e-68
figs2,skin,4,60,2.678999815856254,1.9237438160591346e-16,1.3309948442808646e-71
figs2,skin,4,61,2.678999815856254,1.9237438160591346e-16,2.43379782076885e-75
figs2,skin,4,62,2.678999815856254,1.9237438160591346e-16,1.6223004300293643e-77
figs2,skin,4,63,2.678999815856254,1.9237438160591346e-16,1.3570412240909977e-79
figs2,skin,4,64,2.678999815856254,1.9237438160591346e-16,2.2252338763974456e-78
figs2,skin,4,65,2.678999815856254,1.9237438160591346e-16,1.2321721672411234e-77
figs2,skin,4,66,2.678999815856254,1.9237438160591346e-16,9.24258330226265e-77
figs2,skin,4,67,2.678999815856254,1.9237438160591346e-16,1.1504024274862858e-75
figs2,skin,4,68,2.678999815856254,1.9237438160591346e-16,2.2137870192483488e-79
figs2,skin,4,69,2.678999815856254,1.9237438160591346e-16,5.198698419642801e-83
figs2,skin,4,70,2.678999815856254,1.9237438160591346e-16,4.628423835845106e-86
figs2,skin,4,71,2.678999815856254,1.9237438160591346e-16,8.105204752615153e-90
figs2,skin,4,72,2.678999815856254,1.9237438160591346e-16,7.705448580331487e-93
figs2,skin,4,73,2.678999815856254,1.9237438160591346e-16,1.8150206381372192e-96
figs2,skin,4,74,2.678999815856254,1.9237438160591346e-16,1.3601648734045939e-100
figs2,skin,4,75,2.678999815856254,1.9237438160591346e-16,5.956091416873571e-100
figs2,skin,4,76,2.678999815856254,1.9237438160591346e-16,1.0806395473462903e-103
figs2,skin,4,77,2.678999815856254,1.9237438160591346e-16,3.324644814102844e-107
figs2,skin,4,78,2.678999815856254,1.9237438160591346e-16,1.3158954234469606e-110
figs2,skin,4,79,2.678999815856254,1.9237438160591346e-16,2.247180758436723e-114
figs2,skin,4,80,2.678999815856254,1.9237438160591346e-16,2.0161786231403894e-116
figs2,skin,4,81,2.678999815856254,1.9237438160591346e-16,4.093956193355843e-120
figs2,skin,4,82,2.678999815856254,1.9237438160591346e-16,8.582746676232436e-124
figs2,skin,4,83,2.678999815856254,1.9237438160591346e-16,1.994093396046001e-126
figs2,skin,4,84,2.678999815856254,1.9237438160591346e-16,5.98474905023934e-129
figs2,skin,4,85,2.678999815856254,1.9237438160591346e-16,5.837427239363009e-128
figs2,skin,4,86,2.678999815856254,1.9237438160591346e-16,2.8764417756669515e-127
figs2,skin,4,87,2.678999815856254,1.9237438160591346e-16,2.6601283631441287e-126
figs2,skin,4,88,2.678999815856254,1.9237438160591346e-16,3.5061440544725193e-125
figs2,skin,4,89,2.678999815856254,1.9237438160591346e-16,6.092389242576495e-129
figs2,skin,4,90,2.678999815856254,1.9237438160591346e-16,1.427806494856055e-132
figs2,skin,4,91,2.678999815856254,1.9237438160591346e-16,7.5364378153071e-136
figs2,skin,4,92,2.678999815856254,1.9237438160591346e-16,1.2238693333428256e-139
figs2,skin,4,93,2.678999815856254,1.9237438160591346e-16,1.667292795946877e-142
figs2,skin,4,94,2.678999815856254,1.9237438160591346e-16,3.380471684357598e-146
figs2,skin,4,95,2.678999815856254,1.9237438160591346e-16,5.935033520960155e-150
figs2,skin,4,96,2.678999815856254,1.9237438160591346e-16,6.4199908423239665e-152
figs2,skin,4,97,2.678999815856254,1.9237438160591346e-16,1.0684951878185282e-155
figs2,skin,4,98,2.678999815856254,1.9237438160591346e-16,3.4755054272047965e-159
figs2,skin,4,99,2.678999815856254,1.9237438160591346e-16,1.04364688015197e-162
figs2,skin,4,100,2.678999815856254,1.9237438160591346e-16,1.6137010178064084e-166
figs2,skin,4,101,2.678999815856254,1.9237438160591346e-16,4.535671321649133e-168
figs2,skin,4,102,2.678999815856254,1.9237438160591346e-16,8.229853680818686e-172
figs2,skin,4,103,2.678999815856254,1.9237438160591346e-16,1.701611796639807e-175
figs2,skin,4,104,2.678999815856254,1.9237438160591346e-16,1.7192508133195392e-178
figs2,skin,4,105,2.678999815856254,1.9237438160591346e-16,2.8059437669240128e-182
figs2,skin,4,106,2.678999815856254,1.9237438160591346e-16,1.7616912413120723e-185
figs2,skin,4,107,2.678999815856254,1.9237438160591346e-16,3.983976635865002e-189
figs2,skin,4,108,2.678999815856254,1.9237438160591346e-16,3.7664300348978234e-193
figs2,skin,4,109,2.678999815856254,1.9237438160591346e-16,6.587142169406435e-193
figs2,skin,4,110,2.678999815856254,1.9237438160591346e-16,1.122100615490169e-196
figs2,skin,4,111,2.678999815856254,1.9237438160591346e-16,2.911460655741952e-200
figs2,skin,4,112,2.678999815856254,1.9237438160591346e-16,1.1785023143340934e-203
figs2,skin,4,113,2.678999815856254,1.9237438160591346e-16,1.9058860263460185e-207
figs2,skin,4,114,2.678999815856254,1.9237438160591346e-16,5.569033778626847e-210
figs2,skin,4,115,2.678999815856254,1.9237438160591346e-16,1.074258090979757e-213
figs2,skin,4,116,2.678999815856254,1.9237438160591346e-16,2.0135541015228065e-217
figs2,skin,4,117,2.678999815856254,1.9237438160591346e-16,6.4218674061379765e-220
figs2,skin,4,118,2.678999815856254,1.9237438160591346e-16,1.0584226198823705e-223
figs2,skin,4,119,2.678999815856254,1.9237438160591346e-16,4.185559258934943e-227
figs2,skin,4,120,2.678999815856254,1.9237438160591346e-16,1.1044984463898596e-230
figs2,skin,4,121,2.678999815856254,1.9237438160591346e-16,1.1866761354885541e-234
figs2,skin,4,122,2.678999815856254,1.9237438160591346e-16,1.0911506302191035e-234
figs2,skin,4,123,2.678999815856254,1.9237438160591346e-16,1.9241752392169745e-238
figs2,skin,4,124,2.678999815856254,1.9237438160591346e-16,4.27828511866822e-242
figs2,skin,4,125,2.678999815856254,1.9237438160591346e-16,2.7830491309648196e-245
figs2,skin,4,126,2.678999815856254,1.9237438160591346e-16,4.526946791145669e-249
figs2,skin,4,127,2.678999815856254,1.9237438160591346e-16,4.3580654374201664e-252
figs2,skin,4,128,2.678999815856254,1.9237438160591346e-16,9.166166127882193e-256
figs2,skin,4,129,2.678999815856254,1.9237438160591346e-16,1.50909648194845e-259
figs2,skin,4,130,2.678999815856254,1.9237438160591346e-16,5.19198315061432e-261
figs2,skin,4,131,2.678999815856254,1.9237438160591346e-16,8.707926808215022e-265
figs2,skin,4,132,2.678999815856254,1.9237438160591346e-16,2.569868271030785e-268
figs2,skin,4,133,2.678999815856254,1.9237438160591346e-16,8.519655693102181e-272
figs2,skin,4,134,2.678999815856254,1.9237438160591346e-16,1.3579119723133955e-275
figs2,skin,4,135,2.678999815856254,1.9237438160591346e-16,1.2776256713826082e-277
figs2,skin,4,136,2.678999815856254,1.9237438160591346e-16,2.3672382216351236e-281
figs2,skin,4,137,2.678999815856254,1.9237438160591346e-16,4.705913682356937e-285
figs2,skin,4,138,2.678999815856254,1.9237438160591346e-16,6.804682484251062e-288
figs2,skin,4,139,2.678999815856254,1.9237438160591346e-16,1.1278245329748839e-291
