realization,site,onsite,eigenvalue_real,absolute_error
0,0,-0.7846590098114214,-0.7846590098114214,0.0
0,1,-0.7806443951233043,-0.7806443951233043,0.0
0,2,-0.7719219266881718,-0.7719219266881718,0.0
0,3,-0.7629755698350268,-0.7629755698350268,0.0
0,4,-0.7316378945233842,-0.7316378945233842,0.0
0,5,-0.7256278884816493,-0.7256278884816493,0.0
0,6,-0.7254705032899667,-0.7254705032899667,0.0
0,7,-0.7198943524084325,-0.7198943524084325,0.0
0,8,-0.7118569670639396,-0.7118569670639396,0.0
0,9,-0.7080411229624307,-0.7080411229624307,0.0
0,10,-0.7078982061662664,-0.7078982061662664,0.0
0,11,-0.7020336623656068,-0.7020336623656068,0.0
0,12,-0.6854775025542017,-0.6854775025542017,0.0
0,13,-0.6813186187748137,-0.6813186187748137,0.0
0,14,-0.654117067630777,-0.654117067630777,0.0
0,15,-0.6532616189813747,-0.6532616189813747,0.0
0,16,-0.6514841640501363,-0.6514841640501363,0.0
0,17,-0.6511283314175046,-0.6511283314175046,0.0
0,18,-0.6500302279894756,-0.6500302279894756,0.0
0,19,-0.6499964579401981,-0.6499964579401981,0.0
0,20,-0.6408474398676705,-0.6408474398676705,0.0
0,21,-0.6383159422136814,-0.6383159422136814,0.0
0,22,-0.6268361441136021,-0.6268361441136021,0.0
0,23,-0.6244579848252734,-0.6244579848252734,0.0
0,24,-0.605066022551628,-0.605066022551628,0.0
0,25,-0.6005917381521944,-0.6005917381521944,0.0
0,26,-0.5971456997536845,-0.5971456997536845,0.0
0,27,-0.5934369573382083,-0.5934369573382083,0.0
0,28,-0.5768330107457649,-0.5768330107457649,0.0
0,29,-0.544060663883665,-0.544060663883665,0.0
0,30,-0.5388204705154438,-0.5388204705154438,0.0
0,31,-0.5306575515627445,-0.5306575515627445,0.0
0,32,-0.49073553453399854,-0.49073553453399854,0.0
0,33,-0.4626751708111675,-0.4626751708111675,0.0
0,34,-0.4432712303147387,-0.4432712303147387,0.0
0,35,-0.43074718381956245,-0.43074718381956245,0.0
0,36,-0.4293813774723123,-0.4293813774723123,0.0
0,37,-0.4281171461599067,-0.4281171461599067,0.0
0,38,-0.420991158795869,-0.420991158795869,0.0
0,39,-0.4064702682753916,-0.4064702682753916,0.0
0,40,-0.3937852385132306,-0.3937852385132306,0.0
0,41,-0.3858914360903411,-0.3858914360903411,0.0
0,42,-0.33451618171941516,-0.33451618171941516,0.0
0,43,-0.3237691426137637,-0.3237691426137637,0.0
0,44,-0.31601834008141677,-0.31601834008141677,0.0
0,45,-0.315540298266215,-0.315540298266215,0.0
0,46,-0.29879765573147277,-0.29879765573147277,0.0
0,47,-0.2930128759758633,-0.2930128759758633,0.0
0,48,-0.2676050156902516,-0.2676050156902516,0.0
0,49,-0.2646026667952791,-0.2646026667952791,0.0
0,50,-0.26056785744445765,-0.26056785744445765,0.0
0,51,-0.2577935176456615,-0.2577935176456615,0.0
0,52,-0.20170257439293096,-0.20170257439293096,0.0
0,53,-0.19708613441627953,-0.19708613441627953,0.0
0,54,-0.1889763193079208,-0.1889763193079208,0.0
0,55,-0.18006159797476118,-0.18006159797476118,0.0
0,56,-0.17034121297672283,-0.17034121297672283,0.0
0,57,-0.17028545192429156,-0.17028545192429156,0.0
0,58,-0.11270614562862882,-0.11270614562862882,0.0
0,59,-0.0450574012702873,-0.0450574012702873,0.0
0,60,-0.03572499700213285,-0.03572499700213285,0.0
0,61,-0.0312962562622829,-0.0312962562622829,0.0
0,62,-0.02788289458591855,-0.02788289458591855,0.0
0,63,-0.027079213859255092,-0.027079213859255092,0.0
0,64,-0.018069443215461868,-0.018069443215461868,0.0
0,65,0.010227698599397074,0.010227698599397074,0.0
0,66,0.033677184183315494,0.033677184183315494,0.0
0,67,0.04286768495449263,0.04286768495449263,0.0
0,68,0.043789123191675654,0.043789123191675654,0.0
0,69,0.0475227093939699,0.0475227093939699,0.0
0,70,0.07633597718095296,0.07633597718095296,0.0
0,71,0.08485981231112341,0.08485981231112341,0.0
0,72,0.10559955146175587,0.10559955146175587,0.0
0,73,0.1491031783234174,0.1491031783234174,0.0
0,74,0.16588470880526549,0.16588470880526549,0.0
0,75,0.17019680721461602,0.17019680721461602,0.0
0,76,0.1746400636917702,0.1746400636917702,0.0
0,77,0.17515031727903577,0.17515031727903577,0.0
0,78,0.17747758163027996,0.17747758163027996,0.0
0,79,0.18702400851401962,0.18702400851401962,0.0
0,80,0.19680283399913812,0.19680283399913812,0.0
0,81,0.19979257231981828,0.19979257231981828,0.0
0,82,0.2233412297031766,0.2233412297031766,0.0
0,83,0.24304854284788516,0.24304854284788516,0.0
0,84,0.26997113408350354,0.26997113408350354,0.0
0,85,0.274107852172307,0.274107852172307,0.0
0,86,0.27957535468239814,0.27957535468239814,0.0
0,87,0.28611875251100044,0.28611875251100044,0.0
0,88,0.2875182181973761,0.2875182181973761,0.0
0,89,0.3077194162912424,0.3077194162912424,0.0
0,90,0.3114690573172892,0.3114690573172892,0.0
0,91,0.34630074385115184,0.34630074385115184,0.0
0,92,0.3498143865302435,0.3498143865302435,0.0
0,93,0.3655227858293364,0.3655227858293364,0.0
0,94,0.36939295977357056,0.36939295977357056,0.0
0,95,0.38624138479205095,0.38624138479205095,0.0
0,96,0.40037235761031875,0.40037235761031875,0.0
0,97,0.40792195192544906,0.40792195192544906,0.0
0,98,0.4080822402612917,0.4080822402612917,0.0
0,99,0.42718265464966426,0.42718265464966426,0.0
0,100,0.458610243838057,0.458610243838057,0.0
0,101,0.45974229224441,0.45974229224441,0.0
0,102,0.4625636987933588,0.4625636987933588,0.0
0,103,0.4704856403770881,0.4704856403770881,0.0
0,104,0.4791388269226106,0.4791388269226106,0.0
0,105,0.49722795542803927,0.49722795542803927,0.0
0,106,0.5043956626715611,0.5043956626715611,0.0
0,107,0.5160865140806313,0.5160865140806313,0.0
0,108,0.521206632009762,0.521206632009762,0.0
0,109,0.5571290878001698,0.5571290878001698,0.0
0,110,0.564521396297482,0.564521396297482,0.0
0,111,0.5685727995099121,0.5685727995099121,0.0
0,112,0.5772426860074645,0.5772426860074645,0.0
0,113,0.5776175683847864,0.5776175683847864,0.0
0,114,0.5961611714209074,0.5961611714209074,0.0
0,115,0.6013531976376131,0.6013531976376131,0.0
0,116,0.6087759802449901,0.6087759802449901,0.0
0,117,0.6122323494581924,0.6122323494581924,0.0
0,118,0.6225809154292574,0.6225809154292574,0.0
0,119,0.653843114595889,0.653843114595889,0.0
0,120,0.6629733931669728,0.6629733931669728,0.0
0,121,0.7092504824326031,0.7092504824326031,0.0
0,122,0.7252252793945669,0.7252252793945669,0.0
0,123,0.7411261091497329,0.7411261091497329,0.0
0,124,0.7479784983666056,0.7479784983666056,0.0
0,125,0.7498357300914169,0.7498357300914169,0.0
0,126,0.7902301645855382,0.7902301645855382,0.0
0,127,0.7971214348057473,0.7971214348057473,0.0
1,0,-0.7710486992305244,-0.7710486992305244,0.0
1,1,-0.7676122311441742,-0.7676122311441742,0.0
1,2,-0.7556505831411461,-0.7556505831411461,0.0
1,3,-0.7470479928244136,-0.7470479928244136,0.0
1,4,-0.7306744872855626,-0.7306744872855626,0.0
1,5,-0.7218131812374646,-0.7218131812374646,0.0
1,6,-0.6988118676148416,-0.6988118676148416,0.0
1,7,-0.6564889927309832,-0.6564889927309832,0.0
1,8,-0.6064620082241364,-0.6064620082241364,0.0
1,9,-0.5975921750370958,-0.5975921750370958,0.0
1,10,-0.5955686229716156,-0.5955686229716156,0.0
1,11,-0.5859828831468711,-0.5859828831468711,0.0
1,12,-0.564025980780577,-0.564025980780577,0.0
1,13,-0.5628957539908589,-0.5628957539908589,0.0
1,14,-0.5623672114476337,-0.5623672114476337,0.0
1,15,-0.4922218421123729,-0.4922218421123729,0.0
1,16,-0.48811633365279106,-0.48811633365279106,0.0
1,17,-0.4742876327183808,-0.4742876327183808,0.0
1,18,-0.47396007614070385,-0.47396007614070385,0.0
1,19,-0.4685648378339751,-0.4685648378339751,0.0
1,20,-0.4620653375657794,-0.4620653375657794,0.0
1,21,-0.4579514371215588,-0.4579514371215588,0.0
1,22,-0.44254638934494167,-0.44254638934494167,0.0
1,23,-0.4355131634896921,-0.4355131634896921,0.0
1,24,-0.42896863286917597,-0.42896863286917597,0.0
1,25,-0.4160647678476386,-0.4160647678476386,0.0
1,26,-0.41250293994448967,-0.41250293994448967,0.0
1,27,-0.40582584344263534,-0.40582584344263534,0.0
1,28,-0.4055832784812454,-0.4055832784812454,0.0
1,29,-0.39657115915377317,-0.39657115915377317,0.0
1,30,-0.37423826098501967,-0.37423826098501967,0.0
1,31,-0.3707572855102534,-0.3707572855102534,0.0
1,32,-0.3648414319507891,-0.3648414319507891,0.0
1,33,-0.33984447689582853,-0.33984447689582853,0.0
1,34,-0.3365964719076665,-0.3365964719076665,0.0
1,35,-0.33361937922362106,-0.33361937922362106,0.0
1,36,-0.30694902287719333,-0.30694902287719333,0.0
1,37,-0.30647669237560127,-0.30647669237560127,0.0
1,38,-0.293151628915331,-0.293151628915331,0.0
1,39,-0.27815009657646306,-0.27815009657646306,0.0
1,40,-0.26642700157161364,-0.26642700157161364,0.0
1,41,-0.2606836947629127,-0.2606836947629127,0.0
1,42,-0.2576903149449327,-0.2576903149449327,0.0
1,43,-0.24805137649647657,-0.24805137649647657,0.0
1,44,-0.23814265821317823,-0.23814265821317823,0.0
1,45,-0.23597233295233233,-0.23597233295233233,0.0
1,46,-0.2313573954952311,-0.2313573954952311,0.0
1,47,-0.22061037847342818,-0.22061037847342818,0.0
1,48,-0.22017738857130098,-0.22017738857130098,0.0
1,49,-0.21493977879033485,-0.21493977879033485,0.0
1,50,-0.20320067620711824,-0.20320067620711824,0.0
1,51,-0.17851194317899388,-0.17851194317899388,0.0
1,52,-0.1747442422857587,-0.1747442422857587,0.0
1,53,-0.17160474391850952,-0.17160474391850952,0.0
1,54,-0.16915501177374548,-0.16915501177374548,0.0
1,55,-0.12962304290030477,-0.12962304290030477,0.0
1,56,-0.12776343292224884,-0.12776343292224884,0.0
1,57,-0.12205982286367495,-0.12205982286367495,0.0
1,58,-0.11908181613326879,-0.11908181613326879,0.0
1,59,-0.09288561671126594,-0.09288561671126594,0.0
1,60,-0.08921695478271677,-0.08921695478271677,0.0
1,61,-0.04124843852731868,-0.04124843852731868,0.0
1,62,-0.0412317593305291,-0.0412317593305291,0.0
1,63,-0.029605099060752062,-0.029605099060752062,0.0
1,64,-0.028875839304379092,-0.028875839304379092,0.0
1,65,0.001572762908483405,0.001572762908483405,0.0
1,66,0.010586987181547693,0.010586987181547693,0.0
1,67,0.014375382953865846,0.014375382953865846,0.0
1,68,0.03312655803176181,0.03312655803176181,0.0
1,69,0.03534198031567968,0.03534198031567968,0.0
1,70,0.04525973766536673,0.04525973766536673,0.0
1,71,0.06442908919983524,0.06442908919983524,0.0
1,72,0.08057129743311453,0.08057129743311453,0.0
1,73,0.1305332885126944,0.1305332885126944,0.0
1,74,0.16713769413794638,0.16713769413794638,0.0
1,75,0.17937108290032136,0.17937108290032136,0.0
1,76,0.2042287852743394,0.2042287852743394,0.0
1,77,0.20476338669037306,0.20476338669037306,0.0
1,78,0.2102429597498343,0.2102429597498343,0.0
1,79,0.22618488845584112,0.22618488845584112,0.0
1,80,0.23483983641823925,0.23483983641823925,0.0
1,81,0.23702379651762406,0.23702379651762406,0.0
1,82,0.25887180021599737,0.25887180021599737,0.0
1,83,0.2765542580594659,0.2765542580594659,0.0
1,84,0.27712655856092855,0.27712655856092855,0.0
1,85,0.2780146042692126,0.2780146042692126,0.0
1,86,0.2862241036361368,0.2862241036361368,0.0
1,87,0.2983381241006406,0.2983381241006406,0.0
1,88,0.3353536494715478,0.3353536494715478,0.0
1,89,0.3494220107821182,0.3494220107821182,0.0
1,90,0.3897972509578471,0.3897972509578471,0.0
1,91,0.3923696053915764,0.3923696053915764,0.0
1,92,0.39369213777947376,0.39369213777947376,0.0
1,93,0.39781396476746417,0.39781396476746417,0.0
1,94,0.39980404746734416,0.39980404746734416,0.0
1,95,0.40361670785726234,0.40361670785726234,0.0
1,96,0.42849961674973597,0.42849961674973597,0.0
1,97,0.4342121846689283,0.4342121846689283,0.0
1,98,0.43829968913225986,0.43829968913225986,0.0
1,99,0.44202921801297795,0.44202921801297795,0.0
1,100,0.45650511233322605,0.45650511233322605,0.0
1,101,0.4646060135755429,0.4646060135755429,0.0
1,102,0.49000413698234,0.49000413698234,0.0
1,103,0.5134037501087757,0.5134037501087757,0.0
1,104,0.5171995556040317,0.5171995556040317,0.0
1,105,0.5199273066060801,0.5199273066060801,0.0
1,106,0.5309350863835552,0.5309350863835552,0.0
1,107,0.534357025857517,0.534357025857517,0.0
1,108,0.541072977175932,0.541072977175932,0.0
1,109,0.5654418025412513,0.5654418025412513,0.0
1,110,0.5783407266083945,0.5783407266083945,0.0
1,111,0.5796731180998368,0.5796731180998368,0.0
1,112,0.5892824028131687,0.5892824028131687,0.0
1,113,0.6124251967135527,0.6124251967135527,0.0
1,114,0.6171274682033066,0.6171274682033066,0.0
1,115,0.6171972911839738,0.6171972911839738,0.0
1,116,0.63710335260336,0.63710335260336,0.0
1,117,0.6560165898413083,0.6560165898413083,0.0
1,118,0.6900139508572434,0.6900139508572434,0.0
1,119,0.7166050840263337,0.7166050840263337,0.0
1,120,0.7308582122560442,0.7308582122560442,0.0
1,121,0.7539183408790056,0.7539183408790056,0.0
1,122,0.7613917124367271,0.7613917124367271,0.0
1,123,0.7624186265603626,0.7624186265603626,0.0
1,124,0.7683082300670586,0.7683082300670586,0.0
1,125,0.7734645818280212,0.7734645818280212,0.0
1,126,0.7768545829338134,0.7768545829338134,0.0
1,127,0.7891838834138872,0.7891838834138872,0.0
2,0,-0.7786108682737043,-0.7786108682737043,0.0
2,1,-0.7620367600305205,-0.7620367600305205,0.0
2,2,-0.7570131750902992,-0.7570131750902992,0.0
2,3,-0.7560030649398126,-0.7560030649398126,0.0
2,4,-0.753961488820062,-0.753961488820062,0.0
2,5,-0.7517438922265223,-0.7517438922265223,0.0
2,6,-0.746228334405314,-0.746228334405314,0.0
2,7,-0.7406050322387046,-0.7406050322387046,0.0
2,8,-0.7353683413273461,-0.7353683413273461,0.0
2,9,-0.72141124032888,-0.72141124032888,0.0
2,10,-0.7007822012844301,-0.7007822012844301,0.0
2,11,-0.6986833829121823,-0.6986833829121823,0.0
2,12,-0.6822348159431313,-0.6822348159431313,0.0
2,13,-0.6603847409374057,-0.6603847409374057,0.0
2,14,-0.6598173752725556,-0.6598173752725556,0.0
2,15,-0.6491865607448871,-0.6491865607448871,0.0
2,16,-0.6366931820907672,-0.6366931820907672,0.0
2,17,-0.6246550633515157,-0.6246550633515157,0.0
2,18,-0.6128128903628783,-0.6128128903628783,0.0
2,19,-0.5902377719014213,-0.5902377719014213,0.0
2,20,-0.5872041662354253,-0.5872041662354253,0.0
2,21,-0.5557732377148741,-0.5557732377148741,0.0
2,22,-0.5552655134876909,-0.5552655134876909,0.0
2,23,-0.5442462751635425,-0.5442462751635425,0.0
2,24,-0.5426336643670354,-0.5426336643670354,0.0
2,25,-0.5368771682584083,-0.5368771682584083,0.0
2,26,-0.5349858059465143,-0.5349858059465143,0.0
2,27,-0.534878318371724,-0.534878318371724,0.0
2,28,-0.5208749367204671,-0.5208749367204671,0.0
2,29,-0.5208685639318154,-0.5208685639318154,0.0
2,30,-0.4828627429969983,-0.4828627429969983,0.0
2,31,-0.4803773420742225,-0.4803773420742225,0.0
2,32,-0.47776093875725717,-0.47776093875725717,0.0
2,33,-0.46213815958632926,-0.46213815958632926,0.0
2,34,-0.4373112952464078,-0.4373112952464078,0.0
2,35,-0.4317556839321608,-0.4317556839321608,0.0
2,36,-0.3882454983550709,-0.3882454983550709,0.0
2,37,-0.3846500435098122,-0.3846500435098122,0.0
2,38,-0.33301811695908334,-0.33301811695908334,0.0
2,39,-0.3297579535847865,-0.3297579535847865,0.0
2,40,-0.3229509295771269,-0.3229509295771269,0.0
2,41,-0.30690989815830627,-0.30690989815830627,0.0
2,42,-0.3048924149043785,-0.3048924149043785,0.0
2,43,-0.30436424672315177,-0.30436424672315177,0.0
2,44,-0.2832287999542537,-0.2832287999542537,0.0
2,45,-0.2504549234926454,-0.2504549234926454,0.0
2,46,-0.22864189465729476,-0.22864189465729476,0.0
2,47,-0.22757082370296758,-0.22757082370296758,0.0
2,48,-0.21579723847094706,-0.21579723847094706,0.0
2,49,-0.18835547568442249,-0.18835547568442249,0.0
2,50,-0.17705335516583603,-0.17705335516583603,0.0
2,51,-0.17456912933921773,-0.17456912933921773,0.0
2,52,-0.17314488598038072,-0.17314488598038072,0.0
2,53,-0.16737592978414162,-0.16737592978414162,0.0
2,54,-0.15074886582454017,-0.15074886582454017,0.0
2,55,-0.1211848459604271,-0.1211848459604271,0.0
2,56,-0.11269382116763574,-0.11269382116763574,0.0
2,57,-0.06504813166393575,-0.06504813166393575,0.0
2,58,-0.05831489187448646,-0.05831489187448646,0.0
2,59,-0.054066312043567426,-0.054066312043567426,0.0
2,60,-0.05061351238302301,-0.05061351238302301,0.0
2,61,-0.03888261075349125,-0.03888261075349125,0.0
2,62,-0.034621757502146445,-0.034621757502146445,0.0
2,63,-0.029513030072959447,-0.029513030072959447,0.0
2,64,-0.022937184172407935,-0.022937184172407935,0.0
2,65,-0.02271897782098389,-0.02271897782098389,0.0
2,66,-0.021465168130683134,-0.021465168130683134,0.0
2,67,-0.013448949089936414,-0.013448949089936414,0.0
2,68,0.012524973525627382,0.012524973525627382,0.0
2,69,0.013965362121106573,0.013965362121106573,0.0
2,70,0.028607068541252546,0.028607068541252546,0.0
2,71,0.04441765928756887,0.04441765928756887,0.0
2,72,0.06028993894036603,0.06028993894036603,0.0
2,73,0.08534137227249056,0.08534137227249056,0.0
2,74,0.08571405081400947,0.08571405081400947,0.0
2,75,0.11984834379038851,0.11984834379038851,0.0
2,76,0.12553216360277872,0.12553216360277872,0.0
2,77,0.1282161162779085,0.1282161162779085,0.0
2,78,0.14933107305557344,0.14933107305557344,0.0
2,79,0.15315465676501427,0.15315465676501427,0.0
2,80,0.1541033688663367,0.1541033688663367,0.0
2,81,0.21313595836323743,0.21313595836323743,0.0
2,82,0.2231099767158675,0.2231099767158675,0.0
2,83,0.22583892495450666,0.22583892495450666,0.0
2,84,0.25228193567956264,0.25228193567956264,0.0
2,85,0.26961302435836815,0.26961302435836815,0.0
2,86,0.29685998824312526,0.29685998824312526,0.0
2,87,0.30067601931450927,0.30067601931450927,0.0
2,88,0.30561563680153725,0.30561563680153725,0.0
2,89,0.3121353827851186,0.3121353827851186,0.0
2,90,0.31757429255997194,0.31757429255997194,0.0
2,91,0.3277512323989731,0.3277512323989731,0.0
2,92,0.33835527083577016,0.33835527083577016,0.0
2,93,0.3395986836646877,0.3395986836646877,0.0
2,94,0.3415432685515459,0.3415432685515459,0.0
2,95,0.353823754382489,0.353823754382489,0.0
2,96,0.397909281748521,0.397909281748521,0.0
2,97,0.4008392461373676,0.4008392461373676,0.0
2,98,0.40388170014239133,0.40388170014239133,0.0
2,99,0.4126570819931876,0.4126570819931876,0.0
2,100,0.4474025535513921,0.4474025535513921,0.0
2,101,0.4665572087893308,0.4665572087893308,0.0
2,102,0.4817155324283853,0.4817155324283853,0.0
2,103,0.5277618646173012,0.5277618646173012,0.0
2,104,0.5320035624105725,0.5320035624105725,0.0
2,105,0.5370089167111157,0.5370089167111157,0.0
2,106,0.5399721379052924,0.5399721379052924,0.0
2,107,0.5437805591953451,0.5437805591953451,0.0
2,108,0.5635467390633568,0.5635467390633568,0.0
2,109,0.5679835393117658,0.5679835393117658,0.0
2,110,0.5711251853015179,0.5711251853015179,0.0
2,111,0.5814555493913405,0.5814555493913405,0.0
2,112,0.6062231768981667,0.6062231768981667,0.0
2,113,0.6125959001077999,0.6125959001077999,0.0
2,114,0.6272608199199224,0.6272608199199224,0.0
2,115,0.6331211288636216,0.6331211288636216,0.0
2,116,0.6394461344365242,0.6394461344365242,0.0
2,117,0.6421205994634612,0.6421205994634612,0.0
2,118,0.6447070446116732,0.6447070446116732,0.0
2,119,0.6585661727222798,0.6585661727222798,0.0
2,120,0.6636923589148801,0.6636923589148801,0.0
2,121,0.66832282103988,0.66832282103988,0.0
2,122,0.676168741727747,0.676168741727747,0.0
2,123,0.6994591013441509,0.6994591013441509,0.0
2,124,0.7059243215952183,0.7059243215952183,0.0
2,125,0.720047442138808,0.720047442138808,0.0
2,126,0.7366277053252503,0.7366277053252503,0.0
2,127,0.7789405747280121,0.7789405747280121,0.0
3,0,-0.77543279575254,-0.77543279575254,0.0
3,1,-0.76558312608593,-0.76558312608593,0.0
3,2,-0.755398474848872,-0.755398474848872,0.0
3,3,-0.7546098059416484,-0.7546098059416484,0.0
3,4,-0.7425273729232519,-0.7425273729232519,0.0
3,5,-0.733534649900625,-0.733534649900625,0.0
3,6,-0.7232572300345075,-0.7232572300345075,0.0
3,7,-0.7115743261421082,-0.7115743261421082,0.0
3,8,-0.7062782232099187,-0.7062782232099187,0.0
3,9,-0.7015757309420757,-0.7015757309420757,0.0
3,10,-0.6805435808819302,-0.6805435808819302,0.0
3,11,-0.6793249202753385,-0.6793249202753385,0.0
3,12,-0.6634511165108153,-0.6634511165108153,0.0
3,13,-0.6495596545915406,-0.6495596545915406,0.0
3,14,-0.6474482802146915,-0.6474482802146915,0.0
3,15,-0.6120577402651032,-0.6120577402651032,0.0
3,16,-0.5918061278055771,-0.5918061278055771,0.0
3,17,-0.5879068158914749,-0.5879068158914749,0.0
3,18,-0.5820819057204325,-0.5820819057204325,0.0
3,19,-0.570068925808262,-0.570068925808262,0.0
3,20,-0.5480864556681718,-0.5480864556681718,0.0
3,21,-0.5349608445331565,-0.5349608445331565,0.0
3,22,-0.5337024489565904,-0.5337024489565904,0.0
3,23,-0.5202047882849119,-0.5202047882849119,0.0
3,24,-0.5071241000024994,-0.5071241000024994,0.0
3,25,-0.495808458031989,-0.495808458031989,0.0
3,26,-0.48934418475342856,-0.48934418475342856,0.0
3,27,-0.4722647200565174,-0.4722647200565174,0.0
3,28,-0.4426532540619988,-0.4426532540619988,0.0
3,29,-0.4284307430496531,-0.4284307430496531,0.0
3,30,-0.41719877146825973,-0.41719877146825973,0.0
3,31,-0.40759483126956886,-0.40759483126956886,0.0
3,32,-0.388928976985909,-0.388928976985909,0.0
3,33,-0.3817617163890473,-0.3817617163890473,0.0
3,34,-0.3806747088031056,-0.3806747088031056,0.0
3,35,-0.3749066150280571,-0.3749066150280571,0.0
3,36,-0.3739444756465609,-0.3739444756465609,0.0
3,37,-0.35433003749540365,-0.35433003749540365,0.0
3,38,-0.3092351775774937,-0.3092351775774937,0.0
3,39,-0.2911030633856914,-0.2911030633856914,0.0
3,40,-0.2713297539797303,-0.2713297539797303,0.0
3,41,-0.2659078548858082,-0.2659078548858082,0.0
3,42,-0.26124731406512486,-0.26124731406512486,0.0
3,43,-0.24531934676868286,-0.24531934676868286,0.0
3,44,-0.23852099668151078,-0.23852099668151078,0.0
3,45,-0.23438837220233355,-0.23438837220233355,0.0
3,46,-0.22381336612517996,-0.22381336612517996,0.0
3,47,-0.22179300805393806,-0.22179300805393806,0.0
3,48,-0.21648447467428458,-0.21648447467428458,0.0
3,49,-0.1938471021958657,-0.1938471021958657,0.0
3,50,-0.14837435403272714,-0.14837435403272714,0.0
3,51,-0.13465796982147946,-0.13465796982147946,0.0
3,52,-0.13449781432151192,-0.13449781432151192,0.0
3,53,-0.10573705043732905,-0.10573705043732905,0.0
3,54,-0.1046957924551073,-0.1046957924551073,0.0
3,55,-0.07908826718998263,-0.07908826718998263,0.0
3,56,-0.07700773135171293,-0.07700773135171293,0.0
3,57,-0.06248279839771929,-0.06248279839771929,0.0
3,58,-0.0533904905729603,-0.0533904905729603,0.0
3,59,-0.04942753241967033,-0.04942753241967033,0.0
3,60,-0.03981421912565253,-0.03981421912565253,0.0
3,61,-0.0277571588016464,-0.0277571588016464,0.0
3,62,-0.024688948955189183,-0.024688948955189183,0.0
3,63,-0.013170203539050008,-0.013170203539050008,0.0
3,64,-0.008598317636690745,-0.008598317636690745,0.0
3,65,-0.0013251640065744753,-0.0013251640065744753,0.0
3,66,0.09647073640200486,0.09647073640200486,0.0
3,67,0.09843410848336004,0.09843410848336004,0.0
3,68,0.10117735377577547,0.10117735377577547,0.0
3,69,0.11888510326481949,0.11888510326481949,0.0
3,70,0.13221641114895225,0.13221641114895225,0.0
3,71,0.13818672672125487,0.13818672672125487,0.0
3,72,0.15400568342370616,0.15400568342370616,0.0
3,73,0.1601736111964357,0.1601736111964357,0.0
3,74,0.1630747684329606,0.1630747684329606,0.0
3,75,0.16879415132554598,0.16879415132554598,0.0
3,76,0.17111341270407562,0.17111341270407562,0.0
3,77,0.17426118861076179,0.17426118861076179,0.0
3,78,0.17580715951996934,0.17580715951996934,0.0
3,79,0.1884880254716176,0.1884880254716176,0.0
3,80,0.2046943160514129,0.2046943160514129,0.0
3,81,0.21351211997107278,0.21351211997107278,0.0
3,82,0.22500809187593518,0.22500809187593518,0.0
3,83,0.24330266009643378,0.24330266009643378,0.0
3,84,0.26026597244634714,0.26026597244634714,0.0
3,85,0.26840450593371123,0.26840450593371123,0.0
3,86,0.3170378471319584,0.3170378471319584,0.0
3,87,0.32953058186641454,0.32953058186641454,0.0
3,88,0.33550262075428317,0.33550262075428317,0.0
3,89,0.3363957303385419,0.3363957303385419,0.0
3,90,0.35865265112049444,0.35865265112049444,0.0
3,91,0.3629994914119985,0.3629994914119985,0.0
3,92,0.3697711734946362,0.3697711734946362,0.0
3,93,0.37538824567103807,0.37538824567103807,0.0
3,94,0.38070404129942387,0.38070404129942387,0.0
3,95,0.3822764470420433,0.3822764470420433,0.0
3,96,0.38249913250073003,0.38249913250073003,0.0
3,97,0.4060574841855868,0.4060574841855868,0.0
3,98,0.41749450892400514,0.41749450892400514,0.0
3,99,0.4201104331054925,0.4201104331054925,0.0
3,100,0.427301728454815,0.427301728454815,0.0
3,101,0.43047701167415564,0.43047701167415564,0.0
3,102,0.46053289311576046,0.46053289311576046,0.0
3,103,0.5274568366486267,0.5274568366486267,0.0
3,104,0.5500023308689714,0.5500023308689714,0.0
3,105,0.564282800422073,0.564282800422073,0.0
3,106,0.5749863741279295,0.5749863741279295,0.0
3,107,0.5809056162993457,0.5809056162993457,0.0
3,108,0.5881313113074919,0.5881313113074919,0.0
3,109,0.589060461255458,0.589060461255458,0.0
3,110,0.608093433665438,0.608093433665438,0.0
3,111,0.6148173234859966,0.6148173234859966,0.0
3,112,0.6251317062566687,0.6251317062566687,0.0
3,113,0.6365602198898096,0.6365602198898096,0.0
3,114,0.6368966861413656,0.6368966861413656,0.0
3,115,0.6398292064786653,0.6398292064786653,0.0
3,116,0.6455621643177083,0.6455621643177083,0.0
3,117,0.65016420183845,0.65016420183845,0.0
3,118,0.6594445317296176,0.6594445317296176,0.0
3,119,0.6918828042896836,0.6918828042896836,0.0
3,120,0.7120474867186039,0.7120474867186039,0.0
3,121,0.7311461564135109,0.7311461564135109,0.0
3,122,0.7549470784572802,0.7549470784572802,0.0
3,123,0.7555409482204368,0.7555409482204368,0.0
3,124,0.7578768702832943,0.7578768702832943,0.0
3,125,0.7740886898135404,0.7740886898135404,0.0
3,126,0.7806237607177371,0.7806237607177371,0.0
3,127,0.7832092053135828,0.7832092053135828,0.0
4,0,-0.7971708674162858,-0.7971708674162858,0.0
4,1,-0.7933328026263938,-0.7933328026263938,0.0
4,2,-0.7834845816769666,-0.7834845816769666,0.0
4,3,-0.7724270871155939,-0.7724270871155939,0.0
4,4,-0.7655546719957848,-0.7655546719957848,0.0
4,5,-0.7569587009825128,-0.7569587009825128,0.0
4,6,-0.7366999812588303,-0.7366999812588303,0.0
4,7,-0.7364610599416213,-0.7364610599416213,0.0
4,8,-0.7286072712712763,-0.7286072712712763,0.0
4,9,-0.7031507476714967,-0.7031507476714967,0.0
4,10,-0.7008316492366741,-0.7008316492366741,0.0
4,11,-0.6837898242674311,-0.6837898242674311,0.0
4,12,-0.6766738688616187,-0.6766738688616187,0.0
4,13,-0.6660035799024879,-0.6660035799024879,0.0
4,14,-0.620499214844826,-0.620499214844826,0.0
4,15,-0.5954648338824695,-0.5954648338824695,0.0
4,16,-0.5949235583116724,-0.5949235583116724,0.0
4,17,-0.5786066673546572,-0.5786066673546572,0.0
4,18,-0.5756938247026637,-0.5756938247026637,0.0
4,19,-0.5458364668188684,-0.5458364668188684,0.0
4,20,-0.544012524864319,-0.544012524864319,0.0
4,21,-0.5066631372851846,-0.5066631372851846,0.0
4,22,-0.4978649647096788,-0.4978649647096788,0.0
4,23,-0.48929647172133284,-0.48929647172133284,0.0
4,24,-0.48113938771537623,-0.48113938771537623,0.0
4,25,-0.4545040864407199,-0.4545040864407199,0.0
4,26,-0.4450398807716818,-0.4450398807716818,0.0
4,27,-0.4379077752706774,-0.4379077752706774,0.0
4,28,-0.4159778028739354,-0.4159778028739354,0.0
4,29,-0.39731598981417715,-0.39731598981417715,0.0
4,30,-0.38491457651492916,-0.38491457651492916,0.0
4,31,-0.36973981388401267,-0.36973981388401267,0.0
4,32,-0.35707524583842043,-0.35707524583842043,0.0
4,33,-0.3497391665098489,-0.3497391665098489,0.0
4,34,-0.3399038603966311,-0.3399038603966311,0.0
4,35,-0.3379417749293365,-0.3379417749293365,0.0
4,36,-0.32579633153443677,-0.32579633153443677,0.0
4,37,-0.3234192878280087,-0.3234192878280087,0.0
4,38,-0.3158158144001858,-0.3158158144001858,0.0
4,39,-0.29448107894016434,-0.29448107894016434,0.0
4,40,-0.27176970824710445,-0.27176970824710445,0.0
4,41,-0.2671430373039799,-0.2671430373039799,0.0
4,42,-0.25527498274941607,-0.25527498274941607,0.0
4,43,-0.25022065296630774,-0.25022065296630774,0.0
4,44,-0.24936314561920733,-0.24936314561920733,0.0
4,45,-0.2490197466276527,-0.2490197466276527,0.0
4,46,-0.23167109496057653,-0.23167109496057653,0.0
4,47,-0.21479387692495333,-0.21479387692495333,0.0
4,48,-0.21330690698909952,-0.21330690698909952,0.0
4,49,-0.21108650093360756,-0.21108650093360756,0.0
4,50,-0.18579307369399078,-0.18579307369399078,0.0
4,51,-0.17093619763040613,-0.17093619763040613,0.0
4,52,-0.16230641670235038,-0.16230641670235038,0.0
4,53,-0.15601675148491376,-0.15601675148491376,0.0
4,54,-0.14720004984078408,-0.14720004984078408,0.0
4,55,-0.13878737748275327,-0.13878737748275327,0.0
4,56,-0.13100466902642902,-0.13100466902642902,0.0
4,57,-0.1308542887214804,-0.1308542887214804,0.0
4,58,-0.12262374257735598,-0.12262374257735598,0.0
4,59,-0.08662624591906738,-0.08662624591906738,0.0
4,60,-0.08430925004894069,-0.08430925004894069,0.0
4,61,-0.0835347063051767,-0.0835347063051767,0.0
4,62,-0.05060117705595957,-0.05060117705595957,0.0
4,63,-0.042446548792105965,-0.042446548792105965,0.0
4,64,-0.03533789832765848,-0.03533789832765848,0.0
4,65,-0.028357863163731345,-0.028357863163731345,0.0
4,66,-0.022926004327239013,-0.022926004327239013,0.0
4,67,-0.007086510507249955,-0.007086510507249955,0.0
4,68,-0.00368988822765548,-0.00368988822765548,0.0
4,69,0.006671931470127391,0.006671931470127391,0.0
4,70,0.020928244445415703,0.020928244445415703,0.0
4,71,0.0717401227252978,0.0717401227252978,0.0
4,72,0.08341689651620961,0.08341689651620961,0.0
4,73,0.09720223123433254,0.09720223123433254,0.0
4,74,0.14400753965374377,0.14400753965374377,0.0
4,75,0.1699395370653056,0.1699395370653056,0.0
4,76,0.1949096718346507,0.1949096718346507,0.0
4,77,0.22560138022960283,0.22560138022960283,0.0
4,78,0.25671302249742656,0.25671302249742656,0.0
4,79,0.264884679152013,0.264884679152013,0.0
4,80,0.27206806666156885,0.27206806666156885,0.0
4,81,0.2836155456010516,0.2836155456010516,0.0
4,82,0.2922451403677956,0.2922451403677956,0.0
4,83,0.29255100470699436,0.29255100470699436,0.0
4,84,0.30306429534555374,0.30306429534555374,0.0
4,85,0.31480962881220675,0.31480962881220675,0.0
4,86,0.31960279884865683,0.31960279884865683,0.0
4,87,0.3241237866503024,0.3241237866503024,0.0
4,88,0.32503466332455544,0.32503466332455544,0.0
4,89,0.3311241848409656,0.3311241848409656,0.0
4,90,0.3353739329830303,0.3353739329830303,0.0
4,91,0.3409949232033448,0.3409949232033448,0.0
4,92,0.3506548471050144,0.3506548471050144,0.0
4,93,0.3594341899577955,0.3594341899577955,0.0
4,94,0.3682245281441645,0.3682245281441645,0.0
4,95,0.37519336139588405,0.37519336139588405,0.0
4,96,0.3801892326073592,0.3801892326073592,0.0
4,97,0.38657659105458964,0.38657659105458964,0.0
4,98,0.3938118705677878,0.3938118705677878,0.0
4,99,0.4097328014787925,0.4097328014787925,0.0
4,100,0.409860178381323,0.409860178381323,0.0
4,101,0.4131072259368315,0.4131072259368315,0.0
4,102,0.4191680321069624,0.4191680321069624,0.0
4,103,0.4554198866914728,0.4554198866914728,0.0
4,104,0.4559900616551904,0.4559900616551904,0.0
4,105,0.48468581665853727,0.48468581665853727,0.0
4,106,0.4986242104603548,0.4986242104603548,0.0
4,107,0.499062524230923,0.499062524230923,0.0
4,108,0.501666021411214,0.501666021411214,0.0
4,109,0.5294192312300547,0.5294192312300547,0.0
4,110,0.5335181111350217,0.5335181111350217,0.0
4,111,0.5492215538106582,0.5492215538106582,0.0
4,112,0.5659431337855029,0.5659431337855029,0.0
4,113,0.5753689267196566,0.5753689267196566,0.0
4,114,0.579014165105617,0.579014165105617,0.0
4,115,0.5932461026590259,0.5932461026590259,0.0
4,116,0.602942960234069,0.602942960234069,0.0
4,117,0.6372109655215055,0.6372109655215055,0.0
4,118,0.6373049445540936,0.6373049445540936,0.0
4,119,0.6408838848185301,0.6408838848185301,0.0
4,120,0.6520241558801065,0.6520241558801065,0.0
4,121,0.6566848543427233,0.6566848543427233,0.0
4,122,0.6663220125783488,0.6663220125783488,0.0
4,123,0.6869581638281528,0.6869581638281528,0.0
4,124,0.6960171140724178,0.6960171140724178,0.0
4,125,0.7123348530295065,0.7123348530295065,0.0
4,126,0.7173171779839946,0.7173171779839946,0.0
4,127,0.7975928387252686,0.7975928387252686,0.0
5,0,-0.7756308387743721,-0.7756308387743721,0.0
5,1,-0.768911938295787,-0.768911938295787,0.0
5,2,-0.763392032216006,-0.763392032216006,0.0
5,3,-0.7404818702342544,-0.7404818702342544,0.0
5,4,-0.7312189118086057,-0.7312189118086057,0.0
5,5,-0.7123038688712056,-0.7123038688712056,0.0
5,6,-0.7079647185727738,-0.7079647185727738,0.0
5,7,-0.6428803287007776,-0.6428803287007776,0.0
5,8,-0.6371702043841057,-0.6371702043841057,0.0
5,9,-0.6293527773699643,-0.6293527773699643,0.0
5,10,-0.6285941662165553,-0.6285941662165553,0.0
5,11,-0.6274238682522869,-0.6274238682522869,0.0
5,12,-0.626403508489683,-0.626403508489683,0.0
5,13,-0.609706321611557,-0.609706321611557,0.0
5,14,-0.5993131740306756,-0.5993131740306756,0.0
5,15,-0.5975565245898212,-0.5975565245898212,0.0
5,16,-0.5948655554037432,-0.5948655554037432,0.0
5,17,-0.5798862196775243,-0.5798862196775243,0.0
5,18,-0.5736243467652349,-0.5736243467652349,0.0
5,19,-0.5671594340016046,-0.5671594340016046,0.0
5,20,-0.5071946183412726,-0.5071946183412726,0.0
5,21,-0.5018950357729616,-0.5018950357729616,0.0
5,22,-0.47184349940234327,-0.47184349940234327,0.0
5,23,-0.4633879644946724,-0.4633879644946724,0.0
5,24,-0.4603454219695275,-0.4603454219695275,0.0
5,25,-0.44594557472229684,-0.44594557472229684,0.0
5,26,-0.4402665143879878,-0.4402665143879878,0.0
5,27,-0.4300763720130256,-0.4300763720130256,0.0
5,28,-0.4134537097814276,-0.4134537097814276,0.0
5,29,-0.41038901550532203,-0.41038901550532203,0.0
5,30,-0.38213460820868533,-0.38213460820868533,0.0
5,31,-0.3806944224437494,-0.3806944224437494,0.0
5,32,-0.37594892522840073,-0.37594892522840073,0.0
5,33,-0.34690551735602376,-0.34690551735602376,0.0
5,34,-0.33136426727625995,-0.33136426727625995,0.0
5,35,-0.30915823275444654,-0.30915823275444654,0.0
5,36,-0.28859678245484927,-0.28859678245484927,0.0
5,37,-0.2818682695312257,-0.2818682695312257,0.0
5,38,-0.21047843303057923,-0.21047843303057923,0.0
5,39,-0.20711956335597376,-0.20711956335597376,0.0
5,40,-0.1739712744841514,-0.1739712744841514,0.0
5,41,-0.15630681597693635,-0.15630681597693635,0.0
5,42,-0.15211037026825594,-0.15211037026825594,0.0
5,43,-0.1240746115244864,-0.1240746115244864,0.0
5,44,-0.12328166863247923,-0.12328166863247923,0.0
5,45,-0.11159087326884319,-0.11159087326884319,0.0
5,46,-0.10336215222633208,-0.10336215222633208,0.0
5,47,-0.09539183684782451,-0.09539183684782451,0.0
5,48,-0.09264838848515122,-0.09264838848515122,0.0
5,49,-0.09018600451118211,-0.09018600451118211,0.0
5,50,-0.07299728983513668,-0.07299728983513668,0.0
5,51,-0.07006410160867294,-0.07006410160867294,0.0
5,52,-0.04819317640516037,-0.04819317640516037,0.0
5,53,-0.034482875780187786,-0.034482875780187786,0.0
5,54,-0.023110070471456013,-0.023110070471456013,0.0
5,55,-0.01888709868919083,-0.01888709868919083,0.0
5,56,-0.0019014746394164562,-0.0019014746394164562,0.0
5,57,0.0012416740187864762,0.0012416740187864762,0.0
5,58,0.013443192689788754,0.013443192689788754,0.0
5,59,0.016088525865252556,0.016088525865252556,0.0
5,60,0.020709297692399,0.020709297692399,0.0
5,61,0.07385040579308821,0.07385040579308821,0.0
5,62,0.09228845695681934,0.09228845695681934,0.0
5,63,0.10710677745044102,0.10710677745044102,0.0
5,64,0.11142979703504033,0.11142979703504033,0.0
5,65,0.11239177650967457,0.11239177650967457,0.0
5,66,0.1329036543311821,0.1329036543311821,0.0
5,67,0.14412076370771204,0.14412076370771204,0.0
5,68,0.16539186806091363,0.16539186806091363,0.0
5,69,0.19516933599428388,0.19516933599428388,0.0
5,70,0.19995399877880563,0.19995399877880563,0.0
5,71,0.20609554082099546,0.20609554082099546,0.0
5,72,0.20802461345332973,0.20802461345332973,0.0
5,73,0.2080565296157932,0.2080565296157932,0.0
5,74,0.24498451398852872,0.24498451398852872,0.0
5,75,0.2573214220753986,0.2573214220753986,0.0
5,76,0.2591212648792219,0.2591212648792219,0.0
5,77,0.2629218930983095,0.2629218930983095,0.0
5,78,0.2672797837492141,0.2672797837492141,0.0
5,79,0.2789089616889049,0.2789089616889049,0.0
5,80,0.2806823362188148,0.2806823362188148,0.0
5,81,0.296232500831567,0.296232500831567,0.0
5,82,0.29792597800930204,0.29792597800930204,0.0
5,83,0.3055956883630131,0.3055956883630131,0.0
5,84,0.3574461941350633,0.3574461941350633,0.0
5,85,0.3653779218102862,0.3653779218102862,0.0
5,86,0.36595467196986875,0.36595467196986875,0.0
5,87,0.3834299665913795,0.3834299665913795,0.0
5,88,0.38861074578881394,0.38861074578881394,0.0
5,89,0.3903313418713575,0.3903313418713575,0.0
5,90,0.4120868696723067,0.4120868696723067,0.0
5,91,0.43600454960272245,0.43600454960272245,0.0
5,92,0.4486490766215514,0.4486490766215514,0.0
5,93,0.4521847203357613,0.4521847203357613,0.0
5,94,0.45809220221938785,0.45809220221938785,0.0
5,95,0.5012350522765466,0.5012350522765466,0.0
5,96,0.5282906710709394,0.5282906710709394,0.0
5,97,0.53867205158659,0.53867205158659,0.0
5,98,0.5688548354316038,0.5688548354316038,0.0
5,99,0.5741679794860453,0.5741679794860453,0.0
5,100,0.5759402947194883,0.5759402947194883,0.0
5,101,0.580369548954744,0.580369548954744,0.0
5,102,0.5804301437234062,0.5804301437234062,0.0
5,103,0.5924839351347247,0.5924839351347247,0.0
5,104,0.5929621397635325,0.5929621397635325,0.0
5,105,0.6022187405708448,0.6022187405708448,0.0
5,106,0.6059817903037001,0.6059817903037001,0.0
5,107,0.6106818231595161,0.6106818231595161,0.0
5,108,0.6136934009656957,0.6136934009656957,0.0
5,109,0.6158515441438853,0.6158515441438853,0.0
5,110,0.6181160683962121,0.6181160683962121,0.0
5,111,0.6191857108253118,0.6191857108253118,0.0
5,112,0.6256887607019936,0.6256887607019936,0.0
5,113,0.6323389726580285,0.6323389726580285,0.0
5,114,0.638720238981372,0.638720238981372,0.0
5,115,0.6694550783860396,0.6694550783860396,0.0
5,116,0.6706197530881948,0.6706197530881948,0.0
5,117,0.6907655303519026,0.6907655303519026,0.0
5,118,0.6928639630554712,0.6928639630554712,0.0
5,119,0.7010442760212676,0.7010442760212676,0.0
5,120,0.707398576664668,0.707398576664668,0.0
5,121,0.7181568169041862,0.7181568169041862,0.0
5,122,0.7274195320833995,0.7274195320833995,0.0
5,123,0.7274282724001888,0.7274282724001888,0.0
5,124,0.7278788776921097,0.7278788776921097,0.0
5,125,0.7644190908682206,0.7644190908682206,0.0
5,126,0.7703800139525012,0.7703800139525012,0.0
5,127,0.7779879327133987,0.7779879327133987,0.0
6,0,-0.7934954808470729,-0.7934954808470729,0.0
6,1,-0.7908316638291031,-0.7908316638291031,0.0
6,2,-0.7883975867886337,-0.7883975867886337,0.0
6,3,-0.7664617935865835,-0.7664617935865835,0.0
6,4,-0.7631719257827382,-0.7631719257827382,0.0
6,5,-0.7450239203042095,-0.7450239203042095,0.0
6,6,-0.7180794137539822,-0.7180794137539822,0.0
6,7,-0.7143149124695993,-0.7143149124695993,0.0
6,8,-0.7050631290333778,-0.7050631290333778,0.0
6,9,-0.7038862174674521,-0.7038862174674521,0.0
6,10,-0.6964429387192909,-0.6964429387192909,0.0
6,11,-0.6937665666480524,-0.6937665666480524,0.0
6,12,-0.6848042950042341,-0.6848042950042341,0.0
6,13,-0.6766371451366752,-0.6766371451366752,0.0
6,14,-0.651914079961795,-0.651914079961795,0.0
6,15,-0.643663560706545,-0.643663560706545,0.0
6,16,-0.642953261157591,-0.642953261157591,0.0
6,17,-0.6427165105206618,-0.6427165105206618,0.0
6,18,-0.6207766029235988,-0.6207766029235988,0.0
6,19,-0.6194125891655666,-0.6194125891655666,0.0
6,20,-0.5911785787501683,-0.5911785787501683,0.0
6,21,-0.5757932503954161,-0.5757932503954161,0.0
6,22,-0.5660904932688204,-0.5660904932688204,0.0
6,23,-0.5598319026264352,-0.5598319026264352,0.0
6,24,-0.5482503549014519,-0.5482503549014519,0.0
6,25,-0.5353946765398091,-0.5353946765398091,0.0
6,26,-0.529548451649416,-0.529548451649416,0.0
6,27,-0.5006420072062054,-0.5006420072062054,0.0
6,28,-0.4991012556592999,-0.4991012556592999,0.0
6,29,-0.4977131785260319,-0.4977131785260319,0.0
6,30,-0.4901790665811827,-0.4901790665811827,0.0
6,31,-0.4663684986202018,-0.4663684986202018,0.0
6,32,-0.4604957480443302,-0.4604957480443302,0.0
6,33,-0.4247284724811433,-0.4247284724811433,0.0
6,34,-0.4141372762544229,-0.4141372762544229,0.0
6,35,-0.41391490966920075,-0.41391490966920075,0.0
6,36,-0.40994553785469545,-0.40994553785469545,0.0
6,37,-0.40846874673696054,-0.40846874673696054,0.0
6,38,-0.390233241519935,-0.390233241519935,0.0
6,39,-0.35545487116645447,-0.35545487116645447,0.0
6,40,-0.3398797585427742,-0.3398797585427742,0.0
6,41,-0.31366983201092274,-0.31366983201092274,0.0
6,42,-0.29023436784495243,-0.29023436784495243,0.0
6,43,-0.2784026535426964,-0.2784026535426964,0.0
6,44,-0.27110653538155066,-0.27110653538155066,0.0
6,45,-0.2460676281787464,-0.2460676281787464,0.0
6,46,-0.24511220939674205,-0.24511220939674205,0.0
6,47,-0.2348668055727453,-0.2348668055727453,0.0
6,48,-0.20356508181018942,-0.20356508181018942,0.0
6,49,-0.19309778334658054,-0.19309778334658054,0.0
6,50,-0.16670476909619458,-0.16670476909619458,0.0
6,51,-0.16222881059744962,-0.16222881059744962,0.0
6,52,-0.15105398787407723,-0.15105398787407723,0.0
6,53,-0.14984887984439885,-0.14984887984439885,0.0
6,54,-0.1478706836194453,-0.1478706836194453,0.0
6,55,-0.1298910376647962,-0.1298910376647962,0.0
6,56,-0.1255868672311584,-0.1255868672311584,0.0
6,57,-0.08580493104625884,-0.08580493104625884,0.0
6,58,-0.07265338771129244,-0.07265338771129244,0.0
6,59,-0.07181178788678402,-0.07181178788678402,0.0
6,60,-0.06503147012577326,-0.06503147012577326,0.0
6,61,-0.054290258335706554,-0.054290258335706554,0.0
6,62,-0.04649961712378481,-0.04649961712378481,0.0
6,63,-0.04264380027627351,-0.04264380027627351,0.0
6,64,-0.024267573938197985,-0.024267573938197985,0.0
6,65,-0.022924027943459536,-0.022924027943459536,0.0
6,66,0.024946681980296682,0.024946681980296682,0.0
6,67,0.03196802716086324,0.03196802716086324,0.0
6,68,0.03438300051267031,0.03438300051267031,0.0
6,69,0.05411448558257259,0.05411448558257259,0.0
6,70,0.05458606926817975,0.05458606926817975,0.0
6,71,0.09207251469131777,0.09207251469131777,0.0
6,72,0.1070919407732097,0.1070919407732097,0.0
6,73,0.11733773933935653,0.11733773933935653,0.0
6,74,0.11802823917424449,0.11802823917424449,0.0
6,75,0.1309250430649227,0.1309250430649227,0.0
6,76,0.13281476265888834,0.13281476265888834,0.0
6,77,0.13909767620159777,0.13909767620159777,0.0
6,78,0.15868430584356263,0.15868430584356263,0.0
6,79,0.16517633135689724,0.16517633135689724,0.0
6,80,0.17889283014143376,0.17889283014143376,0.0
6,81,0.1863806390378409,0.1863806390378409,0.0
6,82,0.19334627886729444,0.19334627886729444,0.0
6,83,0.1983243193664347,0.1983243193664347,0.0
6,84,0.19860253028986963,0.19860253028986963,0.0
6,85,0.20153938120113646,0.20153938120113646,0.0
6,86,0.20575172511762913,0.20575172511762913,0.0
6,87,0.20708034725172553,0.20708034725172553,0.0
6,88,0.22398007643992823,0.22398007643992823,0.0
6,89,0.2320180423221183,0.2320180423221183,0.0
6,90,0.2446474702554456,0.2446474702554456,0.0
6,91,0.2586994808001336,0.2586994808001336,0.0
6,92,0.296191521333277,0.296191521333277,0.0
6,93,0.32071841310431637,0.32071841310431637,0.0
6,94,0.3252441673622022,0.3252441673622022,0.0
6,95,0.3311235888519532,0.3311235888519532,0.0
6,96,0.36070084817166514,0.36070084817166514,0.0
6,97,0.3714217554716882,0.3714217554716882,0.0
6,98,0.3752349766397094,0.3752349766397094,0.0
6,99,0.38872086469764877,0.38872086469764877,0.0
6,100,0.40392310167050705,0.40392310167050705,0.0
6,101,0.4173847337884654,0.4173847337884654,0.0
6,102,0.4449292346422013,0.4449292346422013,0.0
6,103,0.48242215508995995,0.48242215508995995,0.0
6,104,0.487519335131187,0.487519335131187,0.0
6,105,0.5195098504300042,0.5195098504300042,0.0
6,106,0.5660243881278436,0.5660243881278436,0.0
6,107,0.5829779955873198,0.5829779955873198,0.0
6,108,0.6109495773325,0.6109495773325,0.0
6,109,0.6146554632251418,0.6146554632251418,0.0
6,110,0.6153602538680225,0.6153602538680225,0.0
6,111,0.6226394623565601,0.6226394623565601,0.0
6,112,0.6285813200378954,0.6285813200378954,0.0
6,113,0.6342202926922502,0.6342202926922502,0.0
6,114,0.640022040748322,0.640022040748322,0.0
6,115,0.6435270412350264,0.6435270412350264,0.0
6,116,0.6548472483376871,0.6548472483376871,0.0
6,117,0.6605230784873568,0.6605230784873568,0.0
6,118,0.7033077670475212,0.7033077670475212,0.0
6,119,0.7146527797068271,0.7146527797068271,0.0
6,120,0.7195810546433224,0.7195810546433224,0.0
6,121,0.7248511910930182,0.7248511910930182,0.0
6,122,0.75582555017794,0.75582555017794,0.0
6,123,0.7717980543312246,0.7717980543312246,0.0
6,124,0.7721707058617536,0.7721707058617536,0.0
6,125,0.7755970866294336,0.7755970866294336,0.0
6,126,0.7796343905061122,0.7796343905061122,0.0
6,127,0.7988721838642588,0.7988721838642588,0.0
7,0,-0.7882354552251839,-0.7882354552251839,0.0
7,1,-0.7815722317462026,-0.7815722317462026,0.0
7,2,-0.7632993601318865,-0.7632993601318865,0.0
7,3,-0.7503300766342369,-0.7503300766342369,0.0
7,4,-0.7444781969225283,-0.7444781969225283,0.0
7,5,-0.744262869789184,-0.744262869789184,0.0
7,6,-0.7336175806707428,-0.7336175806707428,0.0
7,7,-0.73178872918806,-0.73178872918806,0.0
7,8,-0.688400093544618,-0.688400093544618,0.0
7,9,-0.6863282929057546,-0.6863282929057546,0.0
7,10,-0.67174083094807,-0.67174083094807,0.0
7,11,-0.662587941398408,-0.662587941398408,0.0
7,12,-0.6601379638365213,-0.6601379638365213,0.0
7,13,-0.6480983573118492,-0.6480983573118492,0.0
7,14,-0.6450887447808387,-0.6450887447808387,0.0
7,15,-0.6428062949836355,-0.6428062949836355,0.0
7,16,-0.641012317365202,-0.641012317365202,0.0
7,17,-0.624568236128498,-0.624568236128498,0.0
7,18,-0.6182517616570204,-0.6182517616570204,0.0
7,19,-0.6117929613572424,-0.6117929613572424,0.0
7,20,-0.5853061646729323,-0.5853061646729323,0.0
7,21,-0.5765128720646688,-0.5765128720646688,0.0
7,22,-0.534671867065765,-0.534671867065765,0.0
7,23,-0.4948718570107268,-0.4948718570107268,0.0
7,24,-0.49335559912111915,-0.49335559912111915,0.0
7,25,-0.48590943795006913,-0.48590943795006913,0.0
7,26,-0.4810841244603184,-0.4810841244603184,0.0
7,27,-0.4766883122351855,-0.4766883122351855,0.0
7,28,-0.47178924164013836,-0.47178924164013836,0.0
7,29,-0.4469515213614374,-0.4469515213614374,0.0
7,30,-0.44417332555522915,-0.44417332555522915,0.0
7,31,-0.43717401664513195,-0.43717401664513195,0.0
7,32,-0.4268827280623144,-0.4268827280623144,0.0
7,33,-0.4227619148781219,-0.4227619148781219,0.0
7,34,-0.41983814317482904,-0.41983814317482904,0.0
7,35,-0.40650076884438935,-0.40650076884438935,0.0
7,36,-0.40315928916155497,-0.40315928916155497,0.0
7,37,-0.387689077915703,-0.387689077915703,0.0
7,38,-0.38650371277961926,-0.38650371277961926,0.0
7,39,-0.36495205463203234,-0.36495205463203234,0.0
7,40,-0.3488584151164064,-0.3488584151164064,0.0
7,41,-0.34099224690308444,-0.34099224690308444,0.0
7,42,-0.33961012756598363,-0.33961012756598363,0.0
7,43,-0.33701820374922387,-0.33701820374922387,0.0
7,44,-0.29285167297788955,-0.29285167297788955,0.0
7,45,-0.2904068740873683,-0.2904068740873683,0.0
7,46,-0.289053173568005,-0.289053173568005,0.0
7,47,-0.28691020543402035,-0.28691020543402035,0.0
7,48,-0.2596112027251106,-0.2596112027251106,0.0
7,49,-0.23114449271180215,-0.23114449271180215,0.0
7,50,-0.22857047563479327,-0.22857047563479327,0.0
7,51,-0.22744322910921488,-0.22744322910921488,0.0
7,52,-0.21764458736743997,-0.21764458736743997,0.0
7,53,-0.21426268208770943,-0.21426268208770943,0.0
7,54,-0.20950326347225998,-0.20950326347225998,0.0
7,55,-0.19973795138995723,-0.19973795138995723,0.0
7,56,-0.18354022885963417,-0.18354022885963417,0.0
7,57,-0.17783123262098322,-0.17783123262098322,0.0
7,58,-0.17456171505625662,-0.17456171505625662,0.0
7,59,-0.16428301874098034,-0.16428301874098034,0.0
7,60,-0.15676529324476363,-0.15676529324476363,0.0
7,61,-0.13831340590997562,-0.13831340590997562,0.0
7,62,-0.10483149288707434,-0.10483149288707434,0.0
7,63,-0.09561113636252597,-0.09561113636252597,0.0
7,64,-0.09341311659733958,-0.09341311659733958,0.0
7,65,-0.06931267731808877,-0.06931267731808877,0.0
7,66,-0.010915181643944828,-0.010915181643944828,0.0
7,67,-0.005135794637108226,-0.005135794637108226,0.0
7,68,-0.005125061917757634,-0.005125061917757634,0.0
7,69,0.008849317585185368,0.008849317585185368,0.0
7,70,0.0132428593983839,0.0132428593983839,0.0
7,71,0.020300733428047127,0.020300733428047127,0.0
7,72,0.04019696499894039,0.04019696499894039,0.0
7,73,0.04458091705461023,0.04458091705461023,0.0
7,74,0.05511176972169736,0.05511176972169736,0.0
7,75,0.06382535601436015,0.06382535601436015,0.0
7,76,0.07252634033645737,0.07252634033645737,0.0
7,77,0.07471904989535609,0.07471904989535609,0.0
7,78,0.09647851138185395,0.09647851138185395,0.0
7,79,0.09686996927895226,0.09686996927895226,0.0
7,80,0.09709796918873011,0.09709796918873011,0.0
7,81,0.11847894105453474,0.11847894105453474,0.0
7,82,0.13722341254120105,0.13722341254120105,0.0
7,83,0.1407046101433835,0.1407046101433835,0.0
7,84,0.1570463839689401,0.1570463839689401,0.0
7,85,0.16528323900768083,0.16528323900768083,0.0
7,86,0.18852152315713583,0.18852152315713583,0.0
7,87,0.19093534912235877,0.19093534912235877,0.0
7,88,0.23940692055093288,0.23940692055093288,0.0
7,89,0.29114316924764555,0.29114316924764555,0.0
7,90,0.2975582616569771,0.2975582616569771,0.0
7,91,0.301274265015193,0.301274265015193,0.0
7,92,0.30219742201566097,0.30219742201566097,0.0
7,93,0.36138513430105806,0.36138513430105806,0.0
7,94,0.3631089989552663,0.3631089989552663,0.0
7,95,0.37613308269867346,0.37613308269867346,0.0
7,96,0.37772055975344154,0.37772055975344154,0.0
7,97,0.4101824522168702,0.4101824522168702,0.0
7,98,0.41840262669181816,0.41840262669181816,0.0
7,99,0.431352294769423,0.431352294769423,0.0
7,100,0.4636735714529454,0.4636735714529454,0.0
7,101,0.4662429235009592,0.4662429235009592,0.0
7,102,0.4768466016935078,0.4768466016935078,0.0
7,103,0.4813236775730417,0.4813236775730417,0.0
7,104,0.5149594116294463,0.5149594116294463,0.0
7,105,0.515498457512736,0.515498457512736,0.0
7,106,0.5241277745212106,0.5241277745212106,0.0
7,107,0.5269854430944697,0.5269854430944697,0.0
7,108,0.5395193352491904,0.5395193352491904,0.0
7,109,0.5798009299758585,0.5798009299758585,0.0
7,110,0.5885350662621719,0.5885350662621719,0.0
7,111,0.596889928686909,0.596889928686909,0.0
7,112,0.6050064166442681,0.6050064166442681,0.0
7,113,0.6543909394959903,0.6543909394959903,0.0
7,114,0.6914310319646652,0.6914310319646652,0.0
7,115,0.6918203909588778,0.6918203909588778,0.0
7,116,0.6945040580492841,0.6945040580492841,0.0
7,117,0.6974144112710239,0.6974144112710239,0.0
7,118,0.6985035593720901,0.6985035593720901,0.0
7,119,0.7023915364311941,0.7023915364311941,0.0
7,120,0.707773442518631,0.707773442518631,0.0
7,121,0.7579125500510129,0.7579125500510129,0.0
7,122,0.7612351653323022,0.7612351653323022,0.0
7,123,0.7681902708623114,0.7681902708623114,0.0
7,124,0.7728102834625604,0.7728102834625604,0.0
7,125,0.7925752252010663,0.7925752252010663,0.0
7,126,0.7946626158651848,0.7946626158651848,0.0
7,127,0.7993516763447469,0.7993516763447469,0.0
8,0,-0.7815958939307764,-0.7815958939307764,0.0
8,1,-0.7683977009699637,-0.7683977009699637,0.0
8,2,-0.7674359310745791,-0.7674359310745791,0.0
8,3,-0.7664557270560945,-0.7664557270560945,0.0
8,4,-0.7329125639276264,-0.7329125639276264,0.0
8,5,-0.7278081609879804,-0.7278081609879804,0.0
8,6,-0.7092162483982538,-0.7092162483982538,0.0
8,7,-0.699816406102701,-0.699816406102701,0.0
8,8,-0.6686384468121009,-0.6686384468121009,0.0
8,9,-0.6638845587133277,-0.6638845587133277,0.0
8,10,-0.6405364473627504,-0.6405364473627504,0.0
8,11,-0.6027992712203306,-0.6027992712203306,0.0
8,12,-0.5894467595362171,-0.5894467595362171,0.0
8,13,-0.5613567894738527,-0.5613567894738527,0.0
8,14,-0.5540486718364674,-0.5540486718364674,0.0
8,15,-0.5313923180801201,-0.5313923180801201,0.0
8,16,-0.522799272960161,-0.522799272960161,0.0
8,17,-0.511524477065929,-0.511524477065929,0.0
8,18,-0.5100363024437565,-0.5100363024437565,0.0
8,19,-0.5077493862557548,-0.5077493862557548,0.0
8,20,-0.5071760328821713,-0.5071760328821713,0.0
8,21,-0.49648568204452986,-0.49648568204452986,0.0
8,22,-0.4903336675454238,-0.4903336675454238,0.0
8,23,-0.47383112167375163,-0.47383112167375163,0.0
8,24,-0.47335600072312795,-0.47335600072312795,0.0
8,25,-0.4542993418451291,-0.4542993418451291,0.0
8,26,-0.4192642018943225,-0.4192642018943225,0.0
8,27,-0.40895978623946283,-0.40895978623946283,0.0
8,28,-0.38766858607037485,-0.38766858607037485,0.0
8,29,-0.37599470121847106,-0.37599470121847106,0.0
8,30,-0.37368025460635884,-0.37368025460635884,0.0
8,31,-0.3638851405790764,-0.3638851405790764,0.0
8,32,-0.36140330254776654,-0.36140330254776654,0.0
8,33,-0.3534910024000345,-0.3534910024000345,0.0
8,34,-0.3443171467031338,-0.3443171467031338,0.0
8,35,-0.3337134383359766,-0.3337134383359766,0.0
8,36,-0.32215819012762775,-0.32215819012762775,0.0
8,37,-0.2876472231995994,-0.2876472231995994,0.0
8,38,-0.2687648792689169,-0.2687648792689169,0.0
8,39,-0.255705836855681,-0.255705836855681,0.0
8,40,-0.25358275410601544,-0.25358275410601544,0.0
8,41,-0.22176143840400864,-0.22176143840400864,0.0
8,42,-0.21989466732173604,-0.21989466732173604,0.0
8,43,-0.21001566864685053,-0.21001566864685053,0.0
8,44,-0.2023858229913872,-0.2023858229913872,0.0
8,45,-0.19333175081791315,-0.19333175081791315,0.0
8,46,-0.17088067786506064,-0.17088067786506064,0.0
8,47,-0.13770489166969124,-0.13770489166969124,0.0
8,48,-0.12552526561621935,-0.12552526561621935,0.0
8,49,-0.12279826543180211,-0.12279826543180211,0.0
8,50,-0.10988490805499254,-0.10988490805499254,0.0
8,51,-0.10587300740336919,-0.10587300740336919,0.0
8,52,-0.04109417017896533,-0.04109417017896533,0.0
8,53,-0.03613202464325589,-0.03613202464325589,0.0
8,54,-0.02309687961147784,-0.02309687961147784,0.0
8,55,-0.002227517578536542,-0.002227517578536542,0.0
8,56,0.020541020768846608,0.020541020768846608,0.0
8,57,0.04215281578636834,0.04215281578636834,0.0
8,58,0.044832880656698396,0.044832880656698396,0.0
8,59,0.044881471963713615,0.044881471963713615,0.0
8,60,0.04707192446727895,0.04707192446727895,0.0
8,61,0.08203529795600098,0.08203529795600098,0.0
8,62,0.08810776081052261,0.08810776081052261,0.0
8,63,0.09268364032639678,0.09268364032639678,0.0
8,64,0.0990719835164585,0.0990719835164585,0.0
8,65,0.10441077898009664,0.10441077898009664,0.0
8,66,0.10866415105679722,0.10866415105679722,0.0
8,67,0.12073028016093534,0.12073028016093534,0.0
8,68,0.14127376891102728,0.14127376891102728,0.0
8,69,0.14239683447463633,0.14239683447463633,0.0
8,70,0.16446805416304588,0.16446805416304588,0.0
8,71,0.17210719816808223,0.17210719816808223,0.0
8,72,0.19959710999771138,0.19959710999771138,0.0
8,73,0.22080641070298698,0.22080641070298698,0.0
8,74,0.2408340623658697,0.2408340623658697,0.0
8,75,0.24481629219915588,0.24481629219915588,0.0
8,76,0.24643825380276924,0.24643825380276924,0.0
8,77,0.2549964629301039,0.2549964629301039,0.0
8,78,0.2584520647917476,0.2584520647917476,0.0
8,79,0.2663775205535856,0.2663775205535856,0.0
8,80,0.27099913399348224,0.27099913399348224,0.0
8,81,0.2735649215264186,0.2735649215264186,0.0
8,82,0.2778363407628202,0.2778363407628202,0.0
8,83,0.28204976831932865,0.28204976831932865,0.0
8,84,0.3001478017013328,0.3001478017013328,0.0
8,85,0.3101770154606822,0.3101770154606822,0.0
8,86,0.33101580957712184,0.33101580957712184,0.0
8,87,0.33281118875715165,0.33281118875715165,0.0
8,88,0.3360127734069243,0.3360127734069243,0.0
8,89,0.347638092978966,0.347638092978966,0.0
8,90,0.35667315461521254,0.35667315461521254,0.0
8,91,0.36754007882442963,0.36754007882442963,0.0
8,92,0.3680705241974739,0.3680705241974739,0.0
8,93,0.3707046284732705,0.3707046284732705,0.0
8,94,0.3788228661444111,0.3788228661444111,0.0
8,95,0.387004188673839,0.387004188673839,0.0
8,96,0.39096551567479043,0.39096551567479043,0.0
8,97,0.43366555243588145,0.43366555243588145,0.0
8,98,0.45320898465223414,0.45320898465223414,0.0
8,99,0.47320466741829237,0.47320466741829237,0.0
8,100,0.4762357785056313,0.4762357785056313,0.0
8,101,0.4810815616662163,0.4810815616662163,0.0
8,102,0.5148245612561742,0.5148245612561742,0.0
8,103,0.5405903984100242,0.5405903984100242,0.0
8,104,0.5416603797220221,0.5416603797220221,0.0
8,105,0.5438403053565385,0.5438403053565385,0.0
8,106,0.5706307163252454,0.5706307163252454,0.0
8,107,0.5814386788393405,0.5814386788393405,0.0
8,108,0.5925851499359318,0.5925851499359318,0.0
8,109,0.6275455479882771,0.6275455479882771,0.0
8,110,0.6593114914900063,0.6593114914900063,0.0
8,111,0.6612073911445648,0.6612073911445648,0.0
8,112,0.6738305838821161,0.6738305838821161,0.0
8,113,0.6873245492655201,0.6873245492655201,0.0
8,114,0.6945593242989271,0.6945593242989271,0.0
8,115,0.6982023227214653,0.6982023227214653,0.0
8,116,0.700369257646952,0.700369257646952,0.0
8,117,0.7008884761624083,0.7008884761624083,0.0
8,118,0.7076355058763468,0.7076355058763468,0.0
8,119,0.719645451875469,0.719645451875469,0.0
8,120,0.721561552424907,0.721561552424907,0.0
8,121,0.731043383700034,0.731043383700034,0.0
8,122,0.7572315424710512,0.7572315424710512,0.0
8,123,0.7608060860526251,0.7608060860526251,0.0
8,124,0.7634295693523386,0.7634295693523386,0.0
8,125,0.7653475644461519,0.7653475644461519,0.0
8,126,0.7696412301788244,0.7696412301788244,0.0
8,127,0.7968840371914262,0.7968840371914262,0.0
9,0,-0.7849688875640308,-0.7849688875640308,0.0
9,1,-0.7819013533086567,-0.7819013533086567,0.0
9,2,-0.7189064578664663,-0.7189064578664663,0.0
9,3,-0.7085664783839429,-0.7085664783839429,0.0
9,4,-0.7034954899815244,-0.7034954899815244,0.0
9,5,-0.6992630780915887,-0.6992630780915887,0.0
9,6,-0.673351307372207,-0.673351307372207,0.0
9,7,-0.6717378245197351,-0.6717378245197351,0.0
9,8,-0.659857751719912,-0.659857751719912,0.0
9,9,-0.6536824185058795,-0.6536824185058795,0.0
9,10,-0.6361684158906709,-0.6361684158906709,0.0
9,11,-0.6359813855351443,-0.6359813855351443,0.0
9,12,-0.6280351306069756,-0.6280351306069756,0.0
9,13,-0.6260500263626917,-0.6260500263626917,0.0
9,14,-0.6087608963097146,-0.6087608963097146,0.0
9,15,-0.5969482844461729,-0.5969482844461729,0.0
9,16,-0.5850044153237584,-0.5850044153237584,0.0
9,17,-0.5839912878575415,-0.5839912878575415,0.0
9,18,-0.5754438998702265,-0.5754438998702265,0.0
9,19,-0.537254129002795,-0.537254129002795,0.0
9,20,-0.5205915972857266,-0.5205915972857266,0.0
9,21,-0.5158643588334891,-0.5158643588334891,0.0
9,22,-0.4816407680615054,-0.4816407680615054,0.0
9,23,-0.46429920877434283,-0.46429920877434283,0.0
9,24,-0.463336942151831,-0.463336942151831,0.0
9,25,-0.45123075074855823,-0.45123075074855823,0.0
9,26,-0.4319952063223765,-0.4319952063223765,0.0
9,27,-0.4249431341825298,-0.4249431341825298,0.0
9,28,-0.41022176861795184,-0.41022176861795184,0.0
9,29,-0.39344031355467646,-0.39344031355467646,0.0
9,30,-0.3859330898885297,-0.3859330898885297,0.0
9,31,-0.3795476163147729,-0.3795476163147729,0.0
9,32,-0.35987947197373416,-0.35987947197373416,0.0
9,33,-0.3511812793740157,-0.3511812793740157,0.0
9,34,-0.3435931734641813,-0.3435931734641813,0.0
9,35,-0.32157913741634503,-0.32157913741634503,0.0
9,36,-0.3116243349967729,-0.3116243349967729,0.0
9,37,-0.3078803327377122,-0.3078803327377122,0.0
9,38,-0.30564107078678693,-0.30564107078678693,0.0
9,39,-0.3051004357004578,-0.3051004357004578,0.0
9,40,-0.3013191829192701,-0.3013191829192701,0.0
9,41,-0.29758847870882427,-0.29758847870882427,0.0
9,42,-0.2865025766857469,-0.2865025766857469,0.0
9,43,-0.2785435142622504,-0.2785435142622504,0.0
9,44,-0.26469920417040155,-0.26469920417040155,0.0
9,45,-0.26366962018066625,-0.26366962018066625,0.0
9,46,-0.2631084198512005,-0.2631084198512005,0.0
9,47,-0.2404344429296808,-0.2404344429296808,0.0
9,48,-0.21138610751219408,-0.21138610751219408,0.0
9,49,-0.19217638207140092,-0.19217638207140092,0.0
9,50,-0.18200132119593812,-0.18200132119593812,0.0
9,51,-0.16882956168187527,-0.16882956168187527,0.0
9,52,-0.1591660828533586,-0.1591660828533586,0.0
9,53,-0.14587768089076966,-0.14587768089076966,0.0
9,54,-0.14531524582837055,-0.14531524582837055,0.0
9,55,-0.1434835999087026,-0.1434835999087026,0.0
9,56,-0.1310173671623673,-0.1310173671623673,0.0
9,57,-0.12567337673287096,-0.12567337673287096,0.0
9,58,-0.111583090281394,-0.111583090281394,0.0
9,59,-0.10096106686013595,-0.10096106686013595,0.0
9,60,-0.08376388937226871,-0.08376388937226871,0.0
9,61,-0.08196635619255838,-0.08196635619255838,0.0
9,62,-0.07914979600972388,-0.07914979600972388,0.0
9,63,-0.07387574862663158,-0.07387574862663158,0.0
9,64,-0.06956572712178791,-0.06956572712178791,0.0
9,65,-0.05107653256353633,-0.05107653256353633,0.0
9,66,-0.022824516137676554,-0.022824516137676554,0.0
9,67,-0.011644050334407652,-0.011644050334407652,0.0
9,68,0.019643040949628876,0.019643040949628876,0.0
9,69,0.02201907066328808,0.02201907066328808,0.0
9,70,0.03681706360212402,0.03681706360212402,0.0
9,71,0.04366866426989429,0.04366866426989429,0.0
9,72,0.06738715740723134,0.06738715740723134,0.0
9,73,0.07579288187155041,0.07579288187155041,0.0
9,74,0.08262700812673938,0.08262700812673938,0.0
9,75,0.08413672705473801,0.08413672705473801,0.0
9,76,0.0847674322560918,0.0847674322560918,0.0
9,77,0.10989229663317701,0.10989229663317701,0.0
9,78,0.1637246483012957,0.1637246483012957,0.0
9,79,0.17342546321285576,0.17342546321285576,0.0
9,80,0.17651299448374475,0.17651299448374475,0.0
9,81,0.18278945612777112,0.18278945612777112,0.0
9,82,0.19543063754299209,0.19543063754299209,0.0
9,83,0.20692154953463915,0.20692154953463915,0.0
9,84,0.23169358824169903,0.23169358824169903,0.0
9,85,0.23697000935137372,0.23697000935137372,0.0
9,86,0.27040803816856035,0.27040803816856035,0.0
9,87,0.28045245130965546,0.28045245130965546,0.0
9,88,0.28358473821483016,0.28358473821483016,0.0
9,89,0.2865424194956711,0.2865424194956711,0.0
9,90,0.30188026281918146,0.30188026281918146,0.0
9,91,0.34783305313596763,0.34783305313596763,0.0
9,92,0.358170736423047,0.358170736423047,0.0
9,93,0.36425896354171994,0.36425896354171994,0.0
9,94,0.37037176949038814,0.37037176949038814,0.0
9,95,0.3770732410683955,0.3770732410683955,0.0
9,96,0.3831794595228285,0.3831794595228285,0.0
9,97,0.41502111872091574,0.41502111872091574,0.0
9,98,0.4163767659550667,0.4163767659550667,0.0
9,99,0.432330862668427,0.432330862668427,0.0
9,100,0.4402207236139084,0.4402207236139084,0.0
9,101,0.4603255197569997,0.4603255197569997,0.0
9,102,0.4710104431097337,0.4710104431097337,0.0
9,103,0.47550860354532515,0.47550860354532515,0.0
9,104,0.47860108407270857,0.47860108407270857,0.0
9,105,0.4937670636630916,0.4937670636630916,0.0
9,106,0.49570843765549744,0.49570843765549744,0.0
9,107,0.5005346685884117,0.5005346685884117,0.0
9,108,0.5017805261428239,0.5017805261428239,0.0
9,109,0.5137661053777827,0.5137661053777827,0.0
9,110,0.5154228349619258,0.5154228349619258,0.0
9,111,0.531913399517322,0.531913399517322,0.0
9,112,0.5340932853698126,0.5340932853698126,0.0
9,113,0.5341513687624977,0.5341513687624977,0.0
9,114,0.5467399456278175,0.5467399456278175,0.0
9,115,0.557079438390439,0.557079438390439,0.0
9,116,0.5920049949625826,0.5920049949625826,0.0
9,117,0.6245802564386427,0.6245802564386427,0.0
9,118,0.6371258803966349,0.6371258803966349,0.0
9,119,0.6628821591452851,0.6628821591452851,0.0
9,120,0.7004930778750738,0.7004930778750738,0.0
9,121,0.7064772457193323,0.7064772457193323,0.0
9,122,0.71028790157846,0.71028790157846,0.0
9,123,0.7186321834941753,0.7186321834941753,0.0
9,124,0.7322243657702794,0.7322243657702794,0.0
9,125,0.7329363109588543,0.7329363109588543,0.0
9,126,0.7411636765255996,0.7411636765255996,0.0
9,127,0.7874753457035697,0.7874753457035697,0.0
10,0,-0.797027679364888,-0.797027679364888,0.0
10,1,-0.792323742371147,-0.792323742371147,0.0
10,2,-0.7889872327146773,-0.7889872327146773,0.0
10,3,-0.7837419991710413,-0.7837419991710413,0.0
10,4,-0.7819999010016707,-0.7819999010016707,0.0
10,5,-0.7763881563508745,-0.7763881563508745,0.0
10,6,-0.7747182201886093,-0.7747182201886093,0.0
10,7,-0.7522378169017945,-0.7522378169017945,0.0
10,8,-0.7482165548113033,-0.7482165548113033,0.0
10,9,-0.7307720777826033,-0.7307720777826033,0.0
10,10,-0.7177315422978886,-0.7177315422978886,0.0
10,11,-0.7098370744100703,-0.7098370744100703,0.0
10,12,-0.6983009327697793,-0.6983009327697793,0.0
10,13,-0.6950595569913676,-0.6950595569913676,0.0
10,14,-0.6448836730968213,-0.6448836730968213,0.0
10,15,-0.6447292951995014,-0.6447292951995014,0.0
10,16,-0.6065632003184338,-0.6065632003184338,0.0
10,17,-0.603713178062575,-0.603713178062575,0.0
10,18,-0.5862324733703542,-0.5862324733703542,0.0
10,19,-0.582101074325726,-0.582101074325726,0.0
10,20,-0.5762451791587003,-0.5762451791587003,0.0
10,21,-0.5735537853218879,-0.5735537853218879,0.0
10,22,-0.5687985623959216,-0.5687985623959216,0.0
10,23,-0.5680390267447886,-0.5680390267447886,0.0
10,24,-0.5638901483479029,-0.5638901483479029,0.0
10,25,-0.5207005175091045,-0.5207005175091045,0.0
10,26,-0.5181270416377359,-0.5181270416377359,0.0
10,27,-0.5066879116449456,-0.5066879116449456,0.0
10,28,-0.4889387064836441,-0.4889387064836441,0.0
10,29,-0.4877775438457301,-0.4877775438457301,0.0
10,30,-0.46590826323286855,-0.46590826323286855,0.0
10,31,-0.4560090400160375,-0.4560090400160375,0.0
10,32,-0.4377483114388099,-0.4377483114388099,0.0
10,33,-0.42023929872018845,-0.42023929872018845,0.0
10,34,-0.3957453654999233,-0.3957453654999233,0.0
10,35,-0.39247514086449176,-0.39247514086449176,0.0
10,36,-0.38509242959029866,-0.38509242959029866,0.0
10,37,-0.3831204477888308,-0.3831204477888308,0.0
10,38,-0.36792958746421345,-0.36792958746421345,0.0
10,39,-0.3518190638153307,-0.3518190638153307,0.0
10,40,-0.3475470976931087,-0.3475470976931087,0.0
10,41,-0.3308732912101263,-0.3308732912101263,0.0
10,42,-0.32586188052250037,-0.32586188052250037,0.0
10,43,-0.31741920784913236,-0.31741920784913236,0.0
10,44,-0.2995701382255039,-0.2995701382255039,0.0
10,45,-0.29454341032020537,-0.29454341032020537,0.0
10,46,-0.28927110952403956,-0.28927110952403956,0.0
10,47,-0.2807563181082534,-0.2807563181082534,0.0
10,48,-0.28058229182643296,-0.28058229182643296,0.0
10,49,-0.2773269511066568,-0.2773269511066568,0.0
10,50,-0.27481865711895603,-0.27481865711895603,0.0
10,51,-0.26920657049699664,-0.26920657049699664,0.0
10,52,-0.26491381851948276,-0.26491381851948276,0.0
10,53,-0.2643906254286044,-0.2643906254286044,0.0
10,54,-0.24626032356061656,-0.24626032356061656,0.0
10,55,-0.24404583940273242,-0.24404583940273242,0.0
10,56,-0.23872300443858416,-0.23872300443858416,0.0
10,57,-0.23862214395505266,-0.23862214395505266,0.0
10,58,-0.22057920888646676,-0.22057920888646676,0.0
10,59,-0.20390389935223008,-0.20390389935223008,0.0
10,60,-0.17020477900715872,-0.17020477900715872,0.0
10,61,-0.1281665719139177,-0.1281665719139177,0.0
10,62,-0.10883156606458666,-0.10883156606458666,0.0
10,63,-0.08012875820064683,-0.08012875820064683,0.0
10,64,-0.07437644072717031,-0.07437644072717031,0.0
10,65,-0.06854525343292117,-0.06854525343292117,0.0
10,66,-0.04799983790560294,-0.04799983790560294,0.0
10,67,-0.03300609146215017,-0.03300609146215017,0.0
10,68,-0.0236523713794389,-0.0236523713794389,0.0
10,69,0.010987564695725816,0.010987564695725816,0.0
10,70,0.03608464895831407,0.03608464895831407,0.0
10,71,0.038054240354200713,0.038054240354200713,0.0
10,72,0.055353695108184914,0.055353695108184914,0.0
10,73,0.07523796673462524,0.07523796673462524,0.0
10,74,0.07524879127561485,0.07524879127561485,0.0
10,75,0.07634375389636468,0.07634375389636468,0.0
10,76,0.08582156755463172,0.08582156755463172,0.0
10,77,0.09731505667722473,0.09731505667722473,0.0
10,78,0.10067505981075105,0.10067505981075105,0.0
10,79,0.11157357640770851,0.11157357640770851,0.0
10,80,0.1684619827816004,0.1684619827816004,0.0
10,81,0.17204060964401435,0.17204060964401435,0.0
10,82,0.19505745232318913,0.19505745232318913,0.0
10,83,0.19553038107705467,0.19553038107705467,0.0
10,84,0.19750831493586976,0.19750831493586976,0.0
10,85,0.22155319960564235,0.22155319960564235,0.0
10,86,0.22322098221266293,0.22322098221266293,0.0
10,87,0.24090051192776923,0.24090051192776923,0.0
10,88,0.2474408658844361,0.2474408658844361,0.0
10,89,0.2822180517428223,0.2822180517428223,0.0
10,90,0.28550093266316845,0.28550093266316845,0.0
10,91,0.28630670643680495,0.28630670643680495,0.0
10,92,0.3051576846717417,0.3051576846717417,0.0
10,93,0.30905654519753994,0.30905654519753994,0.0
10,94,0.3200409468597945,0.3200409468597945,0.0
10,95,0.32105617175413104,0.32105617175413104,0.0
10,96,0.32110143484216086,0.32110143484216086,0.0
10,97,0.3592873007743494,0.3592873007743494,0.0
10,98,0.3892291228283634,0.3892291228283634,0.0
10,99,0.3933140544746534,0.3933140544746534,0.0
10,100,0.39627007542530496,0.39627007542530496,0.0
10,101,0.4039365172212822,0.4039365172212822,0.0
10,102,0.4138691726703583,0.4138691726703583,0.0
10,103,0.415024793319658,0.415024793319658,0.0
10,104,0.4252920273256544,0.4252920273256544,0.0
10,105,0.4349738279195647,0.4349738279195647,0.0
10,106,0.44329367331139463,0.44329367331139463,0.0
10,107,0.45545433108380196,0.45545433108380196,0.0
10,108,0.46711070724256154,0.46711070724256154,0.0
10,109,0.4764765359534597,0.4764765359534597,0.0
10,110,0.4828981025707448,0.4828981025707448,0.0
10,111,0.5277568217437917,0.5277568217437917,0.0
10,112,0.5293360863161006,0.5293360863161006,0.0
10,113,0.5337788460261986,0.5337788460261986,0.0
10,114,0.5649909487200017,0.5649909487200017,0.0
10,115,0.5746123162309564,0.5746123162309564,0.0
10,116,0.5772157558417135,0.5772157558417135,0.0
10,117,0.5920646546248172,0.5920646546248172,0.0
10,118,0.6101438259001132,0.6101438259001132,0.0
10,119,0.6167286446172249,0.6167286446172249,0.0
10,120,0.6178097672261678,0.6178097672261678,0.0
10,121,0.643125074324375,0.643125074324375,0.0
10,122,0.6762128202645905,0.6762128202645905,0.0
10,123,0.6974391146505312,0.6974391146505312,0.0
10,124,0.7230280690323219,0.7230280690323219,0.0
10,125,0.7476777159668959,0.7476777159668959,0.0
10,126,0.7482030777113767,0.7482030777113767,0.0
10,127,0.7682832868484107,0.7682832868484107,0.0
11,0,-0.7951598598575087,-0.7951598598575087,0.0
11,1,-0.769358331096659,-0.769358331096659,0.0
11,2,-0.7601971135321733,-0.7601971135321733,0.0
11,3,-0.7597531350406288,-0.7597531350406288,0.0
11,4,-0.7381287179792904,-0.7381287179792904,0.0
11,5,-0.7362877120807014,-0.7362877120807014,0.0
11,6,-0.7331808437753943,-0.7331808437753943,0.0
11,7,-0.7321950608729054,-0.7321950608729054,0.0
11,8,-0.7236566833361406,-0.7236566833361406,0.0
11,9,-0.7184228261222316,-0.7184228261222316,0.0
11,10,-0.7183155093960837,-0.7183155093960837,0.0
11,11,-0.7121616366695722,-0.7121616366695722,0.0
11,12,-0.7064848071903894,-0.7064848071903894,0.0
11,13,-0.6883921288684095,-0.6883921288684095,0.0
11,14,-0.6726046963704212,-0.6726046963704212,0.0
11,15,-0.6540383279317834,-0.6540383279317834,0.0
11,16,-0.6279954424898533,-0.6279954424898533,0.0
11,17,-0.6278801999412361,-0.6278801999412361,0.0
11,18,-0.613836857137602,-0.613836857137602,0.0
11,19,-0.5640612531314295,-0.5640612531314295,0.0
11,20,-0.5496719515673842,-0.5496719515673842,0.0
11,21,-0.5362049478051029,-0.5362049478051029,0.0
11,22,-0.5277919606265158,-0.5277919606265158,0.0
11,23,-0.5079551379739208,-0.5079551379739208,0.0
11,24,-0.4924012997720986,-0.4924012997720986,0.0
11,25,-0.4900212347743317,-0.4900212347743317,0.0
11,26,-0.48242655215134533,-0.48242655215134533,0.0
11,27,-0.4807425703946624,-0.4807425703946624,0.0
11,28,-0.47266082352768035,-0.47266082352768035,0.0
11,29,-0.4653702387210572,-0.4653702387210572,0.0
11,30,-0.4393671254249505,-0.4393671254249505,0.0
11,31,-0.4363289911781101,-0.4363289911781101,0.0
11,32,-0.4159308545560519,-0.4159308545560519,0.0
11,33,-0.36325228317817065,-0.36325228317817065,0.0
11,34,-0.34012194904735404,-0.34012194904735404,0.0
11,35,-0.3290083618307394,-0.3290083618307394,0.0
11,36,-0.3109714905385911,-0.3109714905385911,0.0
11,37,-0.3065776729937348,-0.3065776729937348,0.0
11,38,-0.2886546380000116,-0.2886546380000116,0.0
11,39,-0.21427731439630177,-0.21427731439630177,0.0
11,40,-0.19131088668962182,-0.19131088668962182,0.0
11,41,-0.18857264714195027,-0.18857264714195027,0.0
11,42,-0.1761073573447611,-0.1761073573447611,0.0
11,43,-0.17204026521547056,-0.17204026521547056,0.0
11,44,-0.17092691889678058,-0.17092691889678058,0.0
11,45,-0.15074593073385004,-0.15074593073385004,0.0
11,46,-0.1329197238053892,-0.1329197238053892,0.0
11,47,-0.12693108095166394,-0.12693108095166394,0.0
11,48,-0.10794416002407417,-0.10794416002407417,0.0
11,49,-0.08714539754224067,-0.08714539754224067,0.0
11,50,-0.05851302245450949,-0.05851302245450949,0.0
11,51,-0.044680960344990694,-0.044680960344990694,0.0
11,52,-0.0423126141531208,-0.0423126141531208,0.0
11,53,-0.033518829588038555,-0.033518829588038555,0.0
11,54,-0.029720537623783374,-0.029720537623783374,0.0
11,55,-0.02576131418893155,-0.02576131418893155,0.0
11,56,0.00393037800155085,0.00393037800155085,0.0
11,57,0.006342809363893665,0.006342809363893665,0.0
11,58,0.02180909792700643,0.02180909792700643,0.0
11,59,0.038848288893461105,0.038848288893461105,0.0
11,60,0.04672521190364041,0.04672521190364041,0.0
11,61,0.05334479982073059,0.05334479982073059,0.0
11,62,0.07596634068927184,0.07596634068927184,0.0
11,63,0.0976163111757371,0.0976163111757371,0.0
11,64,0.10397377588602358,0.10397377588602358,0.0
11,65,0.11723306140407282,0.11723306140407282,0.0
11,66,0.14597621877494743,0.14597621877494743,0.0
11,67,0.14975869357244775,0.14975869357244775,0.0
11,68,0.15718226363860222,0.15718226363860222,0.0
11,69,0.16116154304974817,0.16116154304974817,0.0
11,70,0.16414908454738664,0.16414908454738664,0.0
11,71,0.16798475731296014,0.16798475731296014,0.0
11,72,0.17239341716891377,0.17239341716891377,0.0
11,73,0.1752402870856951,0.1752402870856951,0.0
11,74,0.17756789774909232,0.17756789774909232,0.0
11,75,0.18702010772121938,0.18702010772121938,0.0
11,76,0.19163503119469694,0.19163503119469694,0.0
11,77,0.20200992351729888,0.20200992351729888,0.0
11,78,0.2020708387794862,0.2020708387794862,0.0
11,79,0.22155270229223234,0.22155270229223234,0.0
11,80,0.2256878146995904,0.2256878146995904,0.0
11,81,0.2297272297000431,0.2297272297000431,0.0
11,82,0.23633195847958427,0.23633195847958427,0.0
11,83,0.2372091157881057,0.2372091157881057,0.0
11,84,0.23853828973316438,0.23853828973316438,0.0
11,85,0.24475692984871034,0.24475692984871034,0.0
11,86,0.2521192538078328,0.2521192538078328,0.0
11,87,0.26339250904806377,0.26339250904806377,0.0
11,88,0.2730196503381251,0.2730196503381251,0.0
11,89,0.2831917763568525,0.2831917763568525,0.0
11,90,0.29222844630946876,0.29222844630946876,0.0
11,91,0.29375638798648396,0.29375638798648396,0.0
11,92,0.2948811619873961,0.2948811619873961,0.0
11,93,0.35288991939543934,0.35288991939543934,0.0
11,94,0.37796009046903567,0.37796009046903567,0.0
11,95,0.4026208357499343,0.4026208357499343,0.0
11,96,0.4241722545025061,0.4241722545025061,0.0
11,97,0.42702431534946506,0.42702431534946506,0.0
11,98,0.43279028950797527,0.43279028950797527,0.0
11,99,0.44545036338684324,0.44545036338684324,0.0
11,100,0.5074655305326262,0.5074655305326262,0.0
11,101,0.5166834743134755,0.5166834743134755,0.0
11,102,0.5190560962841344,0.5190560962841344,0.0
11,103,0.5590688996050401,0.5590688996050401,0.0
11,104,0.5697768952458508,0.5697768952458508,0.0
11,105,0.5708296106509723,0.5708296106509723,0.0
11,106,0.5766435289626525,0.5766435289626525,0.0
11,107,0.579356255760756,0.579356255760756,0.0
11,108,0.593546590812263,0.593546590812263,0.0
11,109,0.6049074063560564,0.6049074063560564,0.0
11,110,0.6243087425246089,0.6243087425246089,0.0
11,111,0.6251035467513173,0.6251035467513173,0.0
11,112,0.665945664686984,0.665945664686984,0.0
11,113,0.679754135923411,0.679754135923411,0.0
11,114,0.682881828626962,0.682881828626962,0.0
11,115,0.6900954148567108,0.6900954148567108,0.0
11,116,0.7124888835838349,0.7124888835838349,0.0
11,117,0.7280614808797472,0.7280614808797472,0.0
11,118,0.7318994541238975,0.7318994541238975,0.0
11,119,0.7663044900027837,0.7663044900027837,0.0
11,120,0.7751151053582559,0.7751151053582559,0.0
11,121,0.7761226041368687,0.7761226041368687,0.0
11,122,0.7818938310224882,0.7818938310224882,0.0
11,123,0.7864031259902238,0.7864031259902238,0.0
11,124,0.787418639305211,0.787418639305211,0.0
11,125,0.7911881492195643,0.7911881492195643,0.0
11,126,0.7914146359911021,0.7914146359911021,0.0
11,127,0.7923948639312508,0.7923948639312508,0.0
12,0,-0.7797871443762647,-0.7797871443762647,0.0
12,1,-0.7710016904031852,-0.7710016904031852,0.0
12,2,-0.7678252793960655,-0.7678252793960655,0.0
12,3,-0.7617089213129979,-0.7617089213129979,0.0
12,4,-0.7412238783972124,-0.7412238783972124,0.0
12,5,-0.7382567174302468,-0.7382567174302468,0.0
12,6,-0.7314306889098776,-0.7314306889098776,0.0
12,7,-0.7305075180242199,-0.7305075180242199,0.0
12,8,-0.7249510004439452,-0.7249510004439452,0.0
12,9,-0.694355228557691,-0.694355228557691,0.0
12,10,-0.6904820411985537,-0.6904820411985537,0.0
12,11,-0.6829076444814781,-0.6829076444814781,0.0
12,12,-0.6725926942221272,-0.6725926942221272,0.0
12,13,-0.6621818896077184,-0.6621818896077184,0.0
12,14,-0.649983542343981,-0.649983542343981,0.0
12,15,-0.6420817849334531,-0.6420817849334531,0.0
12,16,-0.6409470946004249,-0.6409470946004249,0.0
12,17,-0.6341168354980584,-0.6341168354980584,0.0
12,18,-0.6264332185889732,-0.6264332185889732,0.0
12,19,-0.6224283379231986,-0.6224283379231986,0.0
12,20,-0.6222546611529453,-0.6222546611529453,0.0
12,21,-0.6021214173664099,-0.6021214173664099,0.0
12,22,-0.601652450115471,-0.601652450115471,0.0
12,23,-0.6013583286421351,-0.6013583286421351,0.0
12,24,-0.5906917489452788,-0.5906917489452788,0.0
12,25,-0.5878643415624055,-0.5878643415624055,0.0
12,26,-0.5829080267842939,-0.5829080267842939,0.0
12,27,-0.582120988651084,-0.582120988651084,0.0
12,28,-0.576178628379373,-0.576178628379373,0.0
12,29,-0.5451919103716357,-0.5451919103716357,0.0
12,30,-0.5225150513880747,-0.5225150513880747,0.0
12,31,-0.4950302318309245,-0.4950302318309245,0.0
12,32,-0.4878451988795998,-0.4878451988795998,0.0
12,33,-0.4804587001141961,-0.4804587001141961,0.0
12,34,-0.4567704176251821,-0.4567704176251821,0.0
12,35,-0.45550715387904256,-0.45550715387904256,0.0
12,36,-0.45287400646462717,-0.45287400646462717,0.0
12,37,-0.43748948636441903,-0.43748948636441903,0.0
12,38,-0.4278432398444274,-0.4278432398444274,0.0
12,39,-0.4247614784785789,-0.4247614784785789,0.0
12,40,-0.41073021534838344,-0.41073021534838344,0.0
12,41,-0.40979726343970796,-0.40979726343970796,0.0
12,42,-0.3736948169872772,-0.3736948169872772,0.0
12,43,-0.3715401052246822,-0.3715401052246822,0.0
12,44,-0.36833524842946785,-0.36833524842946785,0.0
12,45,-0.3659929387344475,-0.3659929387344475,0.0
12,46,-0.3612367760799499,-0.3612367760799499,0.0
12,47,-0.354166833748679,-0.354166833748679,0.0
12,48,-0.3029549680028334,-0.3029549680028334,0.0
12,49,-0.300381217127352,-0.300381217127352,0.0
12,50,-0.2966348773326466,-0.2966348773326466,0.0
12,51,-0.29466968405225896,-0.29466968405225896,0.0
12,52,-0.22775914648318382,-0.22775914648318382,0.0
12,53,-0.22344654696184296,-0.22344654696184296,0.0
12,54,-0.22337619568045197,-0.22337619568045197,0.0
12,55,-0.2122322435595578,-0.2122322435595578,0.0
12,56,-0.21053591769750943,-0.21053591769750943,0.0
12,57,-0.1946894130167367,-0.1946894130167367,0.0
12,58,-0.19253279300182397,-0.19253279300182397,0.0
12,59,-0.1670736470683501,-0.1670736470683501,0.0
12,60,-0.15659317851676777,-0.15659317851676777,0.0
12,61,-0.15008562011652718,-0.15008562011652718,0.0
12,62,-0.10921563297580406,-0.10921563297580406,0.0
12,63,-0.09719435024273154,-0.09719435024273154,0.0
12,64,-0.07759651332017725,-0.07759651332017725,0.0
12,65,-0.06559688672780464,-0.06559688672780464,0.0
12,66,-0.05131148405411157,-0.05131148405411157,0.0
12,67,-0.04900386159378609,-0.04900386159378609,0.0
12,68,-0.024376343920006427,-0.024376343920006427,0.0
12,69,-0.023391047724433636,-0.023391047724433636,0.0
12,70,-0.0038868526307519248,-0.0038868526307519248,0.0
12,71,0.015284758439053548,0.015284758439053548,0.0
12,72,0.047960622177908446,0.047960622177908446,0.0
12,73,0.09053688816028452,0.09053688816028452,0.0
12,74,0.09870597607018611,0.09870597607018611,0.0
12,75,0.10126095316780415,0.10126095316780415,0.0
12,76,0.10501665801739773,0.10501665801739773,0.0
12,77,0.1203937288145328,0.1203937288145328,0.0
12,78,0.12497924975741342,0.12497924975741342,0.0
12,79,0.13120207692548344,0.13120207692548344,0.0
12,80,0.13459624560224379,0.13459624560224379,0.0
12,81,0.13476209273766956,0.13476209273766956,0.0
12,82,0.13684900490314647,0.13684900490314647,0.0
12,83,0.13763492217790924,0.13763492217790924,0.0
12,84,0.17556042570826558,0.17556042570826558,0.0
12,85,0.19456853699841972,0.19456853699841972,0.0
12,86,0.1988396231074411,0.1988396231074411,0.0
12,87,0.2088197411552919,0.2088197411552919,0.0
12,88,0.2093510532868873,0.2093510532868873,0.0
12,89,0.2130517183625008,0.2130517183625008,0.0
12,90,0.22136671409328645,0.22136671409328645,0.0
12,91,0.22338543480710202,0.22338543480710202,0.0
12,92,0.22877934334871616,0.22877934334871616,0.0
12,93,0.23111755697021918,0.23111755697021918,0.0
12,94,0.2366151695499383,0.2366151695499383,0.0
12,95,0.2560849877216379,0.2560849877216379,0.0
12,96,0.2824796897020779,0.2824796897020779,0.0
12,97,0.289056928247104,0.289056928247104,0.0
12,98,0.3069955167480878,0.3069955167480878,0.0
12,99,0.3545859235885212,0.3545859235885212,0.0
12,100,0.3892853414576612,0.3892853414576612,0.0
12,101,0.40782314555787774,0.40782314555787774,0.0
12,102,0.4230491904990098,0.4230491904990098,0.0
12,103,0.42455775084396274,0.42455775084396274,0.0
12,104,0.4317315480557719,0.4317315480557719,0.0
12,105,0.44343554093503745,0.44343554093503745,0.0
12,106,0.4585603524380467,0.4585603524380467,0.0
12,107,0.47851143130931323,0.47851143130931323,0.0
12,108,0.4785572389134581,0.4785572389134581,0.0
12,109,0.5039934209439103,0.5039934209439103,0.0
12,110,0.5151352594625586,0.5151352594625586,0.0
12,111,0.5317475975714349,0.5317475975714349,0.0
12,112,0.5434546518795038,0.5434546518795038,0.0
12,113,0.5593247612610835,0.5593247612610835,0.0
12,114,0.5969978343944006,0.5969978343944006,0.0
12,115,0.6063284780156503,0.6063284780156503,0.0
12,116,0.6077230849056475,0.6077230849056475,0.0
12,117,0.6084443928199518,0.6084443928199518,0.0
12,118,0.6432734717483477,0.6432734717483477,0.0
12,119,0.6442083425665066,0.6442083425665066,0.0
12,120,0.6861893521486927,0.6861893521486927,0.0
12,121,0.712479756323446,0.712479756323446,0.0
12,122,0.7234335526535859,0.7234335526535859,0.0
12,123,0.7259801295761852,0.7259801295761852,0.0
12,124,0.7273083875871438,0.7273083875871438,0.0
12,125,0.73186975401797,0.73186975401797,0.0
12,126,0.7552818577646137,0.7552818577646137,0.0
12,127,0.7666685139363727,0.7666685139363727,0.0
13,0,-0.7981691264122146,-0.7981691264122146,0.0
13,1,-0.7848061092728692,-0.7848061092728692,0.0
13,2,-0.7710869264756086,-0.7710869264756086,0.0
13,3,-0.7681493123558,-0.7681493123558,0.0
13,4,-0.7546587352915206,-0.7546587352915206,0.0
13,5,-0.7544860903974263,-0.7544860903974263,0.0
13,6,-0.7542337756130739,-0.7542337756130739,0.0
13,7,-0.745357575653625,-0.745357575653625,0.0
13,8,-0.7302627456859979,-0.7302627456859979,0.0
13,9,-0.7224733412645821,-0.7224733412645821,0.0
13,10,-0.7209304135737539,-0.7209304135737539,0.0
13,11,-0.7162060059816175,-0.7162060059816175,0.0
13,12,-0.6980625779663274,-0.6980625779663274,0.0
13,13,-0.6858654307284011,-0.6858654307284011,0.0
13,14,-0.6818492699844367,-0.6818492699844367,0.0
13,15,-0.6601305397103312,-0.6601305397103312,0.0
13,16,-0.6563030175214518,-0.6563030175214518,0.0
13,17,-0.641979279444467,-0.641979279444467,0.0
13,18,-0.6237332231182071,-0.6237332231182071,0.0
13,19,-0.6115079273313797,-0.6115079273313797,0.0
13,20,-0.5910866990228921,-0.5910866990228921,0.0
13,21,-0.5869176942057811,-0.5869176942057811,0.0
13,22,-0.5823929239401036,-0.5823929239401036,0.0
13,23,-0.561302755166983,-0.561302755166983,0.0
13,24,-0.5575688929211475,-0.5575688929211475,0.0
13,25,-0.5463899720690988,-0.5463899720690988,0.0
13,26,-0.49472676478129984,-0.49472676478129984,0.0
13,27,-0.4797634815538301,-0.4797634815538301,0.0
13,28,-0.47598489989394754,-0.47598489989394754,0.0
13,29,-0.4600323800747422,-0.4600323800747422,0.0
13,30,-0.45426479781975043,-0.45426479781975043,0.0
13,31,-0.4509384707194965,-0.4509384707194965,0.0
13,32,-0.4301920820485746,-0.4301920820485746,0.0
13,33,-0.3989120453448841,-0.3989120453448841,0.0
13,34,-0.36744988926964695,-0.36744988926964695,0.0
13,35,-0.35986977834024964,-0.35986977834024964,0.0
13,36,-0.3453213488804888,-0.3453213488804888,0.0
13,37,-0.3144801031451728,-0.3144801031451728,0.0
13,38,-0.3029149761110825,-0.3029149761110825,0.0
13,39,-0.2852621342639406,-0.2852621342639406,0.0
13,40,-0.27907473140756595,-0.27907473140756595,0.0
13,41,-0.27379122717925863,-0.27379122717925863,0.0
13,42,-0.2713570227286626,-0.2713570227286626,0.0
13,43,-0.23757615039674765,-0.23757615039674765,0.0
13,44,-0.23593238691943236,-0.23593238691943236,0.0
13,45,-0.21773951982082043,-0.21773951982082043,0.0
13,46,-0.1823289935960789,-0.1823289935960789,0.0
13,47,-0.17632160371405148,-0.17632160371405148,0.0
13,48,-0.12159474350190785,-0.12159474350190785,0.0
13,49,-0.11942335903714892,-0.11942335903714892,0.0
13,50,-0.11035486154791965,-0.11035486154791965,0.0
13,51,-0.1004154672594348,-0.1004154672594348,0.0
13,52,-0.09282819374279346,-0.09282819374279346,0.0
13,53,-0.08468140549283537,-0.08468140549283537,0.0
13,54,-0.05025003754261022,-0.05025003754261022,0.0
13,55,-0.04728213578939702,-0.04728213578939702,0.0
13,56,-0.043229006288057016,-0.043229006288057016,0.0
13,57,-0.042332458523979,-0.042332458523979,0.0
13,58,-0.025265756816959417,-0.025265756816959417,0.0
13,59,0.02622567496326216,0.02622567496326216,0.0
13,60,0.02901052669294355,0.02901052669294355,0.0
13,61,0.033207181875849305,0.033207181875849305,0.0
13,62,0.06188388894532757,0.06188388894532757,0.0
13,63,0.06773303096132502,0.06773303096132502,0.0
13,64,0.08391392469036935,0.08391392469036935,0.0
13,65,0.09684028823873732,0.09684028823873732,0.0
13,66,0.11695071831369913,0.11695071831369913,0.0
13,67,0.11806815153876311,0.11806815153876311,0.0
13,68,0.1442147051565204,0.1442147051565204,0.0
13,69,0.14683405432749677,0.14683405432749677,0.0
13,70,0.14742969465762884,0.14742969465762884,0.0
13,71,0.14757310381308333,0.14757310381308333,0.0
13,72,0.17141960758662764,0.17141960758662764,0.0
13,73,0.17193659546087173,0.17193659546087173,0.0
13,74,0.1948840676376209,0.1948840676376209,0.0
13,75,0.24018261892595058,0.24018261892595058,0.0
13,76,0.25017053633102704,0.25017053633102704,0.0
13,77,0.25549760445384545,0.25549760445384545,0.0
13,78,0.26386730823780713,0.26386730823780713,0.0
13,79,0.29824420495870196,0.29824420495870196,0.0
13,80,0.3032786972689705,0.3032786972689705,0.0
13,81,0.30669140418011126,0.30669140418011126,0.0
13,82,0.30949976325029616,0.30949976325029616,0.0
13,83,0.3157082829380542,0.3157082829380542,0.0
13,84,0.34170592078356266,0.34170592078356266,0.0
13,85,0.3442406898791047,0.3442406898791047,0.0
13,86,0.3505468210863214,0.3505468210863214,0.0
13,87,0.38232328675181493,0.38232328675181493,0.0
13,88,0.40408073260003796,0.40408073260003796,0.0
13,89,0.40933279968907715,0.40933279968907715,0.0
13,90,0.415864249743343,0.415864249743343,0.0
13,91,0.4216856238962054,0.4216856238962054,0.0
13,92,0.4269345029960956,0.4269345029960956,0.0
13,93,0.43723551900494084,0.43723551900494084,0.0
13,94,0.44104415455584595,0.44104415455584595,0.0
13,95,0.44302905895224143,0.44302905895224143,0.0
13,96,0.44800369786631156,0.44800369786631156,0.0
13,97,0.4545755468677333,0.4545755468677333,0.0
13,98,0.467997411193093,0.467997411193093,0.0
13,99,0.47930184793330555,0.47930184793330555,0.0
13,100,0.505552117177556,0.505552117177556,0.0
13,101,0.5127221608507523,0.5127221608507523,0.0
13,102,0.535032101857612,0.535032101857612,0.0
13,103,0.5390446408797471,0.5390446408797471,0.0
13,104,0.542054152693991,0.542054152693991,0.0
13,105,0.5470724618039909,0.5470724618039909,0.0
13,106,0.5508672316737148,0.5508672316737148,0.0
13,107,0.5513694587915176,0.5513694587915176,0.0
13,108,0.5685337003100724,0.5685337003100724,0.0
13,109,0.5743047580723257,0.5743047580723257,0.0
13,110,0.5855215382367093,0.5855215382367093,0.0
13,111,0.5899483993566227,0.5899483993566227,0.0
13,112,0.6082008608577326,0.6082008608577326,0.0
13,113,0.6164323340342689,0.6164323340342689,0.0
13,114,0.62758268012314,0.62758268012314,0.0
13,115,0.6295471795241753,0.6295471795241753,0.0
13,116,0.6318658971360085,0.6318658971360085,0.0
13,117,0.652375816311595,0.652375816311595,0.0
13,118,0.6576741488356904,0.6576741488356904,0.0
13,119,0.7062716588526536,0.7062716588526536,0.0
13,120,0.7249628506423721,0.7249628506423721,0.0
13,121,0.7320387458644243,0.7320387458644243,0.0
13,122,0.7375058025985649,0.7375058025985649,0.0
13,123,0.7469069335413341,0.7469069335413341,0.0
13,124,0.7631480153856258,0.7631480153856258,0.0
13,125,0.7701964116264213,0.7701964116264213,0.0
13,126,0.7786742417830373,0.7786742417830373,0.0
13,127,0.7933307044037058,0.7933307044037058,0.0
14,0,-0.7787130590660429,-0.7787130590660429,0.0
14,1,-0.7770472080135907,-0.7770472080135907,0.0
14,2,-0.7731041085940981,-0.7731041085940981,0.0
14,3,-0.7653203078079068,-0.7653203078079068,0.0
14,4,-0.7448224855807477,-0.7448224855807477,0.0
14,5,-0.7378623010697267,-0.7378623010697267,0.0
14,6,-0.7304836664144739,-0.7304836664144739,0.0
14,7,-0.7222552419454596,-0.7222552419454596,0.0
14,8,-0.720085057243694,-0.720085057243694,0.0
14,9,-0.714605939609802,-0.714605939609802,0.0
14,10,-0.6662744338604191,-0.6662744338604191,0.0
14,11,-0.6644561433994811,-0.6644561433994811,0.0
14,12,-0.6643046166266476,-0.6643046166266476,0.0
14,13,-0.6531915404526614,-0.6531915404526614,0.0
14,14,-0.6403184874999064,-0.6403184874999064,0.0
14,15,-0.6332222432870348,-0.6332222432870348,0.0
14,16,-0.6176131590009662,-0.6176131590009662,0.0
14,17,-0.6159473877552962,-0.6159473877552962,0.0
14,18,-0.5709004249468981,-0.5709004249468981,0.0
14,19,-0.5706915508188735,-0.5706915508188735,0.0
14,20,-0.5563383452735814,-0.5563383452735814,0.0
14,21,-0.5542638783578898,-0.5542638783578898,0.0
14,22,-0.5462431234468133,-0.5462431234468133,0.0
14,23,-0.5353984828548385,-0.5353984828548385,0.0
14,24,-0.5177567731280165,-0.5177567731280165,0.0
14,25,-0.481712871610257,-0.481712871610257,0.0
14,26,-0.4692257171226588,-0.4692257171226588,0.0
14,27,-0.467714334568476,-0.467714334568476,0.0
14,28,-0.4514916983458422,-0.4514916983458422,0.0
14,29,-0.43990062890157483,-0.43990062890157483,0.0
14,30,-0.43852327251099404,-0.43852327251099404,0.0
14,31,-0.40649950308029903,-0.40649950308029903,0.0
14,32,-0.3996713749490697,-0.3996713749490697,0.0
14,33,-0.3829539447487054,-0.3829539447487054,0.0
14,34,-0.38258502579384235,-0.38258502579384235,0.0
14,35,-0.36387931685213193,-0.36387931685213193,0.0
14,36,-0.3117000176385739,-0.3117000176385739,0.0
14,37,-0.2966654147076261,-0.2966654147076261,0.0
14,38,-0.28027255658017564,-0.28027255658017564,0.0
14,39,-0.2796106857663988,-0.2796106857663988,0.0
14,40,-0.26741014685200143,-0.26741014685200143,0.0
14,41,-0.22002707578589062,-0.22002707578589062,0.0
14,42,-0.21833214295061812,-0.21833214295061812,0.0
14,43,-0.20332185026925612,-0.20332185026925612,0.0
14,44,-0.17168402687478912,-0.17168402687478912,0.0
14,45,-0.1706104378224339,-0.1706104378224339,0.0
14,46,-0.16597734643339984,-0.16597734643339984,0.0
14,47,-0.15683798460516238,-0.15683798460516238,0.0
14,48,-0.15251051569999136,-0.15251051569999136,0.0
14,49,-0.11931286477368311,-0.11931286477368311,0.0
14,50,-0.10869876368361187,-0.10869876368361187,0.0
14,51,-0.09864359489744974,-0.09864359489744974,0.0
14,52,-0.08558277242839729,-0.08558277242839729,0.0
14,53,-0.0747067211924957,-0.0747067211924957,0.0
14,54,-0.05826220321913489,-0.05826220321913489,0.0
14,55,-0.029578553471635516,-0.029578553471635516,0.0
14,56,-0.026742174668143017,-0.026742174668143017,0.0
14,57,-0.016469112093180804,-0.016469112093180804,0.0
14,58,0.007815628851718338,0.007815628851718338,0.0
14,59,0.011665837179518591,0.011665837179518591,0.0
14,60,0.01879141629906407,0.01879141629906407,0.0
14,61,0.042800326939650725,0.042800326939650725,0.0
14,62,0.048913848732348525,0.048913848732348525,0.0
14,63,0.05037305177040814,0.05037305177040814,0.0
14,64,0.07054839711877979,0.07054839711877979,0.0
14,65,0.10388748764611702,0.10388748764611702,0.0
14,66,0.11607757320349227,0.11607757320349227,0.0
14,67,0.1205510376890608,0.1205510376890608,0.0
14,68,0.14784194369237902,0.14784194369237902,0.0
14,69,0.14935932807252714,0.14935932807252714,0.0
14,70,0.15869082069728685,0.15869082069728685,0.0
14,71,0.16813160769226754,0.16813160769226754,0.0
14,72,0.2006629021709495,0.2006629021709495,0.0
14,73,0.21027918616177016,0.21027918616177016,0.0
14,74,0.24710747491476434,0.24710747491476434,0.0
14,75,0.25205907485543494,0.25205907485543494,0.0
14,76,0.252824735016028,0.252824735016028,0.0
14,77,0.26649127839027964,0.26649127839027964,0.0
14,78,0.2720716179992925,0.2720716179992925,0.0
14,79,0.2921912362934375,0.2921912362934375,0.0
14,80,0.2945421732704775,0.2945421732704775,0.0
14,81,0.29652908348376456,0.29652908348376456,0.0
14,82,0.29968823666881655,0.29968823666881655,0.0
14,83,0.3087083588834803,0.3087083588834803,0.0
14,84,0.31111644787028914,0.31111644787028914,0.0
14,85,0.31969333261308785,0.31969333261308785,0.0
14,86,0.35800702157942016,0.35800702157942016,0.0
14,87,0.39881597987611567,0.39881597987611567,0.0
14,88,0.40234520844591554,0.40234520844591554,0.0
14,89,0.4111744763927968,0.4111744763927968,0.0
14,90,0.4154490696415161,0.4154490696415161,0.0
14,91,0.43475741713194244,0.43475741713194244,0.0
14,92,0.436017615980667,0.436017615980667,0.0
14,93,0.45056238235663515,0.45056238235663515,0.0
14,94,0.4603163357154696,0.4603163357154696,0.0
14,95,0.4623839181939007,0.4623839181939007,0.0
14,96,0.4637162781822193,0.4637162781822193,0.0
14,97,0.46716998806119003,0.46716998806119003,0.0
14,98,0.46926805145277656,0.46926805145277656,0.0
14,99,0.4739316814331733,0.4739316814331733,0.0
14,100,0.4846370394831878,0.4846370394831878,0.0
14,101,0.4981202802928474,0.4981202802928474,0.0
14,102,0.5414487216774037,0.5414487216774037,0.0
14,103,0.5557003159159857,0.5557003159159857,0.0
14,104,0.5820152643485367,0.5820152643485367,0.0
14,105,0.5867949628754822,0.5867949628754822,0.0
14,106,0.5881359811574532,0.5881359811574532,0.0
14,107,0.6151687109818731,0.6151687109818731,0.0
14,108,0.6158734029983832,0.6158734029983832,0.0
14,109,0.6167696315472191,0.6167696315472191,0.0
14,110,0.6261195517690409,0.6261195517690409,0.0
14,111,0.627344093621143,0.627344093621143,0.0
14,112,0.6418561285039375,0.6418561285039375,0.0
14,113,0.6738532414045522,0.6738532414045522,0.0
14,114,0.6897853646600178,0.6897853646600178,0.0
14,115,0.695667469915215,0.695667469915215,0.0
14,116,0.7043778873894349,0.7043778873894349,0.0
14,117,0.7048143257706395,0.7048143257706395,0.0
14,118,0.7193845733555659,0.7193845733555659,0.0
14,119,0.7260593089921251,0.7260593089921251,0.0
14,120,0.7397300170912753,0.7397300170912753,0.0
14,121,0.7411405811010333,0.7411405811010333,0.0
14,122,0.7415497336291832,0.7415497336291832,0.0
14,123,0.7693472423046201,0.7693472423046201,0.0
14,124,0.7787601869604703,0.7787601869604703,0.0
14,125,0.779257697105685,0.779257697105685,0.0
14,126,0.7793605695065375,0.7793605695065375,0.0
14,127,0.7932172735843146,0.7932172735843146,0.0
15,0,-0.7788547286902893,-0.7788547286902893,0.0
15,1,-0.7747191026409578,-0.7747191026409578,0.0
15,2,-0.7702300707339133,-0.7702300707339133,0.0
15,3,-0.7365450353949081,-0.7365450353949081,0.0
15,4,-0.725958176854518,-0.725958176854518,0.0
15,5,-0.7071437014350928,-0.7071437014350928,0.0
15,6,-0.7003495752990161,-0.7003495752990161,0.0
15,7,-0.6910585030007346,-0.6910585030007346,0.0
15,8,-0.6645668757780145,-0.6645668757780145,0.0
15,9,-0.6554193732281052,-0.6554193732281052,0.0
15,10,-0.6548995033052002,-0.6548995033052002,0.0
15,11,-0.6500237616587512,-0.6500237616587512,0.0
15,12,-0.6194535430974377,-0.6194535430974377,0.0
15,13,-0.5959973025438874,-0.5959973025438874,0.0
15,14,-0.5901521107257379,-0.5901521107257379,0.0
15,15,-0.5883799313161829,-0.5883799313161829,0.0
15,16,-0.5770936965220111,-0.5770936965220111,0.0
15,17,-0.5508185185982585,-0.5508185185982585,0.0
15,18,-0.5371197549997779,-0.5371197549997779,0.0
15,19,-0.5025887650496481,-0.5025887650496481,0.0
15,20,-0.48677225127507867,-0.48677225127507867,0.0
15,21,-0.46892713203544983,-0.46892713203544983,0.0
15,22,-0.4480280746450811,-0.4480280746450811,0.0
15,23,-0.44338082375800225,-0.44338082375800225,0.0
15,24,-0.4408251348497473,-0.4408251348497473,0.0
15,25,-0.4268129522684683,-0.4268129522684683,0.0
15,26,-0.42073816417649523,-0.42073816417649523,0.0
15,27,-0.41775635376409553,-0.41775635376409553,0.0
15,28,-0.416016725705066,-0.416016725705066,0.0
15,29,-0.4143927232615296,-0.4143927232615296,0.0
15,30,-0.3863483387860825,-0.3863483387860825,0.0
15,31,-0.3778875786975713,-0.3778875786975713,0.0
15,32,-0.3570155495474023,-0.3570155495474023,0.0
15,33,-0.3485799544123765,-0.3485799544123765,0.0
15,34,-0.3407337842913931,-0.3407337842913931,0.0
15,35,-0.32804722073935316,-0.32804722073935316,0.0
15,36,-0.29391061027881005,-0.29391061027881005,0.0
15,37,-0.28390321442691474,-0.28390321442691474,0.0
15,38,-0.26302640259216814,-0.26302640259216814,0.0
15,39,-0.2271421371168641,-0.2271421371168641,0.0
15,40,-0.21318272287286177,-0.21318272287286177,0.0
15,41,-0.20825830506193732,-0.20825830506193732,0.0
15,42,-0.18137659403797937,-0.18137659403797937,0.0
15,43,-0.17245482999010253,-0.17245482999010253,0.0
15,44,-0.16560089724323906,-0.16560089724323906,0.0
15,45,-0.16269244230071822,-0.16269244230071822,0.0
15,46,-0.13254036823331017,-0.13254036823331017,0.0
15,47,-0.1307449631719429,-0.1307449631719429,0.0
15,48,-0.12970386663377625,-0.12970386663377625,0.0
15,49,-0.12727350787753997,-0.12727350787753997,0.0
15,50,-0.1138768647381955,-0.1138768647381955,0.0
15,51,-0.11220938199617443,-0.11220938199617443,0.0
15,52,-0.10971826622272651,-0.10971826622272651,0.0
15,53,-0.08261846832642537,-0.08261846832642537,0.0
15,54,-0.06995194289119074,-0.06995194289119074,0.0
15,55,-0.06537646607254236,-0.06537646607254236,0.0
15,56,-0.05016018518503671,-0.05016018518503671,0.0
15,57,-0.037449297699572,-0.037449297699572,0.0
15,58,0.03934334586190698,0.03934334586190698,0.0
15,59,0.06783800516026428,0.06783800516026428,0.0
15,60,0.0799288377175321,0.0799288377175321,0.0
15,61,0.09067528709182433,0.09067528709182433,0.0
15,62,0.11574584662454086,0.11574584662454086,0.0
15,63,0.118933921890768,0.118933921890768,0.0
15,64,0.1488490026434368,0.1488490026434368,0.0
15,65,0.1526778051010279,0.1526778051010279,0.0
15,66,0.16285894287431102,0.16285894287431102,0.0
15,67,0.17023354223844722,0.17023354223844722,0.0
15,68,0.17797421683356873,0.17797421683356873,0.0
15,69,0.1783307586563364,0.1783307586563364,0.0
15,70,0.18064516691196744,0.18064516691196744,0.0
15,71,0.20506113858700772,0.20506113858700772,0.0
15,72,0.22222466739675648,0.22222466739675648,0.0
15,73,0.22476753999597643,0.22476753999597643,0.0
15,74,0.2356677244799057,0.2356677244799057,0.0
15,75,0.26114596467799006,0.26114596467799006,0.0
15,76,0.2639944984273896,0.2639944984273896,0.0
15,77,0.26842830784556376,0.26842830784556376,0.0
15,78,0.27012364309216325,0.27012364309216325,0.0
15,79,0.2755092799167624,0.2755092799167624,0.0
15,80,0.2826444936889077,0.2826444936889077,0.0
15,81,0.28733150907226807,0.28733150907226807,0.0
15,82,0.2940002843208305,0.2940002843208305,0.0
15,83,0.29855710107489325,0.29855710107489325,0.0
15,84,0.37143732199659657,0.37143732199659657,0.0
15,85,0.38826221428595553,0.38826221428595553,0.0
15,86,0.39160272268176544,0.39160272268176544,0.0
15,87,0.3927424136444515,0.3927424136444515,0.0
15,88,0.3941974693711579,0.3941974693711579,0.0
15,89,0.4092027245579066,0.4092027245579066,0.0
15,90,0.4107173987040456,0.4107173987040456,0.0
15,91,0.4477350411739801,0.4477350411739801,0.0
15,92,0.4544131110823674,0.4544131110823674,0.0
15,93,0.47588719182246675,0.47588719182246675,0.0
15,94,0.48083504893547907,0.48083504893547907,0.0
15,95,0.48579389151335733,0.48579389151335733,0.0
15,96,0.4981535101424477,0.4981535101424477,0.0
15,97,0.49815786197122897,0.49815786197122897,0.0
15,98,0.503211615721691,0.503211615721691,0.0
15,99,0.5182003944384729,0.5182003944384729,0.0
15,100,0.5302196459833013,0.5302196459833013,0.0
15,101,0.544688584718333,0.544688584718333,0.0
15,102,0.5761843482214273,0.5761843482214273,0.0
15,103,0.588726554551975,0.588726554551975,0.0
15,104,0.6078257551075471,0.6078257551075471,0.0
15,105,0.6078961181310591,0.6078961181310591,0.0
15,106,0.6131381058320925,0.6131381058320925,0.0
15,107,0.6242575850292362,0.6242575850292362,0.0
15,108,0.6264533657690358,0.6264533657690358,0.0
15,109,0.6449209818136604,0.6449209818136604,0.0
15,110,0.6685371353752017,0.6685371353752017,0.0
15,111,0.6688853529033697,0.6688853529033697,0.0
15,112,0.6705594212429484,0.6705594212429484,0.0
15,113,0.6761030742334463,0.6761030742334463,0.0
15,114,0.699410278988189,0.699410278988189,0.0
15,115,0.7089214154488437,0.7089214154488437,0.0
15,116,0.7235424178722063,0.7235424178722063,0.0
15,117,0.7375108268198698,0.7375108268198698,0.0
15,118,0.7405515067765306,0.7405515067765306,0.0
15,119,0.7434001429378982,0.7434001429378982,0.0
15,120,0.7438815505993519,0.7438815505993519,0.0
15,121,0.762037724822132,0.762037724822132,0.0
15,122,0.7695695801718325,0.7695695801718325,0.0
15,123,0.7743004547605201,0.7743004547605201,0.0
15,124,0.7743697612263365,0.7743697612263365,0.0
15,125,0.7756730803434513,0.7756730803434513,0.0
15,126,0.7802460153728831,0.7802460153728831,0.0
15,127,0.7904210165515727,0.7904210165515727,0.0
16,0,-0.7771166099989263,-0.7771166099989263,0.0
16,1,-0.7744330437121958,-0.7744330437121958,0.0
16,2,-0.7572991546847995,-0.7572991546847995,0.0
16,3,-0.7482243668441285,-0.7482243668441285,0.0
16,4,-0.7463737937535303,-0.7463737937535303,0.0
16,5,-0.7301386418818465,-0.7301386418818465,0.0
16,6,-0.7038746406224216,-0.7038746406224216,0.0
16,7,-0.6723334836248492,-0.6723334836248492,0.0
16,8,-0.6537673972628513,-0.6537673972628513,0.0
16,9,-0.6518338236290543,-0.6518338236290543,0.0
16,10,-0.6337293025807464,-0.6337293025807464,0.0
16,11,-0.6062397955859885,-0.6062397955859885,0.0
16,12,-0.605945431571914,-0.605945431571914,0.0
16,13,-0.5969514188252012,-0.5969514188252012,0.0
16,14,-0.5894581546615939,-0.5894581546615939,0.0
16,15,-0.5490367072728413,-0.5490367072728413,0.0
16,16,-0.5300372096780492,-0.5300372096780492,0.0
16,17,-0.5009233790897876,-0.5009233790897876,0.0
16,18,-0.49350944814249936,-0.49350944814249936,0.0
16,19,-0.4897118850016998,-0.4897118850016998,0.0
16,20,-0.4789414298036292,-0.4789414298036292,0.0
16,21,-0.4778175922204504,-0.4778175922204504,0.0
16,22,-0.46463693150990654,-0.46463693150990654,0.0
16,23,-0.4233404216520576,-0.4233404216520576,0.0
16,24,-0.3819665682875975,-0.3819665682875975,0.0
16,25,-0.3802928071365864,-0.3802928071365864,0.0
16,26,-0.37292108455117323,-0.37292108455117323,0.0
16,27,-0.3667608137496764,-0.3667608137496764,0.0
16,28,-0.3634338170317696,-0.3634338170317696,0.0
16,29,-0.3585321041236073,-0.3585321041236073,0.0
16,30,-0.34919515797134015,-0.34919515797134015,0.0
16,31,-0.33069049542685125,-0.33069049542685125,0.0
16,32,-0.32801324512914115,-0.32801324512914115,0.0
16,33,-0.3237589715686909,-0.3237589715686909,0.0
16,34,-0.3157753918999575,-0.3157753918999575,0.0
16,35,-0.3113448403793562,-0.3113448403793562,0.0
16,36,-0.30573982454189397,-0.30573982454189397,0.0
16,37,-0.27228253516814277,-0.27228253516814277,0.0
16,38,-0.25350763038901913,-0.25350763038901913,0.0
16,39,-0.2414505895017184,-0.2414505895017184,0.0
16,40,-0.23534794157671204,-0.23534794157671204,0.0
16,41,-0.1897585155735751,-0.1897585155735751,0.0
16,42,-0.17615932538918155,-0.17615932538918155,0.0
16,43,-0.16840196332271945,-0.16840196332271945,0.0
16,44,-0.1508030444354155,-0.1508030444354155,0.0
16,45,-0.1387076080245734,-0.1387076080245734,0.0
16,46,-0.12416309274252502,-0.12416309274252502,0.0
16,47,-0.11369083991713023,-0.11369083991713023,0.0
16,48,-0.10953539929111447,-0.10953539929111447,0.0
16,49,-0.09538976214216942,-0.09538976214216942,0.0
16,50,-0.0739419698357791,-0.0739419698357791,0.0
16,51,-0.07354112934778492,-0.07354112934778492,0.0
16,52,-0.05445170836099394,-0.05445170836099394,0.0
16,53,-0.03650831390325191,-0.03650831390325191,0.0
16,54,-0.03462598666333392,-0.03462598666333392,0.0
16,55,-0.032195101921278814,-0.032195101921278814,0.0
16,56,-0.027233717008656025,-0.027233717008656025,0.0
16,57,-0.020109542316849274,-0.020109542316849274,0.0
16,58,-0.01801118976771825,-0.01801118976771825,0.0
16,59,-0.014382022218831737,-0.014382022218831737,0.0
16,60,-0.013393078157614192,-0.013393078157614192,0.0
16,61,-0.013288850256514273,-0.013288850256514273,0.0
16,62,-0.01026039140362336,-0.01026039140362336,0.0
16,63,0.010707122751427002,0.010707122751427002,0.0
16,64,0.017290891472879013,0.017290891472879013,0.0
16,65,0.020914372099029778,0.020914372099029778,0.0
16,66,0.06394373712678388,0.06394373712678388,0.0
16,67,0.07832190594833631,0.07832190594833631,0.0
16,68,0.0820502591086127,0.0820502591086127,0.0
16,69,0.08342207553260278,0.08342207553260278,0.0
16,70,0.09114323015500539,0.09114323015500539,0.0
16,71,0.1267285242712479,0.1267285242712479,0.0
16,72,0.13934792442441726,0.13934792442441726,0.0
16,73,0.14073926530945577,0.14073926530945577,0.0
16,74,0.15419441388783195,0.15419441388783195,0.0
16,75,0.1690466004805968,0.1690466004805968,0.0
16,76,0.17387405549807478,0.17387405549807478,0.0
16,77,0.17963549001504564,0.17963549001504564,0.0
16,78,0.18968751803303904,0.18968751803303904,0.0
16,79,0.19093570701762774,0.19093570701762774,0.0
16,80,0.19164414478392314,0.19164414478392314,0.0
16,81,0.1996182742127216,0.1996182742127216,0.0
16,82,0.2004989402724796,0.2004989402724796,0.0
16,83,0.20185901157718933,0.20185901157718933,0.0
16,84,0.22000765640264142,0.22000765640264142,0.0
16,85,0.26313001359552307,0.26313001359552307,0.0
16,86,0.27348321518543256,0.27348321518543256,0.0
16,87,0.2748214937403873,0.2748214937403873,0.0
16,88,0.28251998107353277,0.28251998107353277,0.0
16,89,0.296034922206948,0.296034922206948,0.0
16,90,0.3022451487404514,0.3022451487404514,0.0
16,91,0.30269922514145764,0.30269922514145764,0.0
16,92,0.33433247698581803,0.33433247698581803,0.0
16,93,0.3362472351957239,0.3362472351957239,0.0
16,94,0.35190528941248495,0.35190528941248495,0.0
16,95,0.3582765000810628,0.3582765000810628,0.0
16,96,0.36985953465302385,0.36985953465302385,0.0
16,97,0.3765482474922255,0.3765482474922255,0.0
16,98,0.3875385203308163,0.3875385203308163,0.0
16,99,0.42609556707314733,0.42609556707314733,0.0
16,100,0.44291998668171395,0.44291998668171395,0.0
16,101,0.46472299936975614,0.46472299936975614,0.0
16,102,0.4651058234908641,0.4651058234908641,0.0
16,103,0.47543839705352425,0.47543839705352425,0.0
16,104,0.49275743264578775,0.49275743264578775,0.0
16,105,0.49645821971969095,0.49645821971969095,0.0
16,106,0.4992233735690992,0.4992233735690992,0.0
16,107,0.5130852718864768,0.5130852718864768,0.0
16,108,0.5341473693290418,0.5341473693290418,0.0
16,109,0.5557499109996993,0.5557499109996993,0.0
16,110,0.5660928250820219,0.5660928250820219,0.0
16,111,0.5868052622053261,0.5868052622053261,0.0
16,112,0.5964826386035539,0.5964826386035539,0.0
16,113,0.5980475767217118,0.5980475767217118,0.0
16,114,0.605996411409292,0.605996411409292,0.0
16,115,0.6074371496452047,0.6074371496452047,0.0
16,116,0.628795066474825,0.628795066474825,0.0
16,117,0.6302852151264177,0.6302852151264177,0.0
16,118,0.6308887875024811,0.6308887875024811,0.0
16,119,0.651447206092226,0.651447206092226,0.0
16,120,0.6641892494157319,0.6641892494157319,0.0
16,121,0.7041560857265765,0.7041560857265765,0.0
16,122,0.7044675907206234,0.7044675907206234,0.0
16,123,0.7234827128342222,0.7234827128342222,0.0
16,124,0.7270905052538741,0.7270905052538741,0.0
16,125,0.742600245164692,0.742600245164692,0.0
16,126,0.7777154679945952,0.7777154679945952,0.0
16,127,0.7981567471011886,0.7981567471011886,0.0
17,0,-0.7888778031443975,-0.7888778031443975,0.0
17,1,-0.7481653353784357,-0.7481653353784357,0.0
17,2,-0.7341699273762009,-0.7341699273762009,0.0
17,3,-0.7313013796786431,-0.7313013796786431,0.0
17,4,-0.7261065389072187,-0.7261065389072187,0.0
17,5,-0.7053157965385659,-0.7053157965385659,0.0
17,6,-0.6964389989709423,-0.6964389989709423,0.0
17,7,-0.6672470442194687,-0.6672470442194687,0.0
17,8,-0.6018591604325139,-0.6018591604325139,0.0
17,9,-0.5885173660060827,-0.5885173660060827,0.0
17,10,-0.575668257865493,-0.575668257865493,0.0
17,11,-0.5752902335308953,-0.5752902335308953,0.0
17,12,-0.549499048283602,-0.549499048283602,0.0
17,13,-0.5296503088657758,-0.5296503088657758,0.0
17,14,-0.529485540112827,-0.529485540112827,0.0
17,15,-0.5240676678073369,-0.5240676678073369,0.0
17,16,-0.5134088990649336,-0.5134088990649336,0.0
17,17,-0.5037293316276278,-0.5037293316276278,0.0
17,18,-0.492753446714484,-0.492753446714484,0.0
17,19,-0.4905491440588836,-0.4905491440588836,0.0
17,20,-0.4453552845606794,-0.4453552845606794,0.0
17,21,-0.43049853841479796,-0.43049853841479796,0.0
17,22,-0.43012996517480695,-0.43012996517480695,0.0
17,23,-0.4203805696591332,-0.4203805696591332,0.0
17,24,-0.4199604270882725,-0.4199604270882725,0.0
17,25,-0.4042273183677413,-0.4042273183677413,0.0
17,26,-0.3683750973862083,-0.3683750973862083,0.0
17,27,-0.3633454379792392,-0.3633454379792392,0.0
17,28,-0.3476404609909489,-0.3476404609909489,0.0
17,29,-0.316818939268277,-0.316818939268277,0.0
17,30,-0.3022091637665453,-0.3022091637665453,0.0
17,31,-0.30032746094771223,-0.30032746094771223,0.0
17,32,-0.299167831105941,-0.299167831105941,0.0
17,33,-0.2923672694532476,-0.2923672694532476,0.0
17,34,-0.24726037460097405,-0.24726037460097405,0.0
17,35,-0.23955625920794504,-0.23955625920794504,0.0
17,36,-0.2212210281760436,-0.2212210281760436,0.0
17,37,-0.20918741896909926,-0.20918741896909926,0.0
17,38,-0.18552071891678834,-0.18552071891678834,0.0
17,39,-0.18488934037830074,-0.18488934037830074,0.0
17,40,-0.14147154866076406,-0.14147154866076406,0.0
17,41,-0.13432977620107264,-0.13432977620107264,0.0
17,42,-0.11197680860752134,-0.11197680860752134,0.0
17,43,-0.11124984961667757,-0.11124984961667757,0.0
17,44,-0.09107222511223637,-0.09107222511223637,0.0
17,45,-0.07989912548468983,-0.07989912548468983,0.0
17,46,-0.06944106152195798,-0.06944106152195798,0.0
17,47,-0.05406616369219126,-0.05406616369219126,0.0
17,48,-0.037610595324673035,-0.037610595324673035,0.0
17,49,-0.03594360513282293,-0.03594360513282293,0.0
17,50,-0.02880294757926656,-0.02880294757926656,0.0
17,51,-0.016607702226332677,-0.016607702226332677,0.0
17,52,-0.002820279918152835,-0.002820279918152835,0.0
17,53,0.03615110638646115,0.03615110638646115,0.0
17,54,0.04804430617825126,0.04804430617825126,0.0
17,55,0.05548754026143321,0.05548754026143321,0.0
17,56,0.06049602857098435,0.06049602857098435,0.0
17,57,0.06070804653159456,0.06070804653159456,0.0
17,58,0.06095589092362186,0.06095589092362186,0.0
17,59,0.07608130386867114,0.07608130386867114,0.0
17,60,0.07799911094180914,0.07799911094180914,0.0
17,61,0.08690216970684582,0.08690216970684582,0.0
17,62,0.09664718565669794,0.09664718565669794,0.0
17,63,0.09894950245435084,0.09894950245435084,0.0
17,64,0.11200091807546252,0.11200091807546252,0.0
17,65,0.11251573372405109,0.11251573372405109,0.0
17,66,0.1317820920609872,0.1317820920609872,0.0
17,67,0.15088091744999732,0.15088091744999732,0.0
17,68,0.1528865846265191,0.1528865846265191,0.0
17,69,0.16209971807953139,0.16209971807953139,0.0
17,70,0.16499732114524993,0.16499732114524993,0.0
17,71,0.17011225085452664,0.17011225085452664,0.0
17,72,0.17454811626375852,0.17454811626375852,0.0
17,73,0.1877093247199671,0.1877093247199671,0.0
17,74,0.19214429082906578,0.19214429082906578,0.0
17,75,0.2094330097053746,0.2094330097053746,0.0
17,76,0.2444783945477406,0.2444783945477406,0.0
17,77,0.24514258696552407,0.24514258696552407,0.0
17,78,0.25784367401824543,0.25784367401824543,0.0
17,79,0.2608645056264964,0.2608645056264964,0.0
17,80,0.27019100380410155,0.27019100380410155,0.0
17,81,0.31689314033609595,0.31689314033609595,0.0
17,82,0.32651936157820194,0.32651936157820194,0.0
17,83,0.3278460960143361,0.3278460960143361,0.0
17,84,0.33230922230434673,0.33230922230434673,0.0
17,85,0.33776145944693586,0.33776145944693586,0.0
17,86,0.3597431068363182,0.3597431068363182,0.0
17,87,0.36479644517537513,0.36479644517537513,0.0
17,88,0.38094229623397774,0.38094229623397774,0.0
17,89,0.39356873728049246,0.39356873728049246,0.0
17,90,0.39698345591163986,0.39698345591163986,0.0
17,91,0.402868893396,0.402868893396,0.0
17,92,0.40962906140255734,0.40962906140255734,0.0
17,93,0.41351216380752565,0.41351216380752565,0.0
17,94,0.41353653461842194,0.41353653461842194,0.0
17,95,0.42934556819884495,0.42934556819884495,0.0
17,96,0.4355089221452604,0.4355089221452604,0.0
17,97,0.43553595546720686,0.43553595546720686,0.0
17,98,0.4478045590201884,0.4478045590201884,0.0
17,99,0.449487375853046,0.449487375853046,0.0
17,100,0.45178076914521803,0.45178076914521803,0.0
17,101,0.4620334768971187,0.4620334768971187,0.0
17,102,0.4646070269117637,0.4646070269117637,0.0
17,103,0.48354760725046,0.48354760725046,0.0
17,104,0.5190897165136426,0.5190897165136426,0.0
17,105,0.5255237585704443,0.5255237585704443,0.0
17,106,0.5343235056252823,0.5343235056252823,0.0
17,107,0.545116089062857,0.545116089062857,0.0
17,108,0.5488741115227969,0.5488741115227969,0.0
17,109,0.5795646597099727,0.5795646597099727,0.0
17,110,0.598088254077702,0.598088254077702,0.0
17,111,0.6017896268093219,0.6017896268093219,0.0
17,112,0.6383577481140874,0.6383577481140874,0.0
17,113,0.6388985223903865,0.6388985223903865,0.0
17,114,0.6491970451509437,0.6491970451509437,0.0
17,115,0.6542207633646598,0.6542207633646598,0.0
17,116,0.660927255144787,0.660927255144787,0.0
17,117,0.6618266588914363,0.6618266588914363,0.0
17,118,0.6638501938156944,0.6638501938156944,0.0
17,119,0.710010313573363,0.710010313573363,0.0
17,120,0.7125304075260124,0.7125304075260124,0.0
17,121,0.7135632408024272,0.7135632408024272,0.0
17,122,0.7143377876222479,0.7143377876222479,0.0
17,123,0.7213953714492558,0.7213953714492558,0.0
17,124,0.7483224452357593,0.7483224452357593,0.0
17,125,0.7684093545270461,0.7684093545270461,0.0
17,126,0.7694110345720637,0.7694110345720637,0.0
17,127,0.7716198306653782,0.7716198306653782,0.0
18,0,-0.7869268787154002,-0.7869268787154002,0.0
18,1,-0.7806665341483277,-0.7806665341483277,0.0
18,2,-0.7589733842865796,-0.7589733842865796,0.0
18,3,-0.7522302403507819,-0.7522302403507819,0.0
18,4,-0.6520559650734065,-0.6520559650734065,0.0
18,5,-0.6470325464773463,-0.6470325464773463,0.0
18,6,-0.6397052871482818,-0.6397052871482818,0.0
18,7,-0.63223358197301,-0.63223358197301,0.0
18,8,-0.6287004790098746,-0.6287004790098746,0.0
18,9,-0.6248928086397293,-0.6248928086397293,0.0
18,10,-0.6066521396270121,-0.6066521396270121,0.0
18,11,-0.6000740862845119,-0.6000740862845119,0.0
18,12,-0.5740256644932552,-0.5740256644932552,0.0
18,13,-0.5726172812202143,-0.5726172812202143,0.0
18,14,-0.5644063293677878,-0.5644063293677878,0.0
18,15,-0.5521338256828745,-0.5521338256828745,0.0
18,16,-0.538916751023851,-0.538916751023851,0.0
18,17,-0.5352439098293413,-0.5352439098293413,0.0
18,18,-0.5346809101102032,-0.5346809101102032,0.0
18,19,-0.5195973178416813,-0.5195973178416813,0.0
18,20,-0.5164657002772673,-0.5164657002772673,0.0
18,21,-0.5122755284146733,-0.5122755284146733,0.0
18,22,-0.4912500597093134,-0.4912500597093134,0.0
18,23,-0.470156908785987,-0.470156908785987,0.0
18,24,-0.45299454862284244,-0.45299454862284244,0.0
18,25,-0.4500023679545434,-0.4500023679545434,0.0
18,26,-0.4463273631862363,-0.4463273631862363,0.0
18,27,-0.4243106830054879,-0.4243106830054879,0.0
18,28,-0.4125871188199508,-0.4125871188199508,0.0
18,29,-0.39682225177683006,-0.39682225177683006,0.0
18,30,-0.39007521335003636,-0.39007521335003636,0.0
18,31,-0.3710059146072972,-0.3710059146072972,0.0
18,32,-0.36355905013426004,-0.36355905013426004,0.0
18,33,-0.36064548647212435,-0.36064548647212435,0.0
18,34,-0.36038973491687387,-0.36038973491687387,0.0
18,35,-0.34007342954880465,-0.34007342954880465,0.0
18,36,-0.3322227719786103,-0.3322227719786103,0.0
18,37,-0.3301012182038607,-0.3301012182038607,0.0
18,38,-0.29855455625612265,-0.29855455625612265,0.0
18,39,-0.29252742224712325,-0.29252742224712325,0.0
18,40,-0.29059323399226306,-0.29059323399226306,0.0
18,41,-0.26988665433415465,-0.26988665433415465,0.0
18,42,-0.2639428748970204,-0.2639428748970204,0.0
18,43,-0.24849941987366933,-0.24849941987366933,0.0
18,44,-0.24790973229202218,-0.24790973229202218,0.0
18,45,-0.24413746820685278,-0.24413746820685278,0.0
18,46,-0.23929057328384415,-0.23929057328384415,0.0
18,47,-0.20397227947013852,-0.20397227947013852,0.0
18,48,-0.20107765597110544,-0.20107765597110544,0.0
18,49,-0.15445830219497872,-0.15445830219497872,0.0
18,50,-0.14452955945802942,-0.14452955945802942,0.0
18,51,-0.12165313968029264,-0.12165313968029264,0.0
18,52,-0.11950916723398351,-0.11950916723398351,0.0
18,53,-0.11947325692709043,-0.11947325692709043,0.0
18,54,-0.1183815427778546,-0.1183815427778546,0.0
18,55,-0.11632291738477907,-0.11632291738477907,0.0
18,56,-0.1065940677840862,-0.1065940677840862,0.0
18,57,-0.07342299938792554,-0.07342299938792554,0.0
18,58,-0.07003805276323298,-0.07003805276323298,0.0
18,59,-0.06361727464831848,-0.06361727464831848,0.0
18,60,-0.0471464695452255,-0.0471464695452255,0.0
18,61,-0.04560485003313133,-0.04560485003313133,0.0
18,62,-0.040230332655947804,-0.040230332655947804,0.0
18,63,-0.006448385168323157,-0.006448385168323157,0.0
18,64,0.049801139342311986,0.049801139342311986,0.0
18,65,0.05917530849556645,0.05917530849556645,0.0
18,66,0.06537243395408687,0.06537243395408687,0.0
18,67,0.10899655383959034,0.10899655383959034,0.0
18,68,0.110590980796934,0.110590980796934,0.0
18,69,0.12856743573704676,0.12856743573704676,0.0
18,70,0.13918473950291865,0.13918473950291865,0.0
18,71,0.14941711590531312,0.14941711590531312,0.0
18,72,0.15095744677976042,0.15095744677976042,0.0
18,73,0.1668743055341377,0.1668743055341377,0.0
18,74,0.17391700804817756,0.17391700804817756,0.0
18,75,0.17879633374017417,0.17879633374017417,0.0
18,76,0.17939426226800032,0.17939426226800032,0.0
18,77,0.18998066816753154,0.18998066816753154,0.0
18,78,0.20193320343498194,0.20193320343498194,0.0
18,79,0.22041944979396444,0.22041944979396444,0.0
18,80,0.22666216727182498,0.22666216727182498,0.0
18,81,0.2541385363030663,0.2541385363030663,0.0
18,82,0.2556903560559713,0.2556903560559713,0.0
18,83,0.27400121852847104,0.27400121852847104,0.0
18,84,0.28717936693479146,0.28717936693479146,0.0
18,85,0.29210630582426644,0.29210630582426644,0.0
18,86,0.34317005795312405,0.34317005795312405,0.0
18,87,0.3479339689633598,0.3479339689633598,0.0
18,88,0.36161784457988433,0.36161784457988433,0.0
18,89,0.3648558151746899,0.3648558151746899,0.0
18,90,0.37025107225510895,0.37025107225510895,0.0
18,91,0.3878160908422585,0.3878160908422585,0.0
18,92,0.4053111128696891,0.4053111128696891,0.0
18,93,0.4229934272365931,0.4229934272365931,0.0
18,94,0.4322528369684351,0.4322528369684351,0.0
18,95,0.44125274754243016,0.44125274754243016,0.0
18,96,0.44915426336281483,0.44915426336281483,0.0
18,97,0.46350488236436455,0.46350488236436455,0.0
18,98,0.4754554526114538,0.4754554526114538,0.0
18,99,0.49244338021844425,0.49244338021844425,0.0
18,100,0.4932913910228196,0.4932913910228196,0.0
18,101,0.4958864447820579,0.4958864447820579,0.0
18,102,0.5005822125635121,0.5005822125635121,0.0
18,103,0.5880117657087144,0.5880117657087144,0.0
18,104,0.588175755542846,0.588175755542846,0.0
18,105,0.5992552784436305,0.5992552784436305,0.0
18,106,0.6026864185335937,0.6026864185335937,0.0
18,107,0.617001426047248,0.617001426047248,0.0
18,108,0.6431108366449643,0.6431108366449643,0.0
18,109,0.651419100156156,0.651419100156156,0.0
18,110,0.6584722076539692,0.6584722076539692,0.0
18,111,0.661178328172471,0.661178328172471,0.0
18,112,0.674311092620838,0.674311092620838,0.0
18,113,0.6747542826285904,0.6747542826285904,0.0
18,114,0.690537693426297,0.690537693426297,0.0
18,115,0.7173191771918875,0.7173191771918875,0.0
18,116,0.7261952878163012,0.7261952878163012,0.0
18,117,0.7289445826360649,0.7289445826360649,0.0
18,118,0.7329639916836831,0.7329639916836831,0.0
18,119,0.734544383760737,0.734544383760737,0.0
18,120,0.7444415425346969,0.7444415425346969,0.0
18,121,0.7447921250477144,0.7447921250477144,0.0
18,122,0.7470830555552823,0.7470830555552823,0.0
18,123,0.7526985332339466,0.7526985332339466,0.0
18,124,0.7739336977109158,0.7739336977109158,0.0
18,125,0.7805389021127234,0.7805389021127234,0.0
18,126,0.7862032791105794,0.7862032791105794,0.0
18,127,0.7948144379619443,0.7948144379619443,0.0
19,0,-0.7708893027704118,-0.7708893027704118,0.0
19,1,-0.7421078517730293,-0.7421078517730293,0.0
19,2,-0.7260945523803879,-0.7260945523803879,0.0
19,3,-0.7190137613864954,-0.7190137613864954,0.0
19,4,-0.691911889548512,-0.691911889548512,0.0
19,5,-0.688572873067596,-0.688572873067596,0.0
19,6,-0.683066711543771,-0.683066711543771,0.0
19,7,-0.6716961343848807,-0.6716961343848807,0.0
19,8,-0.6603774923648313,-0.6603774923648313,0.0
19,9,-0.6479126259243895,-0.6479126259243895,0.0
19,10,-0.6342389881205147,-0.6342389881205147,0.0
19,11,-0.6324637363432049,-0.6324637363432049,0.0
19,12,-0.6268610136819673,-0.6268610136819673,0.0
19,13,-0.6265541737580329,-0.6265541737580329,0.0
19,14,-0.6091179689709634,-0.6091179689709634,0.0
19,15,-0.6024143829137778,-0.6024143829137778,0.0
19,16,-0.6021542891841739,-0.6021542891841739,0.0
19,17,-0.5986134458479507,-0.5986134458479507,0.0
19,18,-0.5786863042130881,-0.5786863042130881,0.0
19,19,-0.5564470770662074,-0.5564470770662074,0.0
19,20,-0.5505983488637176,-0.5505983488637176,0.0
19,21,-0.5412811773932351,-0.5412811773932351,0.0
19,22,-0.5309968686057717,-0.5309968686057717,0.0
19,23,-0.5210313442795143,-0.5210313442795143,0.0
19,24,-0.5074652698481058,-0.5074652698481058,0.0
19,25,-0.5074204036349326,-0.5074204036349326,0.0
19,26,-0.5021984485732803,-0.5021984485732803,0.0
19,27,-0.483636903051233,-0.483636903051233,0.0
19,28,-0.4786612645857762,-0.4786612645857762,0.0
19,29,-0.47346221990581744,-0.47346221990581744,0.0
19,30,-0.4725101351475868,-0.4725101351475868,0.0
19,31,-0.4719250796978557,-0.4719250796978557,0.0
19,32,-0.46448409660433954,-0.46448409660433954,0.0
19,33,-0.45827396564500006,-0.45827396564500006,0.0
19,34,-0.44636408535513417,-0.44636408535513417,0.0
19,35,-0.4204798032121524,-0.4204798032121524,0.0
19,36,-0.4093285212818112,-0.4093285212818112,0.0
19,37,-0.39635722065517315,-0.39635722065517315,0.0
19,38,-0.3645975833184194,-0.3645975833184194,0.0
19,39,-0.3601540589802566,-0.3601540589802566,0.0
19,40,-0.3349275821975315,-0.3349275821975315,0.0
19,41,-0.3246260278186881,-0.3246260278186881,0.0
19,42,-0.31847106837804484,-0.31847106837804484,0.0
19,43,-0.3167357893190998,-0.3167357893190998,0.0
19,44,-0.31522798882372655,-0.31522798882372655,0.0
19,45,-0.29417719199119735,-0.29417719199119735,0.0
19,46,-0.27187340191375675,-0.27187340191375675,0.0
19,47,-0.2713404670786696,-0.2713404670786696,0.0
19,48,-0.2543229992680544,-0.2543229992680544,0.0
19,49,-0.2527415133190191,-0.2527415133190191,0.0
19,50,-0.22875644782702997,-0.22875644782702997,0.0
19,51,-0.21745132207228313,-0.21745132207228313,0.0
19,52,-0.21448355187053336,-0.21448355187053336,0.0
19,53,-0.20346556386787498,-0.20346556386787498,0.0
19,54,-0.1730099528228749,-0.1730099528228749,0.0
19,55,-0.13926986085140527,-0.13926986085140527,0.0
19,56,-0.1329469608647525,-0.1329469608647525,0.0
19,57,-0.12652448293712235,-0.12652448293712235,0.0
19,58,-0.11803881814043696,-0.11803881814043696,0.0
19,59,-0.10588162326937152,-0.10588162326937152,0.0
19,60,-0.06320098561300629,-0.06320098561300629,0.0
19,61,-0.034683982576214946,-0.034683982576214946,0.0
19,62,-0.013561140179739618,-0.013561140179739618,0.0
19,63,0.023814028173088354,0.023814028173088354,0.0
19,64,0.03183919432816005,0.03183919432816005,0.0
19,65,0.052189473518890854,0.052189473518890854,0.0
19,66,0.06809188446005834,0.06809188446005834,0.0
19,67,0.0694610466922029,0.0694610466922029,0.0
19,68,0.0748233076328468,0.0748233076328468,0.0
19,69,0.08307135997268063,0.08307135997268063,0.0
19,70,0.0834547550022185,0.0834547550022185,0.0
19,71,0.08630375949229913,0.08630375949229913,0.0
19,72,0.12565572149793044,0.12565572149793044,0.0
19,73,0.12914809768561178,0.12914809768561178,0.0
19,74,0.141587351199591,0.141587351199591,0.0
19,75,0.1654185036199145,0.1654185036199145,0.0
19,76,0.1720332020296505,0.1720332020296505,0.0
19,77,0.18345574155006208,0.18345574155006208,0.0
19,78,0.2461615605025559,0.2461615605025559,0.0
19,79,0.2648103675076211,0.2648103675076211,0.0
19,80,0.29828387772422843,0.29828387772422843,0.0
19,81,0.3002033716286288,0.3002033716286288,0.0
19,82,0.301573045476016,0.301573045476016,0.0
19,83,0.3056665706828799,0.3056665706828799,0.0
19,84,0.3131752181728169,0.3131752181728169,0.0
19,85,0.3174623538858418,0.3174623538858418,0.0
19,86,0.32823089045101866,0.32823089045101866,0.0
19,87,0.3341721040815193,0.3341721040815193,0.0
19,88,0.3491632932764921,0.3491632932764921,0.0
19,89,0.3536068623434906,0.3536068623434906,0.0
19,90,0.356232284669191,0.356232284669191,0.0
19,91,0.35744374751027164,0.35744374751027164,0.0
19,92,0.4024936072564243,0.4024936072564243,0.0
19,93,0.4077846198201071,0.4077846198201071,0.0
19,94,0.4231433554527714,0.4231433554527714,0.0
19,95,0.4269782415142398,0.4269782415142398,0.0
19,96,0.4308486916024521,0.4308486916024521,0.0
19,97,0.4364245308472729,0.4364245308472729,0.0
19,98,0.46092982561960216,0.46092982561960216,0.0
19,99,0.46568366243185655,0.46568366243185655,0.0
19,100,0.46758416862663293,0.46758416862663293,0.0
19,101,0.4715220917815023,0.4715220917815023,0.0
19,102,0.4909604932207774,0.4909604932207774,0.0
19,103,0.5171269596682466,0.5171269596682466,0.0
19,104,0.5192960300143605,0.5192960300143605,0.0
19,105,0.5356910038212238,0.5356910038212238,0.0
19,106,0.5388967318864131,0.5388967318864131,0.0
19,107,0.5514228235895197,0.5514228235895197,0.0
19,108,0.553454272183577,0.553454272183577,0.0
19,109,0.5839882612451932,0.5839882612451932,0.0
19,110,0.5986867417725,0.5986867417725,0.0
19,111,0.5988915743094799,0.5988915743094799,0.0
19,112,0.6290693682226005,0.6290693682226005,0.0
19,113,0.6294978688567409,0.6294978688567409,0.0
19,114,0.6403719835868249,0.6403719835868249,0.0
19,115,0.6489754792498558,0.6489754792498558,0.0
19,116,0.6529013823169733,0.6529013823169733,0.0
19,117,0.6689566362964521,0.6689566362964521,0.0
19,118,0.6873625319393905,0.6873625319393905,0.0
19,119,0.6876060957756054,0.6876060957756054,0.0
19,120,0.6947290021054869,0.6947290021054869,0.0
19,121,0.7237932102152052,0.7237932102152052,0.0
19,122,0.7289384501270896,0.7289384501270896,0.0
19,123,0.7296265961982189,0.7296265961982189,0.0
19,124,0.7441221765542754,0.7441221765542754,0.0
19,125,0.7782692022229721,0.7782692022229721,0.0
19,126,0.7892183354554136,0.7892183354554136,0.0
19,127,0.7948039011965847,0.7948039011965847,0.0
20,0,-0.7994390929779519,-0.7994390929779519,0.0
20,1,-0.7975476766566955,-0.7975476766566955,0.0
20,2,-0.7924783652121875,-0.7924783652121875,0.0
20,3,-0.7877215110413895,-0.7877215110413895,0.0
20,4,-0.786342936647298,-0.786342936647298,0.0
20,5,-0.7706064358319478,-0.7706064358319478,0.0
20,6,-0.7573503315678247,-0.7573503315678247,0.0
20,7,-0.7504939962831094,-0.7504939962831094,0.0
20,8,-0.7466690487753787,-0.7466690487753787,0.0
20,9,-0.7211494973118407,-0.7211494973118407,0.0
20,10,-0.6982961251282161,-0.6982961251282161,0.0
20,11,-0.6845400354536841,-0.6845400354536841,0.0
20,12,-0.6626067460837938,-0.6626067460837938,0.0
20,13,-0.6619534759200427,-0.6619534759200427,0.0
20,14,-0.642786287525587,-0.642786287525587,0.0
20,15,-0.6320785987775954,-0.6320785987775954,0.0
20,16,-0.62964310797499,-0.62964310797499,0.0
20,17,-0.6139471200605616,-0.6139471200605616,0.0
20,18,-0.5446882770027178,-0.5446882770027178,0.0
20,19,-0.5394259181619615,-0.5394259181619615,0.0
20,20,-0.5194863145270832,-0.5194863145270832,0.0
20,21,-0.5150790670364431,-0.5150790670364431,0.0
20,22,-0.5145096870514602,-0.5145096870514602,0.0
20,23,-0.5094565333923499,-0.5094565333923499,0.0
20,24,-0.4824221886205097,-0.4824221886205097,0.0
20,25,-0.479145628964244,-0.479145628964244,0.0
20,26,-0.46591082420913427,-0.46591082420913427,0.0
20,27,-0.4477601164952404,-0.4477601164952404,0.0
20,28,-0.43033114785255083,-0.43033114785255083,0.0
20,29,-0.4287896917316314,-0.4287896917316314,0.0
20,30,-0.42800995132349623,-0.42800995132349623,0.0
20,31,-0.4212549439506532,-0.4212549439506532,0.0
20,32,-0.3987321729676554,-0.3987321729676554,0.0
20,33,-0.3622563942448057,-0.3622563942448057,0.0
20,34,-0.3317514712075614,-0.3317514712075614,0.0
20,35,-0.3261377383576967,-0.3261377383576967,0.0
20,36,-0.3229939563127868,-0.3229939563127868,0.0
20,37,-0.3010311633548707,-0.3010311633548707,0.0
20,38,-0.298938142445836,-0.298938142445836,0.0
20,39,-0.29466018018537865,-0.29466018018537865,0.0
20,40,-0.29149607007726425,-0.29149607007726425,0.0
20,41,-0.2869948842301147,-0.2869948842301147,0.0
20,42,-0.2517828985012246,-0.2517828985012246,0.0
20,43,-0.2418816473674097,-0.2418816473674097,0.0
20,44,-0.24035728033652115,-0.24035728033652115,0.0
20,45,-0.2236517380380798,-0.2236517380380798,0.0
20,46,-0.2017103400573541,-0.2017103400573541,0.0
20,47,-0.1931386626595849,-0.1931386626595849,0.0
20,48,-0.19284383778950964,-0.19284383778950964,0.0
20,49,-0.1759868974154502,-0.1759868974154502,0.0
20,50,-0.1625797670541168,-0.1625797670541168,0.0
20,51,-0.15292846092033568,-0.15292846092033568,0.0
20,52,-0.1447217762875262,-0.1447217762875262,0.0
20,53,-0.14293107925873622,-0.14293107925873622,0.0
20,54,-0.1340849242264909,-0.1340849242264909,0.0
20,55,-0.12604211568228899,-0.12604211568228899,0.0
20,56,-0.12251659700131193,-0.12251659700131193,0.0
20,57,-0.1155330976285649,-0.1155330976285649,0.0
20,58,-0.09667996017418919,-0.09667996017418919,0.0
20,59,-0.0810372991756939,-0.0810372991756939,0.0
20,60,-0.07038887271033474,-0.07038887271033474,0.0
20,61,-0.05171844473656826,-0.05171844473656826,0.0
20,62,-0.045090424605846204,-0.045090424605846204,0.0
20,63,-0.03887458549107983,-0.03887458549107983,0.0
20,64,-0.024361880028626538,-0.024361880028626538,0.0
20,65,0.0061974557006912795,0.0061974557006912795,0.0
20,66,0.011451082272190938,0.011451082272190938,0.0
20,67,0.014753039514907584,0.014753039514907584,0.0
20,68,0.0284410386823339,0.0284410386823339,0.0
20,69,0.029224166260964603,0.029224166260964603,0.0
20,70,0.04674876321976029,0.04674876321976029,0.0
20,71,0.05449125611535859,0.05449125611535859,0.0
20,72,0.061614802118239886,0.061614802118239886,0.0
20,73,0.10934824297109742,0.10934824297109742,0.0
20,74,0.1128972279449954,0.1128972279449954,0.0
20,75,0.11909832832282952,0.11909832832282952,0.0
20,76,0.1367344780390729,0.1367344780390729,0.0
20,77,0.18313188877634926,0.18313188877634926,0.0
20,78,0.192600967991525,0.192600967991525,0.0
20,79,0.19519164115233992,0.19519164115233992,0.0
20,80,0.2774173846201899,0.2774173846201899,0.0
20,81,0.2898078465130684,0.2898078465130684,0.0
20,82,0.3203201585541162,0.3203201585541162,0.0
20,83,0.32321902145732084,0.32321902145732084,0.0
20,84,0.32491718795334246,0.32491718795334246,0.0
20,85,0.3273095078304275,0.3273095078304275,0.0
20,86,0.33656961135586666,0.33656961135586666,0.0
20,87,0.34219369750793016,0.34219369750793016,0.0
20,88,0.35017657168269045,0.35017657168269045,0.0
20,89,0.35246711468917713,0.35246711468917713,0.0
20,90,0.35597877071103706,0.35597877071103706,0.0
20,91,0.3643806796185004,0.3643806796185004,0.0
20,92,0.3643922853233317,0.3643922853233317,0.0
20,93,0.36549538916027785,0.36549538916027785,0.0
20,94,0.3712349335273441,0.3712349335273441,0.0
20,95,0.37444945836057286,0.37444945836057286,0.0
20,96,0.3758397789614627,0.3758397789614627,0.0
20,97,0.41759848900633867,0.41759848900633867,0.0
20,98,0.421765789057535,0.421765789057535,0.0
20,99,0.4343165776963753,0.4343165776963753,0.0
20,100,0.4391415975233846,0.4391415975233846,0.0
20,101,0.4432243069373561,0.4432243069373561,0.0
20,102,0.44370078046803485,0.44370078046803485,0.0
20,103,0.44582961777249575,0.44582961777249575,0.0
20,104,0.49388707947275956,0.49388707947275956,0.0
20,105,0.5215194597645259,0.5215194597645259,0.0
20,106,0.5344419856077268,0.5344419856077268,0.0
20,107,0.540246354129481,0.540246354129481,0.0
20,108,0.551621042077992,0.551621042077992,0.0
20,109,0.5597841027712013,0.5597841027712013,0.0
20,110,0.5646515198943034,0.5646515198943034,0.0
20,111,0.5648385847129745,0.5648385847129745,0.0
20,112,0.5787208275357515,0.5787208275357515,0.0
20,113,0.5798604953688328,0.5798604953688328,0.0
20,114,0.600285413835445,0.600285413835445,0.0
20,115,0.6067567703581335,0.6067567703581335,0.0
20,116,0.6334698318063197,0.6334698318063197,0.0
20,117,0.6469007428792589,0.6469007428792589,0.0
20,118,0.6472158660341919,0.6472158660341919,0.0
20,119,0.655794719214933,0.655794719214933,0.0
20,120,0.6700754296565775,0.6700754296565775,0.0
20,121,0.6774520671055688,0.6774520671055688,0.0
20,122,0.6819753873348322,0.6819753873348322,0.0
20,123,0.7605847236828801,0.7605847236828801,0.0
20,124,0.7761929946024962,0.7761929946024962,0.0
20,125,0.7920759028907185,0.7920759028907185,0.0
20,126,0.7934385430339378,0.7934385430339378,0.0
20,127,0.796630944832383,0.796630944832383,0.0
21,0,-0.793214999616308,-0.793214999616308,0.0
21,1,-0.7376767681397282,-0.7376767681397282,0.0
21,2,-0.7319379637902629,-0.7319379637902629,0.0
21,3,-0.729990346896101,-0.729990346896101,0.0
21,4,-0.7255730413042916,-0.7255730413042916,0.0
21,5,-0.7039810372909759,-0.7039810372909759,0.0
21,6,-0.7000444443789873,-0.7000444443789873,0.0
21,7,-0.6930288898181209,-0.6930288898181209,0.0
21,8,-0.690334264346512,-0.690334264346512,0.0
21,9,-0.6801058130049541,-0.6801058130049541,0.0
21,10,-0.6401119510507516,-0.6401119510507516,0.0
21,11,-0.6124610905974968,-0.6124610905974968,0.0
21,12,-0.607022799191446,-0.607022799191446,0.0
21,13,-0.5942538089441655,-0.5942538089441655,0.0
21,14,-0.583423972693874,-0.583423972693874,0.0
21,15,-0.5791126832540032,-0.5791126832540032,0.0
21,16,-0.5710684376237101,-0.5710684376237101,0.0
21,17,-0.5669652922887698,-0.5669652922887698,0.0
21,18,-0.544420248982607,-0.544420248982607,0.0
21,19,-0.4977147377338554,-0.4977147377338554,0.0
21,20,-0.47357024904355677,-0.47357024904355677,0.0
21,21,-0.46209719227570273,-0.46209719227570273,0.0
21,22,-0.4187655520654618,-0.4187655520654618,0.0
21,23,-0.40938002517405325,-0.40938002517405325,0.0
21,24,-0.3939851712431208,-0.3939851712431208,0.0
21,25,-0.3914597329092304,-0.3914597329092304,0.0
21,26,-0.3730900572698939,-0.3730900572698939,0.0
21,27,-0.36674693912608786,-0.36674693912608786,0.0
21,28,-0.3410145096581477,-0.3410145096581477,0.0
21,29,-0.33760944749586186,-0.33760944749586186,0.0
21,30,-0.32475139945228015,-0.32475139945228015,0.0
21,31,-0.31961003074010697,-0.31961003074010697,0.0
21,32,-0.31412014152900253,-0.31412014152900253,0.0
21,33,-0.3093456545699736,-0.3093456545699736,0.0
21,34,-0.2920759219258697,-0.2920759219258697,0.0
21,35,-0.2773964647619586,-0.2773964647619586,0.0
21,36,-0.27491909654274205,-0.27491909654274205,0.0
21,37,-0.27437769413176094,-0.27437769413176094,0.0
21,38,-0.2623762633522128,-0.2623762633522128,0.0
21,39,-0.2532762702780206,-0.2532762702780206,0.0
21,40,-0.2498734849580794,-0.2498734849580794,0.0
21,41,-0.2486838721519952,-0.2486838721519952,0.0
21,42,-0.24784860914952028,-0.24784860914952028,0.0
21,43,-0.22463774456632513,-0.22463774456632513,0.0
21,44,-0.21915308812912962,-0.21915308812912962,0.0
21,45,-0.2182848452160048,-0.2182848452160048,0.0
21,46,-0.20553881405096794,-0.20553881405096794,0.0
21,47,-0.18940291716800922,-0.18940291716800922,0.0
21,48,-0.1581711999296788,-0.1581711999296788,0.0
21,49,-0.1469662106249677,-0.1469662106249677,0.0
21,50,-0.13199265416334943,-0.13199265416334943,0.0
21,51,-0.13175564279571272,-0.13175564279571272,0.0
21,52,-0.12396581072486086,-0.12396581072486086,0.0
21,53,-0.11525084604013465,-0.11525084604013465,0.0
21,54,-0.0960261807259963,-0.0960261807259963,0.0
21,55,-0.07902303233710146,-0.07902303233710146,0.0
21,56,-0.07305261438486958,-0.07305261438486958,0.0
21,57,-0.06114194731379179,-0.06114194731379179,0.0
21,58,-0.04523711865155189,-0.04523711865155189,0.0
21,59,0.010108383603705208,0.010108383603705208,0.0
21,60,0.011731398128591941,0.011731398128591941,0.0
21,61,0.01685869006502614,0.01685869006502614,0.0
21,62,0.07718847276353086,0.07718847276353086,0.0
21,63,0.09598607139818505,0.09598607139818505,0.0
21,64,0.10067998647027956,0.10067998647027956,0.0
21,65,0.11444949164412943,0.11444949164412943,0.0
21,66,0.13722273124971807,0.13722273124971807,0.0
21,67,0.14109055828863556,0.14109055828863556,0.0
21,68,0.1424765308131411,0.1424765308131411,0.0
21,69,0.18335742173761532,0.18335742173761532,0.0
21,70,0.1881876680571386,0.1881876680571386,0.0
21,71,0.19482408006499324,0.19482408006499324,0.0
21,72,0.20155665393824496,0.20155665393824496,0.0
21,73,0.20241846159871743,0.20241846159871743,0.0
21,74,0.20653701123788704,0.20653701123788704,0.0
21,75,0.23454916712548624,0.23454916712548624,0.0
21,76,0.24050332811892777,0.24050332811892777,0.0
21,77,0.24604038131158745,0.24604038131158745,0.0
21,78,0.25576669517103934,0.25576669517103934,0.0
21,79,0.2719216106242097,0.2719216106242097,0.0
21,80,0.30054595566009523,0.30054595566009523,0.0
21,81,0.3075480447881287,0.3075480447881287,0.0
21,82,0.31553634797321384,0.31553634797321384,0.0
21,83,0.3297738902696445,0.3297738902696445,0.0
21,84,0.41909478690355667,0.41909478690355667,0.0
21,85,0.41963356684185094,0.41963356684185094,0.0
21,86,0.42737593918037187,0.42737593918037187,0.0
21,87,0.42778675289154544,0.42778675289154544,0.0
21,88,0.4347332520064578,0.4347332520064578,0.0
21,89,0.4414638189301199,0.4414638189301199,0.0
21,90,0.45324991556378547,0.45324991556378547,0.0
21,91,0.47950709595432583,0.47950709595432583,0.0
21,92,0.48257332397506386,0.48257332397506386,0.0
21,93,0.48884008055783,0.48884008055783,0.0
21,94,0.5057053171858019,0.5057053171858019,0.0
21,95,0.5085845152292336,0.5085845152292336,0.0
21,96,0.5119899640210653,0.5119899640210653,0.0
21,97,0.5270717876264701,0.5270717876264701,0.0
21,98,0.5318214169885321,0.5318214169885321,0.0
21,99,0.5411819663379366,0.5411819663379366,0.0
21,100,0.5501273808213014,0.5501273808213014,0.0
21,101,0.5583840715868036,0.5583840715868036,0.0
21,102,0.5963787158896144,0.5963787158896144,0.0
21,103,0.6015230393490365,0.6015230393490365,0.0
21,104,0.6102661475959789,0.6102661475959789,0.0
21,105,0.6177065958322787,0.6177065958322787,0.0
21,106,0.6231240546424051,0.6231240546424051,0.0
21,107,0.6308773041008635,0.6308773041008635,0.0
21,108,0.6325126406922035,0.6325126406922035,0.0
21,109,0.6595530565465801,0.6595530565465801,0.0
21,110,0.6621880802814446,0.6621880802814446,0.0
21,111,0.6726843398199466,0.6726843398199466,0.0
21,112,0.6734667028358035,0.6734667028358035,0.0
21,113,0.6835724418357485,0.6835724418357485,0.0
21,114,0.6885330089018891,0.6885330089018891,0.0
21,115,0.6949389189064011,0.6949389189064011,0.0
21,116,0.6993948960751015,0.6993948960751015,0.0
21,117,0.6995204380825686,0.6995204380825686,0.0
21,118,0.7009069865722648,0.7009069865722648,0.0
21,119,0.7026060648422979,0.7026060648422979,0.0
21,120,0.7279567236871192,0.7279567236871192,0.0
21,121,0.7295640021416623,0.7295640021416623,0.0
21,122,0.7423689451250729,0.7423689451250729,0.0
21,123,0.7449077205583517,0.7449077205583517,0.0
21,124,0.788731211007701,0.788731211007701,0.0
21,125,0.7928874210310216,0.7928874210310216,0.0
21,126,0.7930180320890163,0.7930180320890163,0.0
21,127,0.7941923301890699,0.7941923301890699,0.0
22,0,-0.7864440488172415,-0.7864440488172415,0.0
22,1,-0.7731694048668933,-0.7731694048668933,0.0
22,2,-0.7617883306579906,-0.7617883306579906,0.0
22,3,-0.7379638413486767,-0.7379638413486767,0.0
22,4,-0.7336965811424765,-0.7336965811424765,0.0
22,5,-0.7315740235881768,-0.7315740235881768,0.0
22,6,-0.7231699928205322,-0.7231699928205322,0.0
22,7,-0.7111012238521437,-0.7111012238521437,0.0
22,8,-0.7051019485633031,-0.7051019485633031,0.0
22,9,-0.6956331114009471,-0.6956331114009471,0.0
22,10,-0.6801765196128019,-0.6801765196128019,0.0
22,11,-0.6783263573160276,-0.6783263573160276,0.0
22,12,-0.6739975121912538,-0.6739975121912538,0.0
22,13,-0.652120744642021,-0.652120744642021,0.0
22,14,-0.6408131946231299,-0.6408131946231299,0.0
22,15,-0.5786352656290623,-0.5786352656290623,0.0
22,16,-0.5733416856042769,-0.5733416856042769,0.0
22,17,-0.5624976893536182,-0.5624976893536182,0.0
22,18,-0.5528950488391818,-0.5528950488391818,0.0
22,19,-0.5266629627881078,-0.5266629627881078,0.0
22,20,-0.5050733184667493,-0.5050733184667493,0.0
22,21,-0.5024277266120718,-0.5024277266120718,0.0
22,22,-0.4875009169175135,-0.4875009169175135,0.0
22,23,-0.4680651388722746,-0.4680651388722746,0.0
22,24,-0.4558093646711937,-0.4558093646711937,0.0
22,25,-0.4542037940091177,-0.4542037940091177,0.0
22,26,-0.44915148288472173,-0.44915148288472173,0.0
22,27,-0.42730187162456,-0.42730187162456,0.0
22,28,-0.42351918320136195,-0.42351918320136195,0.0
22,29,-0.3898914127652125,-0.3898914127652125,0.0
22,30,-0.38956053486571085,-0.38956053486571085,0.0
22,31,-0.36391724957227845,-0.36391724957227845,0.0
22,32,-0.34478174135235684,-0.34478174135235684,0.0
22,33,-0.33243876144404094,-0.33243876144404094,0.0
22,34,-0.32039909244190706,-0.32039909244190706,0.0
22,35,-0.3157486143055085,-0.3157486143055085,0.0
22,36,-0.3041499075609208,-0.3041499075609208,0.0
22,37,-0.3001012657007254,-0.3001012657007254,0.0
22,38,-0.28361647578348725,-0.28361647578348725,0.0
22,39,-0.2704535999746437,-0.2704535999746437,0.0
22,40,-0.25532590604116695,-0.25532590604116695,0.0
22,41,-0.2525311383871916,-0.2525311383871916,0.0
22,42,-0.24748317990900867,-0.24748317990900867,0.0
22,43,-0.241396198063339,-0.241396198063339,0.0
22,44,-0.21441986096268925,-0.21441986096268925,0.0
22,45,-0.21127182143765158,-0.21127182143765158,0.0
22,46,-0.20731109191745817,-0.20731109191745817,0.0
22,47,-0.1997747135803227,-0.1997747135803227,0.0
22,48,-0.19934868847175516,-0.19934868847175516,0.0
22,49,-0.1852705992163271,-0.1852705992163271,0.0
22,50,-0.17318897263619581,-0.17318897263619581,0.0
22,51,-0.13607143978691613,-0.13607143978691613,0.0
22,52,-0.10936963922472565,-0.10936963922472565,0.0
22,53,-0.10095017284076971,-0.10095017284076971,0.0
22,54,-0.09799838693338786,-0.09799838693338786,0.0
22,55,-0.09323898101831248,-0.09323898101831248,0.0
22,56,-0.06344604194180051,-0.06344604194180051,0.0
22,57,-0.047757511973549965,-0.047757511973549965,0.0
22,58,-0.0473958114665427,-0.0473958114665427,0.0
22,59,-0.04404309303581116,-0.04404309303581116,0.0
22,60,-0.028047513497547173,-0.028047513497547173,0.0
22,61,-0.020855454173408994,-0.020855454173408994,0.0
22,62,-0.019230473774845082,-0.019230473774845082,0.0
22,63,-0.010016684561380274,-0.010016684561380274,0.0
22,64,-0.009815755004108874,-0.009815755004108874,0.0
22,65,-0.0017489867994541443,-0.0017489867994541443,0.0
22,66,-0.001352303879726513,-0.001352303879726513,0.0
22,67,0.005374738922328071,0.005374738922328071,0.0
22,68,0.014481282317480294,0.014481282317480294,0.0
22,69,0.03599616855250503,0.03599616855250503,0.0
22,70,0.05376260715198118,0.05376260715198118,0.0
22,71,0.055016342709881455,0.055016342709881455,0.0
22,72,0.06337487475866066,0.06337487475866066,0.0
22,73,0.12107445952595519,0.12107445952595519,0.0
22,74,0.13670306329358636,0.13670306329358636,0.0
22,75,0.1575313336951407,0.1575313336951407,0.0
22,76,0.16216652335129123,0.16216652335129123,0.0
22,77,0.18076712466127046,0.18076712466127046,0.0
22,78,0.18097130016260934,0.18097130016260934,0.0
22,79,0.18155924017366304,0.18155924017366304,0.0
22,80,0.18833171091506867,0.18833171091506867,0.0
22,81,0.19691526775997695,0.19691526775997695,0.0
22,82,0.19878753023452253,0.19878753023452253,0.0
22,83,0.24757957361277683,0.24757957361277683,0.0
22,84,0.2617314840526383,0.2617314840526383,0.0
22,85,0.26354423685026607,0.26354423685026607,0.0
22,86,0.29382055946087765,0.29382055946087765,0.0
22,87,0.29647048491955313,0.29647048491955313,0.0
22,88,0.2978308263076137,0.2978308263076137,0.0
22,89,0.31171428927104866,0.31171428927104866,0.0
22,90,0.3390736551644093,0.3390736551644093,0.0
22,91,0.3421466995209951,0.3421466995209951,0.0
22,92,0.3529898009914197,0.3529898009914197,0.0
22,93,0.3789963735372771,0.3789963735372771,0.0
22,94,0.39283919442665793,0.39283919442665793,0.0
22,95,0.3960375140689957,0.3960375140689957,0.0
22,96,0.4334555679146174,0.4334555679146174,0.0
22,97,0.44800606035865764,0.44800606035865764,0.0
22,98,0.4742393585846394,0.4742393585846394,0.0
22,99,0.47602376758046017,0.47602376758046017,0.0
22,100,0.47632647688806706,0.47632647688806706,0.0
22,101,0.5022184856774817,0.5022184856774817,0.0
22,102,0.5150378560469123,0.5150378560469123,0.0
22,103,0.530483991589729,0.530483991589729,0.0
22,104,0.5681095349689024,0.5681095349689024,0.0
22,105,0.5688512797102749,0.5688512797102749,0.0
22,106,0.5720526314238995,0.5720526314238995,0.0
22,107,0.5879261314536784,0.5879261314536784,0.0
22,108,0.5990818016051825,0.5990818016051825,0.0
22,109,0.6041526194895988,0.6041526194895988,0.0
22,110,0.612189684590113,0.612189684590113,0.0
22,111,0.6245585314494515,0.6245585314494515,0.0
22,112,0.6284929347242912,0.6284929347242912,0.0
22,113,0.631233643065221,0.631233643065221,0.0
22,114,0.6394875275144468,0.6394875275144468,0.0
22,115,0.6443936278085964,0.6443936278085964,0.0
22,116,0.6544797589662672,0.6544797589662672,0.0
22,117,0.6783866643316361,0.6783866643316361,0.0
22,118,0.6792605636638721,0.6792605636638721,0.0
22,119,0.6875365542954421,0.6875365542954421,0.0
22,120,0.709720102707875,0.709720102707875,0.0
22,121,0.7221332054145787,0.7221332054145787,0.0
22,122,0.7267560783876865,0.7267560783876865,0.0
22,123,0.7516702872844001,0.7516702872844001,0.0
22,124,0.7547672364974132,0.7547672364974132,0.0
22,125,0.7647258952486804,0.7647258952486804,0.0
22,126,0.772152632075941,0.772152632075941,0.0
22,127,0.7874989282420647,0.7874989282420647,0.0
23,0,-0.7946829285967767,-0.7946829285967767,0.0
23,1,-0.7945850499071696,-0.7945850499071696,0.0
23,2,-0.7909043393720341,-0.7909043393720341,0.0
23,3,-0.790461705710062,-0.790461705710062,0.0
23,4,-0.73797413460326,-0.73797413460326,0.0
23,5,-0.7292467570047482,-0.7292467570047482,0.0
23,6,-0.7260155905580792,-0.7260155905580792,0.0
23,7,-0.7200686499776238,-0.7200686499776238,0.0
23,8,-0.7139881669300119,-0.7139881669300119,0.0
23,9,-0.7084248703459686,-0.7084248703459686,0.0
23,10,-0.7068146966865527,-0.7068146966865527,0.0
23,11,-0.7045638418140214,-0.7045638418140214,0.0
23,12,-0.6984996645031045,-0.6984996645031045,0.0
23,13,-0.6957515076708793,-0.6957515076708793,0.0
23,14,-0.6942105359649269,-0.6942105359649269,0.0
23,15,-0.6847308018739116,-0.6847308018739116,0.0
23,16,-0.6766665722914361,-0.6766665722914361,0.0
23,17,-0.6743502062695296,-0.6743502062695296,0.0
23,18,-0.6484607616250817,-0.6484607616250817,0.0
23,19,-0.6343515983394978,-0.6343515983394978,0.0
23,20,-0.629117807818242,-0.629117807818242,0.0
23,21,-0.6242166285896048,-0.6242166285896048,0.0
23,22,-0.6052164673335604,-0.6052164673335604,0.0
23,23,-0.5970749273520294,-0.5970749273520294,0.0
23,24,-0.5965504996494374,-0.5965504996494374,0.0
23,25,-0.5823784560378392,-0.5823784560378392,0.0
23,26,-0.5773573301261271,-0.5773573301261271,0.0
23,27,-0.5409315062054997,-0.5409315062054997,0.0
23,28,-0.5327980388455645,-0.5327980388455645,0.0
23,29,-0.5234168194178267,-0.5234168194178267,0.0
23,30,-0.5072111659906187,-0.5072111659906187,0.0
23,31,-0.49552560563289494,-0.49552560563289494,0.0
23,32,-0.48895286289015855,-0.48895286289015855,0.0
23,33,-0.4788151961293567,-0.4788151961293567,0.0
23,34,-0.47112575302380383,-0.47112575302380383,0.0
23,35,-0.4695162536345674,-0.4695162536345674,0.0
23,36,-0.46818345502747294,-0.46818345502747294,0.0
23,37,-0.4246577481843593,-0.4246577481843593,0.0
23,38,-0.3746330490910973,-0.3746330490910973,0.0
23,39,-0.37001131602490744,-0.37001131602490744,0.0
23,40,-0.360904351182171,-0.360904351182171,0.0
23,41,-0.33647927394476995,-0.33647927394476995,0.0
23,42,-0.32686675654424513,-0.32686675654424513,0.0
23,43,-0.3256946632300684,-0.3256946632300684,0.0
23,44,-0.3155421328579653,-0.3155421328579653,0.0
23,45,-0.2966080599143263,-0.2966080599143263,0.0
23,46,-0.28841847159711664,-0.28841847159711664,0.0
23,47,-0.2841882017998206,-0.2841882017998206,0.0
23,48,-0.2759630813882762,-0.2759630813882762,0.0
23,49,-0.24995280024754224,-0.24995280024754224,0.0
23,50,-0.24655171108564763,-0.24655171108564763,0.0
23,51,-0.2263873571138717,-0.2263873571138717,0.0
23,52,-0.226385816086294,-0.226385816086294,0.0
23,53,-0.21831561152101991,-0.21831561152101991,0.0
23,54,-0.1885018535836677,-0.1885018535836677,0.0
23,55,-0.17983194154968807,-0.17983194154968807,0.0
23,56,-0.16674732035111345,-0.16674732035111345,0.0
23,57,-0.1612716955276163,-0.1612716955276163,0.0
23,58,-0.1448794743131593,-0.1448794743131593,0.0
23,59,-0.13007491428221254,-0.13007491428221254,0.0
23,60,-0.11659919672809949,-0.11659919672809949,0.0
23,61,-0.10960159775839706,-0.10960159775839706,0.0
23,62,-0.10094413338834923,-0.10094413338834923,0.0
23,63,-0.08310922303069468,-0.08310922303069468,0.0
23,64,-0.06945931205005565,-0.06945931205005565,0.0
23,65,-0.06782771792029473,-0.06782771792029473,0.0
23,66,-0.03452191053755325,-0.03452191053755325,0.0
23,67,-0.014379006809006967,-0.014379006809006967,0.0
23,68,0.006186306611672344,0.006186306611672344,0.0
23,69,0.03165253558262311,0.03165253558262311,0.0
23,70,0.03627933828192571,0.03627933828192571,0.0
23,71,0.04624874162449242,0.04624874162449242,0.0
23,72,0.09196197806328286,0.09196197806328286,0.0
23,73,0.09825066201967268,0.09825066201967268,0.0
23,74,0.11425453213454571,0.11425453213454571,0.0
23,75,0.13751811013838094,0.13751811013838094,0.0
23,76,0.14097669358869852,0.14097669358869852,0.0
23,77,0.15117966092945867,0.15117966092945867,0.0
23,78,0.177003838994448,0.177003838994448,0.0
23,79,0.2190984830896616,0.2190984830896616,0.0
23,80,0.24949890963780366,0.24949890963780366,0.0
23,81,0.24965806620991612,0.24965806620991612,0.0
23,82,0.25526438657661554,0.25526438657661554,0.0
23,83,0.2579504055000122,0.2579504055000122,0.0
23,84,0.28308757923326694,0.28308757923326694,0.0
23,85,0.28634290018037145,0.28634290018037145,0.0
23,86,0.30484208782435246,0.30484208782435246,0.0
23,87,0.33523608183551235,0.33523608183551235,0.0
23,88,0.3404778952177667,0.3404778952177667,0.0
23,89,0.37376271161342434,0.37376271161342434,0.0
23,90,0.376254544615899,0.376254544615899,0.0
23,91,0.3835171211767605,0.3835171211767605,0.0
23,92,0.4241797724856694,0.4241797724856694,0.0
23,93,0.45012314468409137,0.45012314468409137,0.0
23,94,0.45506670037217795,0.45506670037217795,0.0
23,95,0.469732000727603,0.469732000727603,0.0
23,96,0.47954122611760824,0.47954122611760824,0.0
23,97,0.49680689652798904,0.49680689652798904,0.0
23,98,0.4970674727482276,0.4970674727482276,0.0
23,99,0.5020892348135103,0.5020892348135103,0.0
23,100,0.5064294020078991,0.5064294020078991,0.0
23,101,0.5206649035812649,0.5206649035812649,0.0
23,102,0.5246258813784547,0.5246258813784547,0.0
23,103,0.5443704586385122,0.5443704586385122,0.0
23,104,0.5543421970931454,0.5543421970931454,0.0
23,105,0.5847094106660864,0.5847094106660864,0.0
23,106,0.5886105718173645,0.5886105718173645,0.0
23,107,0.592890879870434,0.592890879870434,0.0
23,108,0.60257885638525,0.60257885638525,0.0
23,109,0.6099740817882489,0.6099740817882489,0.0
23,110,0.6115833195570552,0.6115833195570552,0.0
23,111,0.6194135078536652,0.6194135078536652,0.0
23,112,0.6565388763282409,0.6565388763282409,0.0
23,113,0.657380842308688,0.657380842308688,0.0
23,114,0.6715331972320764,0.6715331972320764,0.0
23,115,0.6750452444350947,0.6750452444350947,0.0
23,116,0.6844723355220547,0.6844723355220547,0.0
23,117,0.6986174007646476,0.6986174007646476,0.0
23,118,0.7086150291959066,0.7086150291959066,0.0
23,119,0.7180441869042609,0.7180441869042609,0.0
23,120,0.7244289702272347,0.7244289702272347,0.0
23,121,0.7414742203104385,0.7414742203104385,0.0
23,122,0.7500778441857945,0.7500778441857945,0.0
23,123,0.7567332433598001,0.7567332433598001,0.0
23,124,0.7589000475667111,0.7589000475667111,0.0
23,125,0.7614761036148198,0.7614761036148198,0.0
23,126,0.7938409451660391,0.7938409451660391,0.0
23,127,0.7986890352771635,0.7986890352771635,0.0
24,0,-0.7977353546031609,-0.7977353546031609,0.0
24,1,-0.7938106102217181,-0.7938106102217181,0.0
24,2,-0.7871945176255146,-0.7871945176255146,0.0
24,3,-0.7477259970398065,-0.7477259970398065,0.0
24,4,-0.7464101016151846,-0.7464101016151846,0.0
24,5,-0.7408829020587101,-0.7408829020587101,0.0
24,6,-0.7289870291010893,-0.7289870291010893,0.0
24,7,-0.707163146955325,-0.707163146955325,0.0
24,8,-0.6684862719709876,-0.6684862719709876,0.0
24,9,-0.6658581023713938,-0.6658581023713938,0.0
24,10,-0.6653421282266244,-0.6653421282266244,0.0
24,11,-0.6526309718984824,-0.6526309718984824,0.0
24,12,-0.6301800441692083,-0.6301800441692083,0.0
24,13,-0.6203319032303503,-0.6203319032303503,0.0
24,14,-0.5765499229508191,-0.5765499229508191,0.0
24,15,-0.5715182138231073,-0.5715182138231073,0.0
24,16,-0.5638129705593319,-0.5638129705593319,0.0
24,17,-0.5459994818194724,-0.5459994818194724,0.0
24,18,-0.5381424961598967,-0.5381424961598967,0.0
24,19,-0.5375517456444764,-0.5375517456444764,0.0
24,20,-0.5316489530541297,-0.5316489530541297,0.0
24,21,-0.5157071922452685,-0.5157071922452685,0.0
24,22,-0.5046258404910756,-0.5046258404910756,0.0
24,23,-0.49998047455733446,-0.49998047455733446,0.0
24,24,-0.49709409924372905,-0.49709409924372905,0.0
24,25,-0.49706552710611285,-0.49706552710611285,0.0
24,26,-0.49377689965937127,-0.49377689965937127,0.0
24,27,-0.491539508194186,-0.491539508194186,0.0
24,28,-0.48770996361375885,-0.48770996361375885,0.0
24,29,-0.4635511756048445,-0.4635511756048445,0.0
24,30,-0.4590354498745237,-0.4590354498745237,0.0
24,31,-0.45839956883786037,-0.45839956883786037,0.0
24,32,-0.4576236518797181,-0.4576236518797181,0.0
24,33,-0.4422708668058217,-0.4422708668058217,0.0
24,34,-0.4274299401457462,-0.4274299401457462,0.0
24,35,-0.41750139589324925,-0.41750139589324925,0.0
24,36,-0.40607870046143085,-0.40607870046143085,0.0
24,37,-0.40042490058238234,-0.40042490058238234,0.0
24,38,-0.3913037581181277,-0.3913037581181277,0.0
24,39,-0.38977066399980115,-0.38977066399980115,0.0
24,40,-0.35784122557414605,-0.35784122557414605,0.0
24,41,-0.3540856635988361,-0.3540856635988361,0.0
24,42,-0.31029671068266007,-0.31029671068266007,0.0
24,43,-0.30946024001136546,-0.30946024001136546,0.0
24,44,-0.30941040107401624,-0.30941040107401624,0.0
24,45,-0.30331159628248483,-0.30331159628248483,0.0
24,46,-0.30302319952344237,-0.30302319952344237,0.0
24,47,-0.30016371684692605,-0.30016371684692605,0.0
24,48,-0.2997651455176712,-0.2997651455176712,0.0
24,49,-0.29092429975522194,-0.29092429975522194,0.0
24,50,-0.26629132813337775,-0.26629132813337775,0.0
24,51,-0.2603067971179597,-0.2603067971179597,0.0
24,52,-0.25992142759612663,-0.25992142759612663,0.0
24,53,-0.2209952798394113,-0.2209952798394113,0.0
24,54,-0.16420195475771227,-0.16420195475771227,0.0
24,55,-0.16201888746761936,-0.16201888746761936,0.0
24,56,-0.14154337988265694,-0.14154337988265694,0.0
24,57,-0.1371185429713025,-0.1371185429713025,0.0
24,58,-0.13061128132343036,-0.13061128132343036,0.0
24,59,-0.1054387801024193,-0.1054387801024193,0.0
24,60,-0.10022921144560062,-0.10022921144560062,0.0
24,61,-0.09030566550731739,-0.09030566550731739,0.0
24,62,-0.09008989641270554,-0.09008989641270554,0.0
24,63,-0.07181136289275401,-0.07181136289275401,0.0
24,64,-0.028612508293528904,-0.028612508293528904,0.0
24,65,-0.021419289107943842,-0.021419289107943842,0.0
24,66,-0.019328012245718364,-0.019328012245718364,0.0
24,67,-0.013317374130117444,-0.013317374130117444,0.0
24,68,-0.009881036395379718,-0.009881036395379718,0.0
24,69,0.0030636789591527605,0.0030636789591527605,0.0
24,70,0.004285061093244025,0.004285061093244025,0.0
24,71,0.011388148465852233,0.011388148465852233,0.0
24,72,0.01652798847801016,0.01652798847801016,0.0
24,73,0.028282955553537194,0.028282955553537194,0.0
24,74,0.03317905990617422,0.03317905990617422,0.0
24,75,0.03604533307040647,0.03604533307040647,0.0
24,76,0.039558532555669323,0.039558532555669323,0.0
24,77,0.05565085488153923,0.05565085488153923,0.0
24,78,0.07079651869580346,0.07079651869580346,0.0
24,79,0.07473700047393717,0.07473700047393717,0.0
24,80,0.07757425062828514,0.07757425062828514,0.0
24,81,0.08628991190719192,0.08628991190719192,0.0
24,82,0.08968743909504671,0.08968743909504671,0.0
24,83,0.120469060092144,0.120469060092144,0.0
24,84,0.12644249744114902,0.12644249744114902,0.0
24,85,0.13203730996080942,0.13203730996080942,0.0
24,86,0.13264698868232064,0.13264698868232064,0.0
24,87,0.14044304528650536,0.14044304528650536,0.0
24,88,0.15689059870256372,0.15689059870256372,0.0
24,89,0.183884261518174,0.183884261518174,0.0
24,90,0.18952025920843987,0.18952025920843987,0.0
24,91,0.2020100692233797,0.2020100692233797,0.0
24,92,0.20205381764000485,0.20205381764000485,0.0
24,93,0.21106969418230542,0.21106969418230542,0.0
24,94,0.2381864736940701,0.2381864736940701,0.0
24,95,0.2390458420448921,0.2390458420448921,0.0
24,96,0.24266578606852304,0.24266578606852304,0.0
24,97,0.2430987902132536,0.2430987902132536,0.0
24,98,0.279389037200475,0.279389037200475,0.0
24,99,0.2813753076695619,0.2813753076695619,0.0
24,100,0.3317967656066406,0.3317967656066406,0.0
24,101,0.3320096616844097,0.3320096616844097,0.0
24,102,0.33454413210604844,0.33454413210604844,0.0
24,103,0.3362252381795228,0.3362252381795228,0.0
24,104,0.3428309273707495,0.3428309273707495,0.0
24,105,0.34304616674508853,0.34304616674508853,0.0
24,106,0.3446506079269554,0.3446506079269554,0.0
24,107,0.3477745961094687,0.3477745961094687,0.0
24,108,0.3580918835875423,0.3580918835875423,0.0
24,109,0.3764378725715764,0.3764378725715764,0.0
24,110,0.41617956845348836,0.41617956845348836,0.0
24,111,0.435480033281986,0.435480033281986,0.0
24,112,0.4869019372754192,0.4869019372754192,0.0
24,113,0.4933812353371099,0.4933812353371099,0.0
24,114,0.504494482550512,0.504494482550512,0.0
24,115,0.5475570437010687,0.5475570437010687,0.0
24,116,0.5616736486124125,0.5616736486124125,0.0
24,117,0.576737707578732,0.576737707578732,0.0
24,118,0.5830049621234163,0.5830049621234163,0.0
24,119,0.6615903215514841,0.6615903215514841,0.0
24,120,0.668815656590775,0.668815656590775,0.0
24,121,0.6799645241374352,0.6799645241374352,0.0
24,122,0.6831055736434328,0.6831055736434328,0.0
24,123,0.6897887706665776,0.6897887706665776,0.0
24,124,0.6948682805305193,0.6948682805305193,0.0
24,125,0.7194083007163251,0.7194083007163251,0.0
24,126,0.7508899901777172,0.7508899901777172,0.0
24,127,0.7537290227943573,0.7537290227943573,0.0
25,0,-0.7975913577770586,-0.7975913577770586,0.0
25,1,-0.7856415483974489,-0.7856415483974489,0.0
25,2,-0.7504735873501158,-0.7504735873501158,0.0
25,3,-0.7388093854849901,-0.7388093854849901,0.0
25,4,-0.7151499313736963,-0.7151499313736963,0.0
25,5,-0.7081091202431937,-0.7081091202431937,0.0
25,6,-0.6819283770232322,-0.6819283770232322,0.0
25,7,-0.6706973753678165,-0.6706973753678165,0.0
25,8,-0.6558669726300089,-0.6558669726300089,0.0
25,9,-0.64370454268089,-0.64370454268089,0.0
25,10,-0.6355257520579475,-0.6355257520579475,0.0
25,11,-0.6337183708864442,-0.6337183708864442,0.0
25,12,-0.6260645756450451,-0.6260645756450451,0.0
25,13,-0.5810226646270271,-0.5810226646270271,0.0
25,14,-0.5704929665625311,-0.5704929665625311,0.0
25,15,-0.552867137466098,-0.552867137466098,0.0
25,16,-0.5127909327341221,-0.5127909327341221,0.0
25,17,-0.4989184619426086,-0.4989184619426086,0.0
25,18,-0.4777538949731634,-0.4777538949731634,0.0
25,19,-0.45648357831637604,-0.45648357831637604,0.0
25,20,-0.44675911890409703,-0.44675911890409703,0.0
25,21,-0.4466405455578132,-0.4466405455578132,0.0
25,22,-0.44302376824070966,-0.44302376824070966,0.0
25,23,-0.4363196347545222,-0.4363196347545222,0.0
25,24,-0.4308583033111106,-0.4308583033111106,0.0
25,25,-0.42889009459525734,-0.42889009459525734,0.0
25,26,-0.39471482266690183,-0.39471482266690183,0.0
25,27,-0.3861968125074265,-0.3861968125074265,0.0
25,28,-0.37174473464625657,-0.37174473464625657,0.0
25,29,-0.3698929787399703,-0.3698929787399703,0.0
25,30,-0.35642231832313115,-0.35642231832313115,0.0
25,31,-0.33693730347573614,-0.33693730347573614,0.0
25,32,-0.3345228351071008,-0.3345228351071008,0.0
25,33,-0.293424582689677,-0.293424582689677,0.0
25,34,-0.2719862242981684,-0.2719862242981684,0.0
25,35,-0.2663418316423565,-0.2663418316423565,0.0
25,36,-0.25200864157122943,-0.25200864157122943,0.0
25,37,-0.24795755357407234,-0.24795755357407234,0.0
25,38,-0.24708334386268727,-0.24708334386268727,0.0
25,39,-0.2470322022647002,-0.2470322022647002,0.0
25,40,-0.24299200390620063,-0.24299200390620063,0.0
25,41,-0.22828538346426336,-0.22828538346426336,0.0
25,42,-0.21613783594216063,-0.21613783594216063,0.0
25,43,-0.21368288955905224,-0.21368288955905224,0.0
25,44,-0.2082363354751925,-0.2082363354751925,0.0
25,45,-0.17719437619392694,-0.17719437619392694,0.0
25,46,-0.1555642405151071,-0.1555642405151071,0.0
25,47,-0.11560196813179875,-0.11560196813179875,0.0
25,48,-0.10885804209968804,-0.10885804209968804,0.0
25,49,-0.08638268954072555,-0.08638268954072555,0.0
25,50,-0.08406376135158045,-0.08406376135158045,0.0
25,51,-0.02554700148934863,-0.02554700148934863,0.0
25,52,-0.020772326852659975,-0.020772326852659975,0.0
25,53,-0.0013736738358932855,-0.0013736738358932855,0.0
25,54,0.04153274571350334,0.04153274571350334,0.0
25,55,0.053227597839552665,0.053227597839552665,0.0
25,56,0.06290546284943925,0.06290546284943925,0.0
25,57,0.07320560236260665,0.07320560236260665,0.0
25,58,0.11160148070596794,0.11160148070596794,0.0
25,59,0.12209441237130624,0.12209441237130624,0.0
25,60,0.12701799902916147,0.12701799902916147,0.0
25,61,0.13569959596660527,0.13569959596660527,0.0
25,62,0.14145880191648247,0.14145880191648247,0.0
25,63,0.14385147451042943,0.14385147451042943,0.0
25,64,0.15295039226315713,0.15295039226315713,0.0
25,65,0.1580534795325905,0.1580534795325905,0.0
25,66,0.1596342779600585,0.1596342779600585,0.0
25,67,0.16669344193920158,0.16669344193920158,0.0
25,68,0.1726001860474602,0.1726001860474602,0.0
25,69,0.17823224581923505,0.17823224581923505,0.0
25,70,0.18259468196742681,0.18259468196742681,0.0
25,71,0.19328962091588037,0.19328962091588037,0.0
25,72,0.19592348569546908,0.19592348569546908,0.0
25,73,0.20275548302714894,0.20275548302714894,0.0
25,74,0.21130056442721248,0.21130056442721248,0.0
25,75,0.2122659859703406,0.2122659859703406,0.0
25,76,0.23254227879041364,0.23254227879041364,0.0
25,77,0.2380784238807646,0.2380784238807646,0.0
25,78,0.2505710340371133,0.2505710340371133,0.0
25,79,0.2658395599242899,0.2658395599242899,0.0
25,80,0.2770634891237478,0.2770634891237478,0.0
25,81,0.28000626696082026,0.28000626696082026,0.0
25,82,0.29884247884433,0.29884247884433,0.0
25,83,0.3083813183333577,0.3083813183333577,0.0
25,84,0.3086537521412108,0.3086537521412108,0.0
25,85,0.30954984737679575,0.30954984737679575,0.0
25,86,0.31699772390881764,0.31699772390881764,0.0
25,87,0.32308914480444495,0.32308914480444495,0.0
25,88,0.33417718848189665,0.33417718848189665,0.0
25,89,0.3353617938288407,0.3353617938288407,0.0
25,90,0.3391848554269425,0.3391848554269425,0.0
25,91,0.3412339100419848,0.3412339100419848,0.0
25,92,0.3551672511724808,0.3551672511724808,0.0
25,93,0.3656121847324347,0.3656121847324347,0.0
25,94,0.37163077383388377,0.37163077383388377,0.0
25,95,0.3907034460339567,0.3907034460339567,0.0
25,96,0.3950858576631799,0.3950858576631799,0.0
25,97,0.429111652303439,0.429111652303439,0.0
25,98,0.4295060903046656,0.4295060903046656,0.0
25,99,0.43569174271343186,0.43569174271343186,0.0
25,100,0.4366231680229552,0.4366231680229552,0.0
25,101,0.43914245713814354,0.43914245713814354,0.0
25,102,0.44852083740615606,0.44852083740615606,0.0
25,103,0.4798123233999523,0.4798123233999523,0.0
25,104,0.5133837403510298,0.5133837403510298,0.0
25,105,0.5202827655647057,0.5202827655647057,0.0
25,106,0.5218655182385785,0.5218655182385785,0.0
25,107,0.525753478756186,0.525753478756186,0.0
25,108,0.5432838214416682,0.5432838214416682,0.0
25,109,0.5811282518248543,0.5811282518248543,0.0
25,110,0.5941636575235432,0.5941636575235432,0.0
25,111,0.5998194466730274,0.5998194466730274,0.0
25,112,0.6068578634991724,0.6068578634991724,0.0
25,113,0.620516980583588,0.620516980583588,0.0
25,114,0.6412309875777704,0.6412309875777704,0.0
25,115,0.6611545348735943,0.6611545348735943,0.0
25,116,0.6803751838452595,0.6803751838452595,0.0
25,117,0.6882128478355276,0.6882128478355276,0.0
25,118,0.7024009867280423,0.7024009867280423,0.0
25,119,0.7137757649451514,0.7137757649451514,0.0
25,120,0.7140944320820524,0.7140944320820524,0.0
25,121,0.7311994151896775,0.7311994151896775,0.0
25,122,0.7368343605787772,0.7368343605787772,0.0
25,123,0.7446337212297117,0.7446337212297117,0.0
25,124,0.763409634349422,0.763409634349422,0.0
25,125,0.7737857202132935,0.7737857202132935,0.0
25,126,0.7870126530113876,0.7870126530113876,0.0
25,127,0.7881429881057589,0.7881429881057589,0.0
26,0,-0.7554919900191429,-0.7554919900191429,0.0
26,1,-0.7533551512438641,-0.7533551512438641,0.0
26,2,-0.7444693458134428,-0.7444693458134428,0.0
26,3,-0.7223813833803091,-0.7223813833803091,0.0
26,4,-0.7160542842851524,-0.7160542842851524,0.0
26,5,-0.6846203652667469,-0.6846203652667469,0.0
26,6,-0.6827797980239958,-0.6827797980239958,0.0
26,7,-0.6704086544651418,-0.6704086544651418,0.0
26,8,-0.6703058431465219,-0.6703058431465219,0.0
26,9,-0.6693110177097005,-0.6693110177097005,0.0
26,10,-0.6548993914133749,-0.6548993914133749,0.0
26,11,-0.6490357278400876,-0.6490357278400876,0.0
26,12,-0.6470759081567974,-0.6470759081567974,0.0
26,13,-0.644549751031475,-0.644549751031475,0.0
26,14,-0.6418855457634192,-0.6418855457634192,0.0
26,15,-0.6164746010446234,-0.6164746010446234,0.0
26,16,-0.5931882172719988,-0.5931882172719988,0.0
26,17,-0.5555473422821843,-0.5555473422821843,0.0
26,18,-0.5452136710373371,-0.5452136710373371,0.0
26,19,-0.5256446865221049,-0.5256446865221049,0.0
26,20,-0.5168816627874485,-0.5168816627874485,0.0
26,21,-0.5083793855139155,-0.5083793855139155,0.0
26,22,-0.5047441423940544,-0.5047441423940544,0.0
26,23,-0.47227331340328665,-0.47227331340328665,0.0
26,24,-0.4678158871887636,-0.4678158871887636,0.0
26,25,-0.4628361966786383,-0.4628361966786383,0.0
26,26,-0.4480993806334775,-0.4480993806334775,0.0
26,27,-0.4289491028084612,-0.4289491028084612,0.0
26,28,-0.4065077148384235,-0.4065077148384235,0.0
26,29,-0.4000323487246002,-0.4000323487246002,0.0
26,30,-0.39991934805478346,-0.39991934805478346,0.0
26,31,-0.38814211484856165,-0.38814211484856165,0.0
26,32,-0.3610747315704547,-0.3610747315704547,0.0
26,33,-0.34731051385603406,-0.34731051385603406,0.0
26,34,-0.34348730713000664,-0.34348730713000664,0.0
26,35,-0.3257374155681378,-0.3257374155681378,0.0
26,36,-0.3253415709602324,-0.3253415709602324,0.0
26,37,-0.32371135555543323,-0.32371135555543323,0.0
26,38,-0.31995505663305085,-0.31995505663305085,0.0
26,39,-0.3055902936864794,-0.3055902936864794,0.0
26,40,-0.2986357821705539,-0.2986357821705539,0.0
26,41,-0.2931711487148805,-0.2931711487148805,0.0
26,42,-0.29051249833526394,-0.29051249833526394,0.0
26,43,-0.26249272895460507,-0.26249272895460507,0.0
26,44,-0.25980241701542894,-0.25980241701542894,0.0
26,45,-0.2519907000932832,-0.2519907000932832,0.0
26,46,-0.2515813907890406,-0.2515813907890406,0.0
26,47,-0.24390209491239948,-0.24390209491239948,0.0
26,48,-0.21070243684802872,-0.21070243684802872,0.0
26,49,-0.17396141714228933,-0.17396141714228933,0.0
26,50,-0.16976573607507053,-0.16976573607507053,0.0
26,51,-0.16170275835700548,-0.16170275835700548,0.0
26,52,-0.15758471279690056,-0.15758471279690056,0.0
26,53,-0.13711058443994448,-0.13711058443994448,0.0
26,54,-0.1298987815078659,-0.1298987815078659,0.0
26,55,-0.1252961718042027,-0.1252961718042027,0.0
26,56,-0.12495409373624772,-0.12495409373624772,0.0
26,57,-0.12395429514317353,-0.12395429514317353,0.0
26,58,-0.10925109412393681,-0.10925109412393681,0.0
26,59,-0.1040652056842779,-0.1040652056842779,0.0
26,60,-0.09616841831502594,-0.09616841831502594,0.0
26,61,-0.09573327543427067,-0.09573327543427067,0.0
26,62,-0.08561012320738969,-0.08561012320738969,0.0
26,63,-0.0774007829806326,-0.0774007829806326,0.0
26,64,-0.07645925700387153,-0.07645925700387153,0.0
26,65,-0.07331537248967575,-0.07331537248967575,0.0
26,66,-0.06635753105696178,-0.06635753105696178,0.0
26,67,-0.04700724277863291,-0.04700724277863291,0.0
26,68,-0.04568373809714324,-0.04568373809714324,0.0
26,69,-0.04111147508449538,-0.04111147508449538,0.0
26,70,-0.02441398867837563,-0.02441398867837563,0.0
26,71,0.00877966356407427,0.00877966356407427,0.0
26,72,0.010851903427833065,0.010851903427833065,0.0
26,73,0.013037902274986558,0.013037902274986558,0.0
26,74,0.024660566234055284,0.024660566234055284,0.0
26,75,0.02700577413116925,0.02700577413116925,0.0
26,76,0.03643443007501777,0.03643443007501777,0.0
26,77,0.053275852724481966,0.053275852724481966,0.0
26,78,0.07104565942096244,0.07104565942096244,0.0
26,79,0.09171265501304902,0.09171265501304902,0.0
26,80,0.11838795125175619,0.11838795125175619,0.0
26,81,0.11977412434056767,0.11977412434056767,0.0
26,82,0.13653329420470736,0.13653329420470736,0.0
26,83,0.14105548506711774,0.14105548506711774,0.0
26,84,0.14801812565772057,0.14801812565772057,0.0
26,85,0.14853584989537313,0.14853584989537313,0.0
26,86,0.1593710835242133,0.1593710835242133,0.0
26,87,0.1657280711013588,0.1657280711013588,0.0
26,88,0.18823570228360095,0.18823570228360095,0.0
26,89,0.198671466967428,0.198671466967428,0.0
26,90,0.2136837060520719,0.2136837060520719,0.0
26,91,0.23360688594999424,0.23360688594999424,0.0
26,92,0.24092684601202718,0.24092684601202718,0.0
26,93,0.2486333907607511,0.2486333907607511,0.0
26,94,0.2527023201259338,0.2527023201259338,0.0
26,95,0.25885040855596914,0.25885040855596914,0.0
26,96,0.29431543673213184,0.29431543673213184,0.0
26,97,0.3055701005253358,0.3055701005253358,0.0
26,98,0.3075793977511168,0.3075793977511168,0.0
26,99,0.3434389536416953,0.3434389536416953,0.0
26,100,0.3605557825552499,0.3605557825552499,0.0
26,101,0.3611343018992635,0.3611343018992635,0.0
26,102,0.3869919344437195,0.3869919344437195,0.0
26,103,0.39726996069108067,0.39726996069108067,0.0
26,104,0.41120017241176154,0.41120017241176154,0.0
26,105,0.43191794519852017,0.43191794519852017,0.0
26,106,0.48251919753330097,0.48251919753330097,0.0
26,107,0.6109867166361757,0.6109867166361757,0.0
26,108,0.6128367282582978,0.6128367282582978,0.0
26,109,0.6152631110469132,0.6152631110469132,0.0
26,110,0.6193065553485463,0.6193065553485463,0.0
26,111,0.6311900205155269,0.6311900205155269,0.0
26,112,0.6354320347150191,0.6354320347150191,0.0
26,113,0.6380264238851965,0.6380264238851965,0.0
26,114,0.6388582715891057,0.6388582715891057,0.0
26,115,0.6694102235925717,0.6694102235925717,0.0
26,116,0.6746619057446686,0.6746619057446686,0.0
26,117,0.6824986414337451,0.6824986414337451,0.0
26,118,0.688011047780295,0.688011047780295,0.0
26,119,0.7042187281518255,0.7042187281518255,0.0
26,120,0.7206975911391981,0.7206975911391981,0.0
26,121,0.7212532122533745,0.7212532122533745,0.0
26,122,0.7260050596565565,0.7260050596565565,0.0
26,123,0.7275021802466912,0.7275021802466912,0.0
26,124,0.7442900282386182,0.7442900282386182,0.0
26,125,0.7455531597694032,0.7455531597694032,0.0
26,126,0.7613977987359006,0.7613977987359006,0.0
26,127,0.7683688988060263,0.7683688988060263,0.0
27,0,-0.7990298941151212,-0.7990298941151212,0.0
27,1,-0.7981722945710275,-0.7981722945710275,0.0
27,2,-0.7962883574516035,-0.7962883574516035,0.0
27,3,-0.7763498811121718,-0.7763498811121718,0.0
27,4,-0.7313498654570465,-0.7313498654570465,0.0
27,5,-0.7236242771528896,-0.7236242771528896,0.0
27,6,-0.7031480500984462,-0.7031480500984462,0.0
27,7,-0.7016757039308925,-0.7016757039308925,0.0
27,8,-0.6753691118537355,-0.6753691118537355,0.0
27,9,-0.6682882087706705,-0.6682882087706705,0.0
27,10,-0.6667269617874132,-0.6667269617874132,0.0
27,11,-0.6637066869627806,-0.6637066869627806,0.0
27,12,-0.6098938063521082,-0.6098938063521082,0.0
27,13,-0.5962283135433032,-0.5962283135433032,0.0
27,14,-0.5956761442997268,-0.5956761442997268,0.0
27,15,-0.5894950998357315,-0.5894950998357315,0.0
27,16,-0.588479266210971,-0.588479266210971,0.0
27,17,-0.5844490191983706,-0.5844490191983706,0.0
27,18,-0.5787341721081364,-0.5787341721081364,0.0
27,19,-0.5592906818648414,-0.5592906818648414,0.0
27,20,-0.5385154740985841,-0.5385154740985841,0.0
27,21,-0.5341120368988653,-0.5341120368988653,0.0
27,22,-0.4999669802732827,-0.4999669802732827,0.0
27,23,-0.4985542499755591,-0.4985542499755591,0.0
27,24,-0.48632126364186395,-0.48632126364186395,0.0
27,25,-0.4571422992546257,-0.4571422992546257,0.0
27,26,-0.44393154559084247,-0.44393154559084247,0.0
27,27,-0.4380900928505705,-0.4380900928505705,0.0
27,28,-0.4015695173950222,-0.4015695173950222,0.0
27,29,-0.39985451163042873,-0.39985451163042873,0.0
27,30,-0.3769555644033451,-0.3769555644033451,0.0
27,31,-0.37151547192205303,-0.37151547192205303,0.0
27,32,-0.3695879280811946,-0.3695879280811946,0.0
27,33,-0.369295048534252,-0.369295048534252,0.0
27,34,-0.3674500122350754,-0.3674500122350754,0.0
27,35,-0.3522658573517422,-0.3522658573517422,0.0
27,36,-0.3405411005577598,-0.3405411005577598,0.0
27,37,-0.33510462188159773,-0.33510462188159773,0.0
27,38,-0.33328028091444345,-0.33328028091444345,0.0
27,39,-0.3097745874412494,-0.3097745874412494,0.0
27,40,-0.28473568449235886,-0.28473568449235886,0.0
27,41,-0.26750025318806225,-0.26750025318806225,0.0
27,42,-0.2628643852318948,-0.2628643852318948,0.0
27,43,-0.25504675301834806,-0.25504675301834806,0.0
27,44,-0.23396666795984108,-0.23396666795984108,0.0
27,45,-0.2089757394500488,-0.2089757394500488,0.0
27,46,-0.18671831147779017,-0.18671831147779017,0.0
27,47,-0.17914804675951929,-0.17914804675951929,0.0
27,48,-0.1752926656719076,-0.1752926656719076,0.0
27,49,-0.1626628502055084,-0.1626628502055084,0.0
27,50,-0.16014575485212712,-0.16014575485212712,0.0
27,51,-0.12239449560224358,-0.12239449560224358,0.0
27,52,-0.1080431322987458,-0.1080431322987458,0.0
27,53,-0.08671416159100538,-0.08671416159100538,0.0
27,54,-0.08409392556228674,-0.08409392556228674,0.0
27,55,-0.08398763962378092,-0.08398763962378092,0.0
27,56,-0.06536875095434845,-0.06536875095434845,0.0
27,57,-0.06520728663135689,-0.06520728663135689,0.0
27,58,-0.05783723369209248,-0.05783723369209248,0.0
27,59,-0.050586923525160726,-0.050586923525160726,0.0
27,60,-0.04538067660991079,-0.04538067660991079,0.0
27,61,-0.034415305661153896,-0.034415305661153896,0.0
27,62,-0.028760875691984645,-0.028760875691984645,0.0
27,63,-0.020967970046970485,-0.020967970046970485,0.0
27,64,-0.018181976380999387,-0.018181976380999387,0.0
27,65,-0.01688819991560422,-0.01688819991560422,0.0
27,66,-0.007532505023623771,-0.007532505023623771,0.0
27,67,-0.0014798467107469905,-0.0014798467107469905,0.0
27,68,0.005643290105363974,0.005643290105363974,0.0
27,69,0.012755773627333867,0.012755773627333867,0.0
27,70,0.013662748462290786,0.013662748462290786,0.0
27,71,0.027040978746505042,0.027040978746505042,0.0
27,72,0.03878087887238468,0.03878087887238468,0.0
27,73,0.06344625893757261,0.06344625893757261,0.0
27,74,0.08388800742360498,0.08388800742360498,0.0
27,75,0.0966533776163514,0.0966533776163514,0.0
27,76,0.10130402327382271,0.10130402327382271,0.0
27,77,0.13412098192270766,0.13412098192270766,0.0
27,78,0.1509649235579243,0.1509649235579243,0.0
27,79,0.19068978561596756,0.19068978561596756,0.0
27,80,0.19700158219208552,0.19700158219208552,0.0
27,81,0.2017917097377996,0.2017917097377996,0.0
27,82,0.2228755648842741,0.2228755648842741,0.0
27,83,0.2246959484122762,0.2246959484122762,0.0
27,84,0.23644089599295254,0.23644089599295254,0.0
27,85,0.23718426915977686,0.23718426915977686,0.0
27,86,0.2423523426944824,0.2423523426944824,0.0
27,87,0.24490060921022502,0.24490060921022502,0.0
27,88,0.25013766930789405,0.25013766930789405,0.0
27,89,0.30445448165650435,0.30445448165650435,0.0
27,90,0.3108335818321745,0.3108335818321745,0.0
27,91,0.31785127459767804,0.31785127459767804,0.0
27,92,0.3210474552687355,0.3210474552687355,0.0
27,93,0.3348588090189372,0.3348588090189372,0.0
27,94,0.3388738352413862,0.3388738352413862,0.0
27,95,0.34227559586057377,0.34227559586057377,0.0
27,96,0.34361592370466404,0.34361592370466404,0.0
27,97,0.34463709291492056,0.34463709291492056,0.0
27,98,0.34961184046807114,0.34961184046807114,0.0
27,99,0.3560160948797524,0.3560160948797524,0.0
27,100,0.37300994667159276,0.37300994667159276,0.0
27,101,0.3890966667348863,0.3890966667348863,0.0
27,102,0.39651475070374276,0.39651475070374276,0.0
27,103,0.3995186341256986,0.3995186341256986,0.0
27,104,0.42320223343390834,0.42320223343390834,0.0
27,105,0.4256958906676245,0.4256958906676245,0.0
27,106,0.4691501084821898,0.4691501084821898,0.0
27,107,0.4738463608586006,0.4738463608586006,0.0
27,108,0.4819519537831058,0.4819519537831058,0.0
27,109,0.5283653300016932,0.5283653300016932,0.0
27,110,0.539535114085984,0.539535114085984,0.0
27,111,0.5423813270468217,0.5423813270468217,0.0
27,112,0.5458614945053298,0.5458614945053298,0.0
27,113,0.5588943887923685,0.5588943887923685,0.0
27,114,0.5704696378700934,0.5704696378700934,0.0
27,115,0.5893849905289751,0.5893849905289751,0.0
27,116,0.5956307059958599,0.5956307059958599,0.0
27,117,0.6347395453494044,0.6347395453494044,0.0
27,118,0.6433828659277605,0.6433828659277605,0.0
27,119,0.7158799971540909,0.7158799971540909,0.0
27,120,0.745789623385353,0.745789623385353,0.0
27,121,0.7554050322621496,0.7554050322621496,0.0
27,122,0.7829314444159785,0.7829314444159785,0.0
27,123,0.7883463526627882,0.7883463526627882,0.0
27,124,0.7885899416463551,0.7885899416463551,0.0
27,125,0.7929239796841584,0.7929239796841584,0.0
27,126,0.7954222436755007,0.7954222436755007,0.0
27,127,0.7997954865241793,0.7997954865241793,0.0
28,0,-0.756558227551585,-0.756558227551585,0.0
28,1,-0.7514619124058437,-0.7514619124058437,0.0
28,2,-0.7422338625093208,-0.7422338625093208,0.0
28,3,-0.7417323525772326,-0.7417323525772326,0.0
28,4,-0.7385998503343189,-0.7385998503343189,0.0
28,5,-0.7317658218518557,-0.7317658218518557,0.0
28,6,-0.7278573885794734,-0.7278573885794734,0.0
28,7,-0.7062613732807752,-0.7062613732807752,0.0
28,8,-0.7057890943723946,-0.7057890943723946,0.0
28,9,-0.6949745174274384,-0.6949745174274384,0.0
28,10,-0.6770537050372569,-0.6770537050372569,0.0
28,11,-0.673413612136765,-0.673413612136765,0.0
28,12,-0.6723866402763327,-0.6723866402763327,0.0
28,13,-0.6381963667755803,-0.6381963667755803,0.0
28,14,-0.6377682150114103,-0.6377682150114103,0.0
28,15,-0.6344005094019753,-0.6344005094019753,0.0
28,16,-0.6101311178288628,-0.6101311178288628,0.0
28,17,-0.6084946237598006,-0.6084946237598006,0.0
28,18,-0.5891656402187871,-0.5891656402187871,0.0
28,19,-0.5800483382794808,-0.5800483382794808,0.0
28,20,-0.577339003832086,-0.577339003832086,0.0
28,21,-0.575952399234507,-0.575952399234507,0.0
28,22,-0.5602166799631144,-0.5602166799631144,0.0
28,23,-0.5310946474171617,-0.5310946474171617,0.0
28,24,-0.5107743011283947,-0.5107743011283947,0.0
28,25,-0.5094898470964875,-0.5094898470964875,0.0
28,26,-0.5058705302901497,-0.5058705302901497,0.0
28,27,-0.5007671104701533,-0.5007671104701533,0.0
28,28,-0.49017140027537764,-0.49017140027537764,0.0
28,29,-0.4323715357657852,-0.4323715357657852,0.0
28,30,-0.4173776276375589,-0.4173776276375589,0.0
28,31,-0.36844772797378234,-0.36844772797378234,0.0
28,32,-0.3557745152757752,-0.3557745152757752,0.0
28,33,-0.30115369700958433,-0.30115369700958433,0.0
28,34,-0.2863691169972718,-0.2863691169972718,0.0
28,35,-0.26449061364211773,-0.26449061364211773,0.0
28,36,-0.23829865982597537,-0.23829865982597537,0.0
28,37,-0.20089572808627967,-0.20089572808627967,0.0
28,38,-0.19895663993170684,-0.19895663993170684,0.0
28,39,-0.18511687481793493,-0.18511687481793493,0.0
28,40,-0.1833461275728972,-0.1833461275728972,0.0
28,41,-0.17876020384321054,-0.17876020384321054,0.0
28,42,-0.1777086546175303,-0.1777086546175303,0.0
28,43,-0.16992743441537517,-0.16992743441537517,0.0
28,44,-0.16871271025523704,-0.16871271025523704,0.0
28,45,-0.1591688600374976,-0.1591688600374976,0.0
28,46,-0.14781277859208847,-0.14781277859208847,0.0
28,47,-0.147547826920618,-0.147547826920618,0.0
28,48,-0.1355677432060741,-0.1355677432060741,0.0
28,49,-0.12339260955029481,-0.12339260955029481,0.0
28,50,-0.11390700680445498,-0.11390700680445498,0.0
28,51,-0.10794879258347195,-0.10794879258347195,0.0
28,52,-0.10490991655114784,-0.10490991655114784,0.0
28,53,-0.07404103665410293,-0.07404103665410293,0.0
28,54,-0.07255973537561733,-0.07255973537561733,0.0
28,55,-0.06593226553066778,-0.06593226553066778,0.0
28,56,-0.047217860550973614,-0.047217860550973614,0.0
28,57,-0.04715396418581985,-0.04715396418581985,0.0
28,58,-0.030822987884299737,-0.030822987884299737,0.0
28,59,-0.01989570221328023,-0.01989570221328023,0.0
28,60,-0.015555599021487865,-0.015555599021487865,0.0
28,61,-0.009152197204690894,-0.009152197204690894,0.0
28,62,0.010276817974959407,0.010276817974959407,0.0
28,63,0.012313548799466823,0.012313548799466823,0.0
28,64,0.028115738269878322,0.028115738269878322,0.0
28,65,0.030420587447830983,0.030420587447830983,0.0
28,66,0.031621342694823085,0.031621342694823085,0.0
28,67,0.05368575174666717,0.05368575174666717,0.0
28,68,0.057735809664806764,0.057735809664806764,0.0
28,69,0.10826201389914925,0.10826201389914925,0.0
28,70,0.11237160675800997,0.11237160675800997,0.0
28,71,0.1195818924108405,0.1195818924108405,0.0
28,72,0.12819810503682857,0.12819810503682857,0.0
28,73,0.12877237162579772,0.12877237162579772,0.0
28,74,0.15531490263708783,0.15531490263708783,0.0
28,75,0.16166825563008536,0.16166825563008536,0.0
28,76,0.16921411027405586,0.16921411027405586,0.0
28,77,0.17170534599907938,0.17170534599907938,0.0
28,78,0.1857872373005355,0.1857872373005355,0.0
28,79,0.21138243204150556,0.21138243204150556,0.0
28,80,0.2176429037892813,0.2176429037892813,0.0
28,81,0.22566262360244294,0.22566262360244294,0.0
28,82,0.23373321190706164,0.23373321190706164,0.0
28,83,0.23766894745892772,0.23766894745892772,0.0
28,84,0.27163649173668336,0.27163649173668336,0.0
28,85,0.29644604775995836,0.29644604775995836,0.0
28,86,0.3139854833438257,0.3139854833438257,0.0
28,87,0.3204931124924413,0.3204931124924413,0.0
28,88,0.34277535330913445,0.34277535330913445,0.0
28,89,0.3532783570698834,0.3532783570698834,0.0
28,90,0.358180869364627,0.358180869364627,0.0
28,91,0.36607284416187796,0.36607284416187796,0.0
28,92,0.3675593829322404,0.3675593829322404,0.0
28,93,0.37870189026195505,0.37870189026195505,0.0
28,94,0.38038876919767955,0.38038876919767955,0.0
28,95,0.38465790085149704,0.38465790085149704,0.0
28,96,0.40079562375855976,0.40079562375855976,0.0
28,97,0.4186501332549526,0.4186501332549526,0.0
28,98,0.43942214346903996,0.43942214346903996,0.0
28,99,0.444109102016909,0.444109102016909,0.0
28,100,0.4508802991075964,0.4508802991075964,0.0
28,101,0.45568526631205286,0.45568526631205286,0.0
28,102,0.46746477428283467,0.46746477428283467,0.0
28,103,0.5105444195669725,0.5105444195669725,0.0
28,104,0.5204068515843966,0.5204068515843966,0.0
28,105,0.5488404043819062,0.5488404043819062,0.0
28,106,0.5512407067447349,0.5512407067447349,0.0
28,107,0.5521338080298828,0.5521338080298828,0.0
28,108,0.5682449327537077,0.5682449327537077,0.0
28,109,0.5695420398286041,0.5695420398286041,0.0
28,110,0.587020370202851,0.587020370202851,0.0
28,111,0.5957100416573928,0.5957100416573928,0.0
28,112,0.5978566061491092,0.5978566061491092,0.0
28,113,0.6016692803552701,0.6016692803552701,0.0
28,114,0.6097910457403906,0.6097910457403906,0.0
28,115,0.6247658352211287,0.6247658352211287,0.0
28,116,0.6544798073725615,0.6544798073725615,0.0
28,117,0.6552107471428527,0.6552107471428527,0.0
28,118,0.6751720396768202,0.6751720396768202,0.0
28,119,0.7141165654387724,0.7141165654387724,0.0
28,120,0.7188146806478806,0.7188146806478806,0.0
28,121,0.7233601815619899,0.7233601815619899,0.0
28,122,0.7356251237662541,0.7356251237662541,0.0
28,123,0.7447053399880359,0.7447053399880359,0.0
28,124,0.7492118051801507,0.7492118051801507,0.0
28,125,0.754351211084066,0.754351211084066,0.0
28,126,0.7615776704727566,0.7615776704727566,0.0
28,127,0.783967835374935,0.783967835374935,0.0
29,0,-0.7970971815682619,-0.7970971815682619,0.0
29,1,-0.7770792298428454,-0.7770792298428454,0.0
29,2,-0.7668678557251613,-0.7668678557251613,0.0
29,3,-0.7542078135097617,-0.7542078135097617,0.0
29,4,-0.7422794428924884,-0.7422794428924884,0.0
29,5,-0.7381741964543634,-0.7381741964543634,0.0
29,6,-0.7279900760881187,-0.7279900760881187,0.0
29,7,-0.7163640734364991,-0.7163640734364991,0.0
29,8,-0.6993297934391705,-0.6993297934391705,0.0
29,9,-0.6902550179116095,-0.6902550179116095,0.0
29,10,-0.6888796584206839,-0.6888796584206839,0.0
29,11,-0.6618867984078621,-0.6618867984078621,0.0
29,12,-0.6500630001676924,-0.6500630001676924,0.0
29,13,-0.6416342387235576,-0.6416342387235576,0.0
29,14,-0.6357310701649995,-0.6357310701649995,0.0
29,15,-0.6093300816971662,-0.6093300816971662,0.0
29,16,-0.5992067038666345,-0.5992067038666345,0.0
29,17,-0.578865272130729,-0.578865272130729,0.0
29,18,-0.5753616107897468,-0.5753616107897468,0.0
29,19,-0.5463944936460594,-0.5463944936460594,0.0
29,20,-0.5222511951570178,-0.5222511951570178,0.0
29,21,-0.5220254950581863,-0.5220254950581863,0.0
29,22,-0.5156678587629967,-0.5156678587629967,0.0
29,23,-0.5115846608926345,-0.5115846608926345,0.0
29,24,-0.5056717555291652,-0.5056717555291652,0.0
29,25,-0.4955309038905032,-0.4955309038905032,0.0
29,26,-0.46802330316903795,-0.46802330316903795,0.0
29,27,-0.46290581854147383,-0.46290581854147383,0.0
29,28,-0.4511639034090372,-0.4511639034090372,0.0
29,29,-0.4372123581487559,-0.4372123581487559,0.0
29,30,-0.4361023718184884,-0.4361023718184884,0.0
29,31,-0.4282183411765864,-0.4282183411765864,0.0
29,32,-0.42565567077892885,-0.42565567077892885,0.0
29,33,-0.4214223561866735,-0.4214223561866735,0.0
29,34,-0.3845832997135924,-0.3845832997135924,0.0
29,35,-0.38169088142149477,-0.38169088142149477,0.0
29,36,-0.3669547982997774,-0.3669547982997774,0.0
29,37,-0.3630292242530153,-0.3630292242530153,0.0
29,38,-0.3566151943949498,-0.3566151943949498,0.0
29,39,-0.3455660226861536,-0.3455660226861536,0.0
29,40,-0.337040187818328,-0.337040187818328,0.0
29,41,-0.33685116425698713,-0.33685116425698713,0.0
29,42,-0.31323942876980504,-0.31323942876980504,0.0
29,43,-0.30914143462169613,-0.30914143462169613,0.0
29,44,-0.30052671089116867,-0.30052671089116867,0.0
29,45,-0.289991866713978,-0.289991866713978,0.0
29,46,-0.2588451073107182,-0.2588451073107182,0.0
29,47,-0.24820727973384607,-0.24820727973384607,0.0
29,48,-0.21186795694362567,-0.21186795694362567,0.0
29,49,-0.2104366021985964,-0.2104366021985964,0.0
29,50,-0.15450578349215452,-0.15450578349215452,0.0
29,51,-0.1426796065267398,-0.1426796065267398,0.0
29,52,-0.13665355670950277,-0.13665355670950277,0.0
29,53,-0.13587120391480453,-0.13587120391480453,0.0
29,54,-0.12558280960050947,-0.12558280960050947,0.0
29,55,-0.11607021506403258,-0.11607021506403258,0.0
29,56,-0.08419699178485551,-0.08419699178485551,0.0
29,57,-0.07966508017519054,-0.07966508017519054,0.0
29,58,-0.06039125492779274,-0.06039125492779274,0.0
29,59,-0.03217343406231112,-0.03217343406231112,0.0
29,60,-0.01800120768471878,-0.01800120768471878,0.0
29,61,-0.005924266670392875,-0.005924266670392875,0.0
29,62,-0.005811344783180239,-0.005811344783180239,0.0
29,63,0.015403513026407724,0.015403513026407724,0.0
29,64,0.04609624090666458,0.04609624090666458,0.0
29,65,0.049347325116433007,0.049347325116433007,0.0
29,66,0.06850158045153147,0.06850158045153147,0.0
29,67,0.07084322799362752,0.07084322799362752,0.0
29,68,0.07464876237037076,0.07464876237037076,0.0
29,69,0.0807010320144853,0.0807010320144853,0.0
29,70,0.08709349481410218,0.08709349481410218,0.0
29,71,0.09830924376886313,0.09830924376886313,0.0
29,72,0.135502306799933,0.135502306799933,0.0
29,73,0.16784387058728073,0.16784387058728073,0.0
29,74,0.17422713990061958,0.17422713990061958,0.0
29,75,0.1749370119126466,0.1749370119126466,0.0
29,76,0.17614677924905975,0.17614677924905975,0.0
29,77,0.181200408911484,0.181200408911484,0.0
29,78,0.18554386334365952,0.18554386334365952,0.0
29,79,0.19086065926085816,0.19086065926085816,0.0
29,80,0.19496137148378329,0.19496137148378329,0.0
29,81,0.19540305771798128,0.19540305771798128,0.0
29,82,0.21425073221801016,0.21425073221801016,0.0
29,83,0.24247881176130212,0.24247881176130212,0.0
29,84,0.24834170653280874,0.24834170653280874,0.0
29,85,0.2511416680689239,0.2511416680689239,0.0
29,86,0.25954473613152745,0.25954473613152745,0.0
29,87,0.25974423906661176,0.25974423906661176,0.0
29,88,0.2761819508668573,0.2761819508668573,0.0
29,89,0.2782052841678359,0.2782052841678359,0.0
29,90,0.3288148819957313,0.3288148819957313,0.0
29,91,0.33787709573262675,0.33787709573262675,0.0
29,92,0.33794395958737167,0.33794395958737167,0.0
29,93,0.3587857138378084,0.3587857138378084,0.0
29,94,0.37099458794795126,0.37099458794795126,0.0
29,95,0.372628751588238,0.372628751588238,0.0
29,96,0.37371198863602867,0.37371198863602867,0.0
29,97,0.3892944916628787,0.3892944916628787,0.0
29,98,0.3927873824078132,0.3927873824078132,0.0
29,99,0.41070325821317977,0.41070325821317977,0.0
29,100,0.4363729119324063,0.4363729119324063,0.0
29,101,0.44638365713614037,0.44638365713614037,0.0
29,102,0.44762501240569996,0.44762501240569996,0.0
29,103,0.45289615328427024,0.45289615328427024,0.0
29,104,0.46076206383428675,0.46076206383428675,0.0
29,105,0.47000738238256634,0.47000738238256634,0.0
29,106,0.4717441680857068,0.4717441680857068,0.0
29,107,0.4740862538472561,0.4740862538472561,0.0
29,108,0.49312030066763984,0.49312030066763984,0.0
29,109,0.495842684713303,0.495842684713303,0.0
29,110,0.5026727591710813,0.5026727591710813,0.0
29,111,0.529215716814058,0.529215716814058,0.0
29,112,0.5303455105408709,0.5303455105408709,0.0
29,113,0.535552736625505,0.535552736625505,0.0
29,114,0.5387611427292004,0.5387611427292004,0.0
29,115,0.5596003093066891,0.5596003093066891,0.0
29,116,0.5663006841072166,0.5663006841072166,0.0
29,117,0.5665187460349114,0.5665187460349114,0.0
29,118,0.5896876508422011,0.5896876508422011,0.0
29,119,0.612287628480293,0.612287628480293,0.0
29,120,0.644300951676684,0.644300951676684,0.0
29,121,0.6555051592385119,0.6555051592385119,0.0
29,122,0.6668945373282237,0.6668945373282237,0.0
29,123,0.6806540341747482,0.6806540341747482,0.0
29,124,0.6875267353846873,0.6875267353846873,0.0
29,125,0.6963450402376264,0.6963450402376264,0.0
29,126,0.6964390510445629,0.6964390510445629,0.0
29,127,0.7751894713301027,0.7751894713301027,0.0
30,0,-0.798666463661057,-0.798666463661057,0.0
30,1,-0.786295754302019,-0.786295754302019,0.0
30,2,-0.7845956882710597,-0.7845956882710597,0.0
30,3,-0.7660079133560412,-0.7660079133560412,0.0
30,4,-0.7464738776192071,-0.7464738776192071,0.0
30,5,-0.7156957887417482,-0.7156957887417482,0.0
30,6,-0.7123989825710928,-0.7123989825710928,0.0
30,7,-0.7046097710886458,-0.7046097710886458,0.0
30,8,-0.6941135150581306,-0.6941135150581306,0.0
30,9,-0.6585735906052019,-0.6585735906052019,0.0
30,10,-0.6461562968691666,-0.6461562968691666,0.0
30,11,-0.6349867410423657,-0.6349867410423657,0.0
30,12,-0.6334666020581348,-0.6334666020581348,0.0
30,13,-0.6333441967240747,-0.6333441967240747,0.0
30,14,-0.6319970493479747,-0.6319970493479747,0.0
30,15,-0.6224307905262038,-0.6224307905262038,0.0
30,16,-0.6117602880433508,-0.6117602880433508,0.0
30,17,-0.5886694569607244,-0.5886694569607244,0.0
30,18,-0.5799416766316371,-0.5799416766316371,0.0
30,19,-0.5787042548200629,-0.5787042548200629,0.0
30,20,-0.5768591049179167,-0.5768591049179167,0.0
30,21,-0.570382024593598,-0.570382024593598,0.0
30,22,-0.5442955061926676,-0.5442955061926676,0.0
30,23,-0.5397501354223534,-0.5397501354223534,0.0
30,24,-0.5374268854543337,-0.5374268854543337,0.0
30,25,-0.5199467276522086,-0.5199467276522086,0.0
30,26,-0.5173248531311453,-0.5173248531311453,0.0
30,27,-0.5105579375480661,-0.5105579375480661,0.0
30,28,-0.5042164482553039,-0.5042164482553039,0.0
30,29,-0.49393892469161554,-0.49393892469161554,0.0
30,30,-0.47343559644812655,-0.47343559644812655,0.0
30,31,-0.45528041062506586,-0.45528041062506586,0.0
30,32,-0.4532430477675735,-0.4532430477675735,0.0
30,33,-0.4238818216786152,-0.4238818216786152,0.0
30,34,-0.3707828615338915,-0.3707828615338915,0.0
30,35,-0.3687652543985307,-0.3687652543985307,0.0
30,36,-0.3603739807337332,-0.3603739807337332,0.0
30,37,-0.35097210671348766,-0.35097210671348766,0.0
30,38,-0.34588089046679915,-0.34588089046679915,0.0
30,39,-0.3320539883621219,-0.3320539883621219,0.0
30,40,-0.31141264401057356,-0.31141264401057356,0.0
30,41,-0.3063610496853347,-0.3063610496853347,0.0
30,42,-0.30099070024918506,-0.30099070024918506,0.0
30,43,-0.28944811521541264,-0.28944811521541264,0.0
30,44,-0.25065483127823357,-0.25065483127823357,0.0
30,45,-0.25056931661366927,-0.25056931661366927,0.0
30,46,-0.215839830948946,-0.215839830948946,0.0
30,47,-0.1978294045120208,-0.1978294045120208,0.0
30,48,-0.16652814421494588,-0.16652814421494588,0.0
30,49,-0.16083369856971094,-0.16083369856971094,0.0
30,50,-0.15929161741197292,-0.15929161741197292,0.0
30,51,-0.13157362787834545,-0.13157362787834545,0.0
30,52,-0.1202705558474575,-0.1202705558474575,0.0
30,53,-0.11505090781310195,-0.11505090781310195,0.0
30,54,-0.11480215593727704,-0.11480215593727704,0.0
30,55,-0.1076941205059061,-0.1076941205059061,0.0
30,56,-0.095487041322445,-0.095487041322445,0.0
30,57,-0.09166857726004132,-0.09166857726004132,0.0
30,58,-0.08473075784933588,-0.08473075784933588,0.0
30,59,-0.06629581228729968,-0.06629581228729968,0.0
30,60,-0.0656701159049982,-0.0656701159049982,0.0
30,61,-0.06350916081624867,-0.06350916081624867,0.0
30,62,-0.03151286726069174,-0.03151286726069174,0.0
30,63,-0.025452011489069726,-0.025452011489069726,0.0
30,64,-0.021322981093119253,-0.021322981093119253,0.0
30,65,-0.01331626665824075,-0.01331626665824075,0.0
30,66,-0.012967750646799382,-0.012967750646799382,0.0
30,67,-0.009873777756033776,-0.009873777756033776,0.0
30,68,-0.0024476996898002315,-0.0024476996898002315,0.0
30,69,0.02528796930855535,0.02528796930855535,0.0
30,70,0.054581841527295796,0.054581841527295796,0.0
30,71,0.08336300723645085,0.08336300723645085,0.0
30,72,0.08953092375528336,0.08953092375528336,0.0
30,73,0.1074106269858925,0.1074106269858925,0.0
30,74,0.1178624875297695,0.1178624875297695,0.0
30,75,0.14504390311495358,0.14504390311495358,0.0
30,76,0.14736634289843115,0.14736634289843115,0.0
30,77,0.14996493066920688,0.14996493066920688,0.0
30,78,0.1636259323722431,0.1636259323722431,0.0
30,79,0.16746745508080174,0.16746745508080174,0.0
30,80,0.16857987861258864,0.16857987861258864,0.0
30,81,0.19462061845257494,0.19462061845257494,0.0
30,82,0.20614802355533685,0.20614802355533685,0.0
30,83,0.2097893028538863,0.2097893028538863,0.0
30,84,0.2301134669257932,0.2301134669257932,0.0
30,85,0.232923685266889,0.232923685266889,0.0
30,86,0.24164566568272222,0.24164566568272222,0.0
30,87,0.2436600629509716,0.2436600629509716,0.0
30,88,0.26094345607640523,0.26094345607640523,0.0
30,89,0.2635182208153843,0.2635182208153843,0.0
30,90,0.2738790460538114,0.2738790460538114,0.0
30,91,0.3014931683983676,0.3014931683983676,0.0
30,92,0.3026984847334145,0.3026984847334145,0.0
30,93,0.3168886988629604,0.3168886988629604,0.0
30,94,0.3498436395601594,0.3498436395601594,0.0
30,95,0.35526403997821704,0.35526403997821704,0.0
30,96,0.36996955312876345,0.36996955312876345,0.0
30,97,0.383342610368986,0.383342610368986,0.0
30,98,0.3898005059222987,0.3898005059222987,0.0
30,99,0.4170989334200206,0.4170989334200206,0.0
30,100,0.4222791275969197,0.4222791275969197,0.0
30,101,0.42351434327878545,0.42351434327878545,0.0
30,102,0.4283333066953729,0.4283333066953729,0.0
30,103,0.45441364128338385,0.45441364128338385,0.0
30,104,0.4567197746413376,0.4567197746413376,0.0
30,105,0.460997174994918,0.460997174994918,0.0
30,106,0.4663128719452598,0.4663128719452598,0.0
30,107,0.4844788838212159,0.4844788838212159,0.0
30,108,0.5356796310585302,0.5356796310585302,0.0
30,109,0.5963538980994659,0.5963538980994659,0.0
30,110,0.6177016550051955,0.6177016550051955,0.0
30,111,0.6345903343980267,0.6345903343980267,0.0
30,112,0.6366528621898656,0.6366528621898656,0.0
30,113,0.6377393285546035,0.6377393285546035,0.0
30,114,0.6460592746597948,0.6460592746597948,0.0
30,115,0.6514530605491862,0.6514530605491862,0.0
30,116,0.6701805869024793,0.6701805869024793,0.0
30,117,0.6717760531196263,0.6717760531196263,0.0
30,118,0.6874174030100928,0.6874174030100928,0.0
30,119,0.6979512223166915,0.6979512223166915,0.0
30,120,0.7008343487153623,0.7008343487153623,0.0
30,121,0.7097554644939827,0.7097554644939827,0.0
30,122,0.711144608435408,0.711144608435408,0.0
30,123,0.7525151070215155,0.7525151070215155,0.0
30,124,0.7616845303014094,0.7616845303014094,0.0
30,125,0.7675846917505226,0.7675846917505226,0.0
30,126,0.7720097398823497,0.7720097398823497,0.0
30,127,0.7962668565659549,0.7962668565659549,0.0
31,0,-0.7981480209552493,-0.7981480209552493,0.0
31,1,-0.7848453312105619,-0.7848453312105619,0.0
31,2,-0.770279775381173,-0.770279775381173,0.0
31,3,-0.7435230599051729,-0.7435230599051729,0.0
31,4,-0.7433421742772643,-0.7433421742772643,0.0
31,5,-0.7361362089799237,-0.7361362089799237,0.0
31,6,-0.7161213153552453,-0.7161213153552453,0.0
31,7,-0.7075258026552907,-0.7075258026552907,0.0
31,8,-0.6954845000192222,-0.6954845000192222,0.0
31,9,-0.6953620160346642,-0.6953620160346642,0.0
31,10,-0.6879091053256196,-0.6879091053256196,0.0
31,11,-0.6843718712309297,-0.6843718712309297,0.0
31,12,-0.6179591568219833,-0.6179591568219833,0.0
31,13,-0.6029182023513363,-0.6029182023513363,0.0
31,14,-0.6017722651622309,-0.6017722651622309,0.0
31,15,-0.6017295657556508,-0.6017295657556508,0.0
31,16,-0.6007114773439336,-0.6007114773439336,0.0
31,17,-0.5769552164639281,-0.5769552164639281,0.0
31,18,-0.5627041883300148,-0.5627041883300148,0.0
31,19,-0.5590033546708234,-0.5590033546708234,0.0
31,20,-0.5350000490401693,-0.5350000490401693,0.0
31,21,-0.5202954630681429,-0.5202954630681429,0.0
31,22,-0.5070930413364881,-0.5070930413364881,0.0
31,23,-0.4956592920144955,-0.4956592920144955,0.0
31,24,-0.48880087473949774,-0.48880087473949774,0.0
31,25,-0.4693255387288675,-0.4693255387288675,0.0
31,26,-0.46350527339771297,-0.46350527339771297,0.0
31,27,-0.45826539665465166,-0.45826539665465166,0.0
31,28,-0.45129141655900523,-0.45129141655900523,0.0
31,29,-0.43685529598401696,-0.43685529598401696,0.0
31,30,-0.3994257606738417,-0.3994257606738417,0.0
31,31,-0.39272538444668226,-0.39272538444668226,0.0
31,32,-0.3757274104827191,-0.3757274104827191,0.0
31,33,-0.3713786547589729,-0.3713786547589729,0.0
31,34,-0.3596827772364046,-0.3596827772364046,0.0
31,35,-0.3408520008070472,-0.3408520008070472,0.0
31,36,-0.3275528443467323,-0.3275528443467323,0.0
31,37,-0.3253662943003608,-0.3253662943003608,0.0
31,38,-0.3229145554111041,-0.3229145554111041,0.0
31,39,-0.3188519483884347,-0.3188519483884347,0.0
31,40,-0.31229708358461306,-0.31229708358461306,0.0
31,41,-0.2809634943495656,-0.2809634943495656,0.0
31,42,-0.27452656882851495,-0.27452656882851495,0.0
31,43,-0.25489536954372144,-0.25489536954372144,0.0
31,44,-0.2462942930545177,-0.2462942930545177,0.0
31,45,-0.23471820177627445,-0.23471820177627445,0.0
31,46,-0.22286670395248243,-0.22286670395248243,0.0
31,47,-0.21756580820738913,-0.21756580820738913,0.0
31,48,-0.19737938871087693,-0.19737938871087693,0.0
31,49,-0.18786380330161664,-0.18786380330161664,0.0
31,50,-0.18487781650848378,-0.18487781650848378,0.0
31,51,-0.18417620755837236,-0.18417620755837236,0.0
31,52,-0.16702115906060355,-0.16702115906060355,0.0
31,53,-0.1601887673250113,-0.1601887673250113,0.0
31,54,-0.15636114272359125,-0.15636114272359125,0.0
31,55,-0.15024062155320017,-0.15024062155320017,0.0
31,56,-0.14049025549658686,-0.14049025549658686,0.0
31,57,-0.13385024664127718,-0.13385024664127718,0.0
31,58,-0.10970198948059746,-0.10970198948059746,0.0
31,59,-0.09905054325479129,-0.09905054325479129,0.0
31,60,-0.09250955997012672,-0.09250955997012672,0.0
31,61,-0.08063054507070469,-0.08063054507070469,0.0
31,62,-0.07392760029587908,-0.07392760029587908,0.0
31,63,-0.04922623176376657,-0.04922623176376657,0.0
31,64,-0.04780213695411657,-0.04780213695411657,0.0
31,65,-0.046770333684890635,-0.046770333684890635,0.0
31,66,-0.03097512417726609,-0.03097512417726609,0.0
31,67,-0.03093156900105285,-0.03093156900105285,0.0
31,68,-0.026805737803926456,-0.026805737803926456,0.0
31,69,-0.023235631644271316,-0.023235631644271316,0.0
31,70,-0.02318611411759193,-0.02318611411759193,0.0
31,71,0.002576672374154576,0.002576672374154576,0.0
31,72,0.019708757584383108,0.019708757584383108,0.0
31,73,0.02833788326119322,0.02833788326119322,0.0
31,74,0.029239275466228776,0.029239275466228776,0.0
31,75,0.040885728506625446,0.040885728506625446,0.0
31,76,0.0778494279668621,0.0778494279668621,0.0
31,77,0.11220187496883992,0.11220187496883992,0.0
31,78,0.12086993326939287,0.12086993326939287,0.0
31,79,0.12237475210733156,0.12237475210733156,0.0
31,80,0.13335244177081176,0.13335244177081176,0.0
31,81,0.15757772238177684,0.15757772238177684,0.0
31,82,0.15767416579700982,0.15767416579700982,0.0
31,83,0.16037817079095584,0.16037817079095584,0.0
31,84,0.18172776018274153,0.18172776018274153,0.0
31,85,0.19069092249315123,0.19069092249315123,0.0
31,86,0.19616560102730746,0.19616560102730746,0.0
31,87,0.2111641806187235,0.2111641806187235,0.0
31,88,0.21851671896365837,0.21851671896365837,0.0
31,89,0.22215377071234244,0.22215377071234244,0.0
31,90,0.2296288817004788,0.2296288817004788,0.0
31,91,0.24160253268260395,0.24160253268260395,0.0
31,92,0.2438000731182255,0.2438000731182255,0.0
31,93,0.26276001669669075,0.26276001669669075,0.0
31,94,0.274065883188662,0.274065883188662,0.0
31,95,0.27729516204980575,0.27729516204980575,0.0
31,96,0.2851558397101343,0.2851558397101343,0.0
31,97,0.33692151528151926,0.33692151528151926,0.0
31,98,0.34476861364523814,0.34476861364523814,0.0
31,99,0.355142350068653,0.355142350068653,0.0
31,100,0.373329087582564,0.373329087582564,0.0
31,101,0.40854928996748296,0.40854928996748296,0.0
31,102,0.4234786437407035,0.4234786437407035,0.0
31,103,0.42603892860993614,0.42603892860993614,0.0
31,104,0.42693087572872096,0.42693087572872096,0.0
31,105,0.5292800375733352,0.5292800375733352,0.0
31,106,0.5321613233999861,0.5321613233999861,0.0
31,107,0.5400902671175498,0.5400902671175498,0.0
31,108,0.547420247180855,0.547420247180855,0.0
31,109,0.6019811254192744,0.6019811254192744,0.0
31,110,0.61730378961379,0.61730378961379,0.0
31,111,0.6188455654919078,0.6188455654919078,0.0
31,112,0.6524219255997821,0.6524219255997821,0.0
31,113,0.6616353378751358,0.6616353378751358,0.0
31,114,0.6651613573932327,0.6651613573932327,0.0
31,115,0.6665343182554611,0.6665343182554611,0.0
31,116,0.6753609931344965,0.6753609931344965,0.0
31,117,0.6866153339895027,0.6866153339895027,0.0
31,118,0.7093697589610424,0.7093697589610424,0.0
31,119,0.7361220074211732,0.7361220074211732,0.0
31,120,0.7383110275300254,0.7383110275300254,0.0
31,121,0.7576071553580592,0.7576071553580592,0.0
31,122,0.7606256492142617,0.7606256492142617,0.0
31,123,0.7650737177817644,0.7650737177817644,0.0
31,124,0.7768400405708699,0.7768400405708699,0.0
31,125,0.7817972589015452,0.7817972589015452,0.0
31,126,0.7843860947953201,0.7843860947953201,0.0
31,127,0.7880804152604473,0.7880804152604473,0.0
