p,exact_acceptance,mc_acceptance,acceptance_abs_error,acceptance_standard_error,exact_infidelity,mc_infidelity,infidelity_abs_error,infidelity_standard_error,accepted_shots,total_shots
0.0001,0.9967292328802827,0.99665,7.923288028266473e-05,9.027830860962499e-05,7.39230988210382e-05,9.531931972106557e-05,2.1396220900027365e-05,1.3616725983143757e-05,398660,400000
0.0002,0.9934689097793581,0.9936125,0.0001435902206419204,0.00012736203399337404,0.00014785239567716157,0.00013083571311753826,1.701668255962331e-05,1.9286061882461308e-05,397445,400000
0.0005,0.9837502796996623,0.9840425,0.00029222030033770885,0.00019991039799431684,0.0003696774801935643,0.00033281082880058535,3.6866651392978927e-05,3.064038971973676e-05,393617,400000
0.001,0.967758425729566,0.967725,3.3425729566105566e-05,0.0002792939990359533,0.000739509968896046,0.0007569299129401431,1.741994404409709e-05,4.3692349449927085e-05,387090,400000
0.002,0.9365324018552726,0.93632,0.0002124018552726037,0.0003854849612191984,0.0014796402606223058,0.0015005553656869447,2.0915105064638886e-05,6.280791642549671e-05,374528,400000
0.005,0.8486399728112989,0.849055,0.00041502718870112254,0.0005666792950120394,0.003703758848009775,0.003677618057722998,2.614079028677701e-05,0.00010423598850426402,339622,400000
0.01,0.719726267823995,0.71956,0.00016626782399498108,0.0007101414775031417,0.0074230835158983766,0.007198843737839791,0.00022423977805858565,0.00015999660104448784,287824,400000
0.02,0.5166630594143911,0.5172,0.000536940585608936,0.0007901302779462266,0.014908718958877909,0.014738012374323279,0.00017070658455463003,0.00026643982996993505,206880,400000
0.05,0.1880971789307765,0.1891575,0.0010603210692235188,0.0006178928511664865,0.03774670008558112,0.0386053949750869,0.0008586948895057817,0.0006928551052345556,75663,400000
