{
  "status": "paper_matched_not_pixel_identical",
  "geometry_all_exact": true,
  "strict_pixel_exact_threshold": 0.95,
  "strict_pixel_exact": false,
  "figures": {
    "fig3": {
      "dimensions_exact": true,
      "shape": [
        513,
        662,
        3
      ],
      "full_ssim": 0.7721247219826356,
      "panel_ssim": [
        0.8511724914465946,
        0.7778718289957709,
        0.7553788636967421,
        0.7246857425877905
      ],
      "panel_ssim_mean": 0.7772772316817245,
      "rgb_mae": 0.052129921105422465,
      "foreground_iou": 0.8019358438386959
    },
    "fig4": {
      "dimensions_exact": true,
      "shape": [
        248,
        685,
        3
      ],
      "full_ssim": 0.7735342950948814,
      "panel_ssim": [
        0.7972374889748667,
        0.762852618255818
      ],
      "panel_ssim_mean": 0.7800450536153423,
      "rgb_mae": 0.05510371026991755,
      "foreground_iou": 0.9184050519071731
    },
    "fig5": {
      "dimensions_exact": true,
      "shape": [
        247,
        561,
        3
      ],
      "full_ssim": 0.8521131213336588,
      "panel_ssim": [
        0.9057054474772133,
        0.8317638076493511
      ],
      "panel_ssim_mean": 0.8687346275632821,
      "rgb_mae": 0.03614121971433936,
      "foreground_iou": 0.43012327596728916
    }
  }
}
