target,frozen,reproduced,absolute_error,relative_error_ppm
Z3  dE/dg,29.260991371,29.26098922346164,2.147538356922496e-06,-0.07339253580625021
Z3  d2E/dg2,-179.0345184105,-179.0345186528463,2.423462888145878e-07,-0.001353628847476905
odd-Z2  Dx^2,0.2421075221119777,0.2421075221125459,5.682398995787707e-13,2.347055946968689e-06
odd-Z2  Dy^2,0.2421075221119777,0.242107522112546,5.68295410730002e-13,2.347285230019241e-06
matter  <hc>,-4.3252682631,-4.325268263073752,2.62474486589781e-11,6.068397857053627e-06
vison  P00(4.5),0.56388,0.5638835756839158,3.575683915735262e-06,6.341214293351886
vison  P01(6.0),0.80091,0.8009086368203304,1.363179669588988e-06,-1.702038518171814
vison  P11(7.5),0.65918,0.6591767985301975,3.201469802482926e-06,-4.856745960864902
vison  energy,-34.64316,-34.64316277947584,2.779475842373813e-06,-0.08023159095110875
