{
  "all_checks_pass": true,
  "chebyshev": {
    "center": 12.0,
    "degree": 606,
    "evolution_seconds": 5.601600024849176,
    "gershgorin_bounds": [
      -50.0,
      74.0
    ],
    "half_width_with_margin": 63.0,
    "tail_bound_128_terms": 8.106937253009424e-31
  },
  "checks": {
    "chebyshev_tail_below_1e-11": true,
    "cpu_smoke_matches": true,
    "dual_dimension_is_2^25_for_L6": true,
    "dual_link_count_is_60_for_L6": true,
    "energy_drift_below_1e-8": true,
    "gpu_is_a100": true,
    "ground_residual_below_1e-8": true,
    "norm_drift_below_1e-9": true
  },
  "comparison": {
    "absolute_errors": {
      "P_0_0_at_4.5": 3.5756839157352616e-06,
      "P_0_1_at_6": 1.3631796695889875e-06,
      "P_1_1_at_7.5": 3.2014698024829258e-06,
      "P_2_2_at_7.5_vs_frozen_third": 0.07609108556809041,
      "max_energy": 2.779475842373813e-06
    },
    "frozen": {
      "P_0_0_at_4.5": 0.56388,
      "P_0_1_at_6": 0.80091,
      "P_1_1_at_7.5": 0.65918,
      "energy": -34.64316
    },
    "source_curve": {
      "source_asset": "figs/vison_6x6.pdf",
      "third_coordinate": "P_2_2"
    }
  },
  "cpu_reference": null,
  "ground_state": {
    "eig_seconds": 2.394940562546253,
    "energy": -38.536870349860386,
    "residual_norm": 2.0066961147149854e-12
  },
  "initial_vison": {
    "energy": -34.643162779475844,
    "norm": 1.0
  },
  "machine": {
    "cupy": "14.1.1",
    "gpu": "NVIDIA A100-SXM4-80GB",
    "python": "3.12.7"
  },
  "matvec_count": {
    "complex": 610,
    "real": 66
  },
  "method": {
    "ground_state": "cupyx.scipy.sparse.linalg.eigsh matrix-free Lanczos",
    "observable": "<tau_x> = Z2 plaquette value plotted by the source",
    "representation": "exact open-boundary dual Z2 plaquette spins",
    "time_evolution": "double-precision Chebyshev expansion"
  },
  "observations": {
    "4.5": {
      "energy": -34.643162779475844,
      "norm": 1.0000000000000004,
      "plaquettes": {
        "P_0_0": 0.5638835756839158,
        "P_0_1": 0.639708274268017,
        "P_1_1": 0.6139019852846954,
        "P_2_2": 0.9732996605142221
      }
    },
    "6": {
      "energy": -34.6431627794747,
      "norm": 0.9999999999999669,
      "plaquettes": {
        "P_0_0": 0.8496778186967533,
        "P_0_1": 0.8009086368203304,
        "P_1_1": 0.5139236807604398,
        "P_2_2": 0.8868602881481629
      }
    },
    "7.5": {
      "energy": -34.64316277947461,
      "norm": 0.9999999999999643,
      "plaquettes": {
        "P_0_0": 0.9395694494457593,
        "P_0_1": 0.9294847261703167,
        "P_1_1": 0.6591767985301975,
        "P_2_2": 0.7352710855680904
      }
    }
  },
  "paper": "arXiv:2503.20566 / PRL 135, 130401 (2025)",
  "parameters": {
    "g": 0.1,
    "h": 1.0,
    "hilbert_dim": 33554432,
    "lattice_size_vertices": 6,
    "n_links": 60,
    "n_plaquettes": 25,
    "plaquette_side": 5,
    "times": [
      4.5,
      6.0,
      7.5
    ]
  },
  "record": "prlb-f37350e-047",
  "schema_version": 1,
  "wall_seconds": 10.040855348110199
}
