{
  "absolute_errors": {
    "first_derivative": 2.147538356922496e-06,
    "second_derivative": 2.4234628881458775e-07
  },
  "all_checks_pass": true,
  "checks": {
    "dimension_is_3^16_for_L5": true,
    "gpu_is_a100": true,
    "max_residual_below_1e-8": true,
    "stencil_is_centered_five_point": true
  },
  "frozen": {
    "first_derivative": 29.260991371,
    "second_derivative": -179.0345184105
  },
  "machine": {
    "cupy": "14.1.1",
    "gpu": "NVIDIA A100-SXM4-80GB",
    "python": "3.12.7"
  },
  "matvec_calls": 330,
  "method": {
    "first_derivative": "Hellmann-Feynman expectation of dH/dg",
    "representation": "exact open-boundary dual Z3 plaquette variables",
    "second_derivative": "five-point centered derivative of Hellmann-Feynman values"
  },
  "parameters": {
    "g0": 0.375,
    "group_order": 3,
    "h": 1.0,
    "hilbert_dim": 43046721,
    "lattice_size_vertices": 5,
    "n_links": 40,
    "n_plaquettes": 16,
    "plaquette_side": 4,
    "stencil_step": 0.001
  },
  "record": "prlb-f37350e-047",
  "result": {
    "first_derivative": 29.260989223461642,
    "second_derivative": -179.0345186528463
  },
  "schema_version": 1,
  "solves": {
    "0.373000000": {
      "energy": -8.993497796129677,
      "hellmann_feynman_dE_dg": 29.621637120103355,
      "residual_norm": 4.729904762306993e-14,
      "seconds": 1.1835244111716747
    },
    "0.374000000": {
      "energy": -8.963966750975892,
      "hellmann_feynman_dE_dg": 29.440668250666818,
      "residual_norm": 3.3648530629380784e-14,
      "seconds": 1.0906586721539497
    },
    "0.375000000": {
      "energy": -8.934616029676228,
      "hellmann_feynman_dE_dg": 29.260989223461642,
      "residual_norm": 4.2449422307708994e-12,
      "seconds": 2.565682034008205
    },
    "0.376000000": {
      "energy": -8.90544434302366,
      "hellmann_feynman_dE_dg": 29.082598698581965,
      "residual_norm": 3.2791957052696406e-14,
      "seconds": 1.126576716080308
    },
    "0.377000000": {
      "energy": -8.876450403356873,
      "hellmann_feynman_dE_dg": 28.905494927258676,
      "residual_norm": 5.624631587837567e-14,
      "seconds": 1.2041132375597954
    }
  },
  "target": "frozen Task 1 exact-dual audit",
  "wall_seconds": 9.37506452947855
}
