epsilon,epsilon_out,success_probability,identity
0.0,0.0,1.0,0.0
0.00025,5.472855224825481e-10,0.9962565559416003,0.00025
0.0005,4.381574280634107e-09,0.9925261975655725,0.0005
0.00075,1.4798937314716619e-08,0.9888088856443286,0.00075
0.001,3.5105377936690366e-08,0.9851045810483217,0.001
0.00125,6.86168760991699e-08,0.9814132447458565,0.00125
0.0015,1.1865943241811931e-07,0.9777348378028866,0.0015
0.00175,1.88569112884461e-07,0.9740693213828261,0.00175
0.002,2.816920927641379e-07,0.9704166567463474,0.002
0.0022500000000000003,4.0138470077845664e-07,0.9667768052511924,0.0022500000000000003
0.0025,5.510134633065679e-07,0.963149728351972,0.0025
0.00275,7.339551488539335e-07,0.9595353875999781,0.00275
0.003,9.535968116842934e-07,0.9559337446429826,0.003
0.0032500000000000003,1.2133358361897867e-06,0.9523447612250504,0.0032500000000000003
0.0035,1.516579981021797e-06,0.9487683991863395,0.0035
0.00375,1.8667474231682947e-06,0.9452046204629142,0.00375
0.004,2.2672668015060662e-06,0.9416533870865456,0.004
0.00425,2.721577261009949e-06,0.9381146611845251,0.00425
0.0045000000000000005,3.2331284970441833e-06,0.9345884049794669,0.0045000000000000005
0.00475,3.805380798625408e-06,0.9310745807891209,0.00475
0.005,4.441805092363586e-06,0.9275731510261751,0.005
0.00525,5.1458829863460215e-06,0.9240840781980708,0.00525
0.0055,5.921106814025203e-06,0.920607324906805,0.0055
0.00575,6.770979677340712e-06,0.9171428538487452,0.00575
0.006,7.699015490682239e-06,0.9136906278144337,0.006
0.00625,8.708739024170655e-06,0.9102506096884021,0.00625
0.006500000000000001,9.803685947324108e-06,0.9068227624489763,0.006500000000000001
0.00675,1.0987402872138389e-05,0.9034070491680923,0.00675
0.007,1.2263447396678879e-05,0.900003433011101,0.007
0.00725,1.3635388148205455e-05,0.8966118772365846,0.00725
0.0075,1.5106804825785883e-05,0.8932323451961622,0.0075
0.00775,1.6681288244347585e-05,0.8898648003343071,0.00775
0.008,1.8362440376792708e-05,0.8865092061881525,0.008
0.00825,2.0153874397132508e-05,0.8831655263873093,0.00825
0.0085,2.2059214723244332e-05,0.8798337246536725,0.0085
0.00875,2.4082097059766133e-05,0.8765137648012401,0.00875
0.009000000000000001,2.622616844006314e-05,0.8732056107359194,0.009000000000000001
0.00925,2.849508726946216e-05,0.8699092264553465,0.00925
0.0095,3.089252336693691e-05,0.8666245760486937,0.0095
0.00975,3.342215800775762e-05,0.8633516236964889,0.00975
0.01,3.6087683965315816e-05,0.8600903336704239,0.01
0.01025,3.889280555344118e-05,0.8568406703331748,0.01025
0.0105,4.1841238668053936e-05,0.8536025981382104,0.0105
0.010750000000000001,4.493671082883945e-05,0.8503760816296124,0.010750000000000001
0.011,4.8182961221188345e-05,0.8471610854418862,0.011
0.01125,5.1583740737014584e-05,0.84395757429978,0.01125
0.0115,5.51428120171668e-05,0.8407655130180968,0.0115
0.01175,5.886394949135307e-05,0.8375848665015144,0.01175
0.012,6.275093942030825e-05,0.8344155997443977,0.012
0.01225,6.680757993581794e-05,0.831257677830619,0.01225
0.0125,7.10376810818366e-05,0.8281110659333705,0.0125
0.012750000000000001,7.544506485523107e-05,0.8249757293149866,0.012750000000000001
0.013000000000000001,8.003356524577866e-05,0.8218516333267561,0.013000000000000001
0.01325,8.48070282766745e-05,0.8187387434087446,0.01325
0.0135,8.976931204436078e-05,0.8156370250896073,0.0135
0.01375,9.492428675866182e-05,0.8125464439864132,0.01375
0.014,0.00010027583478232833,0.8094669658044575,0.014
0.01425,0.0001058278506706919,0.8063985563370862,0.01425
0.0145,0.00011158424121047803,0.8033411814655094,0.0145
0.014750000000000001,0.00011754892545972615,0.8002948071586264,0.014750000000000001
0.015,0.00012372583478587455,0.7972593994728399,0.015
0.01525,0.0001301189129052878,0.7942349245518809,0.01525
0.0155,0.0001367321159208679,0.791221348626624,0.0155
0.01575,0.00014356941236111183,0.7882186380149127,0.01575
0.016,0.0001506347832178629,0.7852267591213755,0.016
0.01625,0.00015793222198366423,0.7822456784372515,0.01625
0.0165,0.00016546573469021863,0.7792753625402067,0.0165
0.01675,0.00017323933994527955,0.7763157780941611,0.01675
0.017,0.00018125706896973624,0.7733668918491048,0.017
0.01725,0.0001895229656346128,0.7704286706409257,0.01725
0.0175,0.00019804108649760214,0.7675010813912264,0.0175
0.017750000000000002,0.00020681550083936074,0.7645840911071524,0.017750000000000002
0.018000000000000002,0.0002158502906998936,0.7616776668812096,0.018000000000000002
0.01825,0.0002251495509142159,0.758781775891093,0.01825
0.0185,0.00023471738914778093,0.7558963853995044,0.0185
0.01875,0.0002445579259317484,0.7530214627539821,0.01875
0.019,0.00025467529469823716,0.7501569753867191,0.019
0.01925,0.00026507364181490916,0.7473028908143932,0.01925
0.0195,0.0002757571266193526,0.744459176637986,0.0195
0.01975,0.00028672992145295604,0.7416258005426131,0.01975
0.02,0.00029799621169506504,0.7388027302973438,0.02
0.02025,0.0003095601957963595,0.7359899337550323,0.02025
0.0205,0.00032142608531169503,0.7331873788521375,0.0205
0.02075,0.0003335981049335663,0.7303950336085544,0.02075
0.021,0.0003460804925238584,0.7276128661274356,0.021
0.02125,0.00035887749914658405,0.724840844595022,0.02125
0.021500000000000002,0.0003719933890995257,0.7220789372804653,0.021500000000000002
0.021750000000000002,0.00038543243994562,0.7193271125356602,0.021750000000000002
0.022,0.00039919894254390634,0.7165853387950651,0.022
0.02225,0.00041329720108076713,0.7138535845755372,0.02225
0.0225,0.00042773153309996184,0.7111318184761533,0.0225
0.02275,0.00044250626953242097,0.7084200091780435,0.02275
0.023,0.0004576257547266645,0.7057181254442155,0.023
0.02325,0.0004730943464766017,0.7030261361193867,0.02325
0.0235,0.0004889164160522049,0.7003440101298094,0.0235
0.02375,0.0005050963482260894,0.6976717164831041,0.02375
0.024,0.0005216385413031546,0.695009224268085,0.024
0.02425,0.0005385474071468485,0.6923565026545935,0.02425
0.0245,0.000555827371207053,0.6897135208933242,0.0245
0.02475,0.0005734828725468875,0.6870802483156595,0.02475
0.025,0.0005915183638687966,0.6844566543334959,0.025
0.02525,0.000609938311540019,0.6818427084390787,0.02525
0.025500000000000002,0.0006287471956189503,0.6792383802048294,0.025500000000000002
0.025750000000000002,0.0006479495098791647,0.6766436392831807,0.025750000000000002
0.026000000000000002,0.0006675497618343212,0.6740584554064042,0.026000000000000002
0.02625,0.0006875524727621838,0.6714827983864464,0.02625
0.0265,0.0007079621777279465,0.6689166381147568,0.0265
0.02675,0.0007287834256077352,0.6663599445621242,0.02675
0.027,0.0007500207791101581,0.6638126877785053,0.027
0.02725,0.0007716788147995089,0.661274837892862,0.02725
0.0275,0.0007937621231165922,0.65874636511299,0.0275
0.02775,0.0008162753083998494,0.656227239725357,0.02775
0.028,0.000839222988905496,0.6537174320949315,0.028
0.02825,0.0008626097968285778,0.6512169126650221,0.02825
0.0285,0.0008864403783206866,0.6487256519571061,0.0285
0.02875,0.0009107193935105035,0.6462436205706696,0.02875
0.029,0.0009354515165204976,0.6437707891830369,0.029
0.02925,0.0009606414354858051,0.6413071285492108,0.02925
0.029500000000000002,0.0009862938525706838,0.6388526095017026,0.029500000000000002
0.029750000000000002,0.001012413483985566,0.6364072029503733,0.029750000000000002
0.03,0.001039005060002572,0.6339708798822637,0.03
0.03025,0.0010660733249707231,0.6315436113614356,0.03025
0.0305,0.0010936230373312637,0.6291253685288041,0.0305
0.03075,0.0011216589696315421,0.6267161226019762,0.03075
0.031,0.0011501859085377589,0.6243158448750881,0.031
0.03125,0.0011792086548492987,0.6219245067186421,0.03125
0.0315,0.0012087320235092353,0.619542079579342,0.0315
0.03175,0.0012387608436171737,0.6171685349799325,0.03175
0.032,0.0012692999584395122,0.614803844519038,0.032
0.03225,0.0013003542254197056,0.6124479798709994,0.03225
0.0325,0.001331928516187797,0.610100912785712,0.0325
0.03275,0.0013640277165692372,0.6077626150884646,0.03275
0.033,0.0013966567265932752,0.6054330586797805,0.033
0.03325,0.0014298204604996669,0.6031122155352541,0.03325
0.0335,0.001463523846746279,0.600800057705391,0.0335
0.03375,0.0014977718280142398,0.5984965573154477,0.03375
0.034,0.0015325693612135668,0.596201686565273,0.034
0.03425,0.0015679214174876385,0.5939154177291468,0.03425
0.0345,0.001603832982216588,0.5916377231556202,0.0345
0.03475,0.0016403090550205456,0.5893685752673568,0.03475
0.035,0.0016773546497617592,0.5871079465609748,0.035
0.035250000000000004,0.00171497479454611,0.5848558096068875,0.035250000000000004
0.035500000000000004,0.0017531745317227016,0.5826121370491434,0.035500000000000004
0.035750000000000004,0.0017919589178852788,0.5803769016052693,0.035750000000000004
0.036000000000000004,0.0018313330238696579,0.5781500760661131,0.036000000000000004
0.03625,0.0018713019347524626,0.5759316332956852,0.03625
0.0365,0.0019118707498486653,0.5737215462310001,0.0365
0.03675,0.0019530445827076357,0.5715197878819204,0.03675
0.037,0.001994828561108477,0.5693263313310003,0.037
0.03725,0.002037227827055064,0.5671411497333269,0.03725
0.0375,0.002080247536769748,0.5649642163163664,0.0375
0.03775,0.0021238928606864,0.562795504379805,0.03775
0.038,0.002168168983441953,0.5606349872953962,0.038
0.03825,0.0022130811038680895,0.5584826385068014,0.03825
0.0385,0.002258634434980705,0.5563384315294383,0.0385
0.03875,0.002304834203970101,0.5542023399503222,0.03875
0.039,0.0023516856521880293,0.5520743374279145,0.039
0.03925,0.0023991940351359964,0.5499543976919641,0.03925
0.0395,0.002447364622451106,0.5478424945433572,0.0395
0.03975,0.002496202697891676,0.5457386018539592,0.03975
0.04,0.00254571355932126,0.5436426935664642,0.04
0.04025,0.0025959025186923067,0.541554743694238,0.04025
0.0405,0.0026467749020285293,0.5394747263211683,0.0405
0.04075,0.0026983360494058696,0.5374026156015076,0.04075
0.041,0.0027505913149330013,0.5353383857597241,0.041
0.04125,0.002803546066730868,0.5332820110903456,0.04125
0.0415,0.0028572056869098574,0.5312334659578102,0.0415
0.04175,0.0029115755715483967,0.5291927247963106,0.04175
0.042,0.002966661130667279,0.5271597621096467,0.042
0.04225,0.003022467788205622,0.5251345524710685,0.04225
0.0425,0.0030790009819947257,0.5231170705231303,0.0425
0.04275,0.003136266163729902,0.5211072909775342,0.04275
0.043000000000000003,0.0031942687989428855,0.5191051886149838,0.043000000000000003
0.043250000000000004,0.0032530143669713776,0.5171107382850297,0.043250000000000004
0.043500000000000004,0.0033125083609291065,0.5151239149059224,0.043500000000000004
0.043750000000000004,0.0033727562876732786,0.5131446934644585,0.043750000000000004
0.044,0.0034337636677715254,0.5111730490158346,0.044
0.04425,0.0034955360354677837,0.5092089566834941,0.04425
0.0445,0.0035580789386464454,0.5072523916589806,0.0445
0.04475,0.003621397938796058,0.5053033292017862,0.04475
0.045,0.0036854986109707043,0.5033617446392052,0.045
0.04525,0.003750386543750995,0.5014276133661821,0.04525
0.0455,0.0038160673392038905,0.4995009108451666,0.0455
0.04575,0.0038825466128403646,0.4975816126059623,0.04575
0.046,0.003949829993572598,0.4956696942455814,0.046
0.04625,0.004017923123669748,0.4937651314280942,0.04625
0.0465,0.004086831658711673,0.49186789988448465,0.0465
0.04675,0.004156561267542599,0.48997797541249977,0.04675
0.047,0.00422711763222244,0.48809533387650594,0.047
0.04725,0.004298506447977077,0.4862199512073391,0.04725
0.0475,0.00437073342314711,0.484351803402161,0.0475
0.04775,0.004443804279135824,0.48249086652431006,0.04775
0.048,0.004517724750354864,0.48063711670315834,0.048
0.04825,0.004592500584169382,0.4787905301339627,0.04825
0.0485,0.004668137540841105,0.4769510830777224,0.0485
0.04875,0.004744641393470256,0.47511875186103025,0.04875
0.049,0.004822017927935847,0.47329351287593113,0.049
0.04925,0.004900272942835251,0.47147534257977397,0.04925
0.0495,0.004979412249420781,0.4696642174950699,0.0495
0.04975,0.0050594416715365916,0.46786011420934526,0.04975
0.05,0.005140367045552418,0.4660630093750001,0.05
0.05025,0.005222194220297077,0.4642728797091616,0.05025
0.0505,0.005304929056989936,0.4624897019935434,0.0505
0.05075,0.005388577429170553,0.460713453074299,0.05075
0.051000000000000004,0.005473145222626894,0.45894410986188167,0.051000000000000004
0.051250000000000004,0.005558638335322982,0.4571816493308989,0.051250000000000004
0.051500000000000004,0.0056450626773228525,0.45542604851997187,0.051500000000000004
0.051750000000000004,0.005732424170715251,0.453677284531591,0.051750000000000004
0.052000000000000005,0.0058207287495349695,0.451935334531976,0.052000000000000005
0.05225,0.005909982359683432,0.4502001757509312,0.05225
0.0525,0.006000190958847424,0.4484717854817068,0.0525
0.05275,0.0060913605164158195,0.4467501410808542,0.05275
0.053,0.006183497013395825,0.44503521996808826,0.053
0.05325,0.006276606442325481,0.4433269996261424,0.05325
0.0535,0.006370694807186574,0.4416254576006317,0.0535
0.05375,0.006465768123314527,0.43993057149990866,0.05375
0.054,0.006561832417307297,0.43824231899492644,0.054
0.05425,0.006658893726931776,0.4365606778190954,0.05425
0.0545,0.006756958101028821,0.4348856257681463,0.0545
0.05475,0.006856031599416924,0.4332171406999878,0.05475
0.055,0.006956120292793563,0.43155520053457014,0.055
0.05525,0.007057230262634764,0.4298997832537428,0.05525
0.0555,0.007159367601093092,0.4282508669011187,0.0555
0.05575,0.007262538410893681,0.42660842958193257,0.05575
0.056,0.007366748805228236,0.42497244946290536,0.056
0.05625,0.007472004907647869,0.42334290477210323,0.05625
0.0565,0.007578312851953105,0.4217197737988025,0.0565
0.05675,0.007685678782082764,0.42010303489334877,0.05675
0.057,0.007794108852000298,0.4184926664670226,0.057
0.05725,0.007903609225578992,0.41688864699189915,0.05725
0.0575,0.008014186076484513,0.41529095500071417,0.0575
0.05775,0.008125845588055704,0.4136995690867241,0.05775
0.058,0.008238593953184156,0.41211446790357276,0.058
0.05825,0.008352437374189874,0.4105356301651514,0.05825
0.0585,0.00846738206269788,0.4089630346454664,0.0585
0.058750000000000004,0.00858343423950982,0.4073966601784997,0.058750000000000004
0.059000000000000004,0.008700600134475555,0.4058364856580765,0.059000000000000004
0.059250000000000004,0.008818885986361914,0.40428249003772676,0.059250000000000004
0.059500000000000004,0.008938298042719605,0.40273465233055294,0.059500000000000004
0.059750000000000004,0.009058842559748002,0.4011929516090921,0.059750000000000004
0.06,0.009180525802157658,0.399657367005184,0.06
0.06025,0.009303354043031252,0.398127877709834,0.06025
0.0605,0.009427333563682201,0.3966044629730813,0.0605
0.06075,0.009552470653510337,0.3950871021038625,0.06075
0.061,0.009678771609857157,0.393575774469879,0.061
0.06125,0.009806242737857183,0.39207045949746394,0.06125
0.0615,0.0099348903502883,0.39057113667144805,0.0615
0.06175,0.010064720767419445,0.3890777855350261,0.06175
0.062,0.010195740316856492,0.3875903856896245,0.062
0.06225,0.010327955333384925,0.38610891679476933,0.06225
0.0625,0.010461372158811733,0.3846333585679531,0.0625
0.06275,0.010595997141804103,0.38316369078450213,0.06275
0.063,0.010731836637725874,0.3816998932774448,0.063
0.06325,0.010868897008472565,0.38024194593738087,0.06325
0.0635,0.011007184622302768,0.37878982871234895,0.0635
0.06375,0.011146705853668604,0.37734352160769463,0.06375
0.064,0.011287467083043509,0.37590300468594023,0.064
0.06425,0.011429474696746243,0.37446825806665407,0.06425
0.0645,0.011572735086765535,0.37303926192631964,0.0645
0.06475,0.011717254650579195,0.37161599649820437,0.06475
0.065,0.011863039790973761,0.3701984420722301,0.065
0.06525,0.012010096915858606,0.3687865789948436,0.06525
0.0655,0.012158432438081223,0.36738038766888637,0.0655
0.06575,0.012308052775237137,0.3659798485534644,0.06575
0.066,0.012458964349479096,0.36458494216381937,0.066
0.06625,0.01261117358732324,0.3631956490712005,0.06625
0.0665,0.0127646869194527,0.36181194990273463,0.0665
0.06675,0.012919510780519474,0.3604338253412975,0.06675
0.067,0.013075651608943247,0.3590612561253854,0.067
0.06725,0.01323311584670713,0.35769422304898796,0.06725
0.0675,0.013391909939152472,0.3563327069614593,0.0675
0.06775,0.01355204033477047,0.3549766887673901,0.06775
0.068,0.013713513484990371,0.35362614942648013,0.068
0.06825,0.013876335843966409,0.3522810699534119,0.06825
0.0685,0.014040513868361556,0.3509414314177228,0.0685
0.06875,0.014206054017129238,0.34960721494367786,0.06875
0.069,0.014372962751292219,0.34827840171014346,0.069
0.06925,0.014541246533717767,0.34695497295046146,0.06925
0.0695,0.01471091182889304,0.34563690995232277,0.0695
0.06975,0.014881965102694912,0.34432419405764025,0.06975
0.07,0.015054412822159175,0.34301680666242396,0.07
0.07025,0.015228261455246066,0.341714729216656,0.07025
0.07050000000000001,0.015403517470603674,0.34041794322416474,0.07050000000000001
0.07075000000000001,0.015580187337328572,0.3391264302424986,0.07075000000000001
0.07100000000000001,0.01575827752472415,0.3378401718828027,0.07100000000000001
0.07125000000000001,0.015937794502055562,0.33655914980969376,0.07125000000000001
0.07150000000000001,0.016118744738302347,0.3352833457411357,0.07150000000000001
0.07175000000000001,0.016301134701909012,0.3340127414483146,0.07175000000000001
0.07200000000000001,0.01648497086053198,0.3327473187555153,0.07200000000000001
0.07225,0.01667025968078443,0.3314870595399983,0.07225
0.0725,0.016857007627978114,0.3302319457318744,0.0725
0.07275,0.01704522116586267,0.32898195931398355,0.07275
0.073,0.017234906756362592,0.3277370823217692,0.073
0.07325,0.017426070859310132,0.32649729684315787,0.07325
0.0735,0.017618719932177476,0.325262585018434,0.0735
0.07375,0.017812860429804504,0.32403292904012004,0.07375
0.074,0.018008498804124307,0.3228083111528512,0.074
0.07425,0.018205641503886254,0.32158871365325625,0.07425
0.0745,0.01840429497437657,0.3203741188898334,0.0745
0.07475,0.018604465657134535,0.3191645092628303,0.07475
0.075,0.01880615998966832,0.31795986722412106,0.075
0.07525,0.019009384405165315,0.31676017527708666,0.07525
0.0755,0.01921414533220314,0.31556541597649235,0.0755
0.07575,0.019420449194453238,0.31437557192836835,0.07575
0.076,0.019628302410387034,0.3131906257898877,0.076
0.07625,0.019837711392974054,0.3120105602692476,0.07625
0.0765,0.02004868254938152,0.3108353581255474,0.0765
0.07675,0.02026122228066811,0.30966500216867066,0.07675
0.077,0.020475336981476994,0.3084994752591632,0.077
0.07725,0.020691033039724395,0.307338760308116,0.07725
0.0775,0.020908316836287015,0.30618284027704334,0.0775
0.07775,0.021127194744684146,0.3050316981777661,0.07775
0.078,0.021347673130760365,0.30388531707229094,0.078
0.07825,0.021569758352362054,0.30274368007269303,0.07825
0.0785,0.02179345675901347,0.30160677034099637,0.0785
0.07875,0.022018774691588368,0.3004745710890569,0.07875
0.079,0.022245718481979915,0.2993470655784429,0.079
0.07925,0.022474294452767156,0.2982242371203187,0.07925
0.0795,0.022704508916878603,0.2971060690753256,0.0795
0.07975,0.022936368177253374,0.2959925448534658,0.07975
0.08,0.023169878526499346,0.2948836479139839,0.08
0.08025,0.02340504624654792,0.2937793617652513,0.08025
0.0805,0.023641877608306758,0.2926796699646478,0.0805
0.08075,0.02388037887130921,0.2915845561184466,0.08075
0.081,0.024120556283361093,0.29049400388169655,0.081
0.08125,0.024362416080183837,0.28940799695810737,0.08125
0.0815,0.02460596448505675,0.288326519099932,0.0815
0.08175,0.02485120770845326,0.2872495541078527,0.08175
0.082,0.025098151947678518,0.2861770858308638,0.082
0.08225,0.02534680338649958,0.28510909816615804,0.08225
0.0825,0.025597168194776594,0.28404557505900935,0.0825
0.08275,0.025849252528088798,0.2829865005026604,0.08275
0.083,0.02610306252735869,0.2819318585382055,0.083
0.08325,0.026358604318473023,0.2808816332544781,0.08325
0.0835,0.026615884011901396,0.2798358087879348,0.0835
0.08375,0.026874907702311393,0.27879436932254265,0.08375
0.084,0.02713568146818125,0.27775729908966396,0.084
0.08425,0.027398211371410148,0.27672458236794395,0.08425
0.0845,0.027662503456924777,0.2756962034831959,0.0845
0.08475,0.02792856375228419,0.2746721468082893,0.08475
0.085,0.02819639826728059,0.273652396763035,0.085
0.08525,0.02846601299353877,0.2726369378140745,0.08525
0.0855,0.02873741390411165,0.2716257544747651,0.0855
0.08575,0.029010606953073698,0.2706188313050692,0.08575
0.08600000000000001,0.029285598075111198,0.26961615291144064,0.08600000000000001
0.08625000000000001,0.029562393185110374,0.26861770394671397,0.08625000000000001
0.08650000000000001,0.02984099817774214,0.2676234691099912,0.08650000000000001
0.08675000000000001,0.03012141892704421,0.26663343314653154,0.08675000000000001
0.08700000000000001,0.03040366128600115,0.26564758084763845,0.08700000000000001
0.08725000000000001,0.03068773108612119,0.26466589705055016,0.08725000000000001
0.08750000000000001,0.030973634137010018,0.26368836663832657,0.08750000000000001
0.08775000000000001,0.03126137622594291,0.26271497453974046,0.08775000000000001
0.088,0.03155096311743331,0.2617457057291652,0.088
0.08825,0.03184240055279974,0.2607805452264651,0.08825
0.0885,0.032135694249728286,0.25981947809688505,0.0885
0.08875,0.032430849901834854,0.2588624894509408,0.08875
0.089,0.03272787317822295,0.25790956444430824,0.089
0.08925,0.03302676972303983,0.25696068827771423,0.08925
0.0895,0.03332754515503013,0.2560158461968276,0.0895
0.08975,0.03363020506708586,0.25507502349214956,0.08975
0.09,0.03393475502579582,0.2541382054989041,0.09
0.09025,0.03424120057099031,0.25320537759692974,0.09025
0.0905,0.034549547215285296,0.252276525210571,0.0905
0.09075,0.03485980044362264,0.25135163380856984,0.09075
0.091,0.03517196571280891,0.2504306889039569,0.091
0.09125,0.03548604845105158,0.2495136760539439,0.09125
0.0915,0.035802054057491685,0.2486005808598158,0.0915
0.09175,0.03611998790173618,0.24769138896682336,0.09175
0.092,0.0364398553233861,0.24678608606407484,0.092
0.09225,0.036761661631563546,0.24588465788442934,0.09225
0.0925,0.03708541210443548,0.24498709020438997,0.0925
0.09275,0.03741111198873595,0.2440933688439967,0.09275
0.093,0.03773876649928587,0.2432034796667193,0.093
0.09325,0.038068380818510605,0.24231740857935113,0.09325
0.0935,0.03839996009595472,0.2414351415319034,0.0935
0.09375,0.03873350944779565,0.24055666451749858,0.09375
0.094,0.03906903395635461,0.23968196357226418,0.094
0.09425,0.03940653866960527,0.23881102477522742,0.09425
0.0945,0.039746028600680654,0.23794383424821014,0.0945
0.09475,0.040087508727377597,0.23708037815572303,0.09475
0.095,0.04043098399166001,0.23622064270486018,0.095
0.09525,0.04077645929915923,0.23536461414519466,0.09525
0.0955,0.041123939518672666,0.23451227876867395,0.0955
0.09575,0.04147342948166082,0.23366362290951526,0.09575
0.096,0.04182493398174204,0.23281863294410055,0.096
0.09625,0.04217845777418623,0.23197729529087305,0.09625
0.0965,0.04253400557540511,0.23113959641023352,0.0965
0.09675,0.04289158206244227,0.23030552280443609,0.09675
0.097,0.04325119187246105,0.22947506101748447,0.097
0.09725,0.043612839602230065,0.22864819763502878,0.09725
0.0975,0.043976529807608064,0.22782491928426288,0.0975
0.09775,0.04434226700302576,0.22700521263382087,0.09775
0.098,0.04471005566096815,0.22618906439367412,0.098
0.09825,0.045079900211453194,0.22537646131502878,0.09825
0.0985,0.045451805041509814,0.22456739019022398,0.0985
0.09875,0.04582577449465499,0.2237618378526291,0.09875
0.099,0.046201812870368224,0.2229597911765413,0.099
0.09925,0.046579924423566184,0.2221612370770843,0.09925
0.0995,0.04696011336407393,0.2213661625101068,0.0995
0.09975,0.04734238385609669,0.2205745544720808,0.09975
0.1,0.04772674001768992,0.21978640000000008,0.1
0.10025,0.04811318592022722,0.21900168617127916,0.10025
0.1005,0.04850172558786837,0.21822040010365304,0.1005
0.10075,0.04889236299702499,0.21744252895507604,0.10075
0.101,0.04928510207582694,0.21666805992362098,0.101
0.10125,0.04967994670358524,0.21589698024737908,0.10125
0.1015,0.05007690071025651,0.2151292772043603,0.1015
0.10175000000000001,0.050475967875904096,0.21436493811239293,0.10175000000000001
0.10200000000000001,0.05087715193016104,0.21360395032902366,0.10200000000000001
0.10225000000000001,0.05128045655168951,0.2128463012514181,0.10225000000000001
0.10250000000000001,0.0516858853676413,0.21209197831626192,0.10250000000000001
0.10275000000000001,0.0520934419531169,0.21134096899966126,0.10275000000000001
0.10300000000000001,0.05250312983062385,0.2105932608170433,0.10300000000000001
0.10325000000000001,0.05291495246953552,0.20984884132305795,0.10325000000000001
0.10350000000000001,0.05332891328554693,0.20910769811147928,0.10350000000000001
0.10375000000000001,0.05374501564013336,0.20836981881510702,0.10375000000000001
0.10400000000000001,0.054163262840005576,0.20763519110566767,0.10400000000000001
0.10425,0.054583658136566765,0.206903802693717,0.10425
0.1045,0.05500620472536749,0.2061756413285425,0.1045
0.10475,0.05543090574556219,0.20545069479806452,0.10475
0.105,0.05585776427936344,0.20472895092874016,0.105
0.10525,0.05628678335149828,0.20401039758546444,0.10525
0.1055,0.05671796592866224,0.20329502267147467,0.1055
0.10575,0.05715131491897526,0.20258281412825196,0.10575
0.106,0.057586833171436085,0.20187375993542583,0.106
0.10625,0.05802452347537843,0.20116784811067634,0.10625
0.1065,0.058464388559925536,0.20046506670963887,0.1065
0.10675,0.05890643109344657,0.19976540382580665,0.10675
0.107,0.05935065368301194,0.19906884759043603,0.107
0.10725,0.05979705887385031,0.19837538617244918,0.10725
0.1075,0.060245649148804745,0.19768500777833978,0.1075
0.10775,0.06069642692779075,0.1969977006520763,0.10775
0.108,0.06114939456725327,0.1963134530750078,0.108
0.10825,0.061604554359626196,0.19563225336576762,0.10825
0.1085,0.062061908532790436,0.19495408988017954,0.1085
0.10875,0.06252145924953553,0.19427895101116202,0.10875
0.109,0.06298320860701892,0.19360682518863456,0.109
0.10925,0.06344715863622885,0.19293770087942222,0.10925
0.1095,0.06391331130144629,0.1922715665871624,0.1095
0.10975,0.06438166849971012,0.19160841085220995,0.10975
0.11,0.0648522320602805,0.19094822225154404,0.11
0.11025,0.0653250037441069,0.19029098939867362,0.11025
0.1105,0.06579998524329395,0.1896367009435449,0.1105
0.11075,0.06627717818057195,0.18898534557244692,0.11075
0.111,0.06675658410876584,0.18833691200791955,0.111
0.11125,0.06723820451026817,0.18769138900865925,0.11125
0.1115,0.06772204079651184,0.18704876536942758,0.1115
0.11175,0.06820809430744605,0.18640902992095737,0.11175
0.112,0.06869636631101218,0.18577217152986125,0.112
0.11225,0.06918685800262399,0.1851381790985387,0.11225
0.1125,0.06967957050464686,0.18450704156508446,0.1125
0.11275,0.07017450486588182,0.18387874790319614,0.11275
0.113,0.07067166206104891,0.1832532871220831,0.113
0.11325,0.07117104299027568,0.18263064826637404,0.11325
0.1135,0.0716726484785847,0.18201082041602673,0.1135
0.11375,0.07217647927538696,0.18139379268623562,0.11375
0.114,0.07268253605397386,0.1807795542273419,0.114
0.11425,0.07319081941101484,0.18016809422474173,0.11425
0.1145,0.07370132986605617,0.1795594018987964,0.1145
0.11475,0.07421406786102229,0.17895346650474103,0.11475
0.115,0.07472903375972008,0.17835027733259512,0.115
0.11525,0.07524622784734673,0.17774982370707137,0.11525
0.1155,0.07576565032999903,0.17715209498748688,0.1155
0.11575,0.07628730133418726,0.17655708056767222,0.11575
0.116,0.07681118090635061,0.17596476987588286,0.116
0.11625,0.07733728901237727,0.17537515237470871,0.11625
0.1165,0.07786562553712646,0.1747882175609859,0.1165
0.11675,0.07839619028395496,0.1742039549657066,0.11675
0.117,0.07892898297424593,0.17362235415393118,0.117
0.11725000000000001,0.07946400324694249,0.17304340472469837,0.11725000000000001
0.11750000000000001,0.08000125065808364,0.17246709631093787,0.11750000000000001
0.11775000000000001,0.08054072468034489,0.1718934185793807,0.11775000000000001
0.11800000000000001,0.08108242470258215,0.17132236123047218,0.11800000000000001
0.11825000000000001,0.08162635002937993,0.17075391399828277,0.11825000000000001
0.11850000000000001,0.08217249988060264,0.17018806665042122,0.11850000000000001
0.11875000000000001,0.08272087339095105,0.16962480898794582,0.11875000000000001
0.11900000000000001,0.08327146960952202,0.169064130845278,0.11900000000000001
0.11925000000000001,0.08382428749937329,0.16850602209011373,0.11925000000000001
0.11950000000000001,0.0843793259370914,0.16795047262333757,0.11950000000000001
0.11975000000000001,0.0849365837123655,0.16739747237893443,0.11975000000000001
0.12,0.08549605952756434,0.166847011323904,0.12
0.12025,0.086057751997319,0.16629907945817288,0.12025
0.1205,0.08662165964810939,0.1657536668145086,0.1205
0.12075,0.08718778091785573,0.1652107634584336,0.12075
0.121,0.08775611415551532,0.16467035948813863,0.121
0.12125,0.08832665762068431,0.16413244503439672,0.12125
0.1215,0.08889940948320389,0.1635970102604774,0.1215
0.12175,0.08947436782277185,0.16306404536206145,0.12175
0.122,0.09005153062855954,0.16253354056715502,0.122
0.12225,0.09063089579883463,0.16200548613600418,0.12225
0.1225,0.09121246114058845,0.16147987236100997,0.1225
0.12275,0.09179622436916887,0.16095668956664366,0.12275
0.123,0.09238218310791955,0.16043592810936166,0.123
0.12325,0.0929703348878241,0.15991757837752077,0.12325
0.1235,0.0935606771471567,0.1594016307912937,0.1235
0.12375,0.09415320723113796,0.15888807580258535,0.12375
0.124,0.09474792239159704,0.15837690389494796,0.124
0.12425,0.0953448197866399,0.15786810558349743,0.12425
0.1245,0.09594389648032396,0.1573616714148293,0.1245
0.12475,0.09654514944233791,0.1568575919669356,0.12475
0.125,0.09714857554768888,0.1563558578491211,0.125
0.12525,0.09775417157639618,0.1558564597019197,0.12525
0.1255,0.09836193421319074,0.15535938819701156,0.1255
0.12575,0.09897186004722129,0.1548646340371404,0.12575
0.126,0.09958394557176764,0.15437218795603047,0.126
0.12625,0.10019818718396076,0.15388204071830353,0.12625
0.1265,0.10081458118450931,0.15339418311939673,0.1265
0.12675,0.10143312377743299,0.15290860598548062,0.12675
0.127,0.10205381106980368,0.15242530017337647,0.127
0.12725,0.10267663907149291,0.15194425657047445,0.12725
0.1275,0.10330160369492733,0.15146546609465167,0.1275
0.12775,0.1039287007548504,0.150988919694191,0.12775
0.128,0.10455792596809238,0.15051460834769936,0.128
0.12825,0.10518927495334757,0.15004252306402593,0.12825
0.1285,0.10582274323095905,0.1495726548821815,0.1285
0.12875,0.10645832622271054,0.1491049948712575,0.12875
0.129,0.10709601925162661,0.14863953413034503,0.129
0.12925,0.10773581754178095,0.14817626378845397,0.12925
0.1295,0.10837771621811175,0.14771517500443265,0.1295
0.12975,0.10902171030624505,0.14725625896688782,0.12975
0.13,0.10966779473232642,0.14679950689410398,0.13
0.13025,0.11031596432286184,0.14634491003396358,0.13025
0.1305,0.11096621380456431,0.14589245966386696,0.1305
0.13075,0.11161853780421072,0.14544214709065312,0.13075
0.131,0.11227293084850641,0.14499396365051986,0.131
0.13125,0.11292938736395841,0.1445479007089442,0.13125
0.1315,0.1135879016767568,0.14410394966060347,0.1315
0.13175,0.11424846801266464,0.14366210192929635,0.13175
0.132,0.11491108049691665,0.14322234896786376,0.132
0.13225,0.11557573315412752,0.14278468225811008,0.13225
0.1325,0.11624241990820734,0.14234909331072465,0.1325
0.13275,0.11691113458228702,0.14191557366520358,0.13275
0.133,0.1175818708986519,0.14148411488977125,0.133
0.13325,0.11825462247868584,0.14105470858130215,0.13325
0.1335,0.11892938284282266,0.1406273463652431,0.1335
0.13375,0.11960614541050722,0.14020201989553552,0.13375
0.134,0.12028490350016624,0.13977872085453785,0.134
0.13425,0.120965650329188,0.13935744095294778,0.13425
0.1345,0.1216483790139117,0.13893817192972507,0.1345
0.13475,0.12233308256962512,0.13852090555201485,0.13475
0.135,0.12301975391057306,0.13810563361507008,0.135
0.13525,0.12370838584997483,0.13769234794217491,0.13525
0.1355,0.12439897110005117,0.13728104038456795,0.1355
0.13575,0.12509150227206053,0.1368717028213661,0.13575
0.136,0.12578597187634533,0.13646432715948786,0.136
0.13625,0.12648237232238885,0.13605890533357706,0.13625
0.1365,0.1271806959188802,0.13565542930592703,0.1365
0.13675,0.12788093487378988,0.13525389106640479,0.13675
0.137,0.12858308129445578,0.13485428263237526,0.137
0.13725,0.1292871271876788,0.1344565960486254,0.13725
0.1375,0.12999306445982775,0.13406082338728903,0.1375
0.13775,0.13070088491695517,0.13366695674777182,0.13775
0.138,0.13141058026492256,0.13327498825667586,0.138
0.13825,0.13212214210953688,0.13288491006772468,0.13825
0.1385,0.1328355619566958,0.13249671436168847,0.1385
0.13875,0.13355083121254355,0.1321103933463099,0.13875
0.139,0.13426794118363744,0.13172593925622905,0.139
0.13925,0.13498688307712503,0.13134334435290934,0.13925
0.1395,0.13570764800093038,0.1309626009245632,0.1395
0.13975,0.13643022696395096,0.13058370128607844,0.13975
0.14,0.13715461087626596,0.13020663777894398,0.14
0.14025,0.1378807905493543,0.12983140277117627,0.14025
0.1405,0.13860875669632278,0.12945798865724567,0.1405
0.14075000000000001,0.1393384999321449,0.12908638785800325,0.14075000000000001
0.14100000000000001,0.14007001077391038,0.12871659282060746,0.14100000000000001
0.14125000000000001,0.14080327964108547,0.12834859601845072,0.14125000000000001
0.14150000000000001,0.14153829685578315,0.12798238995108677,0.14150000000000001
0.14175000000000001,0.14227505264304374,0.12761796714415796,0.14175000000000001
0.14200000000000002,0.14301353713112705,0.12725532014932256,0.14200000000000002
0.14225000000000002,0.14375374035181426,0.12689444154418184,0.14225000000000002
0.14250000000000002,0.14449565224072136,0.12653532393220818,0.14250000000000002
0.14275000000000002,0.14523926263762146,0.12617795994267292,0.14275000000000002
0.14300000000000002,0.14598456128677922,0.12582234223057412,0.14300000000000002
0.14325000000000002,0.14673153783729628,0.1254684634765646,0.14325000000000002
0.14350000000000002,0.14748018184346573,0.12511631638688026,0.14350000000000002
0.14375000000000002,0.14823048276513842,0.12476589369326879,0.14375000000000002
0.14400000000000002,0.14898242996809896,0.12441718815291797,0.14400000000000002
0.14425,0.14973601272445436,0.12407019254838418,0.14425
0.1445,0.15049122021303066,0.1237248996875217,0.1445
0.14475,0.15124804151978213,0.12338130240341137,0.14475
0.145,0.1520064656382104,0.12303939355429007,0.145
0.14525,0.152766481469794,0.12269916602347986,0.14525
0.1455,0.15352807782442957,0.12236061271931728,0.1455
0.14575,0.1542912434208827,0.1220237265750832,0.14575
0.146,0.15505596688724926,0.12168850054893258,0.146
0.14625,0.15582223676142798,0.12135492762382435,0.14625
0.1465,0.15659004149160397,0.12102300080745125,0.1465
0.14675,0.15735936943674161,0.12069271313217023,0.14675
0.147,0.15813020886708853,0.12036405765493288,0.147
0.14725,0.15890254796469025,0.1200370274572159,0.14725
0.1475,0.15967637482391564,0.11971161564495143,0.1475
0.14775,0.16045167745199235,0.1193878153484582,0.14775
0.148,0.16122844376955206,0.11906561972237242,0.148
0.14825,0.16200666161118743,0.11874502194557884,0.14825
0.1485,0.1627863187260192,0.11842601522114182,0.1485
0.14875,0.1635674027782731,0.1181085927762368,0.14875
0.149,0.1643499013478665,0.11779274786208203,0.149
0.14925,0.1651338019310068,0.11747847375387013,0.14925
0.1495,0.1659190919407996,0.11716576375069962,0.1495
0.14975,0.16670575870786664,0.11685461117550723,0.14975
0.15,0.16749378948097313,0.11654500937499998,0.15
0.15025,0.16828317142766722,0.11623695171958735,0.15025
0.1505,0.16907389163492814,0.11593043160331361,0.1505
0.15075,0.16986593710982453,0.11562544244379039,0.15075
0.151,0.17065929478018244,0.11532197768212955,0.151
0.15125,0.17145395149526352,0.11502003078287595,0.15125
0.1515,0.1722498940264539,0.11471959523394015,0.1515
0.15175,0.17304710906796147,0.11442066454653177,0.15175
0.152,0.17384558323752292,0.11412323225509288,0.152
0.15225,0.17464530307712137,0.11382729191723125,0.15225
0.1525,0.1754462550537135,0.11353283711365372,0.1525
0.15275,0.1762484255599654,0.11323986144810017,0.15275
0.153,0.177051800914998,0.11294835854727729,0.153
0.15325,0.17785636736514251,0.11265832206079265,0.15325
0.1535,0.17866211108470492,0.11236974566108848,0.1535
0.15375,0.17946901817673955,0.11208262304337624,0.15375
0.154,0.18027707467383128,0.11179694792557104,0.154
0.15425,0.1810862665388876,0.1115127140482261,0.15425
0.1545,0.18189657966594008,0.11122991517446731,0.1545
0.15475,0.18270799988095351,0.11094854508992821,0.15475
0.155,0.1835205129426439,0.11066859760268506,0.155
0.15525,0.1843341045433064,0.11039006654319182,0.15525
0.1555,0.18514876030965127,0.1101129457642153,0.1555
0.15575,0.18596446580364817,0.10983722914077071,0.15575
0.156,0.18678120652337843,0.10956291057005724,0.156
0.15625,0.1875989679038968,0.10928998397139367,0.15625
0.1565,0.18841773531810138,0.10901844328615407,0.1565
0.15675,0.18923749407761065,0.10874828247770382,0.15675
0.157,0.19005822943364925,0.1084794955313359,0.157
0.15725,0.19087992657794156,0.10821207645420697,0.15725
0.1575,0.191702570643614,0.10794601927527359,0.1575
0.15775,0.19252614670610368,0.10768131804522887,0.15775
0.158,0.1933506397840752,0.10741796683643934,0.158
0.15825,0.19417603484034548,0.10715595974288142,0.15825
0.1585,0.19500231678281574,0.1068952908800784,0.1585
0.15875,0.1958294704654107,0.1066359543850376,0.15875
0.159,0.19665748068902444,0.10637794441618761,0.159
0.15925,0.1974863322024742,0.1061212551533156,0.15925
0.1595,0.19831600970346122,0.10586588079750459,0.1595
0.15975,0.19914649783953808,0.1056118155710713,0.15975
0.16,0.19997778120908163,0.10535905371750398,0.16
0.16025,0.20080984436227442,0.10510758950140006,0.16025
0.1605,0.20164267180209197,0.1048574172084043,0.1605
0.16075,0.20247624798529626,0.10460853114514687,0.16075
0.161,0.2033105573234344,0.10436092563918181,0.161
0.16125,0.20414558418384512,0.10411459503892544,0.16125
0.1615,0.20498131289067076,0.10386953371359472,0.1615
0.16175,0.2058177277258748,0.10362573605314612,0.16175
0.162,0.20665481293026397,0.10338319646821453,0.162
0.16225,0.2074925527045182,0.10314190939005224,0.16225
0.1625,0.20833093121022503,0.10290186927046778,0.1625
0.16275,0.20916993257091845,0.10266307058176542,0.16275
0.163,0.2100095408731238,0.10242550781668458,0.163
0.16325,0.21084974016740732,0.1021891754883393,0.16325
0.1635,0.21169051446943168,0.10195406813015774,0.1635
0.16375,0.21253184776101441,0.10172018029582208,0.16375
0.164,0.2133737239911919,0.10148750655920855,0.164
0.16425,0.2142161270772878,0.10125604151432743,0.16425
0.1645,0.21505904090598657,0.10102577977526306,0.1645
0.16475,0.21590244933440933,0.10079671597611428,0.16475
0.165,0.21674633619119482,0.10056884477093506,0.165
0.16525,0.21759068527758443,0.10034216083367486,0.16525
0.1655,0.21843548036851101,0.1001166588581194,0.1655
0.16575,0.2192807052136903,0.09989233355783148,0.16575
0.166,0.22012634353871657,0.0996691796660921,0.166
0.16625,0.22097237904616077,0.09944719193584159,0.16625
0.1665,0.2218187954166739,0.09922636513962056,0.1665
0.16675,0.22266557631009035,0.0990066940695116,0.16675
0.167,0.2235127053665358,0.09878817353708068,0.167
0.16725,0.22436016620753757,0.09857079837331888,0.16725
0.1675,0.22520794243713788,0.09835456342858395,0.1675
0.16775,0.22605601764300837,0.09813946357254233,0.16775
0.168,0.2269043753975673,0.09792549369411138,0.168
0.16825,0.2277529992590991,0.09771264870140128,0.16825
0.1685,0.2286018727728758,0.09750092352165743,0.1685
0.16875,0.22945097947227985,0.0972903131012028,0.16875
0.169,0.23030030287992811,0.09708081240538069,0.169
0.16925,0.23114982650879792,0.09687241641849731,0.16925
0.1695,0.23199953386335503,0.09666512014376444,0.1695
0.16975,0.23284940844068114,0.09645891860324254,0.16975
0.17,0.23369943373160257,0.09625380683778396,0.17
0.17025,0.23454959322182078,0.09604977990697591,0.17025
0.1705,0.23539987039304333,0.0958468328890838,0.1705
0.17075,0.23625024872411401,0.0956449608809948,0.17075
0.171,0.2371007116921445,0.09544415899816153,0.171
0.17125,0.2379512427736453,0.09524442237454558,0.17125
0.1715,0.23880182544565795,0.09504574616256145,0.1715
0.17175,0.2396524431868858,0.09484812553302044,0.17175
0.17200000000000001,0.24050307947882438,0.09465155567507497,0.17200000000000001
0.17225000000000001,0.24135371780689205,0.09445603179616263,0.17225000000000001
0.17250000000000001,0.24220434166156,0.09426154912195053,0.17250000000000001
0.17275000000000001,0.24305493453948068,0.09406810289627983,0.17275000000000001
0.17300000000000001,0.24390547994461567,0.0938756883811104,0.17300000000000001
0.17325000000000002,0.24475596138936206,0.09368430085646559,0.17325000000000002
0.17350000000000002,0.24560636239567862,0.09349393562037689,0.17350000000000002
0.17375000000000002,0.24645666649620923,0.09330458798882905,0.17375000000000002
0.17400000000000002,0.24730685723540496,0.09311625329570533,0.17400000000000002
0.17425000000000002,0.2481569181706447,0.09292892689273258,0.17425000000000002
0.17450000000000002,0.24900683287335423,0.09274260414942656,0.17450000000000002
0.17475000000000002,0.2498565849301223,0.09255728045303757,0.17475000000000002
0.17500000000000002,0.2507061579438148,0.09237295120849606,0.17500000000000002
0.17525000000000002,0.25155553553468635,0.09218961183835835,0.17525000000000002
0.17550000000000002,0.2524047013414907,0.09200725778275241,0.17550000000000002
0.17575000000000002,0.2532536390225861,0.09182588449932395,0.17575000000000002
0.176,0.2541023322570392,0.09164548746318263,0.176
0.17625,0.2549507647457267,0.09146606216684802,0.17625
0.1765,0.255798920212431,0.09128760412019638,0.1765
0.17675,0.25664678240493666,0.09111010885040668,0.17675
0.177,0.25749433509611924,0.09093357190190761,0.177
0.17725,0.25834156208503317,0.09075798883632412,0.17725
0.1775,0.2591884471979948,0.09058335523242439,0.1775
0.17775,0.26003497428966227,0.09040966668606665,0.17775
0.178,0.2608811272441105,0.09023691881014646,0.178
0.17825,0.261726889975902,0.09006510723454389,0.17825
0.1785,0.2625722464311537,0.08989422760607088,0.1785
0.17875,0.2634171805885997,0.08972427558841865,0.17875
0.179,0.2642616764606488,0.08955524686210535,0.179
0.17925,0.26510571809443617,0.08938713712442385,0.17925
0.1795,0.2659492895728723,0.08921994208938952,0.1795
0.17975,0.26679237501568576,0.08905365748768813,0.17975
0.18,0.26763495858046055,0.088888279066624,0.18
0.18025,0.26847702446366783,0.08872380259006829,0.18025
0.1805,0.26931855690169315,0.08856022383840724,0.1805
0.18075,0.2701595401718578,0.08839753860849059,0.18075
0.181,0.27099995859343406,0.08823574271358013,0.181
0.18125,0.27183979652865414,0.0880748319832986,0.18125
0.1815,0.2726790383837137,0.08791480226357834,0.1815
0.18175,0.2735176686097703,0.08775564941661015,0.18175
0.182,0.27435567170393327,0.08759736932079246,0.182
0.18225,0.27519303221024866,0.0874399578706805,0.18225
0.1825,0.2760297347206772,0.08728341097693562,0.1825
0.18275,0.27686576387606643,0.0871277245662746,0.18275
0.183,0.27770110436711504,0.08697289458141916,0.183
0.18325,0.27853574093533023,0.0868189169810458,0.18325
0.1835,0.2793696583739788,0.08666578773973543,0.1835
0.18375,0.2802028415290314,0.08651350284792325,0.18375
0.184,0.2810352753000986,0.08636205831184873,0.184
0.18425,0.2818669446413591,0.08621145015350591,0.18425
0.1845,0.28269783456248254,0.08606167441059348,0.1845
0.18475,0.28352793012954325,0.08591272713646514,0.18475
0.185,0.28435721646592654,0.0857646044000801,0.185
0.18525,0.28518567875322676,0.0856173022859538,0.18525
0.1855,0.28601330223213817,0.08547081689410846,0.1855
0.18575,0.28684007220333824,0.085325144340024,0.18575
0.186,0.2876659740283619,0.08518028075458886,0.186
0.18625,0.28849099313046694,0.08503622228405129,0.18625
0.1865,0.2893151149954931,0.08489296508997037,0.1865
0.18675,0.29013832517271143,0.0847505053491673,0.18675
0.187,0.2909606092756657,0.08460883925367685,0.187
0.18725,0.29178195298300397,0.08446796301069895,0.18725
0.1875,0.2926023420393034,0.08432787284255028,0.1875
0.18775,0.2934217622558851,0.08418856498661599,0.18775
0.188,0.2942401995116207,0.0840500356953016,0.188
0.18825,0.29505763975372884,0.08391228123598508,0.18825
0.1885,0.2958740689985636,0.08377529789096891,0.1885
0.18875,0.2966894733323952,0.08363908195743217,0.18875
0.189,0.29750383891217796,0.08350362974738303,0.189
0.18925,0.2983171519663122,0.08336893758761123,0.18925
0.1895,0.29912939879539535,0.08323500181964054,0.1895
0.18975,0.29994056577296413,0.08310181879968145,0.18975
0.19,0.3007506393462273,0.08296938489858399,0.19
0.19025,0.3015596060367879,0.08283769650179071,0.19025
0.1905,0.30236745244135715,0.08270675000928958,0.1905
0.19075,0.30317416523245855,0.08257654183556719,0.19075
0.191,0.3039797311591213,0.08244706840956195,0.191
0.19125,0.30478413704756435,0.08231832617461758,0.19125
0.1915,0.3055873698018711,0.08219031158843647,0.1915
0.19175,0.3063894164046537,0.08206302112303324,0.19175
0.192,0.30719026391770793,0.08193645126468851,0.192
0.19225,0.3079898994826565,0.08181059851390277,0.19225
0.1925,0.30878831032158405,0.08168545938535017,0.1925
0.19275,0.30958548373766187,0.08156103040783266,0.19275
0.193,0.31038140711576134,0.08143730812423403,0.193
0.19325,0.31117606792305763,0.0813142890914743,0.19325
0.1935,0.3119694537096234,0.0811919698804641,0.1935
0.19375,0.3127615521090127,0.08107034707605895,0.19375
0.194,0.31355235083883326,0.08094941727701407,0.194
0.19425,0.3143418377013093,0.08082917709593901,0.19425
0.1945,0.3151300005838335,0.08070962315925248,0.1945
0.19475,0.31591682745950933,0.08059075210713723,0.19475
0.195,0.3167023063876821,0.08047256059349508,0.195
0.19525,0.3174864255144591,0.08035504528590223,0.19525
0.1955,0.3182691730732209,0.08023820286556434,0.1955
0.19575,0.3190505373851205,0.08012203002727192,0.19575
0.196,0.31983050685957326,0.08000652347935583,0.196
0.19625,0.3206090699947341,0.07989167994364298,0.19625
0.1965,0.3213862153779667,0.07977749615541187,0.1965
0.19675,0.32216193168630075,0.07966396886334845,0.19675
0.197,0.32293620768687864,0.079551094829502,0.197
0.19725,0.32370903223739117,0.07943887082924125,0.19725
0.1975,0.32448039428650327,0.0793272936512105,0.1975
0.19775,0.32525028287426944,0.07921636009728569,0.19775
0.198,0.32601868713253723,0.07910606698253093,0.198
0.19825,0.3267855962853407,0.07899641113515493,0.19825
0.1985,0.3275509996492837,0.07888738939646751,0.1985
0.19875,0.3283148866339117,0.0787789986208363,0.19875
0.199,0.32907724674207395,0.07867123567564348,0.199
0.19925,0.3298380695702732,0.07856409744124276,0.19925
0.1995,0.33059734480900654,0.07845758081091635,0.1995
0.19975,0.33135506224309547,0.07835168269083193,0.19975
0.2,0.332111211752004,0.0782464,0.2
0.20025,0.33286578331014705,0.0781417296702312,0.20025
0.2005,0.33361876698718834,0.07803766864609367,0.2005
0.20075,0.3343701529483277,0.07793421388487057,0.20075
0.201,0.33511993145457747,0.07783136235651772,0.201
0.20125,0.33586809286302766,0.07772911104362143,0.20125
0.2015,0.3366146276271022,0.07762745694135625,0.2015
0.20175,0.33735952629680394,0.07752639705744294,0.20175
0.202,0.3381027795189487,0.07742592841210647,0.202
0.20225,0.33884437803738887,0.07732604803803436,0.20225
0.2025,0.33958431269322736,0.0772267529803348,0.2025
0.20275,0.3403225744250208,0.07712804029649502,0.20275
0.203,0.341059154268972,0.0770299070563398,0.203
0.20325000000000001,0.34179404335911223,0.0769323503419901,0.20325000000000001
0.20350000000000001,0.3425272329274731,0.0768353672478217,0.20350000000000001
0.20375000000000001,0.34325871430424915,0.07673895488042395,0.20375000000000001
0.20400000000000001,0.34398847891794854,0.07664311035855871,0.20400000000000001
0.20425000000000001,0.34471651829553474,0.07654783081311939,0.20425000000000001
0.20450000000000002,0.34544282406255733,0.07645311338708997,0.20450000000000002
0.20475000000000002,0.3461673879432739,0.07635895523550423,0.20475000000000002
0.20500000000000002,0.3468902017607601,0.07626535352540509,0.20500000000000002
0.20525000000000002,0.34761125743701105,0.07617230543580397,0.20525000000000002
0.20550000000000002,0.34833054699303206,0.07607980815764041,0.20550000000000002
0.20575000000000002,0.3490480625489203,0.07598785889374153,0.20575000000000002
0.20600000000000002,0.34976379632393534,0.07589645485878183,0.20600000000000002
0.20625000000000002,0.35047774063656023,0.07580559327924306,0.20625000000000002
0.20650000000000002,0.35118988790455374,0.07571527139337411,0.20650000000000002
0.20675000000000002,0.3519002306449917,0.075625486451151,0.20675000000000002
0.20700000000000002,0.3526087614743,0.07553623571423697,0.20700000000000002
0.20725000000000002,0.35331547310827516,0.07544751645594289,0.20725000000000002
0.20750000000000002,0.35402035836209905,0.07535932596118744,0.20750000000000002
0.20775000000000002,0.35472341015034237,0.07527166152645753,0.20775000000000002
0.20800000000000002,0.3554246214869576,0.07518452045976891,0.20800000000000002
0.20825,0.3561239854852638,0.07509790008062683,0.20825
0.2085,0.35682149535792307,0.07501179771998666,0.2085
0.20875,0.3575171444169051,0.07492621072021484,0.20875
0.209,0.35821092607344507,0.07484113643504975,0.209
0.20925,0.3589028338379912,0.07475657222956275,0.20925
0.2095,0.3595928613201431,0.07467251548011941,0.2095
0.20975,0.36028100222858156,0.07458896357434062,0.20975
0.21,0.3609672503709898,0.07450591391106401,0.21
0.21025,0.3616515996539651,0.07442336390030532,0.21025
0.2105,0.3623340440829216,0.07434131096322005,0.2105
0.21075,0.3630145777619851,0.07425975253206502,0.21075
0.211,0.363693194893879,0.07417868605016006,0.211
0.21125,0.3643698897798017,0.07409810897184993,0.21125
0.2115,0.36504465681929454,0.07401801876246622,0.2115
0.21175,0.36571749051010255,0.07393841289828945,0.21175
0.212,0.3663883854480272,0.07385928886651105,0.212
0.21225,0.36705733632676946,0.07378064416519568,0.21225
0.2125,0.3677243379377651,0.07370247630324363,0.2125
0.21275,0.36838938517001274,0.07362478280035312,0.21275
0.213,0.3690524730098933,0.07354756118698288,0.213
0.21325,0.36971359654098146,0.07347080900431474,0.21325
0.2135,0.3703727509438491,0.07339452380421642,0.2135
0.21375,0.371029931495861,0.0733187031492043,0.21375
0.214,0.3716851335709642,0.07324334461240628,0.214
0.21425,0.3723383526394676,0.07316844577752485,0.21425
0.2145,0.3729895842678144,0.07309400423880025,0.2145
0.21475,0.3736388241183494,0.07302001760097358,0.21475
0.215,0.3742860679490762,0.0729464834792501,0.215
0.21525,0.37493131161340837,0.07287339949926268,0.21525
0.2155,0.37557455105991333,0.07280076329703526,0.2155
0.21575,0.3762157823320484,0.0727285725189465,0.21575
0.216,0.3768550015678921,0.07265682482169333,0.216
0.21625,0.3774922049998653,0.07258551787225487,0.21625
0.2165,0.3781273889544478,0.07251464934785619,0.2165
0.21675,0.3787605498518871,0.07244421693593243,0.21675
0.217,0.37939168420590186,0.07237421833409269,0.217
0.21725,0.38002078862337707,0.07230465125008426,0.21725
0.2175,0.38064785980405325,0.07223551340175695,0.2175
0.21775,0.38127289454020996,0.07216680251702735,0.21775
0.218,0.3818958897163428,0.07209851633384329,0.218
0.21825,0.38251684230883337,0.07203065260014839,0.21825
0.2185,0.3831357493856141,0.07196320907384668,0.2185
0.21875,0.38375260810582595,0.07189618352276739,0.21875
0.219,0.38436741571947164,0.07182957372462966,0.219
0.21925,0.3849801695670621,0.07176337746700749,0.21925
0.2195,0.3855908670792566,0.07169759254729485,0.2195
0.21975,0.38619950577649836,0.07163221677267066,0.21975
0.22,0.38680608326864435,0.071567247960064,0.22
0.22025,0.38741059725458893,0.07150268393611943,0.22025
0.2205,0.38801304552188254,0.07143852253716236,0.2205
0.22075,0.38861342594634507,0.07137476160916455,0.22075
0.221,0.38921173649167423,0.0713113990077096,0.221
0.22125,0.38980797520904864,0.07124843259795863,0.22125
0.2215,0.390402140236725,0.07118586025461612,0.2215
0.22175,0.39099422979963183,0.07112367986189566,0.22175
0.222,0.39158424220895793,0.07106188931348585,0.222
0.22225,0.392172175861735,0.07100048651251642,0.22225
0.2225,0.3927580292404166,0.07093946937152429,0.2225
0.22275,0.39334180091245285,0.07087883581241981,0.22275
0.223,0.3939234895298596,0.07081858376645302,0.223
0.22325,0.39450309382878396,0.07075871117418,0.22325
0.2235,0.3950806126290651,0.07069921598542951,0.2235
0.22375,0.39565604483379097,0.07064009615926939,0.22375
0.224,0.39622938942885133,0.07058134966397331,0.224
0.22425,0.3968006454824863,0.07052297447698744,0.22425
0.2245,0.39736981214483036,0.07046496858489742,0.2245
0.22475,0.39793688864745386,0.07040732998339522,0.22475
0.225,0.39850187430289985,0.0703500566772461,0.225
0.22525,0.39906476850421774,0.07029314668025581,0.22525
0.2255,0.39962557072449245,0.07023659801523777,0.2255
0.22575,0.40018428051637067,0.07018040871398037,0.22575
0.226,0.40074089751158487,0.07012457681721429,0.226
0.22625,0.40129542142047175,0.07006910037458,0.22625
0.2265,0.40184785203148854,0.07001397744459537,0.2265
0.22675,0.4023981892107264,0.06995920609462326,0.22675
0.227,0.40294643290142107,0.06990478440083923,0.227
0.22725,0.40349258312345926,0.06985071044819942,0.22725
0.2275,0.40403663997288286,0.06979698233040842,0.2275
0.22775,0.4045786036213906,0.0697435981498873,0.22775
0.228,0.405118474315837,0.06969055601774168,0.228
0.22825,0.40565625237772807,0.06963785405372988,0.22825
0.2285,0.40619193820271465,0.06958549038623123,0.2285
0.22875,0.40672553226008384,0.0695334631522144,0.22875
0.229,0.40725703509224753,0.0694817704972058,0.229
0.22925,0.40778644731422886,0.06943041057525816,0.22925
0.2295,0.40831376961314597,0.0693793815489191,0.2295
0.22975,0.4088390027476943,0.06932868158919984,0.22975
0.23,0.40936214754762656,0.06927830887554401,0.23
0.23025,0.40988320491323077,0.06922826159579643,0.23025
0.2305,0.4104021758148057,0.06917853794617221,0.2305
0.23075,0.4109190612921358,0.06912913613122568,0.23075
0.231,0.41143386245396363,0.06908005436381952,0.231
0.23125,0.41194658047746074,0.06903129086509402,0.23125
0.2315,0.4124572166076959,0.06898284386443641,0.2315
0.23175,0.4129657721571044,0.06893471159945017,0.23175
0.232,0.4134722485049537,0.06888689231592449,0.232
0.23225,0.4139766470968083,0.06883938426780391,0.23225
0.2325,0.41447896944399354,0.06879218571715791,0.2325
0.23275,0.41497921712305813,0.06874529493415063,0.23275
0.233,0.4154773917752354,0.06869871019701072,0.233
0.23325,0.41597349510590415,0.06865242979200117,0.23325
0.2335,0.41646752888404726,0.06860645201338933,0.2335
0.23375,0.41695949494171053,0.068560775163417,0.23375
0.234,0.4174493951734601,0.06851539755227054,0.234
0.23425,0.41793723153584006,0.06847031749805103,0.23425
0.23450000000000001,0.41842300604682703,0.06842553332674478,0.23450000000000001
0.23475000000000001,0.41890672078528685,0.06838104337219356,0.23475000000000001
0.23500000000000001,0.41938837789042965,0.0683368459760651,0.23500000000000001
0.23525000000000001,0.4198679795612637,0.06829293948782371,0.23525000000000001
0.23550000000000001,0.4203455280560495,0.06824932226470093,0.23550000000000001
0.23575000000000002,0.4208210256917536,0.06820599267166623,0.23575000000000002
0.23600000000000002,0.4212944748435027,0.06816294908139779,0.23600000000000002
0.23625000000000002,0.4217658779440354,0.06812018987425349,0.23625000000000002
0.23650000000000002,0.42223523748315644,0.0680777134382418,0.23650000000000002
0.23675000000000002,0.42270255600718903,0.06803551816899292,0.23675000000000002
0.23700000000000002,0.4231678361184281,0.06799360246972985,0.23700000000000002
0.23725000000000002,0.42363108047459297,0.06795196475123963,0.23725000000000002
0.23750000000000002,0.42409229178828056,0.0679106034318447,0.23750000000000002
0.23775000000000002,0.4245514728264178,0.06786951693737428,0.23775000000000002
0.23800000000000002,0.4250086264097167,0.06782870370113575,0.23800000000000002
0.23825000000000002,0.4254637554121266,0.06778816216388629,0.23825000000000002
0.23850000000000002,0.42591686276028845,0.06774789077380453,0.23850000000000002
0.23875000000000002,0.4263679514329894,0.06770788798646218,0.23875000000000002
0.23900000000000002,0.42681702446061764,0.06766815226479592,0.23900000000000002
0.23925000000000002,0.4272640849246181,0.06762868207907914,0.23925000000000002
0.23950000000000002,0.42770913595694743,0.06758947590689408,0.23950000000000002
0.23975000000000002,0.42815218073953143,0.06755053223310373,0.23975000000000002
0.24,0.42859322250372167,0.067511849549824,0.24
0.24025,0.4290322645297542,0.06747342635639589,0.24025
0.2405,0.4294693101462076,0.06743526115935779,0.2405
0.24075,0.42990436272946253,0.06739735247241783,0.24075
0.241,0.4303374257031623,0.06735969881642638,0.241
0.24125,0.4307685025376748,0.0673222987193484,0.24125
0.2415,0.43119759674955394,0.06728515071623624,0.2415
0.24175,0.43162471190100377,0.06724825334920215,0.24175
0.242,0.43204985159934245,0.06721160516739114,0.242
0.24225,0.4324730194964681,0.06717520472695379,0.24225
0.2425,0.432894219288326,0.0671390505910191,0.2425
0.24275,0.4333134547143756,0.06710314132966759,0.24275
0.243,0.43373072955706093,0.06706747551990426,0.243
0.24325,0.4341460476412803,0.06703205174563183,0.24325
0.2435,0.434559412833859,0.06699686859762388,0.2435
0.24375,0.4349708290430222,0.06696192467349824,0.24375
0.244,0.43538030021786966,0.0669272185776903,0.244
0.24425,0.4357878303478528,0.0668927489214265,0.24425
0.2445,0.43619342346225176,0.0668585143226979,0.2445
0.24475,0.43659708362965516,0.06682451340623372,0.24475
0.245,0.43699881495744075,0.06679074480347509,0.245
0.24525,0.43739862159125886,0.06675720715254882,0.24525
0.2455,0.4377965077145162,0.06672389909824118,0.2455
0.24575,0.4381924775478619,0.06669081929197192,0.24575
0.246,0.4385865353486754,0.0666579663917682,0.246
0.24625,0.4389786854105568,0.06662533906223868,0.24625
0.2465,0.4393689320628172,0.06659293597454767,0.2465
0.24675,0.43975727966997313,0.06656075580638939,0.24675
0.247,0.44014373263124096,0.06652879724196223,0.247
0.24725,0.44052829538003463,0.06649705897194318,0.24725
0.2475,0.44091097238346505,0.06646553969346221,0.2475
0.24775,0.4412917681418405,0.06643423811007688,0.24775
0.248,0.44167068718817054,0.06640315293174694,0.248
0.24825,0.44204773408767106,0.06637228287480894,0.24825
0.2485,0.44242291343727186,0.06634162666195104,0.2485
0.24875,0.4427962298651254,0.06631118302218789,0.24875
0.249,0.44316768803011997,0.06628095069083542,0.249
0.24925,0.44353729262139174,0.06625092840948595,0.24925
0.2495,0.44390504835784256,0.06622111492598313,0.2495
0.24975,0.4442709599876568,0.06619150899439717,0.24975
0.25,0.44463503228782286,0.066162109375,0.25
0.25025000000000003,0.44499727006365586,0.06613291483424051,0.25025000000000003
0.2505,0.44535767814832217,0.06610392414472001,0.2505
0.25075000000000003,0.4457162614023682,0.06607513608516752,0.25075000000000003
0.251,0.44607302471324883,0.06604654944041542,0.251
0.25125000000000003,0.4464279729948609,0.06601816300137489,0.25125000000000003
0.2515,0.44678111118707686,0.06598997556501165,0.2515
0.25175000000000003,0.4471324442552829,0.06596198593432163,0.25175000000000003
0.252,0.4474819771899176,0.06593419291830682,0.252
0.25225000000000003,0.44782971500601443,0.06590659533195103,0.25225000000000003
0.2525,0.44817566274274595,0.06587919199619599,0.2525
0.25275000000000003,0.4485198254629715,0.0658519817379172,0.25275000000000003
0.253,0.44886220825278594,0.06582496338990013,0.253
0.25325000000000003,0.4492028162210724,0.06579813579081631,0.25325000000000003
0.2535,0.4495416544990563,0.06577149778519961,0.2535
0.25375000000000003,0.4498787282398635,0.0657450482234225,0.25375000000000003
0.254,0.4502140426180793,0.06571878596167247,0.254
0.25425000000000003,0.45054760282931117,0.0656927098619284,0.25425000000000003
0.2545,0.45087941408975424,0.06566681879193718,0.2545
0.25475000000000003,0.45120948163575864,0.06564111162519021,0.25475000000000003
0.255,0.4515378107233998,0.0656155872409001,0.255
0.25525000000000003,0.4518644066280522,0.06559024452397738,0.25525000000000003
0.2555,0.4521892746439642,0.06556508236500737,0.2555
0.25575000000000003,0.4525124200838374,0.06554009966022693,0.25575000000000003
0.256,0.45283384827840695,0.06551529531150155,0.256
0.25625,0.45315356457602624,0.06549066822630223,0.25625
0.2565,0.4534715743422533,0.06546621731768264,0.2565
0.25675,0.45378788295943967,0.06544194150425628,0.25675
0.257,0.4541024958263234,0.06541783971017366,0.257
0.25725,0.4544154183576233,0.06539391086509964,0.25725
0.2575,0.45472665598363643,0.06537015390419078,0.2575
0.25775,0.4550362141498397,0.06534656776807275,0.25775
0.258,0.4553440983164917,0.06532315140281787,0.258
0.25825,0.4556503139582396,0.06529990375992269,0.25825
0.2585,0.455954866563728,0.06527682379628556,0.2585
0.25875,0.4562577616352098,0.06525391047418448,0.25875
0.259,0.45655900468816196,0.06523116276125472,0.259
0.25925,0.4568586012509013,0.06520857963046682,0.25925
0.2595,0.4571565568642062,0.06518616006010437,0.2595
0.25975,0.45745287708093807,0.06516390303374213,0.25975
0.26,0.45774756746566814,0.065141807540224,0.26
0.26025,0.45804063359430586,0.06511987257364116,0.26025
0.2605,0.45833208105373,0.0650980971333103,0.2605
0.26075,0.45862191544142394,0.06507648022375181,0.26075
0.261,0.4589101423651115,0.06505502085466822,0.261
0.26125,0.45919676744239796,0.06503371804092248,0.26125
0.2615,0.45948179630041297,0.06501257080251646,0.2615
0.26175,0.4597652345754554,0.06499157816456957,0.26175
0.262,0.4600470879126433,0.0649707391572972,0.262
0.26225,0.46032736196556395,0.06495005281598955,0.26225
0.2625,0.4606060623959295,0.06492951818099021,0.2625
0.26275,0.4608831948732329,0.06490913429767511,0.26275
0.263,0.4611587650744093,0.06488890021643126,0.263
0.26325,0.4614327786834974,0.06486881499263578,0.26325
0.2635,0.46170524139130703,0.06484887768663479,0.2635
0.26375,0.4619761588950858,0.06482908736372262,0.26375
0.264,0.46224553689819214,0.06480944309412083,0.264
0.26425,0.4625133811097691,0.06478994395295745,0.26425
0.2645,0.46277969724442125,0.06477058902024624,0.2645
0.26475,0.4630444910218948,0.06475137738086603,0.26475
0.265,0.4633077681667612,0.06473230812454009,0.265
0.26525,0.4635695344081014,0.06471338034581564,0.26525
0.2655,0.46382979547919617,0.06469459314404331,0.2655
0.26575,0.4640885571172156,0.06467594562335681,0.26575
0.266,0.4643458250629153,0.06465743689265249,0.266
0.26625,0.46460160506033144,0.06463906606556918,0.26625
0.2665,0.46485590285648215,0.06462083226046789,0.2665
0.26675,0.46510872420106925,0.06460273460041169,0.26675
0.267,0.4653600748461845,0.0645847722131456,0.267
0.26725,0.465609960546017,0.06456694423107665,0.26725
0.2675,0.46585838705656496,0.0645492497912538,0.2675
0.26775,0.4661053601353491,0.06453168803534821,0.26775
0.268,0.4663508855411298,0.06451425810963325,0.268
0.26825,0.4665949690336261,0.06449695916496484,0.26825
0.2685,0.4668376163732378,0.06447979035676171,0.2685
0.26875,0.46707883332077105,0.0644627508449858,0.26875
0.269,0.4673186256371655,0.06444583979412263,0.269
0.26925,0.4675569990832247,0.06442905637316187,0.26925
0.2695,0.46779395941935004,0.06441239975557779,0.2695
0.26975,0.4680295124052757,0.06439586911930999,0.26975
0.27,0.4682636637998078,0.064379463646744,0.27
0.27025,0.4684964193605663,0.06436318252469206,0.27025
0.2705,0.4687277848437278,0.06434702494437392,0.2705
0.27075,0.4689577660037733,0.0643309901013977,0.27075
0.271,0.46918636859323776,0.06431507719574081,0.271
0.27125,0.4694135983624615,0.06429928543173098,0.27125
0.2715,0.46963946105934545,0.06428361401802728,0.2715
0.27175,0.46986396242910855,0.06426806216760125,0.27175
0.272,0.47008710821404787,0.0642526290977181,0.272
0.27225,0.4703089041533014,0.06423731402991789,0.27225
0.2725,0.4705293559826135,0.06422211618999689,0.2725
0.27275,0.47074846943410237,0.06420703480798894,0.27275
0.273,0.4709662502360316,0.0641920691181468,0.273
0.27325,0.4711827041125825,0.06417721835892377,0.27325
0.2735,0.47139783678363045,0.0641624817729551,0.2735
0.27375,0.4716116539645225,0.0641478586070397,0.27375
0.274,0.47182416136585964,0.06413334811212171,0.274
0.27425,0.47203536469327867,0.06411894954327235,0.27425
0.2745,0.47224526964723956,0.0641046621596716,0.2745
0.27475,0.472453881922813,0.06409048522459011,0.27475
0.275,0.47266120720947213,0.06407641800537109,0.275
0.27525,0.47286725119088563,0.06406245977341228,0.27525
0.2755,0.4730720195447143,0.06404860980414798,0.2755
0.27575,0.4732755179424088,0.06403486737703114,0.27575
0.276,0.4734777520490114,0.06402123177551552,0.276
0.27625,0.4736787275229589,0.06400770228703792,0.27625
0.2765,0.4738784500158893,0.06399427820300034,0.2765
0.27675,0.4740769251724487,0.06398095881875247,0.27675
0.277,0.4742741586301037,0.06396774343357393,0.277
0.27725,0.4744701560189531,0.06395463135065682,0.27725
0.2775,0.4746649229615444,0.06394162187708816,0.2775
0.27775,0.47485846507269114,0.0639287143238325,0.27775
0.278,0.47505078795929373,0.06391590800571448,0.278
0.27825,0.47524189722016147,0.06390320224140157,0.27825
0.2785,0.47543179844583777,0.0638905963533868,0.2785
0.27875,0.4756204972184272,0.06387808966797154,0.27875
0.279,0.475807999111426,0.06386568151524832,0.279
0.27925,0.4759943096895525,0.06385337122908386,0.27925
0.2795,0.4761794345085824,0.06384115814710185,0.2795
0.27975,0.4763633791151847,0.06382904161066623,0.27975
0.28,0.476546149046761,0.063817020964864,0.28
0.28025,0.4767277498312855,0.0638050955584886,0.28025
0.2805,0.4769081869871486,0.06379326474402297,0.2805
0.28075,0.4770874660230029,0.06378152787762284,0.28075
0.281,0.4772655924376096,0.06376988431910009,0.281
0.28125,0.4774425717196892,0.06375833343190607,0.28125
0.28150000000000003,0.4776184093477729,0.06374687458311502,0.28150000000000003
0.28175,0.4777931107900574,0.06373550714340762,0.28175
0.28200000000000003,0.47796668150425986,0.06372423048705446,0.28200000000000003
0.28225,0.47813912693747773,0.06371304399189968,0.28225
0.28250000000000003,0.4783104525260481,0.06370194703934465,0.28250000000000003
0.28275,0.4784806636954108,0.0636909390143316,0.28275
0.28300000000000003,0.4786497658599733,0.06368001930532742,0.28300000000000003
0.28325,0.4788177644229768,0.06366918730430755,0.28325
0.28350000000000003,0.4789846647763652,0.06365844240673979,0.28350000000000003
0.28375,0.4791504723006567,0.0636477840115682,0.28375
0.28400000000000003,0.4793151923648156,0.06363721152119718,0.28400000000000003
0.28425,0.4794788303261277,0.06362672434147548,0.28425
0.28450000000000003,0.47964139153007734,0.06361632188168025,0.28450000000000003
0.28475,0.4798028813102258,0.06360600355450126,0.28475
0.28500000000000003,0.47996330498809275,0.06359576877602509,0.28500000000000003
0.28525,0.4801226678730382,0.06358561696571939,0.28525
0.28550000000000003,0.48028097526214814,0.0635755475464172,0.28550000000000003
0.28575,0.4804382324401207,0.06356555994430131,0.28575
0.28600000000000003,0.48059444467915485,0.06355565358888873,0.28600000000000003
0.28625,0.4807496172388407,0.06354582791301513,0.28625
0.28650000000000003,0.4809037553660522,0.0635360823528194,0.28650000000000003
0.28675,0.481056864294841,0.06352641634772825,0.28675
0.28700000000000003,0.48120894924633295,0.06351682934044083,0.28700000000000003
0.28725,0.48136001542862555,0.06350732077691341,0.28725
0.28750000000000003,0.48151006803668817,0.06349789010634423,0.28750000000000003
0.28775,0.48165911225226327,0.06348853678115818,0.28775
0.28800000000000003,0.48180715324377016,0.06347926025699174,0.28800000000000003
0.28825,0.4819541961662091,0.06347005999267792,0.28825
0.2885,0.48210024616106983,0.06346093545023111,0.2885
0.28875,0.48224530835623935,0.0634518860948322,0.28875
0.289,0.48238938786591157,0.06344291139481363,0.289
0.28925,0.48253248979050095,0.06343401082164452,0.28925
0.2895,0.48267461921655547,0.0634251838499158,0.2895
0.28975,0.4828157812166725,0.06341642995732549,0.28975
0.29,0.4829559808494153,0.063407748624664,0.29
0.29025,0.48309522315923314,0.06339913933579941,0.29025
0.2905,0.48323351317638075,0.06339060157766288,0.2905
0.29075,0.483370855916841,0.06338213484023411,0.29075
0.291,0.48350725638224873,0.06337373861652681,0.291
0.29125,0.48364271955981597,0.06336541240257426,0.29125
0.2915,0.48377725042225944,0.06335715569741486,0.2915
0.29175,0.48391085392772804,0.06334896800307788,0.29175
0.292,0.4840435350197346,0.063340848824569,0.292
0.29225,0.4841752986270863,0.06333279766985624,0.29225
0.2925,0.48430614966381846,0.06332481404985561,0.2925
0.29275,0.48443609302912954,0.06331689747841705,0.29275
0.293,0.4845651336073169,0.06330904747231031,0.293
0.29325,0.48469327626771497,0.0633012635512109,0.29325
0.2935,0.4848205258646349,0.06329354523768609,0.2935
0.29375,0.48494688723730456,0.06328589205718096,0.29375
0.294,0.4850723652098113,0.06327830353800455,0.294
0.29425,0.4851969645910452,0.06327077921131596,0.29425
0.2945,0.48532069017464513,0.06326331861111058,0.2945
0.29475,0.4854435467389438,0.06325592127420636,0.29475
0.295,0.485565539046917,0.0632485867402301,0.295
0.29525,0.4856866718461324,0.0632413145516038,0.29525
0.2955,0.48580694986870016,0.06323410425353108,0.2955
0.29575,0.4859263778312251,0.06322695539398365,0.29575
0.296,0.48604496043476014,0.06321986752368779,0.296
0.29625,0.48616270236476117,0.0632128401961109,0.29625
0.2965,0.48627960829104305,0.06320587296744812,0.2965
0.29675,0.48639568286773677,0.06319896539660899,0.29675
0.297,0.48651093073324847,0.06319211704520415,0.297
0.29725,0.48662535651021926,0.06318532747753207,0.29725
0.2975,0.4867389648054866,0.06317859626056586,0.2975
0.29775,0.486851760210047,0.06317192296394013,0.29775
0.298,0.4869637472990188,0.06316530715993789,0.298
0.29825,0.48707493063160845,0.06315874842347748,0.29825
0.2985,0.48718531475107607,0.06315224633209955,0.2985
0.29875,0.487294904184703,0.06314580046595415,0.29875
0.299,0.4874037034437604,0.06313941040778778,0.299
0.29925,0.4875117170234789,0.06313307574293056,0.29925
0.2995,0.48761894940302,0.06312679605928337,0.2995
0.29975,0.48772540504544803,0.06312057094730511,0.29975
0.3,0.48783108839770317,0.0631144,0.3
0.30025,0.48793600389057634,0.0631082828129049,0.30025
0.3005,0.48804015593868433,0.06310221898407664,0.3005
0.30075,0.4881435489404467,0.06309620811407954,0.30075
0.301,0.48824618727806385,0.06309024980597275,0.301
0.30125,0.488348075317495,0.0630843436652979,0.30125
0.3015,0.48844921740843905,0.06307848930006657,0.3015
0.30175,0.48854961788431495,0.06307268632074797,0.30175
0.302,0.48864928106224437,0.06306693434025651,0.302
0.30225,0.48874821124303375,0.06306123297393962,0.30225
0.3025,0.48884641271115975,0.06305558183956539,0.3025
0.30275,0.48894388973475317,0.06304998055731045,0.30275
0.303,0.48904064656558605,0.06304442874974776,0.303
0.30325,0.489136687439058,0.06303892604183453,0.30325
0.3035,0.4892320165741851,0.06303347206090014,0.3035
0.30375,0.48932663817358807,0.06302806643663414,0.30375
0.304,0.48942055642348326,0.06302270880107425,0.304
0.30425,0.4895137754936729,0.06301739878859446,0.30425
0.3045,0.4896062995375379,0.0630121360358931,0.3045
0.30475,0.48969813269202966,0.0630069201819811,0.30475
0.305,0.48978927907766445,0.0630017508681701,0.305
0.30525,0.4898797427985184,0.06299662773806072,0.30525
0.3055,0.4899695279422223,0.06299155043753094,0.3055
0.30575,0.4900586385799588,0.06298651861472433,0.30575
0.306,0.49014707876645913,0.06298153192003852,0.306
0.30625,0.4902348525400022,0.06297659000611361,0.30625
0.3065,0.4903219639224125,0.06297169252782063,0.3065
0.30675,0.49040841691906084,0.0629668391422501,0.30675
0.307,0.49049421551886485,0.06296202950870056,0.307
0.30725,0.4905793636942907,0.06295726328866717,0.30725
0.3075,0.4906638654013551,0.06295254014583045,0.3075
0.30775,0.49074772457962873,0.06294785974604487,0.30775
0.308,0.4908309451522403,0.06294322175732767,0.308
0.30825,0.4909135310258811,0.06293862584984761,0.30825
0.3085,0.49099548609081073,0.06293407169591379,0.3085
0.30875,0.49107681422086286,0.0629295589699646,0.30875
0.309,0.49115751927345325,0.06292508734855654,0.309
0.30925,0.49123760508958647,0.06292065651035321,0.30925
0.3095,0.4913170754938651,0.06291626613611437,0.3095
0.30975,0.4913959342944987,0.06291191590868492,0.30975
0.31,0.491474185283314,0.062907605512984,0.31
0.31025,0.491551832235765,0.06290333463599418,0.31025
0.3105,0.49162887891094526,0.06289910296675054,0.3105
0.31075,0.4917053290515988,0.06289491019632999,0.31075
0.311,0.491781186384134,0.06289075601784044,0.311
0.31125,0.49185645461863575,0.0628866401264102,0.31125
0.3115,0.4919311374488808,0.0628825622191772,0.3115
0.31175,0.49200523855235134,0.06287852199527849,0.31175
0.312,0.4920787615902512,0.06287451915583964,0.312
0.31225,0.49215171020752085,0.06287055340396418,0.31225
0.3125,0.4922240880328553,0.06286662444472313,0.3125
0.31275000000000003,0.49229589867872,0.06286273198514458,0.31275000000000003
0.313,0.4923671457413696,0.06285887573420325,0.313
0.31325000000000003,0.49243783280086595,0.06285505540281014,0.31325000000000003
0.3135,0.4925079634210969,0.06285127070380225,0.3135
0.31375000000000003,0.49257754114979657,0.06284752135193224,0.31375000000000003
0.314,0.492646569518565,0.0628438070638582,0.314
0.31425000000000003,0.49271505204288885,0.06284012755813352,0.31425000000000003
0.3145,0.4927829922221628,0.06283648255519667,0.3145
0.31475000000000003,0.49285039353971183,0.06283287177736106,0.31475000000000003
0.315,0.49291725946281245,0.0628292949488051,0.315
0.31525000000000003,0.49298359344271714,0.06282575179556198,0.31525000000000003
0.3155,0.4930493989146763,0.06282224204550985,0.3155
0.31575000000000003,0.4931146792979634,0.06281876542836173,0.31575000000000003
0.316,0.4931794379958984,0.06281532167565572,0.316
0.31625000000000003,0.49324367839587385,0.06281191052074502,0.31625000000000003
0.3165,0.49330740386937916,0.06280853169878817,0.3165
0.31675000000000003,0.4933706177720275,0.06280518494673923,0.31675000000000003
0.317,0.4934333234435816,0.06280187000333803,0.317
0.31725000000000003,0.49349552420798093,0.06279858660910048,0.31725000000000003
0.3175,0.493557223373369,0.06279533450630886,0.3175
0.31775000000000003,0.4936184242321214,0.06279211343900222,0.31775000000000003
0.318,0.49367913006087344,0.06278892315296675,0.318
0.31825000000000003,0.49373934412054965,0.06278576339572628,0.31825000000000003
0.3185,0.49379906965639225,0.06278263391653272,0.3185
0.31875000000000003,0.49385830989799123,0.0627795344663566,0.31875000000000003
0.319,0.493917068059314,0.06277646479787764,0.319
0.31925000000000003,0.4939753473387359,0.06277342466547535,0.31925000000000003
0.3195,0.4940331509190712,0.06277041382521964,0.3195
0.31975000000000003,0.4940904819676039,0.06276743203486157,0.31975000000000003
0.32,0.49414734363611973,0.062764479053824,0.32
0.32025,0.49420373906093823,0.06276155464319237,0.32025
0.3205,0.4942596713629447,0.06275865856570549,0.3205
0.32075,0.49431514364762313,0.06275579058574643,0.32075
0.321,0.4943701590050894,0.0627529504693333,0.321
0.32125,0.494424720510125,0.0627501379841102,0.32125
0.3215,0.49447883122221037,0.06274735289933818,0.3215
0.32175,0.4945324941855594,0.06274459498588625,0.32175
0.322,0.4945857124291539,0.06274186401622234,0.322
0.32225,0.4946384889667785,0.06273915976440438,0.32225
0.3225,0.4946908267970557,0.06273648200607145,0.3225
0.32275,0.494742728903482,0.06273383051843483,0.32275
0.323,0.4947941982544625,0.06273120508026926,0.323
0.32325,0.4948452378033485,0.0627286054719041,0.32325
0.3235,0.4948958504884733,0.06272603147521458,0.3235
0.32375,0.4949460392331883,0.0627234828736131,0.32375
0.324,0.4949958069459016,0.06272095945204052,0.324
0.32425,0.495045156520114,0.06271846099695759,0.32425
0.3245,0.4950940908344573,0.06271598729633626,0.3245
0.32475,0.4951426127527321,0.06271353813965116,0.32475
0.325,0.49519072512394563,0.06271111331787109,0.325
0.32525,0.49523843078235086,0.06270871262345044,0.32525
0.3255,0.4952857325474849,0.06270633585032082,0.3255
0.32575,0.49533263322420806,0.06270398279388258,0.32575
0.326,0.4953791356027426,0.06270165325099646,0.326
0.32625,0.4954252424587129,0.0626993470199752,0.32625
0.3265,0.4954709565531848,0.0626970639005753,0.3265
0.32675,0.49551628063270586,0.06269480369398862,0.32675
0.327,0.49556121742934506,0.06269256620283427,0.327
0.32725,0.4956057696607338,0.06269035123115026,0.32725
0.3275,0.49564994003010565,0.06268815858438549,0.3275
0.32775,0.49569373122633853,0.06268598806939146,0.32775
0.328,0.49573714592399454,0.06268383949441429,0.328
0.32825,0.4957801867833619,0.06268171266908654,0.32825
0.3285,0.49582285645049623,0.06267960740441927,0.3285
0.32875,0.495865157557262,0.06267752351279404,0.32875
0.329,0.4959070927213752,0.06267546080795484,0.329
0.32925,0.49594866454644426,0.06267341910500031,0.32925
0.3295,0.4959898756220131,0.06267139822037573,0.3295
0.32975,0.49603072852360325,0.06266939797186526,0.32975
0.33,0.4960712258127567,0.062667418178584,0.33
0.33025,0.49611137003707806,0.06266545866097033,0.33025
0.3305,0.4961511637302782,0.06266351924077805,0.3305
0.33075,0.4961906094122168,0.06266159974106873,0.33075
0.331,0.49622970958894613,0.06265969998620396,0.331
0.33125,0.4962684667527538,0.06265781980183777,0.33125
0.3315,0.49630688338220696,0.06265595901490892,0.3315
0.33175,0.49634496194219524,0.06265411745363343,0.33175
0.332,0.49638270488397557,0.06265229494749691,0.332
0.33225,0.4964201146452152,0.06265049132724712,0.33225
0.3325,0.49645719365003643,0.06264870642488647,0.3325
0.33275,0.49649394430906063,0.06264694007366453,0.33275
0.333,0.4965303690194525,0.06264519210807067,0.333
0.33325,0.4965664701649646,0.06264346236382665,0.33325
0.3335,0.4966022501159823,0.06264175067787922,0.3335
0.33375,0.4966377112295679,0.0626400568883929,0.33375
0.334,0.4966728558495059,0.06263838083474262,0.334
0.33425,0.4967076863063476,0.06263672235750647,0.33425
0.3345,0.4967422049174567,0.06263508129845852,0.3345
0.33475,0.4967764139870537,0.06263345750056158,0.33475
0.335,0.4968103158062616,0.06263185080796009,0.335
0.33525,0.4968439126531511,0.06263026106597298,0.33525
0.3355,0.49687720679278585,0.06262868812108657,0.3355
0.33575,0.4969102004772686,0.06262713182094751,0.33575
0.336,0.4969428959457857,0.06262559201435576,0.336
0.33625,0.4969752954246536,0.06262406855125761,0.33625
0.3365,0.49700740112736425,0.06262256128273871,0.3365
0.33675,0.4970392152546311,0.0626210700610171,0.33675
0.337,0.49707073999443463,0.06261959473943635,0.337
0.33725,0.4971019775220689,0.06261813517245869,0.33725
0.3375,0.49713293000018655,0.06261669121565819,0.3375
0.33775,0.49716359957884604,0.06261526272571388,0.33775
0.338,0.497193988395557,0.06261384956040306,0.338
0.33825,0.49722409857532646,0.06261245157859452,0.33825
0.3385,0.4972539322307054,0.06261106864024182,0.3385
0.33875,0.4972834914618347,0.06260970060637666,0.33875
0.339,0.4973127783564918,0.06260834733910213,0.339
0.33925,0.4973417949901365,0.06260700870158621,0.33925
0.3395,0.497370543425958,0.0626056845580551,0.3395
0.33975,0.49739902571492095,0.06260437477378668,0.33975
0.34,0.4974272438958121,0.062603079215104,0.34
0.34025,0.49745519999528637,0.06260179774936878,0.34025
0.3405,0.49748289602791423,0.06260053024497492,0.3405
0.34075,0.49751033399622707,0.06259927657134211,0.34075
0.341,0.4975375158907651,0.06259803659890935,0.341
0.34125,0.49756444369012287,0.06259681019912866,0.34125
0.3415,0.4975911193609966,0.06259559724445866,0.3415
0.34175,0.49761754485822995,0.06259439760835835,0.34175
0.342,0.4976437221248619,0.06259321116528066,0.342
0.34225,0.4976696530921722,0.06259203779066638,0.34225
0.3425,0.4976953396797288,0.06259087736093781,0.3425
0.34275,0.49772078379543405,0.06258972975349261,0.34275
0.343,0.49774598733557196,0.06258859484669761,0.343
0.34325,0.49777095218485407,0.0625874725198827,0.34325
0.3435,0.4977956802164668,0.06258636265333467,0.3435
0.34375,0.4978201732921176,0.06258526512829121,0.34375
0.34400000000000003,0.4978444332620821,0.06258417982693477,0.34400000000000003
0.34425,0.49786846196525036,0.0625831066323866,0.34425
0.34450000000000003,0.49789226122917385,0.06258204542870072,0.34450000000000003
0.34475,0.4979158328701117,0.06258099610085797,0.34475
0.34500000000000003,0.49793917869307774,0.06257995853476009,0.34500000000000003
0.34525,0.49796230049188633,0.06257893261722379,0.34525
0.34550000000000003,0.4979852000492003,0.06257791823597485,0.34550000000000003
0.34575,0.49800787913657574,0.06257691527964233,0.34575
0.34600000000000003,0.4980303395145105,0.06257592363775269,0.34600000000000003
0.34625,0.4980525829324887,0.06257494320072403,0.34625
0.34650000000000003,0.4980746111290291,0.06257397385986029,0.34650000000000003
0.34675,0.4980964258317297,0.06257301550734556,0.34675
0.34700000000000003,0.49811802875731587,0.06257206803623834,0.34700000000000003
0.34725,0.4981394216116858,0.06257113134046582,0.34725
0.34750000000000003,0.4981606060899567,0.06257020531481834,0.34750000000000003
0.34775,0.49818158387651174,0.06256928985494362,0.34775
0.34800000000000003,0.4982023566450463,0.06256838485734123,0.34800000000000003
0.34825,0.4982229260586135,0.06256749021935708,0.34825
0.34850000000000003,0.4982432937696713,0.06256660583917774,0.34850000000000003
0.34875,0.49826346142012784,0.06256573161582504,0.34875
0.34900000000000003,0.4982834306413883,0.0625648674491505,0.34900000000000003
0.34925,0.4983032030544004,0.06256401323982995,0.34925
0.34950000000000003,0.498322780269701,0.06256316888935798,0.34950000000000003
0.34975,0.49834216388746133,0.06256233430004264,0.34975
0.35000000000000003,0.4983613554975336,0.062561509375,0.35000000000000003
0.35025,0.49838035667949643,0.0625606940181488,0.35025
0.35050000000000003,0.4983991690027011,0.06255988813420514,0.35050000000000003
0.35075,0.4984177940263164,0.06255909162867718,0.35075
0.35100000000000003,0.4984362332993759,0.0625583044078598,0.35100000000000003
0.35125,0.4984544883608221,0.06255752637882943,0.35125
0.35150000000000003,0.4984725607395525,0.06255675744943882,0.35150000000000003
0.35175,0.4984904519544654,0.0625559975283118,0.35175
0.352,0.49850816351450516,0.06255524652483813,0.352
0.35225,0.498525696918708,0.06255450434916832,0.35225
0.3525,0.4985430536562462,0.06255377091220861,0.3525
0.35275,0.49856023520647447,0.06255304612561578,0.35275
0.353,0.4985772430389751,0.06255232990179212,0.353
0.35325,0.49859407861360233,0.06255162215388037,0.35325
0.3535,0.49861074338052824,0.06255092279575873,0.3535
0.35375,0.49862723878028686,0.06255023174203589,0.35375
0.354,0.4986435662438202,0.06254954890804597,0.354
0.35425,0.49865972719252183,0.0625488742098437,0.35425
0.3545,0.49867572303828284,0.06254820756419942,0.3545
0.35475,0.49869155518353586,0.06254754888859422,0.35475
0.355,0.49870722502129944,0.0625468981012151,0.355
0.35525,0.49872273393522315,0.06254625512095008,0.35525
0.3555,0.498738083299632,0.06254561986738344,0.3555
0.35575,0.49875327447957013,0.06254499226079088,0.35575
0.356,0.4987683088308461,0.06254437222213481,0.356
0.35625,0.4987831877000763,0.06254375967305954,0.35625
0.3565,0.4987979124247291,0.06254315453588666,0.3565
0.35675,0.49881248433316977,0.06254255673361023,0.35675
0.357,0.49882690474470326,0.06254196618989222,0.357
0.35725,0.4988411749696186,0.06254138282905781,0.35725
0.3575,0.498855296309233,0.06254080657609082,0.3575
0.35775,0.49886927005593473,0.06254023735662904,0.35775
0.358,0.4988830974932275,0.06253967509695973,0.358
0.35825,0.4988967798957735,0.06253911972401506,0.35825
0.3585,0.4989103185294369,0.06253857116536755,0.3585
0.35875,0.49892371465132745,0.06253802934922562,0.35875
0.359,0.4989369695098431,0.06253749420442907,0.359
0.35925,0.4989500843447136,0.06253696566044471,0.35925
0.3595,0.4989630603870437,0.06253644364736183,0.3595
0.35975,0.4989758988593552,0.06253592809588787,0.35975
0.36,0.4989886009756311,0.062535418937344,0.36
0.36025,0.4990011679413571,0.06253491610366078,0.36025
0.3605,0.499013600953565,0.06253441952737386,0.3605
0.36075,0.49902590120087487,0.06253392914161959,0.36075
0.361,0.4990380698635377,0.06253344488013081,0.361
0.36125,0.49905010811347805,0.06253296667723252,0.36125
0.3615,0.4990620171143353,0.06253249446783771,0.3615
0.36175,0.4990737980215068,0.06253202818744308,0.36175
0.362,0.49908545198218923,0.0625315677721249,0.362
0.36225,0.49909698013542114,0.06253111315853475,0.36225
0.3625,0.4991083836121244,0.06253066428389549,0.3625
0.36275,0.49911966353514564,0.06253022108599703,0.36275
0.363,0.4991308210192985,0.06252978350319224,0.363
0.36325,0.4991418571714049,0.06252935147439295,0.36325
0.3635,0.49915277309033607,0.06252892493906578,0.3635
0.36375,0.4991635698670545,0.06252850383722816,0.36375
0.364,0.49917424858465453,0.06252808810944431,0.364
0.36425,0.49918481031840384,0.06252767769682122,0.36425
0.3645,0.4991952561357842,0.06252727254100471,0.3645
0.36475,0.4992055870965323,0.06252687258417547,0.36475
0.365,0.49921580425268086,0.06252647776904509,0.365
0.36525,0.49922590864859856,0.06252608803885223,0.36525
0.3655,0.49923590132103157,0.06252570333735867,0.3655
0.36575,0.49924578329914293,0.06252532360884545,0.36575
0.366,0.4992555556045537,0.06252494879810908,0.366
0.36625,0.49926521925138245,0.06252457885045765,0.36625
0.3665,0.4992747752462858,0.06252421371170708,0.3665
0.36675,0.49928422458849836,0.06252385332817731,0.36675
0.367,0.4992935682698725,0.06252349764668856,0.367
0.36725,0.49930280727491777,0.0625231466145576,0.36725
0.3675,0.499311942580841,0.06252280017959401,0.3675
0.36775,0.4993209751575856,0.06252245829009649,0.36775
0.368,0.49932990596787113,0.06252212089484921,0.368
0.36825,0.49933873596723205,0.06252178794311813,0.36825
0.3685,0.4993474661040575,0.06252145938464738,0.3685
0.36875,0.4993560973196299,0.06252113516965564,0.36875
0.369,0.49936463054816427,0.06252081524883256,0.369
0.36925,0.49937306671684656,0.06252049957333518,0.36925
0.3695,0.4993814067458728,0.06252018809478437,0.3695
0.36975,0.4993896515484875,0.0625198807652613,0.36975
0.37,0.4993978020310216,0.062519577537304,0.37
0.37025,0.4994058590929317,0.06251927836390374,0.37025
0.3705,0.4994138236268378,0.06251898319850166,0.3705
0.37075,0.49942169651856116,0.0625186919949853,0.37075
0.371,0.49942947864716286,0.06251840470768512,0.371
0.37125,0.499437170884981,0.06251812129137117,0.37125
0.3715,0.4994447740976691,0.06251784170124963,0.3715
0.37175,0.499452289144233,0.06251756589295947,0.37175
0.372,0.499459716877069,0.0625172938225691,0.372
0.37225,0.4994670581420008,0.06251702544657303,0.37225
0.3725,0.49947431377831686,0.06251676072188858,0.3725
0.37275,0.49948148461880776,0.06251649960585251,0.37275
0.373,0.4994885714898029,0.06251624205621785,0.373
0.37325,0.49949557521120747,0.06251598803115058,0.37325
0.3735,0.4995024965965392,0.06251573748922641,0.3735
0.37375,0.499509336452965,0.06251549038942758,0.37375
0.374,0.4995160955813375,0.06251524669113964,0.374
0.37425,0.49952277477623175,0.06251500635414825,0.37425
0.3745,0.49952937482598075,0.06251476933863608,0.3745
0.37475,0.4995358965127123,0.06251453560517962,0.37475
0.375,0.49954234061238456,0.0625143051147461,0.375
0.37525000000000003,0.49954870789482236,0.06251407782869031,0.37525000000000003
0.3755,0.4995549991237527,0.06251385370875162,0.3755
0.37575000000000003,0.49956121505684026,0.06251363271705082,0.37575000000000003
0.376,0.49956735644572337,0.06251341481608713,0.376
0.37625000000000003,0.499573424036049,0.06251319996873514,0.37625000000000003
0.3765,0.4995794185675084,0.0625129881382418,0.3765
0.37675000000000003,0.4995853407738719,0.06251277928822344,0.37675000000000003
0.377,0.4995911913830243,0.06251257338266278,0.377
0.37725000000000003,0.4995969711169994,0.062512370385906,0.37725000000000003
0.3775,0.49960268069201497,0.06251217026265976,0.3775
0.37775000000000003,0.4996083208185075,0.06251197297798831,0.37775000000000003
0.378,0.49961389220116675,0.06251177849731056,0.378
0.37825000000000003,0.49961939553897006,0.06251158678639719,0.37825000000000003
0.3785,0.49962483152521614,0.06251139781136787,0.3785
0.37875000000000003,0.4996302008475605,0.06251121153868824,0.37875000000000003
0.379,0.499635504188048,0.06251102793516726,0.379
0.37925000000000003,0.4996407422231479,0.06251084696795424,0.37925000000000003
0.3795,0.49964591562378696,0.06251066860453615,0.3795
0.37975000000000003,0.49965102505538367,0.06251049281273478,0.37975000000000003
0.38,0.499656071177881,0.062510319560704,0.38
0.38025000000000003,0.49966105464578076,0.062510148816927,0.38025000000000003
0.3805,0.49966597610817604,0.06250998055021355,0.3805
0.38075000000000003,0.49967083620878483,0.06250981472969733,0.38075000000000003
0.381,0.4996756355859831,0.06250965132483319,0.381
0.38125000000000003,0.49968037487283723,0.06250949030539449,0.38125000000000003
0.3815,0.49968505469713737,0.06250933164147043,0.3815
0.38175000000000003,0.49968967568142986,0.06250917530346342,0.38175000000000003
0.382,0.4996942384430498,0.0625090212620864,0.382
0.38225000000000003,0.4996987435941532,0.06250886948836033,0.38225000000000003
0.3825,0.4997031917417495,0.06250871995361149,0.3825
0.38275000000000003,0.4997075834877339,0.06250857262946892,0.38275000000000003
0.383,0.4997119194289191,0.06250842748786192,0.383
0.38325000000000004,0.4997162001570674,0.06250828450101745,0.38325000000000004
0.3835,0.49972042625892193,0.0625081436414576,0.3835
0.38375000000000004,0.49972459831623944,0.06250800488199708,0.38375000000000004
0.384,0.49972871690582077,0.06250786819574075,0.384
0.38425,0.49973278259954257,0.0625077335560811,0.38425
0.3845,0.49973679596438897,0.06250760093669579,0.3845
0.38475,0.4997407575624821,0.06250747031154523,0.38475
0.385,0.4997446679511139,0.0625073416548701,0.385
0.38525,0.49974852768277594,0.06250721494118897,0.38525
0.3855,0.49975233730519153,0.06250709014529586,0.3855
0.38575,0.4997560973613452,0.06250696724225792,0.38575
0.386,0.4997598083895138,0.06250684620741297,0.386
0.38625,0.4997634709232972,0.06250672701636717,0.38625
0.3865,0.4997670854916478,0.06250660964499276,0.3865
0.38675,0.49977065261890125,0.0625064940694256,0.38675
0.387,0.4997741728248064,0.06250638026606298,0.387
0.38725,0.4997776466245552,0.06250626821156122,0.38725
0.3875,0.4997810745288125,0.06250615788283348,0.3875
0.38775,0.49978445704374536,0.06250604925704745,0.38775
0.388,0.4997877946710532,0.06250594231162311,0.388
0.38825,0.49979108790799687,0.06250583702423047,0.38825
0.3885,0.4997943372474281,0.06250573337278739,0.3885
0.38875,0.49979754317781816,0.06250563133545738,0.38875
0.389,0.4998007061832879,0.06250553089064732,0.389
0.38925,0.49980382674363577,0.06250543201700541,0.38925
0.3895,0.49980690533436684,0.06250533469341894,0.3895
0.38975,0.49980994242672205,0.06250523889901212,0.38975
0.39,0.49981293848770575,0.062505144613144,0.39
0.39025,0.4998158939801152,0.06250505181540635,0.39025
0.3905,0.49981880936256806,0.06250496048562149,0.3905
0.39075,0.4998216850895311,0.06250487060384029,0.39075
0.391,0.49982452161134777,0.06250478215034005,0.391
0.39125,0.4998273193742668,0.06250469510562244,0.39125
0.3915,0.49983007882046954,0.06250460945041143,0.3915
0.39175,0.49983280038809763,0.06250452516565133,0.39175
0.392,0.4998354845112811,0.06250444223250468,0.392
0.39225,0.49983813162016516,0.06250436063235032,0.39225
0.3925,0.49984074214093815,0.06250428034678135,0.3925
0.39275,0.4998433164958579,0.06250420135760319,0.39275
0.393,0.49984585510327995,0.0625041236468316,0.393
0.39325,0.49984835837768377,0.0625040471966907,0.39325
0.3935,0.4998508267296999,0.06250397198961109,0.3935
0.39375,0.4998532605661362,0.0625038980082279,0.39375
0.394,0.49985566029000555,0.06250382523537887,0.394
0.39425,0.4998580263005508,0.06250375365410246,0.39425
0.3945,0.4998603589932728,0.06250368324763599,0.3945
0.39475,0.49986265875995534,0.06250361399941373,0.39475
0.395,0.49986492598869187,0.06250354589306509,0.395
0.39525,0.49986716106391155,0.06250347891241274,0.39525
0.3955,0.49986936436640494,0.0625034130414708,0.3955
0.39575,0.4998715362733501,0.06250334826444302,0.39575
0.396,0.4998736771583374,0.06250328456572098,0.396
0.39625,0.49987578739139654,0.06250322192988225,0.39625
0.3965,0.4998778673390206,0.06250316034168871,0.3965
0.39675,0.49987991736419146,0.06250309978608472,0.39675
0.397,0.4998819378264064,0.06250304024819534,0.397
0.39725,0.4998839290817013,0.06250298171332465,0.39725
0.3975,0.49988589148267665,0.06250292416695402,0.3975
0.39775,0.4998878253785222,0.06250286759474036,0.39775
0.398,0.49988973111504176,0.06250281198251441,0.398
0.39825,0.4998916090346775,0.06250275731627909,0.39825
0.3985,0.4998934594765347,0.06250270358220783,0.3985
0.39875,0.4998952827764057,0.06250265076664284,0.39875
0.399,0.49989707926679516,0.06250259885609351,0.399
0.39925,0.49989884927694295,0.06250254783723476,0.39925
0.3995,0.49990059313284846,0.06250249769690543,0.3995
0.39975,0.49990231115729566,0.06250244842210657,0.39975
0.4,0.4999040036698751,0.0625024,0.4
0.40025,0.49990567098700883,0.06250235241790655,0.40025
0.4005,0.4999073134219736,0.06250230566330459,0.4005
0.40075,0.49990893128492425,0.06250225972382839,0.40075
0.401,0.49991052488291704,0.06250221458726662,0.401
0.40125,0.4999120945199326,0.06250217024156081,0.40125
0.4015,0.4999136404968999,0.0625021266748037,0.4015
0.40175,0.499915163111718,0.0625020838752379,0.40175
0.402,0.4999166626592802,0.0625020418312542,0.402
0.40225,0.4999181394314954,0.06250200053139021,0.40225
0.4025,0.4999195937173121,0.0625019599643288,0.4025
0.40275,0.49992102580274017,0.0625019201188966,0.40275
0.403,0.4999224359708731,0.06250188098406265,0.403
0.40325,0.4999238245019109,0.0625018425489368,0.40325
0.4035,0.49992519167318206,0.06250180480276836,0.4035
0.40375,0.49992653775916546,0.06250176773494465,0.40375
0.404,0.49992786303151227,0.06250173133498955,0.404
0.40425,0.4999291677590682,0.06250169559256216,0.40425
0.4045,0.4999304522078949,0.0625016604974553,0.4045
0.40475,0.499931716641292,0.0625016260395942,0.40475
0.405,0.499932961319818,0.06250159220903509,0.405
0.40525,0.499934186501312,0.06250155899596387,0.40525
0.4055,0.49993539244091517,0.06250152639069469,0.4055
0.40575,0.49993657939109204,0.06250149438366866,0.40575
0.406,0.49993774760165066,0.0625014629654525,0.406
0.40625,0.49993889731976515,0.0625014321267372,0.40625
0.40650000000000003,0.4999400287899948,0.06250140185833673,0.40650000000000003
0.40675,0.499941142254306,0.06250137215118673,0.40675
0.40700000000000003,0.4999422379520927,0.06250134299634319,0.40700000000000003
0.40725,0.49994331612019655,0.06250131438498124,0.40725
0.40750000000000003,0.4999443769929278,0.06250128630839377,0.40750000000000003
0.40775,0.4999454208020853,0.06250125875799027,0.40775
0.40800000000000003,0.4999464477769766,0.06250123172529554,0.40800000000000003
0.40825,0.4999474581444386,0.06250120520194839,0.40825
0.40850000000000003,0.49994845212885697,0.06250117917970054,0.40850000000000003
0.40875,0.49994942995218605,0.06250115365041527,0.40875
0.40900000000000003,0.4999503918339696,0.06250112860606627,0.40900000000000003
0.40925,0.49995133799135855,0.06250110403873646,0.40925
0.40950000000000003,0.4999522686391329,0.06250107994061671,0.40950000000000003
0.40975,0.49995318398971933,0.06250105630400477,0.40975
0.41000000000000003,0.49995408425321125,0.062501033121304,0.41000000000000003
0.41025,0.49995496963738834,0.06250101038502229,0.41025
0.41050000000000003,0.49995584034773505,0.06250098808777084,0.41050000000000003
0.41075,0.49995669658746034,0.06250096622226305,0.41075
0.41100000000000003,0.499957538557516,0.06250094478131336,0.41100000000000003
0.41125,0.4999583664566156,0.06250092375783621,0.41125
0.41150000000000003,0.49995918048125365,0.0625009031448448,0.41150000000000003
0.41175,0.4999599808257238,0.06250088293545006,0.41175
0.41200000000000003,0.49996076768213743,0.06250086312285953,0.41200000000000003
0.41225,0.4999615412404421,0.06250084370037631,0.41225
0.41250000000000003,0.4999623016884401,0.06250082466139793,0.41250000000000003
0.41275,0.4999630492118058,0.06250080599941532,0.41275
0.41300000000000003,0.4999637839941053,0.0625007877080117,0.41300000000000003
0.41325,0.4999645062168127,0.06250076978086162,0.41325
0.41350000000000003,0.49996521605932925,0.06250075221172982,0.41350000000000003
0.41375,0.4999659136990005,0.06250073499447026,0.41375
0.41400000000000003,0.49996659931113435,0.06250071812302506,0.41400000000000003
0.41425,0.4999672730690185,0.06250070159142351,0.41425
0.41450000000000004,0.4999679351439379,0.06250068539378108,0.41450000000000004
0.41475,0.49996858570519215,0.06250066952429835,0.41475
0.41500000000000004,0.49996922492011303,0.0625006539772601,0.41500000000000004
0.41525,0.49996985295408114,0.06250063874703429,0.41525
0.41550000000000004,0.49997046997054384,0.0625006238280711,0.41550000000000004
0.41575,0.49997107613103137,0.06250060921490198,0.41575
0.41600000000000004,0.4999716715951741,0.06250059490213866,0.41600000000000004
0.41625,0.49997225652071975,0.06250058088447222,0.41625
0.4165,0.49997283106354945,0.06250056715667215,0.4165
0.41675,0.4999733953776946,0.06250055371358547,0.41675
0.417,0.49997394961535324,0.06250054055013571,0.417
0.41725,0.4999744939269067,0.06250052766132211,0.41725
0.4175,0.4999750284609359,0.0625005150422186,0.4175
0.41775,0.49997555336423716,0.062500502687973,0.41775
0.418,0.49997606878183876,0.06250049059380608,0.418
0.41825,0.4999765748570165,0.0625004787550107,0.41825
0.4185,0.49997707173131034,0.06250046716695093,0.4185
0.41875,0.4999775595445395,0.06250045582506117,0.41875
0.419,0.49997803843481836,0.06250044472484532,0.419
0.41925,0.4999785085385723,0.06250043386187594,0.41925
0.4195,0.49997896999055297,0.06250042323179336,0.4195
0.41975,0.49997942292385406,0.0625004128303049,0.41975
0.42,0.4999798674699264,0.062500402653184,0.42
0.42025,0.49998030375859315,0.06250039269626943,0.42025
0.4205,0.4999807319180652,0.06250038295546449,0.4205
0.42075,0.49998115207495586,0.06250037342673617,0.42075
0.421,0.49998156435429636,0.06250036410611438,0.421
0.42125,0.4999819688795504,0.06250035498969116,0.42125
0.4215,0.49998236577262833,0.06250034607361991,0.4215
0.42175,0.4999827551539033,0.06250033735411459,0.42175
0.422,0.49998313714222453,0.06250032882744896,0.422
0.42225,0.4999835118549322,0.06250032048995587,0.42225
0.4225,0.49998387940787253,0.0625003123380264,0.4225
0.42275,0.4999842399154107,0.06250030436810927,0.42275
0.423,0.4999845934904463,0.06250029657670997,0.423
0.42325,0.4999849402444272,0.06250028896039007,0.42325
0.4235,0.4999852802873632,0.06250028151576656,0.4235
0.42375,0.4999856137278403,0.062500274239511,0.42375
0.424,0.4999859406730344,0.06250026712834898,0.424
0.42425,0.4999862612287253,0.06250026017905928,0.42425
0.4245,0.49998657549931,0.06250025338847325,0.4245
0.42475,0.499986883587817,0.06250024675347406,0.42475
0.425,0.49998718559591887,0.0625002402709961,0.425
0.42525,0.49998748162394635,0.06250023393802424,0.42525
0.4255,0.4999877717709014,0.0625002277515932,0.4255
0.42575,0.49998805613447045,0.06250022170878687,0.42575
0.426,0.4999883348110377,0.06250021580673765,0.426
0.42625,0.499988607895698,0.06250021004262582,0.42625
0.4265,0.49998887548226995,0.06250020441367887,0.4265
0.42675,0.4999891376633087,0.06250019891717093,0.42675
0.427,0.49998939453011887,0.06250019355042205,0.427
0.42725,0.499989646172767,0.06250018831079765,0.42725
0.4275,0.4999898926800944,0.06250018319570787,0.4275
0.42775,0.49999013413973004,0.06250017820260696,0.42775
0.428,0.499990370638102,0.06250017332899271,0.428
0.42825,0.4999906022604508,0.06250016857240581,0.42825
0.4285,0.49999082909084147,0.06250016393042927,0.4285
0.42875,0.4999910512121754,0.06250015940068786,0.42875
0.429,0.49999126870620264,0.0625001549808475,0.429
0.42925,0.4999914816535341,0.06250015066861472,0.42925
0.4295,0.49999169013365335,0.06250014646173604,0.4295
0.42975,0.4999918942249284,0.0625001423579975,0.42975
0.43,0.49999209400462363,0.062500138355224,0.43
0.43025,0.4999922895489115,0.0625001344512788,0.43025
0.4305,0.4999924809328841,0.06250013064406301,0.4305
0.43075,0.49999266823056454,0.062500126931515,0.43075
0.431,0.4999928515149187,0.06250012331160987,0.431
0.43125,0.4999930308578664,0.06250011978235896,0.43125
0.4315,0.49999320633029254,0.06250011634180934,0.4315
0.43175,0.49999337800205873,0.06250011298804323,0.43175
0.432,0.49999354594201406,0.06250010971917752,0.432
0.43225,0.49999371021800637,0.0625001065333633,0.43225
0.4325,0.49999387089689296,0.06250010342878533,0.4325
0.43275,0.49999402804455145,0.06250010040366155,0.43275
0.433,0.49999418172589094,0.06250009745624262,0.433
0.43325,0.4999943320048628,0.06250009458481136,0.43325
0.4335,0.49999447894447063,0.06250009178768237,0.4335
0.43375,0.4999946226067811,0.06250008906320154,0.43375
0.434,0.4999947630529351,0.06250008640974551,0.434
0.43425,0.49999490034315736,0.06250008382572128,0.43425
0.4345,0.4999950345367669,0.06250008130956575,0.4345
0.43475,0.49999516569218755,0.06250007885974525,0.43475
0.435,0.49999529386695774,0.0625000764747551,0.435
0.43525,0.49999541911774154,0.06250007415311915,0.43525
0.4355,0.4999955415003371,0.0625000718933894,0.4355
0.43575,0.499995661069688,0.06250006969414551,0.43575
0.436,0.4999957778798926,0.06250006755399441,0.436
0.43625,0.49999589198421346,0.06250006547156987,0.43625
0.4365,0.4999960034350877,0.0625000634455321,0.4365
0.43675,0.49999611228413643,0.06250006147456728,0.43675
0.437,0.4999962185821738,0.06250005955738726,0.437
0.43725,0.4999963223792172,0.06250005769272905,0.43725
0.4375,0.4999964237244967,0.06250005587935448,0.4375
0.43775000000000003,0.49999652266646344,0.06250005411604981,0.43775000000000003
0.438,0.49999661925279987,0.06250005240162534,0.438
0.43825000000000003,0.49999671353042874,0.062500050734915,0.43825000000000003
0.4385,0.49999680554552184,0.06250004911477602,0.4385
0.43875000000000003,0.4999968953435092,0.06250004754008852,0.43875000000000003
0.439,0.49999698296908857,0.06250004600975512,0.439
0.43925000000000003,0.4999970684662335,0.06250004452270065,0.43925000000000003
0.4395,0.4999971518782025,0.06250004307787174,0.4395
0.43975000000000003,0.4999972332475483,0.06250004167423646,0.43975000000000003
0.44,0.49999731261612557,0.062500040310784,0.44
0.44025000000000003,0.4999973900251006,0.06250003898652427,0.44025000000000003
0.4405,0.49999746551495866,0.06250003770048763,0.4405
0.44075000000000003,0.4999975391255136,0.0625000364517245,0.44075000000000003
0.441,0.49999761089591555,0.06250003523930503,0.441
0.44125000000000003,0.49999768086465946,0.0625000340623188,0.44125000000000003
0.4415,0.4999977490695932,0.06250003291987447,0.4415
0.44175000000000003,0.49999781554792616,0.06250003181109945,0.44175000000000003
0.442,0.49999788033623693,0.06250003073513961,0.442
0.44225000000000003,0.49999794347048143,0.06250002969115896,0.44225000000000003
0.4425,0.499998004986001,0.06250002867833934,0.4425
0.44275000000000003,0.49999806491753057,0.06250002769588006,0.44275000000000003
0.443,0.499998123299206,0.0625000267429977,0.443
0.44325000000000003,0.4999981801645721,0.06250002581892575,0.44325000000000003
0.4435,0.49999823554659023,0.0625000249229143,0.4435
0.44375000000000003,0.4999982894776461,0.06250002405422982,0.44375000000000003
0.444,0.49999834198955745,0.06250002321215478,0.444
0.44425000000000003,0.4999983931135813,0.06250002239598745,0.44425000000000003
0.4445,0.4999984428804212,0.06250002160504159,0.4445
0.44475000000000003,0.49999849132023527,0.06250002083864617,0.44475000000000003
0.445,0.49999853846264286,0.0625000200961451,0.445
0.44525000000000003,0.49999858433673217,0.06250001937689696,0.44525000000000003
0.4455,0.4999986289710673,0.06250001868027477,0.4455
0.44575000000000004,0.49999867239369544,0.06250001800566567,0.44575000000000004
0.446,0.4999987146321537,0.06250001735247072,0.446
0.44625000000000004,0.4999987557134763,0.06250001672010462,0.44625000000000004
0.4465,0.4999987956642017,0.06250001610799544,0.4465
0.44675000000000004,0.49999883451037874,0.06250001551558441,0.44675000000000004
0.447,0.49999887227757417,0.0625000149423257,0.447
0.44725000000000004,0.4999989089908791,0.06250001438768608,0.44725000000000004
0.4475,0.49999894467491585,0.06250001385114479,0.4475
0.44775000000000004,0.49999897935384385,0.06250001333219325,0.44775000000000004
0.448,0.4999990130513673,0.06250001283033485,0.448
0.44825,0.49999904579074056,0.06250001234508472,0.44825
0.4485,0.4999990775947754,0.06250001187596951,0.4485
0.44875,0.499999108485847,0.06250001142252716,0.44875
0.449,0.49999913848590005,0.0625000109843067,0.449
0.44925,0.49999916761645535,0.062500010560868,0.44925
0.4495,0.499999195898616,0.06250001015178161,0.4495
0.44975,0.499999223353073,0.06250000975662853,0.44975
0.45,0.499999250000112,0.062500009375,0.45
0.45025,0.4999992758596188,0.06250000900649728,0.45025
0.4505,0.4999993009510854,0.0625000086507315,0.4505
0.45075,0.49999932529361607,0.06250000830732345,0.45075
0.451,0.49999934890593273,0.06250000797590334,0.451
0.45125,0.4999993718063815,0.06250000765611066,0.45125
0.4515,0.4999993940129373,0.06250000734759399,0.4515
0.45175,0.49999941554321065,0.06250000705001081,0.45175
0.452,0.49999943641445216,0.0625000067630273,0.452
0.45225,0.49999945664355894,0.06250000648631819,0.45225
0.4525,0.49999947624707985,0.06250000621956654,0.4525
0.45275,0.4999994952412203,0.06250000596246365,0.45275
0.453,0.4999995136418485,0.0625000057147088,0.453
0.45325,0.4999995314645005,0.06250000547600913,0.45325
0.4535,0.4999995487243848,0.06250000524607946,0.4535
0.45375,0.4999995654363882,0.06250000502464216,0.45375
0.454,0.4999995816150811,0.06250000481142694,0.454
0.45425,0.499999597274722,0.06250000460617071,0.45425
0.4545,0.49999961242926266,0.06250000440861744,0.4545
0.45475,0.4999996270923535,0.06250000421851803,0.45475
0.455,0.49999964127734803,0.0625000040356301,0.455
0.45525,0.499999654997308,0.06250000385971785,0.45525
0.4555,0.49999966826500775,0.062500003690552,0.4555
0.45575,0.49999968109293996,0.06250000352790955,0.45575
0.456,0.4999996934933192,0.06250000337157367,0.456
0.45625,0.49999970547808725,0.06250000322133359,0.45625
0.4565,0.4999997170589177,0.06250000307698442,0.4565
0.45675,0.49999972824722017,0.06250000293832707,0.45675
0.457,0.499999739054145,0.06250000280516807,0.457
0.45725,0.4999997494905877,0.06250000267731946,0.45725
0.4575,0.49999975956719356,0.06250000255459867,0.4575
0.45775,0.49999976929436135,0.0625000024368284,0.45775
0.458,0.4999997786822482,0.06250000232383648,0.458
0.45825,0.4999997877407739,0.06250000221545575,0.45825
0.4585,0.4999997964796244,0.06250000211152397,0.4585
0.45875,0.4999998049082568,0.06250000201188366,0.45875
0.459,0.4999998130359028,0.06250000191638205,0.459
0.45925,0.4999998208715731,0.06250000182487091,0.45925
0.4595,0.49999982842406143,0.06250000173720642,0.4595
0.45975,0.4999998357019479,0.06250000165324919,0.45975
0.46,0.49999984271360387,0.062500001572864,0.46
0.46025,0.4999998494671953,0.06250000149591978,0.46025
0.4605,0.49999985597068586,0.06250000142228951,0.4605
0.46075,0.49999986223184223,0.06250000135185008,0.46075
0.461,0.4999998682582363,0.06250000128448223,0.461
0.46125,0.4999998740572498,0.06250000122007042,0.46125
0.4615,0.49999987963607767,0.06250000115850278,0.4615
0.46175,0.49999988500173137,0.06250000109967097,0.46175
0.462,0.49999989016104257,0.06250000104347012,0.462
0.46225,0.49999989512066667,0.06250000098979873,0.46225
0.4625,0.4999998998870865,0.06250000093855858,0.4625
0.46275,0.49999990446661496,0.06250000088965466,0.46275
0.463,0.49999990886539925,0.06250000084299506,0.463
0.46325,0.4999999130894233,0.06250000079849094,0.46325
0.4635,0.49999991714451203,0.06250000075605634,0.4635
0.46375,0.49999992103633367,0.06250000071560824,0.46375
0.464,0.4999999247704033,0.06250000067706638,0.464
0.46425,0.49999992835208584,0.06250000064035324,0.46425
0.4645,0.4999999317865995,0.06250000060539393,0.4645
0.46475,0.49999993507901824,0.06250000057211616,0.46475
0.465,0.49999993823427563,0.06250000054045009,0.465
0.46525,0.49999994125716635,0.06250000051032838,0.46525
0.4655,0.499999944152351,0.06250000048168598,0.4655
0.46575,0.49999994692435745,0.06250000045446019,0.46575
0.466,0.4999999495775842,0.06250000042859054,0.466
0.46625,0.49999995211630344,0.0625000004040187,0.46625
0.4665,0.49999995454466317,0.06250000038068845,0.4665
0.46675,0.49999995686669085,0.06250000035854564,0.46675
0.467,0.49999995908629496,0.06250000033753807,0.467
0.46725,0.4999999612072685,0.06250000031761549,0.46725
0.4675,0.499999963233291,0.06250000029872951,0.4675
0.46775,0.49999996516793166,0.06250000028083355,0.46775
0.468,0.4999999670146513,0.06250000026388279,0.468
0.46825,0.49999996877680514,0.06250000024783411,0.46825
0.4685,0.4999999704576453,0.06250000023264604,0.4685
0.46875,0.4999999720603229,0.06250000021827873,0.46875
0.46900000000000003,0.4999999735878906,0.06250000020469385,0.46900000000000003
0.46925,0.49999997504330496,0.06250000019185459,0.46925
0.46950000000000003,0.4999999764294288,0.06250000017972561,0.46950000000000003
0.46975,0.49999997774903326,0.06250000016827294,0.46975
0.47000000000000003,0.49999997900480003,0.062500000157464,0.47000000000000003
0.47025,0.4999999801993238,0.06250000014726753,0.47025
0.47050000000000003,0.49999998133511386,0.06250000013765354,0.47050000000000003
0.47075,0.49999998241459703,0.06250000012859326,0.47075
0.47100000000000003,0.49999998344011876,0.06250000012005914,0.47100000000000003
0.47125,0.49999998441394605,0.06250000011202476,0.47125
0.47150000000000003,0.4999999853382687,0.06250000010446484,0.47150000000000003
0.47175,0.4999999862152022,0.06250000009735514,0.47175
0.47200000000000003,0.49999998704678855,0.06250000009067248,0.47200000000000003
0.47225,0.49999998783499905,0.0625000000843947,0.47225
0.47250000000000003,0.4999999885817357,0.06250000007850057,0.47250000000000003
0.47275,0.49999998928883327,0.06250000007296982,0.47275
0.47300000000000003,0.499999989958061,0.06250000006778308,0.47300000000000003
0.47325,0.4999999905911241,0.06250000006292186,0.47325
0.47350000000000003,0.4999999911896664,0.06250000005836846,0.47350000000000003
0.47375,0.4999999917552709,0.06250000005410604,0.47375
0.47400000000000003,0.49999999228946224,0.06250000005011849,0.47400000000000003
0.47425,0.4999999927937078,0.0625000000463905,0.47425
0.47450000000000003,0.49999999326941996,0.06250000004290744,0.47450000000000003
0.47475,0.499999993717957,0.06250000003965539,0.47475
0.47500000000000003,0.499999994140625,0.0625000000366211,0.47500000000000003
0.47525,0.49999999453867966,0.06250000003379191,0.47525
0.47550000000000003,0.499999994913327,0.06250000003115587,0.47550000000000003
0.47575,0.4999999952657255,0.06250000002870154,0.47575
0.47600000000000003,0.49999999559698743,0.06250000002641808,0.47600000000000003
0.47625,0.49999999590817995,0.06250000002429518,0.47625
0.47650000000000003,0.49999999620032654,0.06250000002232309,0.47650000000000003
0.47675,0.49999999647440896,0.0625000000204925,0.47675
0.47700000000000004,0.49999999673136764,0.06250000001879463,0.47700000000000004
0.47725,0.49999999697210346,0.06250000001722116,0.47725
0.47750000000000004,0.4999999971974791,0.06250000001576418,0.47750000000000004
0.47775,0.49999999740832024,0.06250000001441622,0.47775
0.47800000000000004,0.49999999760541636,0.06250000001317021,0.47800000000000004
0.47825,0.4999999977895227,0.06250000001201947,0.47825
0.47850000000000004,0.49999999796136035,0.0625000000109577,0.47850000000000004
0.47875,0.49999999812161855,0.0625000000099789,0.47875
0.47900000000000004,0.499999998270955,0.06250000000907749,0.47900000000000004
0.47925,0.49999999840999704,0.06250000000824814,0.47925
0.47950000000000004,0.4999999985393429,0.06250000000748587,0.47950000000000004
0.47975,0.49999999865956296,0.06250000000678596,0.47975
0.48,0.4999999987712,0.062500000006144,0.48
0.48025,0.499999998874771,0.06250000000555582,0.48025
0.4805,0.4999999989707674,0.06250000000501751,0.4805
0.48075,0.4999999990596568,0.06250000000452541,0.48075
0.481,0.4999999991418831,0.06250000000407606,0.481
0.48125,0.49999999921786786,0.06250000000366625,0.48125
0.4815,0.4999999992880109,0.06250000000329295,0.4815
0.48175,0.4999999993526915,0.06250000000295335,0.48175
0.482,0.49999999941226875,0.06250000000264479,0.482
0.48225,0.4999999994670828,0.06250000000236482,0.48225
0.4825,0.4999999995174553,0.06250000000211113,0.4825
0.48275,0.4999999995636902,0.06250000000188159,0.48275
0.483,0.49999999960607483,0.06250000000167419,0.483
0.48325,0.49999999964488023,0.06250000000148706,0.48325
0.4835,0.49999999968036163,0.06250000000131851,0.4835
0.48375,0.4999999997127601,0.06250000000116691,0.48375
0.484,0.499999999742302,0.06250000000103079,0.484
0.48425,0.49999999976920034,0.06250000000090877,0.48425
0.4845,0.4999999997936554,0.06250000000079958,0.4845
0.48475,0.49999999981585497,0.06250000000070205,0.48475
0.485,0.499999999835975,0.06250000000061509,0.485
0.48525,0.4999999998541806,0.06250000000053771,0.48525
0.4855,0.4999999998706259,0.06250000000046899,0.4855
0.48575,0.49999999988545524,0.06250000000040806,0.48575
0.486,0.49999999989880306,0.06250000000035419,0.486
0.48625,0.4999999999107948,0.06250000000030664,0.48625
0.4865,0.49999999992154737,0.06250000000026477,0.4865
0.48675,0.49999999993116934,0.062500000000228,0.48675
0.487,0.4999999999397614,0.06250000000019577,0.487
0.48725,0.4999999999474174,0.0625000000001676,0.48725
0.4875,0.4999999999542236,0.06250000000014305,0.4875
0.48775,0.4999999999602603,0.06250000000012171,0.48775
0.488,0.49999999996560146,0.0625000000001032,0.488
0.48825,0.49999999997031513,0.0625000000000872,0.48825
0.4885,0.4999999999744638,0.06250000000007341,0.4885
0.48875,0.4999999999781053,0.06250000000006158,0.48875
0.489,0.4999999999812923,0.06250000000005144,0.489
0.48925,0.4999999999840732,0.0625000000000428,0.48925
0.4895,0.49999999998649186,0.06250000000003546,0.4895
0.48975,0.49999999998858863,0.06250000000002924,0.48975
0.49,0.49999999999040007,0.062500000000024,0.49
0.49025,0.49999999999195915,0.0625000000000196,0.49025
0.4905,0.49999999999329603,0.06250000000001592,0.4905
0.49075,0.49999999999443756,0.06250000000001286,0.49075
0.491,0.4999999999954084,0.06250000000001033,0.491
0.49125,0.4999999999962301,0.06250000000000824,0.49125
0.4915,0.49999999999692246,0.06250000000000654,0.4915
0.49175,0.49999999999750283,0.06250000000000515,0.49175
0.492,0.4999999999979867,0.06250000000000402,0.492
0.49225,0.49999999999838796,0.06250000000000312,0.49225
0.4925,0.4999999999987186,0.0625000000000024,0.4925
0.49275,0.49999999999898925,0.06250000000000183,0.49275
0.493,0.49999999999920935,0.06250000000000139,0.493
0.49325,0.49999999999938705,0.06250000000000104,0.49325
0.4935,0.4999999999995294,0.06250000000000076,0.4935
0.49375,0.49999999999964245,0.06250000000000056,0.49375
0.494,0.49999999999973127,0.0625000000000004,0.494
0.49425,0.49999999999980044,0.06250000000000029,0.49425
0.4945,0.4999999999998539,0.0625000000000002,0.4945
0.49475,0.4999999999998945,0.06250000000000014,0.49475
0.495,0.499999999999925,0.0625000000000001,0.495
0.49525,0.49999999999994765,0.06250000000000006,0.49525
0.4955,0.49999999999996414,0.06250000000000004,0.4955
0.49575,0.49999999999997596,0.06250000000000003,0.49575
0.496,0.4999999999999843,0.06250000000000001,0.496
0.49625,0.49999999999998995,0.06250000000000001,0.49625
0.4965,0.4999999999999939,0.0625,0.4965
0.49675,0.49999999999999634,0.0625,0.49675
0.497,0.4999999999999979,0.0625,0.497
0.49725,0.49999999999999883,0.0625,0.49725
0.4975,0.4999999999999994,0.0625,0.4975
0.49775,0.4999999999999997,0.0625,0.49775
0.498,0.4999999999999999,0.0625,0.498
0.49825,0.49999999999999994,0.0625,0.49825
0.4985,0.5,0.0625,0.4985
0.49875,0.5,0.0625,0.49875
0.499,0.5,0.0625,0.499
0.49925,0.5,0.0625,0.49925
0.4995,0.5,0.0625,0.4995
0.49975,0.5,0.0625,0.49975
0.5,0.5,0.0625,0.5
