quench,g0,g1,sites,correlation_distance,scaled_time,time,phase_shift_scaled,sigma_z_correlation,spin_z_correlation,absolute_spin_z_correlation,cluster_magnetization
g0_0.1_g1_2.5,0.1,2.5,256,48,0.016666666666666663,0.0,-0.016666666666666663,0.9974905699336912,0.2493726424834228,0.2493726424834228,0.4993722484113658
g0_0.1_g1_2.5,0.1,2.5,256,48,0.033333333333333326,0.023784828469387228,-0.016666666666666663,0.9941092452137017,0.24852731130342542,0.24852731130342542,0.49852513607984245
g0_0.1_g1_2.5,0.1,2.5,256,48,0.049999999999999996,0.047569656938774456,-0.016666666666666663,0.9840186998707088,0.2460046749676772,0.2460046749676772,0.49598858350538394
g0_0.1_g1_2.5,0.1,2.5,256,48,0.06666666666666667,0.07135448540816168,-0.016666666666666663,0.9673780128886313,0.24184450322215784,0.24184450322215784,0.4917768835784759
g0_0.1_g1_2.5,0.1,2.5,256,48,0.08333333333333333,0.09513931387754891,-0.016666666666666663,0.9444483324590307,0.23611208311475768,0.23611208311475768,0.4859136580862465
g0_0.1_g1_2.5,0.1,2.5,256,48,0.09999999999999999,0.11892414234693613,-0.016666666666666663,0.9155870437721463,0.22889676094303657,0.22889676094303657,0.4784315634895304
g0_0.1_g1_2.5,0.1,2.5,256,48,0.11666666666666667,0.14270897081632336,-0.016666666666666663,0.881239882494591,0.22030997062364774,0.22030997062364774,0.4693718894689452
g0_0.1_g1_2.5,0.1,2.5,256,48,0.13333333333333333,0.1664937992857106,-0.016666666666666663,0.8419312558267469,0.21048281395668672,0.21048281395668672,0.4587840602687573
g0_0.1_g1_2.5,0.1,2.5,256,48,0.15,0.19027862775509782,-0.016666666666666663,0.7982530852564159,0.19956327131410398,0.19956327131410398,0.446725051137838
g0_0.1_g1_2.5,0.1,2.5,256,48,0.16666666666666666,0.21406345622448505,-0.016666666666666663,0.7508525224280798,0.18771313060701994,0.18771313060701994,0.4332587340227776
g0_0.1_g1_2.5,0.1,2.5,256,48,0.18333333333333332,0.23784828469387226,-0.016666666666666663,0.7004189106725442,0.17510472766813606,0.17510472766813606,0.41845516805045685
g0_0.1_g1_2.5,0.1,2.5,256,48,0.19999999999999998,0.2616331131632595,-0.016666666666666663,0.6476703694126466,0.16191759235316164,0.16191759235316164,0.40238985120547166
g0_0.1_g1_2.5,0.1,2.5,256,48,0.21666666666666667,0.2854179416326467,-0.016666666666666663,0.59334036755189,0.1483350918879725,0.1483350918879725,0.38514294993933423
g0_0.1_g1_2.5,0.1,2.5,256,48,0.23333333333333334,0.30920277010203395,-0.016666666666666663,0.5381646266118236,0.1345411566529559,0.1345411566529559,0.3667985232426051
g0_0.1_g1_2.5,0.1,2.5,256,48,0.25,0.3329875985714212,-0.016666666666666663,0.48286865707296056,0.12071716426824014,0.12071716426824014,0.34744375698555896
g0_0.1_g1_2.5,0.1,2.5,256,48,0.26666666666666666,0.3567724270408084,-0.016666666666666663,0.4281561848895824,0.1070390462223956,0.1070390462223956,0.32716822312442817
g0_0.1_g1_2.5,0.1,2.5,256,48,0.2833333333333333,0.38055725551019565,-0.016666666666666663,0.3746986726085773,0.09367466815214433,0.09367466815214433,0.30606317673340633
g0_0.1_g1_2.5,0.1,2.5,256,48,0.3,0.4043420839795829,-0.016666666666666663,0.32312608413879224,0.08078152103469806,0.08078152103469806,0.2842209018258475
g0_0.1_g1_2.5,0.1,2.5,256,48,0.31666666666666665,0.4281269124489701,-0.016666666666666663,0.2740189870926086,0.06850474677315214,0.06850474677315214,0.2617341146529282
g0_0.1_g1_2.5,0.1,2.5,256,48,0.3333333333333333,0.4519117409183573,-0.016666666666666663,0.2279020345554417,0.056975508638860424,0.056975508638860424,0.23869543070377452
g0_0.1_g1_2.5,0.1,2.5,256,48,0.35,0.4756965693877445,-0.016666666666666663,0.1852388214825218,0.04630970537063045,0.04630970537063045,0.21519689907298956
g0_0.1_g1_2.5,0.1,2.5,256,48,0.36666666666666664,0.49948139785713175,-0.016666666666666663,0.14642807146522513,0.03660701786630628,0.03660701786630628,0.19132960530536378
g0_0.1_g1_2.5,0.1,2.5,256,48,0.3833333333333333,0.523266226326519,-0.016666666666666663,0.11180107852331539,0.027950269630828847,0.027950269630828847,0.16718334136758017
g0_0.1_g1_2.5,0.1,2.5,256,48,0.39999999999999997,0.5470510547959062,-0.016666666666666663,0.08162030640072745,0.020405076600181864,0.020405076600181864,0.14284633912068542
g0_0.1_g1_2.5,0.1,2.5,256,48,0.4166666666666667,0.5708358832652934,-0.016666666666666663,0.056079034500942586,0.014019758625235646,0.014019758625235646,0.11840506165378085
g0_0.1_g1_2.5,0.1,2.5,256,48,0.43333333333333335,0.5946207117346807,-0.016666666666666663,0.035301934480736666,0.008825483620184166,0.008825483620184166,0.09394404515552951
g0_0.1_g1_2.5,0.1,2.5,256,48,0.45,0.6184055402040679,-0.016666666666666663,0.019346463564265507,0.004836615891066377,0.004836615891066377,0.06954578269792049
g0_0.1_g1_2.5,0.1,2.5,256,48,0.4666666666666667,0.6421903686734551,-0.016666666666666663,0.00820496843968554,0.002051242109921385,0.002051242109921385,0.045290640422954775
g0_0.1_g1_2.5,0.1,2.5,256,48,0.48333333333333334,0.6659751971428424,-0.016666666666666663,0.001807405534701154,0.0004518513836752885,0.0004518513836752885,0.021256796176171246
g0_0.1_g1_2.5,0.1,2.5,256,48,0.5,0.6897600256122296,-0.016666666666666663,2.4597818175226237e-05,6.149454543806559e-06,6.149454543806559e-06,0.002479809376505896
g0_0.1_g1_2.5,0.1,2.5,256,48,0.5166666666666666,0.7135448540816168,-0.016666666666666663,0.0026719633466229325,0.0006679908366557331,0.0006679908366557331,0.025845518695815202
g0_0.1_g1_2.5,0.1,2.5,256,48,0.5333333333333332,0.737329682551004,-0.016666666666666663,0.009513665001641759,0.0023784162504104397,0.0023784162504104397,0.04876900911860359
g0_0.1_g1_2.5,0.1,2.5,256,48,0.55,0.7611145110203913,-0.016666666666666663,0.0202671429028364,0.0050667857257091,0.0050667857257091,0.07118135799286987
g0_0.1_g1_2.5,0.1,2.5,256,48,0.5666666666666667,0.7848993394897785,-0.016666666666666663,0.03460799977971322,0.008651999944928305,0.008651999944928305,0.09301612733783483
g0_0.1_g1_2.5,0.1,2.5,256,48,0.5833333333333333,0.8086841679591658,-0.016666666666666663,0.05217521443858605,0.013043803609646512,0.013043803609646512,0.11420947250402005
g0_0.1_g1_2.5,0.1,2.5,256,48,0.6000000000000001,0.832468996428553,-0.016666666666666663,0.07257665903200683,0.018144164758001707,0.018144164758001707,0.13470027749786453
g0_0.1_g1_2.5,0.1,2.5,256,48,0.6166666666666667,0.8562538248979402,-0.016666666666666663,0.09539489217021516,0.02384872304255379,0.02384872304255379,0.15443031775708352
g0_0.1_g1_2.5,0.1,2.5,256,48,0.6333333333333333,0.8800386533673275,-0.016666666666666663,0.12019319240651984,0.03004829810162996,0.03004829810162996,0.1733444492957013
g0_0.1_g1_2.5,0.1,2.5,256,48,0.6499999999999999,0.9038234818367146,-0.016666666666666663,0.14652178599954988,0.03663044649988747,0.03663044649988747,0.19139082135747124
g0_0.1_g1_2.5,0.1,2.5,256,48,0.6666666666666667,0.9276083103061019,-0.016666666666666663,0.17392421008266506,0.043481052520666266,0.043481052520666266,0.2085211080938001
g0_0.1_g1_2.5,0.1,2.5,256,48,0.6833333333333333,0.951393138775489,-0.016666666666666663,0.20194373861760123,0.05048593465440031,0.05048593465440031,0.2246907533798405
g0_0.1_g1_2.5,0.1,2.5,256,48,0.7,0.9751779672448764,-0.016666666666666663,0.2301297850372902,0.05753244625932255,0.05753244625932255,0.23985922175168198
g0_0.1_g1_2.5,0.1,2.5,256,48,0.7166666666666666,0.9989627957142635,-0.016666666666666663,0.25804418356162145,0.06451104589040536,0.06451104589040536,0.25399024762853667
g0_0.1_g1_2.5,0.1,2.5,256,48,0.7333333333333334,1.0227476241836508,-0.016666666666666663,0.2852672419844768,0.0713168104961192,0.0713168104961192,0.2670520745025569
g0_0.1_g1_2.5,0.1,2.5,256,48,0.75,1.046532452653038,-0.016666666666666663,0.3114034532944979,0.07785086332362448,0.07785086332362448,0.2790176756473046
g0_0.1_g1_2.5,0.1,2.5,256,48,0.7666666666666666,1.0703172811224253,-0.016666666666666663,0.3360867525761349,0.08402168814403373,0.08402168814403373,0.28986494811210567
g0_0.1_g1_2.5,0.1,2.5,256,48,0.7833333333333332,1.0941021095918124,-0.016666666666666663,0.35898520970989883,0.08974630242747471,0.08974630242747471,0.2995768723173982
g0_0.1_g1_2.5,0.1,2.5,256,48,0.8,1.1178869380611998,-0.016666666666666663,0.37980505758468164,0.09495126439617041,0.09495126439617041,0.3081416304172002
g0_0.1_g1_2.5,0.1,2.5,256,48,0.8166666666666667,1.1416717665305869,-0.016666666666666663,0.39829396963797675,0.09957349240949419,0.09957349240949419,0.315552677709276
g0_0.1_g1_2.5,0.1,2.5,256,48,0.8333333333333333,1.1654565949999742,-0.016666666666666663,0.4142435190074979,0.10356087975187447,0.10356087975187447,0.32180876270212794
g0_0.1_g1_2.5,0.1,2.5,256,48,0.8500000000000001,1.1892414234693613,-0.016666666666666663,0.42749077357549503,0.10687269339387376,0.10687269339387376,0.3269138929349344
g0_0.1_g1_2.5,0.1,2.5,256,48,0.8666666666666667,1.2130262519387487,-0.016666666666666663,0.43791900564596953,0.10947975141149238,0.10947975141149238,0.3308772452307538
g0_0.1_g1_2.5,0.1,2.5,256,48,0.8833333333333333,1.2368110804081358,-0.016666666666666663,0.44545752069162287,0.11136438017290572,0.11136438017290572,0.3337130206823008
g0_0.1_g1_2.5,0.1,2.5,256,48,0.8999999999999999,1.260595908877523,-0.016666666666666663,0.45008063524680814,0.11252015881170203,0.11252015881170203,0.335440246261092
g0_0.1_g1_2.5,0.1,2.5,256,48,0.9166666666666667,1.2843807373469103,-0.016666666666666663,0.4518058583282303,0.11295146458205757,0.11295146458205757,0.3360825264456002
g0_0.1_g1_2.5,0.1,2.5,256,48,0.9333333333333333,1.3081655658162974,-0.016666666666666663,0.45069135256111226,0.11267283814027806,0.11267283814027806,0.33566774962792906
g0_0.1_g1_2.5,0.1,2.5,256,48,0.95,1.3319503942856847,-0.016666666666666663,0.4468327694790402,0.11170819236976005,0.11170819236976005,0.33422775523549814
g0_0.1_g1_2.5,0.1,2.5,256,48,0.9666666666666666,1.3557352227550719,-0.016666666666666663,0.44035956748411803,0.11008989187102951,0.11008989187102951,0.3317979684552476
g0_0.1_g1_2.5,0.1,2.5,256,48,0.9833333333333334,1.3795200512244592,-0.016666666666666663,0.4314309302143099,0.10785773255357747,0.10785773255357747,0.32841701014651703
g0_0.1_g1_2.5,0.1,2.5,256,48,1.0,1.4033048796938463,-0.016666666666666663,0.420231407364105,0.10505785184102626,0.10505785184102626,0.3241262899565943
g0_0.1_g1_2.5,0.1,2.5,256,48,1.0166666666666666,1.4270897081632337,-0.016666666666666663,0.4069663994331402,0.10174159985828506,0.10174159985828506,0.31896959080496223
g0_0.1_g1_2.5,0.1,2.5,256,48,1.0333333333333332,1.4508745366326208,-0.016666666666666663,0.3918576027848847,0.09796440069622117,0.09796440069622117,0.3129926527831303
g0_0.1_g1_2.5,0.1,2.5,256,48,1.0499999999999998,1.474659365102008,-0.016666666666666663,0.3751385223556685,0.09378463058891713,0.09378463058891713,0.3062427641413216
g0_0.1_g1_2.5,0.1,2.5,256,48,1.0666666666666667,1.4984441935713955,-0.016666666666666663,0.3570501471089479,0.08926253677723697,0.08926253677723697,0.29876836642662985
g0_0.1_g1_2.5,0.1,2.5,256,48,1.0833333333333333,1.5222290220407826,-0.016666666666666663,0.3378368687311768,0.0844592171827942,0.0844592171827942,0.29061868003071345
g0_0.1_g1_2.5,0.1,2.5,256,48,1.0999999999999999,1.5460138505101697,-0.016666666666666663,0.3177427080187281,0.07943567700468203,0.07943567700468203,0.2818433554382328
g0_0.1_g1_2.5,0.1,2.5,256,48,1.1166666666666667,1.569798678979557,-0.016666666666666663,0.29700789680001893,0.07425197420000473,0.07425197420000473,0.2724921543824789
g0_0.1_g1_2.5,0.1,2.5,256,48,1.1333333333333333,1.5935835074489444,-0.016666666666666663,0.27586584690290306,0.06896646172572576,0.06896646172572576,0.26261466395790956
g0_0.1_g1_2.5,0.1,2.5,256,48,1.15,1.6173683359183315,-0.016666666666666663,0.25454052233695307,0.06363513058423827,0.06363513058423827,0.25226004555664033
g0_0.1_g1_2.5,0.1,2.5,256,48,1.1666666666666665,1.6411531643877186,-0.016666666666666663,0.23324421709921705,0.058311054274804264,0.058311054274804264,0.2414768193322172
g0_0.1_g1_2.5,0.1,2.5,256,48,1.1833333333333333,1.664937992857106,-0.016666666666666663,0.21217572926074948,0.05304393231518737,0.05304393231518737,0.23031268379137823
g0_0.1_g1_2.5,0.1,2.5,256,48,1.2,1.688722821326493,-0.016666666666666663,0.1915189125153609,0.04787972812884023,0.04787972812884023,0.21881436910961818
g0_0.1_g1_2.5,0.1,2.5,256,48,1.2166666666666666,1.7125076497958804,-0.016666666666666663,0.17144157928233938,0.042860394820584846,0.042860394820584846,0.20702752189161916
g0_0.1_g1_2.5,0.1,2.5,256,48,1.2333333333333332,1.7362924782652676,-0.016666666666666663,0.15209472471316984,0.03802368117829246,0.03802368117829246,0.19499661837655663
g0_0.1_g1_2.5,0.1,2.5,256,48,1.25,1.760077306734655,-0.016666666666666663,0.1336120384002175,0.03340300960005437,0.03340300960005437,0.18276490253890207
g0_0.1_g1_2.5,0.1,2.5,256,48,1.2666666666666666,1.783862135204042,-0.016666666666666663,0.11610966996348147,0.02902741749087037,0.02902741749087037,0.1703743451663729
g0_0.1_g1_2.5,0.1,2.5,256,48,1.2833333333333332,1.8076469636734291,-0.016666666666666663,0.09968621567209628,0.02492155391802407,0.02492155391802407,0.1578656198100906
g0_0.1_g1_2.5,0.1,2.5,256,48,1.2999999999999998,1.8314317921428163,-0.016666666666666663,0.08442289546964944,0.02110572386741236,0.02110572386741236,0.14527809149149903
g0_0.1_g1_2.5,0.1,2.5,256,48,1.3166666666666667,1.8552166206122038,-0.016666666666666663,0.0703838928335493,0.017595973208387326,0.017595973208387326,0.13264981420411914
g0_0.1_g1_2.5,0.1,2.5,256,48,1.3333333333333333,1.879001449081591,-0.016666666666666663,0.05761683343449244,0.01440420835862311,0.01440420835862311,0.12001753354665771
g0_0.1_g1_2.5,0.1,2.5,256,48,1.3499999999999999,1.902786277550978,-0.016666666666666663,0.046153382231727345,0.011538345557931836,0.011538345557931836,0.10741669124457258
g0_0.1_g1_2.5,0.1,2.5,256,48,1.3666666666666667,1.9265711060203656,-0.016666666666666663,0.03600994214941571,0.009002485537353928,0.009002485537353928,0.09488142883280125
g0_0.1_g1_2.5,0.1,2.5,256,48,1.3833333333333333,1.9503559344897528,-0.016666666666666663,0.027188440595444254,0.0067971101488610635,0.0067971101488610635,0.08244458835400334
g0_0.1_g1_2.5,0.1,2.5,256,48,1.4,1.9741407629591399,-0.016666666666666663,0.01967719263948094,0.004919298159870235,0.004919298159870235,0.07013770854447866
g0_0.1_g1_2.5,0.1,2.5,256,48,1.4166666666666665,1.997925591428527,-0.016666666666666663,0.013451831563304805,0.003362957890826201,0.003362957890826201,0.05799101560436928
g0_0.1_g1_2.5,0.1,2.5,256,48,1.4333333333333333,2.0217104198979143,-0.016666666666666663,0.008476298701144759,0.0021190746752861897,0.0021190746752861897,0.046033408251901026
g0_0.1_g1_2.5,0.1,2.5,256,48,1.45,2.0454952483673017,-0.016666666666666663,0.004703885028932754,0.0011759712572331886,0.0011759712572331886,0.034292437318353276
g0_0.1_g1_2.5,0.1,2.5,256,48,1.4666666666666666,2.0692800768366886,-0.016666666666666663,0.0020783169176721225,0.0005195792294180306,0.0005195792294180306,0.02279428062953579
g0_0.1_g1_2.5,0.1,2.5,256,48,1.4833333333333332,2.093064905306076,-0.016666666666666663,0.0005348779558527685,0.00013371948896319212,0.00013371948896319212,0.011563714323831773
g0_0.1_g1_2.5,0.1,2.5,256,48,1.5,2.1168497337754633,-0.016666666666666663,1.5579136906843607e-06,3.894784226710902e-07,3.894784226710902e-07,0.000624082064051748
g0_0.1_g1_2.5,0.1,2.5,256,48,1.5166666666666666,2.1406345622448506,-0.016666666666666663,0.00040021892568349945,0.00010005473142087486,0.00010005473142087486,0.010002736196705123
g0_0.1_g1_2.5,0.1,2.5,256,48,1.5333333333333332,2.1644193907142375,-0.016666666666666663,0.001647767965232487,0.0004119419913081218,0.0004119419913081218,0.020296354138320552
g0_0.1_g1_2.5,0.1,2.5,256,48,1.5499999999999998,2.188204219183625,-0.016666666666666663,0.003657323821559436,0.000914330955389859,0.000914330955389859,0.030237905935925177
g0_0.1_g1_2.5,0.1,2.5,256,48,1.5666666666666667,2.211989047653012,-0.016666666666666663,0.006339366188459067,0.0015848415471147667,0.0015848415471147667,0.039810068413841826
g0_0.1_g1_2.5,0.1,2.5,256,48,1.5833333333333333,2.2357738761223995,-0.016666666666666663,0.009602854230522569,0.0024007135576306422,0.0024007135576306422,0.048997077031498956
g0_0.1_g1_2.5,0.1,2.5,256,48,1.5999999999999999,2.2595587045917864,-0.016666666666666663,0.013356302164732875,0.003339075541183219,0.003339075541183219,0.057784734499547706
g0_0.1_g1_2.5,0.1,2.5,256,48,1.6166666666666667,2.2833435330611738,-0.016666666666666663,0.017508800006704905,0.004377200001676226,0.004377200001676226,0.06616041113593707
g0_0.1_g1_2.5,0.1,2.5,256,48,1.6333333333333333,2.307128361530561,-0.016666666666666663,0.021970968668612523,0.005492742167153131,0.005492742167153131,0.07411303641838682
g0_0.1_g1_2.5,0.1,2.5,256,48,1.65,2.3309131899999485,-0.016666666666666663,0.026655840015219676,0.006663960003804919,0.006663960003804919,0.0816330815527928
g0_0.1_g1_2.5,0.1,2.5,256,48,1.6666666666666665,2.3546980184693354,-0.016666666666666663,0.031479654213926136,0.007869913553481534,0.007869913553481534,0.08871253323787757
g0_0.1_g1_2.5,0.1,2.5,256,48,1.6833333333333333,2.3784828469387227,-0.016666666666666663,0.03636256866344365,0.009090642165860913,0.009090642165860913,0.09534485914752254
g0_0.1_g1_2.5,0.1,2.5,256,48,1.7,2.40226767540811,-0.016666666666666663,0.041229274851023734,0.010307318712755933,0.010307318712755933,0.10152496595791566
g0_0.1_g1_2.5,0.1,2.5,256,48,1.7166666666666666,2.4260525038774974,-0.016666666666666663,0.04600952156424728,0.01150238039106182,0.01150238039106182,0.10724915100392086
g0_0.1_g1_2.5,0.1,2.5,256,48,1.7333333333333332,2.4498373323468843,-0.016666666666666663,0.05063854486863097,0.012659636217157743,0.012659636217157743,0.1125150488475108
g0_0.1_g1_2.5,0.1,2.5,256,48,1.75,2.4736221608162716,-0.016666666666666663,0.055057407066535856,0.013764351766633964,0.013764351766633964,0.1173215741738661
g0_0.1_g1_2.5,0.1,2.5,256,48,1.7666666666666666,2.497406989285659,-0.016666666666666663,0.059213248402422834,0.014803312100605709,0.014803312100605709,0.1216688624940897
g0_0.1_g1_2.5,0.1,2.5,256,48,1.7833333333333332,2.521191817755046,-0.016666666666666663,0.06305945652154583,0.01576486413038646,0.01576486413038646,0.12555821012736068
g0_0.1_g1_2.5,0.1,2.5,256,48,1.7999999999999998,2.544976646224433,-0.016666666666666663,0.0665557595933268,0.0166389398983317,0.0166389398983317,0.12899201486267164
g0_0.1_g1_2.5,0.1,2.5,256,48,1.8166666666666667,2.5687614746938205,-0.016666666666666663,0.06966824956974546,0.017417062392436365,0.017417062392436365,0.13197371856713125
g0_0.1_g1_2.5,0.1,2.5,256,48,1.8333333333333333,2.592546303163208,-0.016666666666666663,0.07236934227756313,0.018092335569390782,0.018092335569390782,0.13450775282261904
g0_0.1_g1_2.5,0.1,2.5,256,48,1.8499999999999999,2.616331131632595,-0.016666666666666663,0.07463768097486326,0.018659420243715814,0.018659420243715814,0.13659948844602535
g0_0.1_g1_2.5,0.1,2.5,256,48,1.8666666666666665,2.640115960101982,-0.016666666666666663,0.07645798968608142,0.019114497421520354,0.019114497421520354,0.13825518949218635
g0_0.1_g1_2.5,0.1,2.5,256,48,1.8833333333333333,2.6639007885713695,-0.016666666666666663,0.07782088212580712,0.01945522053145178,0.01945522053145178,0.1394819720661125
g0_0.1_g1_2.5,0.1,2.5,256,48,1.9,2.687685617040757,-0.016666666666666663,0.0787226313959743,0.019680657848993574,0.019680657848993574,0.14028776799490958
g0_0.1_g1_2.5,0.1,2.5,256,48,1.9166666666666665,2.7114704455101437,-0.016666666666666663,0.07916490496150563,0.01979122624037641,0.01979122624037641,0.14068129314296343
g0_0.1_g1_2.5,0.1,2.5,256,48,1.9333333333333333,2.7352552739795315,-0.016666666666666663,0.07915446874001628,0.01978861718500407,0.01978861718500407,0.14067201990802602
g0_0.1_g1_2.5,0.1,2.5,256,48,1.95,2.7590401024489184,-0.016666666666666663,0.07870286353889165,0.019675715884722913,0.019675715884722913,0.1402701532212855
g0_0.1_g1_2.5,0.1,2.5,256,48,1.9666666666666666,2.7828249309183057,-0.016666666666666663,0.0778260565842026,0.01945651414605065,0.01945651414605065,0.13948660919977462
g0_0.1_g1_2.5,0.1,2.5,256,48,1.9833333333333332,2.8066097593876926,-0.016666666666666663,0.07654407054396871,0.019136017635992177,0.019136017635992177,0.13833299547104508
g0_0.1_g1_2.5,0.1,2.5,256,48,2.0,2.83039458785708,-0.016666666666666663,0.07488059227204662,0.018720148068011654,0.018720148068011654,0.1368215921118142
g0_0.1_g1_2.5,0.1,2.5,256,48,2.0166666666666666,2.8541794163264673,-0.016666666666666663,0.07286256349296662,0.018215640873241654,0.018215640873241654,0.13496533211622033
g0_0.1_g1_2.5,0.1,2.5,256,48,2.033333333333333,2.8779642447958547,-0.016666666666666663,0.07051975580194388,0.01762993895048597,0.01762993895048597,0.13277778033423351
g0_0.1_g1_2.5,0.1,2.5,256,48,2.05,2.9017490732652416,-0.016666666666666663,0.06788433264613121,0.016971083161532802,0.016971083161532802,0.1302731098943017
g0_0.1_g1_2.5,0.1,2.5,256,48,2.0666666666666664,2.925533901734629,-0.016666666666666663,0.06499040134915696,0.01624760033728924,0.01624760033728924,0.12746607524078413
g0_0.1_g1_2.5,0.1,2.5,256,48,2.083333333333333,2.949318730204016,-0.016666666666666663,0.06187355870127059,0.015468389675317648,0.015468389675317648,0.12437198107016567
g0_0.1_g1_2.5,0.1,2.5,256,48,2.1,2.9731035586734036,-0.016666666666666663,0.058570434116313005,0.014642608529078251,0.014642608529078251,0.1210066466318204
g0_0.1_g1_2.5,0.1,2.5,256,48,2.1166666666666667,2.996888387142791,-0.016666666666666663,0.055118234808674255,0.013779558702168564,0.013779558702168564,0.11738636506071974
g0_0.1_g1_2.5,0.1,2.5,256,48,2.1333333333333333,3.020673215612178,-0.016666666666666663,0.05155429782429211,0.012888574456073028,0.012888574456073028,0.11352785762125976
g0_0.1_g1_2.5,0.1,2.5,256,48,2.15,3.044458044081565,-0.016666666666666663,0.04791565403112334,0.011978913507780835,0.011978913507780835,0.10944822295396502
g0_0.1_g1_2.5,0.1,2.5,256,48,2.1666666666666665,3.068242872550952,-0.016666666666666663,0.04423860930554535,0.011059652326386338,0.011059652326386338,0.10516488162113025
g0_0.1_g1_2.5,0.1,2.5,256,48,2.183333333333333,3.0920277010203394,-0.016666666666666663,0.040558348120474964,0.010139587030118741,0.010139587030118741,0.10069551643503667
g0_0.1_g1_2.5,0.1,2.5,256,48,2.1999999999999997,3.1158125294897263,-0.016666666666666663,0.036908564538281265,0.009227141134570316,0.009227141134570316,0.09605800921615186
g0_0.1_g1_2.5,0.1,2.5,256,48,2.216666666666667,3.139597357959114,-0.016666666666666663,0.03332112523725904,0.00833028130931476,0.00833028130931476,0.091270374762651
g0_0.1_g1_2.5,0.1,2.5,256,48,2.2333333333333334,3.1633821864285014,-0.016666666666666663,0.02982576866585109,0.007456442166462772,0.007456442166462772,0.08635069291246465
g0_0.1_g1_2.5,0.1,2.5,256,48,2.25,3.187167014897889,-0.016666666666666663,0.026449843744653475,0.006612460936163369,0.006612460936163369,0.0813170396421523
g0_0.1_g1_2.5,0.1,2.5,256,48,2.2666666666666666,3.2109518433672757,-0.016666666666666663,0.023218090751065353,0.005804522687766338,0.005804522687766338,0.07618741817233564
g0_0.1_g1_2.5,0.1,2.5,256,48,2.283333333333333,3.234736671836663,-0.016666666666666663,0.02015246615934243,0.005038116539835607,0.005038116539835607,0.07097969103789906
g0_0.1_g1_2.5,0.1,2.5,256,48,2.3,3.25852150030605,-0.016666666666666663,0.017272012307088747,0.004318003076772187,0.004318003076772187,0.0657115140350014
g0_0.1_g1_2.5,0.1,2.5,256,48,2.3166666666666664,3.2823063287754373,-0.016666666666666663,0.01459277185581803,0.0036481929639545075,0.0036481929639545075,0.06040027287980169
g0_0.1_g1_2.5,0.1,2.5,256,48,2.333333333333333,3.306091157244824,-0.016666666666666663,0.012127746144395796,0.003031936536098949,0.003031936536098949,0.05506302331055705
g0_0.1_g1_2.5,0.1,2.5,256,48,2.35,3.329875985714212,-0.016666666666666663,0.009886895732308974,0.0024717239330772434,0.0024717239330772434,0.049716435241047234
g0_0.1_g1_2.5,0.1,2.5,256,48,2.3666666666666667,3.3536608141835993,-0.016666666666666663,0.00787718072173784,0.00196929518043446,0.00196929518043446,0.04437674143551394
g0_0.1_g1_2.5,0.1,2.5,256,48,2.3833333333333333,3.377445642652986,-0.016666666666666663,0.006102637853414081,0.0015256594633535202,0.0015256594633535202,0.03905969102992905
g0_0.1_g1_2.5,0.1,2.5,256,48,2.4,3.4012304711223735,-0.016666666666666663,0.004564490904057319,0.0011411227260143297,0.0011411227260143297,0.0337805080780963
g0_0.1_g1_2.5,0.1,2.5,256,48,2.4166666666666665,3.425015299591761,-0.016666666666666663,0.0032612905779734838,0.0008153226444933709,0.0008153226444933709,0.028553855159914415
g0_0.1_g1_2.5,0.1,2.5,256,48,2.433333333333333,3.4488001280611478,-0.016666666666666663,0.0021890798803657304,0.0005472699700914326,0.0005472699700914326,0.02339380195888288
g0_0.1_g1_2.5,0.1,2.5,256,48,2.4499999999999997,3.472584956530535,-0.016666666666666663,0.00134158087683296,0.00033539521920824,0.00033539521920824,0.018313798601279855
g0_0.1_g1_2.5,0.1,2.5,256,48,2.466666666666667,3.496369784999923,-0.016666666666666663,0.0007103987691703216,0.0001775996922925804,0.0001775996922925804,0.013326653454359065
g0_0.1_g1_2.5,0.1,2.5,256,48,2.4833333333333334,3.52015461346931,-0.016666666666666663,0.0002852393348851887,7.130983372129718e-05,7.130983372129718e-05,0.008444515008056838
g0_0.1_g1_2.5,0.1,2.5,256,48,2.5,3.543939441938697,-0.016666666666666663,5.4135967539680186e-05,1.3533991884920046e-05,1.3533991884920046e-05,0.003678857415682218
g0_0.1_g1_2.5,0.1,2.5,256,48,2.5166666666666666,3.567724270408084,-0.016666666666666663,3.6827970848238617e-06,9.206992712059654e-07,9.206992712059654e-07,0.0009595307557373893
g0_0.1_g1_2.5,0.1,2.5,256,48,2.533333333333333,3.5915090988774714,-0.016666666666666663,0.00011927064433601824,2.981766108400456e-05,2.981766108400456e-05,0.0054605550161137065
g0_0.1_g1_2.5,0.1,2.5,256,48,2.55,3.6152939273468583,-0.016666666666666663,0.0003853228540188378,9.633071350470945e-05,9.633071350470945e-05,0.009814821114249075
g0_0.1_g1_2.5,0.1,2.5,256,48,2.5666666666666664,3.6390787558162456,-0.016666666666666663,0.0007855283414626303,0.00019638208536565757,0.00019638208536565757,0.014013639262006767
g0_0.1_g1_2.5,0.1,2.5,256,48,2.583333333333333,3.6628635842856325,-0.016666666666666663,0.0013030694674513938,0.00032576736686284845,0.00032576736686284845,0.01804902675666609
g0_0.1_g1_2.5,0.1,2.5,256,48,2.6,3.6866484127550203,-0.016666666666666663,0.0019208426160288487,0.00048021065400721217,0.00048021065400721217,0.021913709270847147
g0_0.1_g1_2.5,0.1,2.5,256,48,2.6166666666666667,3.7104332412244077,-0.016666666666666663,0.0026216695869393466,0.0006554173967348367,0.0006554173967348367,0.02560112100543327
g0_0.1_g1_2.5,0.1,2.5,256,48,2.6333333333333333,3.734218069693795,-0.016666666666666663,0.003388498127035504,0.000847124531758876,0.000847124531758876,0.029105403824013092
g0_0.1_g1_2.5,0.1,2.5,256,48,2.65,3.758002898163182,-0.016666666666666663,0.00420459011548886,0.001051147528872215,0.001051147528872215,0.03242140541173709
g0_0.1_g1_2.5,0.1,2.5,256,48,2.6666666666666665,3.7817877266325692,-0.016666666666666663,0.005053696090382758,0.0012634240225956894,0.0012634240225956894,0.035544676431157586
g0_0.1_g1_2.5,0.1,2.5,256,48,2.683333333333333,3.805572555101956,-0.016666666666666663,0.005920214965132589,0.0014800537412831473,0.0014800537412831473,0.03847146658607061
g0_0.1_g1_2.5,0.1,2.5,256,48,2.6999999999999997,3.8293573835713435,-0.016666666666666663,0.006789337938769679,0.0016973344846924197,0.0016973344846924197,0.04119871945452212
g0_0.1_g1_2.5,0.1,2.5,256,48,2.716666666666667,3.8531422120407313,-0.016666666666666663,0.007647175760950104,0.001911793940237526,0.001911793940237526,0.04372406591612365
g0_0.1_g1_2.5,0.1,2.5,256,48,2.7333333333333334,3.876927040510118,-0.016666666666666663,0.008480868676332886,0.0021202171690832216,0.0021202171690832216,0.04604581597803672
g0_0.1_g1_2.5,0.1,2.5,256,48,2.75,3.9007118689795055,-0.016666666666666663,0.009278678548062682,0.0023196696370156706,0.0023196696370156706,0.04816294879900597
g0_0.1_g1_2.5,0.1,2.5,256,48,2.7666666666666666,3.9244966974488924,-0.016666666666666663,0.010030062849016296,0.002507515712254074,0.002507515712254074,0.050075100721357256
g0_0.1_g1_2.5,0.1,2.5,256,48,2.783333333333333,3.9482815259182797,-0.016666666666666663,0.0107257304127497,0.002681432603187425,0.002681432603187425,0.05178255114599343
g0_0.1_g1_2.5,0.1,2.5,256,48,2.8,3.9720663543876666,-0.016666666666666663,0.01135767905207971,0.0028394197630199273,0.0028394197630199273,0.05328620612334797
g0_0.1_g1_2.5,0.1,2.5,256,48,2.8166666666666664,3.995851182857054,-0.016666666666666663,0.011919215378407974,0.0029798038446019934,0.0029798038446019934,0.05458757958182423
g0_0.1_g1_2.5,0.1,2.5,256,48,2.833333333333333,4.019636011326441,-0.016666666666666663,0.012404957383971384,0.003101239345992846,0.003101239345992846,0.05568877217171201
g0_0.1_g1_2.5,0.1,2.5,256,48,2.85,4.043420839795829,-0.016666666666666663,0.012810820575668071,0.0032027051439170178,0.0032027051439170178,0.05659244776396421
g0_0.1_g1_2.5,0.1,2.5,256,48,2.8666666666666667,4.067205668265216,-0.016666666666666663,0.013133988665702836,0.003283497166425709,0.003283497166425709,0.05730180770643897
g0_0.1_g1_2.5,0.1,2.5,256,48,2.8833333333333333,4.090990496734603,-0.016666666666666663,0.01337287002352648,0.00334321750588162,0.00334321750588162,0.057820563002115605
g0_0.1_g1_2.5,0.1,2.5,256,48,2.9,4.114775325203991,-0.016666666666666663,0.013527041268308901,0.0033817603170772253,0.0033817603170772253,0.05815290463147327
g0_0.1_g1_2.5,0.1,2.5,256,48,2.9166666666666665,4.138560153673377,-0.016666666666666663,0.01359717952522504,0.00339929488130626,0.00339929488130626,0.05830347229201928
g0_0.1_g1_2.5,0.1,2.5,256,48,2.933333333333333,4.1623449821427645,-0.016666666666666663,0.013584984977155982,0.0033962462442889956,0.0033962462442889956,0.058277321869566
g0_0.1_g1_2.5,0.1,2.5,256,48,2.9499999999999997,4.186129810612152,-0.016666666666666663,0.013493095412721832,0.003373273853180458,0.003373273853180458,0.05807989198664593
g0_0.1_g1_2.5,0.1,2.5,256,48,2.966666666666667,4.209914639081539,-0.016666666666666663,0.013324994500266082,0.0033312486250665204,0.0033312486250665204,0.057716969992078766
g0_0.1_g1_2.5,0.1,2.5,256,48,2.9833333333333334,4.2336994675509265,-0.016666666666666663,0.013084915505919366,0.0032712288764798416,0.0032712288764798416,0.057194657761716186
g0_0.1_g1_2.5,0.1,2.5,256,48,3.0,4.257484296020314,-0.016666666666666663,0.01277774212427144,0.00319443553106786,0.00319443553106786,0.056519337673648126
g0_0.1_g1_2.5,0.1,2.5,256,48,3.0166666666666666,4.281269124489701,-0.016666666666666663,0.012408908006288615,0.003102227001572154,0.003102227001572154,0.05569763910231881
g0_0.1_g1_2.5,0.1,2.5,256,48,3.033333333333333,4.3050539529590885,-0.016666666666666663,0.011984296456036284,0.002996074114009071,0.002996074114009071,0.05473640574616743
g0_0.1_g1_2.5,0.1,2.5,256,48,3.05,4.328838781428475,-0.016666666666666663,0.011510141631557093,0.002877535407889273,0.002877535407889273,0.05364266406405701
g0_0.1_g1_2.5,0.1,2.5,256,48,3.0666666666666664,4.352623609897862,-0.016666666666666663,0.010992932432634904,0.002748233108158726,0.002748233108158726,0.052423593048919546
g0_0.1_g1_2.5,0.1,2.5,256,48,3.083333333333333,4.37640843836725,-0.016666666666666663,0.010439320095953959,0.0026098300239884896,0.0026098300239884896,0.05108649551484707
g0_0.1_g1_2.5,0.1,2.5,256,48,3.1,4.400193266836637,-0.016666666666666663,0.009856030352974285,0.0024640075882435713,0.0024640075882435713,0.04963877101866616
g0_0.1_g1_2.5,0.1,2.5,256,48,3.1166666666666667,4.423978095306024,-0.016666666666666663,0.009249780843746596,0.002312445210936649,0.002312445210936649,0.04808789048124953
g0_0.1_g1_2.5,0.1,2.5,256,48,3.1333333333333333,4.447762923775412,-0.016666666666666663,0.008627204326080457,0.0021568010815201143,0.0021568010815201143,0.046441372519770714
g0_0.1_g1_2.5,0.1,2.5,256,48,3.15,4.471547752244799,-0.016666666666666663,0.007994778078078612,0.001998694519519653,0.001998694519519653,0.044706761451928645
g0_0.1_g1_2.5,0.1,2.5,256,48,3.1666666666666665,4.4953325807141855,-0.016666666666666663,0.007358759766018537,0.0018396899415046343,0.0018396899415046343,0.0428916068888149
g0_0.1_g1_2.5,0.1,2.5,256,48,3.183333333333333,4.519117409183573,-0.016666666666666663,0.006725129940568085,0.0016812824851420213,0.0016812824851420213,0.04100344479604148
g0_0.1_g1_2.5,0.1,2.5,256,48,3.1999999999999997,4.54290223765296,-0.016666666666666663,0.0060995412329115095,0.0015248853082278774,0.0015248853082278774,0.03904977987425636
g0_0.1_g1_2.5,0.1,2.5,256,48,3.216666666666667,4.5666870661223475,-0.016666666666666663,0.005487274247933537,0.0013718185619833842,0.0013718185619833842,0.03703806909091488
g0_0.1_g1_2.5,0.1,2.5,256,48,3.2333333333333334,4.590471894591735,-0.016666666666666663,0.004893200092691424,0.001223300023172856,0.001223300023172856,0.0349757061854776
g0_0.1_g1_2.5,0.1,2.5,256,48,3.25,4.614256723061122,-0.016666666666666663,0.004321749432809962,0.0010804373582024905,0.0010804373582024905,0.03287000696991849
g0_0.1_g1_2.5,0.1,2.5,256,48,3.2666666666666666,4.63804155153051,-0.016666666666666663,0.0037768879345147967,0.0009442219836286992,0.0009442219836286992,0.030728195254988523
g0_0.1_g1_2.5,0.1,2.5,256,48,3.283333333333333,4.661826379999897,-0.016666666666666663,0.003262097922915622,0.0008155244807289054,0.0008155244807289054,0.02855738924917517
g0_0.1_g1_2.5,0.1,2.5,256,48,3.3,4.685611208469283,-0.016666666666666663,0.0027803660650095015,0.0006950915162523754,0.0006950915162523754,0.02636458830045285
g0_0.1_g1_2.5,0.1,2.5,256,48,3.3166666666666664,4.709396036938671,-0.016666666666666663,0.002334176866096487,0.0005835442165241217,0.0005835442165241217,0.024156659879298745
g0_0.1_g1_2.5,0.1,2.5,256,48,3.333333333333333,4.733180865408058,-0.016666666666666663,0.0019255117486664973,0.0004813779371666243,0.0004813779371666243,0.021940326733360747
g0_0.1_g1_2.5,0.1,2.5,256,48,3.35,4.756965693877445,-0.016666666666666663,0.0015558534616674949,0.0003889633654168737,0.0003889633654168737,0.019722154177900388
g0_0.1_g1_2.5,0.1,2.5,256,48,3.3666666666666667,4.780750522346833,-0.016666666666666663,0.0012261955443533252,0.0003065488860883313,0.0003065488860883313,0.01750853751997383
g0_0.1_g1_2.5,0.1,2.5,256,48,3.3833333333333333,4.80453535081622,-0.016666666666666663,0.0009370565422308817,0.00023426413555772044,0.00023426413555772044,0.015305689646589613
g0_0.1_g1_2.5,0.1,2.5,256,48,3.4,4.828320179285607,-0.016666666666666663,0.0006884986432106099,0.00017212466080265249,0.00017212466080265249,0.013119628836314406
g0_0.1_g1_2.5,0.1,2.5,256,48,3.4166666666666665,4.852105007754995,-0.016666666666666663,0.0004801503706963125,0.00012003759267407813,0.00012003759267407813,0.010956166878707084
g0_0.1_g1_2.5,0.1,2.5,256,48,3.433333333333333,4.875889836224381,-0.016666666666666663,0.0003112329382676404,7.78082345669101e-05,7.78082345669101e-05,0.008820897605511023
g0_0.1_g1_2.5,0.1,2.5,256,48,3.4499999999999997,4.8996746646937686,-0.016666666666666663,0.00018058983937869347,4.5147459844673366e-05,4.5147459844673366e-05,0.006719185951041493
g0_0.1_g1_2.5,0.1,2.5,256,48,3.4666666666666663,4.923459493163156,-0.016666666666666663,8.671921685104312e-05,2.167980421276078e-05,2.167980421276078e-05,0.0046561576662266044
g0_0.1_g1_2.5,0.1,2.5,256,48,3.4833333333333334,4.947244321632543,-0.016666666666666663,2.780853264320153e-05,6.9521331608003825e-06,6.9521331608003825e-06,0.0026366898112596374
g0_0.1_g1_2.5,0.1,2.5,256,48,3.5,4.971029150101931,-0.016666666666666663,1.77104006363447e-06,4.427600159086175e-07,4.427600159086175e-07,0.0006654021460054194
g0_0.1_g1_2.5,0.1,2.5,256,48,3.5166666666666666,4.994813978571318,-0.016666666666666663,6.283549645619717e-06,1.5708874114049292e-06,1.5708874114049292e-06,0.0012533504742907825
g0_0.1_g1_2.5,0.1,2.5,256,48,3.533333333333333,5.018598807040705,-0.016666666666666663,3.882497734715398e-05,9.706244336788495e-06,9.706244336788495e-06,0.0031154846070536916
g0_0.1_g1_2.5,0.1,2.5,256,48,3.55,5.042383635510092,-0.016666666666666663,9.671517017902231e-05,2.4178792544755577e-05,2.4178792544755577e-05,0.004917193563889424
g0_0.1_g1_2.5,0.1,2.5,256,48,3.5666666666666664,5.066168463979479,-0.016666666666666663,0.00017715351993665283,4.428837998416321e-05,4.428837998416321e-05,0.006654951538829055
g0_0.1_g1_2.5,0.1,2.5,256,48,3.583333333333333,5.089953292448866,-0.016666666666666663,0.0002772569000890727,6.931422502226817e-05,6.931422502226817e-05,0.008325516501831474
g0_0.1_g1_2.5,0.1,2.5,256,48,3.6,5.113738120918254,-0.016666666666666663,0.0003940964933018337,9.852412332545843e-05,9.852412332545843e-05,0.009925931861818236
g0_0.1_g1_2.5,0.1,2.5,256,48,3.6166666666666667,5.137522949387641,-0.016666666666666663,0.0005247331164071923,0.00013118327910179806,0.00013118327910179806,0.011453526928496657
g0_0.1_g1_2.5,0.1,2.5,256,48,3.6333333333333333,5.161307777857028,-0.016666666666666663,0.0006662506944647072,0.0001665626736161768,0.0001665626736161768,0.012905916225366442
g0_0.1_g1_2.5,0.1,2.5,256,48,3.65,5.185092606326416,-0.016666666666666663,0.0008157875842674433,0.00020394689606686084,0.00020394689606686084,0.014280997726589723
g0_0.1_g1_2.5,0.1,2.5,256,48,3.6666666666666665,5.208877434795803,-0.016666666666666663,0.0009705654985491382,0.00024264137463728456,0.00024264137463728456,0.015576950107042282
g0_0.1_g1_2.5,0.1,2.5,256,48,3.683333333333333,5.23266226326519,-0.016666666666666663,0.0011279158335612276,0.0002819789583903069,0.0002819789583903069,0.016792229107247997
g0_0.1_g1_2.5,0.1,2.5,256,48,3.6999999999999997,5.256447091734577,-0.016666666666666663,0.0012853032530568279,0.00032132581326420697,0.00032132581326420697,0.017925563122652716
g0_0.1_g1_2.5,0.1,2.5,256,48,3.7166666666666663,5.280231920203964,-0.016666666666666663,0.0014403464296832353,0.0003600866074208088,0.0003600866074208088,0.018975948129693252
g0_0.1_g1_2.5,0.1,2.5,256,48,3.7333333333333334,5.304016748673352,-0.016666666666666663,0.0015908358892435161,0.00039770897231087904,0.00039770897231087904,0.01994264205943834
g0_0.1_g1_2.5,0.1,2.5,256,48,3.75,5.327801577142739,-0.016666666666666663,0.0017347489434435526,0.00043368723586088815,0.00043368723586088815,0.020825158723546098
g0_0.1_g1_2.5,0.1,2.5,256,48,3.7666666666666666,5.351586405612126,-0.016666666666666663,0.001870261732110797,0.00046756543302769923,0.00046756543302769923,0.02162326138739712
g0_0.1_g1_2.5,0.1,2.5,256,48,3.783333333333333,5.375371234081514,-0.016666666666666663,0.0019957584262851563,0.0004989396065712891,0.0004989396065712891,0.022336956072197687
g0_0.1_g1_2.5,0.1,2.5,256,48,3.8,5.3991560625509,-0.016666666666666663,0.0021098376691524785,0.0005274594172881196,0.0005274594172881196,0.022966484652382473
g0_0.1_g1_2.5,0.1,2.5,256,48,3.8166666666666664,5.422940891020287,-0.016666666666666663,0.0022113163528771876,0.0005528290882192969,0.0005528290882192969,0.023512317797684194
g0_0.1_g1_2.5,0.1,2.5,256,48,3.833333333333333,5.446725719489675,-0.016666666666666663,0.002299230846525599,0.0005748077116313997,0.0005748077116313997,0.023975147791648745
g0_0.1_g1_2.5,0.1,2.5,256,48,3.85,5.470510547959063,-0.016666666666666663,0.002372835804123974,0.0005932089510309934,0.0005932089510309934,0.024355881241108757
g0_0.1_g1_2.5,0.1,2.5,256,48,3.8666666666666667,5.4942953764284495,-0.016666666666666663,0.002431600693172781,0.0006079001732931952,0.0006079001732931952,0.02465563167499862
g0_0.1_g1_2.5,0.1,2.5,256,48,3.8833333333333333,5.518080204897837,-0.016666666666666663,0.002475204193350858,0.0006188010483377145,0.0006188010483377145,0.024875712016698425
g0_0.1_g1_2.5,0.1,2.5,256,48,3.9,5.541865033367224,-0.016666666666666663,0.0025035266233209186,0.0006258816558302296,0.0006258816558302296,0.025017626902450792
g0_0.1_g1_2.5,0.1,2.5,256,48,3.9166666666666665,5.5656498618366115,-0.016666666666666663,0.002516640561013771,0.0006291601402534428,0.0006291601402534428,0.025083064809816258
g0_0.1_g1_2.5,0.1,2.5,256,48,3.933333333333333,5.589434690305998,-0.016666666666666663,0.0025147998298902944,0.0006286999574725736,0.0006286999574725736,0.025073889954942644
g0_0.1_g1_2.5,0.1,2.5,256,48,3.9499999999999997,5.613219518775385,-0.016666666666666663,0.002498427030656889,0.0006246067576642223,0.0006246067576642223,0.024992133915778824
g0_0.1_g1_2.5,0.1,2.5,256,48,3.9666666666666663,5.637004347244773,-0.016666666666666663,0.0024680998047656687,0.0006170249511914172,0.0006170249511914172,0.024839986940242482
g0_0.1_g1_2.5,0.1,2.5,256,48,3.9833333333333334,5.66078917571416,-0.016666666666666663,0.0024245360226249645,0.0006061340056562411,0.0006061340056562411,0.024619788903567818
g0_0.1_g1_2.5,0.1,2.5,256,48,4.0,5.684574004183547,-0.016666666666666663,0.002368578095496038,0.0005921445238740095,0.0005921445238740095,0.024334019887269128
g0_0.1_g1_2.5,0.1,2.5,256,48,4.016666666666667,5.708358832652935,-0.016666666666666663,0.0023011766151662715,0.0005752941537915679,0.0005752941537915679,0.02398529036287799
g0_0.1_g1_2.5,0.1,2.5,256,48,4.033333333333333,5.732143661122322,-0.016666666666666663,0.002223373529213443,0.0005558433823033607,0.0005558433823033607,0.02357633097628553
g0_0.1_g1_2.5,0.1,2.5,256,48,4.05,5.755928489591709,-0.016666666666666663,0.0021362850615240453,0.0005340712653810113,0.0005340712653810113,0.023109981942463984
g0_0.1_g1_2.5,0.1,2.5,256,48,4.066666666666666,5.779713318061096,-0.016666666666666663,0.00204108458724902,0.000510271146812255,0.000510271146812255,0.022589182074883876
g0_0.1_g1_2.5,0.1,2.5,256,48,4.083333333333333,5.803498146530483,-0.016666666666666663,0.0019389856681783309,0.0004847464170445827,0.0004847464170445827,0.022016957488367524
g0_0.1_g1_2.5,0.1,2.5,256,48,4.1,5.8272829749998705,-0.016666666666666663,0.0018312254483024747,0.0004578063620756187,0.0004578063620756187,0.021396410027750418
g0_0.1_g1_2.5,0.1,2.5,256,48,4.116666666666666,5.851067803469258,-0.016666666666666663,0.0017190485999466591,0.0004297621499866648,0.0004297621499866648,0.020730705486950142
g0_0.1_g1_2.5,0.1,2.5,256,48,4.133333333333333,5.874852631938644,-0.016666666666666663,0.001603691998296331,0.00040092299957408275,0.00040092299957408275,0.02002306169330961
g0_0.1_g1_2.5,0.1,2.5,256,48,4.1499999999999995,5.898637460408032,-0.016666666666666663,0.0014863702865260749,0.0003715925716315187,0.0003715925716315187,0.0192767365399727
g0_0.1_g1_2.5,0.1,2.5,256,48,4.166666666666667,5.92242228887742,-0.016666666666666663,0.0013682624753874467,0.0003420656188468617,0.0003420656188468617,0.0184950160542472
g0_0.1_g1_2.5,0.1,2.5,256,48,4.183333333333334,5.946207117346807,-0.016666666666666663,0.0012504997004293584,0.0003126249251073396,0.0003126249251073396,0.017681202592226004
g0_0.1_g1_2.5,0.1,2.5,256,48,4.2,5.9699919458161945,-0.016666666666666663,0.0011341542375539187,0.00028353855938847966,0.00028353855938847966,0.016838603249333943
g0_0.1_g1_2.5,0.1,2.5,256,48,4.216666666666667,5.993776774285582,-0.016666666666666663,0.0010202298539663422,0.00025505746349158555,0.00025505746349158555,0.015970518573032798
g0_0.1_g1_2.5,0.1,2.5,256,48,4.233333333333333,6.017561602754969,-0.016666666666666663,0.0009096535474170903,0.0002274133868542726,0.0002274133868542726,0.015080231657845068
g0_0.1_g1_2.5,0.1,2.5,256,48,4.25,6.041346431224356,-0.016666666666666663,0.0008032687026279793,0.00020081717565699483,0.00020081717565699483,0.014170997694481317
g0_0.1_g1_2.5,0.1,2.5,256,48,4.266666666666667,6.065131259693743,-0.016666666666666663,0.0007018296705811674,0.00017545741764529184,0.00017545741764529184,0.013246034034581515
g0_0.1_g1_2.5,0.1,2.5,256,48,4.283333333333333,6.08891608816313,-0.016666666666666663,0.0006059977545104292,0.0001514994386276073,0.0001514994386276073,0.01230851082087542
g0_0.1_g1_2.5,0.1,2.5,256,48,4.3,6.112700916632518,-0.016666666666666663,0.0005163385664641917,0.00012908464161604793,0.00012908464161604793,0.011361542219965031
g0_0.1_g1_2.5,0.1,2.5,256,48,4.316666666666666,6.136485745101904,-0.016666666666666663,0.00043332070059648876,0.00010833017514912219,0.00010833017514912219,0.010408178281962804
g0_0.1_g1_2.5,0.1,2.5,256,48,4.333333333333333,6.1602705735712915,-0.016666666666666663,0.0003573156541560648,8.93289135390162e-05,8.93289135390162e-05,0.009451397438422332
g0_0.1_g1_2.5,0.1,2.5,256,48,4.35,6.184055402040679,-0.016666666666666663,0.0002885989146324109,7.214972865810273e-05,7.214972865810273e-05,0.008494099637872322
g0_0.1_g1_2.5,0.1,2.5,256,48,4.366666666666666,6.207840230510066,-0.016666666666666663,0.00022735212170913553,5.683803042728388e-05,5.683803042728388e-05,0.007539100107259744
g0_0.1_g1_2.5,0.1,2.5,256,48,4.383333333333333,6.231625058979453,-0.016666666666666663,0.00017366620549016652,4.341655137254163e-05,4.341655137254163e-05,0.006589123718108625
g0_0.1_g1_2.5,0.1,2.5,256,48,4.3999999999999995,6.25540988744884,-0.016666666666666663,0.00012754539772986883,3.188634943246721e-05,3.188634943246721e-05,0.005646799928496423
g0_0.1_g1_2.5,0.1,2.5,256,48,4.416666666666667,6.279194715918228,-0.016666666666666663,8.891201026959279e-05,2.2228002567398196e-05,2.2228002567398196e-05,0.00471465826623714
g0_0.1_g1_2.5,0.1,2.5,256,48,4.433333333333334,6.3029795443876155,-0.016666666666666663,5.761187426691187e-05,1.4402968566727968e-05,1.4402968566727968e-05,0.003795124315055828
g0_0.1_g1_2.5,0.1,2.5,256,48,4.45,6.326764372857003,-0.016666666666666663,3.3420334777636746e-05,8.355083694409187e-06,8.355083694409187e-06,0.0028905161640110553
g0_0.1_g1_2.5,0.1,2.5,256,48,4.466666666666667,6.35054920132639,-0.016666666666666663,1.6048697492195368e-05,4.012174373048842e-06,4.012174373048842e-06,0.0020030412809148098
g0_0.1_g1_2.5,0.1,2.5,256,48,4.483333333333333,6.374334029795778,-0.016666666666666663,5.15102762703067e-06,1.2877569067576675e-06,1.2877569067576675e-06,0.0011347937727876672
g0_0.1_g1_2.5,0.1,2.5,256,48,4.5,6.398118858265164,-0.016666666666666663,3.312048545862263e-07,8.280121364655657e-08,8.280121364655657e-08,0.00028775200024770735
g0_0.1_g1_2.5,0.1,2.5,256,48,4.516666666666667,6.421903686734551,-0.016666666666666663,1.1501424913521043e-06,2.8753562283802607e-07,2.8753562283802607e-07,0.0005362234821769987
g0_0.1_g1_2.5,0.1,2.5,256,48,4.533333333333333,6.445688515203939,-0.016666666666666663,7.133083775801403e-06,1.7832709439503507e-06,1.7832709439503507e-06,0.0013353916818485694
g0_0.1_g1_2.5,0.1,2.5,256,48,4.55,6.469473343673326,-0.016666666666666663,1.7776892835403043e-05,4.444223208850761e-06,4.444223208850761e-06,0.002108132635497767
g0_0.1_g1_2.5,0.1,2.5,256,48,4.566666666666666,6.4932581721427125,-0.016666666666666663,3.255726279686151e-05,8.139315699215377e-06,8.139315699215377e-06,0.002852948597366482
g0_0.1_g1_2.5,0.1,2.5,256,48,4.583333333333333,6.5170430006121,-0.016666666666666663,5.0935768417130543e-05,1.2733942104282636e-05,1.2733942104282636e-05,0.0035684649506871487
g0_0.1_g1_2.5,0.1,2.5,256,48,4.6,6.540827829081487,-0.016666666666666663,7.236669562429907e-05,1.8091673906074767e-05,1.8091673906074767e-05,0.004253430839460631
g0_0.1_g1_2.5,0.1,2.5,256,48,4.616666666666666,6.5646126575508745,-0.016666666666666663,9.630358550477543e-05,2.4075896376193858e-05,2.4075896376193858e-05,0.00490671951268807
g0_0.1_g1_2.5,0.1,2.5,256,48,4.633333333333333,6.588397486020262,-0.016666666666666663,0.00012220543561918923,3.0551358904797306e-05,3.0551358904797306e-05,0.005527328369546838
g0_0.1_g1_2.5,0.1,2.5,256,48,4.6499999999999995,6.612182314489648,-0.016666666666666663,0.00014954250713905746,3.7385626784764365e-05,3.7385626784764365e-05,0.006114378691638617
g0_0.1_g1_2.5,0.1,2.5,256,48,4.666666666666667,6.6359671429590374,-0.016666666666666663,0.00017780169222596053,4.445042305649013e-05,4.445042305649013e-05,0.006667115047491691
g0_0.1_g1_2.5,0.1,2.5,256,48,4.683333333333334,6.659751971428424,-0.016666666666666663,0.00020649140236072403,5.162285059018101e-05,5.162285059018101e-05,0.007184904354977943
g0_0.1_g1_2.5,0.1,2.5,256,48,4.7,6.683536799897811,-0.016666666666666663,0.00023514594498136345,5.878648624534086e-05,5.878648624534086e-05,0.007667234589168435
g0_0.1_g1_2.5,0.1,2.5,256,48,4.716666666666667,6.707321628367199,-0.016666666666666663,0.000263329362782133,6.583234069553324e-05,6.583234069553324e-05,0.008113713126277835
g0_0.1_g1_2.5,0.1,2.5,256,48,4.733333333333333,6.731106456836586,-0.016666666666666663,0.00029063871730513225,7.265967932628306e-05,7.265967932628306e-05,0.008524064718564909
g0_0.1_g1_2.5,0.1,2.5,256,48,4.75,6.754891285305972,-0.016666666666666663,0.0003167068059308929,7.917670148272323e-05,7.917670148272323e-05,0.008898129100138031
g0_0.1_g1_2.5,0.1,2.5,256,48,4.766666666666667,6.77867611377536,-0.016666666666666663,0.00034120430892681355,8.530107723170339e-05,8.530107723170339e-05,0.009235858229298639
g0_0.1_g1_2.5,0.1,2.5,256,48,4.783333333333333,6.802460942244747,-0.016666666666666663,0.0003638413707019823,9.096034267549557e-05,9.096034267549557e-05,0.00953731317906126
g0_0.1_g1_2.5,0.1,2.5,256,48,4.8,6.826245770714134,-0.016666666666666663,0.0003843686266896756,9.60921566724189e-05,9.60921566724189e-05,0.009802660693526982
g0_0.1_g1_2.5,0.1,2.5,256,48,4.816666666666666,6.850030599183522,-0.016666666666666663,0.0004025776941748626,0.00010064442354371565,0.00010064442354371565,0.010032169433562995
g0_0.1_g1_2.5,0.1,2.5,256,48,4.833333333333333,6.873815427652908,-0.016666666666666663,0.00041830115175049026,0.00010457528793762256,0.00010457528793762256,0.010226205940505138
g0_0.1_g1_2.5,0.1,2.5,256,48,4.85,6.8976002561222955,-0.016666666666666663,0.00043141203778174935,0.00010785300944543734,0.00010785300944543734,0.010385230351101383
g0_0.1_g1_2.5,0.1,2.5,256,48,4.866666666666666,6.921385084591683,-0.016666666666666663,0.00044182290316492607,0.00011045572579123152,0.00011045572579123152,0.010509791900472222
g0_0.1_g1_2.5,0.1,2.5,256,48,4.883333333333333,6.94516991306107,-0.016666666666666663,0.00044948445769658625,0.00011237111442414656,0.00011237111442414656,0.010600524252325758
g0_0.1_g1_2.5,0.1,2.5,256,48,4.8999999999999995,6.968954741530457,-0.016666666666666663,0.00045438385246410835,0.00011359596311602709,0.00011359596311602709,0.010658140696952123
g0_0.1_g1_2.5,0.1,2.5,256,48,4.916666666666667,6.992739569999846,-0.016666666666666663,0.0004565426428074063,0.00011413566070185158,0.00011413566070185158,0.010683429257586328
g0_0.1_g1_2.5,0.1,2.5,256,48,4.933333333333334,7.016524398469232,-0.016666666666666663,0.00045601447759897065,0.00011400361939974266,0.00011400361939974266,0.010677247744608282
g0_0.1_g1_2.5,0.1,2.5,256,48,4.95,7.04030922693862,-0.016666666666666663,0.0004528825608911674,0.00011322064022279184,0.00011322064022279184,0.010640518794814088
g0_0.1_g1_2.5,0.1,2.5,256,48,4.966666666666667,7.064094055408007,-0.016666666666666663,0.0004472569314610276,0.0001118142328652569,0.0001118142328652569,0.010574224929764682
g0_0.1_g1_2.5,0.1,2.5,256,48,4.983333333333333,7.087878883877394,-0.016666666666666663,0.0004392716045427084,0.0001098179011356771,0.0001098179011356771,0.010479403663170777
g0_0.1_g1_2.5,0.1,2.5,256,48,5.0,7.111663712346781,-0.016666666666666663,0.00042908161819087983,0.00010727040454771996,0.00010727040454771996,0.010357142682599288
g0_0.1_g1_2.5,0.1,2.5,256,48,5.016666666666667,7.135448540816168,-0.016666666666666663,0.00041686002438818425,0.00010421500609704606,0.00010421500609704606,0.01020857512569928
g0_0.1_g1_2.5,0.1,2.5,256,48,5.033333333333333,7.159233369285555,-0.016666666666666663,0.00040279486232411375,0.00010069871558102844,0.00010069871558102844,0.010034874965889133
g0_0.1_g1_2.5,0.1,2.5,256,48,5.05,7.183018197754943,-0.016666666666666663,0.00038708614835061085,9.677153708765271e-05,9.677153708765271e-05,0.009837252517225158
g0_0.1_g1_2.5,0.1,2.5,256,48,5.066666666666666,7.20680302622433,-0.016666666666666663,0.0003699429140751046,9.248572851877615e-05,9.248572851877615e-05,0.009616950063236065
g0_0.1_g1_2.5,0.1,2.5,256,48,5.083333333333333,7.230587854693717,-0.016666666666666663,0.00035158032097709244,8.789508024427311e-05,8.789508024427311e-05,0.009375237610016778
g0_0.1_g1_2.5,0.1,2.5,256,48,5.1,7.254372683163104,-0.016666666666666663,0.00033221687690955927,8.305421922738982e-05,8.305421922738982e-05,0.009113408760029905
g0_0.1_g1_2.5,0.1,2.5,256,48,5.116666666666666,7.278157511632491,-0.016666666666666663,0.00031207177692669743,7.801794423167436e-05,7.801794423167436e-05,0.008832776699978007
g0_0.1_g1_2.5,0.1,2.5,256,48,5.133333333333333,7.301942340101879,-0.016666666666666663,0.0002913623881008188,7.28405970252047e-05,7.28405970252047e-05,0.008534670293878065
g0_0.1_g1_2.5,0.1,2.5,256,48,5.1499999999999995,7.325727168571265,-0.016666666666666663,0.00027030189537154164,6.757547384288541e-05,6.757547384288541e-05,0.008220430271152808
g0_0.1_g1_2.5,0.1,2.5,256,48,5.166666666666667,7.349511997040654,-0.016666666666666663,0.0002490971230070931,6.227428075177328e-05,6.227428075177328e-05,0.007891405499134693
g0_0.1_g1_2.5,0.1,2.5,256,48,5.183333333333334,7.373296825510041,-0.016666666666666663,0.00022794654393846006,5.6986635984615015e-05,5.6986635984615015e-05,0.007548949329848162
g0_0.1_g1_2.5,0.1,2.5,256,48,5.2,7.397081653979428,-0.016666666666666663,0.00020703848702585985,5.175962175646496e-05,5.175962175646496e-05,0.0071944160121906325
g0_0.1_g1_2.5,0.1,2.5,256,48,5.216666666666667,7.420866482448815,-0.016666666666666663,0.00018654955020507607,4.663738755126902e-05,4.663738755126902e-05,0.006829157162583756
g0_0.1_g1_2.5,0.1,2.5,256,48,5.233333333333333,7.444651310918203,-0.016666666666666663,0.00016664322540637733,4.166080635159433e-05,4.166080635159433e-05,0.006454518289663012
g0_0.1_g1_2.5,0.1,2.5,256,48,5.25,7.46843613938759,-0.016666666666666663,0.00014746873911276634,3.6867184778191586e-05,3.6867184778191586e-05,0.006071835371466488
g0_0.1_g1_2.5,0.1,2.5,256,48,5.266666666666667,7.492220967856976,-0.016666666666666663,0.00012916011040384125,3.229002760096031e-05,3.229002760096031e-05,0.005682431486693026
g0_0.1_g1_2.5,0.1,2.5,256,48,5.283333333333333,7.516005796326364,-0.016666666666666663,0.0001118354263031542,2.795885657578855e-05,2.795885657578855e-05,0.005287613504766451
g0_0.1_g1_2.5,0.1,2.5,256,48,5.3,7.539790624795751,-0.016666666666666663,9.559633220581713e-05,2.3899083051454283e-05,2.3899083051454283e-05,0.004888668842481999
g0_0.1_g1_2.5,0.1,2.5,256,48,5.316666666666666,7.5635754532651385,-0.016666666666666663,8.052773311689092e-05,2.013193327922273e-05,2.013193327922273e-05,0.004486862297778118
g0_0.1_g1_2.5,0.1,2.5,256,48,5.333333333333333,7.587360281734525,-0.016666666666666663,6.669769939731605e-05,1.6674424849329013e-05,1.6674424849329013e-05,0.004083432973532076
g0_0.1_g1_2.5,0.1,2.5,256,48,5.35,7.611145110203912,-0.016666666666666663,5.415756871971021e-05,1.3539392179927553e-05,1.3539392179927553e-05,0.003679591306100115
g0_0.1_g1_2.5,0.1,2.5,256,48,5.366666666666666,7.6349299386733,-0.016666666666666663,4.2942234016704686e-05,1.0735558504176171e-05,1.0735558504176171e-05,0.003276516214544981
g0_0.1_g1_2.5,0.1,2.5,256,48,5.383333333333333,7.658714767142687,-0.016666666666666663,3.307060539874717e-05,8.267651349686793e-06,8.267651349686793e-06,0.002875352387045246
g0_0.1_g1_2.5,0.1,2.5,256,48,5.3999999999999995,7.682499595612074,-0.016666666666666663,2.454623236915546e-05,6.136558092288865e-06,6.136558092288865e-06,0.0024772077208600946
g0_0.1_g1_2.5,0.1,2.5,256,48,5.416666666666667,7.7062844240814625,-0.016666666666666663,1.7358071212499648e-05,4.339517803124912e-06,4.339517803124912e-06,0.0020831509314317366
g0_0.1_g1_2.5,0.1,2.5,256,48,5.433333333333334,7.730069252550849,-0.016666666666666663,1.1481381216024547e-05,2.8703453040061366e-06,2.8703453040061366e-06,0.0016942093447995547
g0_0.1_g1_2.5,0.1,2.5,256,48,5.45,7.753854081020236,-0.016666666666666663,6.878732433959862e-06,1.7196831084899655e-06,1.7196831084899655e-06,0.0013113668855396516
g0_0.1_g1_2.5,0.1,2.5,256,48,5.466666666666667,7.777638909489624,-0.016666666666666663,3.5011070444523808e-06,8.752767611130952e-07,8.752767611130952e-07,0.0009355622700350283
g0_0.1_g1_2.5,0.1,2.5,256,48,5.483333333333333,7.801423737959011,-0.016666666666666663,1.2890759915629293e-06,3.2226899789073233e-07,3.2226899789073233e-07,0.0005676874121298906
g0_0.1_g1_2.5,0.1,2.5,256,48,5.5,7.825208566428398,-0.016666666666666663,1.7403255310536992e-07,4.350813827634248e-08,4.350813827634248e-08,0.0002085860452579282
g0_0.1_g1_2.5,0.1,2.5,256,48,5.516666666666667,7.848993394897785,-0.016666666666666663,7.946472101939794e-08,1.9866180254849485e-08,1.9866180254849485e-08,0.00014094743791516568
g0_0.1_g1_2.5,0.1,2.5,256,48,5.533333333333333,7.872778223367172,-0.016666666666666663,9.222488064870482e-07,2.3056220162176206e-07,2.3056220162176206e-07,0.0004801689302961636
g0_0.1_g1_2.5,0.1,2.5,256,48,5.55,7.8965630518365595,-0.016666666666666663,2.613947460246918e-06,6.534868650617295e-07,6.534868650617295e-07,0.000808385344413003
g0_0.1_g1_2.5,0.1,2.5,256,48,5.566666666666666,7.920347880305947,-0.016666666666666663,5.06209629559645e-06,1.2655240738991125e-06,1.2655240738991125e-06,0.0011249551430608745
g0_0.1_g1_2.5,0.1,2.5,256,48,5.583333333333333,7.944132708775333,-0.016666666666666663,8.171464478313145e-06,2.0428661195782863e-06,2.0428661195782863e-06,0.001429288676082717
g0_0.1_g1_2.5,0.1,2.5,256,48,5.6,7.967917537244721,-0.016666666666666663,1.1845275962264634e-05,2.9613189905661585e-06,2.9613189905661585e-06,0.001720848334562392
g0_0.1_g1_2.5,0.1,2.5,256,48,5.616666666666666,7.991702365714108,-0.016666666666666663,1.5986379459237794e-05,3.996594864809448e-06,3.996594864809448e-06,0.001999148534954181
g0_0.1_g1_2.5,0.1,2.5,256,48,5.633333333333333,8.015487194183494,-0.016666666666666663,2.0498356695489876e-05,5.124589173872469e-06,5.124589173872469e-06,0.002263755546403469
g0_0.1_g1_2.5,0.1,2.5,256,48,5.6499999999999995,8.039272022652883,-0.016666666666666663,2.5286559987902767e-05,6.321639996975692e-06,6.321639996975692e-06,0.002514287174722826
g0_0.1_g1_2.5,0.1,2.5,256,48,5.666666666666667,8.06305685112227,-0.016666666666666663,3.0259071636633592e-05,7.564767909158398e-06,7.564767909158398e-06,0.0027504123162097713
g0_0.1_g1_2.5,0.1,2.5,256,48,5.683333333333334,8.086841679591657,-0.016666666666666663,3.532757905164696e-05,8.83189476291174e-06,8.83189476291174e-06,0.0029718503937634106
g0_0.1_g1_2.5,0.1,2.5,256,48,5.7,8.110626508061046,-0.016666666666666663,4.040816088705196e-05,1.010204022176299e-05,1.010204022176299e-05,0.003178370686651101
g0_0.1_g1_2.5,0.1,2.5,256,48,5.716666666666667,8.134411336530432,-0.016666666666666663,4.5421980735598775e-05,1.1355495183899694e-05,1.1355495183899694e-05,0.0033697915638655892
g0_0.1_g1_2.5,0.1,2.5,256,48,5.733333333333333,8.158196164999818,-0.016666666666666663,5.029588612839036e-05,1.257397153209759e-05,1.257397153209759e-05,0.003545979629396874
g0_0.1_g1_2.5,0.1,2.5,256,48,5.75,8.181980993469207,-0.016666666666666663,5.496291168932744e-05,1.374072792233186e-05,1.374072792233186e-05,0.003706848786008388
g0_0.1_g1_2.5,0.1,2.5,256,48,5.766666666666667,8.205765821938593,-0.016666666666666663,5.9362686312479035e-05,1.4840671578119759e-05,1.4840671578119759e-05,0.003852359222362286
g0_0.1_g1_2.5,0.1,2.5,256,48,5.783333333333333,8.229550650407981,-0.016666666666666663,6.344174516872758e-05,1.5860436292181894e-05,1.5860436292181894e-05,0.003982516326668592
g0_0.1_g1_2.5,0.1,2.5,256,48,5.8,8.253335478877368,-0.016666666666666663,6.715374821333017e-05,1.6788437053332543e-05,1.6788437053332543e-05,0.00409736952853078
g0_0.1_g1_2.5,0.1,2.5,256,48,5.816666666666666,8.277120307346754,-0.016666666666666663,7.045960766656107e-05,1.7614901916640267e-05,1.7614901916640267e-05,0.004197011069396918
g0_0.1_g1_2.5,0.1,2.5,256,48,5.833333333333333,8.300905135816143,-0.016666666666666663,7.33275276831047e-05,1.8331881920776176e-05,1.8331881920776176e-05,0.004281574701062236
g0_0.1_g1_2.5,0.1,2.5,256,48,5.85,8.324689964285529,-0.016666666666666663,7.573296011855234e-05,1.8933240029638086e-05,1.8933240029638086e-05,0.004351234311047623
g0_0.1_g1_2.5,0.1,2.5,256,48,5.866666666666666,8.348474792754917,-0.016666666666666663,7.765848094721209e-05,1.9414620236803023e-05,1.9414620236803023e-05,0.004406202473423461
g0_0.1_g1_2.5,0.1,2.5,256,48,5.883333333333333,8.372259621224304,-0.016666666666666663,7.909359248575116e-05,1.977339812143779e-05,1.977339812143779e-05,0.0044467289237638255
g0_0.1_g1_2.5,0.1,2.5,256,48,5.8999999999999995,8.39604444969369,-0.016666666666666663,8.003445713044602e-05,2.0008614282611505e-05,2.0008614282611505e-05,0.004473098957390894
g0_0.1_g1_2.5,0.1,2.5,256,48,5.916666666666667,8.419829278163078,-0.016666666666666663,8.04835688175224e-05,2.01208922043806e-05,2.01208922043806e-05,0.0044856317508663816
g0_0.1_g1_2.5,0.1,2.5,256,48,5.933333333333334,8.443614106632467,-0.016666666666666663,8.04493688599465e-05,2.0112342214986624e-05,2.0112342214986624e-05,0.004484678607769638
g0_0.1_g1_2.5,0.1,2.5,256,48,5.95,8.467398935101853,-0.016666666666666663,7.994581319133665e-05,1.9986453297834163e-05,1.9986453297834163e-05,0.004470621131099588
g0_0.1_g1_2.5,0.1,2.5,256,48,5.966666666666667,8.491183763571241,-0.016666666666666663,7.899189834955393e-05,1.9747974587388482e-05,1.9747974587388482e-05,0.004443869326092801
g0_0.1_g1_2.5,0.1,2.5,256,48,5.983333333333333,8.514968592040628,-0.016666666666666663,7.76111537494366e-05,1.940278843735915e-05,1.940278843735915e-05,0.00440485963878069
g0_0.1_g1_2.5,0.1,2.5,256,48,6.0,8.538753420510014,-0.016666666666666663,7.583110791781994e-05,1.8957776979454986e-05,1.8957776979454986e-05,0.004354052937144309
g0_0.8_g1_1.6,0.8,1.6,256,48,0.06666666666666665,0.0,-0.06666666666666665,0.7745966692415885,0.19364916731039714,0.19364916731039714,0.44005586839672656
g0_0.8_g1_1.6,0.8,1.6,256,48,0.08333333333333331,0.0726100858919165,-0.06666666666666665,0.769390219079785,0.19234755476994625,0.19234755476994625,0.43857445749832064
g0_0.8_g1_1.6,0.8,1.6,256,48,0.09999999999999998,0.145220171783833,-0.06666666666666665,0.7540180179438158,0.18850450448595396,0.18850450448595396,0.43417105440822973
g0_0.8_g1_1.6,0.8,1.6,256,48,0.11666666666666665,0.2178302576757495,-0.06666666666666665,0.7291970522484588,0.1822992630621147,0.1822992630621147,0.4269651778097538
g0_0.8_g1_1.6,0.8,1.6,256,48,0.1333333333333333,0.290440343567666,-0.06666666666666665,0.6960446266500713,0.17401115666251782,0.17401115666251782,0.41714644510353655
g0_0.8_g1_1.6,0.8,1.6,256,48,0.14999999999999997,0.3630504294595825,-0.06666666666666665,0.6559745519568959,0.16399363798922398,0.16399363798922398,0.40496127961722955
g0_0.8_g1_1.6,0.8,1.6,256,48,0.16666666666666666,0.435660515351499,-0.06666666666666665,0.6105744280402339,0.15264360701005847,0.15264360701005847,0.39069631046384157
g0_0.8_g1_1.6,0.8,1.6,256,48,0.18333333333333332,0.5082706012434155,-0.06666666666666665,0.5614809328161959,0.14037023320404898,0.14037023320404898,0.374660156947665
g0_0.8_g1_1.6,0.8,1.6,256,48,0.19999999999999998,0.580880687135332,-0.06666666666666665,0.5102684137796463,0.12756710344491157,0.12756710344491157,0.3571653726845753
g0_0.8_g1_1.6,0.8,1.6,256,48,0.21666666666666665,0.6534907730272485,-0.06666666666666665,0.4583620172911238,0.11459050432278095,0.11459050432278095,0.33851219228084084
g0_0.8_g1_1.6,0.8,1.6,256,48,0.2333333333333333,0.726100858919165,-0.06666666666666665,0.4069812325280076,0.1017453081320019,0.1017453081320019,0.31897540364736887
g0_0.8_g1_1.6,0.8,1.6,256,48,0.24999999999999997,0.7987109448110815,-0.06666666666666665,0.35711432101160023,0.08927858025290006,0.08927858025290006,0.29879521457496616
g0_0.8_g1_1.6,0.8,1.6,256,48,0.26666666666666666,0.871321030702998,-0.06666666666666665,0.30951967296051935,0.07737991824012984,0.07737991824012984,0.27817246132593687
g0_0.8_g1_1.6,0.8,1.6,256,48,0.2833333333333333,0.9439311165949146,-0.06666666666666665,0.26474727989562497,0.06618681997390624,0.06618681997390624,0.25726799251734805
g0_0.8_g1_1.6,0.8,1.6,256,48,0.3,1.016541202486831,-0.06666666666666665,0.2231723795140234,0.05579309487850585,0.05579309487850585,0.23620561991304495
g0_0.8_g1_1.6,0.8,1.6,256,48,0.31666666666666665,1.0891512883787475,-0.06666666666666665,0.1850336850026698,0.04625842125066745,0.04625842125066745,0.21507770979501212
g0_0.8_g1_1.6,0.8,1.6,256,48,0.3333333333333333,1.161761374270664,-0.06666666666666665,0.15047001532560464,0.03761750383140116,0.03761750383140116,0.19395232360402687
g0_0.8_g1_1.6,0.8,1.6,256,48,0.35,1.2343714601625806,-0.06666666666666665,0.11955109755993855,0.029887774389984637,0.029887774389984637,0.17288080977941025
g0_0.8_g1_1.6,0.8,1.6,256,48,0.36666666666666664,1.306981546054497,-0.06666666666666665,0.09230037375360331,0.023075093438400827,0.023075093438400827,0.15190488286556436
g0_0.8_g1_1.6,0.8,1.6,256,48,0.3833333333333333,1.3795916319464134,-0.06666666666666665,0.06870947967727828,0.01717736991931957,0.01717736991931957,0.13106246571509164
g0_0.8_g1_1.6,0.8,1.6,256,48,0.39999999999999997,1.45220171783833,-0.06666666666666665,0.04874545952912822,0.012186364882282055,0.012186364882282055,0.1103918696384931
g0_0.8_g1_1.6,0.8,1.6,256,48,0.41666666666666663,1.5248118037302465,-0.06666666666666665,0.032352638450706454,0.008088159612676614,0.008088159612676614,0.08993419601395575
g0_0.8_g1_1.6,0.8,1.6,256,48,0.4333333333333333,1.597421889622163,-0.06666666666666665,0.019451387684388383,0.004862846921097096,0.004862846921097096,0.06973411590532352
g0_0.8_g1_1.6,0.8,1.6,256,48,0.44999999999999996,1.6700319755140793,-0.06666666666666665,0.009935857957847865,0.002483964489461966,0.002483964489461966,0.04983938692903401
g0_0.8_g1_1.6,0.8,1.6,256,48,0.4666666666666667,1.742642061405996,-0.06666666666666665,0.003672257919271744,0.000918064479817936,0.000918064479817936,0.030299578871956886
g0_0.8_g1_1.6,0.8,1.6,256,48,0.48333333333333334,1.8152521472979126,-0.06666666666666665,0.0004985840091469106,0.00012464600228672765,0.00012464600228672765,0.011164497404125617
g0_0.8_g1_1.6,0.8,1.6,256,48,0.5,1.8878622331898292,-0.06666666666666665,0.00022603741231865465,5.650935307966366e-05,5.650935307966366e-05,0.0075172703210449774
g0_0.8_g1_1.6,0.8,1.6,256,48,0.5166666666666666,1.9604723190817457,-0.06666666666666665,0.002641834706255818,0.0006604586765639545,0.0006604586765639545,0.0256993905874041
g0_0.8_g1_1.6,0.8,1.6,256,48,0.5333333333333333,2.033082404973662,-0.06666666666666665,0.007512818454910953,0.0018782046137277382,0.0018782046137277382,0.04333825808368096
g0_0.8_g1_1.6,0.8,1.6,256,48,0.55,2.1056924908655787,-0.06666666666666665,0.014589222692611507,0.0036473056731528767,0.0036473056731528767,0.06039292734379479
g0_0.8_g1_1.6,0.8,1.6,256,48,0.5666666666666667,2.178302576757495,-0.06666666666666665,0.023608104987904843,0.005902026246976211,0.005902026246976211,0.076824646090797
g0_0.8_g1_1.6,0.8,1.6,256,48,0.5833333333333333,2.2509126626494114,-0.06666666666666665,0.03429623788310568,0.00857405947077642,0.00857405947077642,0.0925962173675384
g0_0.8_g1_1.6,0.8,1.6,256,48,0.6,2.323522748541328,-0.06666666666666665,0.04637255738763962,0.011593139346909904,0.011593139346909904,0.10767144164963105
g0_0.8_g1_1.6,0.8,1.6,256,48,0.6166666666666667,2.396132834433245,-0.06666666666666665,0.05955050302232745,0.014887625755581863,0.014887625755581863,0.12201485874917802
g0_0.8_g1_1.6,0.8,1.6,256,48,0.6333333333333333,2.468742920325161,-0.06666666666666665,0.07354068949111525,0.018385172372778813,0.018385172372778813,0.13559193328800506
g0_0.8_g1_1.6,0.8,1.6,256,48,0.65,2.541353006217078,-0.06666666666666665,0.08805430103799482,0.022013575259498704,0.022013575259498704,0.14836972487505226
g0_0.8_g1_1.6,0.8,1.6,256,48,0.6666666666666666,2.613963092108994,-0.06666666666666665,0.10280741396230689,0.025701853490576722,0.025701853490576722,0.16031797619286717
g0_0.8_g1_1.6,0.8,1.6,256,48,0.6833333333333333,2.6865731780009106,-0.06666666666666665,0.11752618277705083,0.02938154569426271,0.02938154569426271,0.17141045969911728
g0_0.8_g1_1.6,0.8,1.6,256,48,0.7,2.759183263892827,-0.06666666666666665,0.1319525431901906,0.03298813579754765,0.03298813579754765,0.18162636316776165
g0_0.8_g1_1.6,0.8,1.6,256,48,0.7166666666666667,2.8317933497847436,-0.06666666666666665,0.1458498643221212,0.0364624660805303,0.0364624660805303,0.19095147572231616
g0_0.8_g1_1.6,0.8,1.6,256,48,0.7333333333333333,2.90440343567666,-0.06666666666666665,0.15900788081282685,0.03975197020320671,0.03975197020320671,0.1993789612853039
g0_0.8_g1_1.6,0.8,1.6,256,48,0.75,2.9770135215685767,-0.06666666666666665,0.1712462800097265,0.042811570002431625,0.042811570002431625,0.20690956962506984
g0_0.8_g1_1.6,0.8,1.6,256,48,0.7666666666666666,3.049623607460493,-0.06666666666666665,0.1824165014844443,0.045604125371111075,0.045604125371111075,0.21355122423229297
g0_0.8_g1_1.6,0.8,1.6,256,48,0.7833333333333333,3.1222336933524097,-0.06666666666666665,0.19240158438557667,0.04810039609639417,0.04810039609639417,0.21931802501480394
g0_0.8_g1_1.6,0.8,1.6,256,48,0.7999999999999999,3.194843779244326,-0.06666666666666665,0.20111421040556945,0.050278552601392364,0.050278552601392364,0.22422879521014324
g0_0.8_g1_1.6,0.8,1.6,256,48,0.8166666666666667,3.2674538651362424,-0.06666666666666665,0.20849336951936548,0.05212334237984137,0.05212334237984137,0.22830537089573993
g0_0.8_g1_1.6,0.8,1.6,256,48,0.8333333333333333,3.3400639510281587,-0.06666666666666665,0.21450026638679895,0.05362506659669974,0.05362506659669974,0.23157086733157894
g0_0.8_g1_1.6,0.8,1.6,256,48,0.85,3.4126740369200754,-0.06666666666666665,0.2191141542246522,0.05477853855616305,0.05477853855616305,0.23404815435325066
g0_0.8_g1_1.6,0.8,1.6,256,48,0.8666666666666667,3.485284122811992,-0.06666666666666665,0.22232872418847016,0.05558218104711754,0.05558218104711754,0.23575873482676638
g0_0.8_g1_1.6,0.8,1.6,256,48,0.8833333333333333,3.5578942087039085,-0.06666666666666665,0.22414951142081102,0.056037377855202755,0.056037377855202755,0.23672215328355467
g0_0.8_g1_1.6,0.8,1.6,256,48,0.9,3.6305042945958252,-0.06666666666666665,0.22459254216172725,0.05614813554043181,0.05614813554043181,0.2369559780643481
g0_0.8_g1_1.6,0.8,1.6,256,48,0.9166666666666666,3.7031143804877416,-0.06666666666666665,0.22368418746591756,0.05592104686647939,0.05592104686647939,0.23647631354213763
g0_0.8_g1_1.6,0.8,1.6,256,48,0.9333333333333333,3.7757244663796583,-0.06666666666666665,0.22146195610288805,0.05536548902572201,0.05536548902572201,0.2352987229581198
g0_0.8_g1_1.6,0.8,1.6,256,48,0.95,3.8483345522715746,-0.06666666666666665,0.21797579213534823,0.05449394803383706,0.05449394803383706,0.23343938835131714
g0_0.8_g1_1.6,0.8,1.6,256,48,0.9666666666666667,3.9209446381634914,-0.06666666666666665,0.21328936733042958,0.053322341832607395,0.053322341832607395,0.23091630915248795
g0_0.8_g1_1.6,0.8,1.6,256,48,0.9833333333333333,3.9935547240554072,-0.06666666666666665,0.20748088297568942,0.051870220743922356,0.051870220743922356,0.22775034740680936
g0_0.8_g1_1.6,0.8,1.6,256,48,1.0,4.066164809947324,-0.06666666666666665,0.20064300926965004,0.05016075231741251,0.05016075231741251,0.22396596240815814
g0_0.8_g1_1.6,0.8,1.6,256,48,1.0166666666666666,4.138774895839241,-0.06666666666666665,0.19288176656739095,0.04822044164184774,0.04822044164184774,0.21959153362970926
g0_0.8_g1_1.6,0.8,1.6,256,48,1.0333333333333332,4.2113849817311575,-0.06666666666666665,0.184314354224942,0.0460785885562355,0.0460785885562355,0.21465923822709215
g0_0.8_g1_1.6,0.8,1.6,256,48,1.0499999999999998,4.283995067623073,-0.06666666666666665,0.17506611973002556,0.04376652993250639,0.04376652993250639,0.2092045169983344
g0_0.8_g1_1.6,0.8,1.6,256,48,1.0666666666666667,4.35660515351499,-0.06666666666666665,0.16526699894474497,0.041316749736186244,0.041316749736186244,0.2032652201833512
g0_0.8_g1_1.6,0.8,1.6,256,48,1.0833333333333333,4.429215239406906,-0.06666666666666665,0.1550478257227906,0.03876195643069765,0.03876195643069765,0.19688056387235803
g0_0.8_g1_1.6,0.8,1.6,256,48,1.0999999999999999,4.501825325298823,-0.06666666666666665,0.14453690005016484,0.03613422501254121,0.03613422501254121,0.19009004448561007
g0_0.8_g1_1.6,0.8,1.6,256,48,1.1166666666666667,4.5744354111907395,-0.06666666666666665,0.13385712811181685,0.03346428202795421,0.03346428202795421,0.18293245209080375
g0_0.8_g1_1.6,0.8,1.6,256,48,1.1333333333333333,4.647045497082656,-0.06666666666666665,0.12312392718168709,0.030780981795421773,0.030780981795421773,0.1754450962421628
g0_0.8_g1_1.6,0.8,1.6,256,48,1.15,4.719655582974572,-0.06666666666666665,0.11244395078594734,0.028110987696486834,0.028110987696486834,0.1676633164901817
g0_0.8_g1_1.6,0.8,1.6,256,48,1.1666666666666667,4.79226566886649,-0.06666666666666665,0.10191456248655732,0.02547864062163933,0.02547864062163933,0.15962030140818345
g0_0.8_g1_1.6,0.8,1.6,256,48,1.1833333333333333,4.864875754758406,-0.06666666666666665,0.09162389129106865,0.022905972822767164,0.022905972822767164,0.15134719297947738
g0_0.8_g1_1.6,0.8,1.6,256,48,1.2,4.937485840650322,-0.06666666666666665,0.08165125042150008,0.02041281260537502,0.02041281260537502,0.14287341462068798
g0_0.8_g1_1.6,0.8,1.6,256,48,1.2166666666666666,5.010095926542238,-0.06666666666666665,0.07206769628148149,0.018016924070370373,0.018016924070370373,0.13422713611774026
g0_0.8_g1_1.6,0.8,1.6,256,48,1.2333333333333334,5.082706012434156,-0.06666666666666665,0.06293653942973405,0.015734134857433513,0.015734134857433513,0.12543577981355047
g0_0.8_g1_1.6,0.8,1.6,256,48,1.25,5.155316098326072,-0.06666666666666665,0.054313681413457195,0.013578420353364299,0.013578420353364299,0.11652647919406257
g0_0.8_g1_1.6,0.8,1.6,256,48,1.2666666666666666,5.227926184217988,-0.06666666666666665,0.04624772464639306,0.011561931161598265,0.011561931161598265,0.10752642076065894
g0_0.8_g1_1.6,0.8,1.6,256,48,1.2833333333333332,5.300536270109904,-0.06666666666666665,0.0387798716397761,0.009694967909944025,0.009694967909944025,0.0984630281371847
g0_0.8_g1_1.6,0.8,1.6,256,48,1.3,5.373146356001821,-0.06666666666666665,0.0319436824369642,0.00798592060924105,0.00798592060924105,0.08936397825321482
g0_0.8_g1_1.6,0.8,1.6,256,48,1.3166666666666667,5.445756441893738,-0.06666666666666665,0.025764787730769057,0.006441196932692264,0.006441196932692264,0.08025706780522364
g0_0.8_g1_1.6,0.8,1.6,256,48,1.3333333333333333,5.518366527785654,-0.06666666666666665,0.02026065832617635,0.005065164581544088,0.005065164581544088,0.0711699696609749
g0_0.8_g1_1.6,0.8,1.6,256,48,1.3499999999999999,5.5909766136775705,-0.06666666666666665,0.015440513161637453,0.0038601282904093632,0.0038601282904093632,0.0621299307130578
g0_0.8_g1_1.6,0.8,1.6,256,48,1.3666666666666667,5.663586699569487,-0.06666666666666665,0.011305415666380514,0.0028263539165951286,0.0028263539165951286,0.053163464113948865
g0_0.8_g1_1.6,0.8,1.6,256,48,1.3833333333333333,5.736196785461404,-0.06666666666666665,0.007848571140888046,0.0019621427852220116,0.0019621427852220116,0.044296080923959986
g0_0.8_g1_1.6,0.8,1.6,256,48,1.4,5.80880687135332,-0.06666666666666665,0.005055804857937174,0.0012639512144842935,0.0012639512144842935,0.03555209156272375
g0_0.8_g1_1.6,0.8,1.6,256,48,1.4166666666666667,5.881416957245237,-0.06666666666666665,0.0029061780303706254,0.0007265445075926564,0.0007265445075926564,0.02695448956282898
g0_0.8_g1_1.6,0.8,1.6,256,48,1.4333333333333333,5.954027043137153,-0.06666666666666665,0.001372689556851708,0.000343172389212927,0.000343172389212927,0.018524912664110646
g0_0.8_g1_1.6,0.8,1.6,256,48,1.45,6.026637129029069,-0.06666666666666665,0.00042301485446075246,0.00010575371361518812,0.00010575371361518812,0.010283662461165678
g0_0.8_g1_1.6,0.8,1.6,256,48,1.4666666666666666,6.099247214920986,-0.06666666666666665,2.0245604888851857e-05,5.061401222212964e-06,5.061401222212964e-06,0.002249755813908026
g0_0.8_g1_1.6,0.8,1.6,256,48,1.4833333333333334,6.171857300812903,-0.06666666666666665,0.0001236108169196681,3.0902704229917026e-05,3.0902704229917026e-05,0.005559020078207761
g0_0.8_g1_1.6,0.8,1.6,256,48,1.5,6.2444673867048195,-0.06666666666666665,0.0006891750796506454,0.00017229376991266136,0.00017229376991266136,0.013126072143358857
g0_0.8_g1_1.6,0.8,1.6,256,48,1.5166666666666666,6.317077472596735,-0.06666666666666665,0.0016705202523761677,0.0004176300630940419,0.0004176300630940419,0.020435999194902164
g0_0.8_g1_1.6,0.8,1.6,256,48,1.5333333333333332,6.389687558488652,-0.06666666666666665,0.00301942009796657,0.0007548550244916425,0.0007548550244916425,0.027474625101930734
g0_0.8_g1_1.6,0.8,1.6,256,48,1.55,6.462297644380569,-0.06666666666666665,0.004686513735766509,0.0011716284339416273,0.0011716284339416273,0.034229058326831416
g0_0.8_g1_1.6,0.8,1.6,256,48,1.5666666666666667,6.534907730272485,-0.06666666666666665,0.006621975392561158,0.0016554938481402894,0.0016554938481402894,0.0406877604217815
g0_0.8_g1_1.6,0.8,1.6,256,48,1.5833333333333333,6.6075178161644015,-0.06666666666666665,0.008776168041317587,0.002194042010329397,0.002194042010329397,0.04684060215592234
g0_0.8_g1_1.6,0.8,1.6,256,48,1.5999999999999999,6.680127902056317,-0.06666666666666665,0.011100260592299491,0.002775065148074873,0.002775065148074873,0.0526788871187962
g0_0.8_g1_1.6,0.8,1.6,256,48,1.6166666666666667,6.752737987948235,-0.06666666666666665,0.013546785041763567,0.0033866962604408917,0.0033866962604408917,0.05819532851046458
g0_0.8_g1_1.6,0.8,1.6,256,48,1.6333333333333333,6.825348073840151,-0.06666666666666665,0.016070112668807403,0.004017528167201851,0.004017528167201851,0.06338397405655352
g0_0.8_g1_1.6,0.8,1.6,256,48,1.65,6.897958159732068,-0.06666666666666665,0.018626836596295496,0.004656709149073874,0.004656709149073874,0.06824008462094602
g0_0.8_g1_1.6,0.8,1.6,256,48,1.6666666666666667,6.970568245623984,-0.06666666666666665,0.021176059890659307,0.005294014972664827,0.005294014972664827,0.0727599819451931
g0_0.8_g1_1.6,0.8,1.6,256,48,1.6833333333333333,7.043178331515901,-0.06666666666666665,0.02367960100552729,0.005919900251381822,0.005919900251381822,0.07694088803348856
g0_0.8_g1_1.6,0.8,1.6,256,48,1.7,7.115788417407817,-0.06666666666666665,0.026102138706237277,0.006525534676559319,0.006525534676559319,0.08078078160403822
g0_0.8_g1_1.6,0.8,1.6,256,48,1.7166666666666666,7.188398503299734,-0.06666666666666665,0.028411324126457273,0.007102831031614318,0.007102831031614318,0.08427829513946232
g0_0.8_g1_1.6,0.8,1.6,256,48,1.7333333333333334,7.2610085891916505,-0.06666666666666665,0.030577886922725582,0.0076444717306813955,0.0076444717306813955,0.08743266969892545
g0_0.8_g1_1.6,0.8,1.6,256,48,1.75,7.333618675083566,-0.06666666666666665,0.03257575566415737,0.008143938916039343,0.008143938916039343,0.0902437749434239
g0_0.8_g1_1.6,0.8,1.6,256,48,1.7666666666666666,7.406228760975483,-0.06666666666666665,0.03438220108355739,0.008595550270889348,0.008595550270889348,0.09271219051931276
g0_0.8_g1_1.6,0.8,1.6,256,48,1.7833333333333332,7.478838846867399,-0.06666666666666665,0.035977997143302215,0.008994499285825554,0.008994499285825554,0.09483933406464616
g0_0.8_g1_1.6,0.8,1.6,256,48,1.8,7.551448932759317,-0.06666666666666665,0.03734758204841293,0.009336895512103233,0.009336895512103233,0.0966276125758224
g0_0.8_g1_1.6,0.8,1.6,256,48,1.8166666666666667,7.6240590186512325,-0.06666666666666665,0.03847919221053826,0.009619798052634566,0.009619798052634566,0.09808056919000097
g0_0.8_g1_1.6,0.8,1.6,256,48,1.8333333333333333,7.696669104543149,-0.06666666666666665,0.03936493877555635,0.009841234693889088,0.009841234693889088,0.09920299740375332
g0_0.8_g1_1.6,0.8,1.6,256,48,1.8499999999999999,7.769279190435065,-0.06666666666666665,0.04000079948171651,0.010000199870429128,0.010000199870429128,0.10000099934715216
g0_0.8_g1_1.6,0.8,1.6,256,48,1.8666666666666667,7.841889276326983,-0.06666666666666665,0.04038650771887494,0.010096626929718735,0.010096626929718735,0.10048197315796867
g0_0.8_g1_1.6,0.8,1.6,256,48,1.8833333333333333,7.914499362218899,-0.06666666666666665,0.040525333861827974,0.010131333465456993,0.010131333465456993,0.10065452531037536
g0_0.8_g1_1.6,0.8,1.6,256,48,1.9,7.9871094481108145,-0.06666666666666665,0.04042376857331657,0.010105942143329142,0.010105942143329142,0.10052831513225088
g0_0.8_g1_1.6,0.8,1.6,256,48,1.9166666666666665,8.059719534002731,-0.06666666666666665,0.040091130908361416,0.010022782727090354,0.010022782727090354,0.10011384882767396
g0_0.8_g1_1.6,0.8,1.6,256,48,1.9333333333333333,8.132329619894648,-0.06666666666666665,0.03953913319369863,0.009884783298424658,0.009884783298424658,0.09942224750238077
g0_0.8_g1_1.6,0.8,1.6,256,48,1.95,8.204939705786565,-0.06666666666666665,0.038781438205336076,0.009695359551334019,0.009695359551334019,0.09846501689094467
g0_0.8_g1_1.6,0.8,1.6,256,48,1.9666666666666666,8.277549791678481,-0.06666666666666665,0.03783324171222044,0.00945831042805511,0.00945831042805511,0.09725384531243539
g0_0.8_g1_1.6,0.8,1.6,256,48,1.9833333333333334,8.350159877570398,-0.06666666666666665,0.03671090577791284,0.00917772644447821,0.00917772644447821,0.09580045117053577
g0_0.8_g1_1.6,0.8,1.6,256,48,2.0,8.422769963462315,-0.06666666666666665,0.035431657049938156,0.008857914262484539,0.008857914262484539,0.09411649304178593
g0_0.8_g1_1.6,0.8,1.6,256,48,2.0166666666666666,8.49538004935423,-0.06666666666666665,0.03401335189056082,0.008503337972640204,0.008503337972640204,0.09221354549435894
g0_0.8_g1_1.6,0.8,1.6,256,48,2.033333333333333,8.567990135246147,-0.06666666666666665,0.032474298941291745,0.008118574735322936,0.008118574735322936,0.09010313388180756
g0_0.8_g1_1.6,0.8,1.6,256,48,2.05,8.640600221138063,-0.06666666666666665,0.030833121503487753,0.007708280375871938,0.007708280375871938,0.08779681301660065
g0_0.8_g1_1.6,0.8,1.6,256,48,2.0666666666666664,8.71321030702998,-0.06666666666666665,0.02910863817339881,0.007277159543349702,0.007277159543349702,0.08530626907414075
g0_0.8_g1_1.6,0.8,1.6,256,48,2.083333333333333,8.785820392921897,-0.06666666666666665,0.027319740815800325,0.006829935203950081,0.006829935203950081,0.08264342202468435
g0_0.8_g1_1.6,0.8,1.6,256,48,2.0999999999999996,8.858430478813812,-0.06666666666666665,0.02548525363999444,0.00637131340999861,0.00637131340999861,0.07982050745265035
g0_0.8_g1_1.6,0.8,1.6,256,48,2.1166666666666663,8.931040564705729,-0.06666666666666665,0.023623764593108082,0.0059059411482770205,0.0059059411482770205,0.07685012132896747
g0_0.8_g1_1.6,0.8,1.6,256,48,2.133333333333333,9.003650650597645,-0.06666666666666665,0.021753428833241373,0.005438357208310343,0.005438357208310343,0.07374521820640538
g0_0.8_g1_1.6,0.8,1.6,256,48,2.1500000000000004,9.076260736489564,-0.06666666666666665,0.019891751955241666,0.0049729379888104165,0.0049729379888104165,0.07051906117363174
g0_0.8_g1_1.6,0.8,1.6,256,48,2.166666666666667,9.148870822381479,-0.06666666666666665,0.018055366462493283,0.004513841615623321,0.004513841615623321,0.06718512942328325
g0_0.8_g1_1.6,0.8,1.6,256,48,2.1833333333333336,9.221480908273396,-0.06666666666666665,0.01625981780053262,0.004064954450133155,0.004064954450133155,0.06375699530352065
g0_0.8_g1_1.6,0.8,1.6,256,48,2.2,9.294090994165312,-0.06666666666666665,0.01451937585777873,0.0036298439644446823,0.0036298439644446823,0.060248186399631004
g0_0.8_g1_1.6,0.8,1.6,256,48,2.216666666666667,9.36670108005723,-0.06666666666666665,0.01284688461587773,0.0032117211539694325,0.0032117211539694325,0.05667204914214266
g0_0.8_g1_1.6,0.8,1.6,256,48,2.2333333333333334,9.439311165949144,-0.06666666666666665,0.01125365751931509,0.0028134143798287724,0.0028134143798287724,0.05304162874411732
g0_0.8_g1_1.6,0.8,1.6,256,48,2.25,9.511921251841061,-0.06666666666666665,0.009749420311531165,0.0024373550778827914,0.0024373550778827914,0.049369576440180155
g0_0.8_g1_1.6,0.8,1.6,256,48,2.2666666666666666,9.58453133773298,-0.06666666666666665,0.008342297721602412,0.002085574430400603,0.002085574430400603,0.04566808984838979
g0_0.8_g1_1.6,0.8,1.6,256,48,2.283333333333333,9.657141423624894,-0.06666666666666665,0.007038836403212112,0.001759709100803028,0.001759709100803028,0.04194888676476442
g0_0.8_g1_1.6,0.8,1.6,256,48,2.3,9.729751509516811,-0.06666666666666665,0.005844054447299957,0.0014610136118249893,0.0014610136118249893,0.0382232077647205
g0_0.8_g1_1.6,0.8,1.6,256,48,2.3166666666666664,9.802361595408728,-0.06666666666666665,0.004761507682127847,0.0011903769205319618,0.0011903769205319618,0.03450183937896589
g0_0.8_g1_1.6,0.8,1.6,256,48,2.333333333333333,9.874971681300645,-0.06666666666666665,0.003793364510144342,0.0009483411275360855,0.0009483411275360855,0.030795147792080584
g0_0.8_g1_1.6,0.8,1.6,256,48,2.3499999999999996,9.94758176719256,-0.06666666666666665,0.0029404836058228834,0.0007351209014557209,0.0007351209014557209,0.0271131130904535
g0_0.8_g1_1.6,0.8,1.6,256,48,2.3666666666666663,10.020191853084476,-0.06666666666666665,0.0022024916979533618,0.0005506229244883404,0.0005506229244883404,0.023465355835536363
g0_0.8_g1_1.6,0.8,1.6,256,48,2.383333333333333,10.092801938976393,-0.06666666666666665,0.0015778612226995618,0.00039446530567489044,0.00039446530567489044,0.01986115066341551
g0_0.8_g1_1.6,0.8,1.6,256,48,2.4000000000000004,10.165412024868312,-0.06666666666666665,0.0010639893830902995,0.0002659973457725749,0.0002659973457725749,0.01630942505953459
g0_0.8_g1_1.6,0.8,1.6,256,48,2.416666666666667,10.238022110760227,-0.06666666666666665,0.0006572808675248117,0.00016432021688120294,0.00016432021688120294,0.01281874474670601
g0_0.8_g1_1.6,0.8,1.6,256,48,2.4333333333333336,10.310632196652143,-0.06666666666666665,0.0003532362126019654,8.830905315049134e-05,8.830905315049134e-05,0.009397289670457718
g0_0.8_g1_1.6,0.8,1.6,256,48,2.45,10.38324228254406,-0.06666666666666665,0.00014654680924352007,3.663670231088002e-05,3.663670231088002e-05,0.006052825977250628
g0_0.8_g1_1.6,0.8,1.6,256,48,2.466666666666667,10.455852368435975,-0.06666666666666665,3.119623552295607e-05,7.799058880739017e-06,7.799058880739017e-06,0.0027926795162959562
g0_0.8_g1_1.6,0.8,1.6,256,48,2.4833333333333334,10.528462454327892,-0.06666666666666665,5.663604981233181e-07,1.4159012453082953e-07,1.4159012453082953e-07,0.0003762846323341275
g0_0.8_g1_1.6,0.8,1.6,256,48,2.5,10.601072540219809,-0.06666666666666665,4.754582311040528e-05,1.188645577760132e-05,1.188645577760132e-05,0.0034476739662562816
g0_0.8_g1_1.6,0.8,1.6,256,48,2.5166666666666666,10.673682626111727,-0.06666666666666665,0.00016463822076867875,4.115955519216969e-05,4.115955519216969e-05,0.0064155713067637
g0_0.8_g1_1.6,0.8,1.6,256,48,2.533333333333333,10.746292712003642,-0.06666666666666665,0.00034406764186962715,8.601691046740679e-05,8.601691046740679e-05,0.009274530201978253
g0_0.8_g1_1.6,0.8,1.6,256,48,2.55,10.818902797895559,-0.06666666666666665,0.000577879891680539,0.00014446997292013474,0.00014446997292013474,0.012019566253410925
g0_0.8_g1_1.6,0.8,1.6,256,48,2.5666666666666664,10.891512883787476,-0.06666666666666665,0.0008580386431222638,0.00021450966078056594,0.00021450966078056594,0.014646148325773775
g0_0.8_g1_1.6,0.8,1.6,256,48,2.583333333333333,10.96412296967939,-0.06666666666666665,0.0011765165238489467,0.0002941291309622367,0.0002941291309622367,0.017150193321424593
g0_0.8_g1_1.6,0.8,1.6,256,48,2.5999999999999996,11.036733055571307,-0.06666666666666665,0.0015253816114261412,0.0003813454028565353,0.0003813454028565353,0.019528067053769946
g0_0.8_g1_1.6,0.8,1.6,256,48,2.6166666666666663,11.109343141463224,-0.06666666666666665,0.0018968798375356237,0.00047421995938390593,0.00047421995938390593,0.021776592005727295
g0_0.8_g1_1.6,0.8,1.6,256,48,2.633333333333333,11.181953227355141,-0.06666666666666665,0.0022835134164751205,0.0005708783541187801,0.0005708783541187801,0.02389306079427205
g0_0.8_g1_1.6,0.8,1.6,256,48,2.6500000000000004,11.254563313247058,-0.06666666666666665,0.0026781147467821722,0.0006695286866955431,0.0006695286866955431,0.02587525239868286
g0_0.8_g1_1.6,0.8,1.6,256,48,2.666666666666667,11.327173399138974,-0.06666666666666665,0.0030739144993242374,0.0007684786248310594,0.0007684786248310594,0.027721447019069177
g0_0.8_g1_1.6,0.8,1.6,256,48,2.6833333333333336,11.399783485030891,-0.06666666666666665,0.0034646020325766968,0.0008661505081441742,0.0008661505081441742,0.02943043506549256
g0_0.8_g1_1.6,0.8,1.6,256,48,2.7,11.472393570922808,-0.06666666666666665,0.0038443760576484212,0.0009610940144121053,0.0009610940144121053,0.031001516324401058
g0_0.8_g1_1.6,0.8,1.6,256,48,2.716666666666667,11.545003656814723,-0.06666666666666665,0.004207983714687085,0.0010519959286717712,0.0010519959286717712,0.03243448671817964
g0_0.8_g1_1.6,0.8,1.6,256,48,2.7333333333333334,11.61761374270664,-0.06666666666666665,0.0045507469073149485,0.0011376867268287371,0.0011376867268287371,0.033729612017168786
g0_0.8_g1_1.6,0.8,1.6,256,48,2.75,11.690223828598556,-0.06666666666666665,0.004868575750812961,0.0012171439377032403,0.0012171439377032403,0.03488759002429432
g0_0.8_g1_1.6,0.8,1.6,256,48,2.7666666666666666,11.762833914490473,-0.06666666666666665,0.005157970120341641,0.0012894925300854102,0.0012894925300854102,0.035909504731831236
g0_0.8_g1_1.6,0.8,1.6,256,48,2.783333333333333,11.83544400038239,-0.06666666666666665,0.005416011302847119,0.0013540028257117797,0.0013540028257117797,0.03679677738215372
g0_0.8_g1_1.6,0.8,1.6,256,48,2.8,11.908054086274307,-0.06666666666666665,0.005640346447896006,0.0014100866119740015,0.0014100866119740015,0.03755111998295126
g0_0.8_g1_1.6,0.8,1.6,256,48,2.8166666666666664,11.980664172166223,-0.06666666666666665,0.00582916873587976,0.00145729218396994,0.00145729218396994,0.03817449651233058
g0_0.8_g1_1.6,0.8,1.6,256,48,2.833333333333333,12.053274258058138,-0.06666666666666665,0.00598119589431002,0.001495298973577505,0.001495298973577505,0.0386690958463927
g0_0.8_g1_1.6,0.8,1.6,256,48,2.8499999999999996,12.125884343950055,-0.06666666666666665,0.006095648959325162,0.0015239122398312906,0.0015239122398312906,0.03903731855329321
g0_0.8_g1_1.6,0.8,1.6,256,48,2.8666666666666663,12.198494429841972,-0.06666666666666665,0.006172232156497873,0.0015430580391244684,0.0015430580391244684,0.0392817774435484
g0_0.8_g1_1.6,0.8,1.6,256,48,2.883333333333333,12.271104515733887,-0.06666666666666665,0.006211113675640545,0.0015527784189101363,0.0015527784189101363,0.03940530952689163
g0_0.8_g1_1.6,0.8,1.6,256,48,2.9000000000000004,12.343714601625805,-0.06666666666666665,0.0062129061628239165,0.0015532265407059791,0.0015532265407059791,0.039410995175280454
g0_0.8_g1_1.6,0.8,1.6,256,48,2.916666666666667,12.416324687517722,-0.06666666666666665,0.006178645138309357,0.0015446612845773392,0.0015446612845773392,0.039302179132680914
g0_0.8_g1_1.6,0.8,1.6,256,48,2.9333333333333336,12.488934773409639,-0.06666666666666665,0.0061097633876810225,0.0015274408469202556,0.0015274408469202556,0.03908248772686119
g0_0.8_g1_1.6,0.8,1.6,256,48,2.95,12.561544859301554,-0.06666666666666665,0.006008059686619708,0.001502014921654927,0.001502014921654927,0.038755837259113975
g0_0.8_g1_1.6,0.8,1.6,256,48,2.966666666666667,12.63415494519347,-0.06666666666666665,0.005875660932697267,0.0014689152331743168,0.0014689152331743168,0.03832642995602795
g0_0.8_g1_1.6,0.8,1.6,256,48,2.9833333333333334,12.706765031085387,-0.06666666666666665,0.005714977717646642,0.0014287444294116605,0.0014287444294116605,0.037798735817638936
g0_0.8_g1_1.6,0.8,1.6,256,48,3.0,12.779375116977304,-0.06666666666666665,0.005528654384288538,0.0013821635960721344,0.0013821635960721344,0.03717746086101274
g0_0.8_g1_1.6,0.8,1.6,256,48,3.0166666666666666,12.851985202869221,-0.06666666666666665,0.005319515475151032,0.001329878868787758,0.001329878868787758,0.036467504285154446
g0_0.8_g1_1.6,0.8,1.6,256,48,3.033333333333333,12.924595288761138,-0.06666666666666665,0.005090511034777395,0.0012726277586943488,0.0012726277586943488,0.03567390865456642
g0_0.8_g1_1.6,0.8,1.6,256,48,3.05,12.997205374653054,-0.06666666666666665,0.004844663383353142,0.0012111658458382854,0.0012111658458382854,0.03480180808288968
g0_0.8_g1_1.6,0.8,1.6,256,48,3.0666666666666664,13.06981546054497,-0.06666666666666665,0.004585017727072482,0.0011462544317681206,0.0011462544317681206,0.033856379484051756
g0_0.8_g1_1.6,0.8,1.6,256,48,3.083333333333333,13.142425546436886,-0.06666666666666665,0.004314598380794464,0.001078649595198616,0.001078649595198616,0.032842801269054624
g0_0.8_g1_1.6,0.8,1.6,256,48,3.0999999999999996,13.215035632328803,-0.06666666666666665,0.0040363715801298265,0.0010090928950324566,0.0010090928950324566,0.0317662225489978
g0_0.8_g1_1.6,0.8,1.6,256,48,3.1166666666666663,13.28764571822072,-0.06666666666666665,0.0037532150109544594,0.0009383037527386149,0.0009383037527386149,0.030631744200071514
g0_0.8_g1_1.6,0.8,1.6,256,48,3.133333333333333,13.360255804112635,-0.06666666666666665,0.0034678934377105064,0.0008669733594276266,0.0008669733594276266,0.02944441134455954
g0_0.8_g1_1.6,0.8,1.6,256,48,3.1500000000000004,13.432865890004553,-0.06666666666666665,0.0031830392872351995,0.0007957598218087999,0.0007957598218087999,0.02820921519306767
g0_0.8_g1_1.6,0.8,1.6,256,48,3.166666666666667,13.50547597589647,-0.06666666666666665,0.0029011368082848096,0.0007252842020712024,0.0007252842020712024,0.026931101018547357
g0_0.8_g1_1.6,0.8,1.6,256,48,3.1833333333333336,13.578086061788387,-0.06666666666666665,0.002624508483601312,0.000656127120900328,0.000656127120900328,0.025614978448172232
g0_0.8_g1_1.6,0.8,1.6,256,48,3.2,13.650696147680302,-0.06666666666666665,0.002355302670869396,0.000588825667717349,0.000588825667717349,0.024265730314938987
g0_0.8_g1_1.6,0.8,1.6,256,48,3.216666666666667,13.723306233572218,-0.06666666666666665,0.002095481900530985,0.0005238704751327463,0.0005238704751327463,0.02288821694961725
g0_0.8_g1_1.6,0.8,1.6,256,48,3.2333333333333334,13.795916319464135,-0.06666666666666665,0.0018468117529757831,0.0004617029382439458,0.0004617029382439458,0.021487273867197433
g0_0.8_g1_1.6,0.8,1.6,256,48,3.25,13.86852640535605,-0.06666666666666665,0.001610850670598665,0.00040271266764966624,0.00040271266764966624,0.020067702101876694
g0_0.8_g1_1.6,0.8,1.6,256,48,3.2666666666666666,13.941136491247969,-0.06666666666666665,0.0013889413518426315,0.0003472353379606579,0.0003472353379606579,0.018634251741367503
g0_0.8_g1_1.6,0.8,1.6,256,48,3.283333333333333,14.013746577139885,-0.06666666666666665,0.0011822044827102774,0.00029555112067756935,0.00029555112067756935,0.017191600294259094
g0_0.8_g1_1.6,0.8,1.6,256,48,3.3,14.086356663031802,-0.06666666666666665,0.0009915354863467315,0.0002478838715866829,0.0002478838715866829,0.015744328235484766
g0_0.8_g1_1.6,0.8,1.6,256,48,3.3166666666666664,14.158966748923717,-0.06666666666666665,0.0008176047502214449,0.0002044011875553612,0.0002044011875553612,0.014296894332524152
g0_0.8_g1_1.6,0.8,1.6,256,48,3.333333333333333,14.231576834815634,-0.06666666666666665,0.0006608614851027495,0.00016521537127568738,0.00016521537127568738,0.012853613160340846
g0_0.8_g1_1.6,0.8,1.6,256,48,3.3499999999999996,14.30418692070755,-0.06666666666666665,0.0005215410512933269,0.00013038526282333173,0.00013038526282333173,0.011418636644684501
g0_0.8_g1_1.6,0.8,1.6,256,48,3.3666666666666663,14.376797006599467,-0.06666666666666665,0.00039967531925508173,9.991882981377043e-05,9.991882981377043e-05,0.009995940666779212
g0_0.8_g1_1.6,0.8,1.6,256,48,3.383333333333333,14.449407092491382,-0.06666666666666665,0.0002951054580000158,7.377636450000394e-05,7.377636450000394e-05,0.008589316882034563
g0_0.8_g1_1.6,0.8,1.6,256,48,3.4000000000000004,14.522017178383301,-0.06666666666666665,0.0002074964833718869,5.187412084297172e-05,5.187412084297172e-05,0.007202369113213493
g0_0.8_g1_1.6,0.8,1.6,256,48,3.416666666666667,14.594627264275218,-0.06666666666666665,0.00013635294113486095,3.4088235283715237e-05,3.4088235283715237e-05,0.005838513105553094
g0_0.8_g1_1.6,0.8,1.6,256,48,3.4333333333333336,14.667237350167133,-0.06666666666666665,8.103521747341746e-05,2.0258804368354365e-05,2.0258804368354365e-05,0.004500978156840396
g0_0.8_g1_1.6,0.8,1.6,256,48,3.45,14.73984743605905,-0.06666666666666665,4.077612175181657e-05,1.0194030437954143e-05,1.0194030437954143e-05,0.003192809176564447
g0_0.8_g1_1.6,0.8,1.6,256,48,3.466666666666667,14.812457521950966,-0.06666666666666665,1.469753236268915e-05,3.6743830906722877e-06,3.6743830906722877e-06,0.0019168680420603521
g0_0.8_g1_1.6,0.8,1.6,256,48,3.4833333333333334,14.885067607842883,-0.06666666666666665,1.827004302902613e-06,4.567510757256532e-07,4.567510757256532e-07,0.0006758336154155497
g0_0.8_g1_1.6,0.8,1.6,256,48,3.5,14.957677693734798,-0.06666666666666665,1.1142898822674481e-06,2.7857247056686203e-07,2.7857247056686203e-07,0.0005277996500253311
g0_0.8_g1_1.6,0.8,1.6,256,48,3.5166666666666666,15.030287779626715,-0.06666666666666665,1.1447721731469101e-05,2.8619304328672753e-06,2.8619304328672753e-06,0.001691724100693513
g0_0.8_g1_1.6,0.8,1.6,256,48,3.533333333333333,15.102897865518633,-0.06666666666666665,3.167036461435395e-05,7.917591153588487e-06,7.917591153588487e-06,0.0028138214501969537
g0_0.8_g1_1.6,0.8,1.6,256,48,3.55,15.17550795141055,-0.06666666666666665,6.0595783033927444e-05,1.5148945758481861e-05,1.5148945758481861e-05,0.00389216466230321
g0_0.8_g1_1.6,0.8,1.6,256,48,3.5666666666666664,15.248118037302465,-0.06666666666666665,9.702322065541891e-05,2.425580516385473e-05,2.425580516385473e-05,0.004925018290712709
g0_0.8_g1_1.6,0.8,1.6,256,48,3.583333333333333,15.320728123194382,-0.06666666666666665,0.0001397519655288857,3.493799138222143e-05,3.493799138222143e-05,0.005910836775129341
g0_0.8_g1_1.6,0.8,1.6,256,48,3.5999999999999996,15.393338209086298,-0.06666666666666665,0.00018759469237026046,4.6898673092565114e-05,4.6898673092565114e-05,0.006848260588833132
g0_0.8_g1_1.6,0.8,1.6,256,48,3.6166666666666663,15.465948294978213,-0.06666666666666665,0.00023938962816083754,5.9847407040209384e-05,5.9847407040209384e-05,0.007736110588674995
g0_0.8_g1_1.6,0.8,1.6,256,48,3.633333333333333,15.53855838087013,-0.06666666666666665,0.00029401146767031,7.35028669175775e-05,7.35028669175775e-05,0.008573381300139257
g0_0.8_g1_1.6,0.8,1.6,256,48,3.6500000000000004,15.611168466762049,-0.06666666666666665,0.0003503810518858878,8.759526297147195e-05,8.759526297147195e-05,0.009359234101755974
g0_0.8_g1_1.6,0.8,1.6,256,48,3.666666666666667,15.683778552653965,-0.06666666666666665,0.0004074738938760419,0.00010186847346901048,0.00010186847346901048,0.010092991304316599
g0_0.8_g1_1.6,0.8,1.6,256,48,3.6833333333333336,15.75638863854588,-0.06666666666666665,0.00046432767640434795,0.00011608191910108699,0.00011608191910108699,0.010774131941882231
g0_0.8_g1_1.6,0.8,1.6,256,48,3.7,15.828998724437797,-0.06666666666666665,0.000520048844912587,0.00013001221122814675,0.00013001221122814675,0.01140228973619539
g0_0.8_g1_1.6,0.8,1.6,256,48,3.716666666666667,15.901608810329714,-0.06666666666666665,0.0005738183798733621,0.00014345459496834052,0.00014345459496834052,0.011977253231369058
g0_0.8_g1_1.6,0.8,1.6,256,48,3.7333333333333334,15.974218896221629,-0.06666666666666665,0.0006248967653236048,0.0001562241913309012,0.0001562241913309012,0.012498967610602934
g0_0.8_g1_1.6,0.8,1.6,256,48,3.75,16.046828982113546,-0.06666666666666665,0.0006726280939295781,0.00016815702348239452,0.00016815702348239452,0.01296753729442852
g0_0.8_g1_1.6,0.8,1.6,256,48,3.7666666666666666,16.119439068005462,-0.06666666666666665,0.0007164431839890604,0.0001791107959972651,0.0001791107959972651,0.013383228160547257
g0_0.8_g1_1.6,0.8,1.6,256,48,3.783333333333333,16.19204915389738,-0.06666666666666665,0.0007558615486523951,0.00018896538716309879,0.00018896538716309879,0.013746468170519248
g0_0.8_g1_1.6,0.8,1.6,256,48,3.8,16.264659239789296,-0.06666666666666665,0.0007904920638448305,0.00019762301596120763,0.00019762301596120763,0.014057845352727694
g0_0.8_g1_1.6,0.8,1.6,256,48,3.8166666666666664,16.337269325681213,-0.06666666666666665,0.0008200322309272372,0.0002050080577318093,0.0002050080577318093,0.014318102448711886
g0_0.8_g1_1.6,0.8,1.6,256,48,3.833333333333333,16.40987941157313,-0.06666666666666665,0.0008442660151498487,0.00021106650378746217,0.00021106650378746217,0.014528128020755536
g0_0.8_g1_1.6,0.8,1.6,256,48,3.8499999999999996,16.482489497465046,-0.06666666666666665,0.0008630603454542414,0.00021576508636356035,0.00021576508636356035,0.014688944358379207
g0_0.8_g1_1.6,0.8,1.6,256,48,3.8666666666666663,16.555099583356963,-0.06666666666666665,0.0008763604647302318,0.00021909011618255795,0.00021909011618255795,0.014801693017440875
g0_0.8_g1_1.6,0.8,1.6,256,48,3.883333333333333,16.627709669248876,-0.06666666666666665,0.000884184401872172,0.000221046100468043,0.000221046100468043,0.014867619192999362
g0_0.8_g1_1.6,0.8,1.6,256,48,3.9000000000000004,16.700319755140796,-0.06666666666666665,0.0008866168820243803,0.00022165422050609508,0.00022165422050609508,0.014888056303832784
g0_0.8_g1_1.6,0.8,1.6,256,48,3.916666666666667,16.772929841032713,-0.06666666666666665,0.0008838029910913018,0.00022095074777282546,0.00022095074777282546,0.014864412123351043
g0_0.8_g1_1.6,0.8,1.6,256,48,3.9333333333333336,16.84553992692463,-0.06666666666666665,0.0008759418659821035,0.00021898546649552587,0.00021898546649552587,0.014798157537191103
g0_0.8_g1_1.6,0.8,1.6,256,48,3.95,16.918150012816543,-0.06666666666666665,0.0008632806029035781,0.00021582015072589452,0.00021582015072589452,0.01469081858597044
g0_0.8_g1_1.6,0.8,1.6,256,48,3.966666666666667,16.99076009870846,-0.06666666666666665,0.0008461084784342541,0.00021152711960856351,0.00021152711960856351,0.014543971933710664
g0_0.8_g1_1.6,0.8,1.6,256,48,3.9833333333333334,17.063370184600377,-0.06666666666666665,0.0008247514811073444,0.0002061878702768361,0.0002061878702768361,0.01435924337410701
g0_0.8_g1_1.6,0.8,1.6,256,48,4.0,17.135980270492293,-0.06666666666666665,0.0007995670727593559,0.00019989176818983897,0.00019989176818983897,0.014138308533549512
g0_0.8_g1_1.6,0.8,1.6,256,48,4.016666666666667,17.20859035638421,-0.06666666666666665,0.0007709390523996428,0.0001927347630999107,0.0001927347630999107,0.013882894622516974
g0_0.8_g1_1.6,0.8,1.6,256,48,4.033333333333333,17.281200442276127,-0.06666666666666665,0.0007392723872913596,0.0001848180968228399,0.0001848180968228399,0.01359478197040467
g0_0.8_g1_1.6,0.8,1.6,256,48,4.05,17.353810528168044,-0.06666666666666665,0.0007049879049389357,0.0001762469762347339,0.0001762469762347339,0.013275804165275034
g0_0.8_g1_1.6,0.8,1.6,256,48,4.066666666666666,17.42642061405996,-0.06666666666666665,0.0006685167972207833,0.00016712919930519582,0.00016712919930519582,0.012927845888050949
g0_0.8_g1_1.6,0.8,1.6,256,48,4.083333333333333,17.499030699951877,-0.06666666666666665,0.0006302949604169674,0.00015757374010424185,0.00015757374010424185,0.01255283793029456
g0_0.8_g1_1.6,0.8,1.6,256,48,4.1,17.571640785843794,-0.06666666666666665,0.0005907572667287797,0.00014768931668219493,0.00014768931668219493,0.012152749346637366
g0_0.8_g1_1.6,0.8,1.6,256,48,4.116666666666666,17.64425087173571,-0.06666666666666665,0.0005503319196204485,0.00013758297990511213,0.00013758297990511213,0.011729577140933603
g0_0.8_g1_1.6,0.8,1.6,256,48,4.133333333333333,17.716860957627624,-0.06666666666666665,0.0005094350764455339,0.00012735876911138346,0.00012735876911138346,0.011285334248988085
g0_0.8_g1_1.6,0.8,1.6,256,48,4.1499999999999995,17.78947104351954,-0.06666666666666665,0.0004684659226315488,0.0001171164806578872,0.0001171164806578872,0.0108220368072691
g0_0.8_g1_1.6,0.8,1.6,256,48,4.166666666666666,17.862081129411457,-0.06666666666666665,0.00042780235370920377,0.00010695058842730094,0.00010695058842730094,0.010341691758474575
g0_0.8_g1_1.6,0.8,1.6,256,48,4.183333333333333,17.934691215303374,-0.06666666666666665,0.00038779737163104766,9.694934290776191e-05,9.694934290776191e-05,0.009846285741728295
g0_0.8_g1_1.6,0.8,1.6,256,48,4.199999999999999,18.00730130119529,-0.06666666666666665,0.000348776240619465,8.719406015486626e-05,8.719406015486626e-05,0.009337775974763277
g0_0.8_g1_1.6,0.8,1.6,256,48,4.216666666666667,18.07991138708721,-0.06666666666666665,0.00031103438684606323,7.775859671151581e-05,7.775859671151581e-05,0.008818083505587583
g0_0.8_g1_1.6,0.8,1.6,256,48,4.233333333333333,18.152521472979128,-0.06666666666666665,0.00027483597592549024,6.870899398137256e-05,6.870899398137256e-05,0.008289088851096516
g0_0.8_g1_1.6,0.8,1.6,256,48,4.25,18.225131558871045,-0.06666666666666665,0.0002404130696780744,6.01032674195186e-05,6.01032674195186e-05,0.0077526297099447875
g0_0.8_g1_1.6,0.8,1.6,256,48,4.266666666666667,18.297741644762958,-0.06666666666666665,0.00020796525181600946,5.1991312954002364e-05,5.1991312954002364e-05,0.007210500187504495
g0_0.8_g1_1.6,0.8,1.6,256,48,4.283333333333333,18.370351730654875,-0.06666666666666665,0.00017765961975263093,4.441490493815773e-05,4.441490493815773e-05,0.006664450835452066
g0_0.8_g1_1.6,0.8,1.6,256,48,4.3,18.44296181654679,-0.06666666666666665,0.0001496310617176397,3.740776542940993e-05,3.740776542940993e-05,0.006116188799359445
g0_0.8_g1_1.6,0.8,1.6,256,48,4.316666666666666,18.515571902438708,-0.06666666666666665,0.00012398276776963017,3.099569194240754e-05,3.099569194240754e-05,0.005567377474395601
g0_0.8_g1_1.6,0.8,1.6,256,48,4.333333333333333,18.588181988330625,-0.06666666666666665,0.00010078695269100923,2.5196738172752308e-05,2.5196738172752308e-05,0.0050196352629202365
g0_0.8_g1_1.6,0.8,1.6,256,48,4.35,18.66079207422254,-0.06666666666666665,8.008579183349763e-05,2.0021447958374408e-05,2.0021447958374408e-05,0.004474533267098861
g0_0.8_g1_1.6,0.8,1.6,256,48,4.366666666666666,18.73340216011446,-0.06666666666666665,6.189258374938537e-05,1.5473145937346344e-05,1.5473145937346344e-05,0.003933591989180671
g0_0.8_g1_1.6,0.8,1.6,256,48,4.383333333333333,18.80601224600637,-0.06666666666666665,4.619315471247559e-05,1.1548288678118897e-05,1.1548288678118897e-05,0.003398277310361663
g0_0.8_g1_1.6,0.8,1.6,256,48,4.3999999999999995,18.87862233189829,-0.06666666666666665,3.2947511513621954e-05,8.236877878405489e-06,8.236877878405489e-06,0.0028699961460610865
g0_0.8_g1_1.6,0.8,1.6,256,48,4.416666666666666,18.951232417790205,-0.06666666666666665,2.2091733716095468e-05,5.522933429023867e-06,5.522933429023867e-06,0.002350092217131887
g0_0.8_g1_1.6,0.8,1.6,256,48,4.433333333333333,19.023842503682122,-0.06666666666666665,1.3540079333462567e-05,3.3850198333656417e-06,3.3850198333656417e-06,0.0018398423392686782
g0_0.8_g1_1.6,0.8,1.6,256,48,4.449999999999999,19.09645258957404,-0.06666666666666665,7.187262926212881e-06,1.7968157315532202e-06,1.7968157315532202e-06,0.001340453554418511
g0_0.8_g1_1.6,0.8,1.6,256,48,4.466666666666667,19.16906267546596,-0.06666666666666665,2.9108555535307707e-06,7.277138883826927e-07,7.277138883826927e-07,0.0008530614798375863
g0_0.8_g1_1.6,0.8,1.6,256,48,4.483333333333333,19.241672761357876,-0.06666666666666665,5.73753311608096e-07,1.43438327902024e-07,1.43438327902024e-07,0.00037873252818054065
g0_0.8_g1_1.6,0.8,1.6,256,48,4.5,19.31428284724979,-0.06666666666666665,2.666497660504609e-08,6.666244151261522e-09,6.666244151261522e-09,8.164707068389853e-05
g0_0.8_g1_1.6,0.8,1.6,256,48,4.516666666666667,19.386892933141706,-0.06666666666666665,1.1105777029969984e-06,2.776444257492496e-07,2.776444257492496e-07,0.0005269197526656689
g0_0.8_g1_1.6,0.8,1.6,256,48,4.533333333333333,19.459503019033622,-0.06666666666666665,3.6591701202446757e-06,9.147925300611689e-07,9.147925300611689e-07,0.0009564478710631171
g0_0.8_g1_1.6,0.8,1.6,256,48,4.55,19.53211310492554,-0.06666666666666665,7.501151765221926e-06,1.8752879413054814e-06,1.8752879413054814e-06,0.0013694115310254552
g0_0.8_g1_1.6,0.8,1.6,256,48,4.566666666666666,19.604723190817456,-0.06666666666666665,1.2462514458346473e-05,3.1156286145866183e-06,3.1156286145866183e-06,0.0017651143347065703
g0_0.8_g1_1.6,0.8,1.6,256,48,4.583333333333333,19.677333276709373,-0.06666666666666665,1.8368683956130235e-05,4.592170989032559e-06,4.592170989032559e-06,0.0021429351341168868
g0_0.8_g1_1.6,0.8,1.6,256,48,4.6,19.74994336260129,-0.06666666666666665,2.5046559227320078e-05,6.2616398068300195e-06,6.2616398068300195e-06,0.0025023268784932994
g0_0.8_g1_1.6,0.8,1.6,256,48,4.616666666666666,19.822553448493203,-0.06666666666666665,3.2326423319588776e-05,8.081605829897194e-06,8.081605829897194e-06,0.002842816531170662
g0_0.8_g1_1.6,0.8,1.6,256,48,4.633333333333333,19.89516353438512,-0.06666666666666665,4.00437059674136e-05,1.00109264918534e-05,1.00109264918534e-05,0.003164004818557235
g0_0.8_g1_1.6,0.8,1.6,256,48,4.6499999999999995,19.967773620277036,-0.06666666666666665,4.804057586970775e-05,1.2010143967426937e-05,1.2010143967426937e-05,0.0034655654614257304
g0_0.8_g1_1.6,0.8,1.6,256,48,4.666666666666666,20.040383706168953,-0.06666666666666665,5.616734148427235e-05,1.4041835371068088e-05,1.4041835371068088e-05,0.003747243703186128
g0_0.8_g1_1.6,0.8,1.6,256,48,4.683333333333333,20.11299379206087,-0.06666666666666665,6.428364390351298e-05,1.6070910975878246e-05,1.6070910975878246e-05,0.004008854072659448
g0_0.8_g1_1.6,0.8,1.6,256,48,4.699999999999999,20.185603877952786,-0.06666666666666665,7.22594335019111e-05,1.8064858375477775e-05,1.8064858375477775e-05,0.0042502774468824705
g0_0.8_g1_1.6,0.8,1.6,256,48,4.716666666666667,20.258213963844707,-0.06666666666666665,7.997573225056557e-05,1.9993933062641392e-05,1.9993933062641392e-05,0.0044714575993339565
g0_0.8_g1_1.6,0.8,1.6,256,48,4.733333333333333,20.330824049736623,-0.06666666666666665,8.73251939497257e-05,2.1831298487431425e-05,2.1831298487431425e-05,0.004672397509569517
g0_0.8_g1_1.6,0.8,1.6,256,48,4.75,20.403434135628537,-0.06666666666666665,9.42124830882545e-05,2.3553120772063624e-05,2.3553120772063624e-05,0.00485315575394646
g0_0.8_g1_1.6,0.8,1.6,256,48,4.766666666666667,20.476044221520453,-0.06666666666666665,0.00010055449792759098,2.5138624481897744e-05,2.5138624481897744e-05,0.005013843284537097
g0_0.8_g1_1.6,0.8,1.6,256,48,4.783333333333333,20.54865430741237,-0.06666666666666665,0.00010628046382830677,2.6570115957076692e-05,2.6570115957076692e-05,0.005154620835432679
g0_0.8_g1_1.6,0.8,1.6,256,48,4.8,20.621264393304287,-0.06666666666666665,0.00011133191887137558,2.7832979717843894e-05,2.7832979717843894e-05,0.005275697083594157
g0_0.8_g1_1.6,0.8,1.6,256,48,4.816666666666666,20.693874479196204,-0.06666666666666665,0.00011566260651431397,2.8915651628578492e-05,2.8915651628578492e-05,0.005377327554517996
g0_0.8_g1_1.6,0.8,1.6,256,48,4.833333333333333,20.76648456508812,-0.06666666666666665,0.00011923828112533155,2.9809570281332887e-05,2.9809570281332887e-05,0.005459814125163318
g0_0.8_g1_1.6,0.8,1.6,256,48,4.85,20.839094650980037,-0.06666666666666665,0.00012203642384151279,3.0509105960378196e-05,3.0509105960378196e-05,0.0055235048619855665
g0_0.8_g1_1.6,0.8,1.6,256,48,4.866666666666666,20.91170473687195,-0.06666666666666665,0.00012404586024999462,3.1011465062498655e-05,3.1011465062498655e-05,0.005568793860657679
g0_0.8_g1_1.6,0.8,1.6,256,48,4.883333333333333,20.984314822763867,-0.06666666666666665,0.00012526626928636872,3.131656732159218e-05,3.131656732159218e-05,0.005596120738653892
g0_0.8_g1_1.6,0.8,1.6,256,48,4.8999999999999995,21.056924908655784,-0.06666666666666665,0.00012570757502401692,3.142689375600423e-05,3.142689375600423e-05,0.00560596947512241
g0_0.8_g1_1.6,0.8,1.6,256,48,4.916666666666666,21.1295349945477,-0.06666666666666665,0.00012538921928347465,3.1347304820868663e-05,3.1347304820868663e-05,0.005598866387124153
g0_0.8_g1_1.6,0.8,1.6,256,48,4.933333333333333,21.202145080439617,-0.06666666666666665,0.00012433932196691784,3.108483049172946e-05,3.108483049172946e-05,0.005575377161388229
g0_0.8_g1_1.6,0.8,1.6,256,48,4.949999999999999,21.274755166331534,-0.06666666666666665,0.0001225937459046491,3.0648436476162276e-05,3.0648436476162276e-05,0.005536103004475466
g0_0.8_g1_1.6,0.8,1.6,256,48,4.966666666666667,21.347365252223454,-0.06666666666666665,0.00012019509180862624,3.004877295215656e-05,3.004877295215656e-05,0.005481676107921423
g0_0.8_g1_1.6,0.8,1.6,256,48,4.983333333333333,21.419975338115368,-0.06666666666666665,0.00011719165493461454,2.9297913733653635e-05,2.9297913733653635e-05,0.00541275472690696
g0_0.8_g1_1.6,0.8,1.6,256,48,5.0,21.492585424007284,-0.06666666666666665,0.00011363637713189781,2.8409094282974452e-05,2.8409094282974452e-05,0.0053300182253885825
g0_0.8_g1_1.6,0.8,1.6,256,48,5.016666666666667,21.5651955098992,-0.06666666666666665,0.00010958582578232585,2.7396456445581462e-05,2.7396456445581462e-05,0.005234162439739663
g0_0.8_g1_1.6,0.8,1.6,256,48,5.033333333333333,21.637805595791118,-0.06666666666666665,0.00010509922520582273,2.6274806301455683e-05,2.6274806301455683e-05,0.005125895658463571
g0_0.8_g1_1.6,0.8,1.6,256,48,5.05,21.710415681683035,-0.06666666666666665,0.00010023755762955554,2.5059389407388884e-05,2.5059389407388884e-05,0.0050059354178204184
g0_0.8_g1_1.6,0.8,1.6,256,48,5.066666666666666,21.78302576757495,-0.06666666666666665,9.506274138593687e-05,2.376568534648422e-05,2.376568534648422e-05,0.004875006189379067
g0_0.8_g1_1.6,0.8,1.6,256,48,5.083333333333333,21.855635853466868,-0.06666666666666665,8.963688529178605e-05,2.2409221322946513e-05,2.2409221322946513e-05,0.0047338379062813836
g0_0.8_g1_1.6,0.8,1.6,256,48,5.1,21.92824593935878,-0.06666666666666665,8.402161157938006e-05,2.1005402894845016e-05,2.1005402894845016e-05,0.004583165161200828
g0_0.8_g1_1.6,0.8,1.6,256,48,5.116666666666666,22.000856025250698,-0.06666666666666665,7.827743619470104e-05,1.956935904867526e-05,1.956935904867526e-05,0.004423726827989637
g0_0.8_g1_1.6,0.8,1.6,256,48,5.133333333333333,22.073466111142615,-0.06666666666666665,7.246319499633864e-05,1.811579874908466e-05,1.811579874908466e-05,0.00425626582218318
g0_0.8_g1_1.6,0.8,1.6,256,48,5.1499999999999995,22.14607619703453,-0.06666666666666665,6.663550698311585e-05,1.6658876745778963e-05,1.6658876745778963e-05,0.004081528726565448
g0_0.8_g1_1.6,0.8,1.6,256,48,5.166666666666666,22.21868628292645,-0.06666666666666665,6.084827024154718e-05,1.5212067560386796e-05,1.5212067560386796e-05,0.0039002650628369856
g0_0.8_g1_1.6,0.8,1.6,256,48,5.183333333333333,22.291296368818365,-0.06666666666666665,5.5152191638066333e-05,1.3788047909516583e-05,1.3788047909516583e-05,0.0037132260784278385
g0_0.8_g1_1.6,0.8,1.6,256,48,5.199999999999999,22.363906454710282,-0.06666666666666665,4.959435616134927e-05,1.2398589040337317e-05,1.2398589040337317e-05,0.003521163023822856
g0_0.8_g1_1.6,0.8,1.6,256,48,5.216666666666667,22.436516540602202,-0.06666666666666665,4.4217845239925645e-05,1.1054461309981411e-05,1.1054461309981411e-05,0.0033248250044147303
g0_0.8_g1_1.6,0.8,1.6,256,48,5.233333333333333,22.509126626494115,-0.06666666666666665,3.906141470966731e-05,9.765353677416827e-06,9.765353677416827e-06,0.0031249565880851573
g0_0.8_g1_1.6,0.8,1.6,256,48,5.25,22.581736712386032,-0.06666666666666665,3.4159242253524074e-05,8.539810563381019e-06,8.539810563381019e-06,0.0029222954271224903
g0_0.8_g1_1.6,0.8,1.6,256,48,5.266666666666667,22.65434679827795,-0.06666666666666665,2.9540751405089824e-05,7.385187851272456e-06,7.385187851272456e-06,0.0027175702109186535
g0_0.8_g1_1.6,0.8,1.6,256,48,5.283333333333333,22.726956884169866,-0.06666666666666665,2.5230515260567897e-05,6.307628815141974e-06,6.307628815141974e-06,0.0025114993161739012
g0_0.8_g1_1.6,0.8,1.6,256,48,5.3,22.799566970061782,-0.06666666666666665,2.124823870696552e-05,5.31205967674138e-06,5.31205967674138e-06,0.0023047905928177902
g0_0.8_g1_1.6,0.8,1.6,256,48,5.316666666666666,22.8721770559537,-0.06666666666666665,1.7608814049913532e-05,4.402203512478383e-06,4.402203512478383e-06,0.002098142872274999
g0_0.8_g1_1.6,0.8,1.6,256,48,5.333333333333333,22.944787141845616,-0.06666666666666665,1.4322442027335664e-05,3.580610506833916e-06,3.580610506833916e-06,0.001892250117408879
g0_0.8_g1_1.6,0.8,1.6,256,48,5.35,23.01739722773753,-0.06666666666666665,1.1394808649263061e-05,2.8487021623157654e-06,2.8487021623157654e-06,0.0016878098714949398
g0_0.8_g1_1.6,0.8,1.6,256,48,5.366666666666666,23.090007313629446,-0.06666666666666665,8.827308114489765e-06,2.2068270286224413e-06,2.2068270286224413e-06,0.001485539305647091
g0_0.8_g1_1.6,0.8,1.6,256,48,5.383333333333333,23.162617399521363,-0.06666666666666665,6.61730295078906e-06,1.654325737697265e-06,1.654325737697265e-06,0.0012862059468441533
g0_0.8_g1_1.6,0.8,1.6,256,48,5.3999999999999995,23.23522748541328,-0.06666666666666665,4.758414058253766e-06,1.1896035145634415e-06,1.1896035145634415e-06,0.001090689467522008
g0_0.8_g1_1.6,0.8,1.6,256,48,5.416666666666666,23.307837571305196,-0.06666666666666665,3.2408350027058475e-06,8.102087506764619e-07,8.102087506764619e-07,0.0009001159651269729
g0_0.8_g1_1.6,0.8,1.6,256,48,5.433333333333333,23.380447657197113,-0.06666666666666665,2.05166627164174e-06,5.12916567910435e-07,5.12916567910435e-07,0.0007161819377158537
g0_0.8_g1_1.6,0.8,1.6,256,48,5.449999999999999,23.45305774308903,-0.06666666666666665,1.1752659881243432e-06,2.938164970310858e-07,2.938164970310858e-07,0.0005420484268320367
g0_0.8_g1_1.6,0.8,1.6,256,48,5.466666666666667,23.525667828980946,-0.06666666666666665,5.936136962309354e-07,1.4840342405773386e-07,1.4840342405773386e-07,0.000385231649865031
g0_0.8_g1_1.6,0.8,1.6,256,48,5.483333333333333,23.598277914872863,-0.06666666666666665,2.8668339258888244e-07,7.167084814722061e-08,7.167084814722061e-08,0.0002677141164511513
g0_0.8_g1_1.6,0.8,1.6,256,48,5.5,23.67088800076478,-0.06666666666666665,2.3282122759267683e-07,5.820530689816921e-08,5.820530689816921e-08,0.00024125776028590087
g0_0.8_g1_1.6,0.8,1.6,256,48,5.516666666666667,23.743498086656697,-0.06666666666666665,4.0912254147967693e-07,1.0228063536991923e-07,1.0228063536991923e-07,0.0003198134383823157
g0_0.8_g1_1.6,0.8,1.6,256,48,5.533333333333333,23.816108172548613,-0.06666666666666665,7.9180241378481e-07,1.979506034462025e-07,1.979506034462025e-07,0.0004449164005138521
g0_0.8_g1_1.6,0.8,1.6,256,48,5.55,23.88871825844053,-0.06666666666666665,1.3565538748294587e-06,3.391384687073647e-07,3.391384687073647e-07,0.0005823559639149964
g0_0.8_g1_1.6,0.8,1.6,256,48,5.566666666666666,23.961328344332447,-0.06666666666666665,2.0788884066484776e-06,5.197221016621194e-07,5.197221016621194e-07,0.0007209175415136737
g0_0.8_g1_1.6,0.8,1.6,256,48,5.583333333333333,24.03393843022436,-0.06666666666666665,2.9344542644540657e-06,7.336135661135164e-07,7.336135661135164e-07,0.000856512443641957
g0_0.8_g1_1.6,0.8,1.6,256,48,5.6,24.106548516116277,-0.06666666666666665,3.899329290783565e-06,9.748323226958913e-07,9.748323226958913e-07,0.0009873359725523481
g0_0.8_g1_1.6,0.8,1.6,256,48,5.616666666666666,24.179158602008194,-0.06666666666666665,4.950286036474444e-06,1.237571509118611e-06,1.237571509118611e-06,0.001112461913558667
g0_0.8_g1_1.6,0.8,1.6,256,48,5.633333333333333,24.25176868790011,-0.06666666666666665,6.065027923866315e-06,1.5162569809665787e-06,1.5162569809665787e-06,0.0012313638702538656
g0_0.8_g1_1.6,0.8,1.6,256,48,5.6499999999999995,24.324378773792027,-0.06666666666666665,7.222395737595684e-06,1.805598934398921e-06,1.805598934398921e-06,0.0013437257660694466
g0_0.8_g1_1.6,0.8,1.6,256,48,5.666666666666666,24.396988859683944,-0.06666666666666665,8.402543864027375e-06,2.1006359660068437e-06,2.1006359660068437e-06,0.0014493570871275455
g0_0.8_g1_1.6,0.8,1.6,256,48,5.683333333333333,24.46959894557586,-0.06666666666666665,9.58708549564434e-06,2.396771373911085e-06,2.396771373911085e-06,0.0015481509532054957
g0_0.8_g1_1.6,0.8,1.6,256,48,5.699999999999999,24.542209031467774,-0.06666666666666665,1.0759205643805276e-05,2.689801410951319e-06,2.689801410951319e-06,0.0016400614046282898
g0_0.8_g1_1.6,0.8,1.6,256,48,5.716666666666667,24.614819117359694,-0.06666666666666665,1.1903740491700314e-05,2.9759351229250784e-06,2.9759351229250784e-06,0.0017250898883609163
g0_0.8_g1_1.6,0.8,1.6,256,48,5.733333333333333,24.68742920325161,-0.06666666666666665,1.3007221602535844e-05,3.251805400633961e-06,3.251805400633961e-06,0.0018032762962546702
g0_0.8_g1_1.6,0.8,1.6,256,48,5.75,24.760039289143528,-0.06666666666666665,1.4057883958928425e-05,3.5144709897321063e-06,3.5144709897321063e-06,0.0018746922386706855
g0_0.8_g1_1.6,0.8,1.6,256,48,5.766666666666667,24.832649375035444,-0.06666666666666665,1.5045637837367752e-05,3.761409459341938e-06,3.761409459341938e-06,0.0019394353454915527
g0_0.8_g1_1.6,0.8,1.6,256,48,5.783333333333333,24.90525946092736,-0.06666666666666665,1.596200608710223e-05,3.990501521775558e-06,3.990501521775558e-06,0.001997623969063136
g0_0.8_g1_1.6,0.8,1.6,256,48,5.8,24.977869546819278,-0.06666666666666665,1.680003033700098e-05,4.200007584250245e-06,4.200007584250245e-06,0.002049392003558676
g0_0.8_g1_1.6,0.8,1.6,256,48,5.816666666666666,25.050479632711195,-0.06666666666666665,1.755415174990437e-05,4.388537937476092e-06,4.388537937476092e-06,0.0020948837527357198
g0_0.8_g1_1.6,0.8,1.6,256,48,5.833333333333333,25.123089718603108,-0.06666666666666665,1.82200738762148e-05,4.5550184690537e-06,4.5550184690537e-06,0.0021342489238731503
g0_0.8_g1_1.6,0.8,1.6,256,48,5.85,25.195699804495025,-0.06666666666666665,1.8794616613761946e-05,4.698654153440486e-06,4.698654153440486e-06,0.00216763792028108
g0_0.8_g1_1.6,0.8,1.6,256,48,5.866666666666666,25.26830989038694,-0.06666666666666665,1.9275570990386535e-05,4.818892747596634e-06,4.818892747596634e-06,0.0021951976557013342
g0_0.8_g1_1.6,0.8,1.6,256,48,5.883333333333333,25.340919976278858,-0.06666666666666665,1.966156427118097e-05,4.915391067795242e-06,4.915391067795242e-06,0.002217068124301832
g0_0.8_g1_1.6,0.8,1.6,256,48,5.8999999999999995,25.413530062170775,-0.06666666666666665,1.995194369926362e-05,4.987985924815905e-06,4.987985924815905e-06,0.0022333799329303343
g0_0.8_g1_1.6,0.8,1.6,256,48,5.916666666666666,25.48614014806269,-0.06666666666666665,2.0146685090978427e-05,5.036671272744607e-06,5.036671272744607e-06,0.002244252943129318
g0_0.8_g1_1.6,0.8,1.6,256,48,5.933333333333333,25.55875023395461,-0.06666666666666665,2.024632973898342e-05,5.061582434745855e-06,5.061582434745855e-06,0.00224979608737011
g0_0.8_g1_1.6,0.8,1.6,256,48,5.949999999999999,25.63136031984652,-0.06666666666666665,2.025194995072352e-05,5.06298748768088e-06,5.06298748768088e-06,0.002250108327987984
g0_0.8_g1_1.6,0.8,1.6,256,48,5.966666666666667,25.703970405738442,-0.06666666666666665,2.016514044734208e-05,5.04128511183552e-06,5.04128511183552e-06,0.0022452806309758966
g0_0.8_g1_1.6,0.8,1.6,256,48,5.983333333333333,25.77658049163036,-0.06666666666666665,1.998803015692039e-05,4.9970075392300975e-06,4.9970075392300975e-06,0.0022353987427817207
g0_0.8_g1_1.6,0.8,1.6,256,48,6.0,25.849190577522275,-0.06666666666666665,1.972330699042213e-05,4.930826747605533e-06,4.930826747605533e-06,0.0022205464975103614
g0_0.1_g1_1.9,0.1,1.9,256,48,0.033333333333333326,0.0,-0.033333333333333326,0.9974905699336912,0.2493726424834228,0.2493726424834228,0.4993722484113658
g0_0.1_g1_1.9,0.1,1.9,256,48,0.04999999999999999,0.03416308754938478,-0.033333333333333326,0.9935158866166263,0.24837897165415657,0.24837897165415657,0.4983763353673171
g0_0.1_g1_1.9,0.1,1.9,256,48,0.06666666666666665,0.06832617509876956,-0.033333333333333326,0.9816735372235268,0.2454183843058817,0.2454183843058817,0.49539719852445846
g0_0.1_g1_1.9,0.1,1.9,256,48,0.08333333333333333,0.10248926264815435,-0.033333333333333326,0.9622059082123723,0.24055147705309307,0.24055147705309307,0.490460474506451
g0_0.1_g1_1.9,0.1,1.9,256,48,0.09999999999999999,0.13665235019753913,-0.033333333333333326,0.9355080651248212,0.2338770162812053,0.2338770162812053,0.4836083294166937
g0_0.1_g1_1.9,0.1,1.9,256,48,0.11666666666666665,0.1708154377469239,-0.033333333333333326,0.9021148607271272,0.2255287151817818,0.2255287151817818,0.4748986367444971
g0_0.1_g1_1.9,0.1,1.9,256,48,0.13333333333333333,0.2049785252963087,-0.033333333333333326,0.8626838034780024,0.2156709508695006,0.2156709508695006,0.46440386612247386
g0_0.1_g1_1.9,0.1,1.9,256,48,0.15,0.23914161284569346,-0.033333333333333326,0.8179745252464968,0.2044936313116242,0.2044936313116242,0.4522097204966123
g0_0.1_g1_1.9,0.1,1.9,256,48,0.16666666666666666,0.27330470039507826,-0.033333333333333326,0.7688258232223678,0.19220645580559195,0.19220645580559195,0.43841356708659457
g0_0.1_g1_1.9,0.1,1.9,256,48,0.18333333333333332,0.307467787944463,-0.033333333333333326,0.7161313221977629,0.17903283054944072,0.17903283054944072,0.4231227133461884
g0_0.1_g1_1.9,0.1,1.9,256,48,0.19999999999999998,0.3416308754938478,-0.033333333333333326,0.6608148081230599,0.16520370203076498,0.16520370203076498,0.4064525827581429
g0_0.1_g1_1.9,0.1,1.9,256,48,0.21666666666666665,0.3757939630432326,-0.033333333333333326,0.6038062256888095,0.15095155642220237,0.15095155642220237,0.3885248465956873
g0_0.1_g1_1.9,0.1,1.9,256,48,0.23333333333333334,0.4099570505926174,-0.033333333333333326,0.5460192200578168,0.1365048050144542,0.1365048050144542,0.36946556675075176
g0_0.1_g1_1.9,0.1,1.9,256,48,0.25,0.4441201381420022,-0.033333333333333326,0.4883309478510677,0.12208273696276692,0.12208273696276692,0.3494034014756681
g0_0.1_g1_1.9,0.1,1.9,256,48,0.26666666666666666,0.4782832256913869,-0.033333333333333326,0.43156469951342374,0.10789117487835594,0.10789117487835594,0.32846792062293684
g0_0.1_g1_1.9,0.1,1.9,256,48,0.2833333333333333,0.5124463132407717,-0.033333333333333326,0.3764756795782657,0.09411891989456643,0.09411891989456643,0.30678807000039365
g0_0.1_g1_1.9,0.1,1.9,256,48,0.3,0.5466094007901565,-0.033333333333333326,0.323740097927296,0.080935024481824,0.080935024481824,0.2844908161642903
g0_0.1_g1_1.9,0.1,1.9,256,48,0.31666666666666665,0.5807724883395413,-0.033333333333333326,0.2739475469804815,0.06848688674512038,0.06848688674512038,0.2616999937812769
g0_0.1_g1_1.9,0.1,1.9,256,48,0.3333333333333333,0.614935575888926,-0.033333333333333326,0.22759648726312598,0.056899121815781495,0.056899121815781495,0.2385353680605488
g0_0.1_g1_1.9,0.1,1.9,256,48,0.35,0.6490986634383108,-0.033333333333333326,0.185092544168696,0.046273136042174,0.046273136042174,0.2151119151562135
g0_0.1_g1_1.9,0.1,1.9,256,48,0.36666666666666664,0.6832617509876956,-0.033333333333333326,0.1467492357094768,0.0366873089273692,0.0366873089273692,0.19153931431267368
g0_0.1_g1_1.9,0.1,1.9,256,48,0.3833333333333333,0.7174248385370804,-0.033333333333333326,0.11279070506689347,0.028197676266723367,0.028197676266723367,0.16792163727978407
g0_0.1_g1_1.9,0.1,1.9,256,48,0.39999999999999997,0.7515879260864652,-0.033333333333333326,0.0833560203656664,0.0208390050914166,0.0208390050914166,0.14435721350669178
g0_0.1_g1_1.9,0.1,1.9,256,48,0.41666666666666663,0.7857510136358499,-0.033333333333333326,0.05850462255198037,0.014626155637995093,0.014626155637995093,0.12093864410516224
g0_0.1_g1_1.9,0.1,1.9,256,48,0.43333333333333335,0.8199141011852348,-0.033333333333333326,0.03822254422025085,0.009555636055062712,0.009555636055062712,0.09775293374146227
g0_0.1_g1_1.9,0.1,1.9,256,48,0.45,0.8540771887346196,-0.033333333333333326,0.02242908051094049,0.005607270127735122,0.005607270127735122,0.07488170756423175
g0_0.1_g1_1.9,0.1,1.9,256,48,0.4666666666666667,0.8882402762840044,-0.033333333333333326,0.010983660426821397,0.0027459151067053492,0.0027459151067053492,0.0524014800049135
g0_0.1_g1_1.9,0.1,1.9,256,48,0.48333333333333334,0.9224033638333892,-0.033333333333333326,0.003692736141218263,0.0009231840353045658,0.0009231840353045658,0.030383943708882918
g0_0.1_g1_1.9,0.1,1.9,256,48,0.5,0.9565664513827739,-0.033333333333333326,0.0003165730419618486,7.914326049046215e-05,7.914326049046215e-05,0.008896249799239125
g0_0.1_g1_1.9,0.1,1.9,256,48,0.5166666666666666,0.9907295389321586,-0.033333333333333326,0.0005758795356359638,0.00014396988390899095,0.00014396988390899095,0.011998745097258753
g0_0.1_g1_1.9,0.1,1.9,256,48,0.5333333333333333,1.0248926264815434,-0.033333333333333326,0.0041582596170031015,0.0010395649042507754,0.0010395649042507754,0.03224228441427151
g0_0.1_g1_1.9,0.1,1.9,256,48,0.5499999999999999,1.059055714030928,-0.033333333333333326,0.010724500975146252,0.002681125243786563,0.002681125243786563,0.05177958327165798
g0_0.1_g1_1.9,0.1,1.9,256,48,0.5666666666666667,1.093218801580313,-0.033333333333333326,0.019914726510952913,0.004978681627738228,0.004978681627738228,0.07055977343882439
g0_0.1_g1_1.9,0.1,1.9,256,48,0.5833333333333334,1.1273818891296978,-0.033333333333333326,0.03135443846589204,0.00783860961647301,0.00783860961647301,0.08853592274592845
g0_0.1_g1_1.9,0.1,1.9,256,48,0.6,1.1615449766790826,-0.033333333333333326,0.04466047392643142,0.011165118481607854,0.011165118481607854,0.10566512424451056
g0_0.1_g1_1.9,0.1,1.9,256,48,0.6166666666666667,1.1957080642284674,-0.033333333333333326,0.05944687115545706,0.014861717788864266,0.014861717788864266,0.12190864525891618
g0_0.1_g1_1.9,0.1,1.9,256,48,0.6333333333333333,1.229871151777852,-0.033333333333333326,0.07533062145501795,0.01883265536375449,0.01883265536375449,0.1372321222008699
g0_0.1_g1_1.9,0.1,1.9,256,48,0.65,1.264034239327237,-0.033333333333333326,0.09193725475746463,0.022984313689366157,0.022984313689366157,0.1516057838255723
g0_0.1_g1_1.9,0.1,1.9,256,48,0.6666666666666666,1.2981973268766216,-0.033333333333333326,0.10890618244762859,0.027226545611907148,0.027226545611907148,0.16500468360597267
g0_0.1_g1_1.9,0.1,1.9,256,48,0.6833333333333333,1.3323604144260066,-0.033333333333333326,0.1258957012014624,0.0314739253003656,0.0314739253003656,0.17740892114086484
g0_0.1_g1_1.9,0.1,1.9,256,48,0.7,1.3665235019753912,-0.033333333333333326,0.1425875493792698,0.03564688734481745,0.03564688734481745,0.1888038329717314
g0_0.1_g1_1.9,0.1,1.9,256,48,0.7166666666666667,1.400686589524776,-0.033333333333333326,0.1586909043612866,0.03967272609032165,0.03967272609032165,0.19918013477834995
g0_0.1_g1_1.9,0.1,1.9,256,48,0.7333333333333333,1.4348496770741608,-0.033333333333333326,0.17394571581094928,0.04348642895273732,0.04348642895273732,0.20853399951263898
g0_0.1_g1_1.9,0.1,1.9,256,48,0.75,1.4690127646235456,-0.033333333333333326,0.18812528585704924,0.04703132146426231,0.04703132146426231,0.21686705942641982
g0_0.1_g1_1.9,0.1,1.9,256,48,0.7666666666666666,1.5031758521729304,-0.033333333333333326,0.20103803134823872,0.05025950783705968,0.05025950783705968,0.22418632392958246
g0_0.1_g1_1.9,0.1,1.9,256,48,0.7833333333333333,1.5373389397223152,-0.033333333333333326,0.21252839365156145,0.05313209841289036,0.05313209841289036,0.23050400953755742
g0_0.1_g1_1.9,0.1,1.9,256,48,0.7999999999999999,1.5715020272716997,-0.033333333333333326,0.22247689542266028,0.05561922385566507,0.05561922385566507,0.23583728258200626
g0_0.1_g1_1.9,0.1,1.9,256,48,0.8166666666666667,1.6056651148210848,-0.033333333333333326,0.2307993785988535,0.057699844649713374,0.057699844649713374,0.24020791962321594
g0_0.1_g1_1.9,0.1,1.9,256,48,0.8333333333333334,1.6398282023704696,-0.033333333333333326,0.23744549081662653,0.05936137270415663,0.05936137270415663,0.2436418943945327
g0_0.1_g1_1.9,0.1,1.9,256,48,0.85,1.6739912899198544,-0.033333333333333326,0.2423965160757644,0.0605991290189411,0.0605991290189411,0.24616890343611864
g0_0.1_g1_1.9,0.1,1.9,256,48,0.8666666666666667,1.7081543774692391,-0.033333333333333326,0.2456626678041489,0.06141566695103722,0.06141566695103722,0.24782184518528066
g0_0.1_g1_1.9,0.1,1.9,256,48,0.8833333333333333,1.7423174650186237,-0.033333333333333326,0.2472799772014691,0.061819994300367276,0.061819994300367276,0.24863626907667208
g0_0.1_g1_1.9,0.1,1.9,256,48,0.9,1.7764805525680087,-0.033333333333333326,0.24730691625197457,0.06182672906299364,0.06182672906299364,0.2486498121113178
g0_0.1_g1_1.9,0.1,1.9,256,48,0.9166666666666666,1.8106436401173933,-0.033333333333333326,0.24582089319360678,0.061455223298401696,0.061455223298401696,0.24790164037053425
g0_0.1_g1_1.9,0.1,1.9,256,48,0.9333333333333333,1.8448067276667783,-0.033333333333333326,0.24291474924524314,0.060728687311310786,0.060728687311310786,0.2464319121203883
g0_0.1_g1_1.9,0.1,1.9,256,48,0.95,1.878969815216163,-0.033333333333333326,0.23869337025985513,0.05967334256496378,0.05967334256496378,0.24428127755717133
g0_0.1_g1_1.9,0.1,1.9,256,48,0.9666666666666667,1.9131329027655477,-0.033333333333333326,0.23327050727064313,0.058317626817660784,0.058317626817660784,0.2414904280042188
g0_0.1_g1_1.9,0.1,1.9,256,48,0.9833333333333333,1.9472959903149325,-0.033333333333333326,0.22676587738403642,0.056691469346009105,0.056691469346009105,0.23809970463234326
g0_0.1_g1_1.9,0.1,1.9,256,48,1.0,1.9814590778643173,-0.033333333333333326,0.21930259291164436,0.05482564822791109,0.05482564822791109,0.23414877370575976
g0_0.1_g1_1.9,0.1,1.9,256,48,1.0166666666666666,2.015622165413702,-0.033333333333333326,0.21100494365265537,0.052751235913163844,0.052751235913163844,0.22967637212644196
g0_0.1_g1_1.9,0.1,1.9,256,48,1.0333333333333332,2.049785252963087,-0.033333333333333326,0.2019965362251924,0.0504991340562981,0.0504991340562981,0.2247201238347338
g0_0.1_g1_1.9,0.1,1.9,256,48,1.0499999999999998,2.0839483405124715,-0.033333333333333326,0.19239877636998037,0.04809969409249509,0.04809969409249509,0.21931642458442344
g0_0.1_g1_1.9,0.1,1.9,256,48,1.0666666666666664,2.118111428061856,-0.033333333333333326,0.1823296659305864,0.0455824164826466,0.0455824164826466,0.2135003898887461
g0_0.1_g1_1.9,0.1,1.9,256,48,1.0833333333333335,2.1522745156112415,-0.033333333333333326,0.17190287611916655,0.04297571902979164,0.04297571902979164,0.20730585864801707
g0_0.1_g1_1.9,0.1,1.9,256,48,1.1,2.186437603160626,-0.033333333333333326,0.1612270527433466,0.04030676318583665,0.04030676318583665,0.2007654432063363
g0_0.1_g1_1.9,0.1,1.9,256,48,1.1166666666666667,2.2206006907100106,-0.033333333333333326,0.15040530705732041,0.037601326764330104,0.037601326764330104,0.19391061539877105
g0_0.1_g1_1.9,0.1,1.9,256,48,1.1333333333333333,2.2547637782593957,-0.033333333333333326,0.13953484734133476,0.03488371183533369,0.03488371183533369,0.18677181756178765
g0_0.1_g1_1.9,0.1,1.9,256,48,1.15,2.2889268658087802,-0.033333333333333326,0.12870671057996602,0.032176677644991505,0.032176677644991505,0.17937858747629692
g0_0.1_g1_1.9,0.1,1.9,256,48,1.1666666666666665,2.3230899533581653,-0.033333333333333326,0.11800555997242823,0.029501389993107058,0.029501389993107058,0.17175968675188907
g0_0.1_g1_1.9,0.1,1.9,256,48,1.1833333333333331,2.35725304090755,-0.033333333333333326,0.10750952169989293,0.026877380424973233,0.026877380424973233,0.1639432231748944
g0_0.1_g1_1.9,0.1,1.9,256,48,1.2000000000000002,2.391416128456935,-0.033333333333333326,0.09729004264018568,0.02432251066004642,0.02432251066004642,0.15595675894313277
g0_0.1_g1_1.9,0.1,1.9,256,48,1.2166666666666668,2.4255792160063194,-0.033333333333333326,0.08741175886428648,0.02185293971607162,0.02185293971607162,0.1478273983944506
g0_0.1_g1_1.9,0.1,1.9,256,48,1.2333333333333334,2.459742303555704,-0.033333333333333326,0.0779323721722992,0.0194830930430748,0.0194830930430748,0.13958185069368725
g0_0.1_g1_1.9,0.1,1.9,256,48,1.25,2.493905391105089,-0.033333333333333326,0.06890253815610868,0.01722563453902717,0.01722563453902717,0.13124646486297134
g0_0.1_g1_1.9,0.1,1.9,256,48,1.2666666666666666,2.528068478654474,-0.033333333333333326,0.060365773980353594,0.015091443495088399,0.015091443495088399,0.12284723641616199
g0_0.1_g1_1.9,0.1,1.9,256,48,1.2833333333333332,2.5622315662038586,-0.033333333333333326,0.05235839707469834,0.013089599268674585,0.013089599268674585,0.11440978659483018
g0_0.1_g1_1.9,0.1,1.9,256,48,1.2999999999999998,2.596394653753243,-0.033333333333333326,0.04490950719801039,0.011227376799502597,0.011227376799502597,0.10595931671874162
g0_0.1_g1_1.9,0.1,1.9,256,48,1.3166666666666664,2.6305577413026278,-0.033333333333333326,0.038041023977044695,0.009510255994261174,0.009510255994261174,0.09752054139647284
g0_0.1_g1_1.9,0.1,1.9,256,48,1.3333333333333335,2.6647208288520132,-0.033333333333333326,0.03176779026107006,0.007941947565267515,0.007941947565267515,0.08911760524872464
g0_0.1_g1_1.9,0.1,1.9,256,48,1.35,2.698883916401398,-0.033333333333333326,0.026097748780778224,0.006524437195194556,0.006524437195194556,0.0807739883576053
g0_0.1_g1_1.9,0.1,1.9,256,48,1.3666666666666667,2.7330470039507824,-0.033333333333333326,0.021032196019653563,0.005258049004913391,0.005258049004913391,0.07251240586901934
g0_0.1_g1_1.9,0.1,1.9,256,48,1.3833333333333333,2.7672100915001674,-0.033333333333333326,0.016566113283940774,0.0041415283209851935,0.0041415283209851935,0.06435470706160656
g0_0.1_g1_1.9,0.1,1.9,256,48,1.4,2.801373179049552,-0.033333333333333326,0.012688571064296238,0.0031721427660740594,0.0031721427660740594,0.05632177879003875
g0_0.1_g1_1.9,0.1,1.9,256,48,1.4166666666666665,2.835536266598937,-0.033333333333333326,0.009383199245720597,0.002345799811430149,0.002345799811430149,0.04843345756220744
g0_0.1_g1_1.9,0.1,1.9,256,48,1.4333333333333331,2.8696993541483216,-0.033333333333333326,0.0066287128033515035,0.0016571782008378759,0.0016571782008378759,0.040708453677803534
g0_0.1_g1_1.9,0.1,1.9,256,48,1.4500000000000002,2.9038624416977066,-0.033333333333333326,0.004399480499477177,0.0010998701248692943,0.0010998701248692943,0.03316428990449357
g0_0.1_g1_1.9,0.1,1.9,256,48,1.4666666666666668,2.938025529247091,-0.033333333333333326,0.0026661228632329816,0.0006665307158082454,0.0006665307158082454,0.02581725616343157
g0_0.1_g1_1.9,0.1,1.9,256,48,1.4833333333333334,2.9721886167964757,-0.033333333333333326,0.001396125394747521,0.00034903134868688023,0.00034903134868688023,0.018682380701797088
g0_0.1_g1_1.9,0.1,1.9,256,48,1.5,3.0063517043458607,-0.033333333333333326,0.0005544534200913741,0.00013861335502284353,0.00013861335502284353,0.011773417304370194
g0_0.1_g1_1.9,0.1,1.9,256,48,1.5166666666666666,3.0405147918952458,-0.033333333333333326,0.0001041562017717756,2.60390504429439e-05,2.60390504429439e-05,0.005102847287832931
g0_0.1_g1_1.9,0.1,1.9,256,48,1.5333333333333332,3.0746778794446303,-0.033333333333333326,6.9496098192281226e-06,1.7374024548070306e-06,1.7374024548070306e-06,0.001318105631126364
g0_0.1_g1_1.9,0.1,1.9,256,48,1.5499999999999998,3.108840966994015,-0.033333333333333326,0.00022376868764966928,5.594217191241732e-05,5.594217191241732e-05,0.007479449973923037
g0_0.1_g1_1.9,0.1,1.9,256,48,1.5666666666666664,3.1430040545433995,-0.033333333333333326,0.0007152836103761742,0.00017882090259404356,0.00017882090259404356,0.013372393300903304
g0_0.1_g1_1.9,0.1,1.9,256,48,1.5833333333333335,3.177167142092785,-0.033333333333333326,0.0014423746523964248,0.0003605936630991062,0.0003605936630991062,0.018989303912969168
g0_0.1_g1_1.9,0.1,1.9,256,48,1.6,3.2113302296421695,-0.033333333333333326,0.0023665637066270246,0.0005916409266567562,0.0005916409266567562,0.024323670090197248
g0_0.1_g1_1.9,0.1,1.9,256,48,1.6166666666666667,3.245493317191554,-0.033333333333333326,0.0034504015190385284,0.0008626003797596321,0.0008626003797596321,0.02937005923997485
g0_0.1_g1_1.9,0.1,1.9,256,48,1.6333333333333333,3.279656404740939,-0.033333333333333326,0.004657811051724797,0.0011644527629311992,0.0011644527629311992,0.03412407893161659
g0_0.1_g1_1.9,0.1,1.9,256,48,1.65,3.3138194922903237,-0.033333333333333326,0.005954388241596822,0.0014885970603992055,0.0014885970603992055,0.03858234130271523
g0_0.1_g1_1.9,0.1,1.9,256,48,1.6666666666666665,3.3479825798397087,-0.033333333333333326,0.007307661895688196,0.001826915473922049,0.001826915473922049,0.04274243177361402
g0_0.1_g1_1.9,0.1,1.9,256,48,1.6833333333333331,3.3821456673890933,-0.033333333333333326,0.00868731460691654,0.002171828651729135,0.002171828651729135,0.04660288244013598
g0_0.1_g1_1.9,0.1,1.9,256,48,1.7000000000000002,3.4163087549384783,-0.033333333333333326,0.010065366459277705,0.0025163416148194263,0.0025163416148194263,0.05016314996907019
g0_0.1_g1_1.9,0.1,1.9,256,48,1.7166666666666668,3.450471842487863,-0.033333333333333326,0.011416323006727569,0.0028540807516818922,0.0028540807516818922,0.053423597330036585
g0_0.1_g1_1.9,0.1,1.9,256,48,1.7333333333333334,3.4846349300372474,-0.033333333333333326,0.012717288647830316,0.003179322161957579,0.003179322161957579,0.05638547828969422
g0_0.1_g1_1.9,0.1,1.9,256,48,1.75,3.5187980175866325,-0.033333333333333326,0.01394804616618752,0.00348701154154688,0.00348701154154688,0.05905092329123127
g0_0.1_g1_1.9,0.1,1.9,256,48,1.7666666666666666,3.5529611051360175,-0.033333333333333326,0.015091102939473893,0.0037727757348684733,0.0037727757348684733,0.06142292515721205
g0_0.1_g1_1.9,0.1,1.9,256,48,1.7833333333333332,3.587124192685402,-0.033333333333333326,0.016131704193583694,0.004032926048395924,0.004032926048395924,0.06350532299261161
g0_0.1_g1_1.9,0.1,1.9,256,48,1.7999999999999998,3.6212872802347866,-0.033333333333333326,0.017057813726242852,0.004264453431560713,0.004264453431560713,0.06530278272448053
g0_0.1_g1_1.9,0.1,1.9,256,48,1.8166666666666664,3.655450367784171,-0.033333333333333326,0.017860062755954337,0.004465015688988584,0.004465015688988584,0.06682077288529806
g0_0.1_g1_1.9,0.1,1.9,256,48,1.8333333333333335,3.6896134553335567,-0.033333333333333326,0.018531667953827356,0.004632916988456839,0.004632916988456839,0.06806553451238621
g0_0.1_g1_1.9,0.1,1.9,256,48,1.85,3.7237765428829412,-0.033333333333333326,0.019068320254354867,0.004767080063588717,0.004767080063588717,0.06904404437450573
g0_0.1_g1_1.9,0.1,1.9,256,48,1.8666666666666667,3.757939630432326,-0.033333333333333326,0.019468046668215735,0.004867011667053934,0.004867011667053934,0.06976397112445602
g0_0.1_g1_1.9,0.1,1.9,256,48,1.8833333333333333,3.7921027179817104,-0.033333333333333326,0.019731047978033035,0.004932761994508259,0.004932761994508259,0.07023362438681531
g0_0.1_g1_1.9,0.1,1.9,256,48,1.9,3.8262658055310954,-0.033333333333333326,0.01985951582617275,0.004964878956543187,0.004964878956543187,0.07046189719659263
g0_0.1_g1_1.9,0.1,1.9,256,48,1.9166666666666665,3.8604288930804804,-0.033333333333333326,0.019857433244816227,0.004964358311204057,0.004964358311204057,0.07045820258283671
g0_0.1_g1_1.9,0.1,1.9,256,48,1.9333333333333331,3.894591980629865,-0.033333333333333326,0.01973036308392066,0.004932590770980165,0.004932590770980165,0.07023240541929462
g0_0.1_g1_1.9,0.1,1.9,256,48,1.9500000000000002,3.92875506817925,-0.033333333333333326,0.0194852290263902,0.00487130725659755,0.00487130725659755,0.06979475092438936
g0_0.1_g1_1.9,0.1,1.9,256,48,1.9666666666666668,3.9629181557286346,-0.033333333333333326,0.019130093921314744,0.004782523480328686,0.004782523480328686,0.06915579137229713
g0_0.1_g1_1.9,0.1,1.9,256,48,1.9833333333333334,3.997081243278019,-0.033333333333333326,0.018673940011391662,0.0046684850028479155,0.0046684850028479155,0.06832631266831188
g0_0.1_g1_1.9,0.1,1.9,256,48,2.0,4.031244330827404,-0.033333333333333326,0.018126455291415915,0.004531613822853979,0.004531613822853979,0.06731726244325432
g0_0.1_g1_1.9,0.1,1.9,256,48,2.0166666666666666,4.065407418376789,-0.033333333333333326,0.017497829736429774,0.004374457434107444,0.004374457434107444,0.06613968123681459
g0_0.1_g1_1.9,0.1,1.9,256,48,2.033333333333333,4.099570505926174,-0.033333333333333326,0.01679856451695209,0.004199641129238023,0.004199641129238023,0.06480463817689304
g0_0.1_g1_1.9,0.1,1.9,256,48,2.05,4.133733593475559,-0.033333333333333326,0.016039296617592718,0.0040098241543981795,0.0040098241543981795,0.06332317233365824
g0_0.1_g1_1.9,0.1,1.9,256,48,2.0666666666666664,4.167896681024943,-0.033333333333333326,0.015230640540014181,0.0038076601350035453,0.0038076601350035453,0.061706240648767
g0_0.1_g1_1.9,0.1,1.9,256,48,2.083333333333333,4.202059768574328,-0.033333333333333326,0.014383048046280312,0.003595762011570078,0.003595762011570078,0.05996467302979378
g0_0.1_g1_1.9,0.1,1.9,256,48,2.0999999999999996,4.236222856123712,-0.033333333333333326,0.013506686224082456,0.003376671556020614,0.003376671556020614,0.058109134875857636
g0_0.1_g1_1.9,0.1,1.9,256,48,2.1166666666666667,4.270385943673098,-0.033333333333333326,0.012611333564028543,0.003152833391007136,0.003152833391007136,0.05615009698127988
g0_0.1_g1_1.9,0.1,1.9,256,48,2.1333333333333333,4.304549031222483,-0.033333333333333326,0.011706293254774472,0.002926573313693618,0.002926573313693618,0.054097812466805145
g0_0.1_g1_1.9,0.1,1.9,256,48,2.15,4.338712118771867,-0.033333333333333326,0.010800322538195933,0.0027000806345489833,0.0027000806345489833,0.051962300127582725
g0_0.1_g1_1.9,0.1,1.9,256,48,2.1666666666666665,4.372875206321252,-0.033333333333333326,0.009901576727921392,0.002475394181980348,0.002475394181980348,0.04975333337556739
g0_0.1_g1_1.9,0.1,1.9,256,48,2.183333333333333,4.407038293870636,-0.033333333333333326,0.009017566375320153,0.002254391593830038,0.002254391593830038,0.047480433799935294
g0_0.1_g1_1.9,0.1,1.9,256,48,2.1999999999999997,4.441201381420021,-0.033333333333333326,0.008155126054626543,0.002038781513656636,0.002038781513656636,0.04515286827718296
g0_0.1_g1_1.9,0.1,1.9,256,48,2.2166666666666663,4.475364468969406,-0.033333333333333326,0.007320393314717946,0.0018300983286794865,0.0018300983286794865,0.0427796485338471
g0_0.1_g1_1.9,0.1,1.9,256,48,2.2333333333333334,4.509527556518791,-0.033333333333333326,0.006518796486768179,0.0016296991216920448,0.0016296991216920448,0.04036953209652107
g0_0.1_g1_1.9,0.1,1.9,256,48,2.25,4.543690644068176,-0.033333333333333326,0.005755050220576914,0.0014387625551442284,0.0014387625551442284,0.03793102365009714
g0_0.1_g1_1.9,0.1,1.9,256,48,2.2666666666666666,4.5778537316175605,-0.033333333333333326,0.005033157824229502,0.0012582894560573756,0.0012582894560573756,0.03547237595731889
g0_0.1_g1_1.9,0.1,1.9,256,48,2.283333333333333,4.6120168191669455,-0.033333333333333326,0.004356419680338214,0.0010891049200845535,0.0010891049200845535,0.033001589659962645
g0_0.1_g1_1.9,0.1,1.9,256,48,2.3,4.6461799067163305,-0.033333333333333326,0.003727447189511129,0.0009318617973777823,0.0009318617973777823,0.030526411472326424
g0_0.1_g1_1.9,0.1,1.9,256,48,2.3166666666666664,4.680342994265715,-0.033333333333333326,0.003148181834401111,0.0007870454586002778,0.0007870454586002778,0.028054330478560305
g0_0.1_g1_1.9,0.1,1.9,256,48,2.333333333333333,4.7145060818151,-0.033333333333333326,0.0026199190572947667,0.0006549797643236917,0.0006549797643236917,0.025592572444435743
g0_0.1_g1_1.9,0.1,1.9,256,48,2.3499999999999996,4.748669169364484,-0.033333333333333326,0.0021433366974105608,0.0005358341743526402,0.0005358341743526402,0.023148092240023586
g0_0.1_g1_1.9,0.1,1.9,256,48,2.3666666666666667,4.78283225691387,-0.033333333333333326,0.0017185277423986932,0.0004296319355996733,0.0004296319355996733,0.02072756463262564
g0_0.1_g1_1.9,0.1,1.9,256,48,2.3833333333333333,4.816995344463255,-0.033333333333333326,0.0013450371175925957,0.0003362592793981489,0.0003362592793981489,0.018337373841369676
g0_0.1_g1_1.9,0.1,1.9,256,48,2.4,4.851158432012639,-0.033333333333333326,0.001021902175143906,0.0002554755437859765,0.0002554755437859765,0.015983602340710824
g0_0.1_g1_1.9,0.1,1.9,256,48,2.4166666666666665,4.885321519562024,-0.033333333333333326,0.0007476964641052236,0.0001869241160263059,0.0001869241160263059,0.01367201945677031
g0_0.1_g1_1.9,0.1,1.9,256,48,2.433333333333333,4.919484607111408,-0.033333333333333326,0.0005205762734875753,0.00013014406837189382,0.00013014406837189382,0.011408070317625757
g0_0.1_g1_1.9,0.1,1.9,256,48,2.4499999999999997,4.953647694660793,-0.033333333333333326,0.0003383293546930965,8.458233867327413e-05,8.458233867327413e-05,0.009196865698338436
g0_0.1_g1_1.9,0.1,1.9,256,48,2.4666666666666663,4.987810782210178,-0.033333333333333326,0.00019842515759618319,4.9606289399045796e-05,4.9606289399045796e-05,0.007043173247836929
g0_0.1_g1_1.9,0.1,1.9,256,48,2.4833333333333334,5.021973869759563,-0.033333333333333326,9.806586390019332e-05,2.451646597504833e-05,2.451646597504833e-05,0.004951410503588683
g0_0.1_g1_1.9,0.1,1.9,256,48,2.5,5.056136957308948,-0.033333333333333326,3.423747760205402e-05,8.559369400513505e-06,8.559369400513505e-06,0.0029256399984470926
g0_0.1_g1_1.9,0.1,1.9,256,48,2.5166666666666666,5.090300044858332,-0.033333333333333326,3.7602379551795703e-06,9.400594887948926e-07,9.400594887948926e-07,0.000969566650001377
g0_0.1_g1_1.9,0.1,1.9,256,48,2.533333333333333,5.124463132407717,-0.033333333333333326,3.3376549243360745e-06,8.344137310840186e-07,8.344137310840186e-07,0.0009134624957183621
g0_0.1_g1_1.9,0.1,1.9,256,48,2.55,5.158626219957102,-0.033333333333333326,2.960352794908704e-05,7.40088198727176e-06,7.40088198727176e-06,0.002720456209401607
g0_0.1_g1_1.9,0.1,1.9,256,48,2.5666666666666664,5.192789307506486,-0.033333333333333326,7.916639103169397e-05,1.9791597757923493e-05,1.9791597757923493e-05,0.0044487748603321674
g0_0.1_g1_1.9,0.1,1.9,256,48,2.583333333333333,5.226952395055871,-0.033333333333333326,0.00014865092451311484,3.716273112827871e-05,3.716273112827871e-05,0.006096124271065897
g0_0.1_g1_1.9,0.1,1.9,256,48,2.5999999999999996,5.2611154826052555,-0.033333333333333326,0.00023473597947518916,5.868399486879729e-05,5.868399486879729e-05,0.007660547948338767
g0_0.1_g1_1.9,0.1,1.9,256,48,2.6166666666666667,5.295278570154641,-0.033333333333333326,0.00033418896757856113,8.354724189464028e-05,8.354724189464028e-05,0.009140418037192843
g0_0.1_g1_1.9,0.1,1.9,256,48,2.6333333333333333,5.3294416577040264,-0.033333333333333326,0.00044389647098668053,0.00011097411774667013,0.00011097411774667013,0.010534425363856832
g0_0.1_g1_1.9,0.1,1.9,256,48,2.65,5.363604745253411,-0.033333333333333326,0.0005608910186060152,0.0001402227546515038,0.0001402227546515038,0.011841568926941387
g0_0.1_g1_1.9,0.1,1.9,256,48,2.6666666666666665,5.397767832802796,-0.033333333333333326,0.000682374052394821,0.00017059351309870526,0.00017059351309870526,0.013061145167966906
g0_0.1_g1_1.9,0.1,1.9,256,48,2.683333333333333,5.43193092035218,-0.033333333333333326,0.0008057351687736937,0.00020143379219342343,0.00020143379219342343,0.014192737304460456
g0_0.1_g1_1.9,0.1,1.9,256,48,2.6999999999999997,5.466094007901565,-0.033333333333333326,0.0009285677646464969,0.00023214194116162422,0.00023214194116162422,0.015236204946167672
g0_0.1_g1_1.9,0.1,1.9,256,48,2.7166666666666663,5.50025709545095,-0.033333333333333326,0.0010486812461295125,0.0002621703115323781,0.0002621703115323781,0.01619167414236027
g0_0.1_g1_1.9,0.1,1.9,256,48,2.7333333333333334,5.534420183000335,-0.033333333333333326,0.0011641099729380558,0.00029102749323451396,0.00029102749323451396,0.017059527931174236
g0_0.1_g1_1.9,0.1,1.9,256,48,2.75,5.56858327054972,-0.033333333333333326,0.0012731191155282318,0.00031827977888205795,0.00031827977888205795,0.017840397385766326
g0_0.1_g1_1.9,0.1,1.9,256,48,2.7666666666666666,5.602746358099104,-0.033333333333333326,0.0013742075990687498,0.00034355189976718745,0.00034355189976718745,0.018535153081838507
g0_0.1_g1_1.9,0.1,1.9,256,48,2.783333333333333,5.636909445648489,-0.033333333333333326,0.0014661083017679772,0.0003665270754419943,0.0003665270754419943,0.019144896851171444
g0_0.1_g1_1.9,0.1,1.9,256,48,2.8,5.671072533197874,-0.033333333333333326,0.0015477856683816752,0.0003869464170954188,0.0003869464170954188,0.019670953639704884
g0_0.1_g1_1.9,0.1,1.9,256,48,2.8166666666666664,5.705235620747258,-0.033333333333333326,0.001618430895693789,0.00040460772392344725,0.00040460772392344725,0.020114863258880167
g0_0.1_g1_1.9,0.1,1.9,256,48,2.833333333333333,5.739398708296643,-0.033333333333333326,0.001677454847415361,0.00041936371185384027,0.00041936371185384027,0.020478371806709642
g0_0.1_g1_1.9,0.1,1.9,256,48,2.8499999999999996,5.773561795846027,-0.033333333333333326,0.0017244788623780498,0.00043111971559451246,0.00043111971559451246,0.020763422540479987
g0_0.1_g1_1.9,0.1,1.9,256,48,2.8666666666666667,5.807724883395413,-0.033333333333333326,0.0017593236322441467,0.0004398309080610367,0.0004398309080610367,0.02097214600514303
g0_0.1_g1_1.9,0.1,1.9,256,48,2.8833333333333333,5.841887970944798,-0.033333333333333326,0.0017819963424480405,0.00044549908561201013,0.00044549908561201013,0.021106849258286046
g0_0.1_g1_1.9,0.1,1.9,256,48,2.9,5.876051058494182,-0.033333333333333326,0.0017926762912021045,0.00044816907280052613,0.00044816907280052613,0.021170004081259082
g0_0.1_g1_1.9,0.1,1.9,256,48,2.9166666666666665,5.910214146043567,-0.033333333333333326,0.0017916992240743577,0.0004479248060185894,0.0004479248060185894,0.021164234123128327
g0_0.1_g1_1.9,0.1,1.9,256,48,2.933333333333333,5.9443772335929514,-0.033333333333333326,0.0017795406434957318,0.00044488516087393294,0.00044488516087393294,0.021092300985760964
g0_0.1_g1_1.9,0.1,1.9,256,48,2.9499999999999997,5.9785403211423365,-0.033333333333333326,0.0017567983711654213,0.0004391995927913553,0.0004391995927913553,0.020957089320594004
g0_0.1_g1_1.9,0.1,1.9,256,48,2.9666666666666663,6.0127034086917215,-0.033333333333333326,0.0017241746544740559,0.00043104366361851397,0.00043104366361851397,0.020761591066643086
g0_0.1_g1_1.9,0.1,1.9,256,48,2.9833333333333334,6.0468664962411065,-0.033333333333333326,0.0016824581139580944,0.0004206145284895236,0.0004206145284895236,0.020508889011585284
g0_0.1_g1_1.9,0.1,1.9,256,48,3.0,6.0810295837904915,-0.033333333333333326,0.0016325058262153884,0.0004081264565538471,0.0004081264565538471,0.020202139900363205
g0_0.1_g1_1.9,0.1,1.9,256,48,3.0166666666666666,6.115192671339876,-0.033333333333333326,0.0015752258251079505,0.0003938064562769876,0.0003938064562769876,0.019844557346461213
g0_0.1_g1_1.9,0.1,1.9,256,48,3.033333333333333,6.149355758889261,-0.033333333333333326,0.00151156028361331,0.0003778900709033275,0.0003778900709033275,0.019439394818340602
g0_0.1_g1_1.9,0.1,1.9,256,48,3.05,6.183518846438646,-0.033333333333333326,0.001442469610193767,0.00036061740254844177,0.00036061740254844177,0.018989928976919365
g0_0.1_g1_1.9,0.1,1.9,256,48,3.0666666666666664,6.21768193398803,-0.033333333333333326,0.0013689176584261208,0.0003422294146065302,0.0003422294146065302,0.018499443629648168
g0_0.1_g1_1.9,0.1,1.9,256,48,3.083333333333333,6.251845021537415,-0.033333333333333326,0.001291858208710295,0.00032296455217757376,0.00032296455217757376,0.01797121454375229
g0_0.1_g1_1.9,0.1,1.9,256,48,3.0999999999999996,6.286008109086799,-0.033333333333333326,0.0012122228382360604,0.0003030557095590151,0.0003030557095590151,0.017408495327253734
g0_0.1_g1_1.9,0.1,1.9,256,48,3.1166666666666667,6.320171196636185,-0.033333333333333326,0.0011309102522116183,0.00028272756305290457,0.00028272756305290457,0.016814504543783162
g0_0.1_g1_1.9,0.1,1.9,256,48,3.1333333333333333,6.35433428418557,-0.033333333333333326,0.0010487771077216982,0.00026219427693042455,0.00026219427693042455,0.016192414178572156
g0_0.1_g1_1.9,0.1,1.9,256,48,3.15,6.388497371734954,-0.033333333333333326,0.0009666303233289931,0.00024165758083224829,0.00024165758083224829,0.015545339521292171
g0_0.1_g1_1.9,0.1,1.9,256,48,3.1666666666666665,6.422660459284339,-0.033333333333333326,0.0008852208341405565,0.00022130520853513912,0.00022130520853513912,0.01487633047949457
g0_0.1_g1_1.9,0.1,1.9,256,48,3.183333333333333,6.456823546833723,-0.033333333333333326,0.000805238724572261,0.00020130968114306526,0.00020130968114306526,0.014188364287086277
g0_0.1_g1_1.9,0.1,1.9,256,48,3.1999999999999997,6.490986634383108,-0.033333333333333326,0.0007273096500298781,0.00018182741250746953,0.00018182741250746953,0.013484339528040278
g0_0.1_g1_1.9,0.1,1.9,256,48,3.2166666666666663,6.525149721932493,-0.033333333333333326,0.0006519924442881875,0.00016299811107204688,0.00016299811107204688,0.012767071358461458
g0_0.1_g1_1.9,0.1,1.9,256,48,3.2333333333333334,6.559312809481878,-0.033333333333333326,0.0005797778011669212,0.0001449444502917303,0.0001449444502917303,0.012039287781747319
g0_0.1_g1_1.9,0.1,1.9,256,48,3.25,6.593475897031263,-0.033333333333333326,0.0005110879164974404,0.0001277719791243601,0.0001277719791243601,0.011303626812857901
g0_0.1_g1_1.9,0.1,1.9,256,48,3.2666666666666666,6.627638984580647,-0.033333333333333326,0.00044627697840777413,0.00011156924460194353,0.00011156924460194353,0.010562634359000766
g0_0.1_g1_1.9,0.1,1.9,256,48,3.283333333333333,6.661802072130032,-0.033333333333333326,0.0003856323995233383,9.640809988083458e-05,9.640809988083458e-05,0.009818762645101193
g0_0.1_g1_1.9,0.1,1.9,256,48,3.3,6.695965159679417,-0.033333333333333326,0.00032937669262438264,8.234417315609566e-05,8.234417315609566e-05,0.009074369022477302
g0_0.1_g1_1.9,0.1,1.9,256,48,3.3166666666666664,6.7301282472288015,-0.033333333333333326,0.00027766990049279733,6.941747512319933e-05,6.941747512319933e-05,0.008331715016921747
g0_0.1_g1_1.9,0.1,1.9,256,48,3.333333333333333,6.764291334778187,-0.033333333333333326,0.0002306125001112953,5.7653125027823827e-05,5.7653125027823827e-05,0.007592965496288247
g0_0.1_g1_1.9,0.1,1.9,256,48,3.3499999999999996,6.798454422327571,-0.033333333333333326,0.000188248710217142,4.70621775542855e-05,4.70621775542855e-05,0.006860187865815739
g0_0.1_g1_1.9,0.1,1.9,256,48,3.3666666666666667,6.832617509876957,-0.033333333333333326,0.00015057013885233633,3.764253471308408e-05,3.764253471308408e-05,0.00613535122980617
g0_0.1_g1_1.9,0.1,1.9,256,48,3.3833333333333333,6.866780597426342,-0.033333333333333326,0.00011751971362297205,2.937992840574301e-05,2.937992840574301e-05,0.0054203254889114375
g0_0.1_g1_1.9,0.1,1.9,256,48,3.4,6.900943684975726,-0.033333333333333326,8.899584174893432e-05,2.224896043723358e-05,2.224896043723358e-05,0.004716880371308306
g0_0.1_g1_1.9,0.1,1.9,256,48,3.4166666666666665,6.935106772525111,-0.033333333333333326,6.485674973110855e-05,1.6214187432777138e-05,1.6214187432777138e-05,0.004026684421801284
g0_0.1_g1_1.9,0.1,1.9,256,48,3.433333333333333,6.969269860074495,-0.033333333333333326,4.492495384248568e-05,1.123123846062142e-05,1.123123846062142e-05,0.0033513039940628216
g0_0.1_g1_1.9,0.1,1.9,256,48,3.4499999999999997,7.00343294762388,-0.033333333333333326,2.899181304339482e-05,7.247953260848705e-06,7.247953260848705e-06,0.00269220230682033
g0_0.1_g1_1.9,0.1,1.9,256,48,3.4666666666666663,7.037596035173265,-0.033333333333333326,1.6822115784684347e-05,4.205528946171087e-06,4.205528946171087e-06,0.002050738634290359
g0_0.1_g1_1.9,0.1,1.9,256,48,3.483333333333333,7.071759122722649,-0.033333333333333326,8.158651967380313e-06,2.0396629918450782e-06,2.0396629918450782e-06,0.0014281677043838648
g0_0.1_g1_1.9,0.1,1.9,256,48,3.5,7.105922210272035,-0.033333333333333326,2.7267215130462786e-06,6.816803782615696e-07,6.816803782615696e-07,0.0008256393754306838
g0_0.1_g1_1.9,0.1,1.9,256,48,3.5166666666666666,7.140085297821419,-0.033333333333333326,2.385319304705416e-07,5.96329826176354e-08,5.96329826176354e-08,0.00024419865400455304
g0_0.1_g1_1.9,0.1,1.9,256,48,3.533333333333333,7.174248385370804,-0.033333333333333326,3.974392014627997e-07,9.935980036569992e-08,9.935980036569992e-08,0.00031521389621287307
g0_0.1_g1_1.9,0.1,1.9,256,48,3.55,7.208411472920189,-0.033333333333333326,2.901989388864827e-06,7.254973472162067e-07,7.254973472162067e-07,0.000851761320568272
g0_0.1_g1_1.9,0.1,1.9,256,48,3.5666666666666664,7.242574560469573,-0.033333333333333326,7.44972260404621e-06,1.8624306510115525e-06,1.8624306510115525e-06,0.0013647089986555934
g0_0.1_g1_1.9,0.1,1.9,256,48,3.583333333333333,7.276737648018958,-0.033333333333333326,1.3740706251579797e-05,3.4351765628949492e-06,3.4351765628949492e-06,0.0018534229314689482
g0_0.1_g1_1.9,0.1,1.9,256,48,3.5999999999999996,7.310900735568342,-0.033333333333333326,2.1480770588180404e-05,5.370192647045101e-06,5.370192647045101e-06,0.00231736761154658
g0_0.1_g1_1.9,0.1,1.9,256,48,3.6166666666666667,7.345063823117728,-0.033333333333333326,3.0384426311119773e-05,7.596106577779943e-06,7.596106577779943e-06,0.002756103513618446
g0_0.1_g1_1.9,0.1,1.9,256,48,3.6333333333333333,7.379226910667113,-0.033333333333333326,4.01774508059091e-05,1.0044362701477275e-05,1.0044362701477275e-05,0.0031692842569699038
g0_0.1_g1_1.9,0.1,1.9,256,48,3.65,7.4133899982164975,-0.033333333333333326,5.0599136502294556e-05,1.2649784125573639e-05,1.2649784125573639e-05,0.0035566535009153816
g0_0.1_g1_1.9,0.1,1.9,256,48,3.6666666666666665,7.4475530857658825,-0.033333333333333326,6.140420120009781e-05,1.5351050300024453e-05,1.5351050300024453e-05,0.003918041640925279
g0_0.1_g1_1.9,0.1,1.9,256,48,3.683333333333333,7.481716173315267,-0.033333333333333326,7.236436596773016e-05,1.809109149193254e-05,1.809109149193254e-05,0.004253362374866799
g0_0.1_g1_1.9,0.1,1.9,256,48,3.6999999999999997,7.515879260864652,-0.033333333333333326,8.326961108701747e-05,2.081740277175437e-05,2.081740277175437e-05,0.004562609206556526
g0_0.1_g1_1.9,0.1,1.9,256,48,3.7166666666666663,7.550042348414037,-0.033333333333333326,9.392912439716343e-05,2.3482281099290857e-05,2.3482281099290857e-05,0.004845851947727134
g0_0.1_g1_1.9,0.1,1.9,256,48,3.733333333333333,7.584205435963421,-0.033333333333333326,0.00010417195923782001,2.6042989809455003e-05,2.6042989809455003e-05,0.005103233270139138
g0_0.1_g1_1.9,0.1,1.9,256,48,3.75,7.618368523512807,-0.033333333333333326,0.00011384742104324901,2.8461855260812252e-05,2.8461855260812252e-05,0.005334965347667429
g0_0.1_g1_1.9,0.1,1.9,256,48,3.7666666666666666,7.652531611062191,-0.033333333333333326,0.00012282520260056677,3.070630065014169e-05,3.070630065014169e-05,0.005541326614642173
g0_0.1_g1_1.9,0.1,1.9,256,48,3.783333333333333,7.686694698611576,-0.033333333333333326,0.0001309952882102271,3.2748822052556776e-05,3.2748822052556776e-05,0.005722658652458381
g0_0.1_g1_1.9,0.1,1.9,256,48,3.8,7.720857786160961,-0.033333333333333326,0.0001382676466647123,3.456691166617808e-05,3.456691166617808e-05,0.005879363202437665
g0_0.1_g1_1.9,0.1,1.9,256,48,3.8166666666666664,7.755020873710345,-0.033333333333333326,0.0001445717322930842,3.614293307327105e-05,3.614293307327105e-05,0.006011899290014018
g0_0.1_g1_1.9,0.1,1.9,256,48,3.833333333333333,7.78918396125973,-0.033333333333333326,0.0001498558125001689,3.7463953125042226e-05,3.7463953125042226e-05,0.006120780434310826
g0_0.1_g1_1.9,0.1,1.9,256,48,3.8499999999999996,7.823347048809114,-0.033333333333333326,0.00015408613943129713,3.852153485782428e-05,3.852153485782428e-05,0.006206571908696804
g0_0.1_g1_1.9,0.1,1.9,256,48,3.8666666666666667,7.8575101363585,-0.033333333333333326,0.00015724598275285094,3.9311495688212736e-05,3.9311495688212736e-05,0.006269888012413996
g0_0.1_g1_1.9,0.1,1.9,256,48,3.8833333333333333,7.891673223907885,-0.033333333333333326,0.00015933454014422583,3.983363503605646e-05,3.983363503605646e-05,0.006311389311083294
g0_0.1_g1_1.9,0.1,1.9,256,48,3.9,7.925836311457269,-0.033333333333333326,0.0001603657419890184,4.00914354972546e-05,4.00914354972546e-05,0.00633177980486171
g0_0.1_g1_1.9,0.1,1.9,256,48,3.9166666666666665,7.959999399006654,-0.033333333333333326,0.00016036696692257914,4.0091741730644786e-05,4.0091741730644786e-05,0.0063318039870675705
g0_0.1_g1_1.9,0.1,1.9,256,48,3.933333333333333,7.994162486556038,-0.033333333333333326,0.00015937768528679678,3.9844421321699195e-05,3.9844421321699195e-05,0.00631224376285479
g0_0.1_g1_1.9,0.1,1.9,256,48,3.9499999999999997,8.028325574105423,-0.033333333333333326,0.00015744804807330922,3.9362012018327306e-05,3.9362012018327306e-05,0.006273915206498037
g0_0.1_g1_1.9,0.1,1.9,256,48,3.9666666666666663,8.062488661654807,-0.033333333333333326,0.00015463743949221668,3.865935987305417e-05,3.865935987305417e-05,0.00621766514642387
g0_0.1_g1_1.9,0.1,1.9,256,48,3.983333333333333,8.096651749204193,-0.033333333333333326,0.00015101301176326349,3.775325294081587e-05,3.775325294081587e-05,0.006144367578589018
g0_0.1_g1_1.9,0.1,1.9,256,48,4.0,8.130814836753578,-0.033333333333333326,0.00014664822097205878,3.6662055243014694e-05,3.6662055243014694e-05,0.006054919920446074
g0_0.1_g1_1.9,0.1,1.9,256,48,4.016666666666667,8.164977924302963,-0.033333333333333326,0.00014162138276154065,3.540534569038516e-05,3.540534569038516e-05,0.0059502391288405515
g0_0.1_g1_1.9,0.1,1.9,256,48,4.033333333333333,8.199141011852348,-0.033333333333333326,0.00013601426615977855,3.4003566539944636e-05,3.4003566539944636e-05,0.005831257715102689
g0_0.1_g1_1.9,0.1,1.9,256,48,4.05,8.233304099401732,-0.033333333333333326,0.00012991074293274994,3.2477685733187485e-05,3.2477685733187485e-05,0.005698919698783927
g0_0.1_g1_1.9,0.1,1.9,256,48,4.066666666666666,8.267467186951118,-0.033333333333333326,0.00012339550848367272,3.084887712091818e-05,3.084887712091818e-05,0.005554176547510727
g0_0.1_g1_1.9,0.1,1.9,256,48,4.083333333333333,8.301630274500502,-0.033333333333333326,0.00011655288852385065,2.9138222130962663e-05,2.9138222130962663e-05,0.005397983154008788
g0_0.1_g1_1.9,0.1,1.9,256,48,4.1,8.335793362049886,-0.033333333333333326,0.0001094657435712057,2.7366435892801426e-05,2.7366435892801426e-05,0.005231293902353549
g0_0.1_g1_1.9,0.1,1.9,256,48,4.116666666666666,8.36995644959927,-0.033333333333333326,0.00010221448087687283,2.555362021921821e-05,2.555362021921821e-05,0.005055058873961628
g0_0.1_g1_1.9,0.1,1.9,256,48,4.133333333333333,8.404119537148656,-0.033333333333333326,9.487618074153792e-05,2.371904518538448e-05,2.371904518538448e-05,0.004870220239925961
g0_0.1_g1_1.9,0.1,1.9,256,48,4.1499999999999995,8.43828262469804,-0.033333333333333326,8.752384147561435e-05,2.1880960368903587e-05,2.1880960368903587e-05,0.004677708880307066
g0_0.1_g1_1.9,0.1,1.9,256,48,4.166666666666666,8.472445712247424,-0.033333333333333326,8.022574459715964e-05,2.005643614928991e-05,2.005643614928991e-05,0.004478441263351559
g0_0.1_g1_1.9,0.1,1.9,256,48,4.183333333333334,8.506608799796812,-0.033333333333333326,7.304493935548695e-05,1.8261234838871738e-05,1.8261234838871738e-05,0.004273316608779618
g0_0.1_g1_1.9,0.1,1.9,256,48,4.2,8.540771887346196,-0.033333333333333326,6.603884341009177e-05,1.6509710852522943e-05,1.6509710852522943e-05,0.004063214349812589
g0_0.1_g1_1.9,0.1,1.9,256,48,4.216666666666667,8.57493497489558,-0.033333333333333326,5.925895455506827e-05,1.4814738638767068e-05,1.4814738638767068e-05,0.0038489918990259084
g0_0.1_g1_1.9,0.1,1.9,256,48,4.233333333333333,8.609098062444966,-0.033333333333333326,5.275066680645346e-05,1.3187666701613365e-05,1.3187666701613365e-05,0.0036314827139356403
g0_0.1_g1_1.9,0.1,1.9,256,48,4.25,8.64326114999435,-0.033333333333333326,4.655318298584696e-05,1.163829574646174e-05,1.163829574646174e-05,0.003411494649924244
g0_0.1_g1_1.9,0.1,1.9,256,48,4.266666666666667,8.677424237543734,-0.033333333333333326,4.069951513541923e-05,1.0174878783854807e-05,1.0174878783854807e-05,0.0031898085810679625
g0_0.1_g1_1.9,0.1,1.9,256,48,4.283333333333333,8.71158732509312,-0.033333333333333326,3.5216563662826866e-05,8.804140915706716e-06,8.804140915706716e-06,0.002967177263950827
g0_0.1_g1_1.9,0.1,1.9,256,48,4.3,8.745750412642504,-0.033333333333333326,3.0125265996940468e-05,7.531316499235117e-06,7.531316499235117e-06,0.0027443244158144127
g0_0.1_g1_1.9,0.1,1.9,256,48,4.316666666666666,8.779913500191888,-0.033333333333333326,2.5440805682102475e-05,6.360201420525619e-06,6.360201420525619e-06,0.002521943976484335
g0_0.1_g1_1.9,0.1,1.9,256,48,4.333333333333333,8.814076587741273,-0.033333333333333326,2.1172873187823144e-05,5.293218296955786e-06,5.293218296955786e-06,0.002300699523396262
g0_0.1_g1_1.9,0.1,1.9,256,48,4.35,8.848239675290658,-0.033333333333333326,1.732597019883232e-05,4.33149254970808e-06,4.33149254970808e-06,0.0020812238105759025
g0_0.1_g1_1.9,0.1,1.9,256,48,4.366666666666666,8.882402762840043,-0.033333333333333326,1.3899749717278012e-05,3.474937429319503e-06,3.474937429319503e-06,0.0018641184053915414
g0_0.1_g1_1.9,0.1,1.9,256,48,4.383333333333333,8.916565850389427,-0.033333333333333326,1.0889384901757145e-05,2.722346225439286e-06,2.722346225439286e-06,0.001649953400990248
g0_0.1_g1_1.9,0.1,1.9,256,48,4.3999999999999995,8.950728937938813,-0.033333333333333326,8.285960144785878e-06,2.0714900361964696e-06,2.0714900361964696e-06,0.0014392671872159352
g0_0.1_g1_1.9,0.1,1.9,256,48,4.416666666666666,8.984892025488197,-0.033333333333333326,6.076878421175633e-06,1.5192196052939082e-06,1.5192196052939082e-06,0.0012325662681145822
g0_0.1_g1_1.9,0.1,1.9,256,48,4.433333333333334,9.019055113037583,-0.033333333333333326,4.246279407448894e-06,1.0615698518622236e-06,1.0615698518622236e-06,0.0010303251194949212
g0_0.1_g1_1.9,0.1,1.9,256,48,4.45,9.053218200586969,-0.033333333333333326,2.7754632717717726e-06,6.938658179429431e-07,6.938658179429431e-07,0.0008329860850836244
g0_0.1_g1_1.9,0.1,1.9,256,48,4.466666666666667,9.087381288136353,-0.033333333333333326,1.643315370284193e-06,4.1082884257104824e-07,4.1082884257104824e-07,0.0006409593142868338
g0_0.1_g1_1.9,0.1,1.9,256,48,4.483333333333333,9.121544375685737,-0.033333333333333326,8.267273727125894e-07,2.0668184317814734e-07,2.0668184317814734e-07,0.00045462274819694994
g0_0.1_g1_1.9,0.1,1.9,256,48,4.5,9.155707463235121,-0.033333333333333326,3.0101059664581435e-07,7.525264916145359e-08,7.525264916145359e-08,0.0002743221630883177
g0_0.1_g1_1.9,0.1,1.9,256,48,4.516666666666667,9.189870550784507,-0.033333333333333326,4.029757709863782e-08,1.0074394274659456e-08,1.0074394274659456e-08,0.00010037128212122955
g0_0.1_g1_1.9,0.1,1.9,256,48,4.533333333333333,9.224033638333891,-0.033333333333333326,1.7928156863441286e-08,4.4820392158603215e-09,4.4820392158603215e-09,6.694803369674363e-05
g0_0.1_g1_1.9,0.1,1.9,256,48,4.55,9.258196725883275,-0.033333333333333326,2.0681667156408685e-07,5.170416789102171e-08,5.170416789102171e-08,0.00022738550501520915
g0_0.1_g1_1.9,0.1,1.9,256,48,4.566666666666666,9.292359813432661,-0.033333333333333326,5.797971344320711e-07,1.4494928360801778e-07,1.4494928360801778e-07,0.00038072205558388364
g0_0.1_g1_1.9,0.1,1.9,256,48,4.583333333333333,9.326522900982045,-0.033333333333333326,1.1099437066874618e-06,2.7748592667186545e-07,2.7748592667186545e-07,0.0005267693296613475
g0_0.1_g1_1.9,0.1,1.9,256,48,4.6,9.36068598853143,-0.033333333333333326,1.7708641705567998e-06,4.4271604263919994e-07,4.4271604263919994e-07,0.0006653691025582717
g0_0.1_g1_1.9,0.1,1.9,256,48,4.616666666666666,9.394849076080813,-0.033333333333333326,2.5369645975681798e-06,6.342411493920449e-07,6.342411493920449e-07,0.00079639258496802
g0_0.1_g1_1.9,0.1,1.9,256,48,4.633333333333333,9.4290121636302,-0.033333333333333326,3.383683913472872e-06,8.45920978368218e-07,8.45920978368218e-07,0.0009197396253115433
g0_0.1_g1_1.9,0.1,1.9,256,48,4.6499999999999995,9.463175251179583,-0.033333333333333326,4.287697587383009e-06,1.0719243968457523e-06,1.0719243968457523e-06,0.00103533781774151
g0_0.1_g1_1.9,0.1,1.9,256,48,4.666666666666666,9.497338338728968,-0.033333333333333326,5.227090198337171e-06,1.3067725495842928e-06,1.3067725495842928e-06,0.0011431415264893025
g0_0.1_g1_1.9,0.1,1.9,256,48,4.683333333333334,9.531501426278355,-0.033333333333333326,6.181497138528424e-06,1.545374284632106e-06,1.545374284632106e-06,0.0012431308397075932
g0_0.1_g1_1.9,0.1,1.9,256,48,4.7,9.56566451382774,-0.033333333333333326,7.132216180820615e-06,1.7830540452051537e-06,1.7830540452051537e-06,0.0013353104677209543
g0_0.1_g1_1.9,0.1,1.9,256,48,4.716666666666667,9.599827601377124,-0.033333333333333326,8.062290053292347e-06,2.0155725133230867e-06,2.0155725133230867e-06,0.0014197086015528282
g0_0.1_g1_1.9,0.1,1.9,256,48,4.733333333333333,9.63399068892651,-0.033333333333333326,8.956561513420049e-06,2.2391403783550123e-06,2.2391403783550123e-06,0.0014963757477168
g0_0.1_g1_1.9,0.1,1.9,256,48,4.75,9.668153776475894,-0.033333333333333326,9.801702691566953e-06,2.4504256728917383e-06,2.4504256728917383e-06,0.0015653835545615452
g0_0.1_g1_1.9,0.1,1.9,256,48,4.766666666666667,9.702316864025278,-0.033333333333333326,1.0586220674894775e-05,2.6465551687236937e-06,2.6465551687236937e-06,0.0016268236440142164
g0_0.1_g1_1.9,0.1,1.9,256,48,4.783333333333333,9.736479951574662,-0.033333333333333326,1.1300441430487463e-05,2.825110357621866e-06,2.825110357621866e-06,0.0016808064604890908
g0_0.1_g1_1.9,0.1,1.9,256,48,4.8,9.770643039124048,-0.033333333333333326,1.1936474226447234e-05,2.9841185566118084e-06,2.9841185566118084e-06,0.0017274601461717744
g0_0.1_g1_1.9,0.1,1.9,256,48,4.816666666666666,9.804806126673432,-0.033333333333333326,1.2488158711315859e-05,3.1220396778289646e-06,3.1220396778289646e-06,0.0017669294490242004
g0_0.1_g1_1.9,0.1,1.9,256,48,4.833333333333333,9.838969214222816,-0.033333333333333326,1.2950996767114244e-05,3.237749191778561e-06,3.237749191778561e-06,0.0017993746668713998
g0_0.1_g1_1.9,0.1,1.9,256,48,4.85,9.873132301772202,-0.033333333333333326,1.3322071172444339e-05,3.3305177931110848e-06,3.3305177931110848e-06,0.0018249706280132523
g0_0.1_g1_1.9,0.1,1.9,256,48,4.866666666666666,9.907295389321586,-0.033333333333333326,1.3599953012378646e-05,3.3999882530946616e-06,3.3999882530946616e-06,0.0018439057061288848
g0_0.1_g1_1.9,0.1,1.9,256,48,4.883333333333333,9.94145847687097,-0.033333333333333326,1.3784599663149928e-05,3.446149915787482e-06,3.446149915787482e-06,0.0018563808649594193
g0_0.1_g1_1.9,0.1,1.9,256,48,4.8999999999999995,9.975621564420356,-0.033333333333333326,1.38772450719962e-05,3.46931126799905e-06,3.46931126799905e-06,0.0018626087264906309
g0_0.1_g1_1.9,0.1,1.9,256,48,4.916666666666666,10.00978465196974,-0.033333333333333326,1.3880283953425234e-05,3.4700709883563085e-06,3.4700709883563085e-06,0.0018628126551954462
g0_0.1_g1_1.9,0.1,1.9,256,48,4.933333333333334,10.043947739519126,-0.033333333333333326,1.3797151437308367e-05,3.4492878593270918e-06,3.4492878593270918e-06,0.0018572258503819863
g0_0.1_g1_1.9,0.1,1.9,256,48,4.95,10.078110827068512,-0.033333333333333326,1.3632199633367155e-05,3.408049908341789e-06,3.408049908341789e-06,0.0018460904388306085
g0_0.1_g1_1.9,0.1,1.9,256,48,4.966666666666667,10.112273914617896,-0.033333333333333326,1.3390572519802878e-05,3.3476431299507195e-06,3.3476431299507195e-06,0.0018296565606557749
g0_0.1_g1_1.9,0.1,1.9,256,48,4.983333333333333,10.14643700216728,-0.033333333333333326,1.307808051779457e-05,3.2695201294486427e-06,3.2695201294486427e-06,0.0018081814426236774
g0_0.1_g1_1.9,0.1,1.9,256,48,5.0,10.180600089716664,-0.033333333333333326,1.2701076073413107e-05,3.1752690183532767e-06,3.1752690183532767e-06,0.0017819284548918559
g0_0.1_g1_1.9,0.1,1.9,256,48,5.016666666666667,10.21476317726605,-0.033333333333333326,1.2266331528229522e-05,3.0665828820573805e-06,3.0665828820573805e-06,0.0017511661491867014
g0_0.1_g1_1.9,0.1,1.9,256,48,5.033333333333333,10.248926264815434,-0.033333333333333326,1.1780920513384615e-05,2.9452301283461538e-06,2.9452301283461538e-06,0.00171616727866084
g0_0.1_g1_1.9,0.1,1.9,256,48,5.05,10.283089352364819,-0.033333333333333326,1.125210404340958e-05,2.813026010852395e-06,2.813026010852395e-06,0.0016772078019292645
g0_0.1_g1_1.9,0.1,1.9,256,48,5.066666666666666,10.317252439914204,-0.033333333333333326,1.0687222411037466e-05,2.6718056027593665e-06,2.6718056027593665e-06,0.0016345658759313944
g0_0.1_g1_1.9,0.1,1.9,256,48,5.083333333333333,10.351415527463589,-0.033333333333333326,1.0093593889551679e-05,2.5233984723879197e-06,2.5233984723879197e-06,0.0015885208441779792
g0_0.1_g1_1.9,0.1,1.9,256,48,5.1,10.385578615012973,-0.033333333333333326,9.478421133638187e-06,2.3696052834095467e-06,2.3696052834095467e-06,0.001539352228507026
g0_0.1_g1_1.9,0.1,1.9,256,48,5.116666666666666,10.419741702562357,-0.033333333333333326,8.848706033982903e-06,2.2121765084957257e-06,2.2121765084957257e-06,0.0014873387336097066
g0_0.1_g1_1.9,0.1,1.9,256,48,5.133333333333333,10.453904790111743,-0.033333333333333326,8.211173627541753e-06,2.0527934068854383e-06,2.0527934068854383e-06,0.0014327572742392335
g0_0.1_g1_1.9,0.1,1.9,256,48,5.1499999999999995,10.488067877661127,-0.033333333333333326,7.572205498700331e-06,1.8930513746750826e-06,1.8930513746750826e-06,0.001375882035159658
g0_0.1_g1_1.9,0.1,1.9,256,48,5.166666666666666,10.522230965210511,-0.033333333333333326,6.937782931837771e-06,1.7344457329594428e-06,1.7344457329594428e-06,0.0013169835735344017
g0_0.1_g1_1.9,0.1,1.9,256,48,5.183333333333334,10.556394052759899,-0.033333333333333326,6.313439899270251e-06,1.5783599748175628e-06,1.5783599748175628e-06,0.0012563279726319728
g0_0.1_g1_1.9,0.1,1.9,256,48,5.2,10.590557140309283,-0.033333333333333326,5.704225796574477e-06,1.4260564491436192e-06,1.4260564491436192e-06,0.0011941760545010184
g0_0.1_g1_1.9,0.1,1.9,256,48,5.216666666666667,10.624720227858667,-0.033333333333333326,5.114677675988316e-06,1.278669418997079e-06,1.278669418997079e-06,0.0011307826577185728
g0_0.1_g1_1.9,0.1,1.9,256,48,5.233333333333333,10.658883315408053,-0.033333333333333326,4.548801583418059e-06,1.1372003958545147e-06,1.1372003958545147e-06,0.001066395984545382
g0_0.1_g1_1.9,0.1,1.9,256,48,5.25,10.693046402957437,-0.033333333333333326,4.01006247984298e-06,1.002515619960745e-06,1.002515619960745e-06,0.0010012570199308193
g0_0.1_g1_1.9,0.1,1.9,256,48,5.266666666666667,10.727209490506821,-0.033333333333333326,3.5013821266704204e-06,8.753455316676051e-07,8.753455316676051e-07,0.0009355990229086417
g0_0.1_g1_1.9,0.1,1.9,256,48,5.283333333333333,10.761372578056207,-0.033333333333333326,3.0251442384118776e-06,7.562860596029694e-07,7.562860596029694e-07,0.0008696470891131467
g0_0.1_g1_1.9,0.1,1.9,256,48,5.3,10.795535665605591,-0.033333333333333326,2.5832061550729635e-06,6.458015387682409e-07,6.458015387682409e-07,0.0008036177815157159
g0_0.1_g1_1.9,0.1,1.9,256,48,5.316666666666666,10.829698753154975,-0.033333333333333326,2.176916259694242e-06,5.442290649235605e-07,5.442290649235605e-07,0.0007377188251112754
g0_0.1_g1_1.9,0.1,1.9,256,48,5.333333333333333,10.86386184070436,-0.033333333333333326,1.8071363612225561e-06,4.5178409030563903e-07,4.5178409030563903e-07,0.0006721488602278806
g0_0.1_g1_1.9,0.1,1.9,256,48,5.35,10.898024928253745,-0.033333333333333326,1.4742682761939734e-06,3.6856706904849336e-07,3.6856706904849336e-07,0.0006070972484277074
g0_0.1_g1_1.9,0.1,1.9,256,48,5.366666666666666,10.93218801580313,-0.033333333333333326,1.1782838708742665e-06,2.945709677185666e-07,2.945709677185666e-07,0.0005427439246261229
g0_0.1_g1_1.9,0.1,1.9,256,48,5.383333333333333,10.966351103352514,-0.033333333333333326,9.187578646294483e-07,2.2968946615736208e-07,2.2968946615736208e-07,0.0004792592890673712
g0_0.1_g1_1.9,0.1,1.9,256,48,5.3999999999999995,11.0005141909019,-0.033333333333333326,6.949027415854819e-07,1.7372568539637047e-07,1.7372568539637047e-07,0.0004168041331325428
g0_0.1_g1_1.9,0.1,1.9,256,48,5.416666666666666,11.034677278451284,-0.033333333333333326,5.056051676150543e-07,1.2640129190376358e-07,1.2640129190376358e-07,0.00035552959356959803
g0_0.1_g1_1.9,0.1,1.9,256,48,5.433333333333334,11.06884036600067,-0.033333333333333326,3.4946336045533396e-07,8.736584011383349e-08,8.736584011383349e-08,0.00029557713056634386
g0_0.1_g1_1.9,0.1,1.9,256,48,5.45,11.103003453550055,-0.033333333333333326,2.2482491008584517e-07,5.620622752146129e-08,5.620622752146129e-08,0.00023707852606565043
g0_0.1_g1_1.9,0.1,1.9,256,48,5.466666666666667,11.13716654109944,-0.033333333333333326,1.2982459289249198e-07,3.2456148223122994e-08,3.2456148223122994e-08,0.000180155899773288
g0_0.1_g1_1.9,0.1,1.9,256,48,5.483333333333333,11.171329628648824,-0.033333333333333326,6.242176585723232e-08,1.560544146430808e-08,1.560544146430808e-08,0.0001249217413595731
g0_0.1_g1_1.9,0.1,1.9,256,48,5.5,11.205492716198208,-0.033333333333333326,2.0436965939591674e-08,5.109241484897918e-09,5.109241484897918e-09,7.147895833668758e-05
g0_0.1_g1_1.9,0.1,1.9,256,48,5.516666666666667,11.239655803747594,-0.033333333333333326,1.5873753931856873e-09,3.968438482964218e-10,3.968438482964218e-10,1.992093994510354e-05
g0_0.1_g1_1.9,0.1,1.9,256,48,5.533333333333333,11.273818891296978,-0.033333333333333326,3.520846801718481e-09,8.802117004296203e-10,8.802117004296203e-10,2.966836194382191e-05
g0_0.1_g1_1.9,0.1,1.9,256,48,5.55,11.307981978846362,-0.033333333333333326,2.3848213153845692e-08,5.962053288461423e-09,5.962053288461423e-09,7.721433343920948e-05
g0_0.1_g1_1.9,0.1,1.9,256,48,5.566666666666666,11.342145066395748,-0.033333333333333326,6.017363937628612e-08,1.504340984407153e-08,1.504340984407153e-08,0.0001226515790524995
g0_0.1_g1_1.9,0.1,1.9,256,48,5.583333333333333,11.376308153945132,-0.033333333333333326,1.1012280337472873e-07,2.753070084368218e-08,2.753070084368218e-08,0.00016592378022357791
g0_0.1_g1_1.9,0.1,1.9,256,48,5.6,11.410471241494516,-0.033333333333333326,1.713687275270515e-07,4.2842181881762875e-08,4.2842181881762875e-08,0.00020698353046018632
g0_0.1_g1_1.9,0.1,1.9,256,48,5.616666666666666,11.4446343290439,-0.033333333333333326,2.416551161527888e-07,6.04137790381972e-08,6.04137790381972e-08,0.00024579214600592344
g0_0.1_g1_1.9,0.1,1.9,256,48,5.633333333333333,11.478797416593286,-0.033333333333333326,3.188170908066862e-07,7.970427270167155e-08,7.970427270167155e-08,0.00028231945151135365
g0_0.1_g1_1.9,0.1,1.9,256,48,5.6499999999999995,11.51296050414267,-0.033333333333333326,4.0079925301486504e-07,1.0019981325371626e-07,1.0019981325371626e-07,0.00031654354084977986
g0_0.1_g1_1.9,0.1,1.9,256,48,5.666666666666666,11.547123591692054,-0.033333333333333326,4.85671042665668e-07,1.21417760666417e-07,1.21417760666417e-07,0.00034845051394196135
g0_0.1_g1_1.9,0.1,1.9,256,48,5.683333333333334,11.581286679241442,-0.033333333333333326,5.716393988086496e-07,1.429098497021624e-07,1.429098497021624e-07,0.000378034191181383
g0_0.1_g1_1.9,0.1,1.9,256,48,5.7,11.615449766790826,-0.033333333333333326,6.570587670624972e-07,1.642646917656243e-07,1.642646917656243e-07,0.0004052958077326045
g0_0.1_g1_1.9,0.1,1.9,256,48,5.716666666666667,11.64961285434021,-0.033333333333333326,7.404385330855965e-07,1.8510963327139914e-07,1.8510963327139914e-07,0.00043024369056547375
g0_0.1_g1_1.9,0.1,1.9,256,48,5.733333333333333,11.683775941889596,-0.033333333333333326,8.204479935572556e-07,2.051119983893139e-07,2.051119983893139e-07,0.00045289292154913826
g0_0.1_g1_1.9,0.1,1.9,256,48,5.75,11.71793902943898,-0.033333333333333326,8.959190039303785e-07,2.2397975098259463e-07,2.2397975098259463e-07,0.000473264990235486
g0_0.1_g1_1.9,0.1,1.9,256,48,5.766666666666667,11.752102116988365,-0.033333333333333326,9.658464651305128e-07,2.414616162826282e-07,2.414616162826282e-07,0.0004913874400945024
g0_0.1_g1_1.9,0.1,1.9,256,48,5.783333333333333,11.786265204537749,-0.033333333333333326,1.0293868289423738e-06,2.5734670723559346e-07,2.5734670723559346e-07,0.000507293511919474
g0_0.1_g1_1.9,0.1,1.9,256,48,5.8,11.820428292087135,-0.033333333333333326,1.08585481388563e-06,2.714637034714075e-07,2.714637034714075e-07,0.0005210217879046974
g0_0.1_g1_1.9,0.1,1.9,256,48,5.816666666666666,11.854591379636519,-0.033333333333333326,1.1347185300703023e-06,2.8367963251757556e-07,2.8367963251757556e-07,0.0005326158395293699
g0_0.1_g1_1.9,0.1,1.9,256,48,5.833333333333333,11.888754467185903,-0.033333333333333326,1.175593213238478e-06,2.938983033096195e-07,2.938983033096195e-07,0.0005421238818845924
g0_0.1_g1_1.9,0.1,1.9,256,48,5.85,11.922917554735289,-0.033333333333333326,1.208233765567725e-06,3.0205844139193125e-07,3.0205844139193125e-07,0.0005495984364897077
g0_0.1_g1_1.9,0.1,1.9,256,48,5.866666666666666,11.957080642284673,-0.033333333333333326,1.23252629461142e-06,3.08131573652855e-07,3.08131573652855e-07,0.0005550960039964754
g0_0.1_g1_1.9,0.1,1.9,256,48,5.883333333333333,11.991243729834057,-0.033333333333333326,1.2484788328605536e-06,3.121197082151384e-07,3.121197082151384e-07,0.0005586767475160734
g0_0.1_g1_1.9,0.1,1.9,256,48,5.8999999999999995,12.025406817383443,-0.033333333333333326,1.2562114097152663e-06,3.140528524288166e-07,3.140528524288166e-07,0.000560404186662463
g0_0.1_g1_1.9,0.1,1.9,256,48,5.916666666666666,12.059569904932827,-0.033333333333333326,1.2559456360055894e-06,3.1398640900139736e-07,3.1398640900139736e-07,0.0005603449018251146
g0_0.1_g1_1.9,0.1,1.9,256,48,5.933333333333334,12.093732992482213,-0.033333333333333326,1.2479939493278065e-06,3.1199848733195164e-07,3.1199848733195164e-07,0.0005585682476940052
g0_0.1_g1_1.9,0.1,1.9,256,48,5.95,12.127896080031599,-0.033333333333333326,1.232748656959328e-06,3.08187164239832e-07,3.08187164239832e-07,0.0005551460746865027
g0_0.1_g1_1.9,0.1,1.9,256,48,5.966666666666667,12.162059167580983,-0.033333333333333326,1.2106709023904701e-06,3.0266772559761753e-07,3.0266772559761753e-07,0.0005501524566859786
g0_0.1_g1_1.9,0.1,1.9,256,48,5.983333333333333,12.196222255130367,-0.033333333333333326,1.1822796717851531e-06,2.955699179462883e-07,2.955699179462883e-07,0.0005436634234030172
g0_0.1_g1_1.9,0.1,1.9,256,48,6.0,12.230385342679751,-0.033333333333333326,1.148140948004056e-06,2.87035237001014e-07,2.87035237001014e-07,0.0005357566957127218
g0_0.4_g1_1.6,0.4,1.6,256,48,0.04999999999999999,0.0,-0.04999999999999999,0.9573479717381405,0.23933699293453511,0.23933699293453511,0.48922080182115635
g0_0.4_g1_1.6,0.4,1.6,256,48,0.06666666666666665,0.054120362635474595,-0.04999999999999999,0.951979444285,0.23799486107125,0.23799486107125,0.4878471697891154
g0_0.4_g1_1.6,0.4,1.6,256,48,0.08333333333333331,0.10824072527094919,-0.04999999999999999,0.9360561058648238,0.23401402646620595,0.23401402646620595,0.483749962755767
g0_0.4_g1_1.6,0.4,1.6,256,48,0.09999999999999999,0.16236108790642378,-0.04999999999999999,0.910113237755691,0.22752830943892274,0.22752830943892274,0.4769992761408792
g0_0.4_g1_1.6,0.4,1.6,256,48,0.11666666666666665,0.21648145054189838,-0.04999999999999999,0.8750059320747711,0.21875148301869277,0.21875148301869277,0.46770875875772605
g0_0.4_g1_1.6,0.4,1.6,256,48,0.1333333333333333,0.270601813177373,-0.04999999999999999,0.8318573130997988,0.2079643282749497,0.2079643282749497,0.45603106064713367
g0_0.4_g1_1.6,0.4,1.6,256,48,0.15,0.32472217581284757,-0.04999999999999999,0.7819931000604449,0.19549827501511122,0.19549827501511122,0.4421518687228532
g0_0.4_g1_1.6,0.4,1.6,256,48,0.16666666666666666,0.37884253844832216,-0.04999999999999999,0.7268684412719264,0.1817171103179816,0.1817171103179816,0.4262828993966115
g0_0.4_g1_1.6,0.4,1.6,256,48,0.18333333333333332,0.43296290108379676,-0.04999999999999999,0.6679932512324689,0.16699831280811722,0.16699831280811722,0.40865427051251674
g0_0.4_g1_1.6,0.4,1.6,256,48,0.19999999999999998,0.48708326371927135,-0.04999999999999999,0.606861863666648,0.151715465916662,0.151715465916662,0.3895066955992695
g0_0.4_g1_1.6,0.4,1.6,256,48,0.21666666666666665,0.541203626354746,-0.04999999999999999,0.5448917926568543,0.13622294816421357,0.13622294816421357,0.3690839310566278
g0_0.4_g1_1.6,0.4,1.6,256,48,0.2333333333333333,0.5953239889902205,-0.04999999999999999,0.4833749644884093,0.12084374112210232,0.12084374112210232,0.3476258637128462
g0_0.4_g1_1.6,0.4,1.6,256,48,0.25,0.6494443516256951,-0.04999999999999999,0.4234431741769902,0.10586079354424754,0.10586079354424754,0.3253625570717189
g0_0.4_g1_1.6,0.4,1.6,256,48,0.26666666666666666,0.7035647142611697,-0.04999999999999999,0.3660479574059934,0.09151198935149835,0.09151198935149835,0.302509486382656
g0_0.4_g1_1.6,0.4,1.6,256,48,0.2833333333333333,0.7576850768966443,-0.04999999999999999,0.311953735887391,0.07798843397184775,0.07798843397184775,0.27926409359573556
g0_0.4_g1_1.6,0.4,1.6,256,48,0.3,0.8118054395321189,-0.04999999999999999,0.26174211533452607,0.06543552883363152,0.06543552883363152,0.255803691985928
g0_0.4_g1_1.6,0.4,1.6,256,48,0.31666666666666665,0.8659258021675935,-0.04999999999999999,0.21582464400508178,0.053956161001270445,0.053956161001270445,0.2322846551136567
g0_0.4_g1_1.6,0.4,1.6,256,48,0.3333333333333333,0.9200461648030681,-0.04999999999999999,0.17446116545769122,0.043615291364422805,0.043615291364422805,0.2088427431452259
g0_0.4_g1_1.6,0.4,1.6,256,48,0.35,0.9741665274385427,-0.04999999999999999,0.13778106146850908,0.03444526536712727,0.03444526536712727,0.18559435704548582
g0_0.4_g1_1.6,0.4,1.6,256,48,0.36666666666666664,1.0282868900740172,-0.04999999999999999,0.1058050894873469,0.026451272371836726,0.026451272371836726,0.16263847137696766
g0_0.4_g1_1.6,0.4,1.6,256,48,0.3833333333333333,1.082407252709492,-0.04999999999999999,0.07846607235255997,0.01961651808813999,0.01961651808813999,0.14005898074789774
g0_0.4_g1_1.6,0.4,1.6,256,48,0.39999999999999997,1.1365276153449664,-0.04999999999999999,0.05562730034472183,0.013906825086180458,0.013906825086180458,0.11792720248602719
g0_0.4_g1_1.6,0.4,1.6,256,48,0.41666666666666663,1.190647977980441,-0.04999999999999999,0.03709807744913818,0.009274519362284545,0.009274519362284545,0.09630430604227697
g0_0.4_g1_1.6,0.4,1.6,256,48,0.4333333333333333,1.2447683406159156,-0.04999999999999999,0.022646327262027394,0.005661581815506848,0.005661581815506848,0.07524348354181143
g0_0.4_g1_1.6,0.4,1.6,256,48,0.45,1.2988887032513903,-0.04999999999999999,0.012008534856772012,0.003002133714193003,0.003002133714193003,0.05479173034494351
g0_0.4_g1_1.6,0.4,1.6,256,48,0.4666666666666667,1.353009065886865,-0.04999999999999999,0.004897526100564739,0.0012243815251411847,0.0012243815251411847,0.0349911635293996
g0_0.4_g1_1.6,0.4,1.6,256,48,0.48333333333333334,1.4071294285223395,-0.04999999999999999,0.0010086803278565126,0.00025217008196412816,0.00025217008196412816,0.01587986404110968
g0_0.4_g1_1.6,0.4,1.6,256,48,0.5,1.4612497911578142,-0.04999999999999999,2.51546443979397e-05,6.288661099484925e-06,6.288661099484925e-06,0.002507720299292751
g0_0.4_g1_1.6,0.4,1.6,256,48,0.5166666666666666,1.5153701537932887,-0.04999999999999999,0.0016225964744445236,0.0004056491186111309,0.0004056491186111309,0.02014073282209788
g0_0.4_g1_1.6,0.4,1.6,256,48,0.5333333333333333,1.5694905164287634,-0.04999999999999999,0.005473668154239875,0.0013684170385599688,0.0013684170385599688,0.036992121303866435
g0_0.4_g1_1.6,0.4,1.6,256,48,0.55,1.6236108790642378,-0.04999999999999999,0.011252536842978972,0.002813134210744743,0.002813134210744743,0.05303898764818898
g0_0.4_g1_1.6,0.4,1.6,256,48,0.5666666666666667,1.6777312416997123,-0.04999999999999999,0.01863932477128356,0.00465983119282089,0.00465983119282089,0.06826295622679178
g0_0.4_g1_1.6,0.4,1.6,256,48,0.5833333333333333,1.731851604335187,-0.04999999999999999,0.027324392165951342,0.006831098041487836,0.006831098041487836,0.08265045699503322
g0_0.4_g1_1.6,0.4,1.6,256,48,0.6000000000000001,1.7859719669706617,-0.04999999999999999,0.03701225242645793,0.009253063106614482,0.009253063106614482,0.09619284332326643
g0_0.4_g1_1.6,0.4,1.6,256,48,0.6166666666666667,1.8400923296061362,-0.04999999999999999,0.04742490083974207,0.011856225209935517,0.011856225209935517,0.10888629486733176
g0_0.4_g1_1.6,0.4,1.6,256,48,0.6333333333333333,1.894212692241611,-0.04999999999999999,0.05830436969997755,0.014576092424994387,0.014576092424994387,0.12073148895377041
g0_0.4_g1_1.6,0.4,1.6,256,48,0.6499999999999999,1.9483330548770854,-0.04999999999999999,0.06941439232181411,0.017353598080453527,0.017353598080453527,0.13173305614178063
g0_0.4_g1_1.6,0.4,1.6,256,48,0.6666666666666667,2.00245341751256,-0.04999999999999999,0.08054114987050648,0.02013528746762662,0.02013528746762662,0.14189886351774147
g0_0.4_g1_1.6,0.4,1.6,256,48,0.6833333333333333,2.0565737801480344,-0.04999999999999999,0.09149317067978786,0.022873292669946966,0.022873292669946966,0.15123919025817006
g0_0.4_g1_1.6,0.4,1.6,256,48,0.7,2.110694142783509,-0.04999999999999999,0.10210053587422223,0.025525133968555557,0.025525133968555557,0.15976587235250073
g0_0.4_g1_1.6,0.4,1.6,256,48,0.7166666666666666,2.164814505418984,-0.04999999999999999,0.11221360547530583,0.028053401368826458,0.028053401368826458,0.16749149640750857
g0_0.4_g1_1.6,0.4,1.6,256,48,0.7333333333333334,2.2189348680544585,-0.04999999999999999,0.12170150850961674,0.030425377127404184,0.030425377127404184,0.17442871646436026
g0_0.4_g1_1.6,0.4,1.6,256,48,0.75,2.2730552306899328,-0.04999999999999999,0.13045063692584838,0.032612659231462095,0.032612659231462095,0.18058975394928167
g0_0.4_g1_1.6,0.4,1.6,256,48,0.7666666666666666,2.3271755933254075,-0.04999999999999999,0.13836334906372763,0.03459083726593191,0.03459083726593191,0.1859861211648114
g0_0.4_g1_1.6,0.4,1.6,256,48,0.7833333333333332,2.381295955960882,-0.04999999999999999,0.14535703043196788,0.03633925760799197,0.03633925760799197,0.19062858549543918
g0_0.4_g1_1.6,0.4,1.6,256,48,0.8,2.435416318596357,-0.04999999999999999,0.15136358656431084,0.03784089664107771,0.03784089664107771,0.19452736733189424
g0_0.4_g1_1.6,0.4,1.6,256,48,0.8166666666666667,2.489536681231831,-0.04999999999999999,0.1563293648436338,0.03908234121090845,0.03908234121090845,0.19769254212263154
g0_0.4_g1_1.6,0.4,1.6,256,48,0.8333333333333333,2.543657043867306,-0.04999999999999999,0.1602154294769458,0.04005385736923645,0.04005385736923645,0.20013459813144865
g0_0.4_g1_1.6,0.4,1.6,256,48,0.8500000000000001,2.5977774065027806,-0.04999999999999999,0.16299805516836777,0.04074951379209194,0.04074951379209194,0.20186508809621326
g0_0.4_g1_1.6,0.4,1.6,256,48,0.8666666666666667,2.6518977691382553,-0.04999999999999999,0.16466926726084435,0.04116731681521109,0.04116731681521109,0.2028973060817001
g0_0.4_g1_1.6,0.4,1.6,256,48,0.8833333333333333,2.70601813177373,-0.04999999999999999,0.16523724315067567,0.04130931078766892,0.04130931078766892,0.20324692073354744
g0_0.4_g1_1.6,0.4,1.6,256,48,0.8999999999999999,2.7601384944092042,-0.04999999999999999,0.16472640231286254,0.041181600578215634,0.041181600578215634,0.202932502517994
g0_0.4_g1_1.6,0.4,1.6,256,48,0.9166666666666667,2.814258857044679,-0.04999999999999999,0.1631770476983122,0.04079426192457805,0.04079426192457805,0.201975894414601
g0_0.4_g1_1.6,0.4,1.6,256,48,0.9333333333333333,2.8683792196801536,-0.04999999999999999,0.16064447405356258,0.040161118513390645,0.040161118513390645,0.20040239148620617
g0_0.4_g1_1.6,0.4,1.6,256,48,0.95,2.9224995823156283,-0.04999999999999999,0.15719752124255315,0.03929938031063829,0.03929938031063829,0.19824071305016608
g0_0.4_g1_1.6,0.4,1.6,256,48,0.9666666666666666,2.9766199449511026,-0.04999999999999999,0.15291661431064088,0.03822915357766022,0.03822915357766022,0.1955227699723493
g0_0.4_g1_1.6,0.4,1.6,256,48,0.9833333333333334,3.0307403075865773,-0.04999999999999999,0.14789138850303288,0.03697284712575822,0.03697284712575822,0.1922832471271437
g0_0.4_g1_1.6,0.4,1.6,256,48,1.0,3.0848606702220516,-0.04999999999999999,0.14221803989190274,0.035554509972975684,0.035554509972975684,0.18855903577653255
g0_0.4_g1_1.6,0.4,1.6,256,48,1.0166666666666666,3.1389810328575267,-0.04999999999999999,0.13599656622842607,0.03399914155710652,0.03399914155710652,0.18438856135104076
g0_0.4_g1_1.6,0.4,1.6,256,48,1.0333333333333332,3.193101395493001,-0.04999999999999999,0.12932806653181278,0.032332016632953195,0.032332016632953195,0.17981105814980677
g0_0.4_g1_1.6,0.4,1.6,256,48,1.05,3.2472217581284757,-0.04999999999999999,0.12231225301976593,0.030578063254941484,0.030578063254941484,0.1748658435914272
g0_0.4_g1_1.6,0.4,1.6,256,48,1.0666666666666667,3.30134212076395,-0.04999999999999999,0.11504529891221787,0.02876132472805447,0.02876132472805447,0.16959164109134173
g0_0.4_g1_1.6,0.4,1.6,256,48,1.0833333333333333,3.3554624833994247,-0.04999999999999999,0.10761810562787849,0.026904526406969623,0.026904526406969623,0.16402599308332086
g0_0.4_g1_1.6,0.4,1.6,256,48,1.1,3.4095828460349,-0.04999999999999999,0.10011502881100263,0.02502875720275066,0.02502875720275066,0.15820479513197652
g0_0.4_g1_1.6,0.4,1.6,256,48,1.1166666666666667,3.463703208670374,-0.04999999999999999,0.09261306008532164,0.02315326502133041,0.02315326502133041,0.15216196969456727
g0_0.4_g1_1.6,0.4,1.6,256,48,1.1333333333333333,3.5178235713058483,-0.04999999999999999,0.08518142506107557,0.02129535626526889,0.02129535626526889,0.14592928515301132
g0_0.4_g1_1.6,0.4,1.6,256,48,1.1500000000000001,3.5719439339413235,-0.04999999999999999,0.0778815311057868,0.0194703827764467,0.0194703827764467,0.13953631346874082
g0_0.4_g1_1.6,0.4,1.6,256,48,1.1666666666666667,3.6260642965767977,-0.04999999999999999,0.07076718230331648,0.01769179557582912,0.01769179557582912,0.13301050926836241
g0_0.4_g1_1.6,0.4,1.6,256,48,1.1833333333333333,3.6801846592122724,-0.04999999999999999,0.06388497391015335,0.01597124347753834,0.01597124347753834,0.12637738515073943
g0_0.4_g1_1.6,0.4,1.6,256,48,1.2,3.7343050218477467,-0.04999999999999999,0.05727478324738312,0.01431869581184578,0.01431869581184578,0.11966075301386742
g0_0.4_g1_1.6,0.4,1.6,256,48,1.2166666666666668,3.788425384483222,-0.04999999999999999,0.050970286215702314,0.012742571553925578,0.012742571553925578,0.1128829994017061
g0_0.4_g1_1.6,0.4,1.6,256,48,1.2333333333333334,3.842545747118696,-0.04999999999999999,0.04499944586366857,0.011249861465917143,0.011249861465917143,0.10606536412004224
g0_0.4_g1_1.6,0.4,1.6,256,48,1.25,3.896666109754171,-0.04999999999999999,0.039384938926336925,0.009846234731584231,0.009846234731584231,0.09922819524502212
g0_0.4_g1_1.6,0.4,1.6,256,48,1.2666666666666666,3.950786472389645,-0.04999999999999999,0.034144505427466644,0.008536126356866661,0.008536126356866661,0.09239115951684264
g0_0.4_g1_1.6,0.4,1.6,256,48,1.2833333333333334,4.00490683502512,-0.04999999999999999,0.02929122318922446,0.007322805797306115,0.007322805797306115,0.08557339421400857
g0_0.4_g1_1.6,0.4,1.6,256,48,1.3,4.059027197660595,-0.04999999999999999,0.024833721907313547,0.006208430476828387,0.006208430476828387,0.07879359413574423
g0_0.4_g1_1.6,0.4,1.6,256,48,1.3166666666666667,4.113147560296069,-0.04999999999999999,0.020776359500835565,0.005194089875208891,0.005194089875208891,0.07207003451649577
g0_0.4_g1_1.6,0.4,1.6,256,48,1.3333333333333333,4.1672679229315435,-0.04999999999999999,0.0171193865938368,0.0042798466484592,0.0042798466484592,0.06542053690133703
g0_0.4_g1_1.6,0.4,1.6,256,48,1.35,4.221388285567018,-0.04999999999999999,0.013859123700819173,0.003464780925204793,0.003464780925204793,0.058862389734063575
g0_0.4_g1_1.6,0.4,1.6,256,48,1.3666666666666667,4.275508648202493,-0.04999999999999999,0.010988170918518444,0.002747042729629611,0.002747042729629611,0.05241223835736851
g0_0.4_g1_1.6,0.4,1.6,256,48,1.3833333333333333,4.329629010837968,-0.04999999999999999,0.008495662914343154,0.0021239157285857886,0.0021239157285857886,0.04608596021117265
g0_0.4_g1_1.6,0.4,1.6,256,48,1.4000000000000001,4.383749373473442,-0.04999999999999999,0.006367574088707422,0.0015918935221768554,0.0015918935221768554,0.039898540351457165
g0_0.4_g1_1.6,0.4,1.6,256,48,1.4166666666666667,4.437869736108917,-0.04999999999999999,0.004587071221815581,0.0011467678054538953,0.0011467678054538953,0.03386396027421919
g0_0.4_g1_1.6,0.4,1.6,256,48,1.4333333333333333,4.491990098744392,-0.04999999999999999,0.0031349046942656805,0.0007837261735664201,0.0007837261735664201,0.027995109815223445
g0_0.4_g1_1.6,0.4,1.6,256,48,1.45,4.5461104613798655,-0.04999999999999999,0.0019898251437901874,0.0004974562859475469,0.0004974562859475469,0.022303728072847976
g0_0.4_g1_1.6,0.4,1.6,256,48,1.4666666666666668,4.600230824015341,-0.04999999999999999,0.0011290104474491888,0.0002822526118622972,0.0002822526118622972,0.016800375348851503
g0_0.4_g1_1.6,0.4,1.6,256,48,1.4833333333333334,4.654351186650815,-0.04999999999999999,0.0005284880945353271,0.00013212202363383177,0.00013212202363383177,0.011494434463418884
g0_0.4_g1_1.6,0.4,1.6,256,48,1.5,4.70847154928629,-0.04999999999999999,0.0001635399436505911,4.0884985912647777e-05,4.0884985912647777e-05,0.006394136838749056
g0_0.4_g1_1.6,0.4,1.6,256,48,1.5166666666666666,4.762591911921764,-0.04999999999999999,9.079455130499246e-06,2.2698637826248115e-06,2.2698637826248115e-06,0.001506606711330071
g0_0.4_g1_1.6,0.4,1.6,256,48,1.5333333333333334,4.816712274557239,-0.04999999999999999,3.999510466136491e-05,9.998776165341227e-06,9.998776165341227e-06,0.0031620841489974974
g0_0.4_g1_1.6,0.4,1.6,256,48,1.55,4.870832637192714,-0.04999999999999999,0.00023145720135527953,5.786430033881988e-05,5.786430033881988e-05,0.0076068587694803355
g0_0.4_g1_1.6,0.4,1.6,256,48,1.5666666666666667,4.924952999828188,-0.04999999999999999,0.0005591882629333764,0.0001397970657333441,0.0001397970657333441,0.011823580918374267
g0_0.4_g1_1.6,0.4,1.6,256,48,1.5833333333333333,4.979073362463662,-0.04999999999999999,0.0009996991281118449,0.0002499247820279612,0.0002499247820279612,0.01580900952077521
g0_0.4_g1_1.6,0.4,1.6,256,48,1.6,5.033193725099138,-0.04999999999999999,0.0015304939938528951,0.0003826234984632238,0.0003826234984632238,0.01956076426071394
g0_0.4_g1_1.6,0.4,1.6,256,48,1.6166666666666667,5.087314087734612,-0.04999999999999999,0.00213024761836817,0.0005325619045920425,0.0005325619045920425,0.023077302801498327
g0_0.4_g1_1.6,0.4,1.6,256,48,1.6333333333333333,5.141434450370086,-0.04999999999999999,0.0027789572409722156,0.0006947393102430539,0.0006947393102430539,0.026357907926143415
g0_0.4_g1_1.6,0.4,1.6,256,48,1.6500000000000001,5.195554813005561,-0.04999999999999999,0.003458070640192895,0.0008645176600482237,0.0008645176600482237,0.029402681171080705
g0_0.4_g1_1.6,0.4,1.6,256,48,1.6666666666666667,5.249675175641036,-0.04999999999999999,0.004150590516223074,0.0010376476290557685,0.0010376476290557685,0.032212538382682114
g0_0.4_g1_1.6,0.4,1.6,256,48,1.6833333333333333,5.3037955382765105,-0.04999999999999999,0.004841154350414709,0.0012102885876036772,0.0012102885876036772,0.034789202169691634
g0_0.4_g1_1.6,0.4,1.6,256,48,1.7,5.357915900911984,-0.04999999999999999,0.005516088296899844,0.001379022074224961,0.001379022074224961,0.037135186470852156
g0_0.4_g1_1.6,0.4,1.6,256,48,1.7166666666666668,5.41203626354746,-0.04999999999999999,0.006163433629221268,0.001540858407305317,0.001540858407305317,0.03925376933882041
g0_0.4_g1_1.6,0.4,1.6,256,48,1.7333333333333334,5.466156626182934,-0.04999999999999999,0.006772944812677621,0.0016932362031694052,0.0016932362031694052,0.0411489514224774
g0_0.4_g1_1.6,0.4,1.6,256,48,1.75,5.5202769888184084,-0.04999999999999999,0.007336059308987718,0.0018340148272469295,0.0018340148272469295,0.0428253993238467
g0_0.4_g1_1.6,0.4,1.6,256,48,1.7666666666666666,5.574397351453883,-0.04999999999999999,0.00784584057006528,0.00196146014251632,0.00196146014251632,0.04428837480102786
g0_0.4_g1_1.6,0.4,1.6,256,48,1.7833333333333334,5.628517714089358,-0.04999999999999999,0.00829689712194918,0.002074224280487295,0.002074224280487295,0.04554365247196688
g0_0.4_g1_1.6,0.4,1.6,256,48,1.8,5.682638076724833,-0.04999999999999999,0.008685281951094751,0.0021713204877736878,0.0021713204877736878,0.04659743005546216
g0_0.4_g1_1.6,0.4,1.6,256,48,1.8166666666666667,5.736758439360307,-0.04999999999999999,0.009008377385842778,0.0022520943464606944,0.0022520943464606944,0.04745623611771897
g0_0.4_g1_1.6,0.4,1.6,256,48,1.8333333333333333,5.790878801995781,-0.04999999999999999,0.009264771176701802,0.0023161927941754506,0.0023161927941754506,0.04812684068350478
g0_0.4_g1_1.6,0.4,1.6,256,48,1.85,5.844999164631257,-0.04999999999999999,0.009454129455646356,0.002363532363911589,0.002363532363911589,0.048616173892148166
g0_0.4_g1_1.6,0.4,1.6,256,48,1.8666666666666667,5.8991195272667305,-0.04999999999999999,0.009577071710932418,0.0023942679277331046,0.0023942679277331046,0.048931257164854296
g0_0.4_g1_1.6,0.4,1.6,256,48,1.8833333333333333,5.953239889902205,-0.04999999999999999,0.009635051934169697,0.002408762983542424,0.002408762983542424,0.04907915019173034
g0_0.4_g1_1.6,0.4,1.6,256,48,1.9,6.00736025253768,-0.04999999999999999,0.009630248817592748,0.002407562204398187,0.002407562204398187,0.049066915578607415
g0_0.4_g1_1.6,0.4,1.6,256,48,1.9166666666666667,6.061480615173155,-0.04999999999999999,0.009565466468739195,0.0023913666171847987,0.0023913666171847987,0.04890160137648663
g0_0.4_g1_1.6,0.4,1.6,256,48,1.9333333333333333,6.115600977808629,-0.04999999999999999,0.009444045739698653,0.0023610114349246632,0.0023610114349246632,0.048590240120055625
g0_0.4_g1_1.6,0.4,1.6,256,48,1.95,6.169721340444103,-0.04999999999999999,0.009269785094342033,0.0023174462735855083,0.0023174462735855083,0.04813986158668831
g0_0.4_g1_1.6,0.4,1.6,256,48,1.9666666666666668,6.223841703079579,-0.04999999999999999,0.009046869079593903,0.002261717269898476,0.002261717269898476,0.047557515388195755
g0_0.4_g1_1.6,0.4,1.6,256,48,1.9833333333333334,6.277962065715053,-0.04999999999999999,0.008779801998316513,0.0021949504995791283,0.0021949504995791283,0.04685029882059589
g0_0.4_g1_1.6,0.4,1.6,256,48,2.0,6.332082428350527,-0.04999999999999999,0.00847334432101858,0.002118336080254645,0.002118336080254645,0.046025385172257335
g0_0.4_g1_1.6,0.4,1.6,256,48,2.0166666666666666,6.386202790986002,-0.04999999999999999,0.008132449688912755,0.0020331124222281887,0.0020331124222281887,0.04509004792887438
g0_0.4_g1_1.6,0.4,1.6,256,48,2.033333333333333,6.440323153621477,-0.04999999999999999,0.007762200975285985,0.0019405502438214963,0.0019405502438214963,0.04405167696945823
g0_0.4_g1_1.6,0.4,1.6,256,48,2.05,6.494443516256951,-0.04999999999999999,0.0073677446776531175,0.0018419361694132794,0.0018419361694132794,0.042917783836229004
g0_0.4_g1_1.6,0.4,1.6,256,48,2.0666666666666664,6.548563878892426,-0.04999999999999999,0.00695422378597417,0.0017385559464935425,0.0017385559464935425,0.04169599436988573
g0_0.4_g1_1.6,0.4,1.6,256,48,2.083333333333333,6.6026842415279,-0.04999999999999999,0.0065267100898002426,0.0016316775224500606,0.0016316775224500606,0.0403940283018426
g0_0.4_g1_1.6,0.4,1.6,256,48,2.0999999999999996,6.656804604163375,-0.04999999999999999,0.006090137543998166,0.0015225343859995414,0.0015225343859995414,0.039019666656694305
g0_0.4_g1_1.6,0.4,1.6,256,48,2.1166666666666663,6.710924966798849,-0.04999999999999999,0.0056492387326706976,0.0014123096831676744,0.0014123096831676744,0.03758070892316528
g0_0.4_g1_1.6,0.4,1.6,256,48,2.1333333333333333,6.765045329434325,-0.04999999999999999,0.005208486615252816,0.001302121653813204,0.001302121653813204,0.03608492280458978
g0_0.4_g1_1.6,0.4,1.6,256,48,2.15,6.8191656920698,-0.04999999999999999,0.004772043608060146,0.0011930109020150364,0.0011930109020150364,0.03453998989598921
g0_0.4_g1_1.6,0.4,1.6,256,48,2.1666666666666665,6.873286054705273,-0.04999999999999999,0.004343719685054486,0.0010859299212636214,0.0010859299212636214,0.032953450824816835
g0_0.4_g1_1.6,0.4,1.6,256,48,2.183333333333333,6.927406417340748,-0.04999999999999999,0.003926940637014624,0.000981735159253656,0.000981735159253656,0.03133265324312092
g0_0.4_g1_1.6,0.4,1.6,256,48,2.1999999999999997,6.981526779976223,-0.04999999999999999,0.00352472698854439,0.0008811817471360975,0.0008811817471360975,0.029684705609725987
g0_0.4_g1_1.6,0.4,1.6,256,48,2.2166666666666663,7.035647142611697,-0.04999999999999999,0.0031396834210152638,0.0007849208552538159,0.0007849208552538159,0.028016439018080368
g0_0.4_g1_1.6,0.4,1.6,256,48,2.233333333333333,7.089767505247171,-0.04999999999999999,0.0027739979624053926,0.0006934994906013482,0.0006934994906013482,0.026334378492786727
g0_0.4_g1_1.6,0.4,1.6,256,48,2.25,7.143887867882647,-0.04999999999999999,0.0024294497408877368,0.0006073624352219342,0.0006073624352219342,0.024644724287805172
g0_0.4_g1_1.6,0.4,1.6,256,48,2.2666666666666666,7.198008230518122,-0.04999999999999999,0.0021074237942951247,0.0005268559485737812,0.0005268559485737812,0.0229533428627244
g0_0.4_g1_1.6,0.4,1.6,256,48,2.283333333333333,7.2521285931535955,-0.04999999999999999,0.0018089312942702583,0.00045223282356756457,0.00045223282356756457,0.02126576647025836
g0_0.4_g1_1.6,0.4,1.6,256,48,2.3,7.30624895578907,-0.04999999999999999,0.0015346335715544785,0.00038365839288861963,0.00038365839288861963,0.019587199720445484
g0_0.4_g1_1.6,0.4,1.6,256,48,2.3166666666666664,7.360369318424545,-0.04999999999999999,0.0012848684890022842,0.00032121712225057105,0.00032121712225057105,0.01792253113403827
g0_0.4_g1_1.6,0.4,1.6,256,48,2.333333333333333,7.414489681060019,-0.04999999999999999,0.0010596779613384223,0.00026491949033460556,0.00026491949033460556,0.01627634757353767
g0_0.4_g1_1.6,0.4,1.6,256,48,2.3499999999999996,7.468610043695493,-0.04999999999999999,0.000858835720286689,0.00021470893007167224,0.00021470893007167224,0.014652949534877687
g0_0.4_g1_1.6,0.4,1.6,256,48,2.3666666666666663,7.522730406330968,-0.04999999999999999,0.0006818747269908747,0.00017046868174771867,0.00017046868174771867,0.01305636556426476
g0_0.4_g1_1.6,0.4,1.6,256,48,2.3833333333333333,7.576850768966444,-0.04999999999999999,0.0005281139039901885,0.00013202847599754711,0.00013202847599754711,0.011490364484973795
g0_0.4_g1_1.6,0.4,1.6,256,48,2.4,7.630971131601918,-0.04999999999999999,0.0003966840703504529,9.917101758761323e-05,9.917101758761323e-05,0.009958464619991036
g0_0.4_g1_1.6,0.4,1.6,256,48,2.4166666666666665,7.685091494237392,-0.04999999999999999,0.0002865531021387508,7.16382755346877e-05,7.16382755346877e-05,0.008463939717099106
g0_0.4_g1_1.6,0.4,1.6,256,48,2.433333333333333,7.739211856872867,-0.04999999999999999,0.000196550404755423,4.913760118885575e-05,4.913760118885575e-05,0.0070098217658408225
g0_0.4_g1_1.6,0.4,1.6,256,48,2.4499999999999997,7.793332219508342,-0.04999999999999999,0.00012539078274241905,3.134769568560476e-05,3.134769568560476e-05,0.005598901292718488
g0_0.4_g1_1.6,0.4,1.6,256,48,2.4666666666666663,7.8474525821438155,-0.04999999999999999,7.169774329412162e-05,1.7924435823530405e-05,1.7924435823530405e-05,0.004233725997691679
g0_0.4_g1_1.6,0.4,1.6,256,48,2.483333333333333,7.90157294477929,-0.04999999999999999,3.402619269045846e-05,8.506548172614615e-06,8.506548172614615e-06,0.0029165987335618548
g0_0.4_g1_1.6,0.4,1.6,256,48,2.5,7.955693307414766,-0.04999999999999999,1.0884401663728436e-05,2.721100415932109e-06,2.721100415932109e-06,0.0016495758290942884
g0_0.4_g1_1.6,0.4,1.6,256,48,2.5166666666666666,8.00981367005024,-0.04999999999999999,7.55045014587643e-07,1.8876125364691074e-07,1.8876125364691074e-07,0.0004344666312237463
g0_0.4_g1_1.6,0.4,1.6,256,48,2.533333333333333,8.063934032685715,-0.04999999999999999,2.115076221928507e-06,5.287690554821267e-07,5.287690554821267e-07,0.0007271650813138147
g0_0.4_g1_1.6,0.4,1.6,256,48,2.55,8.11805439532119,-0.04999999999999999,1.3454186515777271e-05,3.363546628944318e-06,3.363546628944318e-06,0.0018339974451847848
g0_0.4_g1_1.6,0.4,1.6,256,48,2.5666666666666664,8.172174757956663,-0.04999999999999999,3.329162043483869e-05,8.322905108709672e-06,8.322905108709672e-06,0.002884944559035697
g0_0.4_g1_1.6,0.4,1.6,256,48,2.583333333333333,8.226295120592138,-0.04999999999999999,6.0191171000216266e-05,1.5047792750054066e-05,1.5047792750054066e-05,0.0038791484568206545
g0_0.4_g1_1.6,0.4,1.6,256,48,2.5999999999999996,8.280415483227612,-0.04999999999999999,9.277424784616444e-05,2.319356196154111e-05,2.319356196154111e-05,0.004815969472654609
g0_0.4_g1_1.6,0.4,1.6,256,48,2.6166666666666663,8.334535845863087,-0.04999999999999999,0.00012973098936603126,3.2432747341507815e-05,3.2432747341507815e-05,0.005694975622556063
g0_0.4_g1_1.6,0.4,1.6,256,48,2.6333333333333333,8.388656208498563,-0.04999999999999999,0.00016982946355589002,4.2457365888972505e-05,4.2457365888972505e-05,0.006515931697690861
g0_0.4_g1_1.6,0.4,1.6,256,48,2.65,8.442776571134036,-0.04999999999999999,0.00021192306202239802,5.2980765505599506e-05,5.2980765505599506e-05,0.007278788738904263
g0_0.4_g1_1.6,0.4,1.6,256,48,2.6666666666666665,8.496896933769511,-0.04999999999999999,0.0002549562310212854,6.373905775532135e-05,6.373905775532135e-05,0.007983674451987716
g0_0.4_g1_1.6,0.4,1.6,256,48,2.683333333333333,8.551017296404986,-0.04999999999999999,0.00029796869976578456,7.449217494144614e-05,7.449217494144614e-05,0.00863088494544135
g0_0.4_g1_1.6,0.4,1.6,256,48,2.6999999999999997,8.60513765904046,-0.04999999999999999,0.0003400983608649716,8.50245902162429e-05,8.50245902162429e-05,0.009220877952572787
g0_0.4_g1_1.6,0.4,1.6,256,48,2.7166666666666663,8.659258021675935,-0.04999999999999999,0.0003805829352231212,9.51457338057803e-05,9.51457338057803e-05,0.009754267466385177
g0_0.4_g1_1.6,0.4,1.6,256,48,2.733333333333333,8.71337838431141,-0.04999999999999999,0.0004187605209424395,0.00010469013023560987,0.00010469013023560987,0.010231819497802426
g0_0.4_g1_1.6,0.4,1.6,256,48,2.75,8.767498746946885,-0.04999999999999999,0.0004540690906044929,0.00011351727265112323,0.00011351727265112323,0.010654448491176033
g0_0.4_g1_1.6,0.4,1.6,256,48,2.7666666666666666,8.82161910958236,-0.04999999999999999,0.00048604497130035377,0.00012151124282508844,0.00012151124282508844,0.011023213815629653
g0_0.4_g1_1.6,0.4,1.6,256,48,2.783333333333333,8.875739472217834,-0.04999999999999999,0.0005143203229659437,0.00012858008074148592,0.00012858008074148592,0.011339315708696267
g0_0.4_g1_1.6,0.4,1.6,256,48,2.8,8.929859834853309,-0.04999999999999999,0.000538619626627599,0.00013465490665689976,0.00013465490665689976,0.011604090083108618
g0_0.4_g1_1.6,0.4,1.6,256,48,2.8166666666666664,8.983980197488783,-0.04999999999999999,0.0005587552059630589,0.00013968880149076472,0.00013968880149076472,0.011819001712952101
g0_0.4_g1_1.6,0.4,1.6,256,48,2.833333333333333,9.038100560124256,-0.04999999999999999,0.0005746218312791523,0.00014365545781978807,0.00014365545781978807,0.011985635478346073
g0_0.4_g1_1.6,0.4,1.6,256,48,2.8499999999999996,9.092220922759731,-0.04999999999999999,0.0005861904904524698,0.00014654762261311744,0.00014654762261311744,0.01210568554907641
g0_0.4_g1_1.6,0.4,1.6,256,48,2.8666666666666663,9.146341285395206,-0.04999999999999999,0.0005935014509154067,0.00014837536272885166,0.00014837536272885166,0.012180942604283613
g0_0.4_g1_1.6,0.4,1.6,256,48,2.8833333333333333,9.200461648030682,-0.04999999999999999,0.0005966567741846584,0.0001491641935461646,0.0001491641935461646,0.012213279393601237
g0_0.4_g1_1.6,0.4,1.6,256,48,2.9,9.254582010666155,-0.04999999999999999,0.0005958124739348308,0.0001489531184837077,0.0001489531184837077,0.0122046351229239
g0_0.4_g1_1.6,0.4,1.6,256,48,2.9166666666666665,9.30870237330163,-0.04999999999999999,0.0005911705256973125,0.00014779263142432813,0.00014779263142432813,0.012156999277137764
g0_0.4_g1_1.6,0.4,1.6,256,48,2.933333333333333,9.362822735937105,-0.04999999999999999,0.0005829709382605847,0.00014574273456514618,0.00014574273456514618,0.012072395560332927
g0_0.4_g1_1.6,0.4,1.6,256,48,2.9499999999999997,9.41694309857258,-0.04999999999999999,0.0005714840832463507,0.00014287102081158768,0.00014287102081158768,0.011952866635731684
g0_0.4_g1_1.6,0.4,1.6,256,48,2.9666666666666663,9.471063461208054,-0.04999999999999999,0.0005570034516980265,0.00013925086292450661,0.00013925086292450661,0.011800460284434103
g0_0.4_g1_1.6,0.4,1.6,256,48,2.983333333333333,9.525183823843529,-0.04999999999999999,0.0005398389681295604,0.0001349597420323901,0.0001349597420323901,0.011617217482357388
g0_0.4_g1_1.6,0.4,1.6,256,48,3.0,9.579304186479003,-0.04999999999999999,0.0005203109477903948,0.0001300777369475987,0.0001300777369475987,0.011405162732183996
g0_0.4_g1_1.6,0.4,1.6,256,48,3.0166666666666666,9.633424549114478,-0.04999999999999999,0.0004987447368366539,0.00012468618420916349,0.00012468618420916349,0.011166296799259972
g0_0.4_g1_1.6,0.4,1.6,256,48,3.033333333333333,9.687544911749953,-0.04999999999999999,0.00047546603240091715,0.00011886650810022929,0.00011886650810022929,0.010902591806548996
g0_0.4_g1_1.6,0.4,1.6,256,48,3.05,9.741665274385428,-0.04999999999999999,0.00045079684418713366,0.00011269921104678342,0.00011269921104678342,0.010615988463011036
g0_0.4_g1_1.6,0.4,1.6,256,48,3.0666666666666664,9.795785637020902,-0.04999999999999999,0.00042505203394287356,0.00010626300848571839,0.00010626300848571839,0.010308395048974326
g0_0.4_g1_1.6,0.4,1.6,256,48,3.083333333333333,9.849905999656375,-0.04999999999999999,0.00039853635530321036,9.963408882580259e-05,9.963408882580259e-05,0.009981687674226367
g0_0.4_g1_1.6,0.4,1.6,256,48,3.0999999999999996,9.90402636229185,-0.04999999999999999,0.0003715419139193778,9.288547847984445e-05,9.288547847984445e-05,0.009637711267715196
g0_0.4_g1_1.6,0.4,1.6,256,48,3.1166666666666663,9.958146724927325,-0.04999999999999999,0.0003443459750356911,8.608649375892277e-05,8.608649375892277e-05,0.00927828075447832
g0_0.4_g1_1.6,0.4,1.6,256,48,3.1333333333333333,10.012267087562801,-0.04999999999999999,0.0003172090603133751,7.930226507834378e-05,7.930226507834378e-05,0.008905181922810099
g0_0.4_g1_1.6,0.4,1.6,256,48,3.15,10.066387450198276,-0.04999999999999999,0.0002903732946677698,7.259332366694245e-05,7.259332366694245e-05,0.00852017157497092
g0_0.4_g1_1.6,0.4,1.6,256,48,3.1666666666666665,10.120507812833749,-0.04999999999999999,0.00026406098397010607,6.601524599252652e-05,6.601524599252652e-05,0.008124976676429694
g0_0.4_g1_1.6,0.4,1.6,256,48,3.183333333333333,10.174628175469223,-0.04999999999999999,0.00023847342269825723,5.961835567456431e-05,5.961835567456431e-05,0.007721292357796349
g0_0.4_g1_1.6,0.4,1.6,256,48,3.1999999999999997,10.228748538104698,-0.04999999999999999,0.00021378994463397421,5.3447486158493554e-05,5.3447486158493554e-05,0.007310778765527894
g0_0.4_g1_1.6,0.4,1.6,256,48,3.2166666666666663,10.282868900740173,-0.04999999999999999,0.00019016723796515164,4.754180949128791e-05,4.754180949128791e-05,0.006895056888183586
g0_0.4_g1_1.6,0.4,1.6,256,48,3.233333333333333,10.336989263375647,-0.04999999999999999,0.00016773894807473093,4.193473701868273e-05,4.193473701868273e-05,0.006475703592559092
g0_0.4_g1_1.6,0.4,1.6,256,48,3.25,10.391109626011122,-0.04999999999999999,0.00014661558721802792,3.665389680450698e-05,3.665389680450698e-05,0.006054246179707841
g0_0.4_g1_1.6,0.4,1.6,256,48,3.2666666666666666,10.445229988646597,-0.04999999999999999,0.0001268847613196149,3.1721190329903724e-05,3.1721190329903724e-05,0.005632156809775783
g0_0.4_g1_1.6,0.4,1.6,256,48,3.283333333333333,10.499350351282072,-0.04999999999999999,0.00010861171191122879,2.7152927977807197e-05,2.7152927977807197e-05,0.005210847145887816
g0_0.4_g1_1.6,0.4,1.6,256,48,3.3,10.553470713917546,-0.04999999999999999,9.184015769550488e-05,2.296003942387622e-05,2.296003942387622e-05,0.0047916635340846106
g0_0.4_g1_1.6,0.4,1.6,256,48,3.3166666666666664,10.607591076553021,-0.04999999999999999,7.659340723672294e-05,1.9148351809180736e-05,1.9148351809180736e-05,0.00437588297480414
g0_0.4_g1_1.6,0.4,1.6,256,48,3.333333333333333,10.661711439188494,-0.04999999999999999,6.287570345009647e-05,1.5718925862524117e-05,1.5718925862524117e-05,0.0039647100603353224
g0_0.4_g1_1.6,0.4,1.6,256,48,3.3499999999999996,10.715831801823969,-0.04999999999999999,5.0673753020518506e-05,1.2668438255129627e-05,1.2668438255129627e-05,0.0035592749620013383
g0_0.4_g1_1.6,0.4,1.6,256,48,3.3666666666666663,10.769952164459443,-0.04999999999999999,3.9958390207108344e-05,9.989597551777086e-06,9.989597551777086e-06,0.0031606324607231836
g0_0.4_g1_1.6,0.4,1.6,256,48,3.3833333333333333,10.82407252709492,-0.04999999999999999,3.068632469040774e-05,7.671581172601936e-06,7.671581172601936e-06,0.0027697619342827886
g0_0.4_g1_1.6,0.4,1.6,256,48,3.4,10.878192889730395,-0.04999999999999999,2.2801926711680772e-05,5.700481677920193e-06,5.700481677920193e-06,0.0023875681514713234
g0_0.4_g1_1.6,0.4,1.6,256,48,3.4166666666666665,10.932313252365867,-0.04999999999999999,1.6239008894242725e-05,4.059752223560681e-06,4.059752223560681e-06,0.002014882682331823
g0_0.4_g1_1.6,0.4,1.6,256,48,3.433333333333333,10.986433615001342,-0.04999999999999999,1.092257178398888e-05,2.73064294599722e-06,2.73064294599722e-06,0.0016524657170414218
g0_0.4_g1_1.6,0.4,1.6,256,48,3.4499999999999997,11.040553977636817,-0.04999999999999999,6.7704882320779e-06,1.692622058019475e-06,1.692622058019475e-06,0.0013010080929876935
g0_0.4_g1_1.6,0.4,1.6,256,48,3.4666666666666663,11.094674340272292,-0.04999999999999999,3.6951093205976325e-06,9.237773301494081e-07,9.237773301494081e-07,0.000961133357109932
g0_0.4_g1_1.6,0.4,1.6,256,48,3.483333333333333,11.148794702907766,-0.04999999999999999,1.6047808893744878e-06,4.0119522234362194e-07,4.0119522234362194e-07,0.0006333997334571763
g0_0.4_g1_1.6,0.4,1.6,256,48,3.4999999999999996,11.202915065543241,-0.04999999999999999,4.052644433900429e-07,1.0131611084751072e-07,1.0131611084751072e-07,0.0003183019177565707
g0_0.4_g1_1.6,0.4,1.6,256,48,3.5166666666666666,11.257035428178716,-0.04999999999999999,1.0591997703910195e-09,2.6479994259775487e-10,2.6479994259775487e-10,1.6272674721684658e-05
g0_0.4_g1_1.6,0.4,1.6,256,48,3.533333333333333,11.31115579081419,-0.04999999999999999,2.966234417507223e-07,7.415586043768057e-08,7.415586043768057e-08,0.0002723157366691844
g0_0.4_g1_1.6,0.4,1.6,256,48,3.55,11.365276153449665,-0.04999999999999999,1.1974935629413e-06,2.99373390735325e-07,2.99373390735325e-07,0.0005471502451204102
g0_0.4_g1_1.6,0.4,1.6,256,48,3.5666666666666664,11.41939651608514,-0.04999999999999999,2.6112987051595532e-06,6.528246762898883e-07,6.528246762898883e-07,0.0008079756656545346
g0_0.4_g1_1.6,0.4,1.6,256,48,3.583333333333333,11.473516878720615,-0.04999999999999999,4.448668235980359e-06,1.1121670589950897e-06,1.1121670589950897e-06,0.001054593314503316
g0_0.4_g1_1.6,0.4,1.6,256,48,3.5999999999999996,11.527637241356087,-0.04999999999999999,6.624028932647679e-06,1.6560072331619197e-06,1.6560072331619197e-06,0.0012868594457678428
g0_0.4_g1_1.6,0.4,1.6,256,48,3.6166666666666663,11.581757603991562,-0.04999999999999999,9.056288961540135e-06,2.264072240385034e-06,2.264072240385034e-06,0.0015046834352730257
g0_0.4_g1_1.6,0.4,1.6,256,48,3.6333333333333333,11.635877966627039,-0.04999999999999999,1.1669406723506382e-05,2.9173516808765955e-06,2.9173516808765955e-06,0.001708025667511058
g0_0.4_g1_1.6,0.4,1.6,256,48,3.65,11.689998329262513,-0.04999999999999999,1.4392844356825129e-05,3.598211089206282e-06,3.598211089206282e-06,0.0018968951181354973
g0_0.4_g1_1.6,0.4,1.6,256,48,3.6666666666666665,11.744118691897986,-0.04999999999999999,1.7161907980024037e-05,4.290476995006009e-06,4.290476995006009e-06,0.002071346662199741
g0_0.4_g1_1.6,0.4,1.6,256,48,3.683333333333333,11.798239054533461,-0.04999999999999999,1.9917979335780514e-05,4.979494833945128e-06,4.979494833945128e-06,0.0022314781724106394
g0_0.4_g1_1.6,0.4,1.6,256,48,3.6999999999999997,11.852359417168936,-0.04999999999999999,2.2608646031880702e-05,5.6521615079701755e-06,5.6521615079701755e-06,0.0023774274979418775
g0_0.4_g1_1.6,0.4,1.6,256,48,3.7166666666666663,11.90647977980441,-0.04999999999999999,2.5187739740407257e-05,6.296934935101814e-06,6.296934935101814e-06,0.002509369429777492
g0_0.4_g1_1.6,0.4,1.6,256,48,3.733333333333333,11.960600142439885,-0.04999999999999999,2.7615293247195518e-05,6.903823311798879e-06,6.903823311798879e-06,0.002627512761491156
g0_0.4_g1_1.6,0.4,1.6,256,48,3.7499999999999996,12.01472050507536,-0.04999999999999999,2.9857427974983776e-05,7.464356993745944e-06,7.464356993745944e-06,0.002732097544698202
g0_0.4_g1_1.6,0.4,1.6,256,48,3.7666666666666666,12.068840867710835,-0.04999999999999999,3.1886183489963505e-05,7.971545872490876e-06,7.971545872490876e-06,0.0028233926174889095
g0_0.4_g1_1.6,0.4,1.6,256,48,3.783333333333333,12.12296123034631,-0.04999999999999999,3.367929961740025e-05,8.419824904350062e-06,8.419824904350062e-06,0.0029016934545795948
g0_0.4_g1_1.6,0.4,1.6,256,48,3.8,12.177081592981784,-0.04999999999999999,3.5219960314115625e-05,8.804990078528906e-06,8.804990078528906e-06,0.002967320353202348
g0_0.4_g1_1.6,0.4,1.6,256,48,3.8166666666666664,12.231201955617259,-0.04999999999999999,3.6496506621279146e-05,9.124126655319787e-06,9.124126655319787e-06,0.0030206169328996
g0_0.4_g1_1.6,0.4,1.6,256,48,3.833333333333333,12.285322318252733,-0.04999999999999999,3.7502124127432346e-05,9.375531031858087e-06,9.375531031858087e-06,0.003061948894390317
g0_0.4_g1_1.6,0.4,1.6,256,48,3.8499999999999996,12.339442680888206,-0.04999999999999999,3.823450867545472e-05,9.55862716886368e-06,9.55862716886368e-06,0.003091702956117175
g0_0.4_g1_1.6,0.4,1.6,256,48,3.8666666666666663,12.393563043523681,-0.04999999999999999,3.869551276582282e-05,9.673878191455705e-06,9.673878191455705e-06,0.003110285869732187
g0_0.4_g1_1.6,0.4,1.6,256,48,3.8833333333333333,12.447683406159157,-0.04999999999999999,3.88907743832441e-05,9.722693595811025e-06,9.722693595811025e-06,0.003118123409329885
g0_0.4_g1_1.6,0.4,1.6,256,48,3.9,12.501803768794632,-0.04999999999999999,3.8829329853469446e-05,9.707332463367361e-06,9.707332463367361e-06,0.0031156592341537227
g0_0.4_g1_1.6,0.4,1.6,256,48,3.9166666666666665,12.555924131430107,-0.04999999999999999,3.852321277768175e-05,9.630803194420437e-06,9.630803194420437e-06,0.0031033535400305967
g0_0.4_g1_1.6,0.4,1.6,256,48,3.933333333333333,12.61004449406558,-0.04999999999999999,3.798704196747794e-05,9.496760491869485e-06,9.496760491869485e-06,0.0030816814390636623
g0_0.4_g1_1.6,0.4,1.6,256,48,3.9499999999999997,12.664164856701055,-0.04999999999999999,3.7237602429975496e-05,9.309400607493874e-06,9.309400607493874e-06,0.0030511310374177433
g0_0.4_g1_1.6,0.4,1.6,256,48,3.9666666666666663,12.71828521933653,-0.04999999999999999,3.629342461696628e-05,9.07335615424157e-06,9.07335615424157e-06,0.0030122012141026652
g0_0.4_g1_1.6,0.4,1.6,256,48,3.983333333333333,12.772405581972004,-0.04999999999999999,3.5174368144614205e-05,8.793592036153551e-06,8.793592036153551e-06,0.0029653991360613753
g0_0.4_g1_1.6,0.4,1.6,256,48,3.9999999999999996,12.826525944607479,-0.04999999999999999,3.390121683417953e-05,8.475304208544883e-06,8.475304208544883e-06,0.00291123757336032
g0_0.4_g1_1.6,0.4,1.6,256,48,4.016666666666667,12.880646307242953,-0.04999999999999999,3.2495292098587654e-05,8.123823024646913e-06,8.123823024646913e-06,0.0028502321001362177
g0_0.4_g1_1.6,0.4,1.6,256,48,4.033333333333333,12.934766669878428,-0.04999999999999999,3.097809135251861e-05,7.744522838129652e-06,7.744522838129652e-06,0.002782898280234053
g0_0.4_g1_1.6,0.4,1.6,256,48,4.05,12.988887032513903,-0.04999999999999999,2.93709572754058e-05,7.34273931885145e-06,7.34273931885145e-06,0.0027097489401882694
g0_0.4_g1_1.6,0.4,1.6,256,48,4.066666666666666,13.043007395149377,-0.04999999999999999,2.7694782491766477e-05,6.923695622941619e-06,6.923695622941619e-06,0.0026312916263579794
g0_0.4_g1_1.6,0.4,1.6,256,48,4.083333333333333,13.097127757784852,-0.04999999999999999,2.596975268508364e-05,6.49243817127091e-06,6.49243817127091e-06,0.002548026328606302
g0_0.4_g1_1.6,0.4,1.6,256,48,4.1,13.151248120420325,-0.04999999999999999,2.421512949046487e-05,6.053782372616218e-06,6.053782372616218e-06,0.0024604435316861505
g0_0.4_g1_1.6,0.4,1.6,256,48,4.116666666666666,13.2053684830558,-0.04999999999999999,2.24490728827278e-05,5.61226822068195e-06,5.61226822068195e-06,0.0023690226298374506
g0_0.4_g1_1.6,0.4,1.6,256,48,4.133333333333333,13.259488845691275,-0.04999999999999999,2.0688501338270718e-05,5.1721253345676796e-06,5.1721253345676796e-06,0.0022742307126955436
g0_0.4_g1_1.6,0.4,1.6,256,48,4.1499999999999995,13.31360920832675,-0.04999999999999999,1.8948986914896783e-05,4.737246728724196e-06,4.737246728724196e-06,0.0021765217041702562
g0_0.4_g1_1.6,0.4,1.6,256,48,4.166666666666666,13.367729570962224,-0.04999999999999999,1.724468163247166e-05,4.311170408117915e-06,4.311170408117915e-06,0.002076335812944986
g0_0.4_g1_1.6,0.4,1.6,256,48,4.183333333333333,13.421849933597699,-0.04999999999999999,1.5588271168610767e-05,3.897067792152692e-06,3.897067792152692e-06,0.001974099235639559
g0_0.4_g1_1.6,0.4,1.6,256,48,4.2,13.475970296233175,-0.04999999999999999,1.3990951881016197e-05,3.497737970254049e-06,3.497737970254049e-06,0.0018702240427964905
g0_0.4_g1_1.6,0.4,1.6,256,48,4.216666666666667,13.53009065886865,-0.04999999999999999,1.2462427467337569e-05,3.1156068668343922e-06,3.1156068668343922e-06,0.0017651081742585614
g0_0.4_g1_1.6,0.4,1.6,256,48,4.233333333333333,13.584211021504125,-0.04999999999999999,1.1010922084384426e-05,2.7527305210961065e-06,2.7527305210961065e-06,0.0016591354740032854
g0_0.4_g1_1.6,0.4,1.6,256,48,4.25,13.6383313841396,-0.04999999999999999,9.643207369707796e-06,2.410801842426949e-06,2.410801842426949e-06,0.001552675704204503
g0_0.4_g1_1.6,0.4,1.6,256,48,4.266666666666667,13.692451746775072,-0.04999999999999999,8.364641440648437e-06,2.091160360162109e-06,2.091160360162109e-06,0.0014460844927465715
g0_0.4_g1_1.6,0.4,1.6,256,48,4.283333333333333,13.746572109410547,-0.04999999999999999,7.179218504282327e-06,1.7948046260705818e-06,1.7948046260705818e-06,0.0013397031858104174
g0_0.4_g1_1.6,0.4,1.6,256,48,4.3,13.800692472046022,-0.04999999999999999,6.089628134725834e-06,1.5224070336814586e-06,1.5224070336814586e-06,0.0012338585954968498
g0_0.4_g1_1.6,0.4,1.6,256,48,4.316666666666666,13.854812834681496,-0.04999999999999999,5.0973235287188075e-06,1.2743308821797019e-06,1.2743308821797019e-06,0.0011288626498293323
g0_0.4_g1_1.6,0.4,1.6,256,48,4.333333333333333,13.908933197316971,-0.04999999999999999,4.202598131703301e-06,1.0506495329258253e-06,1.0506495329258253e-06,0.0010250119672110297
g0_0.4_g1_1.6,0.4,1.6,256,48,4.35,13.963053559952446,-0.04999999999999999,3.404669955679453e-06,8.511674889198633e-07,8.511674889198633e-07,0.0009225873882293553
g0_0.4_g1_1.6,0.4,1.6,256,48,4.366666666666666,14.017173922587919,-0.04999999999999999,2.7017727271403224e-06,6.754431817850806e-07,6.754431817850806e-07,0.0008218535038466896
g0_0.4_g1_1.6,0.4,1.6,256,48,4.383333333333333,14.071294285223393,-0.04999999999999999,2.091252759649772e-06,5.22813189912443e-07,5.22813189912443e-07,0.0007230582202785908
g0_0.4_g1_1.6,0.4,1.6,256,48,4.3999999999999995,14.125414647858868,-0.04999999999999999,1.5696701948626426e-06,3.9241754871566064e-07,3.9241754871566064e-07,0.0006264323975623073
g0_0.4_g1_1.6,0.4,1.6,256,48,4.416666666666666,14.179535010494343,-0.04999999999999999,1.1329030462240534e-06,2.8322576155601334e-07,2.8322576155601334e-07,0.0005321895917396481
g0_0.4_g1_1.6,0.4,1.6,256,48,4.433333333333333,14.233655373129817,-0.04999999999999999,7.762523477117407e-07,1.9406308692793518e-07,1.9406308692793518e-07,0.0004405259208354659
g0_0.4_g1_1.6,0.4,1.6,256,48,4.45,14.287775735765294,-0.04999999999999999,4.945466768443436e-07,1.236366692110859e-07,1.236366692110859e-07,0.00035162006372089447
g0_0.4_g1_1.6,0.4,1.6,256,48,4.466666666666667,14.341896098400769,-0.04999999999999999,2.822443912271397e-07,7.056109780678492e-08,7.056109780678492e-08,0.00026563338985674393
g0_0.4_g1_1.6,0.4,1.6,256,48,4.483333333333333,14.396016461036243,-0.04999999999999999,1.335320805077282e-07,3.338302012693205e-08,3.338302012693205e-08,0.00018271020805344198
g0_0.4_g1_1.6,0.4,1.6,256,48,4.5,14.450136823671718,-0.04999999999999999,4.241796847539313e-08,1.0604492118848283e-08,1.0604492118848283e-08,0.00010297811475672043
g0_0.4_g1_1.6,0.4,1.6,256,48,4.516666666666667,14.504257186307191,-0.04999999999999999,2.8192739161577374e-09,7.048184790394343e-10,7.048184790394343e-10,2.6548417637204565e-05
g0_0.4_g1_1.6,0.4,1.6,256,48,4.533333333333333,14.558377548942666,-0.04999999999999999,8.642822662859833e-09,2.1607056657149584e-09,2.1607056657149584e-09,4.6483391288878206e-05
g0_0.4_g1_1.6,0.4,1.6,256,48,4.55,14.61249791157814,-0.04999999999999999,5.385846888818456e-08,1.346461722204614e-08,1.346461722204614e-08,0.00011603713725375226
g0_0.4_g1_1.6,0.4,1.6,256,48,4.566666666666666,14.666618274213615,-0.04999999999999999,1.3256510950986827e-07,3.314127737746707e-08,3.314127737746707e-08,0.00018204745913488347
g0_0.4_g1_1.6,0.4,1.6,256,48,4.583333333333333,14.72073863684909,-0.04999999999999999,2.390492488905997e-07,5.976231222264993e-08,5.976231222264993e-08,0.00024446331467655824
g0_0.4_g1_1.6,0.4,1.6,256,48,4.6,14.774858999484564,-0.04999999999999999,3.678361885963828e-07,9.19590471490957e-08,9.19590471490957e-08,0.00030324750147214027
g0_0.4_g1_1.6,0.4,1.6,256,48,4.616666666666666,14.828979362120037,-0.04999999999999999,5.137339842467533e-07,1.2843349606168832e-07,1.2843349606168832e-07,0.00035837619349182265
g0_0.4_g1_1.6,0.4,1.6,256,48,4.633333333333333,14.883099724755512,-0.04999999999999999,6.718703404549178e-07,1.6796758511372946e-07,1.6796758511372946e-07,0.0004098384866184842
g0_0.4_g1_1.6,0.4,1.6,256,48,4.6499999999999995,14.937220087390987,-0.04999999999999999,8.377226212989516e-07,2.094306553247379e-07,2.094306553247379e-07,0.0004576359419065967
g0_0.4_g1_1.6,0.4,1.6,256,48,4.666666666666666,14.991340450026462,-0.04999999999999999,1.0071411541786321e-06,2.5178528854465803e-07,2.5178528854465803e-07,0.0005017821126192702
g0_0.4_g1_1.6,0.4,1.6,256,48,4.683333333333333,15.045460812661936,-0.04999999999999999,1.1763660136643505e-06,2.9409150341608763e-07,2.9409150341608763e-07,0.000542302040763344
g0_0.4_g1_1.6,0.4,1.6,256,48,4.7,15.099581175297413,-0.04999999999999999,1.3420374990986721e-06,3.3550937477466803e-07,3.3550937477466803e-07,0.0005792317107813315
g0_0.4_g1_1.6,0.4,1.6,256,48,4.716666666666667,15.153701537932887,-0.04999999999999999,1.5012005697355208e-06,3.753001424338802e-07,3.753001424338802e-07,0.0006126174519501384
g0_0.4_g1_1.6,0.4,1.6,256,48,4.733333333333333,15.207821900568362,-0.04999999999999999,1.6513035727343397e-06,4.128258931835849e-07,4.128258931835849e-07,0.0006425152863423444
g0_0.4_g1_1.6,0.4,1.6,256,48,4.75,15.261942263203837,-0.04999999999999999,1.7901916858613375e-06,4.4754792146533437e-07,4.4754792146533437e-07,0.0006689902252390048
g0_0.4_g1_1.6,0.4,1.6,256,48,4.766666666666667,15.316062625839312,-0.04999999999999999,1.9160955881350897e-06,4.790238970337724e-07,4.790238970337724e-07,0.000692115522896122
g0_0.4_g1_1.6,0.4,1.6,256,48,4.783333333333333,15.370182988474784,-0.04999999999999999,2.0276159560178615e-06,5.069039890044654e-07,5.069039890044654e-07,0.0007119719018363473
g0_0.4_g1_1.6,0.4,1.6,256,48,4.8,15.42430335111026,-0.04999999999999999,2.123704448599941e-06,5.309261121499852e-07,5.309261121499852e-07,0.000728646767748259
g0_0.4_g1_1.6,0.4,1.6,256,48,4.816666666666666,15.478423713745734,-0.04999999999999999,2.2036418832653267e-06,5.509104708163317e-07,5.509104708163317e-07,0.000742233434181142
g0_0.4_g1_1.6,0.4,1.6,256,48,4.833333333333333,15.532544076381209,-0.04999999999999999,2.2670143079179635e-06,5.667535769794909e-07,5.667535769794909e-07,0.0007528303772959024
g0_0.4_g1_1.6,0.4,1.6,256,48,4.85,15.586664439016683,-0.04999999999999999,2.3136876456944094e-06,5.784219114236024e-07,5.784219114236024e-07,0.0007605405389744864
g0_0.4_g1_1.6,0.4,1.6,256,48,4.866666666666666,15.640784801652158,-0.04999999999999999,2.343781526325032e-06,5.85945381581258e-07,5.85945381581258e-07,0.0007654706928297504
g0_0.4_g1_1.6,0.4,1.6,256,48,4.883333333333333,15.694905164287631,-0.04999999999999999,2.3576428318585837e-06,5.894107079646459e-07,5.894107079646459e-07,0.000767730882513297
g0_0.4_g1_1.6,0.4,1.6,256,48,4.8999999999999995,15.749025526923106,-0.04999999999999999,2.355819382954012e-06,5.88954845738503e-07,5.88954845738503e-07,0.0007674339357485457
g0_0.4_g1_1.6,0.4,1.6,256,48,4.916666666666666,15.80314588955858,-0.04999999999999999,2.3390340862564512e-06,5.847585215641128e-07,5.847585215641128e-07,0.000764695051353226
g0_0.4_g1_1.6,0.4,1.6,256,48,4.933333333333333,15.857266252194055,-0.04999999999999999,2.308159764129706e-06,5.770399410324265e-07,5.770399410324265e-07,0.0007596314507920446
g0_0.4_g1_1.6,0.4,1.6,256,48,4.95,15.911386614829532,-0.04999999999999999,2.2641948042460775e-06,5.660487010615194e-07,5.660487010615194e-07,0.0007523620810896303
g0_0.4_g1_1.6,0.4,1.6,256,48,4.966666666666667,15.965506977465006,-0.04999999999999999,2.2082397045506408e-06,5.520599261376602e-07,5.520599261376602e-07,0.0007430073526807525
g0_0.4_g1_1.6,0.4,1.6,256,48,4.983333333333333,16.01962734010048,-0.04999999999999999,2.1414745519442603e-06,5.353686379860651e-07,5.353686379860651e-07,0.0007316888942618065
g0_0.4_g1_1.6,0.4,1.6,256,48,5.0,16.073747702735954,-0.04999999999999999,2.0651374602304487e-06,5.162843650576122e-07,5.162843650576122e-07,0.0007185293070276342
g0_0.4_g1_1.6,0.4,1.6,256,48,5.016666666666667,16.12786806537143,-0.04999999999999999,1.980504000873673e-06,4.951260002184183e-07,4.951260002184183e-07,0.0007036519027320386
g0_0.4_g1_1.6,0.4,1.6,256,48,5.033333333333333,16.181988428006903,-0.04999999999999999,1.8888676829483882e-06,4.7221692073709704e-07,4.7221692073709704e-07,0.0006871804135284248
g0_0.4_g1_1.6,0.4,1.6,256,48,5.05,16.23610879064238,-0.04999999999999999,1.7915215689187968e-06,4.478803922296992e-07,4.478803922296992e-07,0.0006692386661197178
g0_0.4_g1_1.6,0.4,1.6,256,48,5.066666666666666,16.290229153277853,-0.04999999999999999,1.6897411428755244e-06,4.224352857188811e-07,4.224352857188811e-07,0.0006499502178774011
g0_0.4_g1_1.6,0.4,1.6,256,48,5.083333333333333,16.344349515913326,-0.04999999999999999,1.5847685706021125e-06,3.961921426505281e-07,3.961921426505281e-07,0.0006294379577452635
g0_0.4_g1_1.6,0.4,1.6,256,48,5.1,16.398469878548802,-0.04999999999999999,1.4777985010334413e-06,3.6944962525836033e-07,3.6944962525836033e-07,0.0006078236794156347
g0_0.4_g1_1.6,0.4,1.6,256,48,5.116666666666666,16.452590241184275,-0.04999999999999999,1.3699655532012176e-06,3.424913883003044e-07,3.424913883003044e-07,0.0005852276380181513
g0_0.4_g1_1.6,0.4,1.6,256,48,5.133333333333333,16.50671060381975,-0.04999999999999999,1.2623336110091444e-06,3.155834027522861e-07,3.155834027522861e-07,0.0005617681040716767
g0_0.4_g1_1.6,0.4,1.6,256,48,5.1499999999999995,16.560830966455224,-0.04999999999999999,1.1558870118605637e-06,2.889717529651409e-07,2.889717529651409e-07,0.0005375609295374255
g0_0.4_g1_1.6,0.4,1.6,256,48,5.166666666666666,16.6149513290907,-0.04999999999999999,1.051523667926763e-06,2.628809169816908e-07,2.628809169816908e-07,0.0005127191404479559
g0_0.4_g1_1.6,0.4,1.6,256,48,5.183333333333333,16.669071691726174,-0.04999999999999999,9.500501056118321e-07,2.3751252640295802e-07,2.3751252640295802e-07,0.000487352568889257
g0_0.4_g1_1.6,0.4,1.6,256,48,5.2,16.72319205436165,-0.04999999999999999,8.521783549786787e-07,2.1304458874466968e-07,2.1304458874466968e-07,0.0004615675343269603
g0_0.4_g1_1.6,0.4,1.6,256,48,5.216666666666667,16.777312416997127,-0.04999999999999999,7.585245717287881e-07,1.8963114293219703e-07,1.8963114293219703e-07,0.0004354665807294482
g0_0.4_g1_1.6,0.4,1.6,256,48,5.233333333333333,16.8314327796326,-0.04999999999999999,6.696092340656689e-07,1.6740230851641723e-07,1.6740230851641723e-07,0.0004091482720437876
g0_0.4_g1_1.6,0.4,1.6,256,48,5.25,16.885553142268073,-0.04999999999999999,5.858587283327364e-07,1.464646820831841e-07,1.464646820831841e-07,0.00038270704472635997
g0_0.4_g1_1.6,0.4,1.6,256,48,5.266666666666667,16.93967350490355,-0.04999999999999999,5.076081220227594e-07,1.2690203050568985e-07,1.2690203050568985e-07,0.0003562331125901828
g0_0.4_g1_1.6,0.4,1.6,256,48,5.283333333333333,16.993793867539022,-0.04999999999999999,4.3510492033294756e-07,1.0877623008323689e-07,1.0877623008323689e-07,0.0003298124165085919
g0_0.4_g1_1.6,0.4,1.6,256,48,5.3,17.0479142301745,-0.04999999999999999,3.685136112305449e-07,9.212840280763622e-08,9.212840280763622e-08,0.00030352660971920767
g0_0.4_g1_1.6,0.4,1.6,256,48,5.316666666666666,17.10203459280997,-0.04999999999999999,3.0792082133069954e-07,7.698020533267488e-08,7.698020533267488e-08,0.0002774530687029338
g0_0.4_g1_1.6,0.4,1.6,256,48,5.333333333333333,17.156154955445444,-0.04999999999999999,2.5334092754582516e-07,6.333523188645629e-08,6.333523188645629e-08,0.0002516649198566544
g0_0.4_g1_1.6,0.4,1.6,256,48,5.35,17.21027531808092,-0.04999999999999999,2.047219941412779e-07,5.1180498535319475e-08,5.1180498535319475e-08,0.00022623107331955854
g0_0.4_g1_1.6,0.4,1.6,256,48,5.366666666666666,17.264395680716394,-0.04999999999999999,1.619519285690582e-07,4.048798214226455e-08,4.048798214226455e-08,0.00020121625715201184
g0_0.4_g1_1.6,0.4,1.6,256,48,5.383333333333333,17.31851604335187,-0.04999999999999999,1.2486476996439099e-07,3.1216192491097746e-08,3.1216192491097746e-08,0.00017668104734548567
g0_0.4_g1_1.6,0.4,1.6,256,48,5.3999999999999995,17.372636405987343,-0.04999999999999999,9.324704006669327e-08,2.3311760016673318e-08,2.3311760016673318e-08,0.00015268189158074155
g0_0.4_g1_1.6,0.4,1.6,256,48,5.416666666666666,17.42675676862282,-0.04999999999999999,6.684409707605724e-08,1.671102426901431e-08,1.671102426901431e-08,0.00012927112697356014
g0_0.4_g1_1.6,0.4,1.6,256,48,5.433333333333333,17.480877131258293,-0.04999999999999999,4.536643893564267e-08,1.1341609733910667e-08,1.1341609733910667e-08,0.0001064969940134963
g0_0.4_g1_1.6,0.4,1.6,256,48,5.45,17.53499749389377,-0.04999999999999999,2.8495904758102655e-08,7.123976189525664e-09,7.123976189525664e-09,8.440365033294273e-05
g0_0.4_g1_1.6,0.4,1.6,256,48,5.466666666666667,17.589117856529246,-0.04999999999999999,1.589172301967001e-08,3.972930754917502e-09,3.972930754917502e-09,6.303118874745663e-05
g0_0.4_g1_1.6,0.4,1.6,256,48,5.483333333333333,17.64323821916472,-0.04999999999999999,7.19635429107722e-09,1.799088572769305e-09,1.799088572769305e-09,4.24156642382187e-05
g0_0.4_g1_1.6,0.4,1.6,256,48,5.5,17.69735858180019,-0.04999999999999999,2.0410760958726787e-09,5.102690239681697e-10,5.102690239681697e-10,2.258913508676615e-05
g0_0.4_g1_1.6,0.4,1.6,256,48,5.516666666666667,17.751478944435668,-0.04999999999999999,5.12590848203441e-11,1.2814771205086025e-11,1.2814771205086025e-11,3.579772507448766e-06
g0_0.4_g1_1.6,0.4,1.6,256,48,5.533333333333333,17.80559930707114,-0.04999999999999999,8.512877259256944e-10,2.128219314814236e-10,2.128219314814236e-10,1.4588417716854135e-05
g0_0.4_g1_1.6,0.4,1.6,256,48,5.55,17.859719669706617,-0.04999999999999999,4.069085258787935e-09,1.0172713146969838e-09,1.0172713146969838e-09,3.189469101115394e-05
g0_0.4_g1_1.6,0.4,1.6,256,48,5.566666666666666,17.91384003234209,-0.04999999999999999,9.340211404564087e-09,2.335052851141022e-09,2.335052851141022e-09,4.8322384576312265e-05
g0_0.4_g1_1.6,0.4,1.6,256,48,5.583333333333333,17.967960394977567,-0.04999999999999999,1.6311511549889376e-08,4.077877887472344e-09,4.077877887472344e-09,6.38582640499438e-05
g0_0.4_g1_1.6,0.4,1.6,256,48,5.6,18.02208075761304,-0.04999999999999999,2.4644306912656623e-08,6.161076728164156e-09,6.161076728164156e-09,7.849252657523617e-05
g0_0.4_g1_1.6,0.4,1.6,256,48,5.616666666666666,18.076201120248513,-0.04999999999999999,3.401712558179595e-08,8.504281395448988e-09,8.504281395448988e-09,9.221866077670499e-05
g0_0.4_g1_1.6,0.4,1.6,256,48,5.633333333333333,18.13032148288399,-0.04999999999999999,4.4127983444473294e-08,1.1031995861118323e-08,1.1031995861118323e-08,0.00010503330834129868
g0_0.4_g1_1.6,0.4,1.6,256,48,5.6499999999999995,18.184441845519462,-0.04999999999999999,5.469623124798241e-08,1.3674057811995602e-08,1.3674057811995602e-08,0.00011693612706086859
g0_0.4_g1_1.6,0.4,1.6,256,48,5.666666666666666,18.23856220815494,-0.04999999999999999,6.546398907256682e-08,1.6365997268141704e-08,1.6365997268141704e-08,0.00012792965750029077
g0_0.4_g1_1.6,0.4,1.6,256,48,5.683333333333333,18.29268257079041,-0.04999999999999999,7.61971923250035e-08,1.9049298081250874e-08,1.9049298081250874e-08,0.00013801919461165854
g0_0.4_g1_1.6,0.4,1.6,256,48,5.7,18.346802933425888,-0.04999999999999999,8.668627430427787e-08,2.1671568576069468e-08,2.1671568576069468e-08,0.00014721266445543832
g0_0.4_g1_1.6,0.4,1.6,256,48,5.716666666666667,18.400923296061364,-0.04999999999999999,9.674650996247483e-08,2.418662749061871e-08,2.418662749061871e-08,0.00015552050504875138
g0_0.4_g1_1.6,0.4,1.6,256,48,5.733333333333333,18.455043658696837,-0.04999999999999999,1.0621804432598253e-07,2.6554511081495632e-08,2.6554511081495632e-08,0.00016295554940380408
g0_0.4_g1_1.6,0.4,1.6,256,48,5.75,18.50916402133231,-0.04999999999999999,1.1496562780011863e-07,2.8741406950029658e-08,2.8741406950029658e-08,0.00016953290816248525
g0_0.4_g1_1.6,0.4,1.6,256,48,5.766666666666667,18.563284383967787,-0.04999999999999999,1.228780798041164e-07,3.07195199510291e-08,3.07195199510291e-08,0.00017526984895020907
g0_0.4_g1_1.6,0.4,1.6,256,48,5.783333333333333,18.61740474660326,-0.04999999999999999,1.2986750224768646e-07,3.2466875561921616e-08,3.2466875561921616e-08,0.00018018566969079872
g0_0.4_g1_1.6,0.4,1.6,256,48,5.8,18.671525109238736,-0.04999999999999999,1.358682654174771e-07,3.3967066354369273e-08,3.3967066354369273e-08,0.00018430156362432
g0_0.4_g1_1.6,0.4,1.6,256,48,5.816666666666666,18.72564547187421,-0.04999999999999999,1.4083579081540914e-07,3.5208947703852285e-08,3.5208947703852285e-08,0.00018764047458864596
g0_0.4_g1_1.6,0.4,1.6,256,48,5.833333333333333,18.779765834509686,-0.04999999999999999,1.447451581025028e-07,3.61862895256257e-08,3.61862895256257e-08,0.00019022694216547166
g0_0.4_g1_1.6,0.4,1.6,256,48,5.85,18.83388619714516,-0.04999999999999999,1.4758956612901466e-07,3.6897391532253665e-08,3.6897391532253665e-08,0.00019208693743264706
g0_0.4_g1_1.6,0.4,1.6,256,48,5.866666666666666,18.88800655978063,-0.04999999999999999,1.4937868058367342e-07,3.7344670145918354e-08,3.7344670145918354e-08,0.00019324769117875213
g0_0.4_g1_1.6,0.4,1.6,256,48,5.883333333333333,18.942126922416108,-0.04999999999999999,1.501369025937626e-07,3.753422564844065e-08,3.753422564844065e-08,0.0001937375174003235
g0_0.4_g1_1.6,0.4,1.6,256,48,5.8999999999999995,18.99624728505158,-0.04999999999999999,1.4990159326410383e-07,3.747539831602596e-08,3.747539831602596e-08,0.00019358563561386975
g0_0.4_g1_1.6,0.4,1.6,256,48,5.916666666666666,19.050367647687057,-0.04999999999999999,1.4872128841155966e-07,3.7180322102889915e-08,3.7180322102889915e-08,0.00019282199590007858
g0_0.4_g1_1.6,0.4,1.6,256,48,5.933333333333333,19.10448801032253,-0.04999999999999999,1.4665393556496363e-07,3.666348389124091e-08,3.666348389124091e-08,0.00019147711061962708
g0_0.4_g1_1.6,0.4,1.6,256,48,5.95,19.158608372958007,-0.04999999999999999,1.4376518177176233e-07,3.594129544294058e-08,3.594129544294058e-08,0.0001895818964008446
g0_0.4_g1_1.6,0.4,1.6,256,48,5.966666666666667,19.212728735593483,-0.04999999999999999,1.4012673615597658e-07,3.5031684038994145e-08,3.5031684038994145e-08,0.00018716752933934386
g0_0.4_g1_1.6,0.4,1.6,256,48,5.983333333333333,19.266849098228956,-0.04999999999999999,1.3581482589818016e-07,3.395370647454504e-08,3.395370647454504e-08,0.00018426531544092894
g0_0.4_g1_1.6,0.4,1.6,256,48,6.0,19.320969460864433,-0.04999999999999999,1.3090875880791196e-07,3.272718970197799e-08,3.272718970197799e-08,0.00018090657727672034
