chi_over_J,state,alpha,k_over_k1,probability
2.03,ground,0,-2.0,0.09315848635210251
2.03,ground,0,-1.9975,0.08506506196899312
2.03,ground,0,-1.995,0.06941645185754337
2.03,ground,0,-1.9925,0.055875277111247165
2.03,ground,0,-1.99,0.04421888230310742
2.03,ground,0,-1.9875,0.03482089740369201
2.03,ground,0,-1.985,0.028535754525091765
2.03,ground,0,-1.9825,0.02340154582127376
2.03,ground,0,-1.98,0.019026332201729876
2.03,ground,0,-1.9775,0.01650088504191321
2.03,ground,0,-1.975,0.015127573084421458
2.03,ground,0,-1.9725,0.01344577743728181
2.03,ground,0,-1.97,0.011648654050639595
2.03,ground,0,-1.9675,0.0106360273972971
2.03,ground,0,-1.965,0.01016845815608663
2.03,ground,0,-1.9625,0.009929645376368836
2.03,ground,0,-1.96,0.01005051086432675
2.03,ground,0,-1.9575,0.009766026368318293
2.03,ground,0,-1.955,0.008484256769377587
2.03,ground,0,-1.9525,0.007053536131268396
2.03,ground,0,-1.95,0.006195056758087112
2.03,ground,0,-1.9475,0.0056688415388817005
2.03,ground,0,-1.945,0.005311689587127731
2.03,ground,0,-1.9425,0.005324225704165766
2.03,ground,0,-1.94,0.005624356444383195
2.03,ground,0,-1.9375,0.005996611372965006
2.03,ground,0,-1.935,0.006585903584992887
2.03,ground,0,-1.9325,0.007150518433846758
2.03,ground,0,-1.93,0.006859656733005835
2.03,ground,0,-1.9275,0.005774847232090605
2.03,ground,0,-1.925,0.004748198646597059
2.03,ground,0,-1.9225,0.003999288907470975
2.03,ground,0,-1.92,0.003418208705378014
2.03,ground,0,-1.9175,0.0031039003838016273
2.03,ground,0,-1.915,0.002945908619910985
2.03,ground,0,-1.9125,0.00274474631650926
2.03,ground,0,-1.91,0.002612844333143075
2.03,ground,0,-1.9075,0.0027162852099926124
2.03,ground,0,-1.905,0.0029303493155429195
2.03,ground,0,-1.9025,0.0031084383756431314
2.03,ground,0,-1.9,0.003405958154838183
2.03,ground,0,-1.8975,0.003912310130333853
2.03,ground,0,-1.895,0.004487636380074802
2.03,ground,0,-1.8925,0.0051915973325670235
2.03,ground,0,-1.89,0.005839697975015405
2.03,ground,0,-1.8875,0.0057205275588506025
2.03,ground,0,-1.885,0.004817985593282048
2.03,ground,0,-1.8825,0.003880923463660395
2.03,ground,0,-1.88,0.003170780888777624
2.03,ground,0,-1.8775,0.002578221517582983
2.03,ground,0,-1.875,0.002171744711403072
2.03,ground,0,-1.8725,0.0019357310789998308
2.03,ground,0,-1.87,0.0017492575233476798
2.03,ground,0,-1.8675,0.0016431333680603922
2.03,ground,0,-1.865,0.0016710488534416822
2.03,ground,0,-1.8625,0.0017012528811418707
2.03,ground,0,-1.8599999999999999,0.0016015121371520582
2.03,ground,0,-1.8575,0.001466606090485425
2.03,ground,0,-1.855,0.0014071321190058208
2.03,ground,0,-1.8525,0.0013874709581421457
2.03,ground,0,-1.85,0.0014211917912433708
2.03,ground,0,-1.8475,0.0015245981610682812
2.03,ground,0,-1.845,0.0015792551154134764
2.03,ground,0,-1.8425,0.0015532217470183617
2.03,ground,0,-1.84,0.0015920632173642782
2.03,ground,0,-1.8375,0.0017644062304234898
2.03,ground,0,-1.835,0.0019825731251064704
2.03,ground,0,-1.8325,0.002251176433237917
2.03,ground,0,-1.83,0.00269026601124205
2.03,ground,0,-1.8275,0.0032509892066434056
2.03,ground,0,-1.825,0.003883864122778811
2.03,ground,0,-1.8225,0.004639727387626281
2.03,ground,0,-1.82,0.005073217212874318
2.03,ground,0,-1.8175,0.004665339741336136
2.03,ground,0,-1.815,0.0038044104803271243
2.03,ground,0,-1.8125,0.0030594657001120065
2.03,ground,0,-1.81,0.002446961833211469
2.03,ground,0,-1.8075,0.0019562176003549243
2.03,ground,0,-1.805,0.0016415921500471339
2.03,ground,0,-1.8025,0.0013978374619080165
2.03,ground,0,-1.8,0.0011788245877592499
2.03,ground,0,-1.7974999999999999,0.0010571537942497898
2.03,ground,0,-1.795,0.0010215992895929722
2.03,ground,0,-1.7925,0.000979042546060978
2.03,ground,0,-1.79,0.0009227640061450607
2.03,ground,0,-1.7875,0.000921459814748867
2.03,ground,0,-1.785,0.0009709202860119096
2.03,ground,0,-1.7825,0.001044472022909872
2.03,ground,0,-1.78,0.0011618257637512988
2.03,ground,0,-1.7775,0.0012404594228184135
2.03,ground,0,-1.775,0.0011632978883553157
2.03,ground,0,-1.7725,0.0010049384253974622
2.03,ground,0,-1.77,0.000890469200870188
2.03,ground,0,-1.7675,0.0008135942216322754
2.03,ground,0,-1.765,0.0007558465917667195
2.03,ground,0,-1.7625,0.0007488955008462604
2.03,ground,0,-1.76,0.0007850227937376085
2.03,ground,0,-1.7575,0.0008372228244553341
2.03,ground,0,-1.755,0.0009351506242747642
2.03,ground,0,-1.7525,0.0010737605381850126
2.03,ground,0,-1.75,0.0011345964823612235
2.03,ground,0,-1.7475,0.0010732135734505327
2.03,ground,0,-1.745,0.001000893169667112
2.03,ground,0,-1.7425,0.0009694661466378038
2.03,ground,0,-1.74,0.0009603088742149109
2.03,ground,0,-1.7375,0.001010193996441487
2.03,ground,0,-1.7349999999999999,0.0011061770474735779
2.03,ground,0,-1.7325,0.0011706718486073618
2.03,ground,0,-1.73,0.0012327967194668329
2.03,ground,0,-1.7275,0.0014010926985878686
2.03,ground,0,-1.725,0.0016693158032571147
2.03,ground,0,-1.7225,0.0019587178330819476
2.03,ground,0,-1.72,0.0023446904511497716
2.03,ground,0,-1.7175,0.0029151816145220103
2.03,ground,0,-1.7149999999999999,0.003576455193878902
2.03,ground,0,-1.7125,0.004357317215896143
2.03,ground,0,-1.71,0.005151777792348047
2.03,ground,0,-1.7075,0.005291177818070827
2.03,ground,0,-1.705,0.0045707607520190366
2.03,ground,0,-1.7025000000000001,0.003659839703903449
2.03,ground,0,-1.7,0.0029234106626342005
2.03,ground,0,-1.6975,0.0022918436922689453
2.03,ground,0,-1.695,0.0018234883430263168
2.03,ground,0,-1.6925,0.001512873573101733
2.03,ground,0,-1.69,0.0012482521772422966
2.03,ground,0,-1.6875,0.0010457325442029095
2.03,ground,0,-1.685,0.0009489469072829111
2.03,ground,0,-1.6825,0.0008879532820975279
2.03,ground,0,-1.68,0.0007919541008583605
2.03,ground,0,-1.6775,0.0006989952286985644
2.03,ground,0,-1.675,0.0006540957246941994
2.03,ground,0,-1.6724999999999999,0.0006327704812820293
2.03,ground,0,-1.67,0.0006306395792560316
2.03,ground,0,-1.6675,0.000649690846426798
2.03,ground,0,-1.665,0.000632384418731337
2.03,ground,0,-1.6625,0.0005623779504940026
2.03,ground,0,-1.66,0.0005029524924747994
2.03,ground,0,-1.6575,0.0004845348366733479
2.03,ground,0,-1.655,0.0004825934991592233
2.03,ground,0,-1.6524999999999999,0.0004950668232151876
2.03,ground,0,-1.65,0.0005440934824311745
2.03,ground,0,-1.6475,0.0006183001072748823
2.03,ground,0,-1.645,0.0007060139452551798
2.03,ground,0,-1.6425,0.0008248268494737871
2.03,ground,0,-1.6400000000000001,0.0009141654803828799
2.03,ground,0,-1.6375,0.0008713951072091444
2.03,ground,0,-1.635,0.0007392903271847936
2.03,ground,0,-1.6325,0.0006224057919778031
2.03,ground,0,-1.63,0.0005299458350043491
2.03,ground,0,-1.6275,0.0004562428369960988
2.03,ground,0,-1.625,0.0004163819491771731
2.03,ground,0,-1.6225,0.0003887777339322514
2.03,ground,0,-1.62,0.0003567547597125921
2.03,ground,0,-1.6175,0.00034371185680172475
2.03,ground,0,-1.615,0.0003606673495298951
2.03,ground,0,-1.6125,0.00038279999392795043
2.03,ground,0,-1.6099999999999999,0.00040137171566503047
2.03,ground,0,-1.6075,0.0004432474009290064
2.03,ground,0,-1.605,0.0005127829953861179
2.03,ground,0,-1.6025,0.0005970165964190396
2.03,ground,0,-1.6,0.0007087361883163697
2.03,ground,0,-1.5975,0.0008031514102664491
2.03,ground,0,-1.595,0.0007869217014452025
2.03,ground,0,-1.5925,0.0006867333260401721
2.03,ground,0,-1.5899999999999999,0.0005978085271104483
2.03,ground,0,-1.5875,0.0005323165924808638
2.03,ground,0,-1.585,0.00047865835361108065
2.03,ground,0,-1.5825,0.0004568697408573651
2.03,ground,0,-1.58,0.00046319891598821573
2.03,ground,0,-1.5775000000000001,0.00047979256642805473
2.03,ground,0,-1.575,0.0005241634073832469
2.03,ground,0,-1.5725,0.0006048274395835758
2.03,ground,0,-1.57,0.0006624274278369794
2.03,ground,0,-1.5675,0.0006555542295367991
2.03,ground,0,-1.565,0.0006366460752620144
2.03,ground,0,-1.5625,0.0006435520425867449
2.03,ground,0,-1.56,0.0006643983031851006
2.03,ground,0,-1.5575,0.0007227419167360289
2.03,ground,0,-1.555,0.0008194609301060084
2.03,ground,0,-1.5525,0.0008951695320568424
2.03,ground,0,-1.55,0.0009564344498709287
2.03,ground,0,-1.5474999999999999,0.0010920436663908544
2.03,ground,0,-1.545,0.0013203732779437818
2.03,ground,0,-1.5425,0.0015786378313673744
2.03,ground,0,-1.54,0.0019106151705812556
2.03,ground,0,-1.5375,0.0024063504643790532
2.03,ground,0,-1.535,0.002999773625672134
2.03,ground,0,-1.5325,0.0036970176877765136
2.03,ground,0,-1.53,0.0044633933103775305
2.03,ground,0,-1.5274999999999999,0.004743219594306575
2.03,ground,0,-1.525,0.004215975949048544
2.03,ground,0,-1.5225,0.0034131180408417464
2.03,ground,0,-1.52,0.002744974991611677
2.03,ground,0,-1.5175,0.0021671993077833564
2.03,ground,0,-1.5150000000000001,0.0017203186533785932
2.03,ground,0,-1.5125,0.0014232159147084342
2.03,ground,0,-1.51,0.0011709157539606771
2.03,ground,0,-1.5075,0.0009642912726923676
2.03,ground,0,-1.505,0.000854910414453519
2.03,ground,0,-1.5025,0.0007937162497308614
2.03,ground,0,-1.5,0.0007114965483509782
2.03,ground,0,-1.4975,0.0006310282751996125
2.03,ground,0,-1.495,0.0005954976506668328
2.03,ground,0,-1.4925,0.0005852147315002103
2.03,ground,0,-1.49,0.0005899073698475432
2.03,ground,0,-1.4875,0.0006137434032854444
2.03,ground,0,-1.4849999999999999,0.0006017031095573968
2.03,ground,0,-1.4825,0.000525934779739957
2.03,ground,0,-1.48,0.0004456029476880273
2.03,ground,0,-1.4775,0.00039900743934376736
2.03,ground,0,-1.475,0.00036867105683200703
2.03,ground,0,-1.4725000000000001,0.00035043670807300277
2.03,ground,0,-1.47,0.00035790778409101035
2.03,ground,0,-1.4675,0.0003819480035041744
2.03,ground,0,-1.4649999999999999,0.0004125526170863201
2.03,ground,0,-1.4625,0.00046272383888865034
2.03,ground,0,-1.46,0.0005089668739554149
2.03,ground,0,-1.4575,0.000493814686655794
2.03,ground,0,-1.455,0.0004295817710634136
2.03,ground,0,-1.4525000000000001,0.0003736291010981743
2.03,ground,0,-1.45,0.0003344218441425451
2.03,ground,0,-1.4475,0.0003070089821570042
2.03,ground,0,-1.4449999999999998,0.0003021523763288865
2.03,ground,0,-1.4425,0.00030667672958226117
2.03,ground,0,-1.44,0.00030356189299450906
2.03,ground,0,-1.4375,0.00031000894191238806
2.03,ground,0,-1.435,0.000345684931921158
2.03,ground,0,-1.4325,0.0003957308964787822
2.03,ground,0,-1.43,0.00044748283684477866
2.03,ground,0,-1.4275,0.0005268721116902109
2.03,ground,0,-1.4249999999999998,0.0006423767273898205
2.03,ground,0,-1.4224999999999999,0.0007756439348194244
2.03,ground,0,-1.42,0.000941245461106104
2.03,ground,0,-1.4175,0.0010866611809024547
2.03,ground,0,-1.415,0.001072757618939775
2.03,ground,0,-1.4125,0.0009137356714252323
2.03,ground,0,-1.4100000000000001,0.0007504081829217484
2.03,ground,0,-1.4075,0.0006191625560962751
2.03,ground,0,-1.405,0.0005055672814236352
2.03,ground,0,-1.4024999999999999,0.00042872357747549987
2.03,ground,0,-1.4,0.00037925021566444705
2.03,ground,0,-1.3975,0.00033593024647658433
2.03,ground,0,-1.395,0.00031106888818661747
2.03,ground,0,-1.3925,0.0003117255947966719
2.03,ground,0,-1.3900000000000001,0.0003105081280754841
2.03,ground,0,-1.3875,0.0002896674484188442
2.03,ground,0,-1.385,0.0002701316104901381
2.03,ground,0,-1.3824999999999998,0.00026579899045342677
2.03,ground,0,-1.38,0.0002679894499403953
2.03,ground,0,-1.3775,0.00028178536776887097
2.03,ground,0,-1.375,0.0003047618022587901
2.03,ground,0,-1.3725,0.000310496757019766
2.03,ground,0,-1.37,0.0002996722603325264
2.03,ground,0,-1.3675,0.0003037040569035153
2.03,ground,0,-1.365,0.00033101981577659135
2.03,ground,0,-1.3624999999999998,0.00036606927748321057
2.03,ground,0,-1.3599999999999999,0.0004163782215843829
2.03,ground,0,-1.3575,0.000501673535494601
2.03,ground,0,-1.355,0.0006098691587300653
2.03,ground,0,-1.3525,0.0007410638930932823
2.03,ground,0,-1.35,0.0009025405643386763
2.03,ground,0,-1.3475000000000001,0.0009963518717805379
2.03,ground,0,-1.345,0.0009309252896964153
2.03,ground,0,-1.3425,0.0007906226490780268
2.03,ground,0,-1.3399999999999999,0.000672303474274746
2.03,ground,0,-1.3375,0.0005704414793505961
2.03,ground,0,-1.335,0.0004913717815175369
2.03,ground,0,-1.3325,0.00044705389322993825
2.03,ground,0,-1.33,0.00040893479338367653
2.03,ground,0,-1.3275000000000001,0.0003722254360738995
2.03,ground,0,-1.325,0.0003641928205758559
2.03,ground,0,-1.3225,0.0003819722036964161
2.03,ground,0,-1.3199999999999998,0.0003965032184435995
2.03,ground,0,-1.3175,0.0004118550714568428
2.03,ground,0,-1.315,0.00045707770135655125
2.03,ground,0,-1.3125,0.0005281657357115934
2.03,ground,0,-1.31,0.0006200179808108417
2.03,ground,0,-1.3075,0.0007433430912727109
2.03,ground,0,-1.305,0.0008304494160104698
2.03,ground,0,-1.3025,0.0008026033835479027
2.03,ground,0,-1.2999999999999998,0.000718085267942481
2.03,ground,0,-1.2974999999999999,0.0006579491169610346
2.03,ground,0,-1.295,0.0006142688112016262
2.03,ground,0,-1.2925,0.0005856490562606595
2.03,ground,0,-1.29,0.0005989350377186327
2.03,ground,0,-1.2875,0.0006428528480295675
2.03,ground,0,-1.2850000000000001,0.0007044669973951692
2.03,ground,0,-1.2825,0.0008177892923278678
2.03,ground,0,-1.28,0.0009704489523611669
2.03,ground,0,-1.2774999999999999,0.0010535143172790368
2.03,ground,0,-1.275,0.0010389159552203074
2.03,ground,0,-1.2725,0.0010281893244735983
2.03,ground,0,-1.27,0.0010535976506855149
2.03,ground,0,-1.2675,0.0011052005445668922
2.03,ground,0,-1.2650000000000001,0.0012334746123338302
2.03,ground,0,-1.2625,0.001408049243235778
2.03,ground,0,-1.26,0.001538692091845425
2.03,ground,0,-1.2574999999999998,0.0016877575232744336
2.03,ground,0,-1.255,0.0020004509709960353
2.03,ground,0,-1.2525,0.002450483575124076
2.03,ground,0,-1.25,0.002947626616928906
2.03,ground,0,-1.2475,0.0036372547376609366
2.03,ground,0,-1.245,0.004615833132708442
2.03,ground,0,-1.2425,0.005739727534257369
2.03,ground,0,-1.24,0.007092786701662244
2.03,ground,0,-1.2374999999999998,0.008371416294827476
2.03,ground,0,-1.2349999999999999,0.0084497891298025
2.03,ground,0,-1.2325,0.007215177496206451
2.03,ground,0,-1.23,0.005793793239323584
2.03,ground,0,-1.2275,0.004631036757377604
2.03,ground,0,-1.225,0.0036212141118955755
2.03,ground,0,-1.2225000000000001,0.0028895158792756437
2.03,ground,0,-1.22,0.0023818312711046375
2.03,ground,0,-1.2175,0.00193227292815203
2.03,ground,0,-1.2149999999999999,0.0016011396636074295
2.03,ground,0,-1.2125,0.001435605921285395
2.03,ground,0,-1.21,0.0013093923819395537
2.03,ground,0,-1.2075,0.0011409469219525984
2.03,ground,0,-1.205,0.0010026215106744814
2.03,ground,0,-1.2025000000000001,0.0009382742794439575
2.03,ground,0,-1.2,0.0009024689797775321
2.03,ground,0,-1.1975,0.0008956757749842718
2.03,ground,0,-1.1949999999999998,0.0009039693456671113
2.03,ground,0,-1.1925,0.0008400811850243606
2.03,ground,0,-1.19,0.0007085342483964395
2.03,ground,0,-1.1875,0.0006031600152459071
2.03,ground,0,-1.185,0.0005469896708048666
2.03,ground,0,-1.1825,0.0005086126630371121
2.03,ground,0,-1.18,0.0004925743431390781
2.03,ground,0,-1.1775,0.0005130160459813405
2.03,ground,0,-1.1749999999999998,0.000549529168458738
2.03,ground,0,-1.1724999999999999,0.000596499455272744
2.03,ground,0,-1.17,0.000665386826214013
2.03,ground,0,-1.1675,0.0006973687230125678
2.03,ground,0,-1.165,0.0006308351138574079
2.03,ground,0,-1.1625,0.0005207747960702688
2.03,ground,0,-1.1600000000000001,0.00043457844511085895
2.03,ground,0,-1.1575,0.00036821287478911206
2.03,ground,0,-1.155,0.0003210478265494639
2.03,ground,0,-1.1524999999999999,0.0002992900939525024
2.03,ground,0,-1.15,0.00028234332661742755
2.03,ground,0,-1.1475,0.00026225283398112606
2.03,ground,0,-1.145,0.0002584279949394043
2.03,ground,0,-1.1425,0.00027587064188730345
2.03,ground,0,-1.1400000000000001,0.0002951884005689497
2.03,ground,0,-1.1375,0.00031453875090398033
2.03,ground,0,-1.135,0.00035362957988241503
2.03,ground,0,-1.1324999999999998,0.0004085022891776177
2.03,ground,0,-1.13,0.00047112208928533263
2.03,ground,0,-1.1275,0.0005486031524735248
2.03,ground,0,-1.125,0.0005934235558119108
2.03,ground,0,-1.1225,0.0005468196542599591
2.03,ground,0,-1.12,0.00045135530107702563
2.03,ground,0,-1.1175,0.00037216682314924966
2.03,ground,0,-1.115,0.0003097179254761954
2.03,ground,0,-1.1124999999999998,0.00025959094678495304
2.03,ground,0,-1.1099999999999999,0.00023087751358081133
2.03,ground,0,-1.1075,0.00021447944678885285
2.03,ground,0,-1.105,0.0002025841963628989
2.03,ground,0,-1.1025,0.00020447824010048224
2.03,ground,0,-1.1,0.00021853440117601287
2.03,ground,0,-1.0975000000000001,0.000222229937588002
2.03,ground,0,-1.095,0.0002090822575575219
2.03,ground,0,-1.0925,0.00019848169794336787
2.03,ground,0,-1.0899999999999999,0.00019688683087038027
2.03,ground,0,-1.0875,0.00019977504530482173
2.03,ground,0,-1.085,0.0002141094070580974
2.03,ground,0,-1.0825,0.00023448539529719408
2.03,ground,0,-1.08,0.00024355045860220795
2.03,ground,0,-1.0775000000000001,0.0002493608353779144
2.03,ground,0,-1.075,0.0002752792735145821
2.03,ground,0,-1.0725,0.0003202132826354276
2.03,ground,0,-1.0699999999999998,0.0003705703179722064
2.03,ground,0,-1.0675,0.0004413577685485989
2.03,ground,0,-1.065,0.0005474266196558906
2.03,ground,0,-1.0625,0.0006714803288145728
2.03,ground,0,-1.06,0.0008210341825671658
2.03,ground,0,-1.0575,0.0009765394752567448
2.03,ground,0,-1.055,0.0010107167276934214
2.03,ground,0,-1.0525,0.0008826635333111974
2.03,ground,0,-1.0499999999999998,0.0007173317225462249
2.03,ground,0,-1.0474999999999999,0.0005828596849135946
2.03,ground,0,-1.045,0.0004661312534360948
2.03,ground,0,-1.0425,0.0003801963651804476
2.03,ground,0,-1.04,0.0003234933243843074
2.03,ground,0,-1.0375,0.0002726708354771201
2.03,ground,0,-1.0350000000000001,0.00023289084776389527
2.03,ground,0,-1.0325,0.00021590693483179488
2.03,ground,0,-1.03,0.00020796807623441708
2.03,ground,0,-1.0274999999999999,0.00019387915944004905
2.03,ground,0,-1.025,0.0001825007414061852
2.03,ground,0,-1.0225,0.0001840415722443278
2.03,ground,0,-1.02,0.00019193136328037147
2.03,ground,0,-1.0175,0.00020598004555848472
2.03,ground,0,-1.0150000000000001,0.0002253576302262047
2.03,ground,0,-1.0125,0.00022674355090355298
2.03,ground,0,-1.01,0.0002021534852076888
2.03,ground,0,-1.0074999999999998,0.00017582002201339356
2.03,ground,0,-1.005,0.00016038831358089578
2.03,ground,0,-1.0025,0.00014928827437685736
2.03,ground,0,-1.0,0.00014391301751412266
2.03,ground,0,-0.9975,0.0001492882743768541
2.03,ground,0,-0.9949999999999999,0.0001603883135808949
2.03,ground,0,-0.9924999999999999,0.00017582002201342912
2.03,ground,0,-0.99,0.0002021534852077001
2.03,ground,0,-0.9875,0.000226743550903499
2.03,ground,0,-0.9849999999999999,0.00022535763022622454
2.03,ground,0,-0.9824999999999999,0.00020598004555849302
2.03,ground,0,-0.98,0.00019193136328033545
2.03,ground,0,-0.9775,0.00018404157224438612
2.03,ground,0,-0.9750000000000001,0.00018250074140618885
2.03,ground,0,-0.9724999999999999,0.00019387915944005948
2.03,ground,0,-0.97,0.00020796807623444123
2.03,ground,0,-0.9675,0.00021590693483179973
2.03,ground,0,-0.9650000000000001,0.00023289084776396027
2.03,ground,0,-0.9624999999999999,0.0002726708354771333
2.03,ground,0,-0.96,0.0003234933243842548
2.03,ground,0,-0.9575,0.0003801963651804104
2.03,ground,0,-0.9550000000000001,0.0004661312534361481
2.03,ground,0,-0.9524999999999999,0.0005828596849135709
2.03,ground,0,-0.95,0.0007173317225462095
2.03,ground,0,-0.9475,0.0008826635333112461
2.03,ground,0,-0.9450000000000001,0.0010107167276933349
2.03,ground,0,-0.9424999999999999,0.0009765394752567809
2.03,ground,0,-0.94,0.0008210341825671668
2.03,ground,0,-0.9375,0.0006714803288146394
2.03,ground,0,-0.935,0.000547426619655781
2.03,ground,0,-0.9324999999999999,0.00044135776854846773
2.03,ground,0,-0.9299999999999999,0.0003705703179722096
2.03,ground,0,-0.9275,0.00032021328263545884
2.03,ground,0,-0.925,0.0002752792735145222
2.03,ground,0,-0.9224999999999999,0.0002493608353779201
2.03,ground,0,-0.9199999999999999,0.00024355045860222841
2.03,ground,0,-0.9175,0.0002344853952971748
2.03,ground,0,-0.915,0.00021410940705814704
2.03,ground,0,-0.9124999999999999,0.0001997750453048501
2.03,ground,0,-0.9099999999999999,0.00019688683087040347
2.03,ground,0,-0.9075,0.00019848169794336922
2.03,ground,0,-0.905,0.00020908225755752487
2.03,ground,0,-0.9025000000000001,0.00022222993758794733
2.03,ground,0,-0.8999999999999999,0.0002185344011760215
2.03,ground,0,-0.8975,0.0002044782401003937
2.03,ground,0,-0.895,0.00020258419636292756
2.03,ground,0,-0.8925000000000001,0.00021447944678884085
2.03,ground,0,-0.8899999999999999,0.00023087751358074617
2.03,ground,0,-0.8875,0.0002595909467850027
2.03,ground,0,-0.885,0.00030971792547617187
2.03,ground,0,-0.8825000000000001,0.0003721668231493585
2.03,ground,0,-0.8799999999999999,0.0004513553010769992
2.03,ground,0,-0.8775,0.0005468196542599988
2.03,ground,0,-0.875,0.0005934235558118892
2.03,ground,0,-0.8725,0.0005486031524734988
2.03,ground,0,-0.8699999999999999,0.0004711220892852371
2.03,ground,0,-0.8674999999999999,0.0004085022891776108
2.03,ground,0,-0.865,0.00035362957988239167
2.03,ground,0,-0.8625,0.00031453875090396775
2.03,ground,0,-0.8599999999999999,0.0002951884005689272
2.03,ground,0,-0.8574999999999999,0.0002758706418872895
2.03,ground,0,-0.855,0.00025842799493939914
2.03,ground,0,-0.8525,0.00026225283398120466
2.03,ground,0,-0.8499999999999999,0.0002823433266173922
2.03,ground,0,-0.8474999999999999,0.00029929009395245195
2.03,ground,0,-0.845,0.00032104782654943553
2.03,ground,0,-0.8425,0.00036821287478905915
2.03,ground,0,-0.8400000000000001,0.0004345784451109722
2.03,ground,0,-0.8374999999999999,0.0005207747960704652
2.03,ground,0,-0.835,0.0006308351138574426
2.03,ground,0,-0.8325,0.0006973687230126221
2.03,ground,0,-0.8300000000000001,0.0006653868262140189
2.03,ground,0,-0.8274999999999999,0.00059649945527264
2.03,ground,0,-0.825,0.0005495291684589241
2.03,ground,0,-0.8225,0.0005130160459812929
2.03,ground,0,-0.8200000000000001,0.0004925743431389941
2.03,ground,0,-0.8174999999999999,0.0005086126630370688
2.03,ground,0,-0.815,0.0005469896708048097
2.03,ground,0,-0.8125,0.0006031600152458604
2.03,ground,0,-0.81,0.0007085342483964545
2.03,ground,0,-0.8074999999999999,0.0008400811850244842
2.03,ground,0,-0.8049999999999999,0.0009039693456670706
2.03,ground,0,-0.8025,0.0008956757749844659
2.03,ground,0,-0.8,0.0009024689797779374
2.03,ground,0,-0.7974999999999999,0.0009382742794439315
2.03,ground,0,-0.7949999999999999,0.0010026215106745616
2.03,ground,0,-0.7925,0.001140946921952724
2.03,ground,0,-0.79,0.001309392381940029
2.03,ground,0,-0.7874999999999999,0.0014356059212848903
2.03,ground,0,-0.7849999999999999,0.001601139663607294
2.03,ground,0,-0.7825,0.001932272928152131
2.03,ground,0,-0.78,0.002381831271104657
2.03,ground,0,-0.7775000000000001,0.002889515879275451
2.03,ground,0,-0.7749999999999999,0.0036212141118962186
2.03,ground,0,-0.7725,0.004631036757377724
2.03,ground,0,-0.77,0.0057937932393238595
2.03,ground,0,-0.7675000000000001,0.007215177496206948
2.03,ground,0,-0.7649999999999999,0.008449789129802057
2.03,ground,0,-0.7625,0.008371416294827681
2.03,ground,0,-0.76,0.007092786701662161
2.03,ground,0,-0.7575000000000001,0.005739727534257101
2.03,ground,0,-0.7549999999999999,0.004615833132708317
2.03,ground,0,-0.7525,0.0036372547376612185
2.03,ground,0,-0.75,0.0029476266169284455
2.03,ground,0,-0.7475,0.0024504835751240185
2.03,ground,0,-0.7449999999999999,0.0020004509709958605
2.03,ground,0,-0.7424999999999999,0.0016877575232745446
2.03,ground,0,-0.74,0.0015386920918453299
2.03,ground,0,-0.7375,0.0014080492432356829
2.03,ground,0,-0.7349999999999999,0.0012334746123336608
2.03,ground,0,-0.7324999999999999,0.0011052005445670078
2.03,ground,0,-0.73,0.00105359765068535
2.03,ground,0,-0.7275,0.0010281893244735362
2.03,ground,0,-0.7249999999999999,0.00103891595521999
2.03,ground,0,-0.7224999999999999,0.0010535143172790797
2.03,ground,0,-0.72,0.0009704489523610389
2.03,ground,0,-0.7175,0.0008177892923279009
2.03,ground,0,-0.7150000000000001,0.0007044669973950423
2.03,ground,0,-0.7124999999999999,0.0006428528480295976
2.03,ground,0,-0.71,0.000598935037718921
2.03,ground,0,-0.7075,0.00058564905626094
2.03,ground,0,-0.7050000000000001,0.000614268811201566
2.03,ground,0,-0.7024999999999999,0.0006579491169608929
2.03,ground,0,-0.7,0.0007180852679423474
2.03,ground,0,-0.6975,0.000802603383547822
2.03,ground,0,-0.6950000000000001,0.0008304494160104147
2.03,ground,0,-0.6924999999999999,0.0007433430912727958
2.03,ground,0,-0.69,0.0006200179808109285
2.03,ground,0,-0.6875,0.0005281657357116117
2.03,ground,0,-0.685,0.00045707770135646635
2.03,ground,0,-0.6824999999999999,0.0004118550714567188
2.03,ground,0,-0.6799999999999999,0.00039650321844352134
2.03,ground,0,-0.6775,0.00038197220369644985
2.03,ground,0,-0.675,0.00036419282057589423
2.03,ground,0,-0.6724999999999999,0.0003722254360739195
2.03,ground,0,-0.6699999999999999,0.00040893479338381455
2.03,ground,0,-0.6675,0.0004470538932299183
2.03,ground,0,-0.665,0.0004913717815175452
2.03,ground,0,-0.6624999999999999,0.0005704414793504674
2.03,ground,0,-0.6599999999999999,0.0006723034742748095
2.03,ground,0,-0.6575,0.0007906226490780139
2.03,ground,0,-0.655,0.000930925289696326
2.03,ground,0,-0.6525000000000001,0.0009963518717806172
2.03,ground,0,-0.6499999999999999,0.000902540564338856
2.03,ground,0,-0.6475,0.0007410638930933036
2.03,ground,0,-0.645,0.0006098691587302163
2.03,ground,0,-0.6425000000000001,0.0005016735354944453
2.03,ground,0,-0.6399999999999999,0.0004163782215843412
2.03,ground,0,-0.6375,0.00036606927748334707
2.03,ground,0,-0.635,0.0003310198157763995
2.03,ground,0,-0.6325000000000001,0.0003037040569035704
2.03,ground,0,-0.6299999999999999,0.0002996722603324607
2.03,ground,0,-0.6275,0.000310496757019802
2.03,ground,0,-0.625,0.0003047618022587838
2.03,ground,0,-0.6225,0.0002817853677688821
2.03,ground,0,-0.6199999999999999,0.0002679894499402989
2.03,ground,0,-0.6174999999999999,0.0002657989904533997
2.03,ground,0,-0.615,0.00027013161049017117
2.03,ground,0,-0.6125,0.00028966744841895503
2.03,ground,0,-0.6099999999999999,0.0003105081280755364
2.03,ground,0,-0.6074999999999999,0.00031172559479680046
2.03,ground,0,-0.605,0.00031106888818649913
2.03,ground,0,-0.6025,0.00033593024647663486
2.03,ground,0,-0.5999999999999999,0.0003792502156643972
2.03,ground,0,-0.5974999999999999,0.0004287235774754452
2.03,ground,0,-0.595,0.000505567281423654
2.03,ground,0,-0.5925,0.0006191625560962815
2.03,ground,0,-0.5900000000000001,0.0007504081829218609
2.03,ground,0,-0.5874999999999999,0.0009137356714252378
2.03,ground,0,-0.585,0.0010727576189396458
2.03,ground,0,-0.5825,0.001086661180902375
2.03,ground,0,-0.5800000000000001,0.0009412454611060959
2.03,ground,0,-0.5774999999999999,0.0007756439348194366
2.03,ground,0,-0.575,0.0006423767273898251
2.03,ground,0,-0.5725,0.0005268721116903339
2.03,ground,0,-0.5700000000000001,0.0004474828368448932
2.03,ground,0,-0.5674999999999999,0.00039573089647883036
2.03,ground,0,-0.565,0.00034568493192110573
2.03,ground,0,-0.5625,0.0003100089419123793
2.03,ground,0,-0.56,0.0003035618929945499
2.03,ground,0,-0.5574999999999999,0.0003066767295823026
2.03,ground,0,-0.5549999999999999,0.0003021523763288462
2.03,ground,0,-0.5525,0.00030700898215706835
2.03,ground,0,-0.55,0.0003344218441426528
2.03,ground,0,-0.5474999999999999,0.00037362910109834307
2.03,ground,0,-0.5449999999999999,0.0004295817710635798
2.03,ground,0,-0.5425,0.0004938146866556674
2.03,ground,0,-0.54,0.0005089668739555749
2.03,ground,0,-0.5374999999999999,0.00046272383888861695
2.03,ground,0,-0.5349999999999999,0.0004125526170864274
2.03,ground,0,-0.5325,0.00038194800350425885
2.03,ground,0,-0.53,0.00035790778409094004
2.03,ground,0,-0.5275000000000001,0.0003504367080730887
2.03,ground,0,-0.5249999999999999,0.000368671056831983
2.03,ground,0,-0.5225,0.0003990074393436857
2.03,ground,0,-0.52,0.0004456029476879517
2.03,ground,0,-0.5175000000000001,0.0005259347797399125
2.03,ground,0,-0.5149999999999999,0.0006017031095573302
2.03,ground,0,-0.5125,0.0006137434032854034
2.03,ground,0,-0.51,0.0005899073698474695
2.03,ground,0,-0.5075000000000001,0.0005852147315003542
2.03,ground,0,-0.5049999999999999,0.0005954976506665574
2.03,ground,0,-0.5025,0.0006310282751994838
2.03,ground,0,-0.5,0.0007114965483509867
2.03,ground,0,-0.49750000000000005,0.0007937162497306944
2.03,ground,0,-0.4949999999999999,0.0008549104144536183
2.03,ground,0,-0.49249999999999994,0.0009642912726919844
2.03,ground,0,-0.49,0.001170915753960673
2.03,ground,0,-0.48750000000000004,0.0014232159147085771
2.03,ground,0,-0.4849999999999999,0.0017203186533788421
2.03,ground,0,-0.48249999999999993,0.0021671993077834596
2.03,ground,0,-0.48,0.0027449749916114013
2.03,ground,0,-0.47750000000000004,0.003413118040841619
2.03,ground,0,-0.47499999999999987,0.004215975949048686
2.03,ground,0,-0.4724999999999999,0.0047432195943065344
2.03,ground,0,-0.47,0.004463393310376733
2.03,ground,0,-0.4675,0.003697017687776454
2.03,ground,0,-0.46499999999999986,0.0029997736256723497
2.03,ground,0,-0.4624999999999999,0.0024063504643789717
2.03,ground,0,-0.45999999999999996,0.0019106151705811172
2.03,ground,0,-0.4575,0.0015786378313675442
2.03,ground,0,-0.45500000000000007,0.0013203732779436908
2.03,ground,0,-0.4524999999999999,0.001092043666390625
2.03,ground,0,-0.44999999999999996,0.0009564344498709067
2.03,ground,0,-0.4475,0.0008951695320567987
2.03,ground,0,-0.44500000000000006,0.0008194609301060859
2.03,ground,0,-0.4424999999999999,0.0007227419167362615
2.03,ground,0,-0.43999999999999995,0.0006643983031851059
2.03,ground,0,-0.4375,0.000643552042586911
2.03,ground,0,-0.43500000000000005,0.0006366460752621803
2.03,ground,0,-0.4324999999999999,0.0006555542295367446
2.03,ground,0,-0.42999999999999994,0.0006624274278368838
2.03,ground,0,-0.4275,0.0006048274395836638
2.03,ground,0,-0.42500000000000004,0.0005241634073832975
2.03,ground,0,-0.4224999999999999,0.00047979256642809956
2.03,ground,0,-0.41999999999999993,0.00046319891598824576
2.03,ground,0,-0.4175,0.0004568697408572779
2.03,ground,0,-0.41500000000000004,0.00047865835361096806
2.03,ground,0,-0.41249999999999987,0.0005323165924808446
2.03,ground,0,-0.4099999999999999,0.0005978085271104177
2.03,ground,0,-0.4075,0.0006867333260401067
2.03,ground,0,-0.405,0.000786921701445172
2.03,ground,0,-0.40249999999999986,0.0008031514102665457
2.03,ground,0,-0.3999999999999999,0.000708736188316066
2.03,ground,0,-0.39749999999999996,0.0005970165964192235
2.03,ground,0,-0.395,0.00051278299538626
2.03,ground,0,-0.39250000000000007,0.0004432474009289868
2.03,ground,0,-0.3899999999999999,0.00040137171566502
2.03,ground,0,-0.38749999999999996,0.0003827999939279033
2.03,ground,0,-0.385,0.00036066734952992774
2.03,ground,0,-0.38250000000000006,0.00034371185680170247
2.03,ground,0,-0.3799999999999999,0.0003567547597125225
2.03,ground,0,-0.37749999999999995,0.0003887777339323293
2.03,ground,0,-0.375,0.00041638194917720933
2.03,ground,0,-0.37250000000000005,0.0004562428369959541
2.03,ground,0,-0.3699999999999999,0.00052994583500436
2.03,ground,0,-0.36749999999999994,0.0006224057919779259
2.03,ground,0,-0.365,0.000739290327184895
2.03,ground,0,-0.36250000000000004,0.0008713951072090113
2.03,ground,0,-0.3599999999999999,0.0009141654803828909
2.03,ground,0,-0.35749999999999993,0.0008248268494737308
2.03,ground,0,-0.355,0.0007060139452551397
2.03,ground,0,-0.35250000000000004,0.0006183001072749374
2.03,ground,0,-0.34999999999999987,0.0005440934824312455
2.03,ground,0,-0.3474999999999999,0.0004950668232151345
2.03,ground,0,-0.345,0.0004825934991591822
2.03,ground,0,-0.3425,0.00048453483667341903
2.03,ground,0,-0.33999999999999986,0.0005029524924748622
2.03,ground,0,-0.3374999999999999,0.0005623779504940017
2.03,ground,0,-0.33499999999999996,0.0006323844187313808
2.03,ground,0,-0.3325,0.0006496908464267877
2.03,ground,0,-0.33000000000000007,0.0006306395792560952
2.03,ground,0,-0.3274999999999999,0.0006327704812819346
2.03,ground,0,-0.32499999999999996,0.0006540957246940627
2.03,ground,0,-0.3225,0.0006989952286986023
2.03,ground,0,-0.32000000000000006,0.0007919541008581551
2.03,ground,0,-0.3174999999999999,0.000887953282097383
2.03,ground,0,-0.31499999999999995,0.0009489469072826659
2.03,ground,0,-0.3125,0.0010457325442029494
2.03,ground,0,-0.31000000000000005,0.0012482521772423111
2.03,ground,0,-0.3074999999999999,0.0015128735731022018
2.03,ground,0,-0.30499999999999994,0.00182348834302607
2.03,ground,0,-0.3025,0.002291843692268351
2.03,ground,0,-0.30000000000000004,0.0029234106626342183
2.03,ground,0,-0.2974999999999999,0.003659839703903764
2.03,ground,0,-0.29499999999999993,0.004570760752019222
2.03,ground,0,-0.2925,0.005291177818071365
2.03,ground,0,-0.29000000000000004,0.005151777792347577
2.03,ground,0,-0.28749999999999987,0.004357317215896251
2.03,ground,0,-0.2849999999999999,0.0035764551938788623
2.03,ground,0,-0.2825,0.002915181614521638
2.03,ground,0,-0.28,0.0023446904511498783
2.03,ground,0,-0.27749999999999986,0.001958717833081855
2.03,ground,0,-0.2749999999999999,0.0016693158032571782
2.03,ground,0,-0.27249999999999996,0.001401092698587692
2.03,ground,0,-0.27,0.0012327967194667748
2.03,ground,0,-0.26750000000000007,0.0011706718486074862
2.03,ground,0,-0.2649999999999999,0.0011061770474732218
2.03,ground,0,-0.26249999999999996,0.001010193996441338
2.03,ground,0,-0.26,0.0009603088742153329
2.03,ground,0,-0.25750000000000006,0.0009694661466380757
2.03,ground,0,-0.2549999999999999,0.001000893169667234
2.03,ground,0,-0.25249999999999995,0.0010732135734505676
2.03,ground,0,-0.25,0.0011345964823611966
2.03,ground,0,-0.24750000000000005,0.0010737605381851564
2.03,ground,0,-0.24499999999999988,0.000935150624274745
2.03,ground,0,-0.24249999999999994,0.0008372228244551341
2.03,ground,0,-0.24,0.000785022793737432
2.03,ground,0,-0.23750000000000004,0.0007488955008460933
2.03,ground,0,-0.23499999999999988,0.0007558465917664093
2.03,ground,0,-0.23249999999999993,0.0008135942216322229
2.03,ground,0,-0.22999999999999998,0.0008904692008702508
2.03,ground,0,-0.22750000000000004,0.0010049384253975103
2.03,ground,0,-0.22499999999999987,0.0011632978883553337
2.03,ground,0,-0.22249999999999992,0.0012404594228181522
2.03,ground,0,-0.21999999999999997,0.001161825763751703
2.03,ground,0,-0.21750000000000003,0.001044472022909872
2.03,ground,0,-0.21499999999999986,0.000970920286011888
2.03,ground,0,-0.2124999999999999,0.000921459814748857
2.03,ground,0,-0.20999999999999996,0.0009227640061450154
2.03,ground,0,-0.20750000000000002,0.0009790425460609181
2.03,ground,0,-0.20500000000000007,0.0010215992895930464
2.03,ground,0,-0.2024999999999999,0.001057153794249651
2.03,ground,0,-0.19999999999999996,0.0011788245877591714
2.03,ground,0,-0.1975,0.0013978374619086058
2.03,ground,0,-0.19500000000000006,0.0016415921500474234
2.03,ground,0,-0.1924999999999999,0.0019562176003549417
2.03,ground,0,-0.18999999999999995,0.0024469618332108433
2.03,ground,0,-0.1875,0.0030594657001120408
2.03,ground,0,-0.18500000000000005,0.0038044104803273216
2.03,ground,0,-0.18249999999999988,0.0046653397413366805
2.03,ground,0,-0.17999999999999994,0.005073217212874731
2.03,ground,0,-0.1775,0.004639727387626154
2.03,ground,0,-0.17500000000000004,0.0038838641227788126
2.03,ground,0,-0.17249999999999988,0.0032509892066438354
2.03,ground,0,-0.16999999999999993,0.0026902660112421927
2.03,ground,0,-0.16749999999999998,0.00225117643323786
2.03,ground,0,-0.16500000000000004,0.0019825731251065736
2.03,ground,0,-0.16249999999999987,0.001764406230423667
2.03,ground,0,-0.15999999999999992,0.001592063217364267
2.03,ground,0,-0.15749999999999997,0.001553221747018545
2.03,ground,0,-0.15500000000000003,0.0015792551154135003
2.03,ground,0,-0.15249999999999986,0.0015245981610684022
2.03,ground,0,-0.1499999999999999,0.001421191791243218
2.03,ground,0,-0.14749999999999996,0.001387470958142059
2.03,ground,0,-0.14500000000000002,0.0014071321190057822
2.03,ground,0,-0.14250000000000007,0.0014666060904856668
2.03,ground,0,-0.1399999999999999,0.0016015121371517594
2.03,ground,0,-0.13749999999999996,0.0017012528811418608
2.03,ground,0,-0.135,0.0016710488534420797
2.03,ground,0,-0.13250000000000006,0.0016431333680605323
2.03,ground,0,-0.1299999999999999,0.001749257523347728
2.03,ground,0,-0.12749999999999995,0.0019357310789997117
2.03,ground,0,-0.125,0.0021717447114031146
2.03,ground,0,-0.12250000000000005,0.0025782215175832414
2.03,ground,0,-0.11999999999999988,0.0031707808887777773
2.03,ground,0,-0.11749999999999994,0.0038809234636598047
2.03,ground,0,-0.11499999999999999,0.004817985593281704
2.03,ground,0,-0.11250000000000004,0.005720527558850621
2.03,ground,0,-0.10999999999999988,0.005839697975015464
2.03,ground,0,-0.10749999999999993,0.005191597332566495
2.03,ground,0,-0.10499999999999998,0.004487636380074848
2.03,ground,0,-0.10250000000000004,0.003912310130333839
2.03,ground,0,-0.09999999999999987,0.00340595815483827
2.03,ground,0,-0.09749999999999992,0.003108438375643158
2.03,ground,0,-0.09499999999999997,0.0029303493155431967
2.03,ground,0,-0.09250000000000003,0.0027162852099924598
2.03,ground,0,-0.08999999999999986,0.002612844333143123
2.03,ground,0,-0.08749999999999991,0.002744746316509339
2.03,ground,0,-0.08499999999999996,0.0029459086199109916
2.03,ground,0,-0.08250000000000002,0.0031039003838013723
2.03,ground,0,-0.08000000000000007,0.00341820870537833
2.03,ground,0,-0.0774999999999999,0.003999288907471038
2.03,ground,0,-0.07499999999999996,0.004748198646597268
2.03,ground,0,-0.07250000000000001,0.005774847232090849
2.03,ground,0,-0.07000000000000006,0.006859656733006171
2.03,ground,0,-0.0674999999999999,0.007150518433845452
2.03,ground,0,-0.06499999999999995,0.006585903584993636
2.03,ground,0,-0.0625,0.005996611372964955
2.03,ground,0,-0.06000000000000005,0.005624356444382496
2.03,ground,0,-0.057499999999999885,0.0053242257041665126
2.03,ground,0,-0.05499999999999994,0.005311689587127747
2.03,ground,0,-0.05249999999999999,0.005668841538881443
2.03,ground,0,-0.050000000000000044,0.0061950567580871
2.03,ground,0,-0.047499999999999876,0.007053536131268619
2.03,ground,0,-0.04499999999999993,0.0084842567693769
2.03,ground,0,-0.04249999999999998,0.009766026368319318
2.03,ground,0,-0.040000000000000036,0.010050510864326264
2.03,ground,0,-0.03749999999999987,0.00992964537636914
2.03,ground,0,-0.03499999999999992,0.010168458156086607
2.03,ground,0,-0.03249999999999997,0.010636027397296998
2.03,ground,0,-0.030000000000000027,0.01164865405063959
2.03,ground,0,-0.027499999999999858,0.013445777437282272
2.03,ground,0,-0.02499999999999991,0.01512757308442098
2.03,ground,0,-0.022499999999999964,0.01650088504191388
2.03,ground,0,-0.020000000000000018,0.01902633220172989
2.03,ground,0,-0.01749999999999985,0.023401545821274815
2.03,ground,0,-0.014999999999999902,0.02853575452509218
2.03,ground,0,-0.012499999999999956,0.03482089740369226
2.03,ground,0,-0.010000000000000009,0.04421888230310728
2.03,ground,0,-0.007500000000000062,0.055875277111247644
2.03,ground,0,-0.004999999999999893,0.06941645185754414
2.03,ground,0,-0.0024999999999999467,0.08506506196899333
2.03,ground,0,0.0,0.09315848635210251
2.03,ground,0,0.0024999999999999467,0.08506506196899333
2.03,ground,0,0.004999999999999893,0.06941645185754414
2.03,ground,0,0.00749999999999984,0.05587527711124872
2.03,ground,0,0.010000000000000231,0.04421888230310634
2.03,ground,0,0.012500000000000178,0.03482089740369158
2.03,ground,0,0.015000000000000124,0.028535754525091706
2.03,ground,0,0.01750000000000007,0.023401545821274367
2.03,ground,0,0.020000000000000018,0.01902633220172989
2.03,ground,0,0.022499999999999964,0.01650088504191388
2.03,ground,0,0.02499999999999991,0.01512757308442098
2.03,ground,0,0.027499999999999858,0.013445777437282272
2.03,ground,0,0.03000000000000025,0.011648654050639456
2.03,ground,0,0.032500000000000195,0.010636027397296952
2.03,ground,0,0.03500000000000014,0.01016845815608657
2.03,ground,0,0.03750000000000009,0.00992964537636912
2.03,ground,0,0.040000000000000036,0.010050510864326264
2.03,ground,0,0.04249999999999998,0.009766026368319318
2.03,ground,0,0.04499999999999993,0.0084842567693769
2.03,ground,0,0.047499999999999876,0.007053536131268619
2.03,ground,0,0.04999999999999982,0.006195056758087166
2.03,ground,0,0.05250000000000021,0.005668841538881402
2.03,ground,0,0.05500000000000016,0.0053116895871277315
2.03,ground,0,0.05750000000000011,0.005324225704166535
2.03,ground,0,0.06000000000000005,0.005624356444382496
2.03,ground,0,0.0625,0.005996611372964955
2.03,ground,0,0.06499999999999995,0.006585903584993636
2.03,ground,0,0.0674999999999999,0.007150518433845452
2.03,ground,0,0.06999999999999984,0.006859656733006218
2.03,ground,0,0.07250000000000023,0.005774847232090748
2.03,ground,0,0.07500000000000018,0.0047481986465971624
2.03,ground,0,0.07750000000000012,0.003999288907470978
2.03,ground,0,0.08000000000000007,0.00341820870537833
2.03,ground,0,0.08250000000000002,0.0031039003838013723
2.03,ground,0,0.08499999999999996,0.0029459086199109916
2.03,ground,0,0.08749999999999991,0.002744746316509339
2.03,ground,0,0.08999999999999986,0.002612844333143123
2.03,ground,0,0.09250000000000025,0.0027162852099924762
2.03,ground,0,0.0950000000000002,0.0029303493155432192
2.03,ground,0,0.09750000000000014,0.003108438375643204
2.03,ground,0,0.10000000000000009,0.0034059581548383177
2.03,ground,0,0.10250000000000004,0.003912310130333839
2.03,ground,0,0.10499999999999998,0.004487636380074848
2.03,ground,0,0.10749999999999993,0.005191597332566495
2.03,ground,0,0.10999999999999988,0.005839697975015464
2.03,ground,0,0.11249999999999982,0.005720527558850604
2.03,ground,0,0.11500000000000021,0.004817985593281597
2.03,ground,0,0.11750000000000016,0.0038809234636598545
2.03,ground,0,0.1200000000000001,0.0031707808887777283
2.03,ground,0,0.12250000000000005,0.0025782215175832414
2.03,ground,0,0.125,0.0021717447114031146
2.03,ground,0,0.12749999999999995,0.0019357310789997117
2.03,ground,0,0.1299999999999999,0.001749257523347728
2.03,ground,0,0.13249999999999984,0.0016431333680604469
2.03,ground,0,0.13500000000000023,0.0016710488534420749
2.03,ground,0,0.13750000000000018,0.0017012528811418822
2.03,ground,0,0.14000000000000012,0.0016015121371517128
2.03,ground,0,0.14250000000000007,0.0014666060904856668
2.03,ground,0,0.14500000000000002,0.0014071321190057822
2.03,ground,0,0.14749999999999996,0.001387470958142059
2.03,ground,0,0.1499999999999999,0.001421191791243218
2.03,ground,0,0.15249999999999986,0.0015245981610684022
2.03,ground,0,0.15500000000000025,0.0015792551154134708
2.03,ground,0,0.1575000000000002,0.0015532217470185289
2.03,ground,0,0.16000000000000014,0.001592063217364266
2.03,ground,0,0.1625000000000001,0.001764406230423695
2.03,ground,0,0.16500000000000004,0.0019825731251065736
2.03,ground,0,0.16749999999999998,0.00225117643323786
2.03,ground,0,0.16999999999999993,0.0026902660112421927
2.03,ground,0,0.17249999999999988,0.0032509892066438354
2.03,ground,0,0.17500000000000027,0.003883864122778877
2.03,ground,0,0.1775000000000002,0.004639727387626187
2.03,ground,0,0.18000000000000016,0.00507321721287479
2.03,ground,0,0.1825000000000001,0.004665339741336647
2.03,ground,0,0.18500000000000005,0.0038044104803273216
2.03,ground,0,0.1875,0.0030594657001120408
2.03,ground,0,0.18999999999999995,0.0024469618332108433
2.03,ground,0,0.1924999999999999,0.0019562176003549417
2.03,ground,0,0.19499999999999984,0.0016415921500474151
2.03,ground,0,0.19750000000000023,0.0013978374619085887
2.03,ground,0,0.20000000000000018,0.0011788245877591306
2.03,ground,0,0.20250000000000012,0.001057153794249606
2.03,ground,0,0.20500000000000007,0.0010215992895930464
2.03,ground,0,0.20750000000000002,0.0009790425460609181
2.03,ground,0,0.20999999999999996,0.0009227640061450154
2.03,ground,0,0.2124999999999999,0.000921459814748857
2.03,ground,0,0.21499999999999986,0.000970920286011888
2.03,ground,0,0.21750000000000025,0.0010444720229098768
2.03,ground,0,0.2200000000000002,0.0011618257637516505
2.03,ground,0,0.22250000000000014,0.0012404594228181806
2.03,ground,0,0.2250000000000001,0.0011632978883553578
2.03,ground,0,0.22750000000000004,0.0010049384253975103
2.03,ground,0,0.22999999999999998,0.0008904692008702508
2.03,ground,0,0.23249999999999993,0.0008135942216322229
2.03,ground,0,0.23499999999999988,0.0007558465917664093
2.03,ground,0,0.23750000000000027,0.0007488955008460765
2.03,ground,0,0.2400000000000002,0.0007850227937374352
2.03,ground,0,0.24250000000000016,0.0008372228244551309
2.03,ground,0,0.2450000000000001,0.0009351506242747499
2.03,ground,0,0.24750000000000005,0.0010737605381851564
2.03,ground,0,0.25,0.0011345964823611966
2.03,ground,0,0.25249999999999995,0.0010732135734505676
2.03,ground,0,0.2549999999999999,0.001000893169667234
2.03,ground,0,0.25749999999999984,0.0009694661466380935
2.03,ground,0,0.26000000000000023,0.0009603088742153712
2.03,ground,0,0.2625000000000002,0.0010101939964413103
2.03,ground,0,0.2650000000000001,0.0011061770474732522
2.03,ground,0,0.26750000000000007,0.0011706718486074862
2.03,ground,0,0.27,0.0012327967194667748
2.03,ground,0,0.27249999999999996,0.001401092698587692
2.03,ground,0,0.2749999999999999,0.0016693158032571782
2.03,ground,0,0.27749999999999986,0.001958717833081855
2.03,ground,0,0.28000000000000025,0.002344690451149914
2.03,ground,0,0.2825000000000002,0.002915181614521632
2.03,ground,0,0.28500000000000014,0.003576455193878943
2.03,ground,0,0.2875000000000001,0.004357317215896366
2.03,ground,0,0.29000000000000004,0.005151777792347577
2.03,ground,0,0.2925,0.005291177818071365
2.03,ground,0,0.29499999999999993,0.004570760752019222
2.03,ground,0,0.2974999999999999,0.003659839703903764
2.03,ground,0,0.30000000000000027,0.0029234106626341316
2.03,ground,0,0.3025000000000002,0.0022918436922682883
2.03,ground,0,0.30500000000000016,0.0018234883430260239
2.03,ground,0,0.3075000000000001,0.0015128735731021973
2.03,ground,0,0.31000000000000005,0.0012482521772423111
2.03,ground,0,0.3125,0.0010457325442029494
2.03,ground,0,0.31499999999999995,0.0009489469072826659
2.03,ground,0,0.3174999999999999,0.000887953282097383
2.03,ground,0,0.31999999999999984,0.0007919541008581247
2.03,ground,0,0.32250000000000023,0.000698995228698605
2.03,ground,0,0.3250000000000002,0.0006540957246940577
2.03,ground,0,0.3275000000000001,0.000632770481281954
2.03,ground,0,0.33000000000000007,0.0006306395792560952
2.03,ground,0,0.3325,0.0006496908464267877
2.03,ground,0,0.33499999999999996,0.0006323844187313808
2.03,ground,0,0.3374999999999999,0.0005623779504940017
2.03,ground,0,0.33999999999999986,0.0005029524924748622
2.03,ground,0,0.34250000000000025,0.0004845348366734238
2.03,ground,0,0.3450000000000002,0.0004825934991591183
2.03,ground,0,0.34750000000000014,0.0004950668232151669
2.03,ground,0,0.3500000000000001,0.0005440934824312627
2.03,ground,0,0.35250000000000004,0.0006183001072749374
2.03,ground,0,0.355,0.0007060139452551397
2.03,ground,0,0.35749999999999993,0.0008248268494737308
2.03,ground,0,0.3599999999999999,0.0009141654803828909
2.03,ground,0,0.36250000000000027,0.0008713951072089418
2.03,ground,0,0.3650000000000002,0.0007392903271849239
2.03,ground,0,0.36750000000000016,0.0006224057919779206
2.03,ground,0,0.3700000000000001,0.0005299458350043159
2.03,ground,0,0.37250000000000005,0.0004562428369959541
2.03,ground,0,0.375,0.00041638194917720933
2.03,ground,0,0.37749999999999995,0.0003887777339323293
2.03,ground,0,0.3799999999999999,0.0003567547597125225
2.03,ground,0,0.38249999999999984,0.0003437118568017
2.03,ground,0,0.38500000000000023,0.0003606673495299308
2.03,ground,0,0.3875000000000002,0.00038279999392795287
2.03,ground,0,0.3900000000000001,0.0004013717156649814
2.03,ground,0,0.39250000000000007,0.0004432474009289868
2.03,ground,0,0.395,0.00051278299538626
2.03,ground,0,0.39749999999999996,0.0005970165964192235
2.03,ground,0,0.3999999999999999,0.000708736188316066
2.03,ground,0,0.40249999999999986,0.0008031514102665457
2.03,ground,0,0.40500000000000025,0.0007869217014451075
2.03,ground,0,0.4075000000000002,0.0006867333260401016
2.03,ground,0,0.41000000000000014,0.0005978085271104343
2.03,ground,0,0.4125000000000001,0.0005323165924809569
2.03,ground,0,0.41500000000000004,0.00047865835361096806
2.03,ground,0,0.4175,0.0004568697408572779
2.03,ground,0,0.41999999999999993,0.00046319891598824576
2.03,ground,0,0.4224999999999999,0.00047979256642809956
2.03,ground,0,0.42500000000000027,0.0005241634073832743
2.03,ground,0,0.4275000000000002,0.0006048274395836879
2.03,ground,0,0.43000000000000016,0.0006624274278369182
2.03,ground,0,0.4325000000000001,0.0006555542295366949
2.03,ground,0,0.43500000000000005,0.0006366460752621803
2.03,ground,0,0.4375,0.000643552042586911
2.03,ground,0,0.43999999999999995,0.0006643983031851059
2.03,ground,0,0.4424999999999999,0.0007227419167362615
2.03,ground,0,0.44499999999999984,0.0008194609301059184
2.03,ground,0,0.44750000000000023,0.0008951695320568705
2.03,ground,0,0.4500000000000002,0.0009564344498708618
2.03,ground,0,0.4525000000000001,0.001092043666390624
2.03,ground,0,0.45500000000000007,0.0013203732779436908
2.03,ground,0,0.4575,0.0015786378313675442
2.03,ground,0,0.45999999999999996,0.0019106151705811172
2.03,ground,0,0.4624999999999999,0.0024063504643789717
2.03,ground,0,0.46499999999999986,0.0029997736256723497
2.03,ground,0,0.46750000000000025,0.0036970176877764915
2.03,ground,0,0.4700000000000002,0.004463393310376728
2.03,ground,0,0.47250000000000014,0.00474321959430644
2.03,ground,0,0.4750000000000001,0.00421597594904872
2.03,ground,0,0.47750000000000004,0.003413118040841619
2.03,ground,0,0.48,0.0027449749916114013
2.03,ground,0,0.48249999999999993,0.0021671993077834596
2.03,ground,0,0.4849999999999999,0.0017203186533788421
2.03,ground,0,0.48750000000000027,0.001423215914708554
2.03,ground,0,0.4900000000000002,0.0011709157539607515
2.03,ground,0,0.49250000000000016,0.0009642912726921968
2.03,ground,0,0.4950000000000001,0.0008549104144535728
2.03,ground,0,0.49750000000000005,0.0007937162497306944
2.03,ground,0,0.5,0.0007114965483509867
2.03,ground,0,0.5025,0.0006310282751994838
2.03,ground,0,0.5049999999999999,0.0005954976506665574
2.03,ground,0,0.5074999999999998,0.0005852147315001894
2.03,ground,0,0.5100000000000002,0.0005899073698474296
2.03,ground,0,0.5125000000000002,0.0006137434032854707
2.03,ground,0,0.5150000000000001,0.0006017031095573585
2.03,ground,0,0.5175000000000001,0.0005259347797399125
2.03,ground,0,0.52,0.0004456029476879517
2.03,ground,0,0.5225,0.0003990074393436857
2.03,ground,0,0.5249999999999999,0.000368671056831983
2.03,ground,0,0.5274999999999999,0.000350436708073115
2.03,ground,0,0.5300000000000002,0.00035790778409092915
2.03,ground,0,0.5325000000000002,0.00038194800350422947
2.03,ground,0,0.5350000000000001,0.00041255261708635484
2.03,ground,0,0.5375000000000001,0.00046272383888862855
2.03,ground,0,0.54,0.0005089668739555749
2.03,ground,0,0.5425,0.0004938146866556674
2.03,ground,0,0.5449999999999999,0.0004295817710635798
2.03,ground,0,0.5474999999999999,0.00037362910109834307
2.03,ground,0,0.5500000000000003,0.00033442184414266506
2.03,ground,0,0.5525000000000002,0.00030700898215708694
2.03,ground,0,0.5550000000000002,0.0003021523763288631
2.03,ground,0,0.5575000000000001,0.00030667672958219487
2.03,ground,0,0.56,0.0003035618929945499
2.03,ground,0,0.5625,0.0003100089419123793
2.03,ground,0,0.565,0.00034568493192110573
2.03,ground,0,0.5674999999999999,0.00039573089647883036
2.03,ground,0,0.5699999999999998,0.00044748283684484355
2.03,ground,0,0.5725000000000002,0.0005268721116903308
2.03,ground,0,0.5750000000000002,0.0006423767273897431
2.03,ground,0,0.5775000000000001,0.00077564393481932
2.03,ground,0,0.5800000000000001,0.0009412454611060959
2.03,ground,0,0.5825,0.001086661180902375
2.03,ground,0,0.585,0.0010727576189396458
2.03,ground,0,0.5874999999999999,0.0009137356714252378
2.03,ground,0,0.5899999999999999,0.000750408182921864
2.03,ground,0,0.5925000000000002,0.0006191625560962911
2.03,ground,0,0.5950000000000002,0.0005055672814235629
2.03,ground,0,0.5975000000000001,0.0004287235774754438
2.03,ground,0,0.6000000000000001,0.00037925021566440715
2.03,ground,0,0.6025,0.00033593024647663486
2.03,ground,0,0.605,0.00031106888818649913
2.03,ground,0,0.6074999999999999,0.00031172559479680046
2.03,ground,0,0.6099999999999999,0.0003105081280755364
2.03,ground,0,0.6125000000000003,0.00028966744841894425
2.03,ground,0,0.6150000000000002,0.00027013161049016505
2.03,ground,0,0.6175000000000002,0.0002657989904534136
2.03,ground,0,0.6200000000000001,0.00026798944994028213
2.03,ground,0,0.6225,0.0002817853677688821
2.03,ground,0,0.625,0.0003047618022587838
2.03,ground,0,0.6275,0.000310496757019802
2.03,ground,0,0.6299999999999999,0.0002996722603324607
2.03,ground,0,0.6324999999999998,0.00030370405690358294
2.03,ground,0,0.6350000000000002,0.00033101981577656397
2.03,ground,0,0.6375000000000002,0.0003660692774834487
2.03,ground,0,0.6400000000000001,0.00041637822158433483
2.03,ground,0,0.6425000000000001,0.0005016735354944453
2.03,ground,0,0.645,0.0006098691587302163
2.03,ground,0,0.6475,0.0007410638930933036
2.03,ground,0,0.6499999999999999,0.000902540564338856
2.03,ground,0,0.6524999999999999,0.0009963518717806287
2.03,ground,0,0.6550000000000002,0.0009309252896963501
2.03,ground,0,0.6575000000000002,0.0007906226490780367
2.03,ground,0,0.6600000000000001,0.0006723034742748285
2.03,ground,0,0.6625000000000001,0.0005704414793504339
2.03,ground,0,0.665,0.0004913717815175452
2.03,ground,0,0.6675,0.0004470538932299183
2.03,ground,0,0.6699999999999999,0.00040893479338381455
2.03,ground,0,0.6724999999999999,0.0003722254360739195
2.03,ground,0,0.6750000000000003,0.00036419282057578847
2.03,ground,0,0.6775000000000002,0.00038197220369649116
2.03,ground,0,0.6800000000000002,0.0003965032184435321
2.03,ground,0,0.6825000000000001,0.0004118550714566801
2.03,ground,0,0.685,0.00045707770135646635
2.03,ground,0,0.6875,0.0005281657357116117
2.03,ground,0,0.69,0.0006200179808109285
2.03,ground,0,0.6924999999999999,0.0007433430912727958
2.03,ground,0,0.6949999999999998,0.0008304494160103926
2.03,ground,0,0.6975000000000002,0.0008026033835479907
2.03,ground,0,0.7000000000000002,0.0007180852679425682
2.03,ground,0,0.7025000000000001,0.0006579491169609311
2.03,ground,0,0.7050000000000001,0.000614268811201566
2.03,ground,0,0.7075,0.00058564905626094
2.03,ground,0,0.71,0.000598935037718921
2.03,ground,0,0.7124999999999999,0.0006428528480295976
2.03,ground,0,0.7149999999999999,0.0007044669973950089
2.03,ground,0,0.7175000000000002,0.0008177892923278652
2.03,ground,0,0.7200000000000002,0.0009704489523610681
2.03,ground,0,0.7225000000000001,0.0010535143172789988
2.03,ground,0,0.7250000000000001,0.0010389159552200448
2.03,ground,0,0.7275,0.0010281893244735362
2.03,ground,0,0.73,0.00105359765068535
2.03,ground,0,0.7324999999999999,0.0011052005445670078
2.03,ground,0,0.7349999999999999,0.0012334746123336608
2.03,ground,0,0.7375000000000003,0.0014080492432357056
2.03,ground,0,0.7400000000000002,0.0015386920918453676
2.03,ground,0,0.7425000000000002,0.0016877575232745084
2.03,ground,0,0.7450000000000001,0.0020004509709959334
2.03,ground,0,0.7475,0.0024504835751240185
2.03,ground,0,0.75,0.0029476266169284455
2.03,ground,0,0.7525,0.0036372547376612185
2.03,ground,0,0.7549999999999999,0.004615833132708317
2.03,ground,0,0.7574999999999998,0.005739727534256983
2.03,ground,0,0.7600000000000002,0.007092786701662287
2.03,ground,0,0.7625000000000002,0.008371416294827964
2.03,ground,0,0.7650000000000001,0.008449789129802036
2.03,ground,0,0.7675000000000001,0.007215177496206948
2.03,ground,0,0.77,0.0057937932393238595
2.03,ground,0,0.7725,0.004631036757377724
2.03,ground,0,0.7749999999999999,0.0036212141118962186
2.03,ground,0,0.7774999999999999,0.0028895158792758774
2.03,ground,0,0.7800000000000002,0.0023818312711046323
2.03,ground,0,0.7825000000000002,0.00193227292815211
2.03,ground,0,0.7850000000000001,0.0016011396636073146
2.03,ground,0,0.7875000000000001,0.0014356059212849463
2.03,ground,0,0.79,0.001309392381940029
2.03,ground,0,0.7925,0.001140946921952724
2.03,ground,0,0.7949999999999999,0.0010026215106745616
2.03,ground,0,0.7974999999999999,0.0009382742794439315
2.03,ground,0,0.8000000000000003,0.0009024689797777406
2.03,ground,0,0.8025000000000002,0.0008956757749843287
2.03,ground,0,0.8050000000000002,0.0009039693456672033
2.03,ground,0,0.8075000000000001,0.0008400811850244636
2.03,ground,0,0.81,0.0007085342483964545
2.03,ground,0,0.8125,0.0006031600152458604
2.03,ground,0,0.815,0.0005469896708048097
2.03,ground,0,0.8174999999999999,0.0005086126630370688
2.03,ground,0,0.8199999999999998,0.0004925743431390249
2.03,ground,0,0.8225000000000002,0.0005130160459813241
2.03,ground,0,0.8250000000000002,0.0005495291684589702
2.03,ground,0,0.8275000000000001,0.0005964994552726497
2.03,ground,0,0.8300000000000001,0.0006653868262140189
2.03,ground,0,0.8325,0.0006973687230126221
2.03,ground,0,0.835,0.0006308351138574426
2.03,ground,0,0.8374999999999999,0.0005207747960704652
2.03,ground,0,0.8399999999999999,0.00043457844511094536
2.03,ground,0,0.8425000000000002,0.0003682128747890454
2.03,ground,0,0.8450000000000002,0.0003210478265495002
2.03,ground,0,0.8475000000000001,0.00029929009395254314
2.03,ground,0,0.8500000000000001,0.00028234332661749895
2.03,ground,0,0.8525,0.00026225283398120466
2.03,ground,0,0.855,0.00025842799493939914
2.03,ground,0,0.8574999999999999,0.0002758706418872895
2.03,ground,0,0.8599999999999999,0.0002951884005689272
2.03,ground,0,0.8625000000000003,0.0003145387509040433
2.03,ground,0,0.8650000000000002,0.00035362957988234944
2.03,ground,0,0.8675000000000002,0.0004085022891777166
2.03,ground,0,0.8700000000000001,0.00047112208928532624
2.03,ground,0,0.8725,0.0005486031524734988
2.03,ground,0,0.875,0.0005934235558118892
2.03,ground,0,0.8775,0.0005468196542599988
2.03,ground,0,0.8799999999999999,0.0004513553010769992
2.03,ground,0,0.8824999999999998,0.00037216682314925037
2.03,ground,0,0.8850000000000002,0.0003097179254761753
2.03,ground,0,0.8875000000000002,0.00025959094678503424
2.03,ground,0,0.8900000000000001,0.0002308775135807984
2.03,ground,0,0.8925000000000001,0.00021447944678884085
2.03,ground,0,0.895,0.00020258419636292756
2.03,ground,0,0.8975,0.0002044782401003937
2.03,ground,0,0.8999999999999999,0.0002185344011760215
2.03,ground,0,0.9024999999999999,0.0002222299375879732
2.03,ground,0,0.9050000000000002,0.00020908225755759382
2.03,ground,0,0.9075000000000002,0.00019848169794335467
2.03,ground,0,0.9100000000000001,0.00019688683087037143
2.03,ground,0,0.9125000000000001,0.00019977504530476736
2.03,ground,0,0.915,0.00021410940705814704
2.03,ground,0,0.9175,0.0002344853952971748
2.03,ground,0,0.9199999999999999,0.00024355045860222841
2.03,ground,0,0.9224999999999999,0.0002493608353779201
2.03,ground,0,0.9250000000000003,0.0002752792735145468
2.03,ground,0,0.9275000000000002,0.000320213282635329
2.03,ground,0,0.9300000000000002,0.0003705703179722419
2.03,ground,0,0.9325000000000001,0.00044135776854862884
2.03,ground,0,0.935,0.000547426619655781
2.03,ground,0,0.9375,0.0006714803288146394
2.03,ground,0,0.94,0.0008210341825671668
2.03,ground,0,0.9424999999999999,0.0009765394752567809
2.03,ground,0,0.9449999999999998,0.0010107167276933746
2.03,ground,0,0.9475000000000002,0.0008826635333112442
2.03,ground,0,0.9500000000000002,0.0007173317225461131
2.03,ground,0,0.9525000000000001,0.0005828596849134859
2.03,ground,0,0.9550000000000001,0.0004661312534361481
2.03,ground,0,0.9575,0.0003801963651804104
2.03,ground,0,0.96,0.0003234933243842548
2.03,ground,0,0.9624999999999999,0.0002726708354771333
2.03,ground,0,0.9649999999999999,0.00023289084776389373
2.03,ground,0,0.9675000000000002,0.00021590693483194897
2.03,ground,0,0.9700000000000002,0.00020796807623436075
2.03,ground,0,0.9725000000000001,0.00019387915944007623
2.03,ground,0,0.9750000000000001,0.00018250074140618885
2.03,ground,0,0.9775,0.00018404157224438612
2.03,ground,0,0.98,0.00019193136328033545
2.03,ground,0,0.9824999999999999,0.00020598004555849302
2.03,ground,0,0.9849999999999999,0.00022535763022622454
2.03,ground,0,0.9875000000000003,0.00022674355090356916
2.03,ground,0,0.9900000000000002,0.00020215348520766438
2.03,ground,0,0.9925000000000002,0.00017582002201340968
2.03,ground,0,0.9950000000000001,0.0001603883135808899
2.03,ground,0,0.9975,0.0001492882743768541
2.03,ground,0,1.0,0.00014391301751412266
2.03,ground,0,1.0025,0.00014928827437685736
2.03,ground,0,1.005,0.00016038831358089578
2.03,ground,0,1.0075000000000003,0.00017582002201339098
2.03,ground,0,1.0100000000000002,0.00020215348520766685
2.03,ground,0,1.0125000000000002,0.00022674355090354428
2.03,ground,0,1.0150000000000001,0.0002253576302262047
2.03,ground,0,1.0175,0.00020598004555848472
2.03,ground,0,1.02,0.00019193136328037147
2.03,ground,0,1.0225,0.0001840415722443278
2.03,ground,0,1.025,0.0001825007414061852
2.03,ground,0,1.0274999999999999,0.00019387915944004905
2.03,ground,0,1.0300000000000002,0.00020796807623429692
2.03,ground,0,1.0325000000000002,0.0002159069348318545
2.03,ground,0,1.0350000000000001,0.00023289084776389527
2.03,ground,0,1.0375,0.0002726708354771201
2.03,ground,0,1.04,0.0003234933243843074
2.03,ground,0,1.0425,0.0003801963651804476
2.03,ground,0,1.045,0.0004661312534360948
2.03,ground,0,1.0474999999999999,0.0005828596849135946
2.03,ground,0,1.0500000000000003,0.0007173317225462551
2.03,ground,0,1.0525000000000002,0.0008826635333115871
2.03,ground,0,1.0550000000000002,0.001010716727693353
2.03,ground,0,1.0575,0.0009765394752567448
2.03,ground,0,1.06,0.0008210341825671658
2.03,ground,0,1.0625,0.0006714803288145728
2.03,ground,0,1.065,0.0005474266196558906
2.03,ground,0,1.0675,0.0004413577685485989
2.03,ground,0,1.0700000000000003,0.00037057031797217547
2.03,ground,0,1.0725000000000002,0.0003202132826354484
2.03,ground,0,1.0750000000000002,0.0002752792735145925
2.03,ground,0,1.0775000000000001,0.0002493608353779144
2.03,ground,0,1.08,0.00024355045860220795
2.03,ground,0,1.0825,0.00023448539529719408
2.03,ground,0,1.085,0.0002141094070580974
2.03,ground,0,1.0875,0.00019977504530482173
2.03,ground,0,1.0899999999999999,0.00019688683087038027
2.03,ground,0,1.0925000000000002,0.0001984816979433449
2.03,ground,0,1.0950000000000002,0.00020908225755760196
2.03,ground,0,1.0975000000000001,0.000222229937588002
2.03,ground,0,1.1,0.00021853440117601287
2.03,ground,0,1.1025,0.00020447824010048224
2.03,ground,0,1.105,0.0002025841963628989
2.03,ground,0,1.1075,0.00021447944678885285
2.03,ground,0,1.1099999999999999,0.00023087751358081133
2.03,ground,0,1.1125000000000003,0.0002595909467850421
2.03,ground,0,1.1150000000000002,0.000309717925476165
2.03,ground,0,1.1175000000000002,0.0003721668231492692
2.03,ground,0,1.12,0.00045135530107702563
2.03,ground,0,1.1225,0.0005468196542599591
2.03,ground,0,1.125,0.0005934235558119108
2.03,ground,0,1.1275,0.0005486031524735248
2.03,ground,0,1.13,0.00047112208928533263
2.03,ground,0,1.1325000000000003,0.00040850228917754843
2.03,ground,0,1.1350000000000002,0.0003536295798823468
2.03,ground,0,1.1375000000000002,0.00031453875090399524
2.03,ground,0,1.1400000000000001,0.0002951884005689497
2.03,ground,0,1.1425,0.00027587064188730345
2.03,ground,0,1.145,0.0002584279949394043
2.03,ground,0,1.1475,0.00026225283398112606
2.03,ground,0,1.15,0.00028234332661742755
2.03,ground,0,1.1524999999999999,0.0002992900939525024
2.03,ground,0,1.1550000000000002,0.0003210478265494861
2.03,ground,0,1.1575000000000002,0.0003682128747890651
2.03,ground,0,1.1600000000000001,0.00043457844511085895
2.03,ground,0,1.1625,0.0005207747960702688
2.03,ground,0,1.165,0.0006308351138574079
2.03,ground,0,1.1675,0.0006973687230125678
2.03,ground,0,1.17,0.000665386826214013
2.03,ground,0,1.1724999999999999,0.000596499455272744
2.03,ground,0,1.1750000000000003,0.0005495291684589282
2.03,ground,0,1.1775000000000002,0.0005130160459813224
2.03,ground,0,1.1800000000000002,0.0004925743431389949
2.03,ground,0,1.1825,0.0005086126630371121
2.03,ground,0,1.185,0.0005469896708048666
2.03,ground,0,1.1875,0.0006031600152459071
2.03,ground,0,1.19,0.0007085342483964395
2.03,ground,0,1.1925,0.0008400811850243606
2.03,ground,0,1.1950000000000003,0.0009039693456672288
2.03,ground,0,1.1975000000000002,0.0008956757749843845
2.03,ground,0,1.2000000000000002,0.0009024689797780343
2.03,ground,0,1.2025000000000001,0.0009382742794439575
2.03,ground,0,1.205,0.0010026215106744814
2.03,ground,0,1.2075,0.0011409469219525984
2.03,ground,0,1.21,0.0013093923819395537
2.03,ground,0,1.2125,0.001435605921285395
2.03,ground,0,1.2149999999999999,0.0016011396636074295
2.03,ground,0,1.2175000000000002,0.0019322729281522745
2.03,ground,0,1.2200000000000002,0.0023818312711045664
2.03,ground,0,1.2225000000000001,0.0028895158792756437
2.03,ground,0,1.225,0.0036212141118955755
2.03,ground,0,1.2275,0.004631036757377604
2.03,ground,0,1.23,0.005793793239323584
2.03,ground,0,1.2325,0.007215177496206451
2.03,ground,0,1.2349999999999999,0.0084497891298025
2.03,ground,0,1.2375000000000003,0.008371416294827402
2.03,ground,0,1.2400000000000002,0.007092786701662157
2.03,ground,0,1.2425000000000002,0.005739727534257081
2.03,ground,0,1.245,0.004615833132708442
2.03,ground,0,1.2475,0.0036372547376609366
2.03,ground,0,1.25,0.002947626616928906
2.03,ground,0,1.2525,0.002450483575124076
2.03,ground,0,1.255,0.0020004509709960353
2.03,ground,0,1.2575000000000003,0.0016877575232745329
2.03,ground,0,1.2600000000000002,0.0015386920918452787
2.03,ground,0,1.2625000000000002,0.0014080492432357074
2.03,ground,0,1.2650000000000001,0.0012334746123338302
2.03,ground,0,1.2675,0.0011052005445668922
2.03,ground,0,1.27,0.0010535976506855149
2.03,ground,0,1.2725,0.0010281893244735983
2.03,ground,0,1.275,0.0010389159552203074
2.03,ground,0,1.2774999999999999,0.0010535143172790368
2.03,ground,0,1.2800000000000002,0.000970448952361049
2.03,ground,0,1.2825000000000002,0.0008177892923279035
2.03,ground,0,1.2850000000000001,0.0007044669973951692
2.03,ground,0,1.2875,0.0006428528480295675
2.03,ground,0,1.29,0.0005989350377186327
2.03,ground,0,1.2925,0.0005856490562606595
2.03,ground,0,1.295,0.0006142688112016262
2.03,ground,0,1.2974999999999999,0.0006579491169610346
2.03,ground,0,1.3000000000000003,0.0007180852679423814
2.03,ground,0,1.3025000000000002,0.0008026033835480258
2.03,ground,0,1.3050000000000002,0.0008304494160103083
2.03,ground,0,1.3075,0.0007433430912727109
2.03,ground,0,1.31,0.0006200179808108417
2.03,ground,0,1.3125,0.0005281657357115934
2.03,ground,0,1.315,0.00045707770135655125
2.03,ground,0,1.3175,0.0004118550714568428
2.03,ground,0,1.3200000000000003,0.00039650321844352074
2.03,ground,0,1.3225000000000002,0.0003819722036964533
2.03,ground,0,1.3250000000000002,0.00036419282057578874
2.03,ground,0,1.3275000000000001,0.0003722254360738995
2.03,ground,0,1.33,0.00040893479338367653
2.03,ground,0,1.3325,0.00044705389322993825
2.03,ground,0,1.335,0.0004913717815175369
2.03,ground,0,1.3375,0.0005704414793505961
2.03,ground,0,1.3399999999999999,0.000672303474274746
2.03,ground,0,1.3425000000000002,0.0007906226490781033
2.03,ground,0,1.3450000000000002,0.0009309252896962598
2.03,ground,0,1.3475000000000001,0.0009963518717805379
2.03,ground,0,1.35,0.0009025405643386763
2.03,ground,0,1.3525,0.0007410638930932823
2.03,ground,0,1.355,0.0006098691587300653
2.03,ground,0,1.3575,0.000501673535494601
2.03,ground,0,1.3599999999999999,0.0004163782215843829
2.03,ground,0,1.3625000000000003,0.00036606927748349496
2.03,ground,0,1.3650000000000002,0.0003310198157765333
2.03,ground,0,1.3675000000000002,0.00030370405690358576
2.03,ground,0,1.37,0.0002996722603325264
2.03,ground,0,1.3725,0.000310496757019766
2.03,ground,0,1.375,0.0003047618022587901
2.03,ground,0,1.3775,0.00028178536776887097
2.03,ground,0,1.38,0.0002679894499403953
2.03,ground,0,1.3825000000000003,0.0002657989904534733
2.03,ground,0,1.3850000000000002,0.00027013161049011447
2.03,ground,0,1.3875000000000002,0.0002896674484189119
2.03,ground,0,1.3900000000000001,0.0003105081280754841
2.03,ground,0,1.3925,0.0003117255947966719
2.03,ground,0,1.395,0.00031106888818661747
2.03,ground,0,1.3975,0.00033593024647658433
2.03,ground,0,1.4,0.00037925021566444705
2.03,ground,0,1.4024999999999999,0.00042872357747549987
2.03,ground,0,1.4050000000000002,0.000505567281423594
2.03,ground,0,1.4075000000000002,0.0006191625560963217
2.03,ground,0,1.4100000000000001,0.0007504081829217484
2.03,ground,0,1.4125,0.0009137356714252323
2.03,ground,0,1.415,0.001072757618939775
2.03,ground,0,1.4175,0.0010866611809024547
2.03,ground,0,1.42,0.000941245461106104
2.03,ground,0,1.4224999999999999,0.0007756439348194244
2.03,ground,0,1.4250000000000003,0.0006423767273897313
2.03,ground,0,1.4275000000000002,0.0005268721116902543
2.03,ground,0,1.4300000000000002,0.00044748283684486675
2.03,ground,0,1.4325,0.0003957308964787822
2.03,ground,0,1.435,0.000345684931921158
2.03,ground,0,1.4375,0.00031000894191238806
2.03,ground,0,1.44,0.00030356189299450906
2.03,ground,0,1.4425,0.00030667672958226117
2.03,ground,0,1.4450000000000003,0.0003021523763288748
2.03,ground,0,1.4475000000000002,0.0003070089821570914
2.03,ground,0,1.4500000000000002,0.00033442184414270257
2.03,ground,0,1.4525000000000001,0.0003736291010981743
2.03,ground,0,1.455,0.0004295817710634136
2.03,ground,0,1.4575,0.000493814686655794
2.03,ground,0,1.46,0.0005089668739554149
2.03,ground,0,1.4625,0.00046272383888865034
2.03,ground,0,1.4649999999999999,0.0004125526170863201
2.03,ground,0,1.4675000000000002,0.0003819480035042813
2.03,ground,0,1.4700000000000002,0.0003579077840908886
2.03,ground,0,1.4725000000000001,0.00035043670807300277
2.03,ground,0,1.475,0.00036867105683200703
2.03,ground,0,1.4775,0.00039900743934376736
2.03,ground,0,1.48,0.0004456029476880273
2.03,ground,0,1.4825,0.000525934779739957
2.03,ground,0,1.4849999999999999,0.0006017031095573968
2.03,ground,0,1.4875000000000003,0.0006137434032853879
2.03,ground,0,1.4900000000000002,0.0005899073698474956
2.03,ground,0,1.4925000000000002,0.0005852147315003484
2.03,ground,0,1.495,0.0005954976506668328
2.03,ground,0,1.4975,0.0006310282751996125
2.03,ground,0,1.5,0.0007114965483509782
2.03,ground,0,1.5025,0.0007937162497308614
2.03,ground,0,1.505,0.000854910414453519
2.03,ground,0,1.5075000000000003,0.000964291272692227
2.03,ground,0,1.5100000000000002,0.0011709157539606513
2.03,ground,0,1.5125000000000002,0.0014232159147085904
2.03,ground,0,1.5150000000000001,0.0017203186533785932
2.03,ground,0,1.5175,0.0021671993077833564
2.03,ground,0,1.52,0.002744974991611677
2.03,ground,0,1.5225,0.0034131180408417464
2.03,ground,0,1.525,0.004215975949048544
2.03,ground,0,1.5274999999999999,0.004743219594306575
2.03,ground,0,1.5300000000000002,0.0044633933103764125
2.03,ground,0,1.5325000000000002,0.003697017687776105
2.03,ground,0,1.5350000000000001,0.0029997736256724564
2.03,ground,0,1.5375,0.0024063504643790532
2.03,ground,0,1.54,0.0019106151705812556
2.03,ground,0,1.5425,0.0015786378313673744
2.03,ground,0,1.545,0.0013203732779437818
2.03,ground,0,1.5474999999999999,0.0010920436663908544
2.03,ground,0,1.5500000000000003,0.0009564344498709414
2.03,ground,0,1.5525000000000002,0.0008951695320570368
2.03,ground,0,1.5550000000000002,0.0008194609301062067
2.03,ground,0,1.5575,0.0007227419167360289
2.03,ground,0,1.56,0.0006643983031851006
2.03,ground,0,1.5625,0.0006435520425867449
2.03,ground,0,1.565,0.0006366460752620144
2.03,ground,0,1.5675,0.0006555542295367991
2.03,ground,0,1.5700000000000003,0.0006624274278368757
2.03,ground,0,1.5725000000000002,0.0006048274395837551
2.03,ground,0,1.5750000000000002,0.0005241634073830342
2.03,ground,0,1.5775000000000001,0.00047979256642805473
2.03,ground,0,1.58,0.00046319891598821573
2.03,ground,0,1.5825,0.0004568697408573651
2.03,ground,0,1.585,0.00047865835361108065
2.03,ground,0,1.5875,0.0005323165924808638
2.03,ground,0,1.5899999999999999,0.0005978085271104483
2.03,ground,0,1.5925000000000002,0.0006867333260401811
2.03,ground,0,1.5950000000000002,0.0007869217014455359
2.03,ground,0,1.5975000000000001,0.0008031514102666095
2.03,ground,0,1.6,0.0007087361883163697
2.03,ground,0,1.6025,0.0005970165964190396
2.03,ground,0,1.605,0.0005127829953861179
2.03,ground,0,1.6075,0.0004432474009290064
2.03,ground,0,1.6099999999999999,0.00040137171566503047
2.03,ground,0,1.6125000000000003,0.00038279999392789964
2.03,ground,0,1.6150000000000002,0.00036066734952991554
2.03,ground,0,1.6175000000000002,0.00034371185680175223
2.03,ground,0,1.62,0.0003567547597125921
2.03,ground,0,1.6225,0.0003887777339322514
2.03,ground,0,1.625,0.0004163819491771731
2.03,ground,0,1.6275,0.0004562428369960988
2.03,ground,0,1.63,0.0005299458350043491
2.03,ground,0,1.6325000000000003,0.0006224057919779831
2.03,ground,0,1.6350000000000002,0.0007392903271848257
2.03,ground,0,1.6375000000000002,0.0008713951072089253
2.03,ground,0,1.6400000000000001,0.0009141654803828799
2.03,ground,0,1.6425,0.0008248268494737871
2.03,ground,0,1.645,0.0007060139452551798
2.03,ground,0,1.6475,0.0006183001072748823
2.03,ground,0,1.65,0.0005440934824311745
2.03,ground,0,1.6524999999999999,0.0004950668232151876
2.03,ground,0,1.6550000000000002,0.00048259349915920336
2.03,ground,0,1.6575000000000002,0.0004845348366733818
2.03,ground,0,1.6600000000000001,0.000502952492474773
2.03,ground,0,1.6625,0.0005623779504940026
2.03,ground,0,1.665,0.000632384418731337
2.03,ground,0,1.6675,0.000649690846426798
2.03,ground,0,1.67,0.0006306395792560316
2.03,ground,0,1.6724999999999999,0.0006327704812820293
2.03,ground,0,1.6750000000000003,0.000654095724694059
2.03,ground,0,1.6775000000000002,0.000698995228698852
2.03,ground,0,1.6800000000000002,0.0007919541008581792
2.03,ground,0,1.6825,0.0008879532820975279
2.03,ground,0,1.685,0.0009489469072829111
2.03,ground,0,1.6875,0.0010457325442029095
2.03,ground,0,1.69,0.0012482521772422966
2.03,ground,0,1.6925,0.001512873573101733
2.03,ground,0,1.6950000000000003,0.0018234883430263134
2.03,ground,0,1.6975000000000002,0.002291843692268414
2.03,ground,0,1.7000000000000002,0.002923410662634338
2.03,ground,0,1.7025000000000001,0.003659839703903449
2.03,ground,0,1.705,0.0045707607520190366
2.03,ground,0,1.7075,0.005291177818070827
2.03,ground,0,1.71,0.005151777792348047
2.03,ground,0,1.7125,0.004357317215896143
2.03,ground,0,1.7149999999999999,0.003576455193878902
2.03,ground,0,1.7175000000000002,0.0029151816145215966
2.03,ground,0,1.7200000000000002,0.002344690451150066
2.03,ground,0,1.7225000000000001,0.001958717833081818
2.03,ground,0,1.725,0.0016693158032571147
2.03,ground,0,1.7275,0.0014010926985878686
2.03,ground,0,1.73,0.0012327967194668329
2.03,ground,0,1.7325,0.0011706718486073618
2.03,ground,0,1.7349999999999999,0.0011061770474735779
2.03,ground,0,1.7375000000000003,0.0010101939964413213
2.03,ground,0,1.7400000000000002,0.0009603088742154166
2.03,ground,0,1.7425000000000002,0.0009694661466381045
2.03,ground,0,1.745,0.001000893169667112
2.03,ground,0,1.7475,0.0010732135734505327
2.03,ground,0,1.75,0.0011345964823612235
2.03,ground,0,1.7525,0.0010737605381850126
2.03,ground,0,1.755,0.0009351506242747642
2.03,ground,0,1.7575000000000003,0.0008372228244551063
2.03,ground,0,1.7600000000000002,0.0007850227937372051
2.03,ground,0,1.7625000000000002,0.0007488955008461431
2.03,ground,0,1.7650000000000001,0.0007558465917659169
2.03,ground,0,1.7675,0.0008135942216322754
2.03,ground,0,1.77,0.000890469200870188
2.03,ground,0,1.7725,0.0010049384253974622
2.03,ground,0,1.775,0.0011632978883553157
2.03,ground,0,1.7774999999999999,0.0012404594228182045
2.03,ground,0,1.7800000000000002,0.0011618257637518042
2.03,ground,0,1.7825000000000002,0.0010444720229099275
2.03,ground,0,1.7850000000000001,0.000970920286011992
2.03,ground,0,1.7875,0.000921459814748867
2.03,ground,0,1.79,0.0009227640061450607
2.03,ground,0,1.7925,0.000979042546060978
2.03,ground,0,1.795,0.0010215992895929722
2.03,ground,0,1.7974999999999999,0.0010571537942497898
2.03,ground,0,1.8000000000000003,0.0011788245877590324
2.03,ground,0,1.8025000000000002,0.0013978374619089099
2.03,ground,0,1.8050000000000002,0.0016415921500475903
2.03,ground,0,1.8075,0.0019562176003549243
2.03,ground,0,1.81,0.002446961833211469
2.03,ground,0,1.8125,0.0030594657001120065
2.03,ground,0,1.815,0.0038044104803271243
2.03,ground,0,1.8175,0.004665339741336136
2.03,ground,0,1.8200000000000003,0.005073217212874687
2.03,ground,0,1.8225000000000002,0.004639727387624852
2.03,ground,0,1.8250000000000002,0.003883864122778968
2.03,ground,0,1.8275000000000001,0.0032509892066441724
2.03,ground,0,1.83,0.00269026601124205
2.03,ground,0,1.8325,0.002251176433237917
2.03,ground,0,1.835,0.0019825731251064704
2.03,ground,0,1.8375,0.0017644062304234898
2.03,ground,0,1.8399999999999999,0.0015920632173642775
2.03,ground,0,1.8425000000000002,0.0015532217470186989
2.03,ground,0,1.8450000000000002,0.0015792551154134359
2.03,ground,0,1.8475000000000001,0.001524598161068296
2.03,ground,0,1.85,0.0014211917912433708
2.03,ground,0,1.8525,0.0013874709581421457
2.03,ground,0,1.855,0.0014071321190058208
2.03,ground,0,1.8575,0.001466606090485425
2.03,ground,0,1.8599999999999999,0.0016015121371520582
2.03,ground,0,1.8625000000000003,0.0017012528811415808
2.03,ground,0,1.8650000000000002,0.0016710488534425803
2.03,ground,0,1.8675000000000002,0.001643133368060874
2.03,ground,0,1.87,0.0017492575233476798
2.03,ground,0,1.8725,0.0019357310789998308
2.03,ground,0,1.875,0.002171744711403072
2.03,ground,0,1.8775,0.002578221517582983
2.03,ground,0,1.88,0.003170780888777624
2.03,ground,0,1.8825000000000003,0.0038809234636593545
2.03,ground,0,1.8850000000000002,0.004817985593281364
2.03,ground,0,1.8875000000000002,0.005720527558851098
2.03,ground,0,1.8900000000000001,0.005839697975015088
2.03,ground,0,1.8925,0.0051915973325670235
2.03,ground,0,1.895,0.004487636380074802
2.03,ground,0,1.8975,0.003912310130333853
2.03,ground,0,1.9,0.003405958154838183
2.03,ground,0,1.9025000000000003,0.0031084383756431327
2.03,ground,0,1.9050000000000002,0.002930349315543012
2.03,ground,0,1.9075000000000002,0.00271628520999219
2.03,ground,0,1.9100000000000001,0.002612844333142981
2.03,ground,0,1.9125,0.00274474631650926
2.03,ground,0,1.915,0.002945908619910985
2.03,ground,0,1.9175,0.0031039003838016273
2.03,ground,0,1.92,0.003418208705378014
2.03,ground,0,1.9224999999999999,0.003999288907470844
2.03,ground,0,1.9250000000000003,0.004748198646597547
2.03,ground,0,1.9275000000000002,0.0057748472320912686
2.03,ground,0,1.9300000000000002,0.006859656733006662
2.03,ground,0,1.9325,0.007150518433846758
2.03,ground,0,1.935,0.006585903584992887
2.03,ground,0,1.9375,0.005996611372965006
2.03,ground,0,1.94,0.005624356444383195
2.03,ground,0,1.9425,0.005324225704165766
2.03,ground,0,1.9450000000000003,0.005311689587127816
2.03,ground,0,1.9475000000000002,0.005668841538881262
2.03,ground,0,1.9500000000000002,0.006195056758087258
2.03,ground,0,1.9525000000000001,0.00705353613126867
2.03,ground,0,1.955,0.008484256769377587
2.03,ground,0,1.9575,0.009766026368318293
2.03,ground,0,1.96,0.01005051086432675
2.03,ground,0,1.9625,0.009929645376368836
2.03,ground,0,1.9650000000000003,0.010168458156086854
2.03,ground,0,1.9675000000000002,0.010636027397296782
2.03,ground,0,1.9700000000000002,0.011648654050639546
2.03,ground,0,1.9725000000000001,0.013445777437282093
2.03,ground,0,1.975,0.015127573084421458
2.03,ground,0,1.9775,0.01650088504191321
2.03,ground,0,1.98,0.019026332201729876
2.03,ground,0,1.9825,0.02340154582127376
2.03,ground,0,1.9849999999999999,0.028535754525091092
2.03,ground,0,1.9875000000000003,0.03482089740369354
2.03,ground,0,1.9900000000000002,0.0442188823031078
2.03,ground,0,1.9925000000000002,0.05587527711124777
2.03,ground,0,1.995,0.06941645185754337
2.03,ground,0,1.9975,0.08506506196899312
2.03,ground,0,2.0,0.09315848635210251
2.03,excited,151,-2.0,1.7881279276506143e-09
2.03,excited,151,-1.9975,4.2912380393032217e-07
2.03,excited,151,-1.995,1.4145545498506995e-06
2.03,excited,151,-1.9925,2.6267253400118773e-06
2.03,excited,151,-1.99,3.848473058515783e-06
2.03,excited,151,-1.9875,4.827882815848076e-06
2.03,excited,151,-1.985,5.717812577098846e-06
2.03,excited,151,-1.9825,6.8220073536933074e-06
2.03,excited,151,-1.98,8.320026460256985e-06
2.03,excited,151,-1.9775,1.0622964993577744e-05
2.03,excited,151,-1.975,1.3489274574481443e-05
2.03,excited,151,-1.9725,1.5010961879950866e-05
2.03,excited,151,-1.97,1.4087545505812189e-05
2.03,excited,151,-1.9675,1.1901450273345058e-05
2.03,excited,151,-1.965,9.212724396909698e-06
2.03,excited,151,-1.9625,6.218622840288475e-06
2.03,excited,151,-1.96,3.5646384597377123e-06
2.03,excited,151,-1.9575,1.7017535437743995e-06
2.03,excited,151,-1.955,8.351471647312512e-07
2.03,excited,151,-1.9525,8.310440619758885e-07
2.03,excited,151,-1.95,1.94081500830655e-06
2.03,excited,151,-1.9475,5.390173124504948e-06
2.03,excited,151,-1.945,1.215684854719227e-05
2.03,excited,151,-1.9425,2.3069358910568277e-05
2.03,excited,151,-1.94,4.26253388023583e-05
2.03,excited,151,-1.9375,7.533852535340576e-05
2.03,excited,151,-1.935,0.00012593659140416484
2.03,excited,151,-1.9325,0.00019295556161266823
2.03,excited,151,-1.93,0.00024507735542373424
2.03,excited,151,-1.9275,0.00025773956825327494
2.03,excited,151,-1.925,0.0002488079557402416
2.03,excited,151,-1.9225,0.00023289100273629471
2.03,excited,151,-1.92,0.0002114932351286795
2.03,excited,151,-1.9175,0.00019124640148386116
2.03,excited,151,-1.915,0.00016956399045695489
2.03,excited,151,-1.9125,0.00014394599878133415
2.03,excited,151,-1.91,0.0001255318696020116
2.03,excited,151,-1.9075,0.00012136226533576013
2.03,excited,151,-1.905,0.000123459260259361
2.03,excited,151,-1.9025,0.0001226889110717084
2.03,excited,151,-1.9,0.00011969730309865162
2.03,excited,151,-1.8975,0.00011500371578487878
2.03,excited,151,-1.895,0.00010527301769495914
2.03,excited,151,-1.8925,9.097471751062813e-05
2.03,excited,151,-1.89,6.973378524847989e-05
2.03,excited,151,-1.8875,4.1166058109806035e-05
2.03,excited,151,-1.885,1.7007480916942725e-05
2.03,excited,151,-1.8825,4.46151628113787e-06
2.03,excited,151,-1.88,5.317816452349845e-07
2.03,excited,151,-1.8775,1.4545933315427856e-06
2.03,excited,151,-1.875,4.182802714246087e-06
2.03,excited,151,-1.8725,7.487082894815285e-06
2.03,excited,151,-1.87,1.0775084564053277e-05
2.03,excited,151,-1.8675,1.36055392380868e-05
2.03,excited,151,-1.865,1.6567473552927194e-05
2.03,excited,151,-1.8625,1.8973298212540026e-05
2.03,excited,151,-1.8599999999999999,1.988675431720413e-05
2.03,excited,151,-1.8575,2.054932227516615e-05
2.03,excited,151,-1.855,2.2319369863798813e-05
2.03,excited,151,-1.8525,2.5098235894230428e-05
2.03,excited,151,-1.85,2.89161315310934e-05
2.03,excited,151,-1.8475,3.2153838447868516e-05
2.03,excited,151,-1.845,2.996034805239364e-05
2.03,excited,151,-1.8425,2.1681274867418144e-05
2.03,excited,151,-1.84,1.2306802901652987e-05
2.03,excited,151,-1.8375,5.067914501443715e-06
2.03,excited,151,-1.835,3.2332551949302174e-06
2.03,excited,151,-1.8325,8.728232265779328e-06
2.03,excited,151,-1.83,2.422976589769445e-05
2.03,excited,151,-1.8275,6.121375862680365e-05
2.03,excited,151,-1.825,0.00013115186858901338
2.03,excited,151,-1.8225,0.0002476108631535654
2.03,excited,151,-1.82,0.000394628927514214
2.03,excited,151,-1.8175,0.0005005502154809688
2.03,excited,151,-1.815,0.0005391066727385156
2.03,excited,151,-1.8125,0.0005486851256044157
2.03,excited,151,-1.81,0.0005396646987325458
2.03,excited,151,-1.8075,0.0005186601443535047
2.03,excited,151,-1.805,0.000499296866557675
2.03,excited,151,-1.8025,0.0004699975442937229
2.03,excited,151,-1.8,0.00044071288987321006
2.03,excited,151,-1.7974999999999999,0.00045328176924901457
2.03,excited,151,-1.795,0.0005229443473660921
2.03,excited,151,-1.7925,0.0006185318101549357
2.03,excited,151,-1.79,0.0007152912336634516
2.03,excited,151,-1.7875,0.0008285497974786606
2.03,excited,151,-1.785,0.0009518186432882684
2.03,excited,151,-1.7825,0.0010599637288673477
2.03,excited,151,-1.78,0.0011390035093587893
2.03,excited,151,-1.7775,0.0010842494537259292
2.03,excited,151,-1.775,0.0008322934090665427
2.03,excited,151,-1.7725,0.0005313531662264464
2.03,excited,151,-1.77,0.00030389613592895744
2.03,excited,151,-1.7675,0.00015217401860074308
2.03,excited,151,-1.765,6.946960931280249e-05
2.03,excited,151,-1.7625,2.7831668208234606e-05
2.03,excited,151,-1.76,1.802050827658933e-05
2.03,excited,151,-1.7575,5.441656819860378e-05
2.03,excited,151,-1.755,0.0001327434341822483
2.03,excited,151,-1.7525,0.00023901417528020933
2.03,excited,151,-1.75,0.0003209157930052205
2.03,excited,151,-1.7475,0.0003316729810943039
2.03,excited,151,-1.745,0.0002989464028197347
2.03,excited,151,-1.7425,0.0002588412481854052
2.03,excited,151,-1.74,0.00021621017286681512
2.03,excited,151,-1.7375,0.00018016918726842794
2.03,excited,151,-1.7349999999999999,0.0001598170895689412
2.03,excited,151,-1.7325,0.00015739882710628017
2.03,excited,151,-1.73,0.00018274717445677227
2.03,excited,151,-1.7275,0.00025549935968512247
2.03,excited,151,-1.725,0.00038708002362844565
2.03,excited,151,-1.7225,0.0005585263506346566
2.03,excited,151,-1.72,0.0007638511742164985
2.03,excited,151,-1.7175,0.001046269889762674
2.03,excited,151,-1.7149999999999999,0.0014092097785843012
2.03,excited,151,-1.7125,0.0018472408195060752
2.03,excited,151,-1.71,0.0023038200963844133
2.03,excited,151,-1.7075,0.0024682841134907687
2.03,excited,151,-1.705,0.002201247261205009
2.03,excited,151,-1.7025000000000001,0.001792977502167887
2.03,excited,151,-1.7,0.0014205775983771403
2.03,excited,151,-1.6975,0.0010947621569855944
2.03,excited,151,-1.695,0.0008467185257994498
2.03,excited,151,-1.6925,0.000626590996287419
2.03,excited,151,-1.69,0.0004139104278805025
2.03,excited,151,-1.6875,0.0002642268837635075
2.03,excited,151,-1.685,0.00019364364728363987
2.03,excited,151,-1.6825,0.00018489988852943414
2.03,excited,151,-1.68,0.0002346265388147236
2.03,excited,151,-1.6775,0.00035644415253756556
2.03,excited,151,-1.675,0.0005579093707557757
2.03,excited,151,-1.6724999999999999,0.0008304843017655397
2.03,excited,151,-1.67,0.0011764737816670544
2.03,excited,151,-1.6675,0.0014974756645028322
2.03,excited,151,-1.665,0.0014909506109220668
2.03,excited,151,-1.6625,0.0010659924733069678
2.03,excited,151,-1.66,0.0005381765596259168
2.03,excited,151,-1.6575,0.00019091323515100042
2.03,excited,151,-1.655,0.00026822070737829104
2.03,excited,151,-1.6524999999999999,0.0008582209495072446
2.03,excited,151,-1.65,0.0020404567495461894
2.03,excited,151,-1.6475,0.004485252794937347
2.03,excited,151,-1.645,0.008768568701827175
2.03,excited,151,-1.6425,0.015498495119055463
2.03,excited,151,-1.6400000000000001,0.02381194260745853
2.03,excited,151,-1.6375,0.029458409101120585
2.03,excited,151,-1.635,0.03068239329445828
2.03,excited,151,-1.6325,0.03002695522937172
2.03,excited,151,-1.63,0.028503749264513628
2.03,excited,151,-1.6275,0.026411058061395588
2.03,excited,151,-1.625,0.024550774238069503
2.03,excited,151,-1.6225,0.022432685753232814
2.03,excited,151,-1.62,0.020267971107222907
2.03,excited,151,-1.6175,0.019818260325465704
2.03,excited,151,-1.615,0.02182891819478174
2.03,excited,151,-1.6125,0.02490366329180545
2.03,excited,151,-1.6099999999999999,0.027692863107572185
2.03,excited,151,-1.6075,0.03067607632189683
2.03,excited,151,-1.605,0.03380028688342322
2.03,excited,151,-1.6025,0.036084234412202335
2.03,excited,151,-1.6,0.03728325078890303
2.03,excited,151,-1.5975,0.034672496767639775
2.03,excited,151,-1.595,0.026216780989345104
2.03,excited,151,-1.5925,0.016364109060520545
2.03,excited,151,-1.5899999999999999,0.009184653719151064
2.03,excited,151,-1.5875,0.004615704625131931
2.03,excited,151,-1.585,0.002116114865114908
2.03,excited,151,-1.5825,0.0008449423228564828
2.03,excited,151,-1.58,0.0002496945915465438
2.03,excited,151,-1.5775000000000001,0.00040702834817167653
2.03,excited,151,-1.575,0.0010706842824330886
2.03,excited,151,-1.5725,0.0018879068114612198
2.03,excited,151,-1.57,0.002335850587514322
2.03,excited,151,-1.5675,0.002104009962165483
2.03,excited,151,-1.565,0.0015583375223008815
2.03,excited,151,-1.5625,0.0010671972360274907
2.03,excited,151,-1.56,0.0006848701167302547
2.03,excited,151,-1.5575,0.00041938803232291553
2.03,excited,151,-1.555,0.00028185307963934507
2.03,excited,151,-1.5525,0.0002555406101085011
2.03,excited,151,-1.55,0.00033342314322042175
2.03,excited,151,-1.5474999999999999,0.0005507960427196415
2.03,excited,151,-1.545,0.0009525457487181768
2.03,excited,151,-1.5425,0.0014756322313336605
2.03,excited,151,-1.54,0.0020453698816562224
2.03,excited,151,-1.5375,0.002798966103391502
2.03,excited,151,-1.535,0.0037969191303680893
2.03,excited,151,-1.5325,0.004997672321745376
2.03,excited,151,-1.53,0.0063124805946064115
2.03,excited,151,-1.5274999999999999,0.006949313496135795
2.03,excited,151,-1.525,0.006346911743474985
2.03,excited,151,-1.5225,0.005221528098241219
2.03,excited,151,-1.52,0.0041840036924796166
2.03,excited,151,-1.5175,0.0032668309306074644
2.03,excited,151,-1.5150000000000001,0.0025510972484600854
2.03,excited,151,-1.5125,0.00197613202642019
2.03,excited,151,-1.51,0.00145433113230603
2.03,excited,151,-1.5075,0.0010850297946795376
2.03,excited,151,-1.505,0.0009342197388741659
2.03,excited,151,-1.5025,0.000951107460201308
2.03,excited,151,-1.5,0.0010622192228173578
2.03,excited,151,-1.4975,0.001245457706133487
2.03,excited,151,-1.495,0.001497948045612223
2.03,excited,151,-1.4925,0.0017599282360962491
2.03,excited,151,-1.49,0.002000428878407444
2.03,excited,151,-1.4875,0.0021366420737575077
2.03,excited,151,-1.4849999999999999,0.0019005937451333757
2.03,excited,151,-1.4825,0.001297032715001583
2.03,excited,151,-1.48,0.0006956130525948062
2.03,excited,151,-1.4775,0.0002883923228834296
2.03,excited,151,-1.475,0.00010996748994338702
2.03,excited,151,-1.4725000000000001,0.00014273505893442825
2.03,excited,151,-1.47,0.0003181986364097709
2.03,excited,151,-1.4675,0.0007408149765762502
2.03,excited,151,-1.4649999999999999,0.0014961743844447773
2.03,excited,151,-1.4625,0.0026137613250410982
2.03,excited,151,-1.46,0.003929528946440501
2.03,excited,151,-1.4575,0.0047263353389228775
2.03,excited,151,-1.455,0.00469137270781522
2.03,excited,151,-1.4525000000000001,0.004310483881006411
2.03,excited,151,-1.45,0.003842925507544329
2.03,excited,151,-1.4475,0.0033321362311303513
2.03,excited,151,-1.4449999999999998,0.002902347023809637
2.03,excited,151,-1.4425,0.002525473168836139
2.03,excited,151,-1.44,0.002201271012561797
2.03,excited,151,-1.4375,0.002090560716138256
2.03,excited,151,-1.435,0.002276920985406024
2.03,excited,151,-1.4325,0.0026225370877524775
2.03,excited,151,-1.43,0.0029482017088481656
2.03,excited,151,-1.4275,0.0032869824129130552
2.03,excited,151,-1.4249999999999998,0.003678802081758498
2.03,excited,151,-1.4224999999999999,0.004016333529105
2.03,excited,151,-1.42,0.004279952788026244
2.03,excited,151,-1.4175,0.004211574091221219
2.03,excited,151,-1.415,0.003451349978323938
2.03,excited,151,-1.4125,0.0023645969293289446
2.03,excited,151,-1.4100000000000001,0.0014930840200441501
2.03,excited,151,-1.4075,0.0008917768398905732
2.03,excited,151,-1.405,0.0005081576322771494
2.03,excited,151,-1.4024999999999999,0.00027661815703162274
2.03,excited,151,-1.4,0.00011381650984087602
2.03,excited,151,-1.3975,2.4589979210306537e-05
2.03,excited,151,-1.395,4.247155516454635e-06
2.03,excited,151,-1.3925,1.612133061051869e-05
2.03,excited,151,-1.3900000000000001,2.668962560806391e-05
2.03,excited,151,-1.3875,1.9029404109490662e-05
2.03,excited,151,-1.385,6.940245782522679e-06
2.03,excited,151,-1.3824999999999998,8.476789602454584e-06
2.03,excited,151,-1.38,2.9047970631611796e-05
2.03,excited,151,-1.3775,6.596591470686099e-05
2.03,excited,151,-1.375,9.72725628774777e-05
2.03,excited,151,-1.3725,8.776002147336649e-05
2.03,excited,151,-1.37,4.41210639945517e-05
2.03,excited,151,-1.3675,1.217665203427351e-05
2.03,excited,151,-1.365,3.686547710678707e-05
2.03,excited,151,-1.3624999999999998,0.0001508655447114619
2.03,excited,151,-1.3599999999999999,0.00033987660610603187
2.03,excited,151,-1.3575,0.0006456490528053427
2.03,excited,151,-1.355,0.0011700485102244388
2.03,excited,151,-1.3525,0.0019609581803783486
2.03,excited,151,-1.35,0.003064825065890548
2.03,excited,151,-1.3475000000000001,0.0041322769735022
2.03,excited,151,-1.345,0.004537480521362329
2.03,excited,151,-1.3425,0.00436963842810632
2.03,excited,151,-1.3399999999999999,0.004055372595698452
2.03,excited,151,-1.3375,0.003662040072889239
2.03,excited,151,-1.335,0.0032727287816598175
2.03,excited,151,-1.3325,0.002939229546014198
2.03,excited,151,-1.33,0.0025748400205253116
2.03,excited,151,-1.3275000000000001,0.0022777008196320056
2.03,excited,151,-1.325,0.0022473100581099055
2.03,excited,151,-1.3225,0.002484376035703261
2.03,excited,151,-1.3199999999999998,0.0028045443177282174
2.03,excited,151,-1.3175,0.0031200255074537537
2.03,excited,151,-1.315,0.0034953546710680206
2.03,excited,151,-1.3125,0.003863521469934068
2.03,excited,151,-1.31,0.004141074587950802
2.03,excited,151,-1.3075,0.004254091597501295
2.03,excited,151,-1.305,0.003795092805823659
2.03,excited,151,-1.3025,0.0027091600301052568
2.03,excited,151,-1.2999999999999998,0.0016198162748152735
2.03,excited,151,-1.2974999999999999,0.0008607928889421198
2.03,excited,151,-1.295,0.00039459796883924863
2.03,excited,151,-1.2925,0.0001686809568391306
2.03,excited,151,-1.29,6.980535820090557e-05
2.03,excited,151,-1.2875,8.159843304184032e-05
2.03,excited,151,-1.2850000000000001,0.00022839728922957256
2.03,excited,151,-1.2825,0.0004768142610127591
2.03,excited,151,-1.28,0.0007641881721983681
2.03,excited,151,-1.2774999999999999,0.0009247983052910892
2.03,excited,151,-1.275,0.0008792094328867287
2.03,excited,151,-1.2725,0.000746653970532435
2.03,excited,151,-1.27,0.0006125761846497268
2.03,excited,151,-1.2675,0.00048604358988578363
2.03,excited,151,-1.2650000000000001,0.00038884287323898533
2.03,excited,151,-1.2625,0.000330783485953284
2.03,excited,151,-1.26,0.0003103169682916039
2.03,excited,151,-1.2574999999999998,0.00034228843928240564
2.03,excited,151,-1.255,0.000450140327293724
2.03,excited,151,-1.2525,0.0006304043727183204
2.03,excited,151,-1.25,0.000838268858500785
2.03,excited,151,-1.2475,0.0010725924269722052
2.03,excited,151,-1.245,0.0013834766534422684
2.03,excited,151,-1.2425,0.001752674711978957
2.03,excited,151,-1.24,0.0021705110926671296
2.03,excited,151,-1.2374999999999998,0.002533260913543045
2.03,excited,151,-1.2349999999999999,0.0025118652851838937
2.03,excited,151,-1.2325,0.002092458991689719
2.03,excited,151,-1.23,0.001617582183834719
2.03,excited,151,-1.2275,0.0012177020600125097
2.03,excited,151,-1.225,0.0008943798456748153
2.03,excited,151,-1.2225000000000001,0.0006593521419648265
2.03,excited,151,-1.22,0.0004587989545859039
2.03,excited,151,-1.2175,0.0002861800176714829
2.03,excited,151,-1.2149999999999999,0.00017795639346370904
2.03,excited,151,-1.2125,0.00013142617705458646
2.03,excited,151,-1.21,0.00012797137168614318
2.03,excited,151,-1.2075,0.0001621663189520137
2.03,excited,151,-1.205,0.00023766970628174208
2.03,excited,151,-1.2025000000000001,0.00035088373014995425
2.03,excited,151,-1.2,0.0004904328482608989
2.03,excited,151,-1.1975,0.0006510898632029191
2.03,excited,151,-1.1949999999999998,0.0007643688244875785
2.03,excited,151,-1.1925,0.00069152631611347
2.03,excited,151,-1.19,0.00044971326798774904
2.03,excited,151,-1.1875,0.00020702227172682768
2.03,excited,151,-1.185,7.08083131461997e-05
2.03,excited,151,-1.1825,0.0001196809831989424
2.03,excited,151,-1.18,0.0003485331144649713
2.03,excited,151,-1.1775,0.0007881160048885464
2.03,excited,151,-1.1749999999999998,0.0016534523858783353
2.03,excited,151,-1.1724999999999999,0.0030718627736054218
2.03,excited,151,-1.17,0.00516549165194285
2.03,excited,151,-1.1675,0.0074443901631183135
2.03,excited,151,-1.165,0.008617066397125464
2.03,excited,151,-1.1625,0.008532061557091747
2.03,excited,151,-1.1600000000000001,0.008024665880596103
2.03,excited,151,-1.1575,0.00731525528426438
2.03,excited,151,-1.155,0.006537624116237043
2.03,excited,151,-1.1524999999999999,0.005865097071088592
2.03,excited,151,-1.15,0.005156955043453781
2.03,excited,151,-1.1475,0.004533780496007069
2.03,excited,151,-1.145,0.004382219521520749
2.03,excited,151,-1.1425,0.0047504170055808325
2.03,excited,151,-1.1400000000000001,0.005265640139253055
2.03,excited,151,-1.1375,0.005690168795844837
2.03,excited,151,-1.135,0.006149954018943417
2.03,excited,151,-1.1324999999999998,0.006583565745689004
2.03,excited,151,-1.13,0.006828081709790814
2.03,excited,151,-1.1275,0.006830843092748316
2.03,excited,151,-1.125,0.006053309917788803
2.03,excited,151,-1.1225,0.004339593847683023
2.03,excited,151,-1.12,0.002607937776221103
2.03,excited,151,-1.1175,0.0014245003532285473
2.03,excited,151,-1.115,0.0006986860776317879
2.03,excited,151,-1.1124999999999998,0.0003171027829617137
2.03,excited,151,-1.1099999999999999,0.00012064580752642115
2.03,excited,151,-1.1075,3.262123399012499e-05
2.03,excited,151,-1.105,5.708716556793435e-05
2.03,excited,151,-1.1025,0.00014719794361156116
2.03,excited,151,-1.1,0.0002480511136875126
2.03,excited,151,-1.0975000000000001,0.0002874357232482626
2.03,excited,151,-1.095,0.0002411279336842489
2.03,excited,151,-1.0925,0.00016620754097040633
2.03,excited,151,-1.0899999999999999,0.00010397554878755829
2.03,excited,151,-1.0875,5.837892497922655e-05
2.03,excited,151,-1.085,2.9659118879693766e-05
2.03,excited,151,-1.0825,1.680665225706128e-05
2.03,excited,151,-1.08,1.5988128509078457e-05
2.03,excited,151,-1.0775000000000001,2.6776685946353957e-05
2.03,excited,151,-1.075,5.581251624953503e-05
2.03,excited,151,-1.0725,0.00011121054977239208
2.03,excited,151,-1.0699999999999998,0.00018532664387417566
2.03,excited,151,-1.0675,0.00027057186910336593
2.03,excited,151,-1.065,0.00038978504620516916
2.03,excited,151,-1.0625,0.0005518243128990836
2.03,excited,151,-1.06,0.0007560483430920586
2.03,excited,151,-1.0575,0.0009831003920925967
2.03,excited,151,-1.055,0.0010975793365324954
2.03,excited,151,-1.0525,0.0010229749867055142
2.03,excited,151,-1.0499999999999998,0.0008748018540158354
2.03,excited,151,-1.0474999999999999,0.00073373238029544
2.03,excited,151,-1.045,0.0006031490694505085
2.03,excited,151,-1.0425,0.0004997714088131529
2.03,excited,151,-1.04,0.00041239206258812
2.03,excited,151,-1.0375,0.0003289352271365228
2.03,excited,151,-1.0350000000000001,0.0002730590801242266
2.03,excited,151,-1.0325,0.0002620734124572161
2.03,excited,151,-1.03,0.0002854367253022972
2.03,excited,151,-1.0274999999999999,0.000323909647475288
2.03,excited,151,-1.025,0.0003744900644848106
2.03,excited,151,-1.0225,0.00043933053993741746
2.03,excited,151,-1.02,0.0005034031438065135
2.03,excited,151,-1.0175,0.000560225492996027
2.03,excited,151,-1.0150000000000001,0.0005829713539190879
2.03,excited,151,-1.0125,0.0005036063949564697
2.03,excited,151,-1.01,0.00034117309207571306
2.03,excited,151,-1.0074999999999998,0.0001911113798525312
2.03,excited,151,-1.005,8.862680604367896e-05
2.03,excited,151,-1.0025,3.52962063389046e-05
2.03,excited,151,-1.0,2.2703760472558727e-05
2.03,excited,151,-0.9975,3.5296206338916394e-05
2.03,excited,151,-0.9949999999999999,8.862680604379454e-05
2.03,excited,151,-0.9924999999999999,0.00019111137985235524
2.03,excited,151,-0.99,0.0003411730920757709
2.03,excited,151,-0.9875,0.0005036063949563903
2.03,excited,151,-0.9849999999999999,0.0005829713539191071
2.03,excited,151,-0.9824999999999999,0.0005602254929960293
2.03,excited,151,-0.98,0.0005034031438063575
2.03,excited,151,-0.9775,0.000439330539937499
2.03,excited,151,-0.9750000000000001,0.0003744900644847831
2.03,excited,151,-0.9724999999999999,0.0003239096474752243
2.03,excited,151,-0.97,0.0002854367253022809
2.03,excited,151,-0.9675,0.0002620734124572529
2.03,excited,151,-0.9650000000000001,0.0002730590801243058
2.03,excited,151,-0.9624999999999999,0.00032893522713647714
2.03,excited,151,-0.96,0.00041239206258807923
2.03,excited,151,-0.9575,0.0004997714088130048
2.03,excited,151,-0.9550000000000001,0.0006031490694504889
2.03,excited,151,-0.9524999999999999,0.0007337323802955511
2.03,excited,151,-0.95,0.0008748018540156379
2.03,excited,151,-0.9475,0.0010229749867055825
2.03,excited,151,-0.9450000000000001,0.0010975793365325987
2.03,excited,151,-0.9424999999999999,0.0009831003920925889
2.03,excited,151,-0.94,0.0007560483430918056
2.03,excited,151,-0.9375,0.0005518243128992933
2.03,excited,151,-0.935,0.00038978504620516553
2.03,excited,151,-0.9324999999999999,0.0002705718691033779
2.03,excited,151,-0.9299999999999999,0.00018532664387424942
2.03,excited,151,-0.9275,0.00011121054977232882
2.03,excited,151,-0.925,5.581251624957965e-05
2.03,excited,151,-0.9224999999999999,2.67766859463411e-05
2.03,excited,151,-0.9199999999999999,1.5988128509063878e-05
2.03,excited,151,-0.9175,1.6806652257079766e-05
2.03,excited,151,-0.915,2.9659118879634993e-05
2.03,excited,151,-0.9124999999999999,5.8378924979210904e-05
2.03,excited,151,-0.9099999999999999,0.00010397554878760219
2.03,excited,151,-0.9075,0.0001662075409704274
2.03,excited,151,-0.905,0.00024112793368440296
2.03,excited,151,-0.9025000000000001,0.00028743572324831167
2.03,excited,151,-0.8999999999999999,0.0002480511136874642
2.03,excited,151,-0.8975,0.00014719794361151
2.03,excited,151,-0.895,5.7087165567826e-05
2.03,excited,151,-0.8925000000000001,3.2621233990140636e-05
2.03,excited,151,-0.8899999999999999,0.00012064580752656043
2.03,excited,151,-0.8875,0.0003171027829617734
2.03,excited,151,-0.885,0.0006986860776320311
2.03,excited,151,-0.8825000000000001,0.0014245003532281813
2.03,excited,151,-0.8799999999999999,0.002607937776221226
2.03,excited,151,-0.8775,0.004339593847683363
2.03,excited,151,-0.875,0.0060533099177896114
2.03,excited,151,-0.8725,0.006830843092747823
2.03,excited,151,-0.8699999999999999,0.0068280817097908855
2.03,excited,151,-0.8674999999999999,0.006583565745688338
2.03,excited,151,-0.865,0.0061499540189435846
2.03,excited,151,-0.8625,0.0056901687958447605
2.03,excited,151,-0.8599999999999999,0.005265640139253129
2.03,excited,151,-0.8574999999999999,0.00475041700558103
2.03,excited,151,-0.855,0.004382219521520295
2.03,excited,151,-0.8525,0.004533780496006844
2.03,excited,151,-0.8499999999999999,0.005156955043454577
2.03,excited,151,-0.8474999999999999,0.005865097071089078
2.03,excited,151,-0.845,0.006537624116237341
2.03,excited,151,-0.8425,0.007315255284264488
2.03,excited,151,-0.8400000000000001,0.008024665880595817
2.03,excited,151,-0.8374999999999999,0.008532061557091228
2.03,excited,151,-0.835,0.008617066397126361
2.03,excited,151,-0.8325,0.007444390163117967
2.03,excited,151,-0.8300000000000001,0.005165491651942618
2.03,excited,151,-0.8274999999999999,0.0030718627736044052
2.03,excited,151,-0.825,0.0016534523858781752
2.03,excited,151,-0.8225,0.0007881160048887134
2.03,excited,151,-0.8200000000000001,0.0003485331144649664
2.03,excited,151,-0.8174999999999999,0.00011968098319892675
2.03,excited,151,-0.815,7.080831314619168e-05
2.03,excited,151,-0.8125,0.00020702227172672016
2.03,excited,151,-0.81,0.0004497132679880446
2.03,excited,151,-0.8074999999999999,0.0006915263161133499
2.03,excited,151,-0.8049999999999999,0.0007643688244875323
2.03,excited,151,-0.8025,0.0006510898632025813
2.03,excited,151,-0.8,0.0004904328482611447
2.03,excited,151,-0.7974999999999999,0.00035088373015009216
2.03,excited,151,-0.7949999999999999,0.0002376697062817508
2.03,excited,151,-0.7925,0.00016216631895191888
2.03,excited,151,-0.79,0.00012797137168617877
2.03,excited,151,-0.7874999999999999,0.00013142617705462674
2.03,excited,151,-0.7849999999999999,0.00017795639346366906
2.03,excited,151,-0.7825,0.0002861800176716119
2.03,excited,151,-0.78,0.00045879895458593336
2.03,excited,151,-0.7775000000000001,0.0006593521419647718
2.03,excited,151,-0.7749999999999999,0.0008943798456745571
2.03,excited,151,-0.7725,0.0012177020600125977
2.03,excited,151,-0.77,0.0016175821838349154
2.03,excited,151,-0.7675000000000001,0.0020924589916903645
2.03,excited,151,-0.7649999999999999,0.0025118652851840112
2.03,excited,151,-0.7625,0.00253326091354287
2.03,excited,151,-0.76,0.002170511092667047
2.03,excited,151,-0.7575000000000001,0.0017526747119791665
2.03,excited,151,-0.7549999999999999,0.0013834766534424263
2.03,excited,151,-0.7525,0.0010725924269720602
2.03,excited,151,-0.75,0.0008382688585009946
2.03,excited,151,-0.7475,0.0006304043727183631
2.03,excited,151,-0.7449999999999999,0.00045014032729378335
2.03,excited,151,-0.7424999999999999,0.00034228843928259673
2.03,excited,151,-0.74,0.00031031696829155364
2.03,excited,151,-0.7375,0.00033078348595340915
2.03,excited,151,-0.7349999999999999,0.00038884287323917474
2.03,excited,151,-0.7324999999999999,0.0004860435898854397
2.03,excited,151,-0.73,0.0006125761846495613
2.03,excited,151,-0.7275,0.0007466539705324052
2.03,excited,151,-0.7249999999999999,0.0008792094328865982
2.03,excited,151,-0.7224999999999999,0.0009247983052909092
2.03,excited,151,-0.72,0.000764188172198336
2.03,excited,151,-0.7175,0.00047681426101260367
2.03,excited,151,-0.7150000000000001,0.0002283972892295635
2.03,excited,151,-0.7124999999999999,8.159843304181493e-05
2.03,excited,151,-0.71,6.980535820082886e-05
2.03,excited,151,-0.7075,0.0001686809568392355
2.03,excited,151,-0.7050000000000001,0.000394597968839292
2.03,excited,151,-0.7024999999999999,0.0008607928889423683
2.03,excited,151,-0.7,0.0016198162748154964
2.03,excited,151,-0.6975,0.002709160030105602
2.03,excited,151,-0.6950000000000001,0.003795092805823269
2.03,excited,151,-0.6924999999999999,0.004254091597501482
2.03,excited,151,-0.69,0.0041410745879499975
2.03,excited,151,-0.6875,0.0038635214699341107
2.03,excited,151,-0.685,0.0034953546710680275
2.03,excited,151,-0.6824999999999999,0.0031200255074530637
2.03,excited,151,-0.6799999999999999,0.002804544317728354
2.03,excited,151,-0.6775,0.0024843760357030017
2.03,excited,151,-0.675,0.002247310058109924
2.03,excited,151,-0.6724999999999999,0.002277700819632007
2.03,excited,151,-0.6699999999999999,0.0025748400205251537
2.03,excited,151,-0.6675,0.0029392295460140823
2.03,excited,151,-0.665,0.003272728781659975
2.03,excited,151,-0.6624999999999999,0.0036620400728896436
2.03,excited,151,-0.6599999999999999,0.004055372595698742
2.03,excited,151,-0.6575,0.004369638428107032
2.03,excited,151,-0.655,0.004537480521362686
2.03,excited,151,-0.6525000000000001,0.004132276973502466
2.03,excited,151,-0.6499999999999999,0.0030648250658904075
2.03,excited,151,-0.6475,0.001960958180378288
2.03,excited,151,-0.645,0.0011700485102244642
2.03,excited,151,-0.6425000000000001,0.00064564905280542
2.03,excited,151,-0.6399999999999999,0.0003398766061058343
2.03,excited,151,-0.6375,0.00015086554471142289
2.03,excited,151,-0.635,3.686547710673953e-05
2.03,excited,151,-0.6325000000000001,1.217665203425789e-05
2.03,excited,151,-0.6299999999999999,4.412106399456954e-05
2.03,excited,151,-0.6275,8.776002147327475e-05
2.03,excited,151,-0.625,9.727256287748753e-05
2.03,excited,151,-0.6225,6.596591470688647e-05
2.03,excited,151,-0.6199999999999999,2.9047970631568323e-05
2.03,excited,151,-0.6174999999999999,8.476789602457235e-06
2.03,excited,151,-0.615,6.940245782487255e-06
2.03,excited,151,-0.6125,1.9029404109480037e-05
2.03,excited,151,-0.6099999999999999,2.6689625608063107e-05
2.03,excited,151,-0.6074999999999999,1.6121330610519064e-05
2.03,excited,151,-0.605,4.247155516471843e-06
2.03,excited,151,-0.6025,2.4589979210336234e-05
2.03,excited,151,-0.5999999999999999,0.00011381650984101458
2.03,excited,151,-0.5974999999999999,0.0002766181570315525
2.03,excited,151,-0.595,0.0005081576322774159
2.03,excited,151,-0.5925,0.0008917768398903788
2.03,excited,151,-0.5900000000000001,0.0014930840200442373
2.03,excited,151,-0.5874999999999999,0.0023645969293288774
2.03,excited,151,-0.585,0.0034513499783238436
2.03,excited,151,-0.5825,0.004211574091221202
2.03,excited,151,-0.5800000000000001,0.004279952788026922
2.03,excited,151,-0.5774999999999999,0.004016333529105043
2.03,excited,151,-0.575,0.0036788020817580085
2.03,excited,151,-0.5725,0.0032869824129125313
2.03,excited,151,-0.5700000000000001,0.002948201708848133
2.03,excited,151,-0.5674999999999999,0.00262253708775248
2.03,excited,151,-0.565,0.0022769209854059474
2.03,excited,151,-0.5625,0.002090560716138002
2.03,excited,151,-0.56,0.0022012710125615806
2.03,excited,151,-0.5574999999999999,0.0025254731688367903
2.03,excited,151,-0.5549999999999999,0.0029023470238099627
2.03,excited,151,-0.5525,0.0033321362311304796
2.03,excited,151,-0.55,0.003842925507543392
2.03,excited,151,-0.5474999999999999,0.004310483881006644
2.03,excited,151,-0.5449999999999999,0.004691372707814363
2.03,excited,151,-0.5425,0.004726335338922876
2.03,excited,151,-0.54,0.003929528946440439
2.03,excited,151,-0.5374999999999999,0.0026137613250409933
2.03,excited,151,-0.5349999999999999,0.0014961743844445548
2.03,excited,151,-0.5325,0.0007408149765763934
2.03,excited,151,-0.53,0.00031819863640966466
2.03,excited,151,-0.5275000000000001,0.0001427350589344893
2.03,excited,151,-0.5249999999999999,0.000109967489943354
2.03,excited,151,-0.5225,0.00028839232288344193
2.03,excited,151,-0.52,0.0006956130525949426
2.03,excited,151,-0.5175000000000001,0.0012970327150014216
2.03,excited,151,-0.5149999999999999,0.0019005937451335158
2.03,excited,151,-0.5125,0.002136642073756946
2.03,excited,151,-0.51,0.0020004288784072114
2.03,excited,151,-0.5075000000000001,0.0017599282360957348
2.03,excited,151,-0.5049999999999999,0.0014979480456122328
2.03,excited,151,-0.5025,0.0012454577061334557
2.03,excited,151,-0.5,0.0010622192228173966
2.03,excited,151,-0.49750000000000005,0.0009511074602016036
2.03,excited,151,-0.4949999999999999,0.0009342197388742277
2.03,excited,151,-0.49249999999999994,0.001085029794680068
2.03,excited,151,-0.49,0.0014543311323064324
2.03,excited,151,-0.48750000000000004,0.0019761320264202083
2.03,excited,151,-0.4849999999999999,0.0025510972484603543
2.03,excited,151,-0.48249999999999993,0.003266830930607127
2.03,excited,151,-0.48,0.0041840036924793095
2.03,excited,151,-0.47750000000000004,0.005221528098241556
2.03,excited,151,-0.47499999999999987,0.006346911743474741
2.03,excited,151,-0.4724999999999999,0.006949313496134716
2.03,excited,151,-0.47,0.006312480594606367
2.03,excited,151,-0.4675,0.004997672321745331
2.03,excited,151,-0.46499999999999986,0.0037969191303680325
2.03,excited,151,-0.4624999999999999,0.0027989661033918467
2.03,excited,151,-0.45999999999999996,0.0020453698816559683
2.03,excited,151,-0.4575,0.0014756322313336143
2.03,excited,151,-0.45500000000000007,0.0009525457487182333
2.03,excited,151,-0.4524999999999999,0.000550796042719793
2.03,excited,151,-0.44999999999999996,0.00033342314322044756
2.03,excited,151,-0.4475,0.0002555406101084696
2.03,excited,151,-0.44500000000000006,0.00028185307963936594
2.03,excited,151,-0.4424999999999999,0.00041938803232287515
2.03,excited,151,-0.43999999999999995,0.0006848701167303376
2.03,excited,151,-0.4375,0.0010671972360277164
2.03,excited,151,-0.43500000000000005,0.0015583375223007826
2.03,excited,151,-0.4324999999999999,0.002104009962165546
2.03,excited,151,-0.42999999999999994,0.002335850587514186
2.03,excited,151,-0.4275,0.0018879068114608958
2.03,excited,151,-0.42500000000000004,0.0010706842824332805
2.03,excited,151,-0.4224999999999999,0.0004070283481716269
2.03,excited,151,-0.41999999999999993,0.000249694591546474
2.03,excited,151,-0.4175,0.000844942322856265
2.03,excited,151,-0.41500000000000004,0.0021161148651147777
2.03,excited,151,-0.41249999999999987,0.004615704625132857
2.03,excited,151,-0.4099999999999999,0.009184653719151432
2.03,excited,151,-0.4075,0.016364109060521048
2.03,excited,151,-0.405,0.02621678098934472
2.03,excited,151,-0.40249999999999986,0.03467249676764121
2.03,excited,151,-0.3999999999999999,0.037283250788901066
2.03,excited,151,-0.39749999999999996,0.036084234412201925
2.03,excited,151,-0.395,0.03380028688342259
2.03,excited,151,-0.39250000000000007,0.030676076321896298
2.03,excited,151,-0.3899999999999999,0.02769286310757107
2.03,excited,151,-0.38749999999999996,0.024903663291807706
2.03,excited,151,-0.385,0.021828918194780944
2.03,excited,151,-0.38250000000000006,0.019818260325466356
2.03,excited,151,-0.3799999999999999,0.020267971107223278
2.03,excited,151,-0.37749999999999995,0.022432685753231943
2.03,excited,151,-0.375,0.024550774238069825
2.03,excited,151,-0.37250000000000005,0.02641105806139512
2.03,excited,151,-0.3699999999999999,0.028503749264512317
2.03,excited,151,-0.36749999999999994,0.030026955229369944
2.03,excited,151,-0.365,0.030682393294457194
2.03,excited,151,-0.36250000000000004,0.029458409101119885
2.03,excited,151,-0.3599999999999999,0.023811942607459217
2.03,excited,151,-0.35749999999999993,0.01549849511905379
2.03,excited,151,-0.355,0.00876856870182885
2.03,excited,151,-0.35250000000000004,0.004485252794937088
2.03,excited,151,-0.34999999999999987,0.002040456749545889
2.03,excited,151,-0.3474999999999999,0.0008582209495072317
2.03,excited,151,-0.345,0.00026822070737833647
2.03,excited,151,-0.3425,0.0001909132351511305
2.03,excited,151,-0.33999999999999986,0.0005381765596260511
2.03,excited,151,-0.3374999999999999,0.0010659924733068405
2.03,excited,151,-0.33499999999999996,0.0014909506109221432
2.03,excited,151,-0.3325,0.0014974756645028864
2.03,excited,151,-0.33000000000000007,0.0011764737816668306
2.03,excited,151,-0.3274999999999999,0.0008304843017656544
2.03,excited,151,-0.32499999999999996,0.0005579093707555556
2.03,excited,151,-0.3225,0.0003564441525375121
2.03,excited,151,-0.32000000000000006,0.00023462653881487503
2.03,excited,151,-0.3174999999999999,0.00018489988852926867
2.03,excited,151,-0.31499999999999995,0.00019364364728380315
2.03,excited,151,-0.3125,0.0002642268837634542
2.03,excited,151,-0.31000000000000005,0.000413910427880374
2.03,excited,151,-0.3074999999999999,0.0006265909962874788
2.03,excited,151,-0.30499999999999994,0.0008467185257993093
2.03,excited,151,-0.3025,0.0010947621569854136
2.03,excited,151,-0.30000000000000004,0.0014205775983769273
2.03,excited,151,-0.2974999999999999,0.001792977502167855
2.03,excited,151,-0.29499999999999993,0.0022012472612042366
2.03,excited,151,-0.2925,0.0024682841134911226
2.03,excited,151,-0.29000000000000004,0.0023038200963845386
2.03,excited,151,-0.28749999999999987,0.0018472408195060038
2.03,excited,151,-0.2849999999999999,0.0014092097785844537
2.03,excited,151,-0.2825,0.0010462698897629023
2.03,excited,151,-0.28,0.0007638511742164049
2.03,excited,151,-0.27749999999999986,0.0005585263506342944
2.03,excited,151,-0.2749999999999999,0.0003870800236285017
2.03,excited,151,-0.27249999999999996,0.00025549935968505427
2.03,excited,151,-0.27,0.0001827471744566998
2.03,excited,151,-0.26750000000000007,0.0001573988271064435
2.03,excited,151,-0.2649999999999999,0.0001598170895690302
2.03,excited,151,-0.26249999999999996,0.00018016918726864776
2.03,excited,151,-0.26,0.00021621017286692004
2.03,excited,151,-0.25750000000000006,0.0002588412481856369
2.03,excited,151,-0.2549999999999999,0.00029894640281975647
2.03,excited,151,-0.25249999999999995,0.00033167298109430343
2.03,excited,151,-0.25,0.00032091579300513927
2.03,excited,151,-0.24750000000000005,0.00023901417528016586
2.03,excited,151,-0.24499999999999988,0.0001327434341821704
2.03,excited,151,-0.24249999999999994,5.44165681985945e-05
2.03,excited,151,-0.24,1.802050827657831e-05
2.03,excited,151,-0.23750000000000004,2.783166820820593e-05
2.03,excited,151,-0.23499999999999988,6.946960931276044e-05
2.03,excited,151,-0.23249999999999993,0.00015217401860078805
2.03,excited,151,-0.22999999999999998,0.0003038961359290109
2.03,excited,151,-0.22750000000000004,0.000531353166226801
2.03,excited,151,-0.22499999999999987,0.0008322934090664282
2.03,excited,151,-0.22249999999999992,0.0010842494537262391
2.03,excited,151,-0.21999999999999997,0.0011390035093585048
2.03,excited,151,-0.21750000000000003,0.001059963728867444
2.03,excited,151,-0.21499999999999986,0.0009518186432881321
2.03,excited,151,-0.2124999999999999,0.0008285497974787525
2.03,excited,151,-0.20999999999999996,0.0007152912336632335
2.03,excited,151,-0.20750000000000002,0.0006185318101548836
2.03,excited,151,-0.20500000000000007,0.000522944347366244
2.03,excited,151,-0.2024999999999999,0.00045328176924888517
2.03,excited,151,-0.19999999999999996,0.00044071288987320665
2.03,excited,151,-0.1975,0.0004699975442936466
2.03,excited,151,-0.19500000000000006,0.0004992968665578546
2.03,excited,151,-0.1924999999999999,0.0005186601443530828
2.03,excited,151,-0.18999999999999995,0.0005396646987327664
2.03,excited,151,-0.1875,0.0005486851256045236
2.03,excited,151,-0.18500000000000005,0.0005391066727381997
2.03,excited,151,-0.18249999999999988,0.0005005502154812622
2.03,excited,151,-0.17999999999999994,0.000394628927513976
2.03,excited,151,-0.1775,0.00024761086315340183
2.03,excited,151,-0.17500000000000004,0.00013115186858896438
2.03,excited,151,-0.17249999999999988,6.121375862686594e-05
2.03,excited,151,-0.16999999999999993,2.4229765897598152e-05
2.03,excited,151,-0.16749999999999998,8.728232265795525e-06
2.03,excited,151,-0.16500000000000004,3.233255194939661e-06
2.03,excited,151,-0.16249999999999987,5.067914501441894e-06
2.03,excited,151,-0.15999999999999992,1.2306802901617933e-05
2.03,excited,151,-0.15749999999999997,2.168127486740324e-05
2.03,excited,151,-0.15500000000000003,2.996034805243566e-05
2.03,excited,151,-0.15249999999999986,3.215383844786561e-05
2.03,excited,151,-0.1499999999999999,2.8916131531110746e-05
2.03,excited,151,-0.14749999999999996,2.5098235894206755e-05
2.03,excited,151,-0.14500000000000002,2.231936986379401e-05
2.03,excited,151,-0.14250000000000007,2.0549322275215198e-05
2.03,excited,151,-0.1399999999999999,1.988675431713691e-05
2.03,excited,151,-0.13749999999999996,1.8973298212532877e-05
2.03,excited,151,-0.135,1.65674735528904e-05
2.03,excited,151,-0.13250000000000006,1.3605539238124332e-05
2.03,excited,151,-0.1299999999999999,1.0775084564050523e-05
2.03,excited,151,-0.12749999999999995,7.487082894855874e-06
2.03,excited,151,-0.125,4.182802714247736e-06
2.03,excited,151,-0.12250000000000005,1.45459333152348e-06
2.03,excited,151,-0.11999999999999988,5.317816452410002e-07
2.03,excited,151,-0.11749999999999994,4.461516281161766e-06
2.03,excited,151,-0.11499999999999999,1.700748091694278e-05
2.03,excited,151,-0.11250000000000004,4.116605810983648e-05
2.03,excited,151,-0.10999999999999988,6.973378524851064e-05
2.03,excited,151,-0.10749999999999993,9.097471751065697e-05
2.03,excited,151,-0.10499999999999998,0.00010527301769496692
2.03,excited,151,-0.10250000000000004,0.00011500371578473453
2.03,excited,151,-0.09999999999999987,0.00011969730309869835
2.03,excited,151,-0.09749999999999992,0.00012268891107163995
2.03,excited,151,-0.09499999999999997,0.00012345926025939888
2.03,excited,151,-0.09250000000000003,0.00012136226533574047
2.03,excited,151,-0.08999999999999986,0.00012553186960194513
2.03,excited,151,-0.08749999999999991,0.00014394599878118442
2.03,excited,151,-0.08499999999999996,0.00016956399045688192
2.03,excited,151,-0.08250000000000002,0.00019124640148407461
2.03,excited,151,-0.08000000000000007,0.0002114932351286741
2.03,excited,151,-0.0774999999999999,0.0002328910027364258
2.03,excited,151,-0.07499999999999996,0.00024880795574018304
2.03,excited,151,-0.07250000000000001,0.000257739568253301
2.03,excited,151,-0.07000000000000006,0.00024507735542361807
2.03,excited,151,-0.0674999999999999,0.0001929555616128264
2.03,excited,151,-0.06499999999999995,0.0001259365914040577
2.03,excited,151,-0.0625,7.533852535337169e-05
2.03,excited,151,-0.06000000000000005,4.262533880240038e-05
2.03,excited,151,-0.057499999999999885,2.3069358910546085e-05
2.03,excited,151,-0.05499999999999994,1.215684854719666e-05
2.03,excited,151,-0.05249999999999999,5.390173124560943e-06
2.03,excited,151,-0.050000000000000044,1.940815008310418e-06
2.03,excited,151,-0.047499999999999876,8.310440619704396e-07
2.03,excited,151,-0.04499999999999993,8.351471647322994e-07
2.03,excited,151,-0.04249999999999998,1.7017535437641047e-06
2.03,excited,151,-0.040000000000000036,3.5646384597635824e-06
2.03,excited,151,-0.03749999999999987,6.218622840274934e-06
2.03,excited,151,-0.03499999999999992,9.212724396919835e-06
2.03,excited,151,-0.03249999999999997,1.1901450273346869e-05
2.03,excited,151,-0.030000000000000027,1.4087545505847766e-05
2.03,excited,151,-0.027499999999999858,1.5010961879875715e-05
2.03,excited,151,-0.02499999999999991,1.3489274574498211e-05
2.03,excited,151,-0.022499999999999964,1.0622964993541175e-05
2.03,excited,151,-0.020000000000000018,8.320026460272397e-06
2.03,excited,151,-0.01749999999999985,6.822007353681246e-06
2.03,excited,151,-0.014999999999999902,5.717812577122188e-06
2.03,excited,151,-0.012499999999999956,4.827882815877524e-06
2.03,excited,151,-0.010000000000000009,3.848473058504298e-06
2.03,excited,151,-0.007500000000000062,2.6267253400367695e-06
2.03,excited,151,-0.004999999999999893,1.414554549828043e-06
2.03,excited,151,-0.0024999999999999467,4.2912380393575785e-07
2.03,excited,151,0.0,1.7881279276506143e-09
2.03,excited,151,0.0024999999999999467,4.2912380393575785e-07
2.03,excited,151,0.004999999999999893,1.414554549828043e-06
2.03,excited,151,0.00749999999999984,2.62672534003667e-06
2.03,excited,151,0.010000000000000231,3.8484730585043615e-06
2.03,excited,151,0.012500000000000178,4.827882815877538e-06
2.03,excited,151,0.015000000000000124,5.717812577122403e-06
2.03,excited,151,0.01750000000000007,6.822007353681287e-06
2.03,excited,151,0.020000000000000018,8.320026460272397e-06
2.03,excited,151,0.022499999999999964,1.0622964993541175e-05
2.03,excited,151,0.02499999999999991,1.3489274574498211e-05
2.03,excited,151,0.027499999999999858,1.5010961879875715e-05
2.03,excited,151,0.03000000000000025,1.4087545505847788e-05
2.03,excited,151,0.032500000000000195,1.1901450273346883e-05
2.03,excited,151,0.03500000000000014,9.212724396920193e-06
2.03,excited,151,0.03750000000000009,6.218622840275011e-06
2.03,excited,151,0.040000000000000036,3.5646384597635824e-06
2.03,excited,151,0.04249999999999998,1.7017535437641047e-06
2.03,excited,151,0.04499999999999993,8.351471647322994e-07
2.03,excited,151,0.047499999999999876,8.310440619704396e-07
2.03,excited,151,0.04999999999999982,1.9408150083103854e-06
2.03,excited,151,0.05250000000000021,5.390173124560408e-06
2.03,excited,151,0.05500000000000016,1.2156848547197134e-05
2.03,excited,151,0.05750000000000011,2.3069358910544855e-05
2.03,excited,151,0.06000000000000005,4.262533880240038e-05
2.03,excited,151,0.0625,7.533852535337169e-05
2.03,excited,151,0.06499999999999995,0.0001259365914040577
2.03,excited,151,0.0674999999999999,0.0001929555616128264
2.03,excited,151,0.06999999999999984,0.00024507735542361313
2.03,excited,151,0.07250000000000023,0.00025773956825329906
2.03,excited,151,0.07500000000000018,0.00024880795574018033
2.03,excited,151,0.07750000000000012,0.00023289100273642823
2.03,excited,151,0.08000000000000007,0.0002114932351286741
2.03,excited,151,0.08250000000000002,0.00019124640148407461
2.03,excited,151,0.08499999999999996,0.00016956399045688192
2.03,excited,151,0.08749999999999991,0.00014394599878118442
2.03,excited,151,0.08999999999999986,0.00012553186960194513
2.03,excited,151,0.09250000000000025,0.00012136226533573358
2.03,excited,151,0.0950000000000002,0.00012345926025940148
2.03,excited,151,0.09750000000000014,0.00012268891107164665
2.03,excited,151,0.10000000000000009,0.00011969730309869567
2.03,excited,151,0.10250000000000004,0.00011500371578473453
2.03,excited,151,0.10499999999999998,0.00010527301769496692
2.03,excited,151,0.10749999999999993,9.097471751065697e-05
2.03,excited,151,0.10999999999999988,6.973378524851064e-05
2.03,excited,151,0.11249999999999982,4.116605810984125e-05
2.03,excited,151,0.11500000000000021,1.7007480916939736e-05
2.03,excited,151,0.11750000000000016,4.461516281162508e-06
2.03,excited,151,0.1200000000000001,5.317816452417799e-07
2.03,excited,151,0.12250000000000005,1.45459333152348e-06
2.03,excited,151,0.125,4.182802714247736e-06
2.03,excited,151,0.12749999999999995,7.487082894855874e-06
2.03,excited,151,0.1299999999999999,1.0775084564050523e-05
2.03,excited,151,0.13249999999999984,1.3605539238127359e-05
2.03,excited,151,0.13500000000000023,1.656747355289247e-05
2.03,excited,151,0.13750000000000018,1.8973298212531464e-05
2.03,excited,151,0.14000000000000012,1.988675431713946e-05
2.03,excited,151,0.14250000000000007,2.0549322275215198e-05
2.03,excited,151,0.14500000000000002,2.231936986379401e-05
2.03,excited,151,0.14749999999999996,2.5098235894206755e-05
2.03,excited,151,0.1499999999999999,2.8916131531110746e-05
2.03,excited,151,0.15249999999999986,3.215383844786561e-05
2.03,excited,151,0.15500000000000025,2.996034805243133e-05
2.03,excited,151,0.1575000000000002,2.168127486739823e-05
2.03,excited,151,0.16000000000000014,1.2306802901618646e-05
2.03,excited,151,0.1625000000000001,5.067914501438726e-06
2.03,excited,151,0.16500000000000004,3.233255194939661e-06
2.03,excited,151,0.16749999999999998,8.728232265795525e-06
2.03,excited,151,0.16999999999999993,2.4229765897598152e-05
2.03,excited,151,0.17249999999999988,6.121375862686594e-05
2.03,excited,151,0.17500000000000027,0.0001311518685889646
2.03,excited,151,0.1775000000000002,0.00024761086315340167
2.03,excited,151,0.18000000000000016,0.0003946289275139793
2.03,excited,151,0.1825000000000001,0.0005005502154812541
2.03,excited,151,0.18500000000000005,0.0005391066727381997
2.03,excited,151,0.1875,0.0005486851256045236
2.03,excited,151,0.18999999999999995,0.0005396646987327664
2.03,excited,151,0.1924999999999999,0.0005186601443530828
2.03,excited,151,0.19499999999999984,0.0004992968665578837
2.03,excited,151,0.19750000000000023,0.00046999754429364845
2.03,excited,151,0.20000000000000018,0.00044071288987322795
2.03,excited,151,0.20250000000000012,0.00045328176924890246
2.03,excited,151,0.20500000000000007,0.000522944347366244
2.03,excited,151,0.20750000000000002,0.0006185318101548836
2.03,excited,151,0.20999999999999996,0.0007152912336632335
2.03,excited,151,0.2124999999999999,0.0008285497974787525
2.03,excited,151,0.21499999999999986,0.0009518186432881321
2.03,excited,151,0.21750000000000025,0.0010599637288674513
2.03,excited,151,0.2200000000000002,0.0011390035093585523
2.03,excited,151,0.22250000000000014,0.0010842494537262953
2.03,excited,151,0.2250000000000001,0.0008322934090663831
2.03,excited,151,0.22750000000000004,0.000531353166226801
2.03,excited,151,0.22999999999999998,0.0003038961359290109
2.03,excited,151,0.23249999999999993,0.00015217401860078805
2.03,excited,151,0.23499999999999988,6.946960931276044e-05
2.03,excited,151,0.23750000000000027,2.783166820818881e-05
2.03,excited,151,0.2400000000000002,1.8020508276561187e-05
2.03,excited,151,0.24250000000000016,5.441656819860717e-05
2.03,excited,151,0.2450000000000001,0.00013274343418219128
2.03,excited,151,0.24750000000000005,0.00023901417528016586
2.03,excited,151,0.25,0.00032091579300513927
2.03,excited,151,0.25249999999999995,0.00033167298109430343
2.03,excited,151,0.2549999999999999,0.00029894640281975647
2.03,excited,151,0.25749999999999984,0.0002588412481856176
2.03,excited,151,0.26000000000000023,0.00021621017286692148
2.03,excited,151,0.2625000000000002,0.00018016918726863147
2.03,excited,151,0.2650000000000001,0.00015981708956901226
2.03,excited,151,0.26750000000000007,0.0001573988271064435
2.03,excited,151,0.27,0.0001827471744566998
2.03,excited,151,0.27249999999999996,0.00025549935968505427
2.03,excited,151,0.2749999999999999,0.0003870800236285017
2.03,excited,151,0.27749999999999986,0.0005585263506342944
2.03,excited,151,0.28000000000000025,0.000763851174216397
2.03,excited,151,0.2825000000000002,0.0010462698897629255
2.03,excited,151,0.28500000000000014,0.0014092097785844114
2.03,excited,151,0.2875000000000001,0.0018472408195060856
2.03,excited,151,0.29000000000000004,0.0023038200963845386
2.03,excited,151,0.2925,0.0024682841134911226
2.03,excited,151,0.29499999999999993,0.0022012472612042366
2.03,excited,151,0.2974999999999999,0.001792977502167855
2.03,excited,151,0.30000000000000027,0.0014205775983770201
2.03,excited,151,0.3025000000000002,0.0010947621569853006
2.03,excited,151,0.30500000000000016,0.0008467185257992612
2.03,excited,151,0.3075000000000001,0.0006265909962875135
2.03,excited,151,0.31000000000000005,0.000413910427880374
2.03,excited,151,0.3125,0.0002642268837634542
2.03,excited,151,0.31499999999999995,0.00019364364728380315
2.03,excited,151,0.3174999999999999,0.00018489988852926867
2.03,excited,151,0.31999999999999984,0.00023462653881486475
2.03,excited,151,0.32250000000000023,0.00035644415253748794
2.03,excited,151,0.3250000000000002,0.0005579093707555897
2.03,excited,151,0.3275000000000001,0.0008304843017657457
2.03,excited,151,0.33000000000000007,0.0011764737816668306
2.03,excited,151,0.3325,0.0014974756645028864
2.03,excited,151,0.33499999999999996,0.0014909506109221432
2.03,excited,151,0.3374999999999999,0.0010659924733068405
2.03,excited,151,0.33999999999999986,0.0005381765596260511
2.03,excited,151,0.34250000000000025,0.00019091323515112938
2.03,excited,151,0.3450000000000002,0.0002682207073784058
2.03,excited,151,0.34750000000000014,0.0008582209495072926
2.03,excited,151,0.3500000000000001,0.002040456749546062
2.03,excited,151,0.35250000000000004,0.004485252794937088
2.03,excited,151,0.355,0.00876856870182885
2.03,excited,151,0.35749999999999993,0.01549849511905379
2.03,excited,151,0.3599999999999999,0.023811942607459217
2.03,excited,151,0.36250000000000027,0.029458409101120454
2.03,excited,151,0.3650000000000002,0.030682393294457194
2.03,excited,151,0.36750000000000016,0.030026955229369875
2.03,excited,151,0.3700000000000001,0.02850374926451243
2.03,excited,151,0.37250000000000005,0.02641105806139512
2.03,excited,151,0.375,0.024550774238069825
2.03,excited,151,0.37749999999999995,0.022432685753231943
2.03,excited,151,0.3799999999999999,0.020267971107223278
2.03,excited,151,0.38249999999999984,0.01981826032546601
2.03,excited,151,0.38500000000000023,0.021828918194781506
2.03,excited,151,0.3875000000000002,0.02490366329180827
2.03,excited,151,0.3900000000000001,0.027692863107571086
2.03,excited,151,0.39250000000000007,0.030676076321896298
2.03,excited,151,0.395,0.03380028688342259
2.03,excited,151,0.39749999999999996,0.036084234412201925
2.03,excited,151,0.3999999999999999,0.037283250788901066
2.03,excited,151,0.40249999999999986,0.03467249676764121
2.03,excited,151,0.40500000000000025,0.02621678098934412
2.03,excited,151,0.4075000000000002,0.016364109060519983
2.03,excited,151,0.41000000000000014,0.009184653719150945
2.03,excited,151,0.4125000000000001,0.004615704625132734
2.03,excited,151,0.41500000000000004,0.0021161148651147777
2.03,excited,151,0.4175,0.000844942322856265
2.03,excited,151,0.41999999999999993,0.000249694591546474
2.03,excited,151,0.4224999999999999,0.0004070283481716269
2.03,excited,151,0.42500000000000027,0.001070684282433201
2.03,excited,151,0.4275000000000002,0.0018879068114610743
2.03,excited,151,0.43000000000000016,0.002335850587514358
2.03,excited,151,0.4325000000000001,0.0021040099621656987
2.03,excited,151,0.43500000000000005,0.0015583375223007826
2.03,excited,151,0.4375,0.0010671972360277164
2.03,excited,151,0.43999999999999995,0.0006848701167303376
2.03,excited,151,0.4424999999999999,0.00041938803232287515
2.03,excited,151,0.44499999999999984,0.0002818530796393175
2.03,excited,151,0.44750000000000023,0.0002555406101084909
2.03,excited,151,0.4500000000000002,0.000333423143220528
2.03,excited,151,0.4525000000000001,0.0005507960427197288
2.03,excited,151,0.45500000000000007,0.0009525457487182333
2.03,excited,151,0.4575,0.0014756322313336143
2.03,excited,151,0.45999999999999996,0.0020453698816559683
2.03,excited,151,0.4624999999999999,0.0027989661033918467
2.03,excited,151,0.46499999999999986,0.0037969191303680325
2.03,excited,151,0.46750000000000025,0.004997672321745318
2.03,excited,151,0.4700000000000002,0.006312480594606661
2.03,excited,151,0.47250000000000014,0.006949313496135049
2.03,excited,151,0.4750000000000001,0.006346911743474582
2.03,excited,151,0.47750000000000004,0.005221528098241556
2.03,excited,151,0.48,0.0041840036924793095
2.03,excited,151,0.48249999999999993,0.003266830930607127
2.03,excited,151,0.4849999999999999,0.0025510972484603543
2.03,excited,151,0.48750000000000027,0.0019761320264202777
2.03,excited,151,0.4900000000000002,0.0014543311323062349
2.03,excited,151,0.49250000000000016,0.0010850297946799516
2.03,excited,151,0.4950000000000001,0.0009342197388742798
2.03,excited,151,0.49750000000000005,0.0009511074602016036
2.03,excited,151,0.5,0.0010622192228173966
2.03,excited,151,0.5025,0.0012454577061334557
2.03,excited,151,0.5049999999999999,0.0014979480456122328
2.03,excited,151,0.5074999999999998,0.0017599282360958072
2.03,excited,151,0.5100000000000002,0.002000428878407614
2.03,excited,151,0.5125000000000002,0.0021366420737570545
2.03,excited,151,0.5150000000000001,0.001900593745133551
2.03,excited,151,0.5175000000000001,0.0012970327150014216
2.03,excited,151,0.52,0.0006956130525949426
2.03,excited,151,0.5225,0.00028839232288344193
2.03,excited,151,0.5249999999999999,0.000109967489943354
2.03,excited,151,0.5274999999999999,0.00014273505893448463
2.03,excited,151,0.5300000000000002,0.00031819863640972104
2.03,excited,151,0.5325000000000002,0.0007408149765764134
2.03,excited,151,0.5350000000000001,0.0014961743844445242
2.03,excited,151,0.5375000000000001,0.002613761325040991
2.03,excited,151,0.54,0.003929528946440439
2.03,excited,151,0.5425,0.004726335338922876
2.03,excited,151,0.5449999999999999,0.004691372707814363
2.03,excited,151,0.5474999999999999,0.004310483881006644
2.03,excited,151,0.5500000000000003,0.0038429255075436318
2.03,excited,151,0.5525000000000002,0.003332136231130713
2.03,excited,151,0.5550000000000002,0.002902347023809744
2.03,excited,151,0.5575000000000001,0.002525473168836997
2.03,excited,151,0.56,0.0022012710125615806
2.03,excited,151,0.5625,0.002090560716138002
2.03,excited,151,0.565,0.0022769209854059474
2.03,excited,151,0.5674999999999999,0.00262253708775248
2.03,excited,151,0.5699999999999998,0.002948201708848199
2.03,excited,151,0.5725000000000002,0.0032869824129126268
2.03,excited,151,0.5750000000000002,0.0036788020817581845
2.03,excited,151,0.5775000000000001,0.004016333529104851
2.03,excited,151,0.5800000000000001,0.004279952788026922
2.03,excited,151,0.5825,0.004211574091221202
2.03,excited,151,0.585,0.0034513499783238436
2.03,excited,151,0.5874999999999999,0.0023645969293288774
2.03,excited,151,0.5899999999999999,0.0014930840200443453
2.03,excited,151,0.5925000000000002,0.0008917768398904286
2.03,excited,151,0.5950000000000002,0.0005081576322773722
2.03,excited,151,0.5975000000000001,0.00027661815703148836
2.03,excited,151,0.6000000000000001,0.00011381650984095538
2.03,excited,151,0.6025,2.4589979210336234e-05
2.03,excited,151,0.605,4.247155516471843e-06
2.03,excited,151,0.6074999999999999,1.6121330610519064e-05
2.03,excited,151,0.6099999999999999,2.6689625608063107e-05
2.03,excited,151,0.6125000000000003,1.902940410947983e-05
2.03,excited,151,0.6150000000000002,6.94024578250808e-06
2.03,excited,151,0.6175000000000002,8.476789602445504e-06
2.03,excited,151,0.6200000000000001,2.9047970631533056e-05
2.03,excited,151,0.6225,6.596591470688647e-05
2.03,excited,151,0.625,9.727256287748753e-05
2.03,excited,151,0.6275,8.776002147327475e-05
2.03,excited,151,0.6299999999999999,4.412106399456954e-05
2.03,excited,151,0.6324999999999998,1.2176652034239618e-05
2.03,excited,151,0.6350000000000002,3.6865477106754e-05
2.03,excited,151,0.6375000000000002,0.00015086554471140253
2.03,excited,151,0.6400000000000001,0.00033987660610581476
2.03,excited,151,0.6425000000000001,0.00064564905280542
2.03,excited,151,0.645,0.0011700485102244642
2.03,excited,151,0.6475,0.001960958180378288
2.03,excited,151,0.6499999999999999,0.0030648250658904075
2.03,excited,151,0.6524999999999999,0.0041322769735023645
2.03,excited,151,0.6550000000000002,0.004537480521362568
2.03,excited,151,0.6575000000000002,0.004369638428106301
2.03,excited,151,0.6600000000000001,0.004055372595698384
2.03,excited,151,0.6625000000000001,0.0036620400728899867
2.03,excited,151,0.665,0.003272728781659975
2.03,excited,151,0.6675,0.0029392295460140823
2.03,excited,151,0.6699999999999999,0.0025748400205251537
2.03,excited,151,0.6724999999999999,0.002277700819632007
2.03,excited,151,0.6750000000000003,0.0022473100581101493
2.03,excited,151,0.6775000000000002,0.0024843760357029497
2.03,excited,151,0.6800000000000002,0.002804544317728457
2.03,excited,151,0.6825000000000001,0.003120025507453558
2.03,excited,151,0.685,0.0034953546710680275
2.03,excited,151,0.6875,0.0038635214699341107
2.03,excited,151,0.69,0.0041410745879499975
2.03,excited,151,0.6924999999999999,0.004254091597501482
2.03,excited,151,0.6949999999999998,0.0037950928058229885
2.03,excited,151,0.6975000000000002,0.0027091600301056675
2.03,excited,151,0.7000000000000002,0.0016198162748153216
2.03,excited,151,0.7025000000000001,0.0008607928889422425
2.03,excited,151,0.7050000000000001,0.000394597968839292
2.03,excited,151,0.7075,0.0001686809568392355
2.03,excited,151,0.71,6.980535820082886e-05
2.03,excited,151,0.7124999999999999,8.159843304181493e-05
2.03,excited,151,0.7149999999999999,0.00022839728922965672
2.03,excited,151,0.7175000000000002,0.00047681426101271805
2.03,excited,151,0.7200000000000002,0.0007641881721983763
2.03,excited,151,0.7225000000000001,0.0009247983052906437
2.03,excited,151,0.7250000000000001,0.0008792094328865982
2.03,excited,151,0.7275,0.0007466539705324052
2.03,excited,151,0.73,0.0006125761846495613
2.03,excited,151,0.7324999999999999,0.0004860435898854397
2.03,excited,151,0.7349999999999999,0.00038884287323917474
2.03,excited,151,0.7375000000000003,0.00033078348595342905
2.03,excited,151,0.7400000000000002,0.00031031696829154454
2.03,excited,151,0.7425000000000002,0.00034228843928260454
2.03,excited,151,0.7450000000000001,0.0004501403272939443
2.03,excited,151,0.7475,0.0006304043727183631
2.03,excited,151,0.75,0.0008382688585009946
2.03,excited,151,0.7525,0.0010725924269720602
2.03,excited,151,0.7549999999999999,0.0013834766534424263
2.03,excited,151,0.7574999999999998,0.0017526747119792348
2.03,excited,151,0.7600000000000002,0.0021705110926670984
2.03,excited,151,0.7625000000000002,0.002533260913542867
2.03,excited,151,0.7650000000000001,0.00251186528518388
2.03,excited,151,0.7675000000000001,0.0020924589916903645
2.03,excited,151,0.77,0.0016175821838349154
2.03,excited,151,0.7725,0.0012177020600125977
2.03,excited,151,0.7749999999999999,0.0008943798456745571
2.03,excited,151,0.7774999999999999,0.0006593521419645803
2.03,excited,151,0.7800000000000002,0.0004587989545859084
2.03,excited,151,0.7825000000000002,0.00028618001767155197
2.03,excited,151,0.7850000000000001,0.00017795639346367327
2.03,excited,151,0.7875000000000001,0.00013142617705464435
2.03,excited,151,0.79,0.00012797137168617877
2.03,excited,151,0.7925,0.00016216631895191888
2.03,excited,151,0.7949999999999999,0.0002376697062817508
2.03,excited,151,0.7974999999999999,0.00035088373015009216
2.03,excited,151,0.8000000000000003,0.0004904328482611078
2.03,excited,151,0.8025000000000002,0.0006510898632026591
2.03,excited,151,0.8050000000000002,0.0007643688244877017
2.03,excited,151,0.8075000000000001,0.0006915263161131339
2.03,excited,151,0.81,0.0004497132679880446
2.03,excited,151,0.8125,0.00020702227172672016
2.03,excited,151,0.815,7.080831314619168e-05
2.03,excited,151,0.8174999999999999,0.00011968098319892675
2.03,excited,151,0.8199999999999998,0.0003485331144649789
2.03,excited,151,0.8225000000000002,0.0007881160048885809
2.03,excited,151,0.8250000000000002,0.0016534523858782342
2.03,excited,151,0.8275000000000001,0.003071862773604717
2.03,excited,151,0.8300000000000001,0.005165491651942618
2.03,excited,151,0.8325,0.007444390163117967
2.03,excited,151,0.835,0.008617066397126361
2.03,excited,151,0.8374999999999999,0.008532061557091228
2.03,excited,151,0.8399999999999999,0.008024665880596117
2.03,excited,151,0.8425000000000002,0.007315255284264466
2.03,excited,151,0.8450000000000002,0.006537624116237008
2.03,excited,151,0.8475000000000001,0.005865097071088685
2.03,excited,151,0.8500000000000001,0.0051569550434539336
2.03,excited,151,0.8525,0.004533780496006844
2.03,excited,151,0.855,0.004382219521520295
2.03,excited,151,0.8574999999999999,0.00475041700558103
2.03,excited,151,0.8599999999999999,0.005265640139253129
2.03,excited,151,0.8625000000000003,0.005690168795845089
2.03,excited,151,0.8650000000000002,0.006149954018943225
2.03,excited,151,0.8675000000000002,0.006583565745689271
2.03,excited,151,0.8700000000000001,0.006828081709790967
2.03,excited,151,0.8725,0.006830843092747823
2.03,excited,151,0.875,0.0060533099177896114
2.03,excited,151,0.8775,0.004339593847683363
2.03,excited,151,0.8799999999999999,0.002607937776221226
2.03,excited,151,0.8824999999999998,0.0014245003532279094
2.03,excited,151,0.8850000000000002,0.0006986860776316775
2.03,excited,151,0.8875000000000002,0.00031710278296183056
2.03,excited,151,0.8900000000000001,0.00012064580752641011
2.03,excited,151,0.8925000000000001,3.2621233990140636e-05
2.03,excited,151,0.895,5.7087165567826e-05
2.03,excited,151,0.8975,0.00014719794361151
2.03,excited,151,0.8999999999999999,0.0002480511136874642
2.03,excited,151,0.9024999999999999,0.0002874357232482873
2.03,excited,151,0.9050000000000002,0.0002411279336843749
2.03,excited,151,0.9075000000000002,0.00016620754097038893
2.03,excited,151,0.9100000000000001,0.00010397554878756454
2.03,excited,151,0.9125000000000001,5.83789249791878e-05
2.03,excited,151,0.915,2.9659118879634993e-05
2.03,excited,151,0.9175,1.6806652257079766e-05
2.03,excited,151,0.9199999999999999,1.5988128509063878e-05
2.03,excited,151,0.9224999999999999,2.67766859463411e-05
2.03,excited,151,0.9250000000000003,5.581251624954428e-05
2.03,excited,151,0.9275000000000002,0.0001112105497722988
2.03,excited,151,0.9300000000000002,0.0001853266438741862
2.03,excited,151,0.9325000000000001,0.0002705718691034079
2.03,excited,151,0.935,0.00038978504620516553
2.03,excited,151,0.9375,0.0005518243128992933
2.03,excited,151,0.94,0.0007560483430918056
2.03,excited,151,0.9424999999999999,0.0009831003920925889
2.03,excited,151,0.9449999999999998,0.0010975793365324824
2.03,excited,151,0.9475000000000002,0.0010229749867054036
2.03,excited,151,0.9500000000000002,0.0008748018540156636
2.03,excited,151,0.9525000000000001,0.0007337323802954143
2.03,excited,151,0.9550000000000001,0.0006031490694504889
2.03,excited,151,0.9575,0.0004997714088130048
2.03,excited,151,0.96,0.00041239206258807923
2.03,excited,151,0.9624999999999999,0.00032893522713647714
2.03,excited,151,0.9649999999999999,0.0002730590801243141
2.03,excited,151,0.9675000000000002,0.0002620734124572421
2.03,excited,151,0.9700000000000002,0.00028543672530226396
2.03,excited,151,0.9725000000000001,0.00032390964747533153
2.03,excited,151,0.9750000000000001,0.0003744900644847831
2.03,excited,151,0.9775,0.000439330539937499
2.03,excited,151,0.98,0.0005034031438063575
2.03,excited,151,0.9824999999999999,0.0005602254929960293
2.03,excited,151,0.9849999999999999,0.0005829713539191071
2.03,excited,151,0.9875000000000003,0.0005036063949566044
2.03,excited,151,0.9900000000000002,0.0003411730920756419
2.03,excited,151,0.9925000000000002,0.00019111137985247298
2.03,excited,151,0.9950000000000001,8.862680604373519e-05
2.03,excited,151,0.9975,3.5296206338916394e-05
2.03,excited,151,1.0,2.2703760472558727e-05
2.03,excited,151,1.0025,3.52962063389046e-05
2.03,excited,151,1.005,8.862680604367896e-05
2.03,excited,151,1.0075000000000003,0.00019111137985258775
2.03,excited,151,1.0100000000000002,0.00034117309207587655
2.03,excited,151,1.0125000000000002,0.000503606394956364
2.03,excited,151,1.0150000000000001,0.0005829713539190879
2.03,excited,151,1.0175,0.000560225492996027
2.03,excited,151,1.02,0.0005034031438065135
2.03,excited,151,1.0225,0.00043933053993741746
2.03,excited,151,1.025,0.0003744900644848106
2.03,excited,151,1.0274999999999999,0.000323909647475288
2.03,excited,151,1.0300000000000002,0.00028543672530229774
2.03,excited,151,1.0325000000000002,0.0002620734124572706
2.03,excited,151,1.0350000000000001,0.0002730590801242266
2.03,excited,151,1.0375,0.0003289352271365228
2.03,excited,151,1.04,0.00041239206258812
2.03,excited,151,1.0425,0.0004997714088131529
2.03,excited,151,1.045,0.0006031490694505085
2.03,excited,151,1.0474999999999999,0.00073373238029544
2.03,excited,151,1.0500000000000003,0.0008748018540155809
2.03,excited,151,1.0525000000000002,0.0010229749867053822
2.03,excited,151,1.0550000000000002,0.0010975793365326477
2.03,excited,151,1.0575,0.0009831003920925967
2.03,excited,151,1.06,0.0007560483430920586
2.03,excited,151,1.0625,0.0005518243128990836
2.03,excited,151,1.065,0.00038978504620516916
2.03,excited,151,1.0675,0.00027057186910336593
2.03,excited,151,1.0700000000000003,0.00018532664387423375
2.03,excited,151,1.0725000000000002,0.00011121054977227108
2.03,excited,151,1.0750000000000002,5.581251624963822e-05
2.03,excited,151,1.0775000000000001,2.6776685946353957e-05
2.03,excited,151,1.08,1.5988128509078457e-05
2.03,excited,151,1.0825,1.680665225706128e-05
2.03,excited,151,1.085,2.9659118879693766e-05
2.03,excited,151,1.0875,5.837892497922655e-05
2.03,excited,151,1.0899999999999999,0.00010397554878755829
2.03,excited,151,1.0925000000000002,0.0001662075409703803
2.03,excited,151,1.0950000000000002,0.00024112793368446546
2.03,excited,151,1.0975000000000001,0.0002874357232482626
2.03,excited,151,1.1,0.0002480511136875126
2.03,excited,151,1.1025,0.00014719794361156116
2.03,excited,151,1.105,5.708716556793435e-05
2.03,excited,151,1.1075,3.262123399012499e-05
2.03,excited,151,1.1099999999999999,0.00012064580752642115
2.03,excited,151,1.1125000000000003,0.00031710278296173157
2.03,excited,151,1.1150000000000002,0.0006986860776320963
2.03,excited,151,1.1175000000000002,0.0014245003532282043
2.03,excited,151,1.12,0.002607937776221103
2.03,excited,151,1.1225,0.004339593847683023
2.03,excited,151,1.125,0.006053309917788803
2.03,excited,151,1.1275,0.006830843092748316
2.03,excited,151,1.13,0.006828081709790814
2.03,excited,151,1.1325000000000003,0.006583565745688119
2.03,excited,151,1.1350000000000002,0.006149954018943855
2.03,excited,151,1.1375000000000002,0.005690168795844888
2.03,excited,151,1.1400000000000001,0.005265640139253055
2.03,excited,151,1.1425,0.0047504170055808325
2.03,excited,151,1.145,0.004382219521520749
2.03,excited,151,1.1475,0.004533780496007069
2.03,excited,151,1.15,0.005156955043453781
2.03,excited,151,1.1524999999999999,0.005865097071088592
2.03,excited,151,1.1550000000000002,0.006537624116236839
2.03,excited,151,1.1575000000000002,0.007315255284264554
2.03,excited,151,1.1600000000000001,0.008024665880596103
2.03,excited,151,1.1625,0.008532061557091747
2.03,excited,151,1.165,0.008617066397125464
2.03,excited,151,1.1675,0.0074443901631183135
2.03,excited,151,1.17,0.00516549165194285
2.03,excited,151,1.1724999999999999,0.0030718627736054218
2.03,excited,151,1.1750000000000003,0.0016534523858781046
2.03,excited,151,1.1775000000000002,0.0007881160048883911
2.03,excited,151,1.1800000000000002,0.00034853311446493947
2.03,excited,151,1.1825,0.0001196809831989424
2.03,excited,151,1.185,7.08083131461997e-05
2.03,excited,151,1.1875,0.00020702227172682768
2.03,excited,151,1.19,0.00044971326798774904
2.03,excited,151,1.1925,0.00069152631611347
2.03,excited,151,1.1950000000000003,0.0007643688244876047
2.03,excited,151,1.1975000000000002,0.0006510898632028697
2.03,excited,151,1.2000000000000002,0.0004904328482611637
2.03,excited,151,1.2025000000000001,0.00035088373014995425
2.03,excited,151,1.205,0.00023766970628174208
2.03,excited,151,1.2075,0.0001621663189520137
2.03,excited,151,1.21,0.00012797137168614318
2.03,excited,151,1.2125,0.00013142617705458646
2.03,excited,151,1.2149999999999999,0.00017795639346370904
2.03,excited,151,1.2175000000000002,0.0002861800176715486
2.03,excited,151,1.2200000000000002,0.0004587989545859929
2.03,excited,151,1.2225000000000001,0.0006593521419648265
2.03,excited,151,1.225,0.0008943798456748153
2.03,excited,151,1.2275,0.0012177020600125097
2.03,excited,151,1.23,0.001617582183834719
2.03,excited,151,1.2325,0.002092458991689719
2.03,excited,151,1.2349999999999999,0.0025118652851838937
2.03,excited,151,1.2375000000000003,0.0025332609135424863
2.03,excited,151,1.2400000000000002,0.00217051109266699
2.03,excited,151,1.2425000000000002,0.0017526747119795628
2.03,excited,151,1.245,0.0013834766534422684
2.03,excited,151,1.2475,0.0010725924269722052
2.03,excited,151,1.25,0.000838268858500785
2.03,excited,151,1.2525,0.0006304043727183204
2.03,excited,151,1.255,0.000450140327293724
2.03,excited,151,1.2575000000000003,0.0003422884392827215
2.03,excited,151,1.2600000000000002,0.0003103169682914965
2.03,excited,151,1.2625000000000002,0.00033078348595349036
2.03,excited,151,1.2650000000000001,0.00038884287323898533
2.03,excited,151,1.2675,0.00048604358988578363
2.03,excited,151,1.27,0.0006125761846497268
2.03,excited,151,1.2725,0.000746653970532435
2.03,excited,151,1.275,0.0008792094328867287
2.03,excited,151,1.2774999999999999,0.0009247983052910892
2.03,excited,151,1.2800000000000002,0.0007641881721981022
2.03,excited,151,1.2825000000000002,0.0004768142610128554
2.03,excited,151,1.2850000000000001,0.00022839728922957256
2.03,excited,151,1.2875,8.159843304184032e-05
2.03,excited,151,1.29,6.980535820090557e-05
2.03,excited,151,1.2925,0.0001686809568391306
2.03,excited,151,1.295,0.00039459796883924863
2.03,excited,151,1.2974999999999999,0.0008607928889421198
2.03,excited,151,1.3000000000000003,0.0016198162748153383
2.03,excited,151,1.3025000000000002,0.0027091600301062378
2.03,excited,151,1.3050000000000002,0.0037950928058238125
2.03,excited,151,1.3075,0.004254091597501295
2.03,excited,151,1.31,0.004141074587950802
2.03,excited,151,1.3125,0.003863521469934068
2.03,excited,151,1.315,0.0034953546710680206
2.03,excited,151,1.3175,0.0031200255074537537
2.03,excited,151,1.3200000000000003,0.0028045443177283033
2.03,excited,151,1.3225000000000002,0.002484376035703187
2.03,excited,151,1.3250000000000002,0.0022473100581095534
2.03,excited,151,1.3275000000000001,0.0022777008196320056
2.03,excited,151,1.33,0.0025748400205253116
2.03,excited,151,1.3325,0.002939229546014198
2.03,excited,151,1.335,0.0032727287816598175
2.03,excited,151,1.3375,0.003662040072889239
2.03,excited,151,1.3399999999999999,0.004055372595698452
2.03,excited,151,1.3425000000000002,0.004369638428106816
2.03,excited,151,1.3450000000000002,0.004537480521362863
2.03,excited,151,1.3475000000000001,0.0041322769735022
2.03,excited,151,1.35,0.003064825065890548
2.03,excited,151,1.3525,0.0019609581803783486
2.03,excited,151,1.355,0.0011700485102244388
2.03,excited,151,1.3575,0.0006456490528053427
2.03,excited,151,1.3599999999999999,0.00033987660610603187
2.03,excited,151,1.3625000000000003,0.00015086554471135252
2.03,excited,151,1.3650000000000002,3.6865477106707976e-05
2.03,excited,151,1.3675000000000002,1.2176652034276193e-05
2.03,excited,151,1.37,4.41210639945517e-05
2.03,excited,151,1.3725,8.776002147336649e-05
2.03,excited,151,1.375,9.72725628774777e-05
2.03,excited,151,1.3775,6.596591470686099e-05
2.03,excited,151,1.38,2.9047970631611796e-05
2.03,excited,151,1.3825000000000003,8.476789602443158e-06
2.03,excited,151,1.3850000000000002,6.94024578248335e-06
2.03,excited,151,1.3875000000000002,1.9029404109511465e-05
2.03,excited,151,1.3900000000000001,2.668962560806391e-05
2.03,excited,151,1.3925,1.612133061051869e-05
2.03,excited,151,1.395,4.247155516454635e-06
2.03,excited,151,1.3975,2.4589979210306537e-05
2.03,excited,151,1.4,0.00011381650984087602
2.03,excited,151,1.4024999999999999,0.00027661815703162274
2.03,excited,151,1.4050000000000002,0.0005081576322775421
2.03,excited,151,1.4075000000000002,0.0008917768398908252
2.03,excited,151,1.4100000000000001,0.0014930840200441501
2.03,excited,151,1.4125,0.0023645969293289446
2.03,excited,151,1.415,0.003451349978323938
2.03,excited,151,1.4175,0.004211574091221219
2.03,excited,151,1.42,0.004279952788026244
2.03,excited,151,1.4224999999999999,0.004016333529105
2.03,excited,151,1.4250000000000003,0.0036788020817583064
2.03,excited,151,1.4275000000000002,0.0032869824129118574
2.03,excited,151,1.4300000000000002,0.0029482017088481903
2.03,excited,151,1.4325,0.0026225370877524775
2.03,excited,151,1.435,0.002276920985406024
2.03,excited,151,1.4375,0.002090560716138256
2.03,excited,151,1.44,0.002201271012561797
2.03,excited,151,1.4425,0.002525473168836139
2.03,excited,151,1.4450000000000003,0.002902347023810025
2.03,excited,151,1.4475000000000002,0.0033321362311301535
2.03,excited,151,1.4500000000000002,0.0038429255075431764
2.03,excited,151,1.4525000000000001,0.004310483881006411
2.03,excited,151,1.455,0.00469137270781522
2.03,excited,151,1.4575,0.0047263353389228775
2.03,excited,151,1.46,0.003929528946440501
2.03,excited,151,1.4625,0.0026137613250410982
2.03,excited,151,1.4649999999999999,0.0014961743844447773
2.03,excited,151,1.4675000000000002,0.0007408149765762095
2.03,excited,151,1.4700000000000002,0.00031819863640979065
2.03,excited,151,1.4725000000000001,0.00014273505893442825
2.03,excited,151,1.475,0.00010996748994338702
2.03,excited,151,1.4775,0.0002883923228834296
2.03,excited,151,1.48,0.0006956130525948062
2.03,excited,151,1.4825,0.001297032715001583
2.03,excited,151,1.4849999999999999,0.0019005937451333757
2.03,excited,151,1.4875000000000003,0.0021366420737568667
2.03,excited,151,1.4900000000000002,0.002000428878407033
2.03,excited,151,1.4925000000000002,0.0017599282360958642
2.03,excited,151,1.495,0.001497948045612223
2.03,excited,151,1.4975,0.001245457706133487
2.03,excited,151,1.5,0.0010622192228173578
2.03,excited,151,1.5025,0.000951107460201308
2.03,excited,151,1.505,0.0009342197388741659
2.03,excited,151,1.5075000000000003,0.0010850297946803451
2.03,excited,151,1.5100000000000002,0.001454331132306654
2.03,excited,151,1.5125000000000002,0.001976132026420098
2.03,excited,151,1.5150000000000001,0.0025510972484600854
2.03,excited,151,1.5175,0.0032668309306074644
2.03,excited,151,1.52,0.0041840036924796166
2.03,excited,151,1.5225,0.005221528098241219
2.03,excited,151,1.525,0.006346911743474985
2.03,excited,151,1.5274999999999999,0.006949313496135795
2.03,excited,151,1.5300000000000002,0.006312480594606354
2.03,excited,151,1.5325000000000002,0.004997672321746126
2.03,excited,151,1.5350000000000001,0.0037969191303681288
2.03,excited,151,1.5375,0.002798966103391502
2.03,excited,151,1.54,0.0020453698816562224
2.03,excited,151,1.5425,0.0014756322313336605
2.03,excited,151,1.545,0.0009525457487181768
2.03,excited,151,1.5474999999999999,0.0005507960427196415
2.03,excited,151,1.5500000000000003,0.00033342314322063263
2.03,excited,151,1.5525000000000002,0.0002555406101084269
2.03,excited,151,1.5550000000000002,0.0002818530796392595
2.03,excited,151,1.5575,0.00041938803232291553
2.03,excited,151,1.56,0.0006848701167302547
2.03,excited,151,1.5625,0.0010671972360274907
2.03,excited,151,1.565,0.0015583375223008815
2.03,excited,151,1.5675,0.002104009962165483
2.03,excited,151,1.5700000000000003,0.0023358505875137607
2.03,excited,151,1.5725000000000002,0.001887906811460632
2.03,excited,151,1.5750000000000002,0.001070684282433367
2.03,excited,151,1.5775000000000001,0.00040702834817167653
2.03,excited,151,1.58,0.0002496945915465438
2.03,excited,151,1.5825,0.0008449423228564828
2.03,excited,151,1.585,0.002116114865114908
2.03,excited,151,1.5875,0.004615704625131931
2.03,excited,151,1.5899999999999999,0.009184653719151064
2.03,excited,151,1.5925000000000002,0.016364109060522106
2.03,excited,151,1.5950000000000002,0.026216780989344483
2.03,excited,151,1.5975000000000001,0.03467249676764074
2.03,excited,151,1.6,0.03728325078890303
2.03,excited,151,1.6025,0.036084234412202335
2.03,excited,151,1.605,0.03380028688342322
2.03,excited,151,1.6075,0.03067607632189683
2.03,excited,151,1.6099999999999999,0.027692863107572185
2.03,excited,151,1.6125000000000003,0.02490366329180811
2.03,excited,151,1.6150000000000002,0.021828918194780448
2.03,excited,151,1.6175000000000002,0.019818260325465492
2.03,excited,151,1.62,0.020267971107222907
2.03,excited,151,1.6225,0.022432685753232814
2.03,excited,151,1.625,0.024550774238069503
2.03,excited,151,1.6275,0.026411058061395588
2.03,excited,151,1.63,0.028503749264513628
2.03,excited,151,1.6325000000000003,0.030026955229367578
2.03,excited,151,1.6350000000000002,0.030682393294457284
2.03,excited,151,1.6375000000000002,0.029458409101119652
2.03,excited,151,1.6400000000000001,0.02381194260745853
2.03,excited,151,1.6425,0.015498495119055463
2.03,excited,151,1.645,0.008768568701827175
2.03,excited,151,1.6475,0.004485252794937347
2.03,excited,151,1.65,0.0020404567495461894
2.03,excited,151,1.6524999999999999,0.0008582209495072446
2.03,excited,151,1.6550000000000002,0.00026822070737823835
2.03,excited,151,1.6575000000000002,0.00019091323515091143
2.03,excited,151,1.6600000000000001,0.0005381765596259875
2.03,excited,151,1.6625,0.0010659924733069678
2.03,excited,151,1.665,0.0014909506109220668
2.03,excited,151,1.6675,0.0014974756645028322
2.03,excited,151,1.67,0.0011764737816670544
2.03,excited,151,1.6724999999999999,0.0008304843017655397
2.03,excited,151,1.6750000000000003,0.0005579093707558521
2.03,excited,151,1.6775000000000002,0.00035644415253732704
2.03,excited,151,1.6800000000000002,0.0002346265388148474
2.03,excited,151,1.6825,0.00018489988852943414
2.03,excited,151,1.685,0.00019364364728363987
2.03,excited,151,1.6875,0.0002642268837635075
2.03,excited,151,1.69,0.0004139104278805025
2.03,excited,151,1.6925,0.000626590996287419
2.03,excited,151,1.6950000000000003,0.0008467185257995731
2.03,excited,151,1.6975000000000002,0.0010947621569858661
2.03,excited,151,1.7000000000000002,0.0014205775983767933
2.03,excited,151,1.7025000000000001,0.001792977502167887
2.03,excited,151,1.705,0.002201247261205009
2.03,excited,151,1.7075,0.0024682841134907687
2.03,excited,151,1.71,0.0023038200963844133
2.03,excited,151,1.7125,0.0018472408195060752
2.03,excited,151,1.7149999999999999,0.0014092097785843012
2.03,excited,151,1.7175000000000002,0.0010462698897622659
2.03,excited,151,1.7200000000000002,0.000763851174216378
2.03,excited,151,1.7225000000000001,0.0005585263506343106
2.03,excited,151,1.725,0.00038708002362844565
2.03,excited,151,1.7275,0.00025549935968512247
2.03,excited,151,1.73,0.00018274717445677227
2.03,excited,151,1.7325,0.00015739882710628017
2.03,excited,151,1.7349999999999999,0.0001598170895689412
2.03,excited,151,1.7375000000000003,0.00018016918726872767
2.03,excited,151,1.7400000000000002,0.00021621017286710016
2.03,excited,151,1.7425000000000002,0.0002588412481858544
2.03,excited,151,1.745,0.0002989464028197347
2.03,excited,151,1.7475,0.0003316729810943039
2.03,excited,151,1.75,0.0003209157930052205
2.03,excited,151,1.7525,0.00023901417528020933
2.03,excited,151,1.755,0.0001327434341822483
2.03,excited,151,1.7575000000000003,5.441656819855508e-05
2.03,excited,151,1.7600000000000002,1.8020508276573608e-05
2.03,excited,151,1.7625000000000002,2.7831668208137868e-05
2.03,excited,151,1.7650000000000001,6.946960931275984e-05
2.03,excited,151,1.7675,0.00015217401860074308
2.03,excited,151,1.77,0.00030389613592895744
2.03,excited,151,1.7725,0.0005313531662264464
2.03,excited,151,1.775,0.0008322934090665427
2.03,excited,151,1.7774999999999999,0.0010842494537260457
2.03,excited,151,1.7800000000000002,0.0011390035093583044
2.03,excited,151,1.7825000000000002,0.0010599637288674385
2.03,excited,151,1.7850000000000001,0.00095181864328828
2.03,excited,151,1.7875,0.0008285497974786606
2.03,excited,151,1.79,0.0007152912336634516
2.03,excited,151,1.7925,0.0006185318101549357
2.03,excited,151,1.795,0.0005229443473660921
2.03,excited,151,1.7974999999999999,0.00045328176924901457
2.03,excited,151,1.8000000000000003,0.0004407128898732421
2.03,excited,151,1.8025000000000002,0.0004699975442937699
2.03,excited,151,1.8050000000000002,0.0004992968665579132
2.03,excited,151,1.8075,0.0005186601443535047
2.03,excited,151,1.81,0.0005396646987325458
2.03,excited,151,1.8125,0.0005486851256044157
2.03,excited,151,1.815,0.0005391066727385156
2.03,excited,151,1.8175,0.0005005502154809688
2.03,excited,151,1.8200000000000003,0.0003946289275138247
2.03,excited,151,1.8225000000000002,0.00024761086315345057
2.03,excited,151,1.8250000000000002,0.00013115186858896896
2.03,excited,151,1.8275000000000001,6.121375862694592e-05
2.03,excited,151,1.83,2.422976589769445e-05
2.03,excited,151,1.8325,8.728232265779328e-06
2.03,excited,151,1.835,3.2332551949302174e-06
2.03,excited,151,1.8375,5.067914501443715e-06
2.03,excited,151,1.8399999999999999,1.230680290163179e-05
2.03,excited,151,1.8425000000000002,2.168127486739758e-05
2.03,excited,151,1.8450000000000002,2.9960348052459803e-05
2.03,excited,151,1.8475000000000001,3.2153838447866185e-05
2.03,excited,151,1.85,2.89161315310934e-05
2.03,excited,151,1.8525,2.5098235894230428e-05
2.03,excited,151,1.855,2.2319369863798813e-05
2.03,excited,151,1.8575,2.054932227516615e-05
2.03,excited,151,1.8599999999999999,1.988675431720413e-05
2.03,excited,151,1.8625000000000003,1.8973298212535282e-05
2.03,excited,151,1.8650000000000002,1.656747355291845e-05
2.03,excited,151,1.8675000000000002,1.3605539238145265e-05
2.03,excited,151,1.87,1.0775084564053277e-05
2.03,excited,151,1.8725,7.487082894815285e-06
2.03,excited,151,1.875,4.182802714246087e-06
2.03,excited,151,1.8775,1.4545933315427856e-06
2.03,excited,151,1.88,5.317816452349845e-07
2.03,excited,151,1.8825000000000003,4.461516281169117e-06
2.03,excited,151,1.8850000000000002,1.700748091695488e-05
2.03,excited,151,1.8875000000000002,4.116605810975746e-05
2.03,excited,151,1.8900000000000001,6.973378524843475e-05
2.03,excited,151,1.8925,9.097471751062813e-05
2.03,excited,151,1.895,0.00010527301769495914
2.03,excited,151,1.8975,0.00011500371578487878
2.03,excited,151,1.9,0.00011969730309865162
2.03,excited,151,1.9025000000000003,0.00012268891107155137
2.03,excited,151,1.9050000000000002,0.00012345926025961404
2.03,excited,151,1.9075000000000002,0.00012136226533579534
2.03,excited,151,1.9100000000000001,0.00012553186960199495
2.03,excited,151,1.9125,0.00014394599878133415
2.03,excited,151,1.915,0.00016956399045695489
2.03,excited,151,1.9175,0.00019124640148386116
2.03,excited,151,1.92,0.0002114932351286795
2.03,excited,151,1.9224999999999999,0.00023289100273665649
2.03,excited,151,1.9250000000000003,0.00024880795574018733
2.03,excited,151,1.9275000000000002,0.00025773956825326556
2.03,excited,151,1.9300000000000002,0.00024507735542342155
2.03,excited,151,1.9325,0.00019295556161266823
2.03,excited,151,1.935,0.00012593659140416484
2.03,excited,151,1.9375,7.533852535340576e-05
2.03,excited,151,1.94,4.26253388023583e-05
2.03,excited,151,1.9425,2.3069358910568277e-05
2.03,excited,151,1.9450000000000003,1.2156848547188032e-05
2.03,excited,151,1.9475000000000002,5.390173124552725e-06
2.03,excited,151,1.9500000000000002,1.9408150083136613e-06
2.03,excited,151,1.9525000000000001,8.310440619731744e-07
2.03,excited,151,1.955,8.351471647312512e-07
2.03,excited,151,1.9575,1.7017535437743995e-06
2.03,excited,151,1.96,3.5646384597377123e-06
2.03,excited,151,1.9625,6.218622840288475e-06
2.03,excited,151,1.9650000000000003,9.212724396923642e-06
2.03,excited,151,1.9675000000000002,1.1901450273330338e-05
2.03,excited,151,1.9700000000000002,1.4087545505821476e-05
2.03,excited,151,1.9725000000000001,1.5010961879936217e-05
2.03,excited,151,1.975,1.3489274574481443e-05
2.03,excited,151,1.9775,1.0622964993577744e-05
2.03,excited,151,1.98,8.320026460256985e-06
2.03,excited,151,1.9825,6.8220073536933074e-06
2.03,excited,151,1.9849999999999999,5.717812577111334e-06
2.03,excited,151,1.9875000000000003,4.827882815817222e-06
2.03,excited,151,1.9900000000000002,3.848473058523801e-06
2.03,excited,151,1.9925000000000002,2.6267253400605165e-06
2.03,excited,151,1.995,1.4145545498506995e-06
2.03,excited,151,1.9975,4.2912380393032217e-07
2.03,excited,151,2.0,1.7881279276506143e-09
