{
  "status": "physically_consistent",
  "formula_gate_status": "passed",
  "fig1_graph": {
    "nodes": 18,
    "edges": 30,
    "expected_nodes": 18
  },
  "dynamics": {
    "L": 16,
    "times": 73,
    "summary": {
      "z2": {
        "entropy_slope_early_time": 0.10876502742242988,
        "max_return_after_t1": 0.7865339613964466,
        "correlation_peak_times": [
          1.1666666666666665,
          3.6666666666666665,
          6.0,
          8.333333333333332,
          10.666666666666666
        ],
        "correlation_period_mean": 2.375
      },
      "z3": {
        "entropy_slope_early_time": 0.323689252955183,
        "max_return_after_t1": 0.029038724560724205,
        "correlation_peak_times": [
          2.5,
          4.333333333333333,
          5.833333333333333,
          7.333333333333333,
          9.166666666666666,
          10.833333333333332
        ],
        "correlation_period_mean": 1.6666666666666665
      },
      "z4": {
        "entropy_slope_early_time": 0.5290441206672649,
        "max_return_after_t1": 0.0682809476492422,
        "correlation_peak_times": [
          2.0,
          4.833333333333333,
          6.333333333333333,
          7.833333333333333,
          10.166666666666666,
          11.833333333333332
        ],
        "correlation_period_mean": 1.9666666666666663
      },
      "vacuum": {
        "entropy_slope_early_time": 0.6331115718931875,
        "max_return_after_t1": 0.2618488024382502,
        "correlation_peak_times": [
          2.1666666666666665,
          4.166666666666666,
          6.333333333333333,
          8.0,
          9.666666666666666,
          11.5
        ],
        "correlation_period_mean": 1.8666666666666665
      }
    }
  },
  "special_states": {
    "L": 16,
    "dimension": 2207,
    "max_z2_overlap": 0.13689403661650393,
    "median_z2_overlap": 5.561903778736032e-32,
    "scar_overlap_ratio": 136894036616503.92,
    "fsa_dimension": 17,
    "fsa_max_backward_error": 0.09593261043121974,
    "central_scar_spacing_mean": 0.4854806336040874,
    "selected_panels": [
      "ground_state",
      "near_zero_scar"
    ]
  },
  "level_statistics": {
    "sizes": [
      {
        "L": 12,
        "dimension": 322,
        "r_mean": 0.36158568274043434,
        "bulk_levels": 180
      },
      {
        "L": 14,
        "dimension": 843,
        "r_mean": 0.37304429618253304,
        "bulk_levels": 484
      },
      {
        "L": 16,
        "dimension": 2207,
        "r_mean": 0.39641926124019805,
        "bulk_levels": 1288
      }
    ]
  },
  "feature_checks": {
    "fig1_pbc_dimension_matches": true,
    "z2_has_stronger_revival_than_vacuum": true,
    "z2_correlation_oscillation_period_near_paper": 2.375,
    "scar_overlap_enhanced_over_median": 136894036616503.92,
    "fsa_closed_to_L_plus_one_basis": true,
    "level_statistics_r_mean_L16": 0.39641926124019805
  },
  "known_limits": [
    "Local run uses full constrained Hilbert space at L=16, not the paper's symmetry-resolved L=32 sector.",
    "Entanglement dynamics uses finite-size exact evolution, not thermodynamic-limit iTEBD with bond dimension 400.",
    "Level statistics is a small-size proxy and does not unfold the k=0, I=+ sector exactly as in the paper."
  ]
}
