state_index_1_based,graph_J_probability
1,5.18424770011959e-11
2,9.061990300246781e-10
3,1.7141449289635897e-08
4,2.5433758655228263e-08
5,9.061990300323813e-10
6,2.2669806459545865e-11
7,1.4123753824954078e-08
8,1.8172108373868748e-09
9,1.7141449289651114e-08
10,1.4123753824914353e-08
11,1.5584727669315781e-13
12,1.0508123204205947e-08
13,2.5433758655260043e-08
14,1.8172108374018658e-09
15,1.0508123204169657e-08
16,2.9981352201437237e-12
17,9.061990300259083e-10
18,2.800019055054748e-09
19,7.892628007471399e-10
20,1.900877638334704e-08
21,2.266980645933991e-11
22,5.66911080916437e-13
23,1.0809283125757604e-10
24,2.8402460783295805e-10
25,1.4123753824937185e-08
26,9.54264372888734e-09
27,5.6731214104744224e-11
28,7.131792487844477e-09
29,1.8172108373922893e-09
30,3.0584512553007396e-07
31,1.1666380265385802e-08
32,7.525248153110319e-11
33,1.7141449289644344e-08
34,7.892628007484844e-10
35,9.30117174120237e-10
36,1.9917192281987592e-08
37,1.4123753824950273e-08
38,1.0809283125858233e-10
39,1.0843029984474232e-07
40,3.208262118687885e-09
41,1.558472766880896e-13
42,5.6731214104780956e-11
43,8.27655214034743e-14
44,6.222208611676402e-11
45,1.050812320417936e-08
46,1.166638026544093e-08
47,3.626102865982909e-07
48,6.1547460071122975e-12
49,2.543375865526997e-08
50,1.900877638337802e-08
51,1.9917192281964196e-08
52,1.7172425732985476e-07
53,1.8172108373981342e-09
54,2.8402460783134825e-10
55,3.2082621186704273e-09
56,1.1062143511893694e-06
57,1.050812320417484e-08
58,7.131792487838945e-09
59,6.222208611623942e-11
60,2.112633566652165e-06
61,2.9981352201459766e-12
62,7.525248153103482e-11
63,6.154746007144602e-12
64,7.054369295617738e-15
65,9.06199030028961e-10
66,2.8000190550495014e-09
67,7.892628007467935e-10
68,1.9008776383329326e-08
69,2.8000190550528296e-09
70,3.755013522074845e-11
71,6.500223144183615e-09
72,9.437625787306561e-08
73,7.892628007520799e-10
74,6.500223144203834e-09
75,3.3918819513731115e-12
76,2.4621434954973577e-08
77,1.900877638337317e-08
78,9.437625787314019e-08
79,2.4621434954898707e-08
80,1.0194293265952568e-12
81,2.266980645998524e-11
82,3.755013522076908e-11
83,1.5262203916712857e-10
84,3.3433614812588727e-11
85,5.669110809475302e-13
86,4.1819386544181904e-13
87,4.51708390599898e-13
88,1.0753401707931757e-10
89,1.0809283125812175e-10
90,2.0659815265123215e-09
91,5.005483945965648e-14
92,4.894876128979529e-09
93,2.8402460783389e-10
94,9.238929166155066e-10
95,4.217653080722933e-09
96,1.204327258753099e-12
97,1.4123753824965577e-08
98,6.500223144181419e-09
99,3.902102023019549e-09
100,3.442145208120801e-08
101,9.542643728904624e-09
102,2.065981526513151e-09
103,5.381168251990096e-08
104,4.5124154392425927e-07
105,5.6731214105158544e-11
106,8.650349359435885e-11
107,1.723959553575837e-13
108,1.517972662323263e-11
109,7.1317924878702795e-09
110,4.647638871692378e-08
111,2.474001639545908e-07
112,1.4570207480873288e-11
113,1.817210837397642e-09
114,9.437625787314748e-08
115,3.6970272328405586e-08
116,1.0323871274864253e-07
117,3.05845125530181e-07
118,9.238929166201309e-10
119,2.711705586392152e-07
120,8.217964015400848e-05
121,1.1666380265409599e-08
122,4.647638871684952e-08
123,1.5304851840442865e-10
124,1.436703896486591e-06
125,7.525248153100073e-11
126,7.860865983612127e-11
127,1.3226262394698795e-11
128,1.9523374916166743e-15
129,1.7141449289634064e-08
130,7.892628007591727e-10
131,9.301171741120827e-10
132,1.9917192281981855e-08
133,7.892628007491004e-10
134,1.5262203916749702e-10
135,3.902102022993845e-09
136,3.6970272328375066e-08
137,9.301171741039388e-10
138,3.902102022989641e-09
139,1.6168405217205118e-10
140,1.9577221616274354e-07
141,1.991719228189662e-08
142,3.6970272328399955e-08
143,1.9577221616297886e-07
144,9.469108518380998e-12
145,1.4123753824912669e-08
146,6.500223144179256e-09
147,3.902102023001308e-09
148,3.442145208121305e-08
149,1.0809283125861427e-10
150,4.517083905976963e-13
151,1.360140071882858e-09
152,6.767718219554603e-09
153,1.0843029984484174e-07
154,5.381168251989238e-08
155,3.939423821852975e-12
156,6.399760277413211e-07
157,3.2082621186777098e-09
158,2.711705586387073e-07
159,7.689446631863064e-08
160,5.373234810888653e-11
161,1.5584727669092252e-13
162,3.3918819513212706e-12
163,1.6168405217204823e-10
164,1.2531116685496403e-11
165,5.673121410482087e-11
166,5.005483946000425e-14
167,3.9394238217966364e-12
168,7.775636957547315e-12
169,8.276552140067051e-14
170,1.723959553596732e-13
171,2.1042163783143793e-14
172,3.418514433739387e-12
173,6.222208611627874e-11
174,1.530485184045943e-10
175,2.791239428354994e-10
176,1.5127257394671698e-14
177,1.0508123204187996e-08
178,2.4621434955005817e-08
179,1.9577221616292724e-07
180,1.141286567700194e-07
181,1.1666380265424442e-08
182,4.217653080723713e-09
183,7.689446631873848e-08
184,6.318367357682841e-08
185,3.626102865982584e-07
186,2.47400163954142e-07
187,2.791239428348902e-10
188,8.336576803110193e-07
189,6.1547460071756205e-12
190,1.322626239475283e-11
191,9.547775640700119e-12
192,1.4990282511382836e-12
193,2.543375865523167e-08
194,1.900877638335816e-08
195,1.9917192281958e-08
196,1.7172425732984425e-07
197,1.9008776383407528e-08
198,3.343361481215415e-11
199,3.44214520810536e-08
200,1.0323871274877612e-07
201,1.991719228194126e-08
202,3.44214520811517e-08
203,1.253111668545955e-11
204,1.141286567697237e-07
205,1.7172425732990365e-07
206,1.0323871274841469e-07
207,1.1412865677008702e-07
208,2.1462546581561215e-12
209,1.8172108373935512e-09
210,9.437625787324519e-08
211,3.6970272328402615e-08
212,1.0323871274859637e-07
213,2.840246078343562e-10
214,1.0753401707968416e-10
215,6.767718219542363e-09
216,9.225360615539742e-08
217,3.208262118680402e-09
218,4.5124154392384295e-07
219,7.775636957523162e-12
220,7.036192100866418e-07
221,1.1062143511899204e-06
222,8.217964015401254e-05
223,6.318367357709765e-08
224,7.530729692407199e-11
225,1.0508123204206025e-08
226,2.4621434954928426e-08
227,1.9577221616291102e-07
228,1.1412865676998856e-07
229,7.131792487851823e-09
230,4.894876128990857e-09
231,6.399760277412871e-07
232,7.036192100856846e-07
233,6.222208611661422e-11
234,1.5179726623293125e-11
235,3.4185144337183753e-12
236,1.3093362825347428e-10
237,2.1126335666522657e-06
238,1.4367038964862163e-06
239,8.336576803107683e-07
240,1.8294566462054566e-12
241,2.998135220137701e-12
242,1.0194293266280482e-12
243,9.469108518376806e-12
244,2.146254658173735e-12
245,7.525248153088178e-11
246,1.204327258748684e-12
247,5.373234810884173e-11
248,7.530729692389409e-11
249,6.1547460071096625e-12
250,1.457020748089517e-11
251,1.512725739461165e-14
252,1.829456646190721e-12
253,7.0543692958289e-15
254,1.952337491593435e-15
255,1.4990282511346958e-12
256,2.85959117306592e-19
257,9.061990300336495e-10
258,2.2669806459508875e-11
259,1.4123753824939205e-08
260,1.8172108373946886e-09
261,2.8000190550664313e-09
262,5.66911080917984e-13
263,9.54264372886188e-09
264,3.0584512552991276e-07
265,7.892628007527775e-10
266,1.0809283125819473e-10
267,5.673121410467899e-11
268,1.1666380265331852e-08
269,1.9008776383386114e-08
270,2.840246078332916e-10
271,7.131792487839247e-09
272,7.525248153108373e-11
273,2.800019055052634e-09
274,3.7550135220940946e-11
275,6.500223144200528e-09
276,9.437625787322891e-08
277,3.755013521975387e-11
278,4.1819386545939855e-13
279,2.0659815265171336e-09
280,9.23892916614682e-10
281,6.500223144174175e-09
282,2.065981526515559e-09
283,8.650349359420998e-11
284,4.6476388716786805e-08
285,9.437625787317136e-08
286,9.23892916613383e-10
287,4.647638871673618e-08
288,7.860865983633503e-11
289,7.892628007461527e-10
290,1.526220391675955e-10
291,3.902102022974907e-09
292,3.697027232827639e-08
293,6.500223144235475e-09
294,4.517083905853619e-13
295,5.381168251971166e-08
296,2.7117055863916823e-07
297,3.3918819513936024e-12
298,5.005483946167407e-14
299,1.723959553569127e-13
300,1.5304851840474642e-10
301,2.462143495491388e-08
302,4.2176530807302175e-09
303,2.474001639544508e-07
304,1.3226262394703963e-11
305,1.900877638336728e-08
306,3.3433614811553245e-11
307,3.4421452081188855e-08
308,1.032387127487144e-07
309,9.43762578731638e-08
310,1.0753401707960855e-10
311,4.5124154392405884e-07
312,8.21796401540008e-05
313,2.4621434955013388e-08
314,4.894876128988402e-09
315,1.517972662338107e-11
316,1.4367038964850868e-06
317,1.0194293266134322e-12
318,1.204327258753223e-12
319,1.457020748087105e-11
320,1.9523374916258894e-15
321,2.2669806458921176e-11
322,5.669110809042169e-13
323,1.0809283125904086e-10
324,2.8402460783457534e-10
325,3.755013522011093e-11
326,4.1819386545189056e-13
327,2.0659815265199353e-09
328,9.238929166194596e-10
329,1.5262203916900391e-10
330,4.5170839061271233e-13
331,5.005483946021193e-14
332,4.217653080721189e-09
333,3.343361481278224e-11
334,1.0753401708031641e-10
335,4.894876128991536e-09
336,1.2043272587525245e-12
337,5.66911080931418e-13
338,4.1819386546088747e-13
339,4.517083905955063e-13
340,1.075340170790658e-10
341,4.181938654496275e-13
342,6.622826931333408e-15
343,3.8709552954729564e-13
344,6.515251685081786e-13
345,4.5170839058138044e-13
346,3.8709552953592287e-13
347,2.1600024546954214e-13
348,8.62572514716192e-12
349,1.0753401707963835e-10
350,6.515251684977584e-13
351,8.625725147081217e-12
352,2.248343261507914e-14
353,1.0809283125790793e-10
354,4.5170839059102317e-13
355,1.3601400718796477e-09
356,6.767718219549072e-09
357,2.0659815265154884e-09
358,3.870955295458746e-13
359,4.678896211742426e-06
360,2.4172913068343018e-08
361,5.005483946038446e-14
362,2.1600024547147754e-13
363,2.713292959614273e-13
364,7.125142639789342e-12
365,4.894876128983713e-09
366,8.625725147204893e-12
367,6.068795107975317e-08
368,3.8889618654008735e-13
369,2.840246078330492e-10
370,1.0753401707916358e-10
371,6.767718219546279e-09
372,9.225360615537259e-08
373,9.238929166197266e-10
374,6.515251685099555e-13
375,2.4172913068297894e-08
376,1.9667498015891245e-07
377,4.217653080733641e-09
378,8.625725147196153e-12
379,7.125142639682025e-12
380,1.862924671277388e-08
381,1.2043272587493042e-12
382,2.248343261520397e-14
383,3.888961865383631e-13
384,1.1747545403187237e-14
385,1.4123753824961992e-08
386,1.0809283125706413e-10
387,1.0843029984491358e-07
388,3.2082621186701316e-09
389,6.5002231442125145e-09
390,4.5170839060217173e-13
391,5.381168251980534e-08
392,2.711705586388374e-07
393,3.902102022979932e-09
394,1.36014007188321e-09
395,3.9394238217694316e-12
396,7.689446631884711e-08
397,3.442145208118203e-08
398,6.767718219547882e-09
399,6.399760277404383e-07
400,5.373234810891663e-11
401,9.542643728866766e-09
402,2.0659815265073204e-09
403,5.381168251969638e-08
404,4.512415439242929e-07
405,2.0659815265142575e-09
406,3.870955295438622e-13
407,4.678896211741974e-06
408,2.4172913068349305e-08
409,5.3811682519874535e-08
410,4.678896211742653e-06
411,5.032628101666314e-11
412,3.686993995451548e-06
413,4.5124154392437187e-07
414,2.4172913068347343e-08
415,3.686993995451044e-06
416,7.069509526640453e-11
417,5.673121410469432e-11
418,5.005483946089385e-14
419,3.939423821716193e-12
420,7.775636957592173e-12
421,8.650349359455148e-11
422,2.1600024547165008e-13
423,5.032628101687215e-11
424,1.414757075978953e-09
425,1.723959553557848e-13
426,2.7132929596462873e-13
427,5.801593482055576e-14
428,4.633645188939681e-13
429,1.517972662325296e-11
430,7.1251426396842245e-12
431,3.3006704000499896e-11
432,1.6430963425913897e-14
433,7.131792487875798e-09
434,4.894876128980355e-09
435,6.399760277405597e-07
436,7.036192100859382e-07
437,4.6476388716945465e-08
438,8.625725147188136e-12
439,3.686993995451606e-06
440,7.400518058419433e-08
441,2.4740016395411206e-07
442,6.068795107964299e-08
443,3.300670400036906e-11
444,8.045911266826389e-06
445,1.457020748087792e-11
446,3.888961865343996e-13
447,2.1469025393503343e-09
448,2.1102645562259495e-12
449,1.8172108374031333e-09
450,2.840246078350858e-10
451,3.2082621187095136e-09
452,1.1062143511893239e-06
453,9.43762578731184e-08
454,1.0753401707950648e-10
455,4.5124154392429103e-07
456,8.217964015401182e-05
457,3.6970272328380724e-08
458,6.7677182195532826e-09
459,7.775636957466112e-12
460,6.318367357728242e-08
461,1.032387127485509e-07
462,9.225360615538826e-08
463,7.036192100851081e-07
464,7.530729692399527e-11
465,3.0584512553018233e-07
466,9.238929166153411e-10
467,2.7117055863885456e-07
468,8.217964015400596e-05
469,9.238929166226334e-10
470,6.515251685078248e-13
471,2.417291306833232e-08
472,1.9667498015892115e-07
473,2.71170558639328e-07
474,2.4172913068315946e-08
475,1.4147570759751827e-09
476,7.400518058389325e-08
477,8.217964015400565e-05
478,1.9667498015880921e-07
479,7.400518058426763e-08
480,1.8003146011100248e-10
481,1.1666380265392713e-08
482,4.217653080722631e-09
483,7.689446631874772e-08
484,6.3183673577188e-08
485,4.647638871689199e-08
486,8.625725147152007e-12
487,3.6869939954504546e-06
488,7.400518058400345e-08
489,1.5304851840438238e-10
490,7.125142639778123e-12
491,4.633645188992945e-13
492,3.661452681643098e-09
493,1.436703896486277e-06
494,1.862924671278316e-08
495,8.045911266824152e-06
496,5.07746209083644e-11
497,7.525248153097904e-11
498,1.2043272587430032e-12
499,5.37323481088817e-11
500,7.530729692391085e-11
501,7.860865983633458e-11
502,2.2483432614876178e-14
503,7.069509526628853e-11
504,1.800314601108232e-10
505,1.3226262394740876e-11
506,3.8889618653513235e-13
507,1.6430963426390183e-14
508,5.077462090825822e-11
509,1.9523374915905958e-15
510,1.1747545403246616e-14
511,2.110264556230213e-12
512,8.857408843060577e-17
513,1.714144928964181e-08
514,1.4123753824930179e-08
515,1.5584727669879104e-13
516,1.0508123204222633e-08
517,7.892628007481434e-10
518,1.0809283125877779e-10
519,5.673121410500387e-11
520,1.1666380265417693e-08
521,9.301171741049077e-10
522,1.084302998448979e-07
523,8.276552140325884e-14
524,3.6261028659779707e-07
525,1.991719228196558e-08
526,3.2082621187006976e-09
527,6.222208611647656e-11
528,6.154746007137989e-12
529,7.89262800747724e-10
530,6.500223144184066e-09
531,3.391881951315215e-12
532,2.4621434954893976e-08
533,1.526220391682158e-10
534,4.5170839057820586e-13
535,5.0054839460144584e-14
536,4.217653080733456e-09
537,3.902102022988664e-09
538,5.381168251976805e-08
539,1.7239595535634928e-13
540,2.4740016395406966e-07
541,3.697027232844883e-08
542,2.7117055863895065e-07
543,1.5304851840444026e-10
544,1.322626239475225e-11
545,9.301171741165264e-10
546,3.902102023003944e-09
547,1.616840521718601e-10
548,1.9577221616285686e-07
549,3.902102023001063e-09
550,1.3601400718830435e-09
551,3.939423821684188e-12
552,7.689446631858591e-08
553,1.616840521723676e-10
554,3.939423821757991e-12
555,2.1042163783031337e-14
556,2.791239428347283e-10
557,1.9577221616271797e-07
558,7.689446631852091e-08
559,2.791239428342088e-10
560,9.547775640671095e-12
561,1.9917192281942286e-08
562,3.442145208121082e-08
563,1.253111668549832e-11
564,1.1412865676998216e-07
565,3.697027232847355e-08
566,6.767718219549171e-09
567,7.775636957572215e-12
568,6.318367357701831e-08
569,1.957722161627397e-07
570,6.399760277409303e-07
571,3.4185144336972604e-12
572,8.336576803108509e-07
573,9.46910851837668e-12
574,5.373234810886035e-11
575,1.512725739457276e-14
576,1.4990282511391262e-12
577,1.41237538249765e-08
578,9.542643728835106e-09
579,5.673121410502712e-11
580,7.131792487878542e-09
581,6.500223144164059e-09
582,2.0659815265148423e-09
583,8.650349359417794e-11
584,4.647638871690839e-08
585,3.902102023020111e-09
586,5.381168251953783e-08
587,1.7239595535953178e-13
588,2.474001639544847e-07
589,3.4421452081151076e-08
590,4.5124154392400944e-07
591,1.5179726623140465e-11
592,1.4570207480892737e-11
593,1.0809283125803545e-10
594,2.0659815265160194e-09
595,5.00548394599194e-14
596,4.894876128982196e-09
597,4.5170839060382923e-13
598,3.8709552953438867e-13
599,2.1600024546942158e-13
600,8.625725147354707e-12
601,1.3601400718788201e-09
602,4.678896211742912e-06
603,2.7132929596204667e-13
604,6.068795107956484e-08
605,6.767718219550867e-09
606,2.4172913068314725e-08
607,7.1251426397667325e-12
608,3.8889618653859763e-13
609,1.0843029984478673e-07
610,5.3811682519652255e-08
611,3.939423821746035e-12
612,6.399760277407343e-07
613,5.381168251977865e-08
614,4.678896211742102e-06
615,5.0326281016722304e-11
616,3.6869939954504355e-06
617,3.939423821791502e-12
618,5.0326281016629995e-11
619,5.801593482045855e-14
620,3.300670400031836e-11
621,6.399760277412725e-07
622,3.686993995448518e-06
623,3.300670400044622e-11
624,2.1469025393506515e-09
625,3.2082621186702432e-09
626,4.512415439239381e-07
627,7.775636957588075e-12
628,7.036192100864686e-07
629,2.7117055863921757e-07
630,2.417291306832531e-08
631,1.414757075977927e-09
632,7.400518058404678e-08
633,7.689446631869781e-08
634,3.686993995453316e-06
635,4.633645188954654e-13
636,8.045911266824295e-06
637,5.373234810884344e-11
638,7.069509526627181e-11
639,1.6430963425805274e-14
640,2.110264556227505e-12
641,1.558472767014067e-13
642,5.6731214104605846e-11
643,8.276552140388411e-14
644,6.222208611676226e-11
645,3.391881951350579e-12
646,5.0054839461076203e-14
647,1.7239595535913112e-13
648,1.5304851840411486e-10
649,1.616840521723206e-10
650,3.939423821890141e-12
651,2.104216378271553e-14
652,2.791239428356759e-10
653,1.2531116685529893e-11
654,7.775636957500271e-12
655,3.4185144337326385e-12
656,1.512725739452726e-14
657,5.6731214104601044e-11
658,8.65034935941543e-11
659,1.723959553576021e-13
660,1.517972662332788e-11
661,5.005483945948189e-14
662,2.1600024546863847e-13
663,2.7132929596042013e-13
664,7.125142639693133e-12
665,3.939423821772888e-12
666,5.032628101648947e-11
667,5.801593481981943e-14
668,3.3006704000480684e-11
669,7.775636957612309e-12
670,1.4147570759749433e-09
671,4.633645188933705e-13
672,1.643096342572351e-14
673,8.276552140742845e-14
674,1.723959553548001e-13
675,2.1042163783167614e-14
676,3.4185144337403836e-12
677,1.7239595535484363e-13
678,2.713292959589648e-13
679,5.801593482015267e-14
680,4.633645188926622e-13
681,2.104216378296442e-14
682,5.801593482023969e-14
683,1.1939244959406515e-17
684,6.161174456407196e-14
685,3.4185144337471e-12
686,4.633645188928722e-13
687,6.161174456442592e-14
688,3.0782428954939957e-15
689,6.222208611676002e-11
690,1.5179726623536074e-11
691,3.4185144337032954e-12
692,1.3093362825406365e-10
693,1.5304851840461665e-10
694,7.125142639715743e-12
695,4.633645188884655e-13
696,3.661452681646181e-09
697,2.7912394283534817e-10
698,3.30067040008299e-11
699,6.161174456444428e-14
700,7.24100183527786e-08
701,1.512725739464934e-14
702,1.6430963426081577e-14
703,3.07824289548186e-15
704,6.10151714387885e-16
705,1.0508123204168458e-08
706,7.1317924878656324e-09
707,6.222208611668618e-11
708,2.1126335666523377e-06
709,2.4621434954925832e-08
710,4.89487612899583e-09
711,1.51797266232683e-11
712,1.436703896486123e-06
713,1.957722161628961e-07
714,6.399760277404686e-07
715,3.418514433704891e-12
716,8.336576803093147e-07
717,1.1412865677012382e-07
718,7.036192100852106e-07
719,1.3093362825352867e-10
720,1.8294566461969594e-12
721,1.1666380265400008e-08
722,4.647638871690293e-08
723,1.5304851840435816e-10
724,1.436703896486172e-06
725,4.2176530807235356e-09
726,8.625725147205124e-12
727,7.125142639777411e-12
728,1.8629246712790914e-08
729,7.68944663186052e-08
730,3.686993995452858e-06
731,4.633645188979491e-13
732,8.045911266824916e-06
733,6.31836735769917e-08
734,7.400518058439354e-08
735,3.661452681643139e-09
736,5.077462090842731e-11
737,3.6261028659813927e-07
738,2.4740016395403615e-07
739,2.7912394283446976e-10
740,8.336576803096465e-07
741,2.4740016395456236e-07
742,6.068795107958706e-08
743,3.300670400075594e-11
744,8.045911266822592e-06
745,2.791239428350332e-10
746,3.3006704000652027e-11
747,6.16117445639153e-14
748,7.241001835277916e-08
749,8.336576803108953e-07
750,8.045911266823529e-06
751,7.241001835279825e-08
752,2.2746850502280695e-11
753,6.1547460071185135e-12
754,1.4570207480878804e-11
755,1.5127257394616383e-14
756,1.8294566462224582e-12
757,1.3226262394778427e-11
758,3.8889618654160373e-13
759,1.643096342588898e-14
760,5.077462090835559e-11
761,9.547775640695237e-12
762,2.1469025393486584e-09
763,3.0782428954969283e-15
764,2.2746850502314484e-11
765,1.4990282511337657e-12
766,2.1102645562317252e-12
767,6.101517143862899e-16
768,3.862089486796903e-17
769,2.543375865526567e-08
770,1.8172108373991555e-09
771,1.0508123204215906e-08
772,2.9981352201225756e-12
773,1.900877638337399e-08
774,2.8402460783588844e-10
775,7.131792487881633e-09
776,7.525248153027062e-11
777,1.9917192281988194e-08
778,3.208262118664961e-09
779,6.2222086116521e-11
780,6.154746007115645e-12
781,1.7172425732982596e-07
782,1.1062143511892487e-06
783,2.112633566653626e-06
784,7.0543692955779586e-15
785,1.9008776383349304e-08
786,9.437625787323654e-08
787,2.4621434954954056e-08
788,1.0194293265881739e-12
789,3.34336148126563e-11
790,1.0753401707996137e-10
791,4.894876128990203e-09
792,1.2043272587515505e-12
793,3.442145208117905e-08
794,4.5124154392451724e-07
795,1.5179726623206917e-11
796,1.457020748100224e-11
797,1.0323871274874609e-07
798,8.21796401540132e-05
799,1.4367038964865136e-06
800,1.9523374915158737e-15
801,1.9917192281947593e-08
802,3.697027232833052e-08
803,1.9577221616330332e-07
804,9.469108518282472e-12
805,3.442145208113781e-08
806,6.7677182195567766e-09
807,6.399760277408472e-07
808,5.37323481090276e-11
809,1.2531116685366838e-11
810,7.775636957456395e-12
811,3.4185144337218213e-12
812,1.512725739470219e-14
813,1.1412865677009566e-07
814,6.31836735771909e-08
815,8.336576803099736e-07
816,1.4990282511394e-12
817,1.7172425732988218e-07
818,1.03238712748588e-07
819,1.141286567699959e-07
820,2.146254658169929e-12
821,1.0323871274857268e-07
822,9.225360615535961e-08
823,7.036192100861356e-07
824,7.530729692380772e-11
825,1.141286567697837e-07
826,7.036192100868371e-07
827,1.3093362825334925e-10
828,1.8294566461439395e-12
829,2.1462546581786246e-12
830,7.530729692396734e-11
831,1.8294566462150863e-12
832,2.859591172350406e-19
833,1.81721083739723e-09
834,3.0584512552991747e-07
835,1.1666380265444343e-08
836,7.525248153028678e-11
837,9.437625787321629e-08
838,9.238929166195844e-10
839,4.647638871680749e-08
840,7.860865983621369e-11
841,3.6970272328398935e-08
842,2.711705586387559e-07
843,1.530485184046247e-10
844,1.3226262394751597e-11
845,1.0323871274886983e-07
846,8.217964015400611e-05
847,1.436703896486703e-06
848,1.9523374915439465e-15
849,2.8402460783666635e-10
850,9.238929166173719e-10
851,4.217653080729955e-09
852,1.2043272587477476e-12
853,1.0753401708001628e-10
854,6.515251685032406e-13
855,8.625725147281855e-12
856,2.248343261485836e-14
857,6.76771821954554e-09
858,2.4172913068314682e-08
859,7.125142639710294e-12
860,3.88896186535235e-13
861,9.225360615534812e-08
862,1.9667498015887486e-07
863,1.8629246712773143e-08
864,1.174754540320243e-14
865,3.2082621186896096e-09
866,2.711705586388995e-07
867,7.689446631867746e-08
868,5.37323481089688e-11
869,4.512415439246648e-07
870,2.417291306835657e-08
871,3.6869939954512576e-06
872,7.069509526550612e-11
873,7.775636957386626e-12
874,1.4147570759792485e-09
875,4.633645188972615e-13
876,1.6430963425684383e-14
877,7.036192100859065e-07
878,7.400518058406365e-08
879,8.045911266823576e-06
880,2.1102645562285336e-12
881,1.1062143511898192e-06
882,8.217964015400533e-05
883,6.318367357721824e-08
884,7.530729692383332e-11
885,8.217964015401058e-05
886,1.966749801588924e-07
887,7.400518058402522e-08
888,1.8003146011116973e-10
889,6.318367357722099e-08
890,7.400518058417268e-08
891,3.661452681639847e-09
892,5.0774620908377787e-11
893,7.530729692396457e-11
894,1.800314601109887e-10
895,5.0774620908297925e-11
896,8.857408843029497e-17
897,1.0508123204174441e-08
898,1.1666380265352856e-08
899,3.626102865982307e-07
900,6.1547460071679796e-12
901,2.4621434954943524e-08
902,4.217653080729927e-09
903,2.4740016395434166e-07
904,1.322626239474611e-11
905,1.9577221616290996e-07
906,7.689446631897103e-08
907,2.791239428356812e-10
908,9.547775640753768e-12
909,1.1412865677005042e-07
910,6.318367357704257e-08
911,8.336576803105958e-07
912,1.4990282511399921e-12
913,7.131792487900139e-09
914,4.647638871679596e-08
915,2.474001639540703e-07
916,1.4570207480989546e-11
917,4.8948761289882835e-09
918,8.625725147277144e-12
919,6.068795107962402e-08
920,3.8889618653469553e-13
921,6.399760277407896e-07
922,3.6869939954519102e-06
923,3.300670400044416e-11
924,2.1469025393492994e-09
925,7.036192100862678e-07
926,7.400518058430753e-08
927,8.04591126682549e-06
928,2.1102645562277662e-12
929,6.222208611636875e-11
930,1.5304851840448045e-10
931,2.791239428355517e-10
932,1.5127257394657477e-14
933,1.51797266231849e-11
934,7.125142639682895e-12
935,3.300670400079711e-11
936,1.6430963425636474e-14
937,3.418514433703274e-12
938,4.633645188946746e-13
939,6.16117445648969e-14
940,3.0782428954901575e-15
941,1.3093362825475398e-10
942,3.661452681647555e-09
943,7.241001835278865e-08
944,6.101517143876042e-16
945,2.1126335666526934e-06
946,1.4367038964858523e-06
947,8.336576803113848e-07
948,1.8294566461618216e-12
949,1.436703896486498e-06
950,1.8629246712746534e-08
951,8.045911266827227e-06
952,5.077462090835344e-11
953,8.33657680310327e-07
954,8.045911266825355e-06
955,7.24100183527902e-08
956,2.2746850502256933e-11
957,1.8294566462187945e-12
958,5.077462090837713e-11
959,2.274685050237341e-11
960,3.8620894869129306e-17
961,2.9981352201555437e-12
962,7.525248153182037e-11
963,6.1547460071411325e-12
964,7.054369295710328e-15
965,1.0194293266456987e-12
966,1.204327258753944e-12
967,1.4570207480778502e-11
968,1.9523374915448343e-15
969,9.469108518419333e-12
970,5.3732348108834476e-11
971,1.5127257394666568e-14
972,1.4990282511353457e-12
973,2.1462546581634377e-12
974,7.530729692400329e-11
975,1.829456646258215e-12
976,2.859591172057501e-19
977,7.525248153183786e-11
978,7.860865983612694e-11
979,1.3226262394714655e-11
980,1.952337491624929e-15
981,1.2043272587498014e-12
982,2.2483432614792678e-14
983,3.8889618654031056e-13
984,1.1747545403371062e-14
985,5.373234810882715e-11
986,7.069509526693893e-11
987,1.6430963426704923e-14
988,2.110264556227272e-12
989,7.530729692401429e-11
990,1.8003146011080145e-10
991,5.077462090822802e-11
992,8.857408843161722e-17
993,6.154746007158864e-12
994,1.3226262394717788e-11
995,9.547775640562232e-12
996,1.4990282511361509e-12
997,1.4570207480698398e-11
998,3.888961865372286e-13
999,2.1469025393493003e-09
1000,2.1102645562266902e-12
1001,1.512725739465721e-14
1002,1.643096342660872e-14
1003,3.078242895487947e-15
1004,6.101517143872284e-16
1005,1.8294566462607222e-12
1006,5.0774620908196466e-11
1007,2.2746850502248038e-11
1008,3.8620894868440864e-17
1009,7.054369295476972e-15
1010,1.952337491635701e-15
1011,1.49902825113144e-12
1012,2.8595911723178876e-19
1013,1.9523374916343085e-15
1014,1.1747545403271533e-14
1015,2.110264556223381e-12
1016,8.857408843001296e-17
1017,1.4990282511326856e-12
1018,2.1102645562258986e-12
1019,6.101517143765267e-16
1020,3.862089486839168e-17
1021,2.859591172123468e-19
1022,8.857408843115813e-17
1023,3.862089486875694e-17
1024,1.3443792594882984e-21
1025,2.1729224429191812e-10
1026,6.2041222612801426e-12
1027,2.1863779914331368e-08
1028,3.667138592510483e-08
1029,6.204122261196687e-12
1030,8.149496121676147e-15
1031,1.3811990581243033e-11
1032,3.588166856027357e-11
1033,2.1863779914365547e-08
1034,1.38119905813426e-11
1035,3.587392251082253e-10
1036,4.6100918585961364e-07
1037,3.6671385925072295e-08
1038,3.588166856012918e-11
1039,4.6100918585853595e-07
1040,1.2238582334995185e-12
1041,6.204122261252348e-12
1042,2.294529652117084e-14
1043,2.678219140731104e-11
1044,1.2949109679632195e-11
1045,8.149496121727775e-15
1046,7.231276324324086e-16
1047,1.831799631927848e-12
1048,1.5237825844079717e-11
1049,1.3811990581128768e-11
1050,1.868302126524715e-10
1051,1.049372862759033e-12
1052,1.0235042865139843e-09
1053,3.5881668560058347e-11
1054,3.457845286053146e-13
1055,2.1943132805777208e-10
1056,7.92373045863809e-16
1057,2.1863779914448996e-08
1058,2.6782191407575884e-11
1059,7.334709514982734e-07
1060,2.6879026291558998e-08
1061,1.3811990581335468e-11
1062,1.83179963193571e-12
1063,8.248085854713766e-10
1064,1.374478080160788e-10
1065,3.587392251137698e-10
1066,1.0493728627626012e-12
1067,9.568924834767506e-11
1068,9.709576630870924e-09
1069,4.610091858581648e-07
1070,2.1943132805694482e-10
1071,7.560932265423056e-05
1072,1.5214766802632154e-11
1073,3.66713859250478e-08
1074,1.2949109679689754e-11
1075,2.687902629162975e-08
1076,3.3901967376622204e-07
1077,3.588166856016131e-11
1078,1.5237825844088858e-11
1079,1.3744780801694506e-10
1080,7.717234207043292e-11
1081,4.610091858600639e-07
1082,1.0235042865167914e-09
1083,9.709576630849135e-09
1084,1.875682273928684e-06
1085,1.2238582335049519e-12
1086,7.923730458312896e-16
1087,1.521476680275596e-11
1088,1.0053276393922568e-12
1089,6.204122261214298e-12
1090,2.2945296522350358e-14
1091,2.6782191407619017e-11
1092,1.2949109679768105e-11
1093,2.2945296521857863e-14
1094,4.192162942201692e-16
1095,1.2197936226527897e-11
1096,7.513054709282149e-13
1097,2.6782191407636763e-11
1098,1.2197936226476037e-11
1099,9.694127532521211e-13
1100,5.3519667423335755e-11
1101,1.2949109679691607e-11
1102,7.513054709326355e-13
1103,5.351966742280479e-11
1104,8.155393536420149e-14
1105,8.14949612180696e-15
1106,4.1921629424678487e-16
1107,3.221975831664814e-11
1108,2.4645443790804802e-11
1109,7.231276324231525e-16
1110,9.056252531999082e-18
1111,3.396578679083496e-14
1112,1.2636508574954309e-15
1113,1.831799631933384e-12
1114,1.8024966820966572e-13
1115,2.423237270724021e-15
1116,6.05761962508726e-12
1117,1.5237825844086092e-11
1118,1.7059585194150512e-14
1119,2.2697536824172775e-12
1120,3.4135782803927565e-16
1121,1.3811990580966673e-11
1122,1.2197936226495702e-11
1123,4.112964049601498e-11
1124,4.737174124822212e-11
1125,1.8683021265258487e-10
1126,1.8024966820910827e-13
1127,9.008527911278013e-10
1128,1.2296644746504018e-10
1129,1.04937286274847e-12
1130,3.917944309248413e-15
1131,1.944292343511363e-14
1132,6.066718189340812e-13
1133,1.023504286518057e-09
1134,3.3438502942014004e-10
1135,9.088458981546617e-07
1136,7.518376197337784e-14
1137,3.588166856045814e-11
1138,7.513054709312093e-13
1139,4.863518679862934e-11
1140,9.925217535285304e-12
1141,3.457845285951461e-13
1142,1.7059585194129216e-14
1143,2.821911520472697e-10
1144,9.730910925624742e-11
1145,2.194313280562497e-10
1146,3.3438502942012505e-10
1147,1.6091132329286912e-12
1148,7.305476918202404e-09
1149,7.923730458190761e-16
1150,1.0618315706990925e-15
1151,5.4485602123428705e-14
1152,7.204764743019937e-16
1153,2.18637799143636e-08
1154,2.6782191407811314e-11
1155,7.334709514999069e-07
1156,2.687902629132081e-08
1157,2.678219140747389e-11
1158,3.221975831665285e-11
1159,4.112964049614448e-11
1160,4.863518679816882e-11
1161,7.334709514979688e-07
1162,4.112964049672115e-11
1163,1.9607391853573147e-09
1164,4.806924500758775e-06
1165,2.6879026291512027e-08
1166,4.8635186798463176e-11
1167,4.8069245007458346e-06
1168,4.0545383585459634e-11
1169,1.3811990581204958e-11
1170,1.2197936226514055e-11
1171,4.112964049648161e-11
1172,4.737174124880231e-11
1173,1.831799631930741e-12
1174,3.396578679078577e-14
1175,1.3537218948043037e-11
1176,1.1550051804501834e-11
1177,8.248085854720126e-10
1178,9.008527911275361e-10
1179,7.812518353270858e-12
1180,1.0131036423224413e-06
1181,1.3744780801711858e-10
1182,2.821911520472696e-10
1183,4.034982280240866e-10
1184,2.390821068706331e-13
1185,3.587392251095947e-10
1186,9.694127532494708e-13
1187,1.960739185325932e-09
1188,1.9716882561145932e-09
1189,1.0493728627356395e-12
1190,2.423237270719533e-15
1191,7.812518353282716e-12
1192,4.930401970714246e-12
1193,9.568924834728465e-11
1194,1.9442923434923444e-14
1195,8.685334620767394e-15
1196,3.3445182878667897e-10
1197,9.709576630849621e-09
1198,1.6091132329560112e-12
1199,4.993027580134084e-08
1200,1.7314855326609209e-12
1201,4.610091858593644e-07
1202,5.3519667421879724e-11
1203,4.806924500755122e-06
1204,7.48127045151154e-07
1205,2.194313280575629e-10
1206,2.269753682425369e-12
1207,4.034982280233464e-10
1208,3.1051455932893343e-10
1209,7.560932265423472e-05
1210,9.088458981543945e-07
1211,4.993027580156728e-08
1212,0.022135445759620755
1213,1.5214766802713696e-11
1214,5.4485602123600796e-14
1215,3.3045530847672456e-09
1216,2.380961595176471e-11
1217,3.6671385925022796e-08
1218,1.2949109679791067e-11
1219,2.6879026291499967e-08
1220,3.390196737659911e-07
1221,1.2949109679669533e-11
1222,2.464544379078629e-11
1223,4.737174124879038e-11
1224,9.925217535168313e-12
1225,2.6879026291731402e-08
1226,4.737174124923787e-11
1227,1.9716882561008674e-09
1228,7.481270451505543e-07
1229,3.3901967376618604e-07
1230,9.92521753521404e-12
1231,7.481270451516251e-07
1232,1.251109095871365e-12
1233,3.588166856042043e-11
1234,7.51305470939785e-13
1235,4.863518679908862e-11
1236,9.925217535381407e-12
1237,1.523782584408059e-11
1238,1.2636508574757638e-15
1239,1.1550051804521552e-11
1240,1.5019105662263014e-13
1241,1.3744780801626377e-10
1242,1.2296644746536004e-10
1243,4.930401970717804e-12
1244,1.6348863706979987e-09
1245,7.717234207024823e-11
1246,9.730910925625323e-11
1247,3.1051455932579604e-10
1248,2.882956336459331e-14
1249,4.6100918585792434e-07
1250,5.351966742263423e-11
1251,4.806924500751157e-06
1252,7.481270451526768e-07
1253,1.0235042865192367e-09
1254,6.05761962507037e-12
1255,1.0131036423224203e-06
1256,1.6348863707051592e-09
1257,9.709576630849191e-09
1258,6.066718189162767e-13
1259,3.344518287869441e-10
1260,4.3082277762270903e-08
1261,1.8756822739258662e-06
1262,7.305476918198716e-09
1263,0.022135445759620617
1264,8.429177607724556e-11
1265,1.2238582334941824e-12
1266,8.15539353646883e-14
1267,4.0545383585808814e-11
1268,1.2511090958930751e-12
1269,7.923730458213358e-16
1270,3.4135782803931865e-16
1271,2.3908210687011877e-13
1272,2.8829563364686514e-14
1273,1.5214766802720345e-11
1274,7.518376197323643e-14
1275,1.7314855326497824e-12
1276,8.429177607696009e-11
1277,1.0053276393891088e-12
1278,7.204764742988405e-16
1279,2.3809615951717986e-11
1280,1.1468853342771358e-16
1281,6.204122261248879e-12
1282,8.14949612173717e-15
1283,1.3811990581238058e-11
1284,3.588166856040482e-11
1285,2.2945296522288123e-14
1286,7.231276324318102e-16
1287,1.868302126525087e-10
1288,3.45784528612406e-13
1289,2.6782191407533304e-11
1290,1.8317996319314053e-12
1291,1.049372862752147e-12
1292,2.1943132805823158e-10
1293,1.2949109679611435e-11
1294,1.523782584409504e-11
1295,1.023504286519483e-09
1296,7.923730458320286e-16
1297,2.2945296522252694e-14
1298,4.1921629422544954e-16
1299,1.2197936226521779e-11
1300,7.513054709254879e-13
1301,4.1921629426423945e-16
1302,9.056252531847337e-18
1303,1.8024966820902231e-13
1304,1.7059585194019924e-14
1305,1.2197936226440608e-11
1306,1.802496682089224e-13
1307,3.917944309428524e-15
1308,3.3438502942039347e-10
1309,7.513054709332757e-13
1310,1.7059585194185418e-14
1311,3.34385029420116e-10
1312,1.0618315707074614e-15
1313,2.678219140775709e-11
1314,3.2219758316640094e-11
1315,4.1129640495776636e-11
1316,4.863518679847193e-11
1317,1.2197936226473466e-11
1318,3.396578679090562e-14
1319,9.008527911276245e-10
1320,2.8219115204751463e-10
1321,9.694127532474953e-13
1322,2.4232372707141787e-15
1323,1.944292343535609e-14
1324,1.609113232956916e-12
1325,5.351966742230055e-11
1326,2.2697536824064494e-12
1327,9.0884589815434e-07
1328,5.448560212333892e-14
1329,1.2949109679605836e-11
1330,2.4645443790803245e-11
1331,4.737174124918135e-11
1332,9.925217535312045e-12
1333,7.513054709279214e-13
1334,1.263650857492418e-15
1335,1.229664474651498e-10
1336,9.73091092563044e-11
1337,5.351966742279211e-11
1338,6.057619625064372e-12
1339,6.066718189348805e-13
1340,7.305476918201832e-09
1341,8.155393536498848e-14
1342,3.413578280398773e-16
1343,7.518376197461175e-14
1344,7.204764743000072e-16
1345,8.149496121746444e-15
1346,7.231276324359114e-16
1347,1.8317996319343707e-12
1348,1.523782584408561e-11
1349,4.1921629420815105e-16
1350,9.056252531925205e-18
1351,1.8024966820984382e-13
1352,1.705958519415404e-14
1353,3.221975831665539e-11
1354,3.396578679080113e-14
1355,2.4232372707001145e-15
1356,2.269753682420179e-12
1357,2.4645443790781305e-11
1358,1.2636508574841334e-15
1359,6.057619625063594e-12
1360,3.4135782804041576e-16
1361,7.231276324181462e-16
1362,9.056252531951703e-18
1363,3.396578679087029e-14
1364,1.2636508574794456e-15
1365,9.056252531931357e-18
1366,3.8989129362829025e-19
1367,8.397982075837637e-16
1368,7.550177953537589e-16
1369,3.396578679089248e-14
1370,8.397982075814397e-16
1371,2.466842150551894e-17
1372,6.898803190044933e-15
1373,1.2636508574787672e-15
1374,7.550177953555232e-16
1375,6.8988031900579965e-15
1376,9.271582896932998e-19
1377,1.831799631931104e-12
1378,3.396578679079213e-14
1379,1.3537218948019818e-11
1380,1.1550051804507767e-11
1381,1.8024966820953748e-13
1382,8.397982075817193e-16
1383,3.369509381077194e-10
1384,1.0216100861083396e-11
1385,2.4232372706927745e-15
1386,2.4668421506122225e-17
1387,2.6141434506492246e-16
1388,1.8226301018280497e-13
1389,6.057619625063972e-12
1390,6.898803190083302e-15
1391,3.0957941335111184e-09
1392,1.274220243016884e-16
1393,1.5237825844100775e-11
1394,1.2636508574739492e-15
1395,1.1550051804504986e-11
1396,1.5019105662233754e-13
1397,1.7059585194323904e-14
1398,7.550177953535896e-16
1399,1.0216100861082774e-11
1400,2.279321429841213e-13
1401,2.2697536824116718e-12
1402,6.898803190013602e-15
1403,1.8226301018261413e-13
1404,5.230060636996136e-11
1405,3.413578280390294e-16
1406,9.271582896875405e-19
1407,1.2742202430106504e-16
1408,6.034076540305097e-17
1409,1.3811990581206233e-11
1410,1.8317996319358813e-12
1411,8.248085854720402e-10
1412,1.374478080165305e-10
1413,1.2197936226544945e-11
1414,3.3965786790855184e-14
1415,9.008527911274864e-10
1416,2.8219115204780187e-10
1417,4.112964049635948e-11
1418,1.3537218948025373e-11
1419,7.812518353211293e-12
1420,4.034982280259372e-10
1421,4.7371741248739754e-11
1422,1.1550051804500576e-11
1423,1.013103642322595e-06
1424,2.390821068715099e-13
1425,1.8683021265253165e-10
1426,1.8024966820933258e-13
1427,9.008527911280427e-10
1428,1.2296644746517253e-10
1429,1.8024966820914613e-13
1430,8.397982075808538e-16
1431,3.3695093810790925e-10
1432,1.021610086107601e-11
1433,9.008527911274753e-10
1434,3.369509381079376e-10
1435,4.37689566497877e-11
1436,2.2633615569860746e-10
1437,1.2296644746518496e-10
1438,1.021610086107774e-11
1439,2.2633615569841524e-10
1440,5.299954577908855e-15
1441,1.049372862748116e-12
1442,2.423237270717029e-15
1443,7.812518353295709e-12
1444,4.9304019707552415e-12
1445,3.917944309250913e-15
1446,2.4668421507141833e-17
1447,4.3768956649758436e-11
1448,2.6208058559018138e-11
1449,1.944292343583536e-14
1450,2.6141434506893436e-16
1451,6.071989418195084e-15
1452,3.4226658870048262e-12
1453,6.066718189469589e-13
1454,1.8226301018269413e-13
1455,1.0088209345455153e-09
1456,3.583994254201023e-15
1457,1.023504286516789e-09
1458,6.0576196250631254e-12
1459,1.0131036423223047e-06
1460,1.6348863707073731e-09
1461,3.343850294203393e-10
1462,6.898803190117463e-15
1463,2.263361556983215e-10
1464,4.138871304178202e-09
1465,9.088458981543917e-07
1466,3.095794133510948e-09
1467,1.0088209345481755e-09
1468,1.173335596007236e-05
1469,7.518376197327121e-14
1470,1.2742202430113704e-16
1471,1.643406466901366e-11
1472,1.1072661287022824e-14
1473,3.588166856057327e-11
1474,1.523782584410635e-11
1475,1.3744780801589787e-10
1476,7.717234206999571e-11
1477,7.513054709322242e-13
1478,1.2636508574742328e-15
1479,1.2296644746516656e-10
1480,9.730910925618689e-11
1481,4.8635186798707685e-11
1482,1.155005180449274e-11
1483,4.930401970734517e-12
1484,3.105145593261643e-10
1485,9.925217535324939e-12
1486,1.5019105662252346e-13
1487,1.6348863707059865e-09
1488,2.882956336503852e-14
1489,3.457845286074504e-13
1490,1.7059585194167507e-14
1491,2.821911520474411e-10
1492,9.730910925626171e-11
1493,1.7059585194026992e-14
1494,7.550177953524028e-16
1495,1.021610086107791e-11
1496,2.27932142982682e-13
1497,2.8219115204750677e-10
1498,1.0216100861077273e-11
1499,2.620805855900473e-11
1500,4.138871304177736e-09
1501,9.730910925631222e-11
1502,2.2793214298418645e-13
1503,4.138871304178726e-09
1504,2.0014227843288608e-15
1505,2.1943132805686332e-10
1506,2.2697536824025215e-12
1507,4.034982280247073e-10
1508,3.105145593271697e-10
1509,3.343850294203511e-10
1510,6.898803190084452e-15
1511,2.2633615569828088e-10
1512,4.138871304177663e-09
1513,1.6091132329567117e-12
1514,1.8226301018330037e-13
1515,3.422665887000498e-12
1516,1.7384809426469611e-10
1517,7.305476918198915e-09
1518,5.2300606369978027e-11
1519,1.1733355960071637e-05
1520,4.610302301349186e-12
1521,7.923730458333465e-16
1522,3.413578280396346e-16
1523,2.390821068712006e-13
1524,2.8829563364648245e-14
1525,1.0618315706949589e-15
1526,9.271582896946275e-19
1527,5.299954578067112e-15
1528,2.0014227843214893e-15
1529,5.448560212323868e-14
1530,1.2742202429975696e-16
1531,3.583994254062607e-15
1532,4.610302301351448e-12
1533,7.204764743055544e-16
1534,6.034076540318509e-17
1535,1.1072661287011009e-14
1536,3.3415888003926865e-20
1537,2.1863779914377306e-08
1538,1.3811990581397326e-11
1539,3.5873922511064844e-10
1540,4.6100918585890637e-07
1541,2.6782191407660092e-11
1542,1.8317996319367646e-12
1543,1.0493728627424306e-12
1544,2.1943132805767352e-10
1545,7.334709515000377e-07
1546,8.24808585470642e-10
1547,9.568924834727908e-11
1548,7.560932265419328e-05
1549,2.6879026291576766e-08
1550,1.3744780801575624e-10
1551,9.709576630875482e-09
1552,1.5214766802806986e-11
1553,2.678219140780568e-11
1554,1.2197936226456252e-11
1555,9.694127532496897e-13
1556,5.3519667422995345e-11
1557,3.221975831665511e-11
1558,3.3965786790817003e-14
1559,2.4232372706966e-15
1560,2.269753682420539e-12
1561,4.1129640496021494e-11
1562,9.008527911279324e-10
1563,1.9442923436094426e-14
1564,9.088458981545564e-07
1565,4.8635186799001334e-11
1566,2.8219115204711474e-10
1567,1.6091132329298774e-12
1568,5.4485602123302045e-14
1569,7.334709515000922e-07
1570,4.112964049639063e-11
1571,1.960739185338774e-09
1572,4.806924500757657e-06
1573,4.1129640495646736e-11
1574,1.3537218948028302e-11
1575,7.812518353327815e-12
1576,4.034982280210501e-10
1577,1.9607391853522842e-09
1578,7.812518353314498e-12
1579,8.685334619571397e-15
1580,4.99302758013375e-08
1581,4.806924500741926e-06
1582,4.0349822802432086e-10
1583,4.993027580127271e-08
1584,3.3045530847752543e-09
1585,2.6879026291697263e-08
1586,4.737174124818889e-11
1587,1.971688256111903e-09
1588,7.481270451512335e-07
1589,4.863518679868657e-11
1590,1.1550051804498291e-11
1591,4.930401970678127e-12
1592,3.1051455932518967e-10
1593,4.806924500754435e-06
1594,1.0131036423226333e-06
1595,3.3445182878758923e-10
1596,0.02213544575962109
1597,4.05453835858359e-11
1598,2.390821068719255e-13
1599,1.7314855326541003e-12
1600,2.3809615951774098e-11
1601,1.3811990581108165e-11
1602,1.8683021265249442e-10
1603,1.0493728627437425e-12
1604,1.0235042865170726e-09
1605,1.2197936226515152e-11
1606,1.8024966820964108e-13
1607,3.917944309171753e-15
1608,3.3438502942032626e-10
1609,4.112964049629931e-11
1610,9.00852791127726e-10
1611,1.9442923435627837e-14
1612,9.088458981545581e-07
1613,4.737174124867389e-11
1614,1.2296644746533887e-10
1615,6.066718189235132e-13
1616,7.518376197406605e-14
1617,1.831799631931789e-12
1618,1.8024966820932804e-13
1619,2.423237270716821e-15
1620,6.0576196250613345e-12
1621,3.3965786790781814e-14
1622,8.397982075802054e-16
1623,2.4668421504872922e-17
1624,6.8988031900480876e-15
1625,1.3537218948025909e-11
1626,3.369509381079657e-10
1627,2.6141434506979245e-16
1628,3.09579413351012e-09
1629,1.1550051804523228e-11
1630,1.0216100861077431e-11
1631,1.822630101828475e-13
1632,1.2742202430047657e-16
1633,8.248085854714782e-10
1634,9.008527911277546e-10
1635,7.812518353340732e-12
1636,1.0131036423224288e-06
1637,9.008527911276432e-10
1638,3.3695093810800375e-10
1639,4.376895664971874e-11
1640,2.2633615569836587e-10
1641,7.812518353249409e-12
1642,4.376895664986938e-11
1643,6.071989418155414e-15
1644,1.008820934547646e-09
1645,1.0131036423226102e-06
1646,2.263361556983022e-10
1647,1.0088209345461239e-09
1648,1.643406466899693e-11
1649,1.3744780801652446e-10
1650,1.229664474651512e-10
1651,4.9304019707234524e-12
1652,1.634886370704159e-09
1653,2.821911520473158e-10
1654,1.0216100861079462e-11
1655,2.6208058559047696e-11
1656,4.138871304178191e-09
1657,4.0349822802407353e-10
1658,2.2633615569830275e-10
1659,3.422665886997083e-12
1660,1.1733355960072222e-05
1661,2.390821068705771e-13
1662,5.299954578062602e-15
1663,3.5839942540558945e-15
1664,1.1072661287038336e-14
1665,3.5873922510991406e-10
1666,1.0493728627570628e-12
1667,9.568924834765474e-11
1668,9.70957663085196e-09
1669,9.694127532432847e-13
1670,2.4232372707176603e-15
1671,1.9442923435163687e-14
1672,1.6091132329256278e-12
1673,1.9607391853788065e-09
1674,7.81251835331312e-12
1675,8.685334620039141e-15
1676,4.993027580118715e-08
1677,1.9716882561130183e-09
1678,4.930401970704552e-12
1679,3.344518287877866e-10
1680,1.7314855326550761e-12
1681,1.0493728627519438e-12
1682,3.9179443093441875e-15
1683,1.9442923435855424e-14
1684,6.066718189219741e-13
1685,2.423237270719207e-15
1686,2.466842150561026e-17
1687,2.6141434506409667e-16
1688,1.8226301018347387e-13
1689,7.81251835323985e-12
1690,4.376895664982242e-11
1691,6.071989418177236e-15
1692,1.0088209345487514e-09
1693,4.930401970756932e-12
1694,2.6208058559001122e-11
1695,3.4226658870064087e-12
1696,3.5839942540877945e-15
1697,9.568924834712052e-11
1698,1.9442923434964266e-14
1699,8.68533462092713e-15
1700,3.344518287888672e-10
1701,1.9442923435645583e-14
1702,2.614143450647374e-16
1703,6.071989418164607e-15
1704,3.422665887015836e-12
1705,8.685334620370796e-15
1706,6.071989418272673e-15
1707,2.2777683809009675e-16
1708,4.671393772890037e-10
1709,3.3445182878924137e-10
1710,3.4226658870187445e-12
1711,4.671393772896105e-10
1712,2.0624146340494536e-14
1713,9.709576630845406e-09
1714,6.066718189340366e-13
1715,3.344518287885391e-10
1716,4.308227776230969e-08
1717,1.6091132329394349e-12
1718,1.8226301018293303e-13
1719,3.422665887001696e-12
1720,1.7384809426485028e-10
1721,4.99302758016015e-08
1722,1.0088209345466671e-09
1723,4.671393772896025e-10
1724,1.8021984114180912e-06
1725,1.7314855326415914e-12
1726,3.583994254033953e-15
1727,2.0624146340723467e-14
1728,1.0365604351947316e-13
1729,4.6100918585926265e-07
1730,1.0235042865189778e-09
1731,9.709576630881115e-09
1732,1.8756822739272091e-06
1733,5.351966742223375e-11
1734,6.057619625082747e-12
1735,6.066718189104035e-13
1736,7.305476918208595e-09
1737,4.806924500750984e-06
1738,1.0131036423225897e-06
1739,3.3445182878642135e-10
1740,0.022135445759620648
1741,7.481270451533118e-07
1742,1.6348863707024599e-09
1743,4.308227776228095e-08
1744,8.429177607672439e-11
1745,2.1943132805597265e-10
1746,3.3438502942005877e-10
1747,1.6091132329330192e-12
1748,7.305476918199446e-09
1749,2.2697536824187052e-12
1750,6.898803190070427e-15
1751,1.8226301018357558e-13
1752,5.2300606369949734e-11
1753,4.034982280223707e-10
1754,2.2633615569879052e-10
1755,3.422665887010475e-12
1756,1.1733355960071556e-05
1757,3.1051455932650923e-10
1758,4.138871304177522e-09
1759,1.7384809426483275e-10
1760,4.61030230134938e-12
1761,7.560932265418238e-05
1762,9.088458981545332e-07
1763,4.9930275801289717e-08
1764,0.022135445759619437
1765,9.08845898154561e-07
1766,3.0957941335109616e-09
1767,1.0088209345471663e-09
1768,1.1733355960072391e-05
1769,4.9930275801267283e-08
1770,1.0088209345476296e-09
1771,4.671393772891639e-10
1772,1.802198411419518e-06
1773,0.022135445759620426
1774,1.1733355960070945e-05
1775,1.8021984114185708e-06
1776,2.059921282399581e-06
1777,1.5214766802851418e-11
1778,7.518376197385718e-14
1779,1.7314855326592419e-12
1780,8.429177607683737e-11
1781,5.448560212358624e-14
1782,1.2742202430093746e-16
1783,3.583994254118886e-15
1784,4.610302301357965e-12
1785,3.304553084767674e-09
1786,1.6434064669010757e-11
1787,2.0624146341305403e-14
1788,2.0599212823999023e-06
1789,2.3809615951727437e-11
1790,1.1072661286957222e-14
1791,1.0365604351982086e-13
1792,1.1745824010099107e-14
1793,3.6671385925103595e-08
1794,3.588166856055935e-11
1795,4.610091858578105e-07
1796,1.2238582335378228e-12
1797,1.2949109679593875e-11
1798,1.523782584408821e-11
1799,1.0235042865166725e-09
1800,7.923730458406894e-16
1801,2.6879026291578443e-08
1802,1.3744780801732483e-10
1803,9.709576630869521e-09
1804,1.5214766802720536e-11
1805,3.3901967376634523e-07
1806,7.717234207004658e-11
1807,1.875682273927111e-06
1808,1.005327639380867e-12
1809,1.2949109679663224e-11
1810,7.513054709336426e-13
1811,5.3519667422419556e-11
1812,8.155393536521181e-14
1813,2.4645443790780126e-11
1814,1.2636508574869788e-15
1815,6.0576196250739264e-12
1816,3.4135782803992854e-16
1817,4.737174124866554e-11
1818,1.2296644746529066e-10
1819,6.066718189293558e-13
1820,7.518376197371353e-14
1821,9.925217535165327e-12
1822,9.730910925618504e-11
1823,7.305476918203041e-09
1824,7.204764743099785e-16
1825,2.6879026291599427e-08
1826,4.863518679819478e-11
1827,4.806924500749145e-06
1828,4.054538358576749e-11
1829,4.7371741248208827e-11
1830,1.155005180449099e-11
1831,1.01310364232264e-06
1832,2.390821068714523e-13
1833,1.9716882561057825e-09
1834,4.930401970758852e-12
1835,3.3445182878626693e-10
1836,1.7314855326433457e-12
1837,7.481270451528512e-07
1838,3.1051455932519494e-10
1839,0.022135445759619888
1840,2.3809615951808468e-11
1841,3.3901967376624385e-07
1842,9.925217535228314e-12
1843,7.481270451503715e-07
1844,1.2511090959152919e-12
1845,9.925217535165826e-12
1846,1.5019105662296866e-13
1847,1.6348863707018033e-09
1848,2.88295633647186e-14
1849,7.481270451511696e-07
1850,1.6348863707029953e-09
1851,4.308227776231046e-08
1852,8.42917760763451e-11
1853,1.2511090958830674e-12
1854,2.882956336449286e-14
1855,8.429177607684265e-11
1856,1.1468853342743287e-16
1857,3.5881668560109554e-11
1858,3.457845286150945e-13
1859,2.1943132805688751e-10
1860,7.923730458724909e-16
1861,7.513054709289763e-13
1862,1.705958519380394e-14
1863,3.343850294202332e-10
1864,1.0618315707004636e-15
1865,4.863518679859967e-11
1866,2.8219115204775223e-10
1867,1.6091132329517434e-12
1868,5.4485602123358124e-14
1869,9.925217535286318e-12
1870,9.730910925639761e-11
1871,7.30547691819029e-09
1872,7.204764743049203e-16
1873,1.52378258440949e-11
1874,1.705958519427118e-14
1875,2.2697536824162067e-12
1876,3.4135782804053384e-16
1877,1.2636508574901611e-15
1878,7.550177953491642e-16
1879,6.898803190065089e-15
1880,9.271582896821363e-19
1881,1.155005180449704e-11
1882,1.0216100861081216e-11
1883,1.8226301018378942e-13
1884,1.274220243012513e-16
1885,1.5019105662140346e-13
1886,2.2793214298387807e-13
1887,5.230060637001474e-11
1888,6.034076540322631e-17
1889,1.3744780801598434e-10
1890,2.82191152047897e-10
1891,4.034982280270761e-10
1892,2.390821068707741e-13
1893,1.2296644746514983e-10
1894,1.0216100861079643e-11
1895,2.2633615569846963e-10
1896,5.299954578000811e-15
1897,4.93040197075147e-12
1898,2.6208058559013003e-11
1899,3.4226658870058158e-12
1900,3.583994254094373e-15
1901,1.6348863707023443e-09
1902,4.138871304177151e-09
1903,1.1733355960071046e-05
1904,1.1072661286813607e-14
1905,7.717234206994493e-11
1906,9.730910925631886e-11
1907,3.105145593265231e-10
1908,2.882956336461566e-14
1909,9.730910925622011e-11
1910,2.2793214298303716e-13
1911,4.1388713041777834e-09
1912,2.0014227843537162e-15
1913,3.1051455932568355e-10
1914,4.138871304178627e-09
1915,1.7384809426495293e-10
1916,4.610302301349216e-12
1917,2.8829563364759714e-14
1918,2.001422784330099e-15
1919,4.6103023013533975e-12
1920,3.341588800259718e-20
1921,4.6100918585808337e-07
1922,2.1943132805763498e-10
1923,7.560932265421312e-05
1924,1.5214766802531034e-11
1925,5.3519667422314246e-11
1926,2.269753682409553e-12
1927,9.088458981543519e-07
1928,5.448560212362211e-14
1929,4.806924500756552e-06
1930,4.0349822802557786e-10
1931,4.993027580125221e-08
1932,3.3045530847645126e-09
1933,7.481270451518089e-07
1934,3.1051455932762654e-10
1935,0.022135445759621168
1936,2.380961595183964e-11
1937,1.0235042865155872e-09
1938,3.343850294201215e-10
1939,9.088458981545383e-07
1940,7.518376197403253e-14
1941,6.05761962507919e-12
1942,6.898803190074037e-15
1943,3.0957941335105873e-09
1944,1.2742202430204423e-16
1945,1.013103642322657e-06
1946,2.2633615569874733e-10
1947,1.0088209345486592e-09
1948,1.6434064669173663e-11
1949,1.6348863707015677e-09
1950,4.138871304177344e-09
1951,1.173335596007219e-05
1952,1.1072661286872623e-14
1953,9.70957663084927e-09
1954,1.6091132329153362e-12
1955,4.9930275801455775e-08
1956,1.7314855326463083e-12
1957,6.066718189154675e-13
1958,1.8226301018281418e-13
1959,1.0088209345473614e-09
1960,3.583994254141461e-15
1961,3.344518287885599e-10
1962,3.4226658869903574e-12
1963,4.671393772897904e-10
1964,2.062414634058021e-14
1965,4.308227776230302e-08
1966,1.7384809426461913e-10
1967,1.8021984114178157e-06
1968,1.0365604352148319e-13
1969,1.8756822739275007e-06
1970,7.3054769182013944e-09
1971,0.022135445759620048
1972,8.429177607622295e-11
1973,7.3054769182051846e-09
1974,5.230060636999771e-11
1975,1.1733355960071075e-05
1976,4.610302301344823e-12
1977,0.02213544575961999
1978,1.1733355960072691e-05
1979,1.802198411418034e-06
1980,2.059921282400252e-06
1981,8.429177607691303e-11
1982,4.6103023013505646e-12
1983,2.0599212824001264e-06
1984,1.1745824010068538e-14
1985,1.2238582334643332e-12
1986,7.923730458496398e-16
1987,1.521476680275886e-11
1988,1.0053276393854093e-12
1989,8.155393536456218e-14
1990,3.413578280398087e-16
1991,7.518376197432976e-14
1992,7.204764742992191e-16
1993,4.054538358557184e-11
1994,2.3908210687110276e-13
1995,1.7314855326588045e-12
1996,2.3809615951734436e-11
1997,1.2511090958394655e-12
1998,2.8829563364557696e-14
1999,8.429177607797378e-11
2000,1.1468853342895697e-16
2001,7.923730457942665e-16
2002,1.061831570698289e-15
2003,5.448560212317514e-14
2004,7.204764743034959e-16
2005,3.4135782803890395e-16
2006,9.271582896831854e-19
2007,1.274220243022815e-16
2008,6.03407654030987e-17
2009,2.3908210687226053e-13
2010,5.29995457789172e-15
2011,3.583994254033875e-15
2012,1.10726612870958e-14
2013,2.8829563364545585e-14
2014,2.0014227842873734e-15
2015,4.6103023013547384e-12
2016,3.3415888005253205e-20
2017,1.521476680286158e-11
2018,5.4485602123373295e-14
2019,3.3045530847689797e-09
2020,2.3809615951709646e-11
2021,7.518376197349316e-14
2022,1.2742202430257553e-16
2023,1.6434064668782813e-11
2024,1.1072661287027147e-14
2025,1.7314855326548782e-12
2026,3.583994254068693e-15
2027,2.0624146340591768e-14
2028,1.0365604351948973e-13
2029,8.429177607686368e-11
2030,4.610302301353665e-12
2031,2.059921282399371e-06
2032,1.1745824010010875e-14
2033,1.005327639397651e-12
2034,7.204764742854021e-16
2035,2.3809615951626928e-11
2036,1.1468853342710366e-16
2037,7.204764742858192e-16
2038,6.034076540306601e-17
2039,1.1072661287090792e-14
2040,3.3415888002852244e-20
2041,2.380961595167568e-11
2042,1.1072661287153977e-14
2043,1.0365604351795806e-13
2044,1.1745824009986133e-14
2045,1.146885334285033e-16
2046,3.341588800481805e-20
2047,1.174582401006168e-14
2048,2.34382875543672e-20
2049,6.63336905254328e-08
2050,6.88554499334979e-08
2051,1.7290171853877384e-12
2052,2.9836885635143074e-08
2053,6.885544993353848e-08
2054,6.784460839218176e-08
2055,1.6888201703952293e-09
2056,4.2485816326452094e-07
2057,1.7290171853934927e-12
2058,1.6888201703935623e-09
2059,2.288865328764205e-15
2060,1.3354784571115704e-10
2061,2.983688563503787e-08
2062,4.248581632648131e-07
2063,1.3354784571118196e-10
2064,1.0287771822409393e-10
2065,6.885544993345912e-08
2066,4.776624325207374e-06
2067,2.712332604736585e-10
2068,5.049851341576704e-06
2069,6.784460839227646e-08
2070,2.2799762613885374e-08
2071,9.12769306830571e-11
2072,1.8030517334538554e-07
2073,1.6888201703937885e-09
2074,4.679980878444311e-10
2075,1.390712078169776e-14
2076,4.0854114355924907e-10
2077,4.248581632648833e-07
2078,0.001361736067229828
2079,1.4904543111344471e-09
2080,1.469972546561069e-09
2081,1.7290171853773084e-12
2082,2.7123326047280253e-10
2083,1.3403205150295153e-12
2084,1.2099915872373933e-09
2085,1.688820170394424e-09
2086,9.127693068319474e-11
2087,1.7814372966908355e-12
2088,4.5591692621170965e-10
2089,2.2888653287501466e-15
2090,1.3907120781525236e-14
2091,2.0345840210126874e-17
2092,2.0547597410037727e-13
2093,1.3354784571132509e-10
2094,1.490454311133282e-09
2095,1.3361130663692795e-12
2096,4.447741932177173e-15
2097,2.9836885635208864e-08
2098,5.049851341575568e-06
2099,1.2099915872361794e-09
2100,5.999870843857429e-07
2101,4.248581632664378e-07
2102,1.8030517334598153e-07
2103,4.559169262116285e-10
2104,0.0020773167240612242
2105,1.3354784571092486e-10
2106,4.085411435573977e-10
2107,2.0547597410019458e-13
2108,1.9550784598379855e-09
2109,1.02877718224194e-10
2110,1.4699725465611488e-09
2111,4.447741932201458e-15
2112,1.2531026601032055e-11
2113,6.885544993358906e-08
2114,4.776624325204671e-06
2115,2.712332604729968e-10
2116,5.049851341571838e-06
2117,4.776624325207048e-06
2118,9.01974525799585e-09
2119,4.3685918768289576e-10
2120,6.553545021761181e-05
2121,2.7123326047270466e-10
2122,4.3685918768370066e-10
2123,4.005485036476265e-14
2124,1.5106970895810388e-09
2125,5.049851341578927e-06
2126,6.553545021767102e-05
2127,1.510697089583061e-09
2128,3.710509198379755e-09
2129,6.784460839242906e-08
2130,9.019745257843144e-09
2131,6.26193506195433e-12
2132,1.3831526197411455e-06
2133,2.279976261389923e-08
2134,2.981441275201423e-10
2135,1.2426068797770847e-12
2136,7.471907517042322e-08
2137,9.127693068316567e-11
2138,2.0427033748105768e-10
2139,4.602888997749041e-14
2140,5.227069478825452e-12
2141,1.8030517334566598e-07
2142,3.6745860904273176e-06
2143,1.5409659240572286e-09
2144,1.2207808453651048e-09
2145,1.6888201703963888e-09
2146,4.3685918768247473e-10
2147,2.7333008290704e-13
2148,3.50768898065935e-11
2149,4.679980878434005e-10
2150,2.0427033748114278e-10
2151,2.5363382389855613e-11
2152,5.871750439240056e-10
2153,1.3907120781715711e-14
2154,2.9332030306039134e-12
2155,4.0167592902212767e-16
2156,5.5397626038365466e-12
2157,4.0854114355879117e-10
2158,5.727854358162112e-10
2159,4.969422635855477e-12
2160,2.5519598487497188e-15
2161,4.2485816326366713e-07
2162,6.553545021760942e-05
2163,1.5351821906797818e-10
2164,0.0013359121959777912
2165,0.0013617360672293246
2166,3.6745860904341705e-06
2167,1.3607293637942938e-09
2168,0.0624660585789944
2169,1.490454311131152e-09
2170,5.727854358160074e-10
2171,7.0858313782749275e-12
2172,5.8222372127581264e-08
2173,1.4699725465612944e-09
2174,2.8632562463922604e-08
2175,6.805501416689793e-15
2176,3.811798506749744e-09
2177,1.7290171853699055e-12
2178,2.7123326047301615e-10
2179,1.3403205150200758e-12
2180,1.2099915872353078e-09
2181,2.7123326047320573e-10
2182,6.2619350619682e-12
2183,2.733300829086546e-13
2184,1.5351821906889276e-10
2185,1.340320515017208e-12
2186,2.733300829069755e-13
2187,3.1039958482769774e-16
2188,1.2299718045586177e-12
2189,1.2099915872369464e-09
2190,1.5351821906825873e-10
2191,1.2299718045564896e-12
2192,9.837143791560533e-15
2193,1.688820170395662e-09
2194,4.3685918767833965e-10
2195,2.733300829078161e-13
2196,3.5076889806518026e-11
2197,9.127693068350002e-11
2198,1.2426068797848886e-12
2199,7.774528408756662e-13
2200,1.880944220311114e-09
2201,1.7814372966868831e-12
2202,2.5363382389890232e-11
2203,1.7228474127232487e-15
2204,4.3353506253499385e-11
2205,4.559169262115036e-10
2206,1.3607293637922502e-09
2207,1.0379409113652287e-11
2208,1.6261878505440535e-13
2209,2.2888653287666492e-15
2210,4.005485036486478e-14
2211,3.1039958482963523e-16
2212,5.219007360098147e-13
2213,1.3907120781684833e-14
2214,4.602888997758545e-14
2215,1.7228474127336516e-15
2216,6.362740075873835e-12
2217,2.0345840210172132e-17
2218,4.016759290225404e-16
2219,3.219643247346958e-18
2220,1.3960003218659311e-15
2221,2.0547597409990551e-13
2222,7.085831378269974e-12
2223,5.1068127464412474e-15
2224,8.077745859831116e-18
2225,1.3354784571116037e-10
2226,1.5106970895828936e-09
2227,1.22997180455687e-12
2228,1.8708583071433934e-09
2229,1.4904543111341998e-09
2230,1.5409659240585128e-09
2231,1.0379409113651781e-11
2232,6.627156617290323e-08
2233,1.3361130663797984e-12
2234,4.969422635856466e-12
2235,5.106812746439486e-15
2236,1.485405695209227e-11
2237,4.447741932165382e-15
2238,6.8055014167107604e-15
2239,8.797668948548811e-17
2240,2.4557130907289927e-15
2241,2.9836885635091074e-08
2242,5.049851341575224e-06
2243,1.2099915872366314e-09
2244,5.999870843838242e-07
2245,5.04985134157582e-06
2246,1.3831526197422024e-06
2247,3.5076889806733636e-11
2248,0.0013359121959776211
2249,1.2099915872374965e-09
2250,3.5076889806912165e-11
2251,5.219007360092637e-13
2252,1.8708583071416278e-09
2253,5.999870843846744e-07
2254,0.0013359121959777283
2255,1.8708583071430406e-09
2256,1.02363489887163e-09
2257,4.248581632660563e-07
2258,6.553545021760524e-05
2259,1.535182190682623e-10
2260,0.0013359121959776602
2261,1.8030517334573901e-07
2262,7.471907517038821e-08
2263,1.8809442203121967e-09
2264,0.0001437831662800371
2265,4.559169262103724e-10
2266,5.87175043927739e-10
2267,6.362740075872382e-12
2268,2.4869535496974387e-10
2269,0.0020773167240615035
2270,0.062466058578998965
2271,6.62715661728905e-08
2272,3.2879527511834124e-07
2273,1.3354784571128993e-10
2274,1.51069708958312e-09
2275,1.2299718045624923e-12
2276,1.870858307143304e-09
2277,4.0854114355725474e-10
2278,5.2270694788524014e-12
2279,4.3353506253509667e-11
2280,2.4869535497152836e-10
2281,2.0547597410023797e-13
2282,5.539762603836102e-12
2283,1.3960003218683032e-15
2284,6.134168359551356e-12
2285,1.9550784598400824e-09
2286,5.822237212758894e-08
2287,1.4854056952092602e-11
2288,3.005134142138677e-13
2289,1.0287771822458533e-10
2290,3.7105091983792918e-09
2291,9.837143791563578e-15
2292,1.0236348988716022e-09
2293,1.4699725465602766e-09
2294,1.2207808453639848e-09
2295,1.6261878505395907e-13
2296,3.2879527511792085e-07
2297,4.447741932181868e-15
2298,2.5519598488912952e-15
2299,8.077745859838458e-18
2300,3.005134142137798e-13
2301,1.253102660100292e-11
2302,3.811798506749716e-09
2303,2.455713090718285e-15
2304,7.595222368919528e-16
2305,6.885544993344479e-08
2306,6.784460839224777e-08
2307,1.6888201703944885e-09
2308,4.2485816326281867e-07
2309,4.776624325198635e-06
2310,2.2799762613908783e-08
2311,4.679980878464441e-10
2312,0.0013617360672295198
2313,2.7123326047312094e-10
2314,9.127693068312187e-11
2315,1.3907120781656905e-14
2316,1.4904543111320944e-09
2317,5.0498513415779875e-06
2318,1.8030517334611264e-07
2319,4.08541143557856e-10
2320,1.4699725465620968e-09
2321,4.776624325206985e-06
2322,9.01974525801023e-09
2323,4.368591876792517e-10
2324,6.553545021768669e-05
2325,9.019745258088456e-09
2326,2.981441275196904e-10
2327,2.0427033748131628e-10
2328,3.674586090433965e-06
2329,4.368591876795177e-10
2330,2.042703374811272e-10
2331,2.933203030603444e-12
2332,5.727854358165739e-10
2333,6.553545021765751e-05
2334,3.6745860904364126e-06
2335,5.727854358136707e-10
2336,2.8632562463918878e-08
2337,2.71233260472524e-10
2338,6.261935061892252e-12
2339,2.7333008290913034e-13
2340,1.535182190679308e-10
2341,4.3685918768055034e-10
2342,1.2426068797933482e-12
2343,2.536338238986469e-11
2344,1.3607293638049299e-09
2345,4.005485036496732e-14
2346,4.6028889977743935e-14
2347,4.0167592902206387e-16
2348,7.085831378271857e-12
2349,1.5106970895836585e-09
2350,1.5409659240574542e-09
2351,4.969422635849378e-12
2352,6.805501416763054e-15
2353,5.049851341577245e-06
2354,1.3831526197403065e-06
2355,3.507688980646774e-11
2356,0.0013359121959775862
2357,6.553545021766479e-05
2358,7.471907517035269e-08
2359,5.871750439244793e-10
2360,0.06246605857899505
2361,1.5106970895824854e-09
2362,5.227069478838411e-12
2363,5.539762603835552e-12
2364,5.822237212755761e-08
2365,3.7105091983798224e-09
2366,1.220780845366157e-09
2367,2.551959848738818e-15
2368,3.811798506749992e-09
2369,6.784460839223734e-08
2370,2.279976261388142e-08
2371,9.127693068311268e-11
2372,1.8030517334587652e-07
2373,9.019745258074105e-09
2374,2.9814412752001477e-10
2375,2.0427033748025754e-10
2376,3.674586090429893e-06
2377,6.261935061968802e-12
2378,1.242606879782171e-12
2379,4.602888997756254e-14
2380,1.5409659240561082e-09
2381,1.3831526197423559e-06
2382,7.471907517027909e-08
2383,5.2270694787331945e-12
2384,1.2207808453673734e-09
2385,2.2799762613993692e-08
2386,2.9814412751887383e-10
2387,1.2426068797708788e-12
2388,7.471907516997413e-08
2389,2.981441275205978e-10
2390,1.1847127634767579e-13
2391,1.3584150209184764e-13
2392,2.051085286081303e-09
2393,1.2426068797797047e-12
2394,1.3584150209232997e-13
2395,4.573484420420598e-14
2396,1.6348298044635788e-09
2397,7.471907517022747e-08
2398,2.0510852860719125e-09
2399,1.6348298044648901e-09
2400,1.0070983118947951e-11
2401,9.127693068319428e-11
2402,1.242606879795068e-12
2403,7.774528408775933e-13
2404,1.8809442203082093e-09
2405,2.0427033748031676e-10
2406,1.358415020939172e-13
2407,4.8125970107023387e-11
2408,5.378641174941206e-10
2409,4.602888997765737e-14
2410,4.573484420432228e-14
2411,6.749036983165303e-16
2412,6.714208510181836e-12
2413,5.227069478783756e-12
2414,1.6348298044643481e-09
2415,4.3620149170589874e-11
2416,2.3714198969355668e-14
2417,1.8030517334609805e-07
2418,7.471907517019546e-08
2419,1.88094422031029e-09
2420,0.00014378316628001163
2421,3.674586090430717e-06
2422,2.051085286074502e-09
2423,5.378641174925054e-10
2424,0.006207889815999199
2425,1.5409659240560439e-09
2426,1.6348298044620357e-09
2427,6.71420851017877e-12
2428,1.815123796659055e-08
2429,1.2207808453647245e-09
2430,1.0070983118859181e-11
2431,2.371419896924374e-14
2432,3.8258796076531307e-10
2433,1.6888201703939556e-09
2434,9.127693068300605e-11
2435,1.781437296687065e-12
2436,4.559169262114553e-10
2437,4.368591876812115e-10
2438,1.2426068797822182e-12
2439,2.5363382389869843e-11
2440,1.3607293637964595e-09
2441,2.7333008290815917e-13
2442,7.774528408746017e-13
2443,1.7228474127401267e-15
2444,1.037940911365294e-11
2445,3.507688980645015e-11
2446,1.880944220310582e-09
2447,4.335350625352225e-11
2448,1.62618785054506e-13
2449,4.679980878456511e-10
2450,2.0427033748024764e-10
2451,2.5363382389854595e-11
2452,5.87175043921282e-10
2453,2.0427033748084734e-10
2454,1.3584150209005096e-13
2455,4.8125970107011244e-11
2456,5.378641174933622e-10
2457,2.53633823898447e-11
2458,4.8125970107004814e-11
2459,1.5910719284083863e-13
2460,3.2575531366396794e-11
2461,5.871750439304378e-10
2462,5.378641174909001e-10
2463,3.2575531366405595e-11
2464,3.9905768941083856e-13
2465,1.3907120781834414e-14
2466,4.602888997752949e-14
2467,1.7228474127284295e-15
2468,6.362740075872643e-12
2469,2.933203030598836e-12
2470,4.573484420417481e-14
2471,1.5910719284096313e-13
2472,7.959414591716904e-13
2473,4.016759290211587e-16
2474,6.749036983162967e-16
2475,7.752872241981092e-18
2476,6.549059931252792e-15
2477,5.539762603838616e-12
2478,6.71420851017899e-12
2479,2.4148396026024573e-15
2480,1.664734452015024e-18
2481,4.0854114355744933e-10
2482,5.227069478836314e-12
2483,4.335350625351194e-11
2484,2.4869535497193843e-10
2485,5.727854358157528e-10
2486,1.634829804462501e-09
2487,3.2575531366431063e-11
2488,7.143354318391954e-09
2489,4.969422635857673e-12
2490,4.362014917060269e-11
2491,2.4148396026076133e-15
2492,1.172019667207938e-10
2493,2.55195984886162e-15
2494,2.3714198969407298e-14
2495,3.0196058045459907e-16
2496,1.4721923371544136e-15
2497,4.2485816326436064e-07
2498,1.8030517334620435e-07
2499,4.5591692621056643e-10
2500,0.0020773167240615022
2501,6.553545021767492e-05
2502,7.471907517019129e-08
2503,5.871750439249791e-10
2504,0.06246605857899577
2505,1.535182190678373e-10
2506,1.8809442203115895e-09
2507,6.362740075874457e-12
2508,6.627156617289609e-08
2509,0.0013359121959775264
2510,0.00014378316628002767
2511,2.4869535497053765e-10
2512,3.287952751181005e-07
2513,0.0013617360672294378
2514,3.6745860904352454e-06
2515,1.3607293637952061e-09
2516,0.06246605857899508
2517,3.6745860904299155e-06
2518,2.0510852860734432e-09
2519,5.378641174931686e-10
2520,0.006207889815999722
2521,1.3607293637980663e-09
2522,5.378641174935925e-10
2523,7.959414591742263e-13
2524,7.143354318409942e-09
2525,0.06246605857899819
2526,0.0062078898160008705
2527,7.1433543183944515e-09
2528,2.0489086163450354e-05
2529,1.4904543111338147e-09
2530,1.5409659240589938e-09
2531,1.0379409113643715e-11
2532,6.627156617288678e-08
2533,5.727854358170779e-10
2534,1.6348298044622307e-09
2535,3.257553136638839e-11
2536,7.143354318413729e-09
2537,7.085831378272824e-12
2538,6.714208510181869e-12
2539,6.549059931253816e-15
2540,1.933375719185319e-12
2541,5.8222372127561484e-08
2542,1.8151237966592853e-08
2543,1.172019667208352e-10
2544,5.036837582839465e-12
2545,1.4699725465600323e-09
2546,1.2207808453636885e-09
2547,1.6261878505412104e-13
2548,3.2879527511814404e-07
2549,2.8632562463929244e-08
2550,1.007098311892352e-11
2551,3.9905768940455125e-13
2552,2.0489086163449757e-05
2553,6.805501416739733e-15
2554,2.3714198969539653e-14
2555,1.6647344519941606e-18
2556,5.036837582841917e-12
2557,3.8117985067513025e-09
2558,3.8258796076519457e-10
2559,1.4721923371600484e-15
2560,1.015991257732813e-13
2561,1.7290171854060707e-12
2562,1.6888201703944914e-09
2563,2.2888653287984837e-15
2564,1.3354784571085416e-10
2565,2.7123326047311076e-10
2566,9.127693068303052e-11
2567,1.3907120781718278e-14
2568,1.490454311134092e-09
2569,1.3403205150185073e-12
2570,1.7814372966890109e-12
2571,2.034584021017096e-17
2572,1.336113066367318e-12
2573,1.209991587236639e-09
2574,4.559169262101363e-10
2575,2.0547597410012284e-13
2576,4.447741932191657e-15
2577,2.712332604733192e-10
2578,4.368591876801008e-10
2579,4.0054850364897956e-14
2580,1.5106970895818685e-09
2581,6.261935061993879e-12
2582,1.2426068797673508e-12
2583,4.6028889977485877e-14
2584,1.5409659240586724e-09
2585,2.7333008290619386e-13
2586,2.5363382389901486e-11
2587,4.0167592902232277e-16
2588,4.969422635857983e-12
2589,1.53518219068159e-10
2590,1.3607293637919636e-09
2591,7.085831378271442e-12
2592,6.805501416738266e-15
2593,1.3403205150289862e-12
2594,2.7333008290692774e-13
2595,3.1039958482455926e-16
2596,1.2299718045633903e-12
2597,2.7333008290593325e-13
2598,7.774528408761917e-13
2599,1.7228474127469401e-15
2600,1.0379409113658953e-11
2601,3.103995848262058e-16
2602,1.722847412739149e-15
2603,3.2196432473466785e-18
2604,5.106812746461245e-15
2605,1.2299718045569441e-12
2606,1.0379409113643178e-11
2607,5.1068127464304085e-15
2608,8.797668948565322e-17
2609,1.2099915872370279e-09
2610,3.507688980626508e-11
2611,5.219007360096899e-13
2612,1.8708583071429347e-09
2613,1.5351821906871132e-10
2614,1.880944220311379e-09
2615,6.362740075873765e-12
2616,6.627156617288115e-08
2617,1.2299718045556634e-12
2618,4.335350625349423e-11
2619,1.3960003218639424e-15
2620,1.48540569520915e-11
2621,9.837143791455248e-15
2622,1.626187850540501e-13
2623,8.077745859983393e-18
2624,2.455713090736777e-15
2625,1.6888201703937234e-09
2626,4.679980878461532e-10
2627,1.3907120781661087e-14
2628,4.0854114355851753e-10
2629,4.368591876804997e-10
2630,2.042703374803537e-10
2631,2.9332030306026084e-12
2632,5.727854358177297e-10
2633,2.7333008290833143e-13
2634,2.5363382389845826e-11
2635,4.0167592902246254e-16
2636,4.969422635851175e-12
2637,3.507688980649732e-11
2638,5.871750439295755e-10
2639,5.539762603838343e-12
2640,2.5519598487085276e-15
2641,9.127693068313374e-11
2642,2.0427033748065228e-10
2643,4.602888997751175e-14
2644,5.227069478778584e-12
2645,1.2426068797713514e-12
2646,1.3584150209024453e-13
2647,4.573484420420133e-14
2648,1.6348298044627525e-09
2649,7.774528408771311e-13
2650,4.812597010701076e-11
2651,6.749036983183902e-16
2652,4.362014917060892e-11
2653,1.880944220311098e-09
2654,5.378641174923137e-10
2655,6.714208510176911e-12
2656,2.371419896922758e-14
2657,1.781437296689428e-12
2658,2.5363382389850304e-11
2659,1.7228474127408162e-15
2660,4.3353506253492354e-11
2661,2.5363382389908976e-11
2662,4.81259701070033e-11
2663,1.5910719284080712e-13
2664,3.257553136638987e-11
2665,1.722847412739495e-15
2666,1.5910719284109386e-13
2667,7.752872241983267e-18
2668,2.414839602606563e-15
2669,4.3353506253537274e-11
2670,3.257553136640639e-11
2671,2.4148396025935574e-15
2672,3.019605804544444e-16
2673,4.559169262118743e-10
2674,5.871750439269133e-10
2675,6.362740075874608e-12
2676,2.4869535497167534e-10
2677,1.360729363795999e-09
2678,5.378641174906983e-10
2679,7.959414591745811e-13
2680,7.143354318404573e-09
2681,1.0379409113657431e-11
2682,3.2575531366399185e-11
2683,6.549059931246842e-15
2684,1.1720196672077383e-10
2685,1.6261878505562798e-13
2686,3.990576894056753e-13
2687,1.66473445206954e-18
2688,1.47219233713669e-15
2689,2.288865328807536e-15
2690,1.390712078171214e-14
2691,2.0345840210198734e-17
2692,2.0547597410055516e-13
2693,4.005485036482649e-14
2694,4.602888997743713e-14
2695,4.0167592902155555e-16
2696,7.085831378271598e-12
2697,3.1039958483043395e-16
2698,1.7228474127298457e-15
2699,3.219643247349612e-18
2700,5.10681274644549e-15
2701,5.219007360094897e-13
2702,6.362740075871942e-12
2703,1.3960003218676165e-15
2704,8.077745859936978e-18
2705,1.3907120781805659e-14
2706,2.933203030605615e-12
2707,4.0167592902194944e-16
2708,5.539762603842231e-12
2709,4.602888997747669e-14
2710,4.573484420421786e-14
2711,6.749036983170258e-16
2712,6.7142085101817765e-12
2713,1.7228474127283747e-15
2714,1.5910719284105145e-13
2715,7.75287224197388e-18
2716,2.4148396026199282e-15
2717,6.362740075872592e-12
2718,7.959414591757459e-13
2719,6.549059931253339e-15
2720,1.66473445204091e-18
2721,2.0345840209863413e-17
2722,4.0167592902259305e-16
2723,3.219643247341543e-18
2724,1.3960003218634385e-15
2725,4.016759290221229e-16
2726,6.749036983172238e-16
2727,7.752872241967582e-18
2728,6.549059931246366e-15
2729,3.2196432473426865e-18
2730,7.752872241956487e-18
2731,2.6375399142404306e-21
2732,1.2210799073687302e-17
2733,1.3960003218685862e-15
2734,6.5490599312466124e-15
2735,1.2210799073734778e-17
2736,5.928362483025426e-20
2737,2.054759741000556e-13
2738,5.539762603836246e-12
2739,1.3960003218666432e-15
2740,6.1341683595558245e-12
2741,7.085831378273002e-12
2742,6.714208510182804e-12
2743,6.549059931253857e-15
2744,1.933375719184337e-12
2745,5.106812746438769e-15
2746,2.414839602613764e-15
2747,1.2210799073784708e-17
2748,1.5927592838668107e-13
2749,8.077745859909702e-18
2750,1.664734451988123e-18
2751,5.928362482976964e-20
2752,5.28028974590176e-18
2753,1.3354784571099357e-10
2754,4.085411435583899e-10
2755,2.054759740995969e-13
2756,1.9550784598410668e-09
2757,1.5106970895826045e-09
2758,5.227069478835257e-12
2759,5.53976260383312e-12
2760,5.822237212755807e-08
2761,1.2299718045611467e-12
2762,4.3353506253529066e-11
2763,1.3960003218673173e-15
2764,1.4854056952119738e-11
2765,1.8708583071441027e-09
2766,2.48695354970563e-10
2767,6.134168359554985e-12
2768,3.0051341421397775e-13
2769,1.4904543111331125e-09
2770,5.727854358127803e-10
2771,7.08583137827095e-12
2772,5.8222372127588874e-08
2773,1.5409659240572695e-09
2774,1.6348298044638386e-09
2775,6.714208510176593e-12
2776,1.8151237966590706e-08
2777,1.0379409113653558e-11
2778,3.2575531366408574e-11
2779,6.549059931251743e-15
2780,1.17201966720763e-10
2781,6.627156617289089e-08
2782,7.143354318431339e-09
2783,1.9333757191873614e-12
2784,5.036837582840729e-12
2785,1.3361130663757857e-12
2786,4.969422635861657e-12
2787,5.106812746440566e-15
2788,1.4854056952115017e-11
2789,4.969422635860669e-12
2790,4.36201491705726e-11
2791,2.4148396025922554e-15
2792,1.1720196672074137e-10
2793,5.1068127464422785e-15
2794,2.4148396026059114e-15
2795,1.2210799073690946e-17
2796,1.5927592838676884e-13
2797,1.4854056952106978e-11
2798,1.1720196672077802e-10
2799,1.5927592838673592e-13
2800,5.68140273856648e-14
2801,4.447741932193957e-15
2802,2.5519598488445016e-15
2803,8.077745859876687e-18
2804,3.00513414214638e-13
2805,6.805501416763768e-15
2806,2.3714198969531386e-14
2807,1.6647344520719125e-18
2808,5.036837582838845e-12
2809,8.797668948497528e-17
2810,3.0196058045482133e-16
2811,5.928362483036468e-20
2812,5.681402738563814e-14
2813,2.455713090727763e-15
2814,1.4721923371644288e-15
2815,5.280289745927506e-18
2816,9.46467050795419e-20
2817,2.9836885635098816e-08
2818,4.2485816326455387e-07
2819,1.3354784571077646e-10
2820,1.028777182241086e-10
2821,5.0498513415723115e-06
2822,1.8030517334619276e-07
2823,4.085411435577482e-10
2824,1.469972546541647e-09
2825,1.2099915872371751e-09
2826,4.5591692621063923e-10
2827,2.0547597410039022e-13
2828,4.4477419322209326e-15
2829,5.999870843838334e-07
2830,0.00207731672406147
2831,1.9550784598420035e-09
2832,1.2531026601047434e-11
2833,5.049851341576785e-06
2834,6.553545021764947e-05
2835,1.5106970895836558e-09
2836,3.7105091983696254e-09
2837,1.383152619740715e-06
2838,7.471907517047733e-08
2839,5.227069478745918e-12
2840,1.2207808453644419e-09
2841,3.5076889806643925e-11
2842,5.871750439243143e-10
2843,5.5397626038337855e-12
2844,2.551959848701509e-15
2845,0.0013359121959776502
2846,0.0624660585789974
2847,5.822237212755939e-08
2848,3.8117985067476174e-09
2849,1.209991587237198e-09
2850,1.5351821906763488e-10
2851,1.229971804557581e-12
2852,9.83714379153902e-15
2853,3.507688980673368e-11
2854,1.8809442203077613e-09
2855,4.335350625351978e-11
2856,1.6261878505328888e-13
2857,5.21900736009059e-13
2858,6.36274007587217e-12
2859,1.3960003218671708e-15
2860,8.077745859953998e-18
2861,1.8708583071426047e-09
2862,6.627156617288126e-08
2863,1.485405695209248e-11
2864,2.4557130907226018e-15
2865,5.999870843820485e-07
2866,0.0013359121959777669
2867,1.8708583071430633e-09
2868,1.0236348988730777e-09
2869,0.0013359121959776242
2870,0.00014378316628004236
2871,2.486953549718499e-10
2872,3.2879527511898954e-07
2873,1.8708583071450213e-09
2874,2.4869535497268134e-10
2875,6.134168359549028e-12
2876,3.005134142144212e-13
2877,1.0236348988705775e-09
2878,3.2879527511832134e-07
2879,3.0051341421435105e-13
2880,7.595222369008169e-16
2881,4.248581632639232e-07
2882,0.0013617360672296657
2883,1.4904543111345367e-09
2884,1.4699725465398876e-09
2885,6.553545021768779e-05
2886,3.674586090437055e-06
2887,5.727854358189913e-10
2888,2.863256246392052e-08
2889,1.5351821906872807e-10
2890,1.3607293638004643e-09
2891,7.085831378274736e-12
2892,6.80550141687999e-15
2893,0.0013359121959777267
2894,0.062466058578994926
2895,5.822237212755505e-08
2896,3.811798506749279e-09
2897,1.803051733456978e-07
2898,3.674586090434935e-06
2899,1.5409659240576126e-09
2900,1.2207808453653662e-09
2901,7.471907517047088e-08
2902,2.0510852860873994e-09
2903,1.6348298044614544e-09
2904,1.0070983118938543e-11
2905,1.880944220309673e-09
2906,5.378641174940212e-10
2907,6.714208510179441e-12
2908,2.371419896916571e-14
2909,0.00014378316628001428
2910,0.006207889815999798
2911,1.8151237966590828e-08
2912,3.825879607635833e-10
2913,4.5591692621006165e-10
2914,1.3607293638011693e-09
2915,1.037940911365536e-11
2916,1.6261878505334775e-13
2917,5.871750439256007e-10
2918,5.378641174930884e-10
2919,3.257553136639124e-11
2920,3.990576894117879e-13
2921,6.362740075873989e-12
2922,7.959414591750147e-13
2923,6.549059931248222e-15
2924,1.6647344520071433e-18
2925,2.4869535497112883e-10
2926,7.143354318417479e-09
2927,1.1720196672078707e-10
2928,1.4721923371490827e-15
2929,0.002077316724061204
2930,0.06246605857899429
2931,6.627156617287739e-08
2932,3.2879527511889637e-07
2933,0.06246605857899741
2934,0.006207889815999886
2935,7.143354318391107e-09
2936,2.0489086163447637e-05
2937,6.627156617289423e-08
2938,7.143354318377492e-09
2939,1.9333757191851085e-12
2940,5.036837582844619e-12
2941,3.287952751179063e-07
2942,2.0489086163450306e-05
2943,5.036837582833583e-12
2944,1.0159912577338304e-13
2945,1.335478457111615e-10
2946,1.4904543111362847e-09
2947,1.336113066374926e-12
2948,4.447741932221159e-15
2949,1.5106970895824938e-09
2950,1.5409659240578155e-09
2951,4.969422635851213e-12
2952,6.805501416802912e-15
2953,1.2299718045620785e-12
2954,1.037940911364489e-11
2955,5.106812746437884e-15
2956,8.797668948747523e-17
2957,1.8708583071439633e-09
2958,6.627156617289388e-08
2959,1.4854056952101918e-11
2960,2.4557130907390464e-15
2961,4.0854114355891815e-10
2962,5.727854358151174e-10
2963,4.969422635855924e-12
2964,2.5519598488343375e-15
2965,5.2270694788925205e-12
2966,1.6348298044646968e-09
2967,4.36201491705907e-11
2968,2.3714198969265984e-14
2969,4.335350625353009e-11
2970,3.257553136642029e-11
2971,2.414839602607119e-15
2972,3.0196058045495706e-16
2973,2.4869535497086744e-10
2974,7.1433543184052115e-09
2975,1.1720196672079537e-10
2976,1.4721923371406983e-15
2977,2.0547597409992404e-13
2978,7.085831378271924e-12
2979,5.106812746453287e-15
2980,8.077745859868396e-18
2981,5.539762603841084e-12
2982,6.7142085101833485e-12
2983,2.4148396026044973e-15
2984,1.6647344520483237e-18
2985,1.396000321867022e-15
2986,6.549059931251955e-15
2987,1.2210799073805158e-17
2988,5.928362483118568e-20
2989,6.134168359559303e-12
2990,1.933375719188109e-12
2991,1.5927592838664138e-13
2992,5.280289745918034e-18
2993,1.9550784598401837e-09
2994,5.8222372127557414e-08
2995,1.4854056952094893e-11
2996,3.0051341421459753e-13
2997,5.8222372127584936e-08
2998,1.815123796659496e-08
2999,1.1720196672074628e-10
3000,5.036837582850569e-12
3001,1.485405695209731e-11
3002,1.172019667207234e-10
3003,1.592759283867178e-13
3004,5.681402738563195e-14
3005,3.0051341421408953e-13
3006,5.036837582838587e-12
3007,5.681402738560127e-14
3008,9.464670507665192e-20
3009,1.0287771822461545e-10
3010,1.4699725465792947e-09
3011,4.4477419321321116e-15
3012,1.2531026601002038e-11
3013,3.7105091983971953e-09
3014,1.220780845366702e-09
3015,2.551959848921629e-15
3016,3.811798506750765e-09
3017,9.837143791544506e-15
3018,1.6261878505457696e-13
3019,8.077745859859876e-18
3020,2.4557130907318705e-15
3021,1.023634898870287e-09
3022,3.287952751172544e-07
3023,3.005134142134615e-13
3024,7.595222368967666e-16
3025,1.469972546581994e-09
3026,2.863256246392438e-08
3027,6.805501416612883e-15
3028,3.811798506749978e-09
3029,1.2207808453676546e-09
3030,1.0070983118983095e-11
3031,2.37141989695924e-14
3032,3.825879607657286e-10
3033,1.6261878505474945e-13
3034,3.9905768940072034e-13
3035,1.6647344521035361e-18
3036,1.4721923371436618e-15
3037,3.28795275117206e-07
3038,2.0489086163453847e-05
3039,5.036837582828535e-12
3040,1.0159912577370491e-13
3041,4.4477419321090106e-15
3042,6.8055014166419015e-15
3043,8.79766894852336e-17
3044,2.455713090732666e-15
3045,2.551959848732046e-15
3046,2.3714198969385623e-14
3047,3.019605804567286e-16
3048,1.4721923371281e-15
3049,8.077745859746731e-18
3050,1.664734452017444e-18
3051,5.928362482964055e-20
3052,5.2802897459229915e-18
3053,3.005134142133006e-13
3054,5.036837582826037e-12
3055,5.681402738568056e-14
3056,9.464670507543352e-20
3057,1.2531026600999123e-11
3058,3.811798506752412e-09
3059,2.4557130907306383e-15
3060,7.595222368835836e-16
3061,3.811798506752003e-09
3062,3.825879607674107e-10
3063,1.472192337160229e-15
3064,1.0159912577324829e-13
3065,2.4557130907304048e-15
3066,1.4721923371693637e-15
3067,5.280289745937048e-18
3068,9.464670508080492e-20
3069,7.595222368919536e-16
3070,1.0159912577352401e-13
3071,9.464670508125637e-20
3072,8.779071038308898e-19
3073,2.756826492893746e-08
3074,2.3472565761095497e-08
3075,1.0655349078969918e-07
3076,7.28755451525645e-12
3077,2.3472565761087556e-08
3078,4.848943903250268e-09
3079,1.4770402963543618e-06
3080,5.4426914833989825e-12
3081,1.0655349078983806e-07
3082,1.477040296354326e-06
3083,1.253570099519014e-09
3084,6.298788179492397e-12
3085,7.287554515284034e-12
3086,5.442691483400283e-12
3087,6.298788179484965e-12
3088,4.062125456293495e-15
3089,2.347256576110724e-08
3090,2.1395655933436185e-08
3091,1.419950438248111e-07
3092,5.2327889795744834e-12
3093,4.848943903245106e-09
3094,8.674953573370841e-13
3095,6.37732638114415e-08
3096,1.5615210984454178e-13
3097,1.4770402963532899e-06
3098,5.108326633526763e-06
3099,3.122345676749053e-08
3100,4.276081021336675e-11
3101,5.442691483394971e-12
3102,7.355681298780412e-12
3103,1.7519903362400283e-11
3104,9.135816444613281e-17
3105,1.0655349078968014e-07
3106,1.4199504382497353e-07
3107,1.4699857243223353e-05
3108,4.5261694281457944e-13
3109,1.4770402963537246e-06
3110,6.37732638114508e-08
3111,0.0005681182730508817
3112,1.1227627435378347e-11
3113,1.253570099515908e-09
3114,3.1223456767491836e-08
3115,2.174328525359798e-11
3116,1.2927099164958662e-12
3117,6.298788179496408e-12
3118,1.7519903362396434e-11
3119,2.4164019736836577e-11
3120,1.7552875722663236e-15
3121,7.287554515270979e-12
3122,5.232788979576388e-12
3123,4.5261694281290064e-13
3124,8.62512531627901e-14
3125,5.442691483385154e-12
3126,1.5615210984444027e-13
3127,1.1227627435405503e-11
3128,7.609972616005359e-14
3129,6.298788179509157e-12
3130,4.276081021330631e-11
3131,1.292709916501527e-12
3132,2.171905856377662e-14
3133,4.062125456303037e-15
3134,9.135816444572567e-17
3135,1.7552875722670888e-15
3136,2.6647391021273853e-19
3137,2.3472565761009527e-08
3138,2.1395655933569917e-08
3139,1.4199504382507816e-07
3140,5.23278897957118e-12
3141,2.139565593360104e-08
3142,7.61648850659318e-09
3143,1.1719416194494727e-05
3144,7.0354443867540025e-12
3145,1.4199504382465136e-07
3146,1.1719416194490488e-05
3147,9.579696558031874e-10
3148,3.3976220581848962e-12
3149,5.232788979571765e-12
3150,7.035444386760329e-12
3151,3.397622058204272e-12
3152,2.793917835785272e-15
3153,4.848943903246963e-09
3154,7.616488506607297e-09
3155,1.243716776777194e-08
3156,1.2561337058852122e-14
3157,8.674953573069834e-13
3158,5.012761418042214e-13
3159,1.4431841232592788e-08
3160,8.732924329180243e-17
3161,6.377326381156357e-08
3162,3.1861014589607284e-07
3163,2.5928964508683003e-09
3164,3.4186234206444306e-12
3165,1.5615210984509595e-13
3166,5.651798358713357e-13
3167,5.775484676874678e-13
3168,1.3300693503621527e-16
3169,1.4770402963549338e-06
3170,1.1719416194491484e-05
3171,0.00010015676176039686
3172,1.413148498358665e-12
3173,5.1083266335254554e-06
3174,3.186101458959217e-07
3175,0.007781019625002759
3176,9.101752914042864e-11
3177,3.1223456767568744e-08
3178,3.84150390630495e-09
3179,4.4653933389205575e-10
3180,2.3885055227751246e-12
3181,4.276081021339838e-11
3182,3.942453751122205e-10
3183,3.5169083237462665e-10
3184,3.393338063266294e-16
3185,5.4426914833901064e-12
3186,7.0354443867592265e-12
3187,1.1580050404265535e-11
3188,9.236525027448681e-15
3189,7.355681298823149e-12
3190,5.65179835870951e-13
3191,1.844515747452939e-10
3192,9.954239056144767e-13
3193,1.7519903362424455e-11
3194,3.942453751119845e-10
3195,4.1038804068531695e-12
3196,1.220055158125289e-14
3197,9.135816444525262e-17
3198,2.6543882623656657e-15
3199,8.928719131940326e-16
3200,1.3825886176037889e-17
3201,1.0655349078980561e-07
3202,1.4199504382466222e-07
3203,1.469985724322193e-05
3204,4.5261694281533054e-13
3205,1.4199504382462916e-07
3206,1.243716776781276e-08
3207,0.00010015676176036717
3208,1.1580050404236543e-11
3209,1.4699857243221227e-05
3210,0.00010015676176036606
3211,1.2951987231113915e-07
3212,4.492840165415674e-10
3213,4.5261694281518377e-13
3214,1.1580050404274225e-11
3215,4.4928401654147767e-10
3216,9.44151319341436e-16
3217,1.4770402963519749e-06
3218,1.1719416194496551e-05
3219,0.00010015676176039068
3220,1.4131484983605153e-12
3221,6.377326381158225e-08
3222,1.4431841232589492e-08
3223,1.0242224824353607e-05
3224,6.412540415595571e-13
3225,0.0005681182730509222
3226,0.007781019625003253
3227,1.2251352345171955e-07
3228,2.2214917569999824e-08
3229,1.1227627435391383e-11
3230,1.84451574744917e-10
3231,3.744529469233389e-09
3232,5.246839252659357e-15
3233,1.2535700995214486e-09
3234,9.579696557941264e-10
3235,1.2951987231110424e-07
3236,1.874190118137279e-12
3237,3.1223456767489884e-08
3238,2.59289645087236e-09
3239,1.2251352345216845e-07
3240,3.8169180785660643e-13
3241,2.174328525359125e-11
3242,4.465393338917509e-10
3243,1.1652617199690744e-11
3244,7.331432694221094e-16
3245,1.2927099165012077e-12
3246,4.103880406848199e-12
3247,4.328975589593321e-14
3248,1.6798914957139062e-15
3249,6.29878817948833e-12
3250,3.397622058183108e-12
3251,4.492840165415035e-10
3252,7.231109655422333e-14
3253,1.7519903362400893e-11
3254,5.775484676898422e-13
3255,3.744529469230483e-09
3256,1.6425169388067862e-15
3257,2.416401973675681e-11
3258,3.516908323746271e-10
3259,4.3289755896256086e-14
3260,8.604309314984193e-13
3261,1.7552875722661728e-15
3262,8.928719131910409e-16
3263,2.54143628832447e-15
3264,1.4397317977685686e-17
3265,7.287554515255376e-12
3266,5.232788979577826e-12
3267,4.5261694281446347e-13
3268,8.625125316278753e-14
3269,5.232788979600673e-12
3270,1.256133705876217e-14
3271,1.4131484983564142e-12
3272,9.236525027306709e-15
3273,4.5261694281292074e-13
3274,1.413148498356047e-12
3275,1.874190118139843e-12
3276,7.231109655414407e-14
3277,8.625125316265664e-14
3278,9.236525027430572e-15
3279,7.231109655428084e-14
3280,5.889741239344971e-17
3281,5.442691483387164e-12
3282,7.0354443867332e-12
3283,1.158005040426838e-11
3284,9.236525027353478e-15
3285,1.5615210984421447e-13
3286,8.73292432899331e-17
3287,6.412540415538888e-13
3288,7.404090218357214e-15
3289,1.122762743540182e-11
3290,9.101752914033914e-11
3291,3.8169180785597126e-13
3292,3.162602603156106e-14
3293,7.609972615978796e-14
3294,9.954239056177477e-13
3295,1.6425169387896273e-15
3296,1.7181383430479578e-15
3297,6.29878817948357e-12
3298,3.397622058191964e-12
3299,4.4928401654181893e-10
3300,7.2311096554277e-14
3301,4.2760810213301444e-11
3302,3.418623420644441e-12
3303,2.2214917570004748e-08
3304,3.162602603143723e-14
3305,1.2927099164966592e-12
3306,2.3885055227706975e-12
3307,7.331432694224836e-16
3308,2.802527104390679e-14
3309,2.1719058563842378e-14
3310,1.2200551581263635e-14
3311,8.604309314980482e-13
3312,7.39797059081006e-16
3313,4.062125456287695e-15
3314,2.793917835794435e-15
3315,9.44151319342747e-16
3316,5.889741239353355e-17
3317,9.135816444603265e-17
3318,1.3300693503621318e-16
3319,5.24683925266187e-15
3320,1.718138343055496e-15
3321,1.7552875722646919e-15
3322,3.3933380632505784e-16
3323,1.6798914957102772e-15
3324,7.397970590831066e-16
3325,2.664739102127181e-19
3326,1.3825886176008347e-17
3327,1.4397317977691004e-17
3328,2.291510630340351e-20
3329,2.3472565761136294e-08
3330,4.848943903250383e-09
3331,1.4770402963526648e-06
3332,5.442691483391082e-12
3333,2.1395655933603514e-08
3334,8.674953573164053e-13
3335,5.1083266335281905e-06
3336,7.35568129880105e-12
3337,1.419950438246773e-07
3338,6.377326381157341e-08
3339,3.1223456767541626e-08
3340,1.751990336236712e-11
3341,5.232788979580946e-12
3342,1.5615210984404799e-13
3343,4.276081021328871e-11
3344,9.135816444597753e-17
3345,2.13956559334699e-08
3346,7.616488506603064e-09
3347,1.1719416194494262e-05
3348,7.035444386756806e-12
3349,7.616488506601143e-09
3350,5.012761418093694e-13
3351,3.186101458959659e-07
3352,5.651798358715139e-13
3353,1.1719416194497635e-05
3354,3.186101458959922e-07
3355,3.841503906304078e-09
3356,3.942453751124495e-10
3357,7.035444386752828e-12
3358,5.651798358727935e-13
3359,3.9424537511282276e-10
3360,2.654388262362464e-15
3361,1.4199504382457826e-07
3362,1.2437167767781757e-08
3363,0.0001001567617603862
3364,1.1580050404255355e-11
3365,1.1719416194493458e-05
3366,1.443184123259574e-08
3367,0.007781019625002257
3368,1.8445157474507615e-10
3369,9.579696557993135e-10
3370,2.5928964508680228e-09
3371,4.4653933389207106e-10
3372,4.103880406857046e-12
3373,3.3976220581910023e-12
3374,5.775484676895112e-13
3375,3.516908323745199e-10
3376,8.928719131910456e-16
3377,5.232788979588977e-12
3378,1.2561337059192277e-14
3379,1.4131484983688118e-12
3380,9.236525027459853e-15
3381,7.035444386739747e-12
3382,8.732924328601754e-17
3383,9.101752914039726e-11
3384,9.95423905614577e-13
3385,3.3976220581847617e-12
3386,3.418623420660615e-12
3387,2.388505522768158e-12
3388,1.2200551581183995e-14
3389,2.7939178357889984e-15
3390,1.3300693503681212e-16
3391,3.3933380632415395e-16
3392,1.3825886176030165e-17
3393,4.848943903246444e-09
3394,8.674953573263157e-13
3395,6.377326381161581e-08
3396,1.561521098439795e-13
3397,7.616488506616484e-09
3398,5.012761418053927e-13
3399,3.1861014589651864e-07
3400,5.651798358719403e-13
3401,1.2437167767811876e-08
3402,1.4431841232575513e-08
3403,2.5928964508705333e-09
3404,5.775484676887376e-13
3405,1.256133705904598e-14
3406,8.73292432896529e-17
3407,3.418623420649129e-12
3408,1.3300693503618493e-16
3409,8.674953573090441e-13
3410,5.012761418136e-13
3411,1.4431841232601101e-08
3412,8.732924329138847e-17
3413,5.012761418068196e-13
3414,3.7309432266215623e-14
3415,4.799978708716814e-11
3416,6.753697538561729e-16
3417,1.4431841232603367e-08
3418,4.799978708703948e-11
3419,1.5991518241232506e-11
3420,3.815138903114494e-13
3421,8.73292432920309e-17
3422,6.753697538600202e-16
3423,3.815138903116474e-13
3424,2.370496361082921e-20
3425,6.377326381156549e-08
3426,1.443184123258625e-08
3427,1.0242224824359197e-05
3428,6.412540415612439e-13
3429,3.1861014589587055e-07
3430,4.799978708695005e-11
3431,0.0014361177288444613
3432,2.0982961539353323e-11
3433,2.5928964508713344e-09
3434,1.5991518241172174e-11
3435,2.4761512829394675e-10
3436,2.8075365526189467e-12
3437,3.4186234206547013e-12
3438,3.815138903112167e-13
3439,1.1751353157349077e-10
3440,1.822665002396913e-15
3441,1.5615210984472626e-13
3442,8.732924328783573e-17
3443,6.412540415597526e-13
3444,7.404090218344778e-15
3445,5.651798358715042e-13
3446,6.753697538631385e-16
3447,2.0982961539388165e-11
3448,4.5958196981456307e-14
3449,5.775484676925608e-13
3450,3.8151389031109443e-13
3451,2.8075365526291596e-12
3452,1.6844739709681254e-15
3453,1.3300693503661308e-16
3454,2.3704963609746617e-20
3455,1.822665002398495e-15
3456,1.1158599824462675e-19
3457,1.477040296353886e-06
3458,6.377326381149107e-08
3459,0.0005681182730509685
3460,1.1227627435374671e-11
3461,1.171941619449635e-05
3462,1.4431841232584162e-08
3463,0.007781019625002492
3464,1.8445157474515452e-10
3465,0.00010015676176036203
3466,1.024222482435965e-05
3467,1.2251352345205103e-07
3468,3.744529469234011e-09
3469,1.413148498366956e-12
3470,6.412540415559518e-13
3471,2.2214917570000446e-08
3472,5.246839252658026e-15
3473,5.108326633526534e-06
3474,3.1861014589549405e-07
3475,0.0077810196250029
3476,9.10175291404025e-11
3477,3.186101458959188e-07
3478,4.7999787086960964e-11
3479,0.0014361177288443887
3480,2.098296153934674e-11
3481,0.007781019625002646
3482,0.0014361177288443742
3483,3.2245071249419044e-07
3484,1.9911004652595065e-07
3485,9.101752914034684e-11
3486,2.0982961539343917e-11
3487,1.991100465259102e-07
3488,3.6770319134468356e-15
3489,3.122345676750383e-08
3490,2.5928964508677155e-09
3491,1.2251352345179403e-07
3492,3.8169180785904885e-13
3493,3.8415039063282895e-09
3494,1.5991518241189855e-11
3495,3.224507124942972e-07
3496,5.731503448012176e-12
3497,4.465393338914095e-10
3498,2.4761512829470967e-10
3499,2.1061732791727442e-11
3500,6.327363731938256e-14
3501,2.3885055227698485e-12
3502,2.807536552627433e-12
3503,3.641231620513296e-12
3504,1.0167417823840131e-16
3505,4.276081021329286e-11
3506,3.418623420644992e-12
3507,2.221491757000136e-08
3508,3.16260260314563e-14
3509,3.942453751123653e-10
3510,3.8151389031157037e-13
3511,1.9911004652589885e-07
3512,1.8214441552036664e-13
3513,3.516908323742899e-10
3514,1.1751353157372282e-10
3515,3.641231620517131e-12
3516,2.1733174951938274e-12
3517,3.3933380632584093e-16
3518,1.822665002395727e-15
3519,1.430770949504536e-14
3520,4.5063365520394385e-17
3521,5.442691483397837e-12
3522,1.5615210984410794e-13
3523,1.1227627435431873e-11
3524,7.60997261600008e-14
3525,7.035444386727745e-12
3526,8.732924328603746e-17
3527,9.101752914029809e-11
3528,9.954239056157343e-13
3529,1.1580050404265236e-11
3530,6.412540415551031e-13
3531,3.816918078589635e-13
3532,1.6425169387978303e-15
3533,9.236525027500112e-15
3534,7.404090218382328e-15
3535,3.1626026031430714e-14
3536,1.718138343048009e-15
3537,7.355681298787105e-12
3538,5.65179835871309e-13
3539,1.8445157474510427e-10
3540,9.954239056163736e-13
3541,5.651798358715222e-13
3542,6.753697538609371e-16
3543,2.0982961539386333e-11
3544,4.5958196981460005e-14
3545,1.8445157474521811e-10
3546,2.0982961539392146e-11
3547,5.731503448014954e-12
3548,1.8214441551929087e-13
3549,9.954239056150729e-13
3550,4.595819698150764e-14
3551,1.821444155195172e-13
3552,4.1641951904863905e-15
3553,1.7519903362435425e-11
3554,5.775484676892264e-13
3555,3.744529469234371e-09
3556,1.6425169388194658e-15
3557,3.9424537511198643e-10
3558,3.8151389031172996e-13
3559,1.9911004652593088e-07
3560,1.8214441551901187e-13
3561,4.1038804068634616e-12
3562,2.807536552622137e-12
3563,6.327363731951676e-14
3564,3.498219388067441e-14
3565,1.2200551581253367e-14
3566,1.6844739709753123e-15
3567,2.1733174951936513e-12
3568,1.9719748409569205e-16
3569,9.135816444575131e-17
3570,1.3300693503608947e-16
3571,5.246839252656774e-15
3572,1.7181383430520964e-15
3573,2.654388262359729e-15
3574,2.3704963610124818e-20
3575,3.6770319134560645e-15
3576,4.164195190464913e-15
3577,8.92871913190002e-16
3578,1.82266500239491e-15
3579,1.0167417823813638e-16
3580,1.971974840959698e-16
3581,1.382588617605665e-17
3582,1.1158599824453868e-19
3583,4.506336552076127e-17
3584,3.677678758856988e-20
3585,1.0655349078964691e-07
3586,1.4770402963526836e-06
3587,1.2535700995197616e-09
3588,6.298788179489293e-12
3589,1.419950438248384e-07
3590,6.377326381160221e-08
3591,3.1223456767494476e-08
3592,1.7519903362356336e-11
3593,1.469985724322581e-05
3594,0.0005681182730509512
3595,2.1743285253588644e-11
3596,2.4164019736828434e-11
3597,4.526169428137244e-13
3598,1.1227627435383142e-11
3599,1.2927099165009997e-12
3600,1.7552875722675911e-15
3601,1.419950438246876e-07
3602,1.1719416194499097e-05
3603,9.57969655797055e-10
3604,3.3976220581831187e-12
3605,1.2437167767766138e-08
3606,1.4431841232590121e-08
3607,2.592896450869666e-09
3608,5.775484676880824e-13
3609,0.00010015676176037706
3610,0.007781019625002884
3611,4.4653933389144504e-10
3612,3.5169083237433166e-10
3613,1.1580050404210965e-11
3614,1.844515747449751e-10
3615,4.103880406846725e-12
3616,8.92871913192185e-16
3617,1.469985724321488e-05
3618,0.00010015676176038015
3619,1.2951987231117158e-07
3620,4.492840165413945e-10
3621,0.00010015676176038117
3622,1.0242224824353437e-05
3623,1.225135234520018e-07
3624,3.744529469233843e-09
3625,1.295198723112095e-07
3626,1.2251352345186783e-07
3627,1.1652617199688321e-11
3628,4.328975589541481e-14
3629,4.4928401654126937e-10
3630,3.744529469233991e-09
3631,4.328975589525981e-14
3632,2.5414362883232706e-15
3633,4.5261694281113536e-13
3634,1.413148498361133e-12
3635,1.8741901181451403e-12
3636,7.231109655411926e-14
3637,1.1580050404284392e-11
3638,6.412540415538203e-13
3639,3.8169180785620844e-13
3640,1.6425169387930066e-15
3641,4.4928401654169196e-10
3642,2.2214917570004883e-08
3643,7.331432694137749e-16
3644,8.604309314983927e-13
3645,9.441513193392102e-16
3646,5.246839252651323e-15
3647,1.6798914957180659e-15
3648,1.4397317977698588e-17
3649,1.4770402963538945e-06
3650,5.108326633525463e-06
3651,3.12234567675343e-08
3652,4.2760810213344697e-11
3653,1.1719416194496287e-05
3654,3.1861014589598744e-07
3655,3.841503906327955e-09
3656,3.9424537511254695e-10
3657,0.0001001567617603703
3658,0.007781019625002661
3659,4.465393338914764e-10
3660,3.516908323744237e-10
3661,1.4131484983600446e-12
3662,9.101752914027408e-11
3663,2.3885055227728293e-12
3664,3.3933380632714925e-16
3665,6.377326381145981e-08
3666,3.186101458957601e-07
3667,2.5928964508708716e-09
3668,3.4186234206388326e-12
3669,1.4431841232592616e-08
3670,4.799978708713996e-11
3671,1.59915182412035e-11
3672,3.8151389031123034e-13
3673,1.0242224824358506e-05
3674,0.0014361177288444809
3675,2.47615128294657e-10
3676,1.1751353157365313e-10
3677,6.412540415559554e-13
3678,2.098296153935618e-11
3679,2.8075365526271628e-12
3680,1.8226650023982584e-15
3681,0.000568118273050966
3682,0.007781019625002501
3683,1.2251352345217398e-07
3684,2.2214917570001274e-08
3685,0.007781019625002932
3686,0.001436117728844486
3687,3.224507124946975e-07
3688,1.9911004652593768e-07
3689,1.2251352345205365e-07
3690,3.224507124947406e-07
3691,2.1061732791830743e-11
3692,3.6412316205149015e-12
3693,2.221491757000292e-08
3694,1.9911004652589822e-07
3695,3.641231620507934e-12
3696,1.4307709495049507e-14
3697,1.1227627435396537e-11
3698,9.101752914022306e-11
3699,3.816918078561759e-13
3700,3.1626026031526355e-14
3701,1.8445157474524513e-10
3702,2.0982961539360083e-11
3703,5.731503448028444e-12
3704,1.821444155201587e-13
3705,3.744529469233656e-09
3706,1.991100465259153e-07
3707,6.327363731931941e-14
3708,2.173317495194067e-12
3709,5.246839252654005e-15
3710,3.6770319134472545e-15
3711,1.016741782384989e-16
3712,4.506336552036533e-17
3713,1.2535700995213599e-09
3714,3.1223456767497984e-08
3715,2.1743285253588715e-11
3716,1.292709916497838e-12
3717,9.579696557956185e-10
3718,2.592896450868635e-09
3719,4.465393338918736e-10
3720,4.103880406855862e-12
3721,1.2951987231119543e-07
3722,1.2251352345219457e-07
3723,1.1652617199694746e-11
3724,4.32897558956385e-14
3725,1.8741901181423312e-12
3726,3.816918078568808e-13
3727,7.331432694113581e-16
3728,1.6798914957130927e-15
3729,3.122345676749376e-08
3730,3.84150390632775e-09
3731,4.4653933389132933e-10
3732,2.3885055227677834e-12
3733,2.5928964508654143e-09
3734,1.599151824106751e-11
3735,2.4761512829418503e-10
3736,2.807536552619347e-12
3737,1.225135234518705e-07
3738,3.2245071249545056e-07
3739,2.1061732791798984e-11
3740,3.6412316205101436e-12
3741,3.8169180785673033e-13
3742,5.731503448009498e-12
3743,6.327363731930575e-14
3744,1.0167417823808986e-16
3745,2.174328525361882e-11
3746,4.4653933389171956e-10
3747,1.1652617199708732e-11
3748,7.331432694197161e-16
3749,4.46539333891505e-10
3750,2.4761512829396753e-10
3751,2.1061732791764814e-11
3752,6.327363731935547e-14
3753,1.1652617199694342e-11
3754,2.10617327918267e-11
3755,2.196756497912974e-15
3756,3.2669774922032326e-18
3757,7.331432694156217e-16
3758,6.327363731946691e-14
3759,3.2669774922468322e-18
3760,1.469193948220106e-17
3761,1.2927099165005235e-12
3762,2.3885055227711967e-12
3763,7.331432694198263e-16
3764,2.8025271043945716e-14
3765,4.103880406865989e-12
3766,2.807536552628569e-12
3767,6.327363731935992e-14
3768,3.498219388057157e-14
3769,4.3289755895515705e-14
3770,3.641231620519557e-12
3771,3.2669774922026587e-18
3772,3.625655590535667e-13
3773,1.679891495718394e-15
3774,1.0167417823897169e-16
3775,1.4691939482209057e-17
3776,1.4881503803513065e-19
3777,6.2987881794955895e-12
3778,4.276081021326375e-11
3779,1.2927099164973224e-12
3780,2.1719058563876034e-14
3781,3.397622058189498e-12
3782,3.4186234206578985e-12
3783,2.3885055227664788e-12
3784,1.2200551581207788e-14
3785,4.4928401654165406e-10
3786,2.221491757000342e-08
3787,7.331432694083808e-16
3788,8.604309314986437e-13
3789,7.231109655434273e-14
3790,3.162602603151384e-14
3791,2.8025271043881575e-14
3792,7.3979705908218405e-16
3793,1.751990336241816e-11
3794,3.942453751124627e-10
3795,4.1038804068540774e-12
3796,1.2200551581256033e-14
3797,5.775484676896941e-13
3798,3.8151389031201183e-13
3799,2.8075365526243347e-12
3800,1.6844739709758361e-15
3801,3.744529469230704e-09
3802,1.9911004652594591e-07
3803,6.327363731925386e-14
3804,2.1733174951932176e-12
3805,1.642516938793898e-15
3806,1.821444155204084e-13
3807,3.4982193880647663e-14
3808,1.971974840956199e-16
3809,2.4164019736782484e-11
3810,3.516908323742214e-10
3811,4.3289755896623663e-14
3812,8.604309314963672e-13
3813,3.5169083237440895e-10
3814,1.1751353157363186e-10
3815,3.64123162051667e-12
3816,2.1733174951933274e-12
3817,4.328975589623652e-14
3818,3.641231620513979e-12
3819,3.2669774921081452e-18
3820,3.625655590533937e-13
3821,8.604309314980309e-13
3822,2.173317495193073e-12
3823,3.625655590528607e-13
3824,1.1021316723336493e-15
3825,1.7552875722654375e-15
3826,3.3933380632714344e-16
3827,1.6798914957102729e-15
3828,7.397970590818798e-16
3829,8.928719131914051e-16
3830,1.8226650023944936e-15
3831,1.0167417823828968e-16
3832,1.9719748409560313e-16
3833,2.5414362883250018e-15
3834,1.4307709495067947e-14
3835,1.469193948216174e-17
3836,1.1021316723327393e-15
3837,1.439731797764931e-17
3838,4.5063365520186847e-17
3839,1.4881503803649358e-19
3840,2.534142221466449e-20
3841,7.287554515291582e-12
3842,5.4426914833973766e-12
3843,6.2987881795059955e-12
3844,4.062125456295857e-15
3845,5.232788979581176e-12
3846,1.5615210984432418e-13
3847,4.2760810213358384e-11
3848,9.135816444722138e-17
3849,4.5261694281645897e-13
3850,1.1227627435441072e-11
3851,1.2927099165031763e-12
3852,1.7552875722642466e-15
3853,8.625125316260365e-14
3854,7.60997261600591e-14
3855,2.1719058563738065e-14
3856,2.664739102113983e-19
3857,5.23278897956735e-12
3858,7.035444386733899e-12
3859,3.397622058192133e-12
3860,2.7939178357838448e-15
3861,1.256133705900546e-14
3862,8.732924328703981e-17
3863,3.418623420650337e-12
3864,1.3300693503602035e-16
3865,1.4131484983605436e-12
3866,9.101752914037344e-11
3867,2.3885055227731903e-12
3868,3.3933380632561615e-16
3869,9.236525027398822e-15
3870,9.954239056162105e-13
3871,1.2200551581250993e-14
3872,1.3825886176009718e-17
3873,4.5261694281272853e-13
3874,1.1580050404270563e-11
3875,4.4928401654159285e-10
3876,9.441513193444494e-16
3877,1.4131484983570239e-12
3878,6.412540415558155e-13
3879,2.2214917570004036e-08
3880,5.246839252655401e-15
3881,1.8741901181472087e-12
3882,3.8169180785428347e-13
3883,7.331432694251815e-16
3884,1.679891495714976e-15
3885,7.231109655435398e-14
3886,1.6425169388237885e-15
3887,8.604309314996232e-13
3888,1.4397317977842567e-17
3889,8.625125316279828e-14
3890,9.236525027341037e-15
3891,7.231109655415466e-14
3892,5.889741239394798e-17
3893,9.236525027449139e-15
3894,7.404090218361062e-15
3895,3.162602603157197e-14
3896,1.718138343047096e-15
3897,7.23110965542619e-14
3898,3.162602603152514e-14
3899,2.8025271043950907e-14
3900,7.397970590697524e-16
3901,5.88974123935712e-17
3902,1.7181383430559941e-15
3903,7.397970590822211e-16
3904,2.2915106303147027e-20
3905,5.442691483401358e-12
3906,7.355681298767492e-12
3907,1.7519903362361286e-11
3908,9.135816444632658e-17
3909,7.035444386757144e-12
3910,5.651798358717267e-13
3911,3.942453751119312e-10
3912,2.6543882623558105e-15
3913,1.1580050404244689e-11
3914,1.8445157474541496e-10
3915,4.103880406862587e-12
3916,8.92871913188613e-16
3917,9.236525027280675e-15
3918,9.954239056170788e-13
3919,1.220055158131147e-14
3920,1.3825886175996126e-17
3921,1.561521098443159e-13
3922,5.651798358717343e-13
3923,5.775484676909604e-13
3924,1.3300693503612598e-16
3925,8.732924328538655e-17
3926,6.753697538628464e-16
3927,3.815138903119441e-13
3928,2.3704963609971878e-20
3929,6.412540415583682e-13
3930,2.0982961539393e-11
3931,2.807536552634437e-12
3932,1.8226650023941343e-15
3933,7.40409021839649e-15
3934,4.595819698145785e-14
3935,1.6844739709690951e-15
3936,1.1158599824540603e-19
3937,1.122762743543812e-11
3938,1.8445157474541005e-10
3939,3.744529469230899e-09
3940,5.246839252653363e-15
3941,9.101752914029458e-11
3942,2.0982961539378714e-11
3943,1.991100465259829e-07
3944,3.6770319135643214e-15
3945,3.8169180785621905e-13
3946,5.731503448003207e-12
3947,6.327363731935955e-14
3948,1.0167417823675831e-16
3949,3.1626026031487064e-14
3950,1.821444155203238e-13
3951,2.1733174951941538e-12
3952,4.5063365520393485e-17
3953,7.609972615968436e-14
3954,9.954239056173137e-13
3955,1.6425169388037172e-15
3956,1.7181383430459297e-15
3957,9.954239056182467e-13
3958,4.595819698153154e-14
3959,1.821444155203197e-13
3960,4.164195190463793e-15
3961,1.642516938812627e-15
3962,1.821444155202211e-13
3963,3.4982193880627443e-14
3964,1.971974840995742e-16
3965,1.7181383430508198e-15
3966,4.164195190459438e-15
3967,1.971974840954998e-16
3968,3.6776787588925046e-20
3969,6.298788179502922e-12
3970,1.7519903362452793e-11
3971,2.41640197367441e-11
3972,1.7552875722635086e-15
3973,3.3976220581732462e-12
3974,5.775484676876708e-13
3975,3.5169083237429635e-10
3976,8.928719131909241e-16
3977,4.4928401654165003e-10
3978,3.744529469230153e-09
3979,4.3289755895581685e-14
3980,2.541436288329945e-15
3981,7.231109655425995e-14
3982,1.6425169388125883e-15
3983,8.604309314986668e-13
3984,1.439731797783888e-17
3985,4.2760810213236685e-11
3986,3.942453751118872e-10
3987,3.516908323739108e-10
3988,3.3933380632619685e-16
3989,3.4186234206517694e-12
3990,3.8151389031185855e-13
3991,1.1751353157375232e-10
3992,1.8226650023923913e-15
3993,2.221491757000191e-08
3994,1.991100465260213e-07
3995,3.641231620512658e-12
3996,1.4307709494983296e-14
3997,3.1626026031530855e-14
3998,1.8214441552031386e-13
3999,2.17331749519388e-12
4000,4.5063365520435e-17
4001,1.29270991650321e-12
4002,4.1038804068476425e-12
4003,4.328975589521036e-14
4004,1.6798914957147499e-15
4005,2.3885055227688804e-12
4006,2.8075365526351426e-12
4007,3.641231620512513e-12
4008,1.0167417823741092e-16
4009,7.3314326941821175e-16
4010,6.32736373193469e-14
4011,3.266977492420271e-18
4012,1.46919394822123e-17
4013,2.802527104390094e-14
4014,3.49821938808321e-14
4015,3.625655590529441e-13
4016,1.4881503803783826e-19
4017,2.1719058563829917e-14
4018,1.2200551581257668e-14
4019,8.604309314982661e-13
4020,7.397970590692362e-16
4021,1.220055158126276e-14
4022,1.684473970978892e-15
4023,2.173317495194609e-12
4024,1.9719748409941252e-16
4025,8.604309314981062e-13
4026,2.1733174951941934e-12
4027,3.6256555905298824e-13
4028,1.1021316723332065e-15
4029,7.397970590829749e-16
4030,1.9719748409544612e-16
4031,1.1021316723324455e-15
4032,2.5341422214405242e-20
4033,4.0621254563026725e-15
4034,9.135816444450882e-17
4035,1.7552875722672458e-15
4036,2.664739102109401e-19
4037,2.793917835795999e-15
4038,1.3300693503638333e-16
4039,3.3933380632694987e-16
4040,1.3825886176023463e-17
4041,9.44151319337309e-16
4042,5.246839252655459e-15
4043,1.6798914957164834e-15
4044,1.439731797781036e-17
4045,5.889741239309743e-17
4046,1.7181383430581529e-15
4047,7.397970590830233e-16
4048,2.2915106303112382e-20
4049,9.135816444528102e-17
4050,2.6543882623587486e-15
4051,8.928719131955634e-16
4052,1.3825886176039014e-17
4053,1.3300693503648487e-16
4054,2.3704963609418327e-20
4055,1.8226650024004365e-15
4056,1.11585998245896e-19
4057,5.2468392526521496e-15
4058,3.677031913315287e-15
4059,1.0167417823825334e-16
4060,4.506336552038877e-17
4061,1.7181383430604015e-15
4062,4.16419519044197e-15
4063,1.971974840951469e-16
4064,3.677678758949115e-20
4065,1.7552875722657748e-15
4066,8.92871913196506e-16
4067,2.541436288299874e-15
4068,1.4397317977823234e-17
4069,3.3933380632699765e-16
4070,1.8226650023987826e-15
4071,1.430770949520943e-14
4072,4.5063365520361813e-17
4073,1.6798914957172462e-15
4074,1.0167417823802838e-16
4075,1.4691939482193098e-17
4076,1.48815038038473e-19
4077,7.397970590819002e-16
4078,1.9719748409526e-16
4079,1.1021316723406544e-15
4080,2.5341422214811947e-20
4081,2.6647391021968387e-19
4082,1.3825886176042607e-17
4083,1.439731797764144e-17
4084,2.2915106303225506e-20
4085,1.3825886176050634e-17
4086,1.1158599824584285e-19
4087,4.506336552046273e-17
4088,3.6776787588939533e-20
4089,1.4397317977610334e-17
4090,4.506336552045468e-17
4091,1.4881503803725025e-19
4092,2.534142221448652e-20
4093,2.291510630348778e-20
4094,3.677678758883806e-20
4095,2.5341422214659783e-20
4096,2.2725670906214236e-24
