average_distance_gap,eval_instance,max_distance_gap,optimal_average_distance,optimal_max_distance,predicted_average_distance,predicted_max_distance
0.10343140363693237,0,0.0,0.5131371021270752,1.4142135381698608,0.6165685057640076,1.4142135381698608
0.08000001311302185,1,0.0,0.3199999928474426,1.0,0.4000000059604645,1.0
0.19999998807907104,2,0.0,0.2800000011920929,1.0,0.47999998927116394,1.0
0.1834314465522766,3,-0.41421353816986084,0.45656853914260864,1.4142135381698608,0.6399999856948853,1.0
0.13656854629516602,4,0.0,0.2565685510635376,1.4142135381698608,0.3931370973587036,1.4142135381698608
0.10343140363693237,5,0.0,0.6262741684913635,1.4142135381698608,0.7297055721282959,1.4142135381698608
0.17656852304935455,6,0.41421353816986084,0.23999999463558197,1.0,0.4165685176849365,1.4142135381698608
0.07313710451126099,7,0.0,0.4731370806694031,1.4142135381698608,0.5462741851806641,1.4142135381698608
