{
  "chi_m_per_real": 2.0776501266491163,
  "chi_m_pooled": 15.595529893706395,
  "I_m_per_real": 1.4071104154375496,
  "I_m_pooled": 10.76062475657218,
  "C_m_per_real": 0.6705397112115605,
  "C_m_pooled": 4.834905137134228,
  "J": 2.3714,
  "reals": 20,
  "n_seq": 500,
  "paper_reading": {
    "chi_m": "1.9-2.0",
    "C_m": "0.72-0.75"
  }
}
