time_s,synthetic_record_pT,injected_template_pT,matched_estimate_pT
0.0,0.05011429125146904,,0.10760989263419786
0.005,0.3448845151054132,,0.05197228894999203
0.01,0.0481050982008813,,-0.005189950309856
0.015,-0.7749222962726726,,-0.06224395983168498
0.02,-0.12681200979508134,,-0.11754734628662562
0.025,0.4481050653920157,,-0.1695343587548515
0.03,-0.18808314966967066,,-0.21678466002772875
0.035,-0.50182177985798,,-0.2579338047583303
0.04,0.13127172981828114,,-0.29178514078701495
0.045,0.38820576241492033,,-0.3173822302676789
0.05,-0.03948122167045866,,-0.3340443489080632
0.055,-0.40771969684323933,,-0.3412778474889669
0.06,0.24368787476224044,,-0.3388294163368643
0.065,0.40044588957424476,,-0.326785888709677
0.07,-0.043073704735700505,,-0.30550892212488984
0.075,-0.42104581920652573,,-0.2755927547978513
0.08,0.2940298498298954,,-0.23784135996019246
0.085,0.49360482671649836,,-0.19332378161346675
0.09,-0.15602580357936552,,-0.14332665413808007
0.095,-0.39873767706281593,,-0.08926138988428194
0.1,0.04175892436246642,,-0.03261978049808516
0.105,0.3237680987118309,,0.024990984252131972
0.11,0.03019798743202176,,0.08189968766918158
0.115,-0.5258458381794321,,0.13651104040020645
0.12,0.10192329772027939,,0.1873100415517183
0.125,0.35459478014863244,,0.23285727836308492
0.13,-0.2422248723559875,,0.27181203251264296
0.135,-0.5021203772759806,,0.30307255148182743
0.14,0.07186978636672871,,0.32581073897087026
0.145,0.25835503549953787,,0.3393544744834372
0.15,-0.18795871644484152,,0.34327665513411915
0.155,-0.3358913911080844,,0.33748183349480404
0.16,0.0993126959024202,,0.3221521323042102
0.165,0.5157624749135751,,0.29771228352324536
0.17,0.011169427765895648,,0.26480617785111227
0.17500000000000002,-0.48344389746709115,,0.22437969845230424
0.18,0.046225601656870736,,0.17761673062123404
0.185,0.38200303478676517,,0.12580893787420297
0.19,-0.12243870257819535,,0.07038445483863262
0.195,-0.32878307891654235,,0.012932978461413907
0.2,0.09060328743472212,,-0.04489659647495056
0.20500000000000002,0.6204660062200845,,-0.10148250934817081
0.21,-0.16192109614814132,,-0.15523723321328198
0.215,-0.6642081388198822,,-0.2046363065568125
0.22,0.02928905738060722,,-0.2482562435571359
0.225,0.43138869577380834,,-0.28486717805222694
0.23,-0.22062154852763616,,-0.3134647096663853
0.23500000000000001,-0.6175260551759787,,-0.3332087702088373
0.24,0.1379514504678669,,-0.3435222141233149
0.245,0.49996360908191656,,-0.34409935768923267
0.25,-0.1192493985486662,,-0.3349669575036898
0.255,-0.44923924902188084,,-0.3163639410330363
0.26,0.06715171846381107,,-0.28877750331713153
0.265,0.5822307025156783,,-0.25299057962988863
0.27,-0.1713485248244173,,-0.21005112073096863
0.275,-0.587468587917052,,-0.16116148731526794
0.28,0.1589265800682293,,-0.1076593016919085
0.28500000000000003,0.529512299595201,,-0.05106122044648022
0.29,-0.072157510195995,,0.006976528321036158
0.295,-0.4494129130482878,,0.06483752621851231
0.3,0.22643930477442104,,0.12091717028977991
0.305,0.5424020698993012,,0.17361842463795618
0.31,-0.09011669588390692,,0.22140951482852897
0.315,-0.45382336791248906,,0.2629527060315977
0.32,0.014052669473568771,,0.297109374532653
0.325,0.5792298920194193,,0.322878715931102
0.33,-0.09155476374196105,,0.33950053679863357
0.335,-0.49095917302905084,,0.3465146062306286
0.34,0.19168759659619866,,0.3437550852460697
0.34500000000000003,0.6032138631853712,,0.3312821195859148
0.35000000000000003,-0.23512399071921553,,0.30940374022172085
0.355,-0.5504040823168896,,0.2787526641724845
0.36,0.024812483151362363,,0.2402190513020705
0.365,0.5077681136271859,,0.19488155233894547
0.37,0.03846518842914837,,0.14397970264672277
0.375,-0.34326346676642105,,0.0889595356339667
0.38,0.08229839173168378,,0.03141708864167192
0.385,0.6511815261957413,,-0.027026108423156826
0.39,-0.11697681420239205,,-0.08476879421379882
0.395,-0.5118495649960157,,-0.1401508851148529
0.4,0.2878995840134443,,-0.19157390331787333
0.405,0.5407663662539164,,-0.2375762249984189
0.41000000000000003,-0.053546797856328626,,-0.27691609179124277
0.41500000000000004,-0.5824416206870403,,-0.3084457876297447
0.42,0.042428627684120784,,-0.33124744448486304
0.425,0.6915174656016622,,-0.3446719337058879
0.43,-0.02950251736155124,,-0.3483783449898
0.435,-0.4753906465062877,,-0.342237813443898
0.44,0.1352960783957619,,-0.326384287246348
0.445,0.6874183948040422,,-0.3012749340989768
0.45,-0.0031389559281742307,,-0.26765422251903603
0.455,-0.35955118493613103,,-0.22645227138341112
0.46,0.14365291190272877,,-0.17880491824610437
0.465,0.4174057420518784,,-0.1260557286046012
0.47000000000000003,-0.034842615702184054,,-0.06973625369883106
0.47500000000000003,-0.6071371299128053,,-0.011423832966626949
0.48,0.07804644443609757,,0.047264735485602026
0.485,0.6468932433300025,,0.10464994134727998
0.49,-0.18918634821825014,,0.15908843346484539
0.495,-0.6215783557805236,,0.2090290777051171
0.5,0.31405155916399546,,0.25311637770900663
0.505,0.4395081215337216,,0.2900766044394821
0.51,-0.052719184414282284,,0.3188258019755486
0.515,-0.4895722323036847,,0.33855434675808455
0.52,0.13130833952235454,,0.3487298869234064
0.525,0.4100387049736716,,0.3490599129275222
0.53,-0.0677672160879132,,0.3394863313105365
0.535,-0.5135506850081824,,0.32028804303214636
0.54,0.15111977583713432,,0.29204589611563314
0.545,0.4341029882990592,,0.2555457479942661
0.55,-0.28389633576732004,,0.2117681946399022
0.555,-0.554934424834764,,0.16196194402732642
0.56,0.15204678639259073,,0.10757483126524962
0.5650000000000001,0.4903750045444345,,0.0501227292276968
0.5700000000000001,-0.2088953474889642,,-0.008805428389480296
0.5750000000000001,-0.5470508416361902,,-0.06752525948005472
0.58,-0.07026388627562032,,-0.1243348720494041
0.585,0.5833825645655892,,-0.17765327139181952
0.59,-0.24167879254566976,,-0.2259917393474662
0.595,-0.4483082904609471,,-0.26796446995569956
0.6,0.17966773421889276,,-0.3023606251928873
0.605,0.7569756325503835,,-0.3282025862594987
0.61,-0.28048537824343334,,-0.34479750546744375
0.615,-0.6458865317640643,,-0.3516634433992454
0.62,0.13732967345125285,,-0.34855072679726123
0.625,0.5311810053368509,,-0.33556416381366516
0.63,-0.15770555994657318,,-0.3130994133438152
0.635,-0.5254670680293014,,-0.2817722646528595
0.64,0.0966947176720166,,-0.24243316721234046
0.645,0.49018344360104465,,-0.19620679517064388
0.65,-0.11615903343329176,,-0.1444247629752872
0.655,-0.5931177175047303,,-0.08854687314031942
0.66,0.08991379638873566,,-0.03010425163953902
0.665,0.5298270817190451,,0.029230664639978123
0.67,-0.02101452831917676,,0.08774293212649296
0.675,-0.57033109533763,,0.1437839306893018
0.68,-0.028367574603319512,,0.1958163121184916
0.685,0.7080194246859446,,0.242347138838238
0.6900000000000001,-0.13997442286380093,,0.2820242696319158
0.6950000000000001,-0.4613282682611816,,0.31372575885506576
0.7000000000000001,0.3702319206210259,,0.33658919272998505
0.705,0.40409481720626766,,0.34996012938178817
0.71,0.03941937432308684,,0.3534010581220079
0.715,-0.4794309146868104,,0.34683415528835215
0.72,0.06032920615693342,,0.3304808130555303
0.725,0.38143201566818224,,0.30477907251539765
0.73,-0.05703955791323687,,0.27041218225935026
0.735,-0.46844985356330754,,0.22836109437553345
0.74,0.20557639691789226,,0.1798603794908308
0.745,0.370686754129278,,0.1262537625691255
0.75,-0.20228260072829582,,0.06901779852666053
0.755,-0.4276691938787939,,0.009795245648327221
0.76,0.23136937244342887,,-0.04971335673287084
0.765,0.5714560508151788,,-0.10783059801257107
0.77,-0.17313492434707567,,-0.1629474575596223
0.775,-0.46250834876008984,,-0.21349799604746397
0.78,-0.027573240983339728,,-0.2580075125521233
0.785,0.35909243816441416,,-0.2952201272682299
0.79,-0.15832549899699572,,-0.32412311552139467
0.795,-0.5791014498663297,,-0.34388822319475676
0.8,0.04999857686514464,,-0.3539058806789343
0.805,0.49100224433369694,,-0.35390590155676505
0.81,-0.0159519097581802,,-0.3439143703302984
0.8150000000000001,-0.47193863029638944,,-0.32419941785848316
0.8200000000000001,0.09086203690227253,,-0.29527207551808154
0.8250000000000001,0.48087710982942494,,-0.25796767581343805
0.8300000000000001,-0.107612326765375,,-0.2133623918823584
0.835,-0.48464173734586097,,-0.1627218871444699
0.84,0.17502270937512615,,-0.10742323901541942
0.845,0.5531992906409686,,-0.04904655610869161
0.85,-0.06404343153578262,,0.010721725582365121
0.855,-0.4543148207303208,,0.07020089466877248
0.86,0.1357835878653053,,0.12774370946876268
0.865,0.38550603347381196,,0.18172075515231478
0.87,-0.0012792107359956006,,0.23055765229859518
0.875,-0.571545242943444,,0.2728831171320691
0.88,0.14708854198368376,,0.30752792714982297
0.885,0.40523866429993183,,0.33349930092370966
0.89,-0.06419602387308543,,0.3500242183171005
0.895,-0.6134532129109515,,0.3566370238883659
0.9,0.15286462260590797,,0.35319494826909015
0.905,0.6192170472748483,,0.3397702661490869
0.91,-0.08085652400112857,,0.31669603309399713
0.915,-0.5917404203451581,,0.2846412140171144
0.92,0.212983275190616,,0.24453276474437313
0.925,0.3595901221600014,,0.19750476792737584
0.93,-0.010335221401189351,,0.14484410934163708
0.935,-0.34163087195116043,,0.08804442087467272
0.9400000000000001,0.10653499024350264,,0.028746471109745025
0.9450000000000001,0.4659615611682523,,-0.03137068984521431
0.9500000000000001,-0.16262359417612426,,-0.09065668857652624
0.9550000000000001,-0.4446481431716355,,-0.14741668413641412
0.96,0.0007025930284928761,,-0.20002175158404323
0.965,0.4821116031689506,,-0.2469679722823754
0.97,-0.2678434284483232,,-0.2869869544506696
0.975,-0.6035146347887832,,-0.31890812636546295
0.98,0.1324891603626926,,-0.34180367222650326
0.985,0.6914744093040531,,-0.3550200194333754
0.99,-0.13674903926677748,,-0.35822607637138654
0.995,-0.5658298033920504,,-0.35130780210958495
1.0,0.17885292424100313,,-0.3344233800992751
1.0050000000000001,0.5501947681695664,,-0.30805337065368515
1.01,-0.12821109103464265,,-0.2729852357179901
1.0150000000000001,-0.4097557230497177,,-0.23018603259524925
1.02,0.2665531168344839,,-0.1808277069667869
1.025,0.5026588599402643,,-0.12631665045196783
1.03,0.024034694759793696,,-0.06823054663820433
1.035,-0.5038052239488667,,-0.00820109635269523
1.04,0.13276043894666967,,0.05211529370523401
1.045,0.4943619029351928,,0.11099413304557477
1.05,-0.25151875690833814,,0.16673827084489254
1.055,-0.5485392297661352,,0.21778233979983053
1.06,0.10168728055626361,,0.26270912181673695
1.065,0.6392952136185821,,0.30024254564601344
1.07,-0.0764868315318481,,0.3292724952641666
1.075,-0.4345491764204127,,0.3489918810111303
1.08,0.011166875102148671,,0.35886618728179404
1.085,0.3956333702631947,,0.3586032710450112
1.09,-0.12193517476423571,,0.34816434446803934
1.095,-0.420900776463571,,0.32785426115963484
1.1,0.13966254867401587,,0.29828717904776214
1.105,0.5428698793581784,,0.26027458038852413
1.11,-0.1304049762789009,,0.21486255710098998
1.115,-0.5264679095305236,,0.16332955609378844
1.12,0.2229735420781679,,0.10718530728130798
1.125,0.5097921250560289,,0.04799427266394651
1.1300000000000001,0.01300936348000245,,-0.012614698464648617
1.135,-0.3246431777911888,,-0.07290799259072936
1.1400000000000001,0.2960607308612738,,-0.13113627700869712
1.145,0.49425762373386967,,-0.18567224701135435
1.1500000000000001,-0.00467963587844597,,-0.23499839454534163
1.155,-0.39913949428539486,,-0.2777144027465335
1.16,0.08677465063926182,,-0.31257680330893345
1.165,0.4648904803897975,,-0.3385900766223619
1.17,-0.09209186692822757,,-0.35506583675815967
1.175,-0.4324601496154972,,-0.3615090949685254
1.18,0.14297590484789235,,-0.3577045060685102
1.185,0.4362876284106441,,-0.3437661711490293
1.19,-0.13760118633733004,,-0.32012005828718554
1.195,-0.6419389002230834,,-0.28741659707182643
1.2,0.14969112764607584,,-0.24653863312930366
1.205,0.5411110855549706,,-0.1986583781080159
1.21,-0.1849158705940738,,-0.14515893826921603
1.215,-0.3318813315990676,,-0.08753752798265563
1.22,0.10253559774649,,-0.027395437641800396
1.225,0.43059921364796455,,0.033567165679148636
1.23,-0.006864330522244791,,0.09357838965639537
1.235,-0.3853199654205012,,0.15096799900289057
1.24,0.13340567012899163,,0.20412497967099014
1.245,0.6633633937107697,,0.2515471655810615
1.25,-0.10504258548829289,,0.29185551478920635
1.2550000000000001,-0.5069675835733323,,0.3239059568927342
1.26,-0.08879946591362581,,0.3468304591585655
1.2650000000000001,0.6464168376713173,,0.359973827126041
1.27,-0.01675979246348426,,0.3629070831559712
1.2750000000000001,-0.57599146119118,,0.35555682674556144
1.28,0.14385172335053806,,0.3381679898088668
1.285,0.5593445164076775,,0.31122466475285454
1.29,0.007389374713509728,,0.27543328040037196
1.295,-0.5278416355825134,,0.23182064681803766
1.3,-0.11139975653728458,,0.18165060099681543
1.305,0.6001497005401449,,0.12633904568249785
1.31,-0.08627577326238445,,0.0674026275156235
1.315,-0.6219962111101128,,0.0065162943497185715
1.32,0.09233627151306462,,-0.05455433755549985
1.325,0.4524265476383143,,-0.11410311631827351
1.33,-0.20635098882313738,,-0.17046971897379773
1.335,-0.4549743003714011,,-0.22204604047423274
1.34,-0.0450077680284626,,-0.2673457169886455
1.345,0.5811628415336823,,-0.3050934839852294
1.35,-0.06456290889608099,,-0.33424429698184116
1.355,-0.6191073016184186,,-0.3539639531073609
1.36,0.15566407709748759,,-0.3636563456388281
1.365,0.37814986674159845,,-0.3630455976530888
1.37,-0.07100005761754423,,-0.35219099173314955
1.375,-0.5366319984065991,,-0.331382333382904
1.3800000000000001,0.06070893389980252,,-0.3011706748895176
1.385,0.6489488496901916,,-0.2624047258361777
1.3900000000000001,0.03740169776507575,,-0.21621736758832183
1.395,-0.40135853857887227,,-0.16390997541394442
1.4000000000000001,0.11419768964133584,,-0.10692217056576457
1.405,0.3405412396164313,,-0.04686150993866675
1.41,-0.06688988414344432,,0.014524454444141589
1.415,-0.3080695041187286,,0.0755161255280632
1.42,0.027116238022442174,,0.13441514883665615
1.425,0.3584522266680883,,0.18955096979408667
1.43,0.10409132503033512,,0.2393294869047243
1.435,-0.5888455081645239,,0.2823473127869164
1.44,0.06130764789740514,,0.31742038597579364
1.445,0.4758796814673022,,0.3435344363949132
1.45,-0.23099687119696893,,0.3599136179801084
1.455,-0.41739593673666797,,0.3661054811489561
1.46,0.2064411576632184,,0.3619730790950372
1.465,0.5255650509489137,,0.3476131258873896
1.47,-0.15183911576150544,,0.32338323002969405
1.475,-0.3571017003798669,,0.28997317672246425
1.48,0.005014613986250485,,0.24836494868089903
1.485,0.420927255035399,,0.19973887018778913
1.49,-0.08053832175198611,,0.14541400828471493
1.495,-0.5286670140696609,,0.08693511810570709
1.5,0.12750580297504843,,0.025999415506866654
1.5050000000000001,0.41838888548973213,,-0.03568689913265361
1.51,-0.05442763501251462,,-0.09641700256613901
1.5150000000000001,-0.4924978466445138,,-0.1544525890146181
1.52,0.1298886282853967,,-0.2081237885284902
1.5250000000000001,0.0961793178452034,,-0.25591771174911554
1.53,-0.12504315452055004,,-0.296514540156999
1.5350000000000001,-0.49010397054924243,,-0.32875616212619196
1.54,0.1451134064324612,,-0.3516896165519779
1.545,0.5197735911243915,,-0.36466237673598384
1.55,0.0761571055248581,,-0.36735421465888773
1.555,-0.5227742343090994,,-0.3596674080891777
1.56,0.04285360885713446,,-0.3417755663753938
1.565,0.4848073418502995,,-0.31419471089688616
1.57,-0.16443335800660136,,-0.2777356019527178
1.575,-0.27064889144272186,,-0.23340847476762128
1.58,0.19899818123832813,,-0.1824387279505032
1.585,0.4920744821694641,,-0.12627573335121242
1.59,-0.19416100632695812,,-0.06654182886487307
1.595,-0.3986897615810647,,-0.004915606178676387
1.6,0.040459159265885544,,0.05690119661124559
1.605,0.388414125545668,,0.11714811909138564
1.61,-0.14921597157766708,,0.17408212645714793
1.615,-0.576457355330133,,0.22609156435891012
1.62,0.2308862219062445,,0.2717666192185429
1.625,0.5222098693548061,,0.30977709788199687
1.6300000000000001,-0.2281546319575289,,0.33901723186406
1.635,-0.5796259802549806,,0.35866666342027126
1.6400000000000001,0.14856404961472083,,0.36819982789585626
1.645,0.5338989925569528,,0.3673345208827977
1.6500000000000001,-0.13468195218464588,,0.35604769274316583
1.655,-0.5589459293053055,,0.33466419965769983
1.6600000000000001,0.10474876098385143,,0.30384179212019
1.665,0.23305295009160748,,0.26441993635331207
1.67,-0.23442877673340567,,0.21747573310775747
1.675,-0.6155808036796989,,0.1643429086442641
1.68,-0.15793754334591195,,0.10657043847257644
1.685,0.37579958895790166,,0.04576662082269098
1.69,-0.09329492796615194,,-0.016381604206007143
1.695,-0.4281606081712022,,-0.07810663192078644
1.7,0.3327337548103231,,-0.13762865769018268
1.705,0.46745747414668015,,-0.19326781923233471
1.71,-0.0044117246252022985,,-0.24348037665442765
1.715,-0.425165320934605,,-0.2868395319857314
1.72,0.07533156586156217,,-0.32208178630496953
1.725,0.6174864058546548,,-0.348213080661049
1.73,0.08800820803581313,,-0.36453090411860184
1.735,-0.4488869028569473,,-0.37055814894170336
1.74,0.09051880789324172,,-0.36607146090398784
1.745,0.5017079845857323,,-0.35121874971776273
1.75,-0.2416151427308365,,-0.3264380459436845
1.7550000000000001,-0.6133101884748607,,-0.2924355367086668
1.76,0.08279126187450843,,-0.250118096650685
1.7650000000000001,0.531901625463825,,-0.20069091116952928
1.77,-0.25096774788337073,,-0.14558930939303705
1.7750000000000001,-0.5254018155787169,,-0.08635760773334202
1.78,0.24666885707691183,,-0.0246344359558104
1.7850000000000001,0.5878828536615329,,0.03782813129824987
1.79,-0.23035990082594215,,0.0992136601078751
1.795,-0.33722560055125317,,0.15781034674398628
1.8,0.04334337493643782,,0.21199128873143083
1.805,0.5904621229233835,,0.26020771240292195
1.81,-0.05383155833774703,,0.30105527296872187
1.815,-0.45598412914115666,,0.33339615491535146
1.82,0.1048994274391483,,0.35633777349896095
1.825,0.5922283674965781,,0.3692244745704144
1.83,0.0726512129509521,,0.37164543006376083
1.835,-0.6740168664214357,,0.3635424260019111
1.84,0.060697766877341436,,0.34518032101424073
1.845,0.33726397712694084,,0.31705321318812024
1.85,-0.0856586329623788,,0.27991883420572833
1.855,-0.47364906953910924,,0.23484019449954124
1.86,0.1080315039327409,,0.18312271684061424
1.865,0.5993766641294784,,0.12621016849365232
1.87,-0.13330576728222387,,0.06568138014345118
1.875,-0.38579344361200024,,0.003255076622436029
1.8800000000000001,0.13838151613182048,,-0.05926563700132058
1.885,0.4107512261891204,,-0.1201199064426152
1.8900000000000001,-0.033402616559820325,,-0.17761943018771711
1.895,-0.4879364980684615,,-0.23014366453062213
1.9000000000000001,0.13906473090462543,,-0.2761473012822153
1.905,0.43000990324967275,,-0.31433482074216984
1.9100000000000001,-0.09081808637603131,,-0.34367522144924323
1.915,-0.14875569196276978,,-0.36331943104934494
1.92,0.04570033211035003,,-0.3726679385083425
1.925,0.6506447186723827,,-0.3714610050765536
1.93,0.14539181611976013,,-0.3597684163425797
1.935,-0.48050753137284086,,-0.3379090423047735
1.94,0.11168676987012127,,-0.306455770241583
1.945,0.187693464542177,,-0.2662969920427584
1.95,-0.06968417575684936,,-0.2186200829705743
1.955,-0.6201131412042233,,-0.16475691455279093
1.96,0.053329824161928635,,-0.10618447033089679
1.965,0.43061436610222054,,-0.04457125466728504
1.97,-0.04654615655598357,,0.018310693503507655
1.975,-0.6340739923569426,,0.08068047822373822
1.98,0.10458599089598394,,0.14081763109546172
1.985,0.7113059394629535,,0.19701466345687188
1.99,-0.1638993709252127,,0.24762524662738816
1.995,-0.4633146328577991,,0.291239279559441
2.0,0.141291169615469,,0.3266567847565862
2.005,0.5509109952902163,,0.35286871834774514
2.0100000000000002,0.04019841251546763,,0.36906935843345295
2.015,-0.5689584719550688,,0.3748252526275613
2.02,0.13910593462844573,,0.3700100485709052
2.025,0.6050447519357809,,0.35473574868953484
2.0300000000000002,-0.10903882784623635,,0.3293953623605493
2.035,-0.5379973449907648,,0.2947082942447827
2.04,0.04815355119157066,,0.251692930447213
2.045,0.4851930135024347,,0.20155576380515303
2.05,-0.18251090275011675,,0.14567763942470957
2.055,-0.5563871914446754,,0.08563804069155256
2.06,0.2585477491036827,,0.023186283637016393
2.065,0.5183761600629442,,-0.03993847586114191
2.07,-0.09969724788620556,,-0.10199095665599245
2.075,-0.5654373234856531,,-0.1611878332513573
2.08,0.2007131476824709,,-0.21581747716286545
2.085,0.4652684846847642,,-0.2643559304358962
2.09,-0.15975586745339296,,-0.30546182942261557
2.095,-0.45564135339412415,,-0.33794955781373637
2.1,0.11392148396141852,,-0.3608603444231914
2.105,0.47798077306469977,,-0.37356974073844273
2.11,-0.15129186195373107,,-0.37572553356167104
2.115,-0.39767587580159247,,-0.36727373216390047
2.12,0.02517889609255311,,-0.3484088165279162
2.125,0.5680159633236102,,-0.319651936136847
2.13,-0.11271905004800983,,-0.28186967023328846
2.1350000000000002,-0.4097504727860477,,-0.236117141877422
2.14,-0.18845213171699648,,-0.18363863327605118
2.145,0.49856450666420454,,-0.12593011161911116
2.15,-0.2565129806057462,,-0.0646762361994232
2.1550000000000002,-0.5257252611188988,,-0.0015625107643112365
2.16,0.1756004918218094,,0.06163017501072268
2.165,0.46349953399593047,,0.12312495447333803
2.17,-0.06780454447793319,,0.18113172625238402
2.1750000000000003,-0.6581715425111958,,0.2340146234338478
2.18,-0.06770367265632136,,0.2803158099499741
2.185,0.6958217324885073,,0.31872109015368283
2.19,-0.036202701029458786,,0.34810595713426273
2.195,-0.38150117920975635,,0.36764916781888957
2.2,0.01352598756498355,,0.3768172561144923
2.205,0.6526436411931084,,0.3753335205999694
2.21,0.0801819172373423,,0.36321527695238415
2.215,-0.5957237396905477,,0.34079433284614796
2.22,0.1209055820073128,,0.3087485674240427
2.225,0.3840672736617121,,0.2679727312125979
2.23,-0.04914336151838754,,0.21957476231939707
2.235,-0.4095836352180674,,0.16492358713445104
2.24,0.26722308781786086,,0.1056205669242183
2.245,0.42082195890410296,,0.04332639909484821
2.25,-0.09317182485664748,,-0.020241639274334394
2.255,-0.494365902396388,,-0.08327246956298824
2.2600000000000002,-0.0056965392222472905,,-0.14394909312108609
2.265,0.5752979954581918,,-0.2005633444241212
2.27,-0.17991197318175906,,-0.2515431450162645
2.275,-0.5014355868099666,,-0.29544334934131256
2.2800000000000002,0.05467359591959979,,-0.3309743528512221
2.285,0.33764208127488304,,-0.35714365437257173
2.29,-0.127367624433761,,-0.37324010224668486
2.295,-0.4379030032635627,,-0.378802463638212
2.3000000000000003,0.03729783388532494,,-0.3736248252557367
2.305,0.4888377786437842,,-0.3578626742101256
2.31,-0.2229585078594305,,-0.33199248160936
2.315,-0.38913759537527604,,-0.2967344774482939
2.32,0.21062933466023628,,-0.2530378112799169
2.325,0.4153766319712686,,-0.2021592683194972
2.33,-0.07776996674576475,,-0.14556215662762764
2.335,-0.5305243169614128,,-0.08484452408797648
2.34,0.012531259339192247,,-0.021680489514742943
2.345,0.34285534181096233,,0.04213589664112691
2.35,-0.1447295935889009,,0.10476037882244561
2.355,-0.5746322280976867,,0.16442564240699675
2.36,-0.029857010031053566,,0.2194913856923923
2.365,0.4257192766406599,,0.2683740086685512
2.37,0.11681060306034344,,0.30966529565954987
2.375,-0.79566098022929,,0.34218548928021425
2.38,0.061959861281969945,,0.3650551598030008
2.3850000000000002,0.5400340921042921,,0.37762418453741714
2.39,-0.058326538060563995,,0.37949430338252443
2.395,-0.5669127880266096,,0.37061117972356544
2.4,0.11039432041156763,,0.3512608577038869
2.4050000000000002,0.7025007131751813,,0.3219909611923632
2.41,-0.02055216681103056,,0.28357105277130085
2.415,-0.32722617845217206,,0.23709603665309265
2.42,0.15843856139008078,,0.18392869179625518
2.4250000000000003,0.5802575288932625,,0.1255493524538435
2.43,-0.09027409665521613,,0.06357831665369326
2.435,-0.3088874852313147,,-0.00023125863809256398
2.44,-0.05250145054419811,,-0.06403536983801986
2.445,0.45294626776534463,,-0.12603526098183446
2.45,0.00798015566510163,,-0.18450607352643303
2.455,-0.6035212068546136,,-0.23779180386782955
2.46,-0.07592364978279532,,-0.28434426408581986
2.465,0.5487803953514884,,-0.3228576084087499
2.47,-0.19712474695744248,,-0.35226812960878107
2.475,-0.5425698803138711,,-0.37174031180770256
2.48,0.006821587809892643,,-0.3806760327180147
2.485,0.48653452551300724,,-0.3788415303522002
2.49,-0.09335795484444535,,-0.36630945050341873
2.495,-0.40679392829337446,,-0.34341344317944433
2.5,-0.04804441317332915,,-0.31077920004304455
2.505,0.47733665668937925,,-0.26932256359096346
2.5100000000000002,-0.10444218674222673,,-0.22025502025730734
2.515,-0.6173851716936515,,-0.16495937406779623
2.52,0.12675739663005703,,-0.10494505720622802
2.525,0.5242148509309098,,-0.04192748811372775
2.5300000000000002,-0.22856750833594963,,0.022264570422466944
2.535,-0.6136216381266925,,0.08584060452827946
2.54,0.23359135717192986,,0.14703056753450955
2.545,0.3938755571469527,,0.20409912931448873
2.5500000000000003,-0.09874802165710475,,0.255383565424677
2.555,-0.4170418929403834,,0.2994428048470475
2.56,0.18443774968414312,,0.3350682046867104
2.565,0.6095683783909126,,0.3612496229094958
2.57,-0.06840962897093998,,0.3771874143933492
2.575,-0.44883509032129454,,0.38244407780339124
2.58,0.13423328458621678,,0.37691095677467973
2.585,0.5551093104911123,,0.3607237645891543
2.59,0.002425072431809394,,0.33430037504430427
2.595,-0.5506718806884667,,0.29839569723704723
2.6,0.0605780768084708,,0.25405953220436467
2.605,0.43614662930779036,,0.2025381400341979
2.61,-0.12333518847117639,,0.14524203526746804
2.615,-0.6192892078841896,,0.08380457055637093
2.62,0.09879292592553124,,0.020003104263320273
2.625,0.5071654110579257,,-0.04437078813378236
2.63,-0.15103999285747302,,-0.10752173769298153
2.6350000000000002,-0.5637184362751069,,-0.16767839930576386
2.64,0.16504359301575786,,-0.22307768842164974
2.645,0.3660691238654628,,-0.2721723245266166
2.65,-0.15277730270389844,,-0.31360777284170777
2.6550000000000002,-0.5017888461920854,,-0.34619775800637614
2.66,0.25230339850721994,,-0.36897626623512925
2.665,0.3171976773354544,,-0.3813073212208084
2.67,-0.11160789165447355,,-0.38289105528218337
2.6750000000000003,-0.3085385488201875,,-0.3736494338837616
2.68,0.20399562015021483,,-0.35381536964807897
2.685,0.539006409591633,,-0.32395305080419157
2.69,-0.07894158473658411,,-0.2849349458695112
2.695,-0.3909736281316799,,-0.23786474777343306
2.7,0.022325789130943643,,-0.18402530032890532
2.705,0.553900426059696,,-0.12494366681585199
2.71,-0.0890867799843181,,-0.0623289855046666
2.715,-0.5044746295596595,,0.0020485595012205834
2.72,0.20821485117530703,,0.06641381782975032
2.725,0.5451742653610646,,0.12893528948817498
2.73,-0.17674209727923287,,0.18780162329120018
2.735,-0.4675176748662212,,0.24135711194621084
2.74,0.15275452416074403,,0.2881269117476849
2.745,0.46148652627941755,,0.3267688333417475
2.75,-0.010811895235716754,,0.3561547115534654
2.755,-0.465849984127191,,0.37546256165198566
2.7600000000000002,0.1049430121270249,,0.38417542444409564
2.765,0.360519896259503,,0.38203860612342555
2.77,0.020893544328610306,,0.36907617656087754
2.775,-0.4642635030374857,,0.3456502969838206
2.7800000000000002,-0.0025565996456112933,,0.31246342675526095
2.785,0.49479030807606644,,0.2704397853184371
2.79,-0.32105768338913804,,0.22072891570169217
2.795,-0.4968295000083538,,0.16474979825233596
2.8000000000000003,0.0694811073464686,,0.10411351771786116
2.805,0.43342014611449486,,0.04052656488930352
2.81,-0.13952519184918255,,-0.02424933407429511
2.815,-0.30414100212495554,,-0.08837580713843074
2.82,0.09845404469212543,,-0.1499958355711565
2.825,0.39981982338773814,,-0.2073756057066402
2.83,-0.11174068407512149,,-0.2589302086673137
2.835,-0.44645266138538553,,-0.30318800914795807
2.84,0.12553955324841343,,-0.33884982988473755
2.845,0.5227730646947348,,-0.36493501786150434
2.85,-0.1754481421984939,,-0.3807312109844448
2.855,-0.5631752729856045,,-0.38577059577181805
2.86,0.1171789839402433,,-0.37987619034942405
2.865,0.5039419096212651,,-0.3632202667456637
2.87,-0.05053535683250373,,-0.33630426495234783
2.875,-0.5079597259114391,,-0.2998763691503118
2.88,0.0033399733061429543,,-0.25492446116684614
2.8850000000000002,0.4778050746742738,,-0.20273869324799665
2.89,-0.16787775027083393,,-0.14483296899891585
2.895,-0.4439166183311483,,-0.08281770653486575
2.9,0.2294903577266828,,-0.018422758957039077
2.9050000000000002,0.39268234399056234,,0.046527320198832677
2.91,-0.1575904184321708,,0.11015894817732642
2.915,-0.5599149173393388,,0.17066732165959772
2.92,0.01482227445782322,,0.2263976287112256
2.9250000000000003,0.4953742584491184,,0.27575563072065823
2.93,0.07428653552769297,,0.3173036938380754
2.935,-0.48640744331778507,,0.34986807388362384
2.94,0.0758348967863065,,0.372567651796104
2.945,0.5238448152063448,,0.3847500065304089
2.95,-0.09546311261008296,,0.38602063500600853
2.955,-0.6241732989405331,,0.37635719943962914
2.96,0.17274702226209482,,0.3560746256059577
2.965,0.4993900991050475,,0.32572522228080597
2.97,-0.1197333460208648,,0.28612334108037957
2.975,-0.42763387797509084,,0.23841041625878867
2.98,0.06256867283768641,,0.1839698204285854
2.985,0.4753215069738234,,0.12431560640858288
2.99,-0.16313547332126382,,0.0610973440134447
2.995,-0.5039851833753318,,-0.0038736291026603446
3.0,0.11193690623521,,-0.0687343105993589
3.005,0.4082022886432421,,-0.1316549305691035
3.0100000000000002,-0.06581172482934955,,-0.19088366770864235
3.015,-0.3370851669295903,,-0.24474953579643055
3.02,0.10636520928983491,,-0.2916839775124214
3.025,0.33804382784332915,,-0.3303614696325316
3.0300000000000002,-0.23176705500418207,,-0.3597315730366179
3.035,-0.23202548322107713,,-0.3789540465570804
3.04,0.339996661834348,,-0.3874268995762787
3.045,0.47919557111800115,,-0.384931067344136
3.0500000000000003,-0.08665409336320168,,-0.37156602370296343
3.055,-0.6098999943593806,,-0.34770172719624765
3.06,0.24783767087055358,,-0.31396466269574497
3.065,0.5937312167399674,,-0.2713253822170772
3.0700000000000003,0.09240630484908322,,-0.22102606033979133
3.075,-0.48043452939947223,,-0.164473675522454
3.08,0.20131172095913769,,-0.10322908417616904
3.085,0.4114650028165675,,-0.03903102210509695
3.09,-0.2738399894069903,,0.026265682009698366
3.095,-0.4674668975066817,,0.0908187024044728
3.1,-0.012620487345876993,,0.15284518612094944
3.105,0.4311837341031969,,0.21057364790897107
3.11,-0.21758098836038964,,0.26233969785588623
3.115,-0.5273613040336336,,0.3066808818160352
3.12,0.07643370732013921,,0.3423895873733952
3.125,0.6275227420861559,,0.36843514792655513
3.13,-0.04906438837196346,,0.38404527682952455
3.1350000000000002,-0.3594989070216733,,0.38877805591060194
3.14,0.056635169989021225,,0.3825318209594678
3.145,0.4094542715007139,,0.3654706055154563
3.15,-0.07658460561191437,,0.33805280928760884
3.1550000000000002,-0.5513386881974336,,0.3010481149671512
3.16,0.2694597434146183,,0.255536307327079
3.165,0.4761801681944398,,0.20280012760573213
3.17,-0.013747962885828788,,0.14429417933298094
3.1750000000000003,-0.5764826577604406,,0.08167004023261565
3.18,0.25671447204341347,,0.01675483785525733
3.185,0.4184725545096588,,-0.04864276841231719
3.19,-0.1407729836865254,,-0.11271349531860848
3.1950000000000003,-0.5557753937880556,,-0.17363212231907188
3.2,0.12560351852671414,,-0.22961662425584942
3.205,0.44510860149709436,,-0.27911081767148604
3.21,-0.015546691127621276,,-0.3207444004617337
3.215,-0.3477175618947148,,-0.35333534798629024
3.22,0.06402792597113074,,-0.37590494809466374
3.225,0.5427676952307046,,-0.3878410149599344
3.23,-0.08433258173682764,,-0.388820666623656
3.235,-0.4310448723427205,,-0.3788226125507548
3.24,-0.0367733522966632,,-0.35808153142455734
3.245,0.49288915124515814,,-0.3271918203872647
3.25,-0.20799191383220472,,-0.28706352324535295
3.255,-0.5890528594376865,,-0.2388083691518835
3.2600000000000002,0.028535482212902974,,-0.183766810462367
3.265,0.6637257928320044,,-0.12350062989723415
3.27,-0.026763785770499218,,-0.05975277473724541
3.275,-0.3955242569747804,,0.0056808745101543665
3.2800000000000002,0.03244561432282095,,0.07100199292966355
3.285,0.5598775885227888,,0.13434886268914384
3.29,-0.0704771765821772,,0.19388504021072284
3.295,-0.5431208578057026,,0.24793587064745584
3.3000000000000003,0.13183806824605776,,0.29501234207859045
3.305,0.4576829052496831,,0.33376887371345065
3.31,0.005569963675680592,,0.3630644589442312
3.315,-0.3820319321525507,,0.38208438146267415
3.3200000000000003,0.010246090348593404,,0.3903297132587306
3.325,0.5717802966041771,,0.3875471844120321
3.33,-0.2089976547845947,,0.3737708473082642
3.335,-0.5093516402329334,,0.3494057243743419
3.34,0.04116147212780068,,0.3151734544979543
3.345,0.3502428284647133,,0.2720305701882684
3.35,0.006436161693443035,,0.2211656487618981
3.355,-0.6930221080396893,,0.16400895224352716
3.36,0.12604406471772142,,0.10222577613888145
3.365,0.5562855855774931,,0.03754997988098041
3.37,-0.051298700959861214,,-0.02822308016716447
3.375,-0.5373484659460659,,-0.09323426472476226
3.38,0.08051978446524338,,-0.15559978012595768
3.3850000000000002,0.5346196723463571,,-0.21355513925704184
3.39,0.08226538416036379,,-0.2655097948066525
3.395,-0.5012671562891254,,-0.3099817214720407
3.4,0.045166167435963835,,-0.3456631648178832
3.4050000000000002,0.6563674407774018,,-0.3715617329378363
3.41,-0.019093942649323056,,-0.386987110531395
3.415,-0.4589582283755659,,-0.3914832193120753
3.42,-0.06440024206384197,,-0.3848731331385095
3.4250000000000003,0.41476435156249913,,-0.3673636356674818
3.43,-0.0457499882883293,,-0.33949201733456785
3.435,-0.6555139074640123,,-0.3020165395338127
3.44,0.07610578533225557,,-0.25595839022958894
3.4450000000000003,0.5425906657487198,,-0.20264238303398396
3.45,-0.1443279080311263,,-0.14359682112621733
3.455,-0.4749699662941057,,-0.08049683536826661
3.46,-0.08681939335600354,,-0.01507616900851661
3.465,0.4948888960184684,,0.05079795058029082
3.47,-0.03861301656916702,,0.11522080652322762
3.475,-0.4590797719282725,,0.17638788373391315
3.48,0.00036369877179817656,,0.23260324612606018
3.485,0.3607592193161675,,0.2822669647835752
3.49,-0.10192931762513877,,0.3239327769324454
3.495,-0.63825127612129,,0.3564270499458425
3.5,-0.07614517951873374,,0.37886900048617306
3.505,0.33543109900648993,,0.3906098068165516
3.5100000000000002,0.017211636693380133,,0.3912747487268453
3.515,-0.34734811396574383,,0.380862959935
3.52,-0.008010700601272375,,0.35970592125910533
3.525,0.38096431255570196,,0.32838396344029797
3.5300000000000002,-0.17232902475707745,,0.28773738976074476
3.535,-0.39316516065079865,,0.23891935163931713
3.54,0.12009767718390171,,0.18335750234952777
3.545,0.4140415884714742,,0.12261034419829833
3.5500000000000003,-0.049579535818678674,,0.058352776373926385
3.555,-0.45674676372848105,,-0.0075756809091972795
3.56,0.07472072495789497,,-0.07328127752772325
3.565,0.5258559385541879,,-0.13692282317828267
3.5700000000000003,-0.11877307037090279,,-0.1967198851235754
3.575,-0.35545740022613687,,-0.2509750720831769
3.58,0.17101767670546492,,-0.2981214390793351
3.585,0.4977893748452929,,-0.3368284027194507
3.59,-0.19482914387027295,,-0.3660471402402421
3.595,-0.5651634371498968,,-0.38492068144733127
3.6,0.2394685783049392,,-0.39289318090924635
3.605,0.47070719545760104,,-0.38973805589416816
3.61,-0.12427300134787697,,-0.37557765653321973
3.615,-0.6358957793434488,,-0.3508061465463669
3.62,0.23567128831929912,,-0.31608014709203264
3.625,0.7795801643433953,,-0.2723900290390584
3.63,-0.03207834534729258,,-0.22100974235202142
3.6350000000000002,-0.3478709035792025,,-0.16338806184364316
3.64,0.03187883935555805,,-0.10110196121162646
3.645,0.43720759374695556,,-0.03592676916177701
3.65,-0.031644966483998976,,0.030254488208857726
3.6550000000000002,-0.666819705017472,,0.09556838070345029
3.66,0.23198297517111127,,0.15822435346742628
3.665,0.3254075566320105,,0.21642870126207167
3.67,-0.27118430713823916,,0.26850344843502405
3.6750000000000003,-0.4155867075181262,,0.3129817654291278
3.68,0.1845889477068383,,0.3486425232902651
3.685,0.4760883572768349,,0.37446124238853384
3.69,-0.2724028118921259,,0.3896611223976969
3.6950000000000003,-0.650654710887302,,0.39381681748137676
3.7,0.005696093601708779,,0.38686696077991517
3.705,0.4825373928487449,,0.3689856335004315
3.71,-0.2740784989563027,,0.34064058463708147
3.715,-0.5372292956168158,,0.3026376260372267
3.72,0.08903557196596384,,0.2560880736482523
3.725,0.4251306329241285,,0.20229714142744906
3.73,-0.12038160413818208,,0.1427494848901026
3.735,-0.6699216562027328,,0.0791412342664251
3.74,0.17836435986250243,,0.013302846510542872
3.745,0.432137365673024,,-0.0529110370478646
3.75,-0.1444017234854013,,-0.1176577480687337
3.755,-0.42038770085815713,,-0.1791101536687945
3.7600000000000002,0.059822962298922075,,-0.23547847546663886
3.765,0.5619399988464462,,-0.2851838342144643
3.77,-0.06929022359941618,,-0.32685360252637585
3.775,-0.6063126717775487,,-0.35930710295669804
3.7800000000000002,0.11915699839525605,,-0.3815774934819691
3.785,0.392465357913438,,-0.3930376626849538
3.79,-0.25699939174051306,,-0.3934142390721928
3.795,-0.5765548737133724,,-0.38267571856595267
3.8000000000000003,0.22447516381438706,,-0.36107772774604424
3.805,0.4023822479734362,,-0.3292454146399268
3.81,-0.17066956859863044,,-0.2881233691173378
3.815,-0.6767548608129021,,-0.23885818656605065
3.8200000000000003,0.04418255624094805,,-0.1827888330132743
3.825,0.4048048830348255,,-0.12153802393063039
3.83,-0.15344412896072512,,-0.05686110903844236
3.835,-0.5475956022184865,,0.009421594060859807
3.84,0.11648044273412281,,0.07547131316644604
3.845,0.5895420408695158,,0.13941688036105174
3.85,-0.08949599491061126,,0.19940007890794995
3.855,-0.5487750641276482,,0.2537543402042523
3.86,0.04963408548717489,,0.3009610414908425
3.865,0.4752009859457333,,0.33966891663462895
3.87,-0.2950406204506404,,0.36875500201085043
3.875,-0.306861720306165,,0.3874039796750142
3.88,0.12479953239332547,,0.39511663051505513
3.8850000000000002,0.46875270371866506,,0.39166449359536637
3.89,-0.12490491409361326,,0.37710717137191163
3.895,-0.4974566695807634,,0.3518705307362871
3.9,0.33599859571658836,,0.31670231364536616
3.9050000000000002,0.40307178495247503,,0.27258228613816404
3.91,0.03884892710482596,,0.2207167820717677
3.915,-0.43013452322406553,,0.1625808576362058
3.92,0.0654019250200876,,0.09986234592101094
3.9250000000000003,0.5483120879800177,,0.03432142347760905
3.93,-0.11157532718904256,,-0.032216316790892534
3.935,-0.44103241352973477,,-0.09787713988683971
3.94,-0.02334705481290726,,-0.16075738530713873
3.9450000000000003,0.31793010470270355,,-0.21908228221578374
3.95,-0.13472242988518862,,-0.2712439251230196
3.955,-0.43653422035234696,,-0.3157561843512509
3.96,0.1208646223355741,,-0.3513171000291682
3.9650000000000003,0.6294081184831455,,-0.3769242448330337
3.97,-0.015506974589968026,,-0.3919094889517623
3.975,-0.4161440980818927,,-0.39582148232831016
3.98,0.20097455975115797,,-0.38850776002100024
3.985,0.5849272904028008,,-0.3701927134343955
3.99,-0.24943455454599062,,-0.3414266209792828
3.995,-0.3686942670065724,,-0.30301208264626905
4.0,0.14533458394659637,,-0.2559997489515724
4.005,0.4468855005113395,,-0.2017138942727302
4.01,-0.1449040395347056,,-0.14174302789472557
4.015,-0.5021011790247447,,-0.07776968512462815
4.0200000000000005,0.1706080946568252,,-0.01156110325050435
4.025,0.4526041789933739,,0.055002451095646616
4.03,-0.0303258363698405,,0.119991978403533
4.035,-0.4334696099638154,,0.18159280794189395
4.04,0.1866389515500868,,0.23808989706354552
4.045,0.23791848947795524,,0.28786560634687847
4.05,0.12572523976222244,,0.32948615032014217
4.055,-0.4789276036974051,,0.36177338658105507
4.0600000000000005,-0.04831602282252302,,0.3838660010294907
4.065,0.4663990337550441,,0.39511600167457744
4.07,-0.029311785934375903,,0.39515779284240715
4.075,-0.4213605676531723,,0.38401015688022183
4.08,0.16014558166994972,,0.36202990135844715
4.085,0.21230344127540962,,0.3298140096880986
4.09,0.04649509221696636,,0.2882345576841433
4.095,-0.4468757415256931,,0.23848497875081576
4.1,0.14140723367867813,,0.18201481413571025
4.105,0.39670118034328,,0.12038780608249201
4.11,-0.24786744500752797,,0.055324862585893225
4.115,-0.6580546959982196,,-0.011323832683423754
4.12,0.09908465362545886,,-0.07764421484182436
4.125,0.5446137010872891,,-0.14175630342619716
4.13,0.08271199161566282,,-0.20190169509902633
4.135,-0.47601476580787944,,-0.25634707962742925
4.14,-0.040969643011971216,,-0.3035290863971064
4.1450000000000005,0.438277539271432,,-0.342114660480535
4.15,-0.14568695569033696,,-0.37104938839666324
4.155,-0.4540608629445128,,-0.3895048398679787
4.16,0.20657359462606945,,-0.3969213125530221
4.165,0.5498736643302818,,-0.3930971728260889
4.17,-0.05916348300869172,,-0.37817316894762854
4.175,-0.41278540929142926,,-0.3525709460863663
4.18,0.26875629451905925,,-0.3169597245278806
4.1850000000000005,0.6150370021095554,,-0.27236740795132436
4.19,-0.22052966522109935,,-0.22010001035073004
4.195,-0.48540181541681604,,-0.16160778527837522
4.2,0.15924750607601662,,-0.09850991448618146
4.205,0.5194561326830873,,-0.032600516460520534
4.21,-0.08850200664016368,,0.03421502903397982
4.215,-0.2776711675766975,,0.10005278867434997
4.22,0.2074697901173232,,0.16309362839487437
4.225,0.45472940643981574,,0.22154359039848526
4.23,-0.19655055457021245,,0.27370662687670105
4.235,-0.5570138303321198,,0.3181254448539282
4.24,0.08344218072917177,,0.3535724692636265
4.245,0.5684321513823906,,0.37903597324400573
4.25,-0.16076317670719809,,0.39376133136975205
4.255,-0.4567822905263312,,0.39733264418795045
4.26,0.05408426412984492,,0.38969968832122365
4.265,0.5264586327943848,,0.3710502551182323
4.2700000000000005,-0.13011119398616722,,0.34186937719013616
4.275,-0.4494665960903982,,0.3030014214726879
4.28,0.21505604942635462,,0.2555921874323267
4.285,0.5063317174249705,,0.20094806851823357
4.29,-0.1278155016453798,,0.14058957481777018
4.295,-0.5564572358287972,,0.07623851562941032
4.3,0.2039783185828375,,0.009751778781475248
4.305,0.6811848785013819,,-0.057007949982771165
4.3100000000000005,-0.2284737941094867,,-0.12219270855521779
4.315,-0.43134258554963867,,-0.18394257801466976
4.32,0.17017067206369843,,-0.24046963243747954
4.325,0.4979982828978743,,-0.29017775468667883
4.33,-0.059436653142117504,,-0.3317122697257968
4.335,-0.5786085357996773,,-0.36388426822765124
4.34,0.205667274522831,,-0.3857436035556243
4.345,0.6366365703221486,,-0.3966807943175144
4.3500000000000005,0.029600944902280185,,-0.3964207032294788
4.355,-0.4778320419280709,,-0.384954058364393
4.36,0.050056738128113336,,-0.3625811960650721
4.365,0.38491148158541305,,-0.32993312905294725
4.37,-0.16906796192116097,,-0.2879766705105026
4.375,-0.5389657589690838,,-0.23788359736467043
4.38,0.0627740415079048,,-0.18103353173493747
4.385,0.45962734995079546,,-0.11903627901766639
4.39,-0.1938826316287769,,-0.053691299799491436
4.3950000000000005,-0.5186806461203946,,0.013164190011872239
4.4,0.2218343649778407,,0.07968815854274007
4.405,0.3850457435980267,,0.14396410990661182
4.41,-0.14211996682414468,,0.20414773637645398
4.415,-0.48586130864128624,,0.2585576403060482
4.42,-0.0002916050907970785,,0.3056795850090575
4.425,0.28863398592668266,,0.3441827791577968
4.43,-0.06264771690166684,,0.3729227880548288
4.4350000000000005,-0.3119359437875752,,0.39110235363505974
4.44,0.049160497098736926,,0.3982490030414693
4.445,0.47171877079466423,,0.3941361851965715
4.45,-0.14510299080811045,,0.3788548208311884
4.455,-0.4669532141935982,,0.3528402099379238
4.46,0.045745401637121305,,0.3168621356999224
4.465,0.584465681078927,,0.27193124204936897
4.47,-0.18555220291674324,,0.21927975956142848
4.4750000000000005,-0.5397863024440136,,0.16040958556331184
4.48,0.03594395239121834,,0.0970217034297725
4.485,0.36340509739044585,,0.030894943656962652
4.49,-0.07093701473138614,,-0.03613969668175755
4.495,-0.6061526260804863,,-0.10217451965932678
4.5,0.2812407666836592,,-0.16528875361165102
4.505,0.4393308106167154,,-0.22371715181343732
4.51,0.031084748421521924,,-0.2758526551248197
4.515,-0.7877480696935644,,-0.3201973355341861
4.5200000000000005,0.0762021344241826,,-0.35546895625095126
4.525,0.2918605065267027,,-0.3806661904086799
4.53,0.20240560735259733,,-0.3951312289112606
4.535,-0.5669224922126852,,-0.3984331295120972
4.54,-0.14529076733842178,,-0.3904457799705785
4.545,0.5912698147163418,,-0.37139415728967107
4.55,-0.0826502658482815,,-0.34185726244451187
4.555,-0.4613382900600921,,-0.30266458794375045
4.5600000000000005,0.19531491134450996,,-0.25488821529985506
4.565,0.560413866736994,,-0.19988535603010343
4.57,-0.22490243444383598,,-0.13924400806537318
4.575,-0.564428898480751,,-0.07466749532737162
4.58,0.1248560715137705,,-0.007957350619706535
4.585,0.3187861512997925,,0.05900288657635566
4.59,-0.1782758890977619,,0.12427670340963248
4.595,-0.5833432646222692,,0.18602177919959365
4.6000000000000005,0.039436223202592505,,0.24253210852026852
4.605,0.5518111719005161,,0.2921994856625605
4.61,-0.362680226646225,,0.33358362931189034
4.615,-0.5182711807933683,,0.36552408264687475
4.62,0.07030298184808201,,0.3871452755151328
4.625,0.5962757639556823,,0.39783946078289933
4.63,-0.20838728633423254,,0.3972555031715938
4.635,-0.4083895758013526,,0.3854131942772409
4.64,0.20058952736952648,,0.36269242084549835
4.6450000000000005,0.6310617651651185,,0.32972746509698886
4.65,-0.06165700172877329,,0.28740686077884453
4.655,-0.3885099199051922,,0.23693837910358373
4.66,0.11570393036455401,,0.17978702209666075
4.665,0.38152927885464527,,0.11756519122397509
4.67,-0.1483281798044143,,0.05198496460465651
4.675,-0.3790487175011962,,-0.015084200644206328
4.68,0.21737860275099602,,-0.08170795481830562
4.6850000000000005,0.6049348304360707,,-0.14600846028041597
4.69,-0.09890385402697692,,-0.2062014448530937
4.695,-0.5284821442910124,,-0.260583334517844
4.7,0.10558371659264931,,-0.30757126629000037
4.705,0.40565001667538836,,-0.34585007159729975
4.71,-0.14387064670515406,,-0.3743734888726158
4.715,-0.5113724682084843,,-0.3923224539152362
4.72,0.24459734176081227,,-0.39914005673005926
4.7250000000000005,0.3196131293446742,,-0.3946644676154951
4.73,-0.11135823413461919,,-0.379048021433817
4.735,-0.5934624926653764,,-0.3527164876322421
4.74,-0.11764594196683599,,-0.3163866642028593
4.745,0.6237145235945893,,-0.27108994856437757
4.75,-0.11980106260875487,,-0.21814549466177371
4.755,-0.46452209649327436,,-0.15904616934887744
4.76,0.10640611947613988,,-0.095417719876256
4.765,0.4891301303529705,,-0.029073671310429483
4.7700000000000005,-0.08338515038813421,,0.03806892348688233
4.775,-0.5081806876698721,,0.10412767229634778
4.78,0.1454743076570862,,0.1672668249625408
4.785,0.43384784072288723,,0.22568537129745592
4.79,0.043704247906883376,,0.2776971389837246
4.795,-0.5247128123710898,,0.32184792135397244
4.8,0.17180565974372108,,0.35691474758326114
4.805,0.4257873887752368,,0.38189796578140156
4.8100000000000005,0.05974401795939206,,0.39605711552971795
4.815,-0.48087011263109286,,0.3990013192120604
4.82,-0.06621098918334044,,0.3906819411714582
4.825,0.8417075090682105,,0.37131616919365734
4.83,-0.19226852259027744,,0.3414326254146887
4.835,-0.4322640405063058,,0.3018739513906439
4.84,0.31176604496915095,,0.2537905405220606
4.845,0.5432542813779138,,0.19854653840494588
4.8500000000000005,-0.09374111504664168,,0.1376608784786432
4.855,-0.5862447424553768,,0.07287341118277739
4.86,-0.0875221295986378,,0.00604440010566303
4.865,0.43109862311966096,,-0.060951692853688136
4.87,-0.418210933305716,,-0.12624105339231356
4.875,-0.5117615966746019,,-0.18797786258729018
4.88,-0.055959288461640805,,-0.24437167112989477
4.885,0.38928200436595195,,-0.29384036614132014
4.89,0.009146324905735095,,-0.33502118171158646
4.8950000000000005,-0.31380404505739246,,-0.3667388709873615
4.9,0.1510016034626332,,-0.38805808736770997
4.905,0.4852169316565877,,-0.3983889529678667
4.91,-0.19060470934142026,,-0.3974871595765142
4.915,-0.49937982298933553,,-0.3853507740072544
4.92,0.276148067205194,,-0.36228037660309415
4.925,0.3915690125832356,,-0.3289547470797842
4.93,-0.2811687781953932,,-0.2863461465153305
4.9350000000000005,-0.37978997488280997,,-0.23565296567311114
4.94,0.1920492406731983,,-0.17826851133356633
4.945,0.48970851272989263,,-0.11583077645883044
4.95,-0.14042563923817683,,-0.05013520293996339
4.955,-0.507798951371352,,0.016965581035617214
4.96,0.12518394284499781,,0.08360569090416135
4.965,0.2211385636910791,,0.1478988657034007
4.97,-0.2097036054263972,,0.20797973136739575
4.9750000000000005,-0.3210147700275614,,0.26216755488380655
4.98,0.1847617263859412,,0.30895822809565837
4.985,0.6038717537623816,,0.34703031025010894
4.99,-0.009734452896959983,,0.3752620057786457
4.995,-0.5596622333728745,,0.3928586424137807
5.0,0.168009111620551,-0.0,0.39936271106867843
5.005,0.4612641317432121,-0.0007313452092802771,0.3945968786605868
5.01,-0.07159416184746288,-0.0013993728611068536,0.3786362262297511
5.015,-0.3341245684992107,-0.001944873834310823,0.35194812050720603
5.0200000000000005,0.08531723696545307,-0.0023145583361034103,0.31533878509469393
5.025,0.6115335720696633,-0.002463626294174239,0.26982759036442916
5.03,-0.1374059891692998,-0.00235799534220789,0.21665527825025097
5.035,-0.4701957889508817,-0.001976096508670125,0.1573424656296951
5.04,0.14251745439150304,-0.0013101636691215082,0.09360199609229095
5.045,0.6437961232794209,-0.0003669615081247177,0.027231739057376768
5.05,0.05666894934459498,0.0008320824956759061,-0.03993453608378013
5.055,-0.33705196382357944,0.002251354425409334,-0.10598673646350554
5.0600000000000005,0.08514144028884216,0.0038421282853193517,-0.16901621691388993
5.065,0.6102591915851394,0.005544205543372968,-0.22724435976486282
5.07,-0.3335757503101184,0.007288065566417413,-0.2790684283289529
5.075,-0.25169050546287597,0.008997452960995269,-0.3230121378472387
5.08,0.040777028211949395,0.010592310615779883,-0.35779909552314587
5.085,0.5504143409395624,0.011991953126726516,-0.38244216993795
5.09,-0.05523318924736799,0.01311836479381731,-0.39629814964998517
5.095,-0.48552520629306695,0.013899499908085292,-0.398953596936204
5.1000000000000005,0.016426228369468394,0.01427246086367664,-0.39030066780775446
5.105,0.41876585280156176,0.01418643185144427,-0.37058887533631146
5.11,-0.07634871143736788,0.013605252487564707,-0.3404256889657129
5.115,-0.4924699200389254,0.012509526522764075,-0.30064761425433706
5.12,0.2175584594789589,0.010898175439965026,-0.25233644676764516
5.125,0.30098962336090634,0.008789364820593058,-0.1968828706872156
5.13,-0.08193065848134028,0.006220752261862018,-0.13587937199030503
5.135,-0.44180928053134777,0.0032490286763823283,-0.07104439946058631
5.14,0.16346755513022157,-5.125076151825462e-05,-0.004180957829644502
5.1450000000000005,0.6120767915038542,-0.003589524759664226,0.0628083388904538
5.15,-0.08641755296247848,-0.0072617271616360465,0.1279909081253888
5.155,-0.49768513218815125,-0.010953361741356417,0.1895380538659218
5.16,-0.06363289280806483,-0.014543059330893114,0.24574758947351358
5.165,0.5180607736314876,-0.017906507149158472,0.2950204922055503
5.17,-0.18252395402172866,-0.020920624673274817,0.3359218947680984
5.175,-0.6200885308118758,-0.02346784884672469,0.3673056582631028
5.18,0.15431853250052122,-0.02544038430374812,0.3883235379087488
5.1850000000000005,0.5264600941096973,-0.026744271921165793,0.3983647951713278
5.19,-0.14989224801759393,-0.02730313154694966,0.3971122468512559
5.195,-0.34131287770194657,-0.027061442199042652,0.38461759735111384
5.2,-0.019314473107085117,-0.025987235215371662,0.3612732629084075
5.205,0.365019825801162,-0.024074092444863776,0.3277155429699519
5.21,-0.09714475409292844,-0.02134236212718099,0.28486574808422255
5.215,-0.49497534063559906,-0.017839529006413966,0.23394781381453847
5.22,0.17691906818111236,-0.01363970173276352,0.17644250261472805
5.2250000000000005,0.47050744901440766,-0.008842208901138768,0.11396233737671438
5.23,-0.1719422496128985,-0.003569324260211037,0.04823257983189272
5.235,-0.4039177739944426,0.002036829239751098,-0.018873522351902275
5.24,0.16478717832427733,0.007818118759796547,-0.08541079830040872
5.245,0.4611533974981656,0.013604880251447246,-0.1495124430940115
5.25,-0.021293126591069512,0.019220909139335118,-0.20941043929363412
5.255,-0.5566218561286873,0.024488815912710862,-0.2633968867167553
5.26,0.18144907857150178,0.02923558414215359,-0.3099082427655371
5.265,0.5030540983992876,0.03329815796952704,-0.34762975103530186
5.2700000000000005,0.06903189060709815,0.036528881000949545,-0.375541335867713
5.275,-0.33353540706824036,0.03880060902886063,-0.39285164381130244
5.28,-0.016551140349667585,0.040011325209288025,-0.39902235642203776
5.285,0.52738503701207,0.04008809813240286,-0.3938873527112263
5.29,-0.04080157850217714,0.038990240376067326,-0.37763907915576295
5.295,-0.528722841515447,0.03671154717644835,-0.35071940565488596
5.3,-0.05288094196697428,0.033281521177071866,-0.3138559581816621
5.305,0.4686991260391267,0.028765519072100385,-0.2681052388646654
5.3100000000000005,0.17411594750365553,0.023263788461065783,-0.21480361487298663
5.315,-0.785791417090096,0.016909397402436212,-0.15544023260039225
5.32,-0.005684580958227077,0.009865093945029752,-0.09165768217913998
5.325,0.3476212577037591,0.002319167245293191,-0.025277908666854268
5.33,-0.021065596438901858,-0.005519585342644095,0.041790298470086966
5.335,-0.5471410536029833,-0.013427650645187203,0.10766143258170359
5.34,0.17420935116295616,-0.02117319038404518,0.17050467494173058
5.345,0.4602261140240579,-0.02852284701840684,0.22852815923481307
5.3500000000000005,0.02083483172167218,-0.03524876469356912,0.2800639243040228
5.355,-0.7954591546302288,-0.04113561434744219,0.32365782582078784
5.36,-0.0018365613618585436,-0.04598740742825605,0.35811679465646534
5.365,0.41917379708030816,-0.049633884663875374,0.3824648675420505
5.37,-0.3834786940380704,-0.05193627495065763,0.39595912472231076
5.375,-0.38697523554483393,-0.05279223454790702,0.39824172353149545
5.38,0.06493626504540587,-0.05213979801939128,0.389289533237364
5.385,0.4690525567467134,-0.04996019920727004,0.36934321681626286
5.39,-0.12451696808024712,-0.04627945222589346,0.33891706133653493
5.3950000000000005,-0.5517770753781075,-0.04116861813152439,0.2988909435173467
5.4,-0.1030406100968263,-0.034742721530993614,0.2504482516454511
5.405,0.5285976784620606,-0.027158321802835096,0.1949350834632437
5.41,-0.3411075081489852,-0.018609784610478818,0.1338846628894918
5.415,-0.672196490856626,-0.00932433974328759,0.06903837990203965
5.42,0.136677637539605,0.00044395021722621236,0.002268044740944566
5.425,0.4682263854426886,0.010421150547981546,-0.06454464436860147
5.43,-0.0192260796653584,0.020321153363887068,-0.12954878280241697
5.4350000000000005,-0.41209708943506806,0.02985389805788277,-0.19089580100640516
5.44,0.08339529495422776,0.03873387657508908,-0.24681820719545997
5.445,0.6075790809548743,0.046688673960039846,-0.29573323324419937
5.45,-0.19629553496553678,0.05346728900789702,-0.3363130123661755
5.455,-0.4475803234845268,0.05884798185721494,-0.3673766825314719
5.46,0.0958570844065995,0.06264540504442143,-0.3880205831322025
5.465,0.5396753671335313,0.06471679172790083,-0.3976755003730943
5.47,0.007399446121704484,0.06496699908153751,-0.39611258067797683
5.4750000000000005,-0.2925962454527906,0.06335223563187546,-0.3833617364395603
5.48,0.2585420240243115,0.0598823377424797,-0.35974112138973396
5.485,0.40520492085065624,0.05462150152342731,-0.32593048438724026
5.49,0.024954230818515062,0.04768742099793385,-0.2829307455281221
5.495,-0.5097998194397522,0.039248830104922555,-0.23195046921142246
5.5,0.12090539170109034,0.029521493684231834,-0.17438580669274117
5.505,0.5319344959578568,0.01876273956416821,-0.11188328237566604
5.51,-0.1583549768667768,0.007264668830983601,-0.046255363246370716
5.515,-0.3721988488711135,-0.004653777071167808,0.020670263794600616
5.5200000000000005,0.13990870171356673,-0.016655676878494632,0.08702790666412416
5.525,0.4519765179408369,-0.028395671129054667,0.15093303676591135
5.53,-0.12954776504386817,-0.0395299141611855,0.21054228632194955
5.535,-0.6445646048903118,-0.04972614932531236,0.26416893707271805
5.54,-0.10519914323256348,-0.058673612084663734,0.31034001638362074
5.545,0.4127306536667235,-0.0660924661784235,0.34774656071683024
5.55,-0.2591116514904052,-0.07174248728629797,0.37528885008905877
5.555,-0.6280317175485755,-0.0754307265144723,0.3921987002953889
5.5600000000000005,-0.009302609886806909,-0.07701791210840107,0.39803704370474097
5.565,0.3638074681313362,-0.07642338142646188,0.3926300139046188
5.57,-0.2674506026150315,-0.07362837548526065,0.3760967258044627
5.575,-0.7483115772916613,-0.06867757420749748,0.3489122144632723
5.58,-0.01555638594388381,-0.06167880058246608,0.3118833420745408
5.585,0.4480158932554209,-0.052800874859706415,0.2660541903055613
5.59,-0.07563331206686419,-0.042269654107623525,0.21268220276004415
5.595,-0.4842272521653689,-0.030362346392183038,0.15327843685131654
5.6000000000000005,0.08049485655155443,-0.017400240865519185,0.08958064718769995
5.605,0.2978843454072871,-0.0037400436354535875,0.023366940496410984
5.61,-0.2204114093183405,0.010235947067825789,-0.043531729580500535
5.615,-0.5242146150687492,0.02413055555701995,-0.10919558261518446
5.62,0.15577770384698367,0.03754303243532223,-0.1717397801978856
5.625,0.46004917478780993,0.05008062525277458,-0.22940359406049293
5.63,-0.007978678439142815,0.06137008166917989,-0.2805979983338691
5.635,-0.3827472172430216,0.071068748166062,-0.3238619425032682
5.64,0.15386398773094645,0.07887493466594823,-0.3579415123643282
5.6450000000000005,0.7167813605344187,0.08453723251282763,-0.38187476405249726
5.65,-0.08064983078521631,0.08786249976178676,-0.39502761515648194
5.655,-0.4687782356984126,0.08872226295548832,-0.39702357659688653
5.66,0.32602288553985337,0.08705732760169091,-0.3877633423090327
5.665,0.5091361265453922,0.08288043923963281,-0.36751497984761256
5.67,-0.08454174991170678,0.0762768919147072,-0.33690630360706714
5.675,-0.4411956625264545,0.06740303952031766,-0.29678520054630886
5.68,0.27592209845691773,0.056482726135797225,-0.24825085101943212
5.6850000000000005,0.4917963210503803,0.04380171243333017,-0.1926862608119387
5.69,-0.07411705571786743,0.02970023466017653,-0.13170533833686024
5.695,-0.4289936847977485,0.01456388886438195,-0.06702218155549433
5.7,0.0762651671073427,-0.0011869157620707591,-0.00043038095779108625
5.705,0.5462099371423939,-0.017108645857258808,0.06618524803668982
5.71,-0.17346870308594078,-0.03274714982229963,0.13088505439763692
5.715,-0.5488445545723482,-0.04765062762922481,0.19186791706175682
5.72,-0.010469789841632715,-0.06138269367573223,0.24743881013568816
5.7250000000000005,0.44467884140477776,-0.07353515472934734,0.2960213969230519
5.73,-0.16989764526785478,-0.08374012881705345,0.33620256718763614
5.735,-0.5696963834913742,-0.09168114568425281,0.36685455971285486
5.74,0.13500563010110117,-0.09710289485974978,0.3871541490903454
5.745,0.3328145536508347,-0.0998193227970063,0.3965121665906434
5.75,-0.17653403020381062,-0.09971982509197605,0.39462916233871403
5.755,-0.4791668371940787,-0.09677333220421491,0.38157612301197263
5.76,0.030802296727437173,-0.09103014598683923,0.35774979058168727
5.765,0.42392982375477145,-0.08262144801460919,0.32381920979770923
5.7700000000000005,-0.17558443824386255,-0.07175646738258737,0.28071796173525404
5.775,-0.5489995258410424,-0.058717363418681084,0.22966516516548635
5.78,0.19269754435433945,-0.0438519456485345,0.17214367921483317
5.785,0.2585109242336094,-0.02756441741268828,0.10976878032755091
5.79,-0.15857713582822353,-0.010304388868218118,0.04428407271302759
5.795,-0.571784982614983,0.007445542066507368,-0.022456770783199402
5.8,0.3017784578474927,0.02518329754978856,-0.0885288137731532
5.805,0.7287328089491399,0.04240153794323091,-0.15207153320823108
5.8100000000000005,-0.0689545076916391,0.05860218713053861,-0.2113338639055032
5.815,-0.45500203642700665,0.07331084877061719,-0.2646165417791077
5.82,0.2838490375357974,0.08609069600541734,-0.3103868715714754
5.825,0.55028144123382,0.09655542801668252,-0.34735298162178696
5.83,0.06107113474260595,0.10438090960014104,-0.37452265873130297
5.835,-0.3461445061189165,0.10931514405764703,-0.3911052424246035
5.84,0.31140668793366283,0.11118627431864624,-0.39659468988784474
5.845,0.5004803243510292,0.10990836110008734,-0.39085277901689947
5.8500000000000005,-0.04356671018497432,0.10548474862510876,-0.37408000936139524
5.855,-0.3747843035606568,0.09800889623085686,-0.34674671798457934
5.86,0.30233652125170735,0.08766262619653536,-0.3095858713323755
5.865,0.5272294376353076,0.07471181226637912,-0.2636597740321727
5.87,-0.15905452679349197,0.05949960749941962,-0.2103031250841305
5.875,-0.40387840376330875,0.04243738209910731,-0.15102268984556982
5.88,0.21218304635266722,0.023993609653668264,-0.087454038859681
5.885,0.4298490357896078,0.004681001748778898,-0.021406544379886698
5.89,-0.21709968365615454,-0.014957755643069566,0.04521068857263126
5.8950000000000005,-0.43881341350115827,-0.03436526686016716,0.11052763260266582
5.9,0.0001285428198562963,-0.052985262534712856,0.17272691364978554
5.905,0.45881111836817967,-0.07027855650911997,0.23005251215208777
5.91,-0.13976727089009683,-0.085738665601958,0.28082539537053347
5.915,-0.6109089106405555,-0.09890663956879875,0.323639293762819
5.92,0.08170528091692572,-0.10938466715393516,0.35731174114533165
5.925,0.43518128901639364,-0.11684805538304546,0.38088996629655053
5.93,-0.2510508513843973,-0.12105522241413083,0.39366326143816266
5.9350000000000005,-0.7410952896548029,-0.12185539820243069,0.3952882960180846
5.94,0.07948257883336271,-0.1191937904806441,0.38575874274850325
5.945,0.28455033322296347,-0.11311404436272506,0.3653352784087296
5.95,-0.20041336769447704,-0.10375790026802562,0.3345519181243846
5.955,-0.7618003582673114,-0.09136203467440747,0.2942930122444951
5.96,0.13446916774940354,-0.07625214916853618,0.24575702031965857
5.965,0.3706699684332491,-0.058834453040812244,0.19028477006693978
5.97,-0.1518167938157915,-0.03958476095776421,0.12941576171309407
5.9750000000000005,-0.3677623169069325,-0.01903549780425462,0.06488232809075527
5.98,0.07282143149035217,0.002239034463445902,-0.0014505803384033925
5.985,0.6416863814975031,0.02363872005141409,-0.06771365957272354
5.99,0.17798975381238538,0.04455457298462744,-0.13207884580189364
5.995,-0.36096365468544145,0.06438608235911984,-0.19270485995635647
6.0,0.2504783359704593,0.08255846474346631,-0.24785741596371
6.005,0.5634238331206498,0.0985393277706117,-0.2959681603607907
6.01,-0.05727449040958965,0.11185426171400886,-0.3357237896273013
6.015000000000001,-0.5242009657967506,0.12210090260963274,-0.36599437864792234
6.0200000000000005,0.24563783615863186,0.1289610506098298,-0.3858783664162049
6.025,0.5360046380840773,0.13221047968791388,-0.39482624169830544
6.03,0.14377367727531942,0.13172613814193962,-0.3926345869420266
6.035,-0.36905099003998376,0.12749051183488755,-0.3793508736621967
6.04,0.2076004010013104,0.11959300174135223,-0.35531891374178254
6.045,0.6783038676104062,0.10822825191079806,-0.32122508438325426
6.05,0.02348919678706847,0.0936914510086893,-0.2780834853962676
6.055,-0.4156031795178784,0.07637071767257114,-0.22708653906080772
6.0600000000000005,0.30823550381140835,0.05673676451387283,-0.1696601320211318
6.065,0.3113718205007899,0.0353301152536532,-0.10743816292930815
6.07,-0.071415655347993,0.012746221870949592,-0.04220426902176673
6.075,-0.42280495405476826,-0.010381108372926072,0.024198295196890172
6.08,0.028103170837335524,-0.033397514476210415,0.08993449536116857
6.085,0.2656780103125881,-0.05564661141487809,0.15312180510554055
6.09,-0.32029548676972014,-0.07648872289301721,0.21193887187285917
6.095,-0.5760003247414421,-0.09531928212178489,0.2647340496832064
6.1000000000000005,-0.029819206734066045,-0.11158637105424979,0.31006625859026554
6.105,0.37035861389997965,-0.1248068891823087,0.34662288705610883
6.11,-0.19057742007481984,-0.13458087844741615,0.37335179327008383
6.115,-0.7077549474360905,-0.14060358011905907,0.38950021030743454
6.12,0.09277105462633264,-0.14267486133856697,0.3946570787111506
6.125,0.29606250807815215,-0.14070572172520543,0.3886624788802943
6.13,-0.2339287419338381,-0.1347216719866057,0.3716491686699349
6.135,-0.5870790885283523,-0.12486286458743656,0.34410373103840963
6.140000000000001,-0.22964474737828136,-0.1113809487248912,0.3068627079037159
6.1450000000000005,0.3864709193876041,-0.0946327155180351,0.2609619976656351
6.15,-0.18154849206689613,-0.07507069176070752,0.2076712669075555
6.155,-0.5410576694702898,-0.053230929151214135,0.14850537313432
6.16,0.1720558253649525,-0.029718318025829533,0.08517248298626297
6.165,0.6481041625286375,-0.005189827884346846,0.019452804549206067
6.17,-0.07600910763496406,0.019663860760709684,-0.046820976383631356
6.175,-0.45346083962820527,0.04413781931750241,-0.11178172398806356
6.18,0.13989081128131858,0.06753287996234858,-0.17353536029046668
6.1850000000000005,0.5148468866323319,0.08917562204827453,-0.23035664147090126
6.19,0.01900674869011046,0.10843776439298575,-0.28067077404030394
6.195,-0.45930934476692614,0.12475440479773543,-0.32306505705240973
6.2,0.19820583144875986,0.13764057728077578,-0.3562788536816178
6.205,0.5898909896096723,0.146705642013733,-0.3793980592381996
6.21,0.04352149430791198,0.1516650816532802,-0.39180613207660453
6.215,-0.3178613831625502,0.15234934907553677,-0.3931442856690088
6.22,0.24920883277321226,0.14870949348558454,-0.38333536880293284
6.2250000000000005,0.5316516746207958,0.14081938220984852,-0.36267295768624397
6.23,-0.07811828980377608,0.12887443164997464,-0.3317800471048228
6.235,-0.2182080461627216,0.11318686016449114,-0.2915253481545688
6.24,0.1643490473540323,0.0941775752230854,-0.24300964475400297
6.245,0.5519746000278695,0.07236490419525335,-0.18761525172008658
6.25,-0.18863592430879408,0.04835046979309618,-0.12695582604832265
6.255,-0.46930285892890333,0.02280259482558882,-0.06272816932773914
6.26,0.10560836400066119,-0.0035623059095723298,0.0032908774717106564
6.265000000000001,0.3718239969875362,-0.02999982823424618,0.06921741832839852
6.2700000000000005,-0.1906791990905511,-0.05575861124713231,0.13314759021633218
6.275,-0.6094350535383005,-0.08010170534997761,0.19327370725763368
6.28,0.10599657755185742,-0.10232766755928809,0.24794730061326378
6.285,0.5248399126931445,-0.12179077993266535,0.2956196642646765
6.29,-0.40125328612619526,-0.13791980816334923,0.3348896753215794
6.295,-0.5544966226279953,-0.15023475543329728,0.3646686808626103
6.3,-0.045186648413331754,-0.1583611204792135,0.38415433759494716
6.305,0.2134151917008139,-0.16204123707275958,0.39278232864945467
6.3100000000000005,-0.33780456658604535,-0.16114235288037587,0.3902729355406587
6.315,-0.5645052213164374,-0.15566119671395692,0.37670572820541476
6.32,0.07893582877331554,-0.14572488196751973,0.3525197767397833
6.325,0.3877210024803781,-0.1315880977761722,0.31837792457904673
6.33,-0.21989895473949544,-0.11362664519276851,0.27522058632742796
6.335,-0.5309567485380882,-0.09232748043988742,0.22427186313215036
6.34,0.06808328627988318,-0.0682755280560272,0.1670092781392958
6.345,0.3938549626197158,-0.042137620607940164,0.10505383004950164
6.3500000000000005,-0.12858733654221452,-0.014644005859179732,0.04011524119558986
6.355,-0.5575918444322808,0.01343206559834368,-0.02595230640218628
6.36,0.2703968163493901,0.04129610136243612,-0.09124924104663981
6.365,0.6062908030418712,0.06815486409561905,-0.15393224976787126
6.37,-0.1232735633004296,0.09323896682664551,-0.2122842628145929
6.375,-0.3658596551017611,0.11582492268277025,-0.2646227996911748
6.38,0.46403478370588996,0.13525601685688332,-0.3094371971426167
6.385,0.7070310991728533,0.15096139854675802,-0.34548230098368016
6.390000000000001,-0.14448973746638868,0.1624728379184638,-0.3717656663953954
6.3950000000000005,-0.1748905998508758,0.1694386565886294,-0.387549980437108
6.4,0.1924619810002976,0.17163441796859147,-0.3923528949265937
6.405,0.81171389171341,0.16897005392328904,-0.3860321012580363
6.41,-0.04326384608210215,0.16149320406212203,-0.368817616799358
6.415,-0.4614748443570934,0.14938865079773675,-0.3411949720073037
6.42,0.06572309393389417,0.13297384406727145,-0.30389368562094704
6.425,0.4977671444413267,0.1126906211649687,-0.2580033737012117
6.43,0.1724476229726501,0.08909333630121523,-0.20484399806487097
6.4350000000000005,-0.2513650236783883,0.0628337181476641,-0.14591966100195566
6.44,0.17684182363552914,0.03464286875887888,-0.08285460510440738
6.445,0.37643501269142676,0.0053109011124035195,-0.017448612068835564
6.45,-0.06446292264128296,-0.02433521737598686,0.0484138686026641
6.455,-0.3656264992762731,-0.053454993705365966,0.11287356218208373
6.46,0.03292487292305539,-0.08121825200667794,0.17414919296576947
6.465,0.2095389850540355,-0.10682881337039259,0.23050085501586315
6.47,-0.2043630875814587,-0.12954733700256127,0.28028729729801577
6.4750000000000005,-0.7372396442781084,-0.14871266719332432,0.32212947608108616
6.48,-0.1001121603318666,-0.16376106966714485,0.3548743087242173
6.485,0.3388828859739078,-0.17424279777182747,0.3775940089890548
6.49,-0.254218715143692,-0.17983550212274194,0.38958960324197867
6.495,-0.6613290518500289,-0.18035408474606882,0.3905555947639409
6.5,-0.007411662408594033,-0.1757566980380497,0.3805013140195912
6.505,0.3508745475764422,-0.166146697203282,0.3596984458220448
6.51,-0.1896384013081347,-0.15177046920724144,0.3286980339137149
6.515000000000001,-0.6229583371440345,-0.13301117844194663,0.28839756942540756
6.5200000000000005,0.12371428386620069,-0.11037858592816839,0.23998489481415886
6.525,0.2713056418837003,-0.08449521163027951,0.18480782734906517
6.53,-0.21553687711102926,-0.056079215102088464,0.12438589446528818
6.535,-0.4429642005782295,-0.025924465161573845,0.06044273039962717
6.54,0.1494470825365331,0.005121648167554626,-0.005174191653086191
6.545,0.3132807122093528,0.036182039030909156,-0.07060856187268201
6.55,0.052216872232091566,0.0663747181956928,-0.13405478307743884
6.555,-0.30714414841739285,0.09483785138320437,-0.1937024770243684
6.5600000000000005,0.42090484089852637,0.12075437116975839,-0.24782853841972802
6.565,0.7298677846983327,0.14337543928818053,-0.29492359497606563
6.57,-0.01686712038044555,0.16204208540429466,-0.3336840624293288
6.575,-0.2649713572608873,0.17620439704803104,-0.36301534543562936
6.58,0.25661542654460834,0.18543770205542578,-0.3820470207381866
6.585,0.6299018794938036,0.18945526781165498,-0.39025585169174776
6.59,0.00566470108501918,0.18811713848969377,-0.3874518466611796
6.595,-0.05063360267668812,0.18143483965715193,-0.3736984672779672
6.6000000000000005,0.3719306902826724,0.1695717960438943,-0.3493587289736412
6.605,0.7664638551266799,0.15283942964364441,-0.31512374380097563
6.61,0.07802669782295901,0.13168902822524395,-0.2720128169100631
6.615,-0.45157429448529196,0.10669959525508564,-0.22123615661427584
6.62,0.308732113021003,0.07856200772275407,-0.1641858339813667
6.625,0.5862796926043388,0.04805991509731053,-0.10249211544051764
6.63,-0.07746067166518016,0.016047907536145767,-0.03793920266846694
6.635,-0.6296963778112645,-0.01657243823999904,0.027659724096295486
6.640000000000001,-0.004445472529204096,-0.048877963662121195,0.09248017473480011
6.6450000000000005,0.25751929411879965,-0.07995006739072598,0.15467914751848064
6.65,-0.014372823996111908,-0.10890083824834551,0.21246069006624177
6.655,-0.6519879238492643,-0.13489843820727174,0.26420679185604473
6.66,-0.19142294772979088,-0.15719100952150344,0.30849237294659243
6.665,0.3976199698785773,-0.175128418747863,0.34405429174448543
6.67,-0.1953127032255248,-0.18818120881794376,0.36985141277380296
6.675,-0.5942053408013905,-0.1959562069247591,0.3851688695903601
6.68,-0.1949561786648492,-0.19820832867479615,0.3896078664842018
6.6850000000000005,0.09183980965653696,-0.19484822515820807,0.3830407878996689
6.69,-0.30132596283561586,-0.1859455363408419,0.3656203643728969
6.695,-0.7068568136959406,-0.17172763820113862,0.33784210609691206
6.7,-0.09878502929980537,-0.15257389882022082,0.30054707111293655
6.705,0.31108336083280913,-0.12900558655923045,0.2547716184812698
6.71,-0.17026701614580947,-0.10167169787878405,0.20178115425052245
6.715,-0.5561848498353413,-0.07133108970945137,0.143084557362323
6.72,0.14827045250177365,-0.03883140819391804,0.08038719614593968
6.7250000000000005,0.5520285322901592,-0.005085398997804668,0.015441430164918127
6.73,-0.20616845113308765,0.028954738493014522,-0.04995168153565657
6.735,-0.43132943126832296,0.06232423217449867,-0.11392764468534189
6.74,0.18322056156235872,0.09407309419010257,-0.17463861418927348
6.745,0.6954423308851063,0.12329317775741405,-0.23038421853702762
6.75,-0.0184500477076337,0.14914416291426144,-0.2796282557018327
6.755,-0.574321353027388,0.17087772737994122,-0.3209580615813306
6.76,0.25440799669380637,0.18785920716134058,-0.35317286596291125
6.765000000000001,0.6100496125296703,0.19958611997617381,-0.3753726860617687
6.7700000000000005,0.19873095727084777,0.20570301115156925,-0.3869786778687245
6.775,-0.23029028052622402,0.20601218399634785,-0.3876527038129346
6.78,0.2318000153588448,0.20047999189063206,-0.37733687970887786
6.785,0.6414481700074823,0.18923849425857267,-0.35634299338331993
6.79,0.12166192741019816,0.17258240967109756,-0.3252961447239803
6.795,-0.1817877041797858,0.15096143285777103,-0.2850748209327475
6.8,0.24719221924785006,0.12496811459690427,-0.23677598129624589
6.805,0.6040075930967906,0.09532163053035485,-0.18177577952193127
6.8100000000000005,-0.10410192042833052,0.06284788327344445,-0.12167781596996381
6.815,-0.4893236536370603,0.02845648835530569,-0.0581687565179407
6.82,0.07905241989504753,-0.006884714543020323,0.006988611488909729
6.825,0.5410406480492994,-0.04217691053792089,0.07194551192637648
6.83,-0.2486085339520085,-0.07641855115567485,0.13483415879041027
6.835,-0.6569346321016009,-0.10863378970300255,0.19387683081694482
6.84,0.022993950315626205,-0.13790030272009288,0.2474418506737101
6.845,0.4246457018902424,-0.16337570402092425,0.2940075945109547
6.8500000000000005,-0.40466600406627773,-0.18432179464593226,0.3322233736235419
6.855,-0.5341316064581032,-0.20012595055417115,0.3610093228478678
6.86,-0.02470101518938242,-0.21031902848741071,0.3796050991794504
6.865,0.2262607849281967,-0.21458926698872857,0.38747396092030545
6.87,-0.3871787056023155,-0.21279177137586697,0.38435494918099944
6.875,-0.7053027892374037,-0.2049532954316065,0.3703615190188613
6.88,-0.27413499148763737,-0.19127216519868587,0.34591929236878494
6.885,0.28317441188854237,-0.17211332781374572,0.31171240374602177
6.890000000000001,-0.07783817416066562,-0.14799864688717776,0.2686752413944146
6.8950000000000005,-0.6804242512140383,-0.11959270159305571,0.21803718708543673
6.9,0.07155097113715106,-0.08768447550259872,0.16127274755446266
6.905,0.2519194008303986,-0.05316543958164608,0.09997265336085068
6.91,-0.1105416769257376,-0.01700463826694985,0.035845165387396453
6.915,-0.5244480386563387,0.019778524889415353,-0.029289452839475053
6.92,0.19895200363946502,0.056143037421387314,-0.0935570787497246
6.925,0.4188720966903897,0.09105575280261513,-0.15515210620169284
6.93,0.10582209064143265,0.12352075505021239,-0.2123628830778188
6.9350000000000005,-0.31982565807835656,0.15260777812667758,-0.26356965247781317
6.94,0.41507747678341134,0.1774788688890067,-0.30727190323700804
6.945,0.6815428866203461,0.19741252920033778,-0.34226164853312896
6.95,0.20165346118771343,0.2118246416041307,-0.36759038114387516
6.955,-0.21556714369487667,0.22028557178899183,-0.3825317505920743
6.96,0.27776554397619135,0.22253294749036964,-0.3866260188650596
6.965,0.5971023807574615,0.21847973452105687,-0.3797600389236949
6.97,0.21419253042913902,0.20821736290550394,-0.362185432404699
6.9750000000000005,-0.4045778343182846,0.19201379589095308,-0.33438521571041124
6.98,0.11633829395290035,0.17030657797149204,-0.29710325100389534
6.985,0.5935912804566846,0.14369104092329954,-0.2514264959491237
6.99,0.07689381161927887,0.11290398514443943,-0.19866963515170613
6.995,-0.49483290903019217,0.07880328336916055,-0.14032264142282788
7.0,0.21763102470195916,0.04234397136212425,-0.07800235208400395
7.005,0.45214434636208667,0.004551492104067102,-0.01347888547740001
7.01,-0.16798116676895547,-0.0335071566979651,0.051377271235059634
7.015000000000001,-0.5000716772387411,-0.07075355964265699,0.11474661483488989
7.0200000000000005,0.09252066275941523,-0.10612845364461099,0.174880662422476
7.025,0.4380692615666224,-0.13862186399941911,0.2300612471008995
7.03,-0.22723477211924936,-0.1673019488163256,0.27868954058147133
7.035,-0.6131036469240245,-0.19134172778560898,0.31941351546400876
7.04,-0.18078906484048718,-0.2100429284506055,0.3511083843397562
7.045,0.31492152826302966,-0.22285626236054942,0.3728860841751229
7.05,-0.2391511443368648,-0.22939754251490918,0.3840889646122306
7.055,-0.7265811071900754,-0.2294591696250961,0.3844022623157936
7.0600000000000005,-0.25845391722900785,-0.22301664467229207,0.37386501903425695
7.065,0.18319351595295644,-0.21022990538301847,0.35277767326876175
7.07,-0.22742431984161618,-0.19143943062640564,0.3216893019879512
7.075,-0.6078035936995938,-0.1671572052176358,0.2815018562082122
7.08,-0.10818732260356145,-0.13805278397524587,0.2333882104328599
7.085,0.35157070959964837,-0.10493483395654075,0.17870776216106063
7.09,-0.1768129331670324,-0.06872866358042184,0.11896404143691189
7.095,-0.3560584729371247,-0.030450363114671166,0.05586127188167926
7.1000000000000005,-0.002004075285628921,0.008821720583915556,-0.008773451113593409
7.105,0.39567760600676855,0.04797737399090303,-0.07313832328495473
7.11,0.18240879628314016,0.08590591471898093,-0.1354295046345893
7.115,-0.40154952797295573,0.12152770890047936,-0.19388435944913668
7.12,0.21135367098496743,0.1538249134559392,-0.24680935894705316
7.125,0.8015668542366995,0.18187056757829712,-0.29273138298221646
7.13,0.18989521530392903,0.20485520173452687,-0.3303808222817091
7.135,-0.27952898335773846,0.2221102002422224,-0.35868611616385765
7.140000000000001,0.3474241494321139,0.23312724317006409,-0.37681170817198234
7.1450000000000005,0.8302653262753077,0.23757326246057647,-0.3842642155094097
7.15,0.1505356949348296,0.23530047274180063,-0.3808712271839174
7.155,-0.2504450149826791,0.22635117576569785,-0.366719292265987
7.16,0.3212833253283576,0.21095718489050858,-0.34217834214326104
7.165,0.7282627262894656,0.18953386834893998,-0.3079580842436926
7.17,0.14419139707535644,0.16266896289935828,-0.2650625133615313
7.175,-0.3483091617289286,0.1311064584997736,-0.21469481537179338
7.18,0.03527737559221744,0.09572599562518894,-0.1582457524571435
7.1850000000000005,0.3949773907431736,0.05751834573474234,-0.09733080043494291
7.19,-0.1947577711652904,0.017557658483612192,-0.033705017931361624
7.195,-0.4340356975971176,-0.023028746699090524,0.030847143246228288
7.2,0.089480673984018,-0.06309219481402616,0.09452978855481999
7.205,0.36154935356990736,-0.10149517711096889,0.1555291692367642
7.21,-0.4735775555815367,-0.13714365941044937,0.21208033163651618
7.215,-0.7444867969792354,-0.16901825896491487,0.2625998958304363
7.22,-0.06718108448730706,-0.19620340113832124,0.3057086122881216
7.2250000000000005,0.13674113138511867,-0.217913621765344,0.3401731684537541
7.23,-0.26014371201506514,-0.23351625950311808,0.3649756352955328
7.235,-0.7655272440494869,-0.24254988265319102,0.379436995358639
7.24,0.0329135195305654,-0.24473791403076214,0.38319305833526923
7.245,0.3479170202180535,-0.2399970521653999,0.3761116108609035
7.25,-0.17697389899377292,-0.2284402336525817,0.3583836137374511
7.255,-0.5305571836945036,-0.2103740357105831,0.3304974744333853
7.26,-0.04601557435503256,-0.1862905755730046,0.29330809426427223
7.265000000000001,0.34510998495894385,-0.15685411979612496,0.24784069873164094
7.2700000000000005,-0.3493173113109244,-0.12288276743291036,0.19535787329071652
7.275,-0.5163994919946961,-0.08532571201829195,0.1373561299664343
7.28,0.1639727666388147,-0.045236714386508926,0.07550950582386554
7.285,0.4887427222045526,-0.0037445278485909064,0.011557702406330002
7.29,-0.1383760271447748,0.03797889396803972,-0.05271749406986527
7.295,-0.4317062992819386,0.07875151085987742,-0.11549202450319647
7.3,0.1450652815456922,0.11741469540068268,-0.17495664008267736
7.305,0.6437156977934488,0.15286616819692592,-0.2294384828907931
7.3100000000000005,0.15421919661733063,0.18409143252406943,-0.2774334572432423
7.315,-0.29710666171968914,0.21019281165038883,-0.31758763189833966
7.32,0.3750782865155533,0.23041525756899262,-0.34872222887051996
7.325,0.5723077156845375,0.24416818907434854,-0.36996050188783575
7.33,0.37653388225617285,0.25104272767288704,-0.38075896687418015
7.335,-0.2978656928805174,0.2508238286291033,-0.38080185043964515
7.34,0.371640992373066,0.24349694791283072,-0.37004526590565334
7.345,0.758755930665536,0.229249039897014,-0.3488233432886779
7.3500000000000005,0.22167294509266705,0.20846384101157797,-0.31776165588392064
7.355,-0.45888739878842955,0.18171155665073238,-0.27773481621371615
7.36,0.1067437560507651,0.14973322785859475,-0.22984614882900234
7.365,0.6854576392249735,0.11342020615003352,-0.17546044505815253
7.37,0.13037626284968407,0.07378930492581831,-0.11614974468818251
7.375,-0.43595423565224617,0.03195432030062355,-0.05358745860781382
7.38,0.2108012907471009,-0.010905280798203573,0.010485669596804187
7.385,0.4059491727133254,-0.05357762472238617,0.0742580253005276
7.390000000000001,-0.2444575470280479,-0.09485270893509318,0.13587554314795972
7.3950000000000005,-0.5491186721661802,-0.1335567237080228,0.19361290326986696
7.4,-0.08275534969037153,-0.16858544383209684,0.2458901375573025
7.405,0.09506682528819549,-0.19893574015722254,0.2912062166162207
7.41,-0.4096126932656068,-0.22373431148873962,0.328243769170391
7.415,-0.7488623956846213,-0.24226281376121162,0.35597265186075977
7.42,-0.16439926478563988,-0.2539786633855146,0.37364939446411427
7.425,0.18567649131409858,-0.25853091244824555,0.38076946674160606
7.43,-0.5351345629137187,-0.2557707316603865,0.3770908908759189
7.4350000000000005,-0.5456589904016116,-0.2457561887271484,0.36274297617462875
7.44,-0.19573193635564232,-0.2287511708696991,0.3381632396620844
7.445,0.26323268589181614,-0.20521846602329596,0.3040390448154129
7.45,-0.4716432596924309,-0.17580718306964016,0.2613029602965411
7.455,-0.6127246638286935,-0.14133485262461298,0.21117401257775326
7.46,-0.008738915926406146,-0.10276470180640317,0.1551091673873362
7.465,0.2332426471572057,-0.061178734715018536,0.09469107199161904
7.47,-0.14534166264294646,-0.01774737109743943,0.03159660964373833
7.4750000000000005,-0.31498523185298766,0.026303504621716912,-0.03237588087846037
7.48,0.24402883927293634,0.06972715598463251,-0.09539371452825515
7.485,0.5339888116462462,0.11129129122186493,-0.15568304442828793
7.49,0.11217218196676415,0.14981304443484966,-0.2115682952888004
7.495,-0.23124674665866815,0.18419264792350679,-0.2614624755779772
7.5,0.2822435324106155,0.21344483685767748,-0.3039207928973337
7.505,0.48378494518999643,0.23672708931434894,-0.33775210962026814
7.51,0.09627960928121207,0.2533638921506664,-0.3620445376068911
7.515000000000001,-0.06927334476637531,0.26286633383928065,-0.3761066888467501
7.5200000000000005,0.2779098155196078,0.26494645617671536,-0.37949463183729704
7.525,0.8215091619494336,0.25952594402545937,-0.3721421800588776
7.53,0.09860465859328876,0.24673889182877495,-0.354294062275033
7.535,-0.30409983255580103,0.22692855304429155,-0.3264393126058329
7.54,0.3213145217750776,0.20063814914572253,-0.28933947505296875
7.545,0.5041854944722591,0.16859598360838499,-0.2440585157219636
7.55,0.16311438945568604,0.13169526852771837,-0.19191010565786693
7.555,-0.5615674228619546,0.09096922259795044,-0.13436783468736513
7.5600000000000005,0.2004803940139283,0.04756213478271401,-0.07302191811815861
7.565,0.6493116004310358,0.0026972042521019716,-0.00961708594891351
7.57,-0.1801591465499339,-0.04235793930866569,0.05400734633269389
7.575,-0.58074264507651,-0.08632706280663642,0.11607057904327651
7.58,-0.0061408311000979154,-0.12796149136702542,0.17484949600527463
7.585,0.361844899546076,-0.16607557954014085,0.22867636268258043
7.59,-0.2552705233789128,-0.19958048417038068,0.2759947319588372
7.595,-0.8350583595539289,-0.22751527667556792,0.31547317692599275
7.6000000000000005,-0.08330829538656534,-0.24907450557444424,0.34604502005825194
7.605,0.358614111580351,-0.26363141860625955,0.3668253359440737
7.61,-0.3704946443105639,-0.2707561749747712,0.37719907170261596
7.615,-0.7482060489825664,-0.2702285187358385,0.37688787793676815
7.62,-0.3025254673893769,-0.262044540192436,0.365944214534304
7.625,0.14130802517086533,-0.24641731897711971,0.34467360969002286
7.63,-0.358989840332539,-0.22377141558142674,0.3136317127182538
7.635,-0.6844803724410977,-0.19473135253658602,0.2737225903726079
7.640000000000001,-0.08456037715182924,-0.1601043973121142,0.22611218629586288
7.6450000000000005,0.3990161721545186,-0.12085812141946113,0.17213650302089775
7.65,-0.31642344718795945,-0.0780933595568479,0.11328490197588455
7.655,-0.512416531212181,-0.03301332463750088,0.05124068448643651
7.66,0.15977161939375176,0.013110254581253634,-0.012204200666776204
7.665,0.5358608225948859,0.05897302000393663,-0.0752721789935768
7.67,0.05658544461255499,0.10327488187023975,-0.13620669448903908
7.675,-0.41753427126832293,0.14475688352617583,-0.19327779171914788
7.68,0.5579453941527861,0.18223698767333069,-0.24484253834262276
7.6850000000000005,0.5551185594043874,0.21464376659282616,-0.28944885445908003
7.69,0.024237354738214867,0.24104703589425755,-0.3258757601803319
7.695,-0.1931117769160371,0.2606845557808153,-0.3530821314701401
7.7,0.29602304664605106,0.2729840333167865,-0.3702650417522938
7.705,0.7347341981068913,0.2775797906840777,-0.376958794534617
7.71,0.049885572444387405,0.2743236142396571,-0.37302271158964045
7.715,-0.20328223732980089,0.2632894631260079,-0.3585456021963608
7.72,0.3956528560886462,0.24477188962237403,-0.33391085504372126
7.7250000000000005,0.739518701926592,0.21927820145531932,-0.29983625332915037
7.73,0.11153477389582497,0.18751457387135717,-0.25731495599787974
7.735,-0.5197201437697097,0.15036649137133232,-0.2075447040180734
7.74,0.18232586703483056,0.10887406071951965,-0.15190069075230128
7.745,0.7711483780073605,0.06420288355709396,-0.09196939355458804
7.75,-0.1486393584793921,0.01761130447195492,-0.029482163259574486
7.755,-0.6625748280779052,-0.029585044957009716,0.033799747579309924
7.76,-0.030870976988289757,-0.0760504068361454,0.0961329974948995
7.765000000000001,0.3384972235307844,-0.12046671243371783,0.15573982038687773
7.7700000000000005,-0.41582690948097356,-0.16157098159505023,0.21088677794597385
7.775,-0.769595541652172,-0.19819124462497803,0.26003442500737534
7.78,-0.24274428434786555,-0.22927996469221787,0.30182894665482296
7.785,0.3297003051577822,-0.2539440074164114,0.3350959892705545
7.79,-0.20968998834485703,-0.2714703001029201,0.35884607639991595
7.795,-0.7113261086297717,-0.28134644343511667,0.3724278389538785
7.8,-0.044462631611462466,-0.283275679958352,0.3754860292177366
7.805000000000001,0.2150279920409931,-0.27718578242483516,0.36793870068771695
7.8100000000000005,-0.3767832399894818,-0.2632315965484874,0.34997035778817276
7.815,-0.7625122477385486,-0.2417911521055147,0.3220921186129597
7.82,-0.27959110327435566,-0.21345543853760574,0.28514336040481664
7.825,0.3576329193455031,-0.1790121211060225,0.2401530779074413
7.83,-0.2112893664424199,-0.13942364609752755,0.18837498420823406
7.835,-0.7014999910421089,-0.09580034368746931,0.13127130168439338
7.84,0.21914061188818895,-0.04936928025284971,0.07049845179093252
7.845,0.6364045631533626,-0.0014397340989346608,0.007760868454308389
7.8500000000000005,-0.017143657027954465,0.04663373379384329,-0.05518708720927447
7.855,-0.439783149496412,0.09348957210346515,-0.11656118675161932
7.86,0.20841140541121728,0.13779781179229264,-0.1745953272986035
7.865,0.7468106851288835,0.17829782597455066,-0.2276554201848888
7.87,0.32664804538593,0.2138342046943087,-0.2742744517869707
7.875,0.035692693701765504,0.24338972346320495,-0.31314058907732006
7.88,0.3353004453797215,0.26611446465984384,-0.34310229604263776
7.885,0.8948640190700684,0.2813502580032362,-0.3633487349307887
7.890000000000001,0.24396486984064858,0.2886497372975236,-0.3733253900270414
7.8950000000000005,-0.22411682048799142,0.28778946183950727,-0.3727527653067039
7.9,0.38272284094898257,0.2787767180364649,-0.3616113552703702
7.905,0.7695774059129505,0.2618497951909917,-0.3402397815274383
7.91,-0.013105534576681593,0.23747171403402137,-0.3092700860537981
7.915,-0.39330581865582426,0.20631757220220948,-0.2695814597346612
7.92,0.22491865553657067,0.16925585219796438,-0.2222652385363308
7.925,0.599771106189006,0.1273242092862739,-0.1686678910437484
7.930000000000001,-0.033988794343284306,0.08170041437624087,-0.11035116105854288
7.9350000000000005,-0.607760209006345,0.03366926570633083,-0.04894208366530617
7.94,0.13329595442110456,-0.015413600873313012,0.013851742138166699
7.945,0.5024103050685,-0.06415998338789912,0.0762446802347845
7.95,-0.2372513365136878,-0.11118838625541959,0.1364345156589393
7.955,-0.7564733438502704,-0.15516318251682584,0.1927220897387924
7.96,0.054861273564420665,-0.19483255533883087,0.24356691895350974
7.965,0.31350509412439376,-0.22906414072039702,0.28751421681255446
7.97,-0.4133287739920292,-0.2568773563451073,0.3232859887327422
7.9750000000000005,-0.8128552243406482,-0.27747149344570377,0.34988216721973997
7.98,-0.08265016801502922,-0.29024876683492756,0.3666024048580847
7.985,0.17760492913318188,-0.29483165960563795,0.37295684757144093
7.99,-0.4102212338722097,-0.29107405944933307,0.36873778063528356
7.995,-0.746975128503232,-0.2790658585726659,0.35408097317052534
8.0,-0.08551286125930635,-0.2591308738703518,0.3294365056696774
8.005,0.25078962660100546,-0.23181813312092162,0.2954971907290807
8.01,-0.2003100607915992,-0.19788676115382825,0.2531871481552258
8.015,-0.6629355074816863,-0.15828488185314984,0.20372259274674692
8.02,-0.13962368740298356,-0.11412312234261804,0.14854408088238405
8.025,0.5756228115912205,-0.06664345988116012,0.0892036285586686
8.03,-0.2982544911897864,-0.017184285483011468,0.027340348186516986
8.035,-0.42819996162019064,0.032857332764538685,-0.03529504030005392
8.040000000000001,0.20506309440122156,0.08206512241731705,-0.09687046146181362
8.045,0.7207797473101998,0.12904369988258796,-0.15566976624342876
8.05,0.11687087524093588,0.1724581488395197,-0.21007413434203417
8.055,-0.20150488689390986,0.21107196100739387,-0.25852892520639004
8.06,0.4494068574461424,0.24378226067737507,-0.2996257947215229
8.065,0.5807267426761729,0.26965130937191467,-0.3322145203361066
8.07,0.09524658433245028,0.28793339054612693,-0.3554214556507381
8.075,-0.26239259508642077,0.29809630351411676,-0.36858211549890274
8.08,0.4415351938521894,0.2998368471532504,-0.3712894031616645
8.085,0.7666630200337785,0.293089843159326,-0.36347495796267204
8.09,0.2740087304170108,0.2780304309299188,-0.34540850019968106
8.095,-0.2082948667009935,0.2550695563962248,-0.3175985203262265
8.1,0.28803681506887036,0.22484276992511454,-0.280793285829656
8.105,0.6375553616332337,0.18819263830983413,-0.23604250212007682
8.11,0.00815956877964688,0.14614525746919246,-0.1846597902478192
8.115,-0.3848526099368066,0.09988152061551377,-0.1280918551119709
8.120000000000001,0.26716839609691817,0.050703946538456016,-0.06789410013519591
8.125,0.33229701788599153,1.780238700294515e-15,-0.005797590500818966
8.13,-0.05007780424645671,-0.05079706260618826,0.05641419682077242
8.135,-0.6279980221660508,-0.10024871712815309,0.11699484763172054
8.14,-0.004920681318561382,-0.1469519190126922,0.1742630385416222
8.145,0.25503432067203596,-0.18957891967006885,0.22659072432017796
8.15,-0.26512370947040353,-0.22691502166039634,0.27246392373199435
8.155,-0.7683744476588766,-0.2578931988931128,0.3105981623582945
8.16,-0.08215733284510984,-0.2816245949551391,0.33995616275036294
8.165000000000001,0.19723342168746477,-0.29742402774436577,0.3597077311337549
8.17,-0.4267436456575443,-0.30482976857059585,0.3692442557655562
8.175,-0.49429414684923284,-0.3036170248717473,0.36832586705391795
8.18,-0.1684683531869574,-0.2938047331508206,0.3570149659830994
8.185,0.11364906752691395,-0.2756554576668157,0.33562650187723936
8.19,-0.4770786093966866,-0.24966838547323433,0.3047228540332795
8.195,-0.6385901097295583,-0.2165656040710728,0.2652058066812986
8.2,-0.08437190223228352,-0.17727203868174915,0.2182254178867976
8.205,0.42512542945756665,-0.13288960653228715,0.16510669886802606
8.21,-0.23060607497834318,-0.084666310447148,0.10731494618056113
8.215,-0.5838521596728606,-0.03396113875524629,0.046496652904756075
8.22,0.30875962092376386,0.017794241091180097,-0.015574852033936541
8.225,0.6229493237397501,0.0691359151837339,-0.07717318964674
8.23,0.06180992927798944,0.11860913995950731,-0.1365892435785644
8.235,-0.37469007004832044,0.16480957110768069,-0.19213003035127443
8.24,0.16953796848877123,0.20642313584798117,-0.2421782765077901
8.245000000000001,0.8080877958829575,0.24226341628194634,-0.2853481953704168
8.25,0.19052796919941478,0.27130548011448147,-0.32044226020512134
8.255,-0.22233185093509378,0.29271519391123335,-0.3464789438364601
8.26,0.29638966117910615,0.3058731804466348,-0.3626855695252446
8.265,0.9512432640715318,0.3103927320705201,-0.36861536329460937
8.27,0.4584398083149064,0.3061311621558175,-0.36413151841453345
8.275,-0.09329367019160123,0.2931942617956273,-0.3493700887470301
8.28,0.3080834429362084,0.2719337237720888,-0.32470648547286857
8.285,0.8268463785250635,0.24293759491382422,-0.29085689897830824
8.290000000000001,-0.021223014295995074,0.20701401565567099,-0.24881678162042542
8.295,-0.19502793356080195,0.16516869630686004,-0.19978053610871951
8.3,0.11396467098515489,0.11857675780301097,-0.14508389954560208
8.305,0.6798571242076293,0.06854972548916298,-0.08629651126972665
8.31,0.049308193391462335,0.0164986031675666,-0.025124729721075538
8.315,-0.5373815067077041,-0.036105932722720384,0.03672957080587267
8.32,0.22634476552719934,-0.08777509558400437,0.09753510044179418
8.325,0.23970287717509675,-0.13704413294321582,0.155565688366443
8.33,-0.22920473764794946,-0.18251385926231897,0.20914852283855875
8.335,-0.708057893163583,-0.22289039936689847,0.2567840886413055
8.34,-0.27125368195348953,-0.2570220133667372,0.29715279410993317
8.345,0.27710769916959826,-0.28393195480986916,0.3291156336978822
8.35,-0.318298748864602,-0.3028464245245524,0.35174034193158804
8.355,-0.7578867265706171,-0.3132168200708596,0.3643936235685851
8.36,-0.12896483061985997,-0.3147356410918868,0.366757714813803
8.365,0.33094193302169994,-0.3073455896143411,0.3587685015954117
8.370000000000001,-0.319014596882569,-0.29124159646142594,0.34060402110612914
8.375,-0.7048885191263643,-0.26686570498283974,0.31280002427099934
8.38,-0.17370288948497561,-0.23489494561910124,0.27618676358047173
8.385,0.29024074511744785,-0.19622253366862819,0.23179196754912051
8.39,-0.14734587272089067,-0.1519329123734583,0.18084164569329755
8.395,-0.5715449081752093,-0.10327133868985616,0.12478349037761056
8.4,0.09664654927879715,-0.05160886487216252,0.06524597405953711
8.405,0.5067242498440727,0.0015962991739233699,0.003904510072856697
8.41,-0.13187782775622664,0.05483995369379999,-0.05755228002111235
8.415000000000001,-0.5224585162385991,0.10661444455292318,-0.11737183398842176
8.42,0.223175095800679,0.15545136330152165,-0.1738058047061175
8.425,0.8567396354770407,0.19996320221834818,-0.2252960382097247
8.43,0.20338837114526492,0.23888278244390437,-0.2704114416497912
8.435,-0.25211059227474525,0.271099334581654,-0.3078814669798679
8.44,0.4480412359654448,0.2956902042699497,-0.336591395988924
8.445,0.73928058523502,0.31194727761699376,-0.3557576735047276
8.45,0.18465246822059145,0.3193973696222052,-0.3648776102304601
8.455,-0.1253649048429849,0.3178159886176303,-0.36368298821104494
8.46,0.3829577507328726,0.3072340765694861,-0.3521849798120638
8.465,0.8641214884249722,0.2879375235134111,-0.33071503405274977
8.47,0.212507199847132,0.26045945885024496,-0.2999208759876634
8.475,-0.2729117141982389,0.2255655269162615,-0.2606786136333349
8.48,0.4148566359129845,0.18423255336090547,-0.21405359871235605
8.485,0.6453693300742297,0.1376211967642279,-0.161382923520751
8.49,-0.01604085739730371,0.08704335126175729,-0.10419476980592134
8.495000000000001,-0.4443752927157952,0.03392521583600161,-0.04410299883881349
8.5,-0.07337576710369378,-0.020232929900525772,0.017225354923157552
8.505,0.5408405136317797,-0.07389910872303582,0.07805204897662835
8.51,-0.16590515387981497,-0.12555299003876313,0.136624384564435
8.515,-0.5653918065970633,-0.173728968763094,0.1912932495453676
8.52,-0.106393329394851,-0.21705775793049087,0.2405501322936366
8.525,0.23689765792588297,-0.25430531444941246,0.28299464527228535
8.53,-0.43204398947843436,-0.2844079912337929,0.3173956361396109
8.535,-0.7168497533603737,-0.30650291424056425,0.34278744274156936
8.540000000000001,-0.19532156022264083,-0.31995271677571946,0.3584977860550981
8.545,0.2867479229146536,-0.32436392204803194,0.36407355517912166
8.55,-0.2953084154808247,-0.3195984438912323,0.3593242142697516
8.555,-0.8063607349149342,-0.3057778697992748,0.34440090838505005
8.56,-0.19279434178957816,-0.2832803944431064,0.31977553622047816
8.565,0.14953376695827386,-0.25273047989252506,0.28612892538711693
8.57,-0.25571344400735396,-0.21498152496238365,0.24438674481213615
8.575000000000001,-0.8353682621514695,-0.17109202459179723,0.19573840795461117
8.58,-0.04870778377633127,-0.122295885311346,0.1416036888151267
8.585,0.44314316697117195,-0.06996772939052463,0.08349704447234733
8.59,-0.028415316048951547,-0.015584163438405005,0.023031813523773124
8.595,-0.38651971810385244,0.0393178970354481,-0.03806845650860083
8.6,0.2026211350488436,0.09318467062535706,-0.09804337404458334
8.605,0.8104688899486765,0.14448949237526795,-0.1552011792502048
8.61,-0.08861536459759162,0.1917760902234773,-0.2079743551952246
8.615,-0.1996386903601035,0.23369992854902688,-0.2548455490258807
8.620000000000001,0.5231299198327565,0.2690664448618975,-0.2944758706220922
8.625,0.7348519586068126,0.2968650920599668,-0.32573992122362555
8.63,0.3176919376546775,0.31629821599534297,-0.34780165837178784
8.635,-0.04381982780332805,0.3268039430699858,-0.36002488412192823
8.64,0.6149286833561085,0.32807242114501745,-0.3620434703585773
8.645,0.8944022484421108,0.3200549444551864,-0.35380991106448006
8.65,0.1376865042324235,0.30296569418477426,-0.33558861624169434
8.655,-0.23701313465390134,0.2772760352069625,-0.3079046586475566
8.66,0.4215503663796446,0.24370152030765954,-0.2715036782414039
8.665000000000001,0.573131297779021,0.20318196003496852,-0.22741904267790908
8.67,-0.03165650667547121,0.15685511327063764,-0.17695156872938975
8.675,-0.23993773624657905,0.10602473511439564,-0.12151606446210211
8.68,0.16218553395804836,0.05212387954204678,-0.06264579384155268
8.685,0.4790754522300513,-0.0033255100434207794,-0.002020074730345464
8.69,-0.12181799112673267,-0.05875558268031921,0.058614974602529735
8.695,-0.34734106979940704,-0.11259692003000271,0.11754986586344171
8.700000000000001,-0.0681698112155882,-0.1633229806482278,0.17315291317277204
8.705,0.18336371986094066,-0.2094933894896717,0.2238513466806668
8.71,-0.3908713655835262,-0.24979484481903153,0.2681681027998873
8.715,-0.7012679698717812,-0.28307848056410273,0.30486804999196315
8.72,-0.19449269190439544,-0.30839262101881143,0.33295945541021477
8.725,0.1159469694564974,-0.32500999393052066,0.3516230352678239
8.73,-0.4850150486622741,-0.33244862376622736,0.3603187649936524
8.735,-0.8231170803469603,-0.3304858049678506,0.358799442624014
8.74,-0.29838104853014336,-0.3191647502628384,0.3471600214114932
8.745000000000001,0.0856531047494245,-0.29879371608179833,0.3257195006380754
8.75,-0.5505346033994889,-0.26993762000019633,0.2950537427244025
8.755,-0.8285493827073224,-0.2334023778417699,0.25605037882779447
8.76,-0.04505260592309446,-0.1902123946293092,0.20984527016908316
8.765,0.24265238147103466,-0.14158183808268807,0.1577378322513842
8.77,-0.3588254188148564,-0.08888050031728491,0.10117338948657449
8.775,-0.4555374988001132,-0.033595207751140554,0.04176294073581819
8.78,0.318560587849679,0.022712133416825667,-0.01877988304778502
8.785,0.5667618797570997,0.07844867208524064,-0.07874494840832341
8.790000000000001,0.030323395120031293,0.1320356801277954,-0.13647738533395273
8.795,-0.2554539220592208,0.18195327788628202,-0.1903392226819737
8.8,0.23851078094794093,0.22678354996938666,-0.2387688263199521
8.805,0.6836065021207592,0.26525082803695516,-0.28040642320339265
8.81,0.1810852833783001,0.2962579959542429,-0.3141195792193306
8.815,-0.24846624787484267,0.3189177839343262,-0.3389472010449882
8.82,0.5063807561278704,0.33257815893862624,-0.3541548862406234
8.825000000000001,0.7351635003915185,0.3368410847266193,-0.35932423770878474
8.83,0.08200668058561797,0.33157411186151897,-0.3543463296692414
8.835,-0.13296145478533494,0.3169144604184199,-0.3393702529753674
8.84,0.3166888360584637,0.2932654703885084,-0.3147794077064881
8.845,0.7710860806080335,0.2612855108255325,-0.28129177253368237
8.85,0.22202158569853658,0.22186965252185595,-0.23988510929722628
8.855,-0.22125428970744543,0.17612461437187166,-0.19172442715322285
8.86,0.1641749308376515,0.12533768475094148,-0.13814350863444108
8.865,0.5872232097722299,0.07094049077447308,-0.08067023930950876
8.870000000000001,-0.028796814577140572,0.014468635319180748,-0.020969894654060326
8.875,-0.4490318075966482,-0.04248166000760939,0.03928429765737304
8.88,-0.019213725949738178,-0.0982986815625284,0.09842466416446823
8.885,0.14233169035803894,-0.15140084401682985,0.15476340564503083
8.89,-0.22767737751329875,-0.2002815128226424,0.20668075590963614
8.895,-0.8509213191972921,-0.24355175829299838,0.2527111248449053
8.9,-0.18089722263265012,-0.27997982785078035,0.2916006820479799
8.905,0.26368361544251623,-0.3085262145048429,0.3222332128913392
8.91,-0.45343041067306394,-0.3283733230087675,0.3437119181198843
8.915000000000001,-0.8400864395772085,-0.3389488869913092,0.3554424449863455
8.92,-0.181426290739248,-0.33994246634941,0.35715483370734796
8.925,0.13679233890128756,-0.3313145494070791,0.34876905605366126
8.93,-0.6239707545115757,-0.31329799325795304,0.33049757391691525
8.935,-0.7019082116169959,-0.2863917524234971,0.3028769789562704
8.94,-0.15555707816224099,-0.2513470643413928,0.266726963487342
8.945,0.2556028282833026,-0.20914647406464934,0.22307061902281414
8.950000000000001,-0.1780259182803282,-0.1609762838363369,0.17310347733047113
8.955,-0.6391457658886878,-0.10819320013627265,0.11825457728464615
8.96,0.02682966302001996,-0.05228611605871428,0.06010335267066946
8.965,0.4800359381411928,0.005165894233033377,0.0002922259248912126
8.97,-0.07778841591000832,0.06253818368346911,-0.05952076374300539
8.975,-0.48375698153616403,0.11820648276856865,-0.11763474971745863
8.98,0.21175108231621595,0.17059289230514396,-0.1723627084322636
8.985,0.7261140649909914,0.21821061608738562,-0.22217863191224416
8.99,0.1636056401819238,0.2597061649893602,-0.26571256420556977
8.995000000000001,-0.29422289687926995,0.2938978343395594,-0.3017291842739702
9.0,0.3885023518028563,0.31980936056383147,-0.3291644436425199
9.005,1.0398820461065907,0.33669779839177194,-0.34726630949253917
9.01,0.24808050675526155,0.34407482253335064,-0.3555606803835711
9.015,-0.0007633056323921306,0.34172084307894957,-0.353812352108052
9.02,0.4718076129990436,0.3296915267333669,-0.3420343249845453
9.025,0.7764403275244887,0.30831653063462866,-0.3205744777994405
9.03,0.16683634557675675,0.2781904758640836,-0.2900865526100919
9.035,-0.2758412452651544,0.240156407589136,-0.2514211603546006
9.040000000000001,0.23024123824159465,0.19528220186534656,-0.20563386850930399
9.045,0.6774158284335021,0.14483057941611513,-0.15404034754621906
9.05,-0.10860328873103395,0.09022356851768484,-0.09815025595189245
9.055,-0.37759268821473335,0.033002417273386965,-0.03952279141992543
9.06,0.24045626846375115,-0.025215914443104965,0.020222484043777286
9.065,0.37026766573575415,-0.08278445497309882,0.07936798828804614
9.07,-0.25601441005506903,-0.138072820950741,0.13621865340841197
9.075000000000001,-0.7079807199667638,-0.18951339872709494,0.18917937453691977
9.08,-0.1887399867058585,-0.23564579880985642,0.23678465604962698
9.085,0.2953701846182168,-0.27515832247507194,0.27768560364365324
9.09,-0.6716204233723799,-0.30692526296114203,0.31068756228050276
9.095,-0.7039877539001227,-0.33003898035544427,0.3348754515152525
9.1,-0.11097460761109756,-0.3438358361613796,0.349611092804372
9.105,0.19614065140912018,-0.34791524645932503,0.3544621342978983
9.11,-0.48168243978278313,-0.34215130667871696,0.3492628058548047
9.115,-0.9641481118982793,-0.3266966508037427,0.33417431148364635
9.120000000000001,-0.08880479642542582,-0.3019784274157047,0.3096674787174298
9.125,0.29045669204980734,-0.26868649812072726,0.27642869491509015
9.13,-0.2616790073472014,-0.2277541843046895,0.23537121623914956
9.135,-0.6291411025075754,-0.18033209955195384,0.18765645058424343
9.14,0.23573562890193198,-0.12775580146224655,0.1346844134072964
9.145,0.33676967930802987,-0.07150817242226164,0.0779378073261769
9.15,-0.2723475244656807,-0.013177589132200865,0.01899309637063598
9.155,-0.5914142104890135,0.04558693892989293,-0.040470709621135914
9.16,0.23688755268755662,0.1031223948430833,-0.09872299120410846
9.165000000000001,0.7147233702004033,0.1577988248388652,-0.1541506290055852
9.17,0.07615126969644886,0.20806552163549252,-0.20522283728647356
9.175,0.07428117923495065,0.2524950117365173,-0.2504723974068079
9.18,0.4749074954192676,0.2898235987595717,-0.2885925619150448
9.185,0.7396938787288938,0.3189873111122456,-0.318507994610103
9.19,0.15025748424037777,0.3391522313023964,-0.33943814123798377
9.195,-0.15512799115961734,0.34973834224015404,-0.35076922944736677
9.200000000000001,0.5296113966304117,0.350436208610851,-0.35215069525783566
9.205,0.8334124212525861,0.3412160136212652,-0.3435542765260725
9.21,0.1412876039262856,0.3223286874371907,-0.3252769735588456
9.215,-0.14791638690580955,0.2942990873335749,-0.2978131657163704
9.22,0.2392192989651623,0.25791141464050277,-0.26191971901207567
9.225,0.6170184055847541,0.21418727361492787,-0.21863074739532973
9.23,0.03818933591578216,0.16435698616151873,-0.16920283475462888
9.235,-0.33547776170251387,0.10982496794062083,-0.11502815687893388
9.24,0.32441035326813267,0.052130140391570025,-0.05760178266758594
9.245000000000001,0.5154398490978629,-0.0070975052423985765,0.001435469895705418
9.25,-0.10579227166502214,-0.06618296571469919,0.06038670123984414
9.255,-0.7495896380878961,-0.12345360376056203,0.11757309438438102
9.26,-0.04611382092863106,-0.17728650595058468,0.17143262453656444
9.265,0.23735069171750417,-0.22615447934379468,0.22042903029488004
9.27,-0.23436938774410732,-0.26866938310110117,0.2631443949587713
9.275,-0.7673973227484177,-0.30362156541469143,0.2983849336254547
9.28,-0.12277928040562572,-0.3300142852026067,0.3251967412514786
9.285,0.0484304982063371,-0.3470921389546216,0.34280339690347905
9.290000000000001,-0.4066425276522777,-0.3543626819351424,0.35067563445126354
9.295,-0.6896668460346418,-0.35161062489507366,0.34862269866025714
9.3,-0.1705014845255214,-0.3389041971042036,0.3367388808557992
9.305,0.12824790010440534,-0.31659348796642506,0.31535166554976735
9.31,-0.3878584066896794,-0.2853008064610327,0.2850294311400908
9.315,-0.7632794144311656,-0.2459033237405855,0.24664828131188313
9.32,-0.05677589599028107,-0.19950848300465238,0.20133927082016648
9.325000000000001,0.3002136088873626,-0.14742286605515842,0.15036973519815275
9.33,-0.11940083176993614,-0.09111539189547951,0.09514889482866962
9.335,-0.653954830801293,-0.03217588407679112,0.037249268893666816
9.34,0.16756013778474438,0.02772982437242191,-0.021642517904697147
9.345,0.4525787443549407,0.08690698044330315,-0.07988398598729944
9.35,-0.0682154978742627,0.14367986374371344,-0.13585672643014396
9.355,-0.4172503057484665,0.19643924517818562,-0.18798570510533213
9.36,0.46812334278896595,0.2436880074117246,-0.23473481005195665
9.365,0.8116450920290532,0.28408363361947503,-0.27480723545592944
9.370000000000001,0.26946657923582873,0.31647635850681693,-0.3071163998197528
9.375,-0.234324231108195,0.3399418973032704,-0.3307370829524497
9.38,0.3862607726321146,0.35380782097305286,-0.344965317314434
9.385,0.8131907142155783,0.357672824953633,-0.34941855897644264
9.39,0.09775670390714114,0.3514183392834807,-0.34401809609281964
9.395,-0.12822095994995913,0.3352121443506522,-0.328892042937516
9.4,0.3911079053229703,0.30950388257157263,-0.30445204022043404
9.405,0.820566081486436,0.2750125856994325,-0.2714021378443681
9.41,0.11068999232752413,0.23270656367056983,-0.23071943395074324
9.415000000000001,-0.18631573109906985,0.1837762175147032,-0.18354376524060104
9.42,0.2950790178474642,0.12960053973769198,-0.13118208751757424
9.425,0.5455141868020732,0.07170824502908374,-0.07512594407667783
9.43,0.08186811138759045,0.011734627050363721,-0.01700113745539039
9.435,-0.5699103301751056,-0.048624640931390475,0.04155689104735974
9.44,-0.14426269843473213,-0.10766145616919416,0.09893651250016408
9.445,0.5419265561416523,-0.1637036311854968,0.1535040925975841
9.450000000000001,-0.19785273624368183,-0.21516226462945306,0.20367499343784623
9.455,-0.7521576980287528,-0.26057679609149054,0.24804159402367165
9.46,-0.3134982871063825,-0.29865646712212807,0.28540812125614945
9.465,0.15688125709407735,-0.32831701134134295,0.314691008614581
9.47,-0.4124093741979492,-0.34871153058803556,0.3350390200263312
9.475,-0.8656426722996942,-0.35925467777846104,0.34587638969082846
9.48,-0.10488778826653117,-0.3596394559064999,0.3469611150140349
9.485,0.23634548919002618,-0.3498461511037477,0.3382483264590047
9.49,-0.34918960097303103,-0.33014313999555306,0.3199492548182626
9.495000000000001,-0.6615632371700829,-0.301079541456145,0.29259623670735846
9.5,-0.17764794486477586,-0.26346991377824985,0.2570100428803768
9.505,0.29929411360613556,-0.21837142369099125,0.21418245633587307
9.51,-0.1773638858141025,-0.16705412719596552,0.16530392669364286
9.515,-0.7147524707695254,-0.11096519778692565,0.11175285479498508
9.52,-0.014976652002631582,-0.051688109719265796,0.05510422845287887
9.525,0.7127024444290461,0.009102072293333574,-0.003063390421934924
9.53,-0.021054432472779286,0.06968603434963397,-0.06113389028032446
9.535,-0.22847092552826762,0.1283488474258632,-0.11745030971536363
9.540000000000001,0.4155169868166697,0.18342851832646295,-0.1704053422353503
9.545,0.8315667045413537,0.23336308280697526,-0.2184981123851731
9.55,0.26984345129874465,0.276734906281484,-0.2604054793063402
9.555,-0.22392995722574827,0.3123109354797884,-0.2949372979673
9.56,0.5239811304258055,0.33907775802217666,-0.3210870828156798
9.565,0.9915395015065159,0.35627047294574954,-0.33813569167369334
9.57,0.23577379046448824,0.3633945496352119,-0.3456293177193383
9.575000000000001,-0.06640375940277299,0.3602400504671046,-0.3433539157483539
9.58,0.4925193940787138,0.3468878081855075,-0.3313475622921866
9.585,0.8073436539430927,0.3237073764951274,-0.30996159082318425
9.59,0.185544661880502,0.2913468051520776,-0.27984292402331673
9.595,-0.11819676288942127,0.25071452236522596,-0.24184597938475902
9.6,0.22782145842868354,0.20295383103387607,-0.19700676845832085
9.605,0.6951085480039625,0.1494107348985409,-0.14660358580723534
9.61,-0.043346383899155946,0.09159600012515444,-0.09210973991445935
9.615,-0.5579275606840375,0.03114252179798967,-0.03506702181437937
9.620000000000001,0.0741227022864109,-0.030240801401104897,0.02297342285092032
9.625,0.235437742154132,-0.09081738121316796,0.08034167669900354
9.63,-0.33224507521753954,-0.14887207639190012,0.13539175163275446
9.635,-0.620237801296202,-0.20275976135048535,0.1865718725612426
9.64,-0.2661753021873259,-0.2509519513271802,0.23246749513592982
9.645,0.12049610658065424,-0.2920801624675642,0.27177348885707314
9.65,-0.3947950929638383,-0.3249747766239793,0.3033486553707571
9.655,-1.0010391553240932,-0.3486983069829743,0.32632037190175983
9.66,-0.27620517706309056,-0.3625721182988024,0.3400698012667872
9.665000000000001,0.04900539636462581,-0.36619584009664347,0.34420659242311735
9.67,-0.3377707177776111,-0.35945891750545195,0.3385828664465315
9.675,-0.844764338121059,-0.34254396656310754,0.3233852018495754
9.68,-0.11988486415398186,-0.3159218326256896,0.2990615287574012
9.685,0.1486464409596746,-0.28033848535219813,0.2663069869222882
9.69,-0.35617095060877174,-0.2367941149775626,0.2260161078671644
9.695,-0.6857289261852606,-0.186515015679316,0.1793433351932752
9.700000000000001,-0.1726446817784644,-0.13091904651852046,0.12765065644368648
9.705,0.38672931313889597,-0.07157564288362094,0.07238719047870909
9.71,-0.18309107321068044,-0.010161506404888701,0.015086022295817696
9.715,-0.3100335287071868,0.05158677547575588,-0.04263431987863007
9.72,0.07561270813593855,0.11192184121174867,-0.09908593609561289
9.725,0.5853391451243299,0.16913500903563478,-0.15268518396599823
9.73,0.1523658410332464,0.22160467318193358,-0.2019792905669037
9.735,-0.25786709434660615,0.26784227150361084,-0.24554026397401063
9.74,0.40162646749429826,0.30653452126917524,-0.2821066856623585
9.745000000000001,0.8922816063037933,0.3365807246118046,-0.3106561842844859
9.75,0.3986726103250918,0.35712408380099303,-0.33043001790202253
9.755,-0.10154077757061608,0.36757613531923583,-0.3408659408443813
9.76,0.47785228511912947,0.36763360589242033,-0.341629032564431
9.765,0.8255848110739843,0.35728720766417266,-0.3327238116874873
9.77,0.22057456726431657,0.33682211757444214,-0.31443861402137235
9.775,-0.23168429990010708,0.30681012125886753,-0.28728946956389984
9.78,0.3278904721018928,0.26809363777133915,-0.25199781106472907
9.785,0.91444704167871,0.22176207146630034,-0.2095851843627329
9.790000000000001,0.1546068790125037,0.16912115494056146,-0.1612887866594544
9.795,-0.46973857612890274,0.11165614585799527,-0.10846606529768696
9.8,0.16940434816983602,0.05098991511743972,-0.05258299085353767
9.805,0.4635240834844931,-0.01116289078843999,0.004767931232748616
9.81,-0.30928287874116545,-0.07304431837483058,0.0619243376683916
9.815,-0.7775057602255586,-0.13290283646045103,0.1172831455816162
9.82,-0.1461762696033083,-0.18904291921764652,0.16932029312529012
9.825000000000001,0.32298629977551974,-0.23987307917345058,0.21655457546946225
9.83,-0.4126290394796121,-0.28395098924563084,0.2576154328555321
9.835,-0.803717020265529,-0.3200244143478004,0.2913507575830826
9.84,-0.1556858144684473,-0.3470667908331889,0.3168542974269793
9.845,0.2967835751859007,-0.36430644275786483,0.3333915876703078
9.85,-0.4776846154986163,-0.3712486033877204,0.3404736228548544
9.855,-0.8683125361783806,-0.36768961348797724,0.3379021282886311
9.86,-0.38998743195243213,-0.35372288898424503,0.32580225549857506
9.865,0.16157523486373127,-0.3297364833239147,0.3045136025569461
9.870000000000001,-0.4479774188457538,-0.2964023077136025,0.2746041298834407
9.875,-0.7111130115043278,-0.25465730863098324,0.2369298775169686
9.88,-0.14029176953718409,-0.20567712991803747,0.19259995246817774
9.885,0.31514269528910865,-0.15084299989829617,0.14285810628023224
9.89,-0.25507943290839163,-0.09170277627748827,0.0890771433902082
9.895,-0.4376209142479222,-0.02992724762602509,0.03278621821135068
9.9,0.14104607193906904,0.03273707471681589,-0.024360450343260762
9.905,0.6721968806412091,0.09451734027875375,-0.08078023959632784
9.91,0.015550334287529638,0.15366452209577205,-0.13491431033829823
9.915000000000001,-0.3785368660276706,0.2085029388269482,-0.1852055971625029
9.92,0.3562923460408775,0.25747773398948615,-0.230208771420383
9.925,0.7838839803833966,0.2991989668552254,-0.26865850491894755
9.93,0.28067348881871,0.33248106457717563,-0.29952019249503664
9.935,-0.17043168386304702,0.3563765156082634,-0.3219121351141666
9.94,0.2762275155597944,0.37020284676404924,-0.3351625476561703
9.945,0.8007332650884975,0.3735621157916941,-0.33891432161883184
9.950000000000001,0.4269063444459609,0.36635236269148774,-0.33310519283558576
9.955,-0.11645706235011816,0.348770690323965,-0.3178898723197113
9.96,0.25382193869668634,0.32130788159934903,-0.2936646752065922
9.965,0.889818038121874,0.2847347000898166,-0.2611342747471204
9.97,0.07379505392498559,0.2400802564474625,-0.22126563854648665
9.975,-0.341840067713411,0.18860304788050342,-0.1751758433164741
9.98,0.12905629427167534,0.1317554857628226,-0.12412794866681492
9.985,0.5967479109665974,0.07114291133225846,-0.06958759549503274
9.99,-0.11519850552718905,0.008478256121443697,-0.013141869268039175
9.995000000000001,-0.3433107320612415,-0.05446637219318932,0.04363374713210603
10.0,0.09853971766487422,-0.1159098099760922,0.09917359363396018
10.005,0.2060544201733891,-0.17411224613130505,0.15188605904415295
10.01,-0.37536193821953867,-0.22742449213062654,0.20024832893242617
10.015,-0.8336946899289246,-0.2743347181115407,0.24291280461467668
10.02,-0.3106314817638656,-0.31351133043830914,0.27870827761385447
10.025,0.18622625642838658,-0.34384077451893563,0.30660788539789274
10.03,-0.3844245037762456,-0.36445918957196494,0.325807403516453
10.035,-0.8446113010463652,-0.3747770154143405,0.33575834743528343
10.040000000000001,-0.29509981255737355,-0.37449585030645877,0.3362345018986206
10.045,0.19716803668323218,-0.3636170778240733,0.32722550492974556
10.05,-0.39271816477416677,-0.34244201344368264,0.30893110421970515
10.055,-0.7348662871643808,-0.3115635614472181,0.28190364871887025
10.06,-0.17045033155008843,-0.27184961308499367,0.24693728863990597
10.065,0.3169191398110397,-0.22441865087876903,0.20502559507394189
10.07,-0.3730907725081234,-0.17060824487109055,0.15730827034101857
10.075000000000001,-0.5606993255485209,-0.11193732827102443,0.10516165494700815
10.08,-0.016198021579466954,-0.050063316587465184,0.050097757271762404
10.085,0.3252326062047948,0.013264719035441836,-0.006341890598486624
10.09,0.11035277089180838,0.07625550113164715,-0.06259013843823741
10.095,-0.298946393984971,0.137126219682961,-0.11705404823294663
10.1,0.37198849135842704,0.1941529966490878,-0.16814035595460214
10.105,0.7632350807093509,0.24571971262631537,-0.21444166158834194
10.11,0.14516249919790422,0.2903638125163641,-0.2546750494029188
10.115,-0.29399811452570035,0.32681779178424186,-0.287699804870172
10.120000000000001,0.40386041937896566,0.35404518639179117,-0.3125340962281173
10.125,0.8903822415787122,0.3712700443915953,-0.3285001434689649
10.13,0.353643925500261,0.3779990410899914,-0.3352138120522662
10.135,-0.06834036036909935,0.37403560744665215,-0.3324476486223114
10.14,0.539677875237962,0.359485667103958,-0.32025746242895675
10.145,0.8717636065176668,0.3347548147513789,-0.2989939340898942
10.15,0.23524885158686154,0.3005370107166907,-0.26932147311717125
10.155,-0.12782642164459046,0.25779510688241974,-0.23205865170735787
10.16,0.24615081179221054,0.20773375045119746,-0.18823605556768278
10.165000000000001,0.5758314704987813,0.15176542816993865,-0.13909719485175806
10.17,0.07875818309554221,0.09147060824330915,-0.086076175534647
10.175,-0.49847634014163755,0.02855310479993857,-0.03066547824539958
10.18,0.08334870518136706,-0.03520807434199972,0.025603426199722088
10.185,0.3412634643284983,-0.0980090355941544,0.08112465819211016
10.19,-0.2255344819747585,-0.1580720403916817,0.1343002559778231
10.195,-0.6131271194199437,-0.21369583450016139,0.1836417925597176
10.200000000000001,-0.08463443707852539,-0.2633038408015656,0.22777675051439414
10.205,0.039609790431088254,-0.30548885020644145,0.26546146913649604
10.21,-0.4489500502024921,-0.33905294370596945,0.2955964499163289
10.215,-0.7020068238680195,-0.3630415128677231,0.31733740155473233
10.22,-0.1915141307752452,-0.3767704125101203,0.3301120950204981
10.225,0.10406160523019298,-0.3798454731682197,0.3335584625834591
10.23,-0.6366008712021902,-0.37217381681460127,0.3275546144835396
10.235,-0.826647845706534,-0.3539666510241887,0.3122722653338667
10.24,-0.33627678899592334,-0.32573345781926094,0.2882007143274518
10.245000000000001,0.22203215124582337,-0.288267736981533,0.25600368537196755
10.25,-0.2845357814250773,-0.2426247027780887,0.2165647226611436
10.255,-0.5955572969789061,-0.19009156104361583,0.17099632231098622
10.26,0.08856257568856482,-0.13215120393240756,0.12064236815644655
10.265,0.2755665860818177,-0.0704403464343831,0.06691994551851423
10.27,-0.11727956008493585,-0.006703286638909444,0.011314815148891245
10.275,-0.5541346067702646,0.057257403755940794,-0.04459498696704141
10.28,0.13536572751391554,0.1196318645973617,-0.0991820807478581
10.285,0.7451905552374404,0.17865416582763086,-0.15092462062672873
10.290000000000001,0.17628064274699598,0.23265230979134685,-0.19838568753405592
10.295,-0.32165904031779474,0.2800956013231923,-0.24022054860132655
10.3,0.37197111532246796,0.3196380434040055,-0.2752132123570218
10.305,0.7453207662830243,0.3501565279729629,-0.30238326759184525
10.31,0.31991370052777857,0.3707827381732105,-0.32102196670611316
10.315,-0.13605758099045195,0.3809278557535104,-0.33058161150311854
10.32,0.5490351011919168,0.38029937054158824,-0.3307571127140058
10.325000000000001,0.7710821447202433,0.3689095121061404,-0.32157030228206623
10.33,0.4117167643034364,0.34707506062633486,-0.3033140760896838
10.335,-0.25448393980327455,0.31540853788947465,-0.276509847587022
10.34,0.45911666879916213,0.2748010233384863,-0.24187821978681437
10.345,0.7972124251727571,0.22639707728313976,-0.20041246738974886
10.35,0.08989049160778635,0.17156247705423533,-0.15332846763526908
10.355,-0.2753285951582224,0.11184567567909556,-0.10195000904913067
10.36,0.30146598189627055,0.04893407081036455,-0.04768949300918979
10.365,0.3536446333247564,-0.015393680907771119,0.007897669521782509
10.370000000000001,-0.13586902345320828,-0.07931795629253624,0.06320338671785698
10.375,-0.48542928955104503,-0.1410296426867094,0.11668058272948117
10.38,-0.3326459417990534,-0.19878134318476628,0.1668562253693391
10.385,0.11070322415366635,-0.25093686054311715,0.21229397297013863
10.39,-0.475454494736949,-0.29601755830242227,0.2516743330697063
10.395,-0.8123643061232788,-0.33274428535302997,0.2838979410941242
10.4,-0.4469025604859735,-0.36007367511027777,0.30810267607256037
10.405,0.08823483503327623,-0.37722778911733146,0.3236005578367055
10.41,-0.45981260744299307,-0.3837162627829973,0.3299082687359093
10.415000000000001,-0.9823244644976179,-0.37935032278738473,0.32686895097231555
10.42,-0.22268388263545388,-0.3642482754631244,0.31461406175907736
10.425,0.14269198093571733,-0.3388323066884183,0.29347584139144944
10.43,-0.2924350869833865,-0.30381667968717063,0.2640307829329794
10.435,-0.8321637380158553,-0.26018766066252624,0.22713021175164705
10.44,-0.03622007592427784,-0.20917573649855026,0.18384449638914938
10.445,0.41916842919813974,-0.15222090721236253,0.1353907549871295
10.450000000000001,-0.0708315156668406,-0.09093203223533787,0.08312324627308049
10.455,-0.46980568890844193,-0.02704137837504444,0.028520942756457356
10.46,0.03840839277931059,0.03764434632948499,-0.026837075879294944
10.465,0.5965130409824917,0.10129508857451862,-0.0813869150464537
10.47,0.06567980023525176,0.16210923036250566,-0.13362820711702864
10.475,-0.23386212119083194,0.2183645889069089,-0.18206997939402947
10.48,0.32855558465528656,0.26846719201712566,-0.22531480149854258
10.485,0.7669824445242319,0.3109964474076905,-0.26213477765085175
10.49,0.046716561535162404,0.34474542580937095,-0.2915484328200517
10.495000000000001,-0.02222555127095599,0.3687551154775184,-0.31271918638648494
10.5,0.6952641973343403,0.3823416758109016,-0.32500378097896626
10.505,0.8788448704646274,0.38511591551285707,-0.32808070729999944
10.51,0.23809785790290483,0.3769944404602251,-0.32189959377005795
10.515,-0.27364081775612203,0.3582021519846743,-0.3066396355891733
10.52,0.43298073857628094,0.32926602095455526,-0.28269012803977955
10.525,0.8828096596665644,0.2910003099510609,-0.250749203079954
10.53,0.19066421060591632,0.24448365797172333,-0.21176168375509039
10.535,-0.32857479073816476,0.19102867261042822,-0.16682107679477828
10.540000000000001,0.05162376079825426,0.13214488702553362,-0.11715557681724038
10.545,0.5828403702750223,0.06949612719660524,-0.06419532898857404
10.55,-0.07009525522884408,0.004853493648138364,-0.009474481522660205
10.555,-0.43239086782674796,-0.05995471352026217,0.045464761214170944
10.56,0.010372061340252772,-0.12309471035609952,0.09911243962655863
10.565,0.36380527061172935,-0.18277912252805112,0.14992880344020312
10.57,-0.37573019729771395,-0.2373175878842398,0.19645677611170007
10.575000000000001,-0.8090285829624739,-0.2851646353288148,0.23738233570221431
10.58,-0.18371490671845125,-0.3249634837255043,0.2715994255836274
10.585,0.25471052911424913,-0.3555845194352986,0.2981350324397107
10.59,-0.6067297988730441,-0.37615736118195997,0.3161900992836484
10.595,-0.7522652475888272,-0.38609560198076504,0.32528142495990037
10.6,-0.32808020697523527,-0.38511352475027427,0.32519834451607554
10.605,0.24263531558766943,-0.3732343151091681,0.315925970896904
10.61,-0.6954010288074932,-0.35078953532568097,0.29770020626461435
10.615,-0.832110797650039,-0.3184098706352327,0.2710520162882356
10.620000000000001,-0.1358933423060447,-0.27700740617584274,0.23678102997332803
10.625,0.1384757668419868,-0.227749932618176,0.19585236778522944
10.63,-0.40807210188336873,-0.17202800439573834,0.14938170912810905
10.635,-0.658935604443484,-0.11141567987194373,0.09869845835964171
10.64,0.018489220964931996,-0.04762605199164108,0.045280142360903615
10.645,0.4174656910482057,0.017537174129019614,-0.009368341509150883
10.65,-0.11184850947157958,0.08223068781863115,-0.06374866836387107
10.655,-0.2466902441059269,0.14462372111486935,-0.11630720809842754
10.66,0.22122479525497868,0.2029498632200773,-0.16551261669265138
10.665000000000001,0.6979591397894349,0.2555570745420057,-0.20999458599179055
10.67,0.20029441880608567,0.30095448408112596,-0.2485319036371837
10.675,-0.3434303199792316,0.33785464440049545,-0.28003421750758895
10.68,0.5343128310730617,0.365210046451444,-0.30357117003197875
10.685,0.7745016161043661,0.38224285851885154,-0.318494159605503
10.69,0.13182165173769922,0.3884670449209454,-0.32443177724683053
10.695,-0.09364476601534483,0.3837022354458459,-0.3212078115757154
10.700000000000001,0.5836198819469985,0.36807894974332456,-0.308872154726245
10.705,0.7365291163941634,0.3420350254209808,-0.28780085192500654
10.71,0.20804983037245206,0.30630334750126403,-0.2586265422940615
10.715,-0.21465460275469495,0.26189122313604335,-0.22216619673311286
10.72,0.22014570561055022,0.2100519820768879,-0.17942573098904954
10.725,0.6013936838097669,0.15224960366135756,-0.13162227384312813
10.73,-0.15729090074733884,0.09011736875712406,-0.08014726896012479
10.735,-0.5441275052177891,0.025411704601595666,-0.02644882692451217
10.74,0.15101276051424137,-0.04003747302197192,0.027990697683997433
10.745000000000001,0.38827111955835714,-0.10437851619848784,0.08161915808018806
10.75,-0.24549743925930134,-0.1657904358834294,0.1328833211985773
10.755,-0.7914306564909281,-0.22253444497868352,0.18033905445299694
10.76,-0.24714819889552295,-0.2730031944094101,0.22268853336824948
10.765,0.060673574821128284,-0.315766307878783,0.25872814172463465
10.77,-0.6214193076386928,-0.349610925217241,0.2874069206540707
10.775,-0.8831926592392296,-0.3735761050359048,0.3079300420765822
10.78,-0.25513196512021297,-0.386980110769543,0.3197541647469499
10.785,-0.04515318202028512,-0.3894398052564892,0.32254424609362664
10.790000000000001,-0.5629698341711449,-0.380881602070521,0.3161833933115086
10.795,-0.7362363572945246,-0.36154366058667814,0.3008794495498469
10.8,-0.31525504928557596,-0.3319692594766107,0.2770950105053245
10.805,0.20661385947716154,-0.2929915329807281,0.245502131883168
10.81,-0.3849067613012774,-0.24570999882832242,0.20696110040537044
10.815,-0.7056003687981837,-0.19145953914993327,0.16257393432667602
10.82,-0.051675150601711684,-0.13177270956307988,0.11364326400735265
10.825000000000001,0.3148008866567621,-0.06833644075508762,0.06154369708113256
10.83,-0.18018602022860916,-0.0029443559710803217,0.007710760166124557
10.835,-0.4312721111171814,0.06255394767162302,-0.04632197561320319
10.84,0.2429668322800709,0.1263052197157444,-0.09898627606158063
10.845,0.524914262941241,0.18650499857731842,-0.14881993867765667
10.85,0.008920399241409527,0.24144869131466953,-0.19442645772346626
10.855,-0.3300298282830582,0.28957984487243343,-0.23452552157460183
10.86,0.514252962341729,0.3295342417084005,-0.26793367911798055
10.865,0.9033730856637634,0.3601785704195164,-0.29373737435691194
10.870000000000001,0.4054761795261682,0.38064257509578925,-0.31123652138641195
10.875,-0.23824939184761607,0.3903437713230762,-0.3199401255527827
10.88,0.6009737831428055,0.38900402682646634,-0.31956401659911354
10.885,0.8374426404219517,0.3766575347571523,-0.3101463732449552
10.89,0.15538296788756017,0.35364995107347186,-0.29199642687464833
10.895,-0.12095102072487457,0.32062871746537336,-0.26560320917266317
10.9,0.3562239922087884,0.27852484074643086,-0.23169948430188325
10.905,0.757590542696156,0.22852664152737204,-0.191238750317793
10.91,-0.006680216250420867,0.17204621244082985,-0.14542329207984792
10.915000000000001,-0.3402508816750099,0.11067953276555097,-0.09553623521712813
10.92,0.1354035550878785,0.046161366145502605,-0.04295358619777736
10.925,0.4488970246643281,-0.019683783883557588,0.01082338369712981
10.93,-0.19663360164596555,-0.0849932738608574,0.06423469451458891
10.935,-0.7120992865417062,-0.1479190163871386,0.11577120352607238
10.94,-0.022951340933066416,-0.20667978116658847,0.1640399089990013
10.945,0.20342063469269894,-0.2596116208386244,0.20765267098630788
10.950000000000001,-0.5864016027822945,-0.30521499393211293,0.24534445686448597
10.955,-0.8519226361439607,-0.34219725029704556,0.2760649309622495
10.96,-0.16448431000061126,-0.36950927519525534,0.2989879700622355
10.965,0.10061030997338555,-0.38637525317122373,0.3134525335749317
10.97,-0.5312488537341924,-0.39231470721909756,0.3190119533973677
10.975,-0.8866550460533292,-0.387156187118926,0.3155371084008203
10.98,-0.38756809234334055,-0.371042216961655,0.3031596496099885
10.985,0.17927657507192557,-0.34442535913959677,0.2822337987430113
10.99,-0.42520506095624344,-0.308055503452104,0.25331192953902587
10.995000000000001,-0.9482515746767461,-0.26295873835151135,0.21723688809075373
11.0,-0.2630137003990527,-0.2104083997006601,0.17506641581176574
11.005,0.29890876017753604,-0.15188911398178218,0.12798697458379596
11.01,0.005967313300619087,-0.08905485141054673,0.07728655385701583
11.015,-0.4362957180530928,-0.023682174242553325,0.024419961241749683
11.02,0.24973087535116878,0.042379998102022365,-0.029077846697765974
11.025,0.47649352342578255,0.10726268649706941,-0.08170853031711245
11.03,0.15649573745771506,0.16912973275701687,-0.132030649972883
11.035,-0.29349007168205676,0.22622976713347467,-0.17858786112244152
11.040000000000001,0.5477721067179679,0.27694579172592915,-0.22005503077410973
11.045,0.8501739967685554,0.31984097591117444,-0.2552526253299959
11.05,0.09403884095788256,0.3536993666903166,-0.2832348448491165
11.055,-0.04652528096466879,0.37756036038792923,-0.30321115260512127
11.06,0.5798027734030987,0.3907459583642205,-0.31457103816156984
11.065,1.0289323430212716,0.3928800333391158,-0.31701372260880106
11.07,0.3157272260017193,0.38389905881240227,-0.31050707786394816
11.075000000000001,-0.07470347631091556,0.3640539955099139,-0.2952451113624355
11.08,0.6137211210109148,0.33390327896262123,-0.27161839351739314
11.085,0.8261314878706298,0.29429710415480836,-0.24030636715019196
11.09,0.2780361204292968,0.2463534495323727,-0.20224758921585273
11.095,-0.2465336016987106,0.19142651656843204,-0.1585071223272724
11.1,0.16213037846456277,0.13106847591659762,-0.11028236733009662
11.105,0.6026144424287091,0.06698560085758547,-0.05895677506430708
11.11,-0.27264105680967543,0.0009900278856185547,-0.0060129623790642385
11.115,-0.4910797664259036,-0.06505149162348378,0.04704648556377525
11.120000000000001,-0.10123903733152312,-0.12927039919482228,0.09876818496715935
11.125,0.2643611132329805,-0.18984920249220164,0.14768362070657934
11.13,-0.3499450602842315,-0.245072917759581,0.19235377248988378
11.135,-0.8325303353631304,-0.29337762530457384,0.23154996244175538
11.14,-0.2207683352181602,-0.33339476317447536,0.26419829709957127
11.145,0.06552872112153785,-0.3639899044200312,0.2893719430636868
11.15,-0.5745947079412523,-0.3842949191265639,0.30632262372406216
11.155,-0.9227066261592844,-0.39373260931521353,0.31458111981421666
11.16,-0.44415013456586766,-0.3920331175982994,0.3139645877727064
11.165000000000001,0.13709259228805554,-0.37924164309529024,0.3044850787205786
11.17,-0.46557660950953106,-0.35571724400136223,0.2863683392498581
11.175,-0.8712344599505333,-0.3221227583932293,0.2601528284050664
11.18,-0.18447124409440713,-0.27940612622065425,0.22663249706705257
11.185,0.053329716166443136,-0.22877363885205446,0.18672350015900593
11.19,-0.3817059274885756,-0.17165587112790331,0.1415423944952991
11.195,-0.5199939831577371,-0.10966725815236865,0.09237876994613657
11.200000000000001,-0.13737221031600907,-0.044560459150291255,0.040643195597662496
11.205,0.48863584198626553,0.021823201471066388,-0.012187799352386347
11.21,0.08960409756726492,0.08760581437918008,-0.0646657503469749
11.215,-0.3832954178302219,0.15092601371565426,-0.11529613604608285
11.22,0.384455279451714,0.2099916504350389,-0.16261237444119508
11.225,0.772216614889408,0.26313051988990077,-0.20529230288683004
11.23,0.35804768468913284,0.3088377076693569,-0.2421584776433183
11.235,-0.2187683259119278,0.3458182130530382,-0.2721739462045306
11.24,0.4809296545198397,0.37302364276060873,-0.29444780172615204
11.245000000000001,0.9139898383503486,0.3896819351966383,-0.3083596958500142
11.25,0.18334877677765743,0.39531927237727765,-0.31357373178653386
11.255,-0.0892593587825175,0.38977355761107774,-0.30992844693882715
11.26,0.5586870304393025,0.3731990755458057,-0.297493627566058
11.265,0.7875654620036572,0.3460622006388602,-0.2766352885084515
11.27,0.23585518783665527,0.3091282734037066,-0.24799824444557994
11.275,-0.03698544506089013,0.26344001376060894,-0.21238208788703186
11.28,0.418457875417622,0.21028808040175917,-0.17076263374307676
11.285,0.7886642768576962,0.1511746074845718,-0.1243261125783639
11.290000000000001,0.07109005004723191,0.08777074889527343,-0.07442612499722973
11.295,-0.32895466793264505,0.021869430141792157,-0.022459724029121962
11.3,0.205927326215726,-0.04466535617259302,0.030134971201917972
11.305,0.5937805393271866,-0.1099512772280797,0.08185375065030027
11.31,-0.20116630130078988,-0.17214091760085,0.13119310470512463
11.315,-0.7007171906144803,-0.22947406063958078,0.17678644639676638
11.32,-0.1946320820661434,-0.2803275139296562,0.21737432564908585
11.325000000000001,0.20972285735176954,-0.3232610683438826,0.2518047596828236
11.33,-0.4854313664461334,-0.3570582892868024,0.2790662459609457
11.335,-0.9308245299297786,-0.38076098470172787,0.29841077361842955
11.34,-0.1765674258245053,-0.39369637310209776,0.3093282370407714
11.345,0.01377241108022531,-0.39549618126206765,0.31150368578030574
11.35,-0.2248384099983748,-0.3861071294202474,0.30484596646258116
11.355,-0.8893024120851705,-0.3657925054607251,0.28956681554041386
11.36,-0.04359705286728571,-0.3351247816461009,0.26612839191974935
11.365,0.2120595870459016,-0.2949694809545163,0.23518893564776605
11.370000000000001,-0.32489965617768574,-0.24646074774330412,0.19759356641886808
11.375,-0.6435970373499191,-0.1909693123151105,0.15441874543295905
11.38,-0.12225376587940695,-0.13006375434917158,0.10693173027545574
11.385,0.6539763475700083,-0.06546615998040999,0.05647172194762756
11.39,-0.31052133770927565,0.0009965738142783671,0.0044075315395352786
11.395,-0.42142243421400843,0.0674444104329764,-0.04775074440437184
11.4,0.3217118109886567,0.13199735889668607,-0.09850540779419761
11.405,0.7045144584567216,0.19282866841767454,-0.146420568599756
11.41,0.2177676650571812,0.2482165270150831,-0.1901980230822694
11.415000000000001,-0.1643435037494581,0.2965928009408052,-0.22858064508048279
11.42,0.4449675386496789,0.33658743513222694,-0.26044588814301406
11.425,0.8034134509110189,0.36706725742632107,-0.284919005224721
11.43,0.17964420325658592,0.38716808739183745,-0.30134457665525993
11.435,-0.15515404073249606,0.3963192398941774,-0.3092516101751
11.44,0.3317651765837537,0.39425972855167046,-0.3083846517359317
11.445,0.7073286703328371,0.3810457089906911,-0.298777420923192
11.450000000000001,0.11362827967595104,0.3570489496207585,-0.28075858993391206
11.455,-0.1602171634239301,0.3229463715184791,-0.25482026135291413
11.46,0.30887511100560583,0.27970095174751636,-0.22167463906955778
11.465,0.5641065692082742,0.2285345288974511,-0.18226600970756757
11.47,0.1300621778599309,0.1708932788780512,-0.1377535124586174
11.475,-0.19405798020874415,0.10840683656605239,-0.08938639658266628
11.48,0.1463006408190232,0.042842218890696546,-0.03849868522618764
11.485,0.22545077121477702,-0.023946147736273248,0.013460027029197586
11.49,-0.35136662002212443,-0.09006888226604064,0.0649801373334692
11.495000000000001,-0.6759525538638749,-0.1536551022573746,0.11461396238094149
11.5,-0.10092031124786946,-0.21290536312868397,0.16099828279786987
11.505,0.10129539396829867,-0.26614258530430046,0.20281758831946375
11.51,-0.38823821053928026,-0.3118595278189025,0.23884588328194625
11.515,-0.9904845779738679,-0.34876146442284106,0.26808230849125986
11.52,-0.21878964493538178,-0.3758028537591905,0.2897579352618442
11.525,0.045494427974723695,-0.3922169649330435,0.3032278580807572
11.53,-0.5282542955046312,-0.3975376189652675,0.3080840111360249
11.535,-0.7348299102383578,-0.39161242958646225,0.30421820609341793
11.540000000000001,-0.19618585177157283,-0.3746071672748237,0.2917892706434386
11.545,0.1803365911629986,-0.3470011215733544,0.2711235152788162
11.55,-0.5369891263529937,-0.30957359143130503,0.2427791273475953
11.555,-0.7183542429498316,-0.2633818843944548,0.20756366185775033
11.56,-0.06170537548628163,-0.20973144581268022,0.16652625189501424
11.565,0.20857214959550718,-0.15013896203734,0.12082172277165987
11.57,-0.23167867152011207,-0.08628948053744313,0.07170552928063469
11.575000000000001,-0.4489436661259777,-0.019988759338433262,0.020588671905926267
11.58,0.1233186926370271,0.04688780662161032,-0.031059875790361978
11.585,0.5546743748585932,0.11244823754559946,-0.08178143820441723
11.59,0.0031947287962337256,0.17483749835851078,-0.13018042521043377
11.595,-0.247051728997147,0.23228999118777327,-0.17488643816865715
11.6,0.5105001991314837,0.28317952522985207,-0.21458351072543302
11.605,0.8044879324107657,0.32606534964681544,-0.24817886743052173
11.61,0.04035890081831556,0.3597329463295122,-0.2747592080152527
11.615,-0.12969208540589278,0.3832284274511088,-0.2935749175384446
11.620000000000001,0.5501286011879631,0.3958855635312566,-0.3040416960991856
11.625,1.0585420645308954,0.39734467612517377,-0.30589737401173084
11.63,0.22007301515768643,0.3875628593503367,-0.29912437689592797
11.635,-0.20962675049340457,0.36681523975721425,-0.28390914753679475
11.64,0.4965501909916405,0.3356872376004951,-0.260651490135463
11.645,0.7019540623729905,0.29505804719916734,-0.23002914195420443
11.65,0.248935803352784,0.24607580258144252,-0.19294375141950895
11.655,-0.2271646742776767,0.19012512996109246,-0.1504365249991694
11.66,0.3844657506665544,0.12878800412237026,-0.10367747758460273
11.665000000000001,0.4541004759409102,0.06379901539930848,-0.053998248340250875
11.67,-0.12013481494450011,-0.0030036877471318773,-0.002857570816629601
11.675,-0.5915677957480088,-0.0697303930088981,0.04832286881536336
11.68,0.06597488824845635,-0.1344932845298258,0.09812917780981238
11.685,0.34670058759336053,-0.19545985670356622,0.14514415499327477
11.69,-0.42211093985025605,-0.25090477006469747,0.18799557030950548
11.695,-0.7935584791822634,-0.2992586817516953,0.22549202866874962
11.700000000000001,-0.24087505380801705,-0.3391526684389881,0.2566184089726328
11.705,0.21845097261446694,-0.36945698417606215,0.28047787683523134
11.71,-0.497297198965896,-0.3893130557149314,0.29635952503799656
11.715,-0.8500148175135567,-0.39815780912641124,0.3038370940569397
11.72,-0.36751656802932997,-0.3957396383922861,0.30274161534391236
11.725,0.10998622410842795,-0.3821255630809782,0.29310436118873073
11.73,-0.41019603148368283,-0.35769937148016046,0.2751654655924099
11.735,-0.7495710516869825,-0.32315080061849794,0.24943226799378468
11.74,-0.20656196853140182,-0.2794560582433897,0.21668974537677638
11.745000000000001,0.2894032268848794,-0.22785023685422537,0.17785561317656864
11.75,-0.3288330038156107,-0.16979239938584995,0.13398876223745745
11.755,-0.623301146706533,-0.10692432359880565,0.08634545574533115
11.76,-0.10151883531593262,-0.041024071787606184,0.03631685540586455
11.765,0.3462219939527139,0.026044301019050444,-0.014677818915458966
11.77,-0.018427344653243458,0.09238347777196083,-0.06525847581122537
11.775,-0.34478319020187176,0.15611655725885054,-0.11396567888288818
11.78,0.4137735516854961,0.21544016036514232,-0.15940473119454515
11.785,0.8307171911087583,0.26867546200134,-0.20029172594418604
11.790000000000001,0.40323599431635104,0.31431570448990276,-0.23551468530854966
11.795,-0.23814030549886434,0.35106884760805046,-0.26406939540943986
11.8,0.49569424050529787,0.37789414795267073,-0.2851151169588613
11.805,0.914237509247353,0.39403163194222,-0.29807165886379633
11.81,0.32551629936847826,0.3990236277454357,-0.30261199584498977
11.815,-0.07010268974699252,0.3927277460431814,-0.29859983820689784
11.82,0.42266814503125927,0.3753209414337325,-0.2861249308772787
11.825000000000001,0.8609172186750146,0.34729453864005344,-0.26555208523163426
11.83,0.1722570124653502,0.30944036332965585,-0.2375188168563888
11.835,-0.3759758730769678,0.2628283690793858,-0.20278900811913328
11.84,0.4980252475318132,0.208776392685352,-0.1623283904937923
11.845,0.5827061119783808,0.14881289282003826,-0.11728683849839276
11.85,0.11384020140077426,0.08463372566848833,-0.06898410908946323
11.855,-0.4340299409745729,0.01805418000928956,-0.0187795023567035
11.86,0.028038971813583405,-0.04904237153621245,0.03195315409696402
11.865,0.42821622479219723,-0.11475775248422307,0.08176645334164741
11.870000000000001,-0.428987551197055,-0.17723268631305134,0.1292033376918776
11.875,-0.667405908237981,-0.23469940461308228,0.17293645557553247
11.88,-0.10655983532271185,-0.28553167090749804,0.21177392830722203
11.885,0.19651785222850632,-0.32829080448012565,0.24461767265041087
11.89,-0.4095822700645048,-0.3617664016041101,0.2705006661620332
11.895,-0.9823648886014509,-0.3850106014926836,0.2887020414347433
11.9,-0.4086965059405764,-0.3973649268511852,0.29875532685346007
11.905,0.050621768346040874,-0.3984789389350346,0.3003649889572573
11.91,-0.49717331444647916,-0.3883201785705017,0.2934569645042183
11.915000000000001,-1.0202516619947724,-0.3671751111229342,0.2782410390171305
11.92,-0.37129431401187174,-0.3356410479257379,0.2551937337104395
11.925,0.24695478142486021,-0.29460927201103,0.2249552687700696
11.93,-0.3542930057740732,-0.24523984488386388,0.1883519773885302
11.935,-0.9628934859073542,-0.1889288065127822,0.14643194924564223
11.94,0.10697758187559286,-0.12726869600684312,0.10041670354047343
11.945,0.4288802365250464,-0.06200350951834726,0.051612797667142024
11.950000000000001,-0.17874173710084806,0.005020630599277771,0.0013560473355843567
11.955,-0.31594897706801794,0.07190769989895013,-0.0489244983324323
11.96,0.3456562695922003,0.13676541176069829,-0.09775520491553805
11.965,0.5628326776300188,0.19775875550309518,-0.1437853453533496
11.97,0.2223519783677168,0.2531619178322864,-0.18573340225579052
11.975,-0.08769487835606382,0.3014071184110756,-0.2224160265783653
11.98,0.5607395329273153,0.3411289775435524,-0.2527711553495813
11.985,0.7020592262020797,0.3712031602957033,-0.27594129417218205
11.99,0.2532279487974578,0.39077820323763635,-0.2913149787874653
11.995000000000001,-0.05198951451581907,0.39929962282118886,-0.29845709443564616
12.0,0.5761929418752512,0.39652562274179015,-0.2971323762613422
12.005,0.9593443475226482,0.3825339553002728,-0.2873963436565771
12.01,0.3025065593479368,0.3577197420539102,-0.26956296665393986
12.015,-0.27843564511115604,0.32278431484521586,-0.24412858111508273
12.02,0.3574525264966414,0.2787153923838597,-0.21178371952423214
12.025,0.67475695370977,0.22675915274123284,-0.17345427751364617
12.030000000000001,-0.2239163820427954,0.16838499146014507,-0.13026813133370269
12.035,-0.47749074599545455,0.10524396199296655,-0.08344716198548152
12.040000000000001,0.06775769904531559,0.039122074001424145,-0.034265291821339604
12.045,0.5697832731401758,-0.0281102293824067,0.015866621399639413
12.05,-0.20611967910164736,-0.0945509860413758,0.0654879417773312
12.055,-0.6978500885107104,-0.15832052405761665,0.11321160863067824
12.06,-0.13560791565503733,-0.21761464315080206,0.15773543622577885
12.065,0.26811096220620695,-0.27075566360591835,0.19777553705188244
12.07,-0.4189386291338404,-0.3162398981866963,0.2321700712122003
12.075000000000001,-0.914203211809663,-0.3527802036683587,0.25995615074214523
12.08,-0.30690950438019354,-0.37934240777907713,0.28040680985817207
12.085,0.025989096240911835,-0.3951745805757248,0.2929243670139783
12.09,-0.5127021138279022,-0.3998283216974714,0.29712894442532817
12.095,-0.8720730221968445,-0.39317146081328164,0.29290881354269577
12.1,-0.23899684907124594,-0.3753918115158707,0.28042922038720786
12.105,0.12910277923976354,-0.3469918720420254,0.26004689842641737
12.11,-0.11107428835198435,-0.3087746223547026,0.23230803152627874
12.115,-0.8842241476180219,-0.2618208190578654,0.19799521872551026
12.120000000000001,-0.2105484784090882,-0.20745843020126808,0.15813721606478184
12.125,0.24761691580409423,-0.14722507446131794,0.11384461854490371
12.13,-0.1912554685721372,-0.0828245271602439,0.06634141152834166
12.135,-0.5612667935652965,-0.016078523506897556,0.016969787106638014
12.14,0.01066493980824465,0.05112477744483057,-0.03281442413386326
12.145,0.7046636484820944,0.11688421008794236,-0.08162812956812905
12.15,0.04745178270651265,0.1793393894889334,-0.12812139371361786
12.155000000000001,-0.23883789792981405,0.23672334671184495,-0.1709871725759168
12.16,0.4603805733055196,0.28741252294249525,-0.20895916530871292
12.165000000000001,0.7024334103284016,0.32997270779757404,-0.24097962097059
12.17,0.21249588331227423,0.36319962191499244,-0.2661940394519057
12.175,-0.18504300251938827,0.38615299541934617,-0.28387669054511555
12.18,0.5438236113002206,0.3981831778536363,-0.29349559616871773
12.185,0.9357075154050305,0.39894952645946424,-0.2947918651087453
12.19,0.2947158194918613,0.3884300522955124,-0.2877867404477351
12.195,-0.09702839587470857,0.3669220510263397,-0.272659440416743
12.200000000000001,0.5373845552969237,0.3350337002918861,-0.24980246573883108
12.205,0.6822866581863507,0.29366686116508883,-0.21988000027890822
12.21,0.22673949597329163,0.2439915700881489,-0.1837859675234964
12.215,-0.3707929188676383,0.18741294280423607,-0.1425358191128314
12.22,0.27351144005152095,0.12553142651773627,-0.0972475149428046
12.225,0.66702071247815,0.06009752474605645,-0.049232176627840483
12.23,-0.1472284000080654,-0.007037724257592726,0.00012156869921386889
12.235,-0.5075975466609799,-0.07397511445426909,0.04942308710485178
12.24,-0.11538668741534983,-0.13882100275006265,0.09731563541699255
12.245000000000001,0.35870212445231303,-0.19974088330131984,0.14244009151136725
12.25,-0.3196250849592217,-0.2550112895869504,0.18347940015705697
12.255,-0.743936188841757,-0.3030685557303609,0.21929638166100393
12.26,-0.1042848548132082,-0.34255305739663067,0.24891570931618995
12.265,0.18936706891807314,-0.3723476804726625,0.2714828269094865
12.27,-0.49967520381956154,-0.3916094290423553,0.2863366894520885
12.275,-0.7598296387390556,-0.3997932782740582,0.2930652289275164
12.280000000000001,-0.2209914178468577,-0.3966675972519882,0.2915318001540659
12.285,0.04752150745495326,-0.3823207052984986,0.2817648044818232
12.290000000000001,-0.6224726944927015,-0.357158376201261,0.26401304332803294
12.295,-0.8883178545330574,-0.3218923608800466,0.2387946795957131
12.3,-0.19402354521894846,-0.27752025315469536,0.2068736874370795
12.305,0.343505358892532,-0.22529726821842552,0.1691348254324777
12.31,-0.20794826138300682,-0.16670073224735837,0.12661077765561815
12.315,-0.43630338843620253,-0.10338828781391479,0.08052286046949626
12.32,0.05286736527703165,-0.03715099758157628,0.032212657116026236
12.325000000000001,0.5488994635957096,0.030137326888286287,-0.016969887383142257
12.33,-0.07144315918154114,0.0965731375772929,-0.06566440302492962
12.335,-0.2246069687840423,0.16027700381238397,-0.11248201902382793
12.34,0.32102718631560445,0.2194467837370863,-0.15606261678966332
12.345,0.6109634618723065,0.2724086090660319,-0.19518216592937168
12.35,0.12830694412250881,0.31766424060975784,-0.22878360415831422
12.355,-0.2728944103023982,0.3539334547455079,-0.25590347476280345
12.36,0.6245977397217686,0.38019026160872565,-0.2757485629154623
12.365,0.8215518377297863,0.3956919303093196,-0.28776471041964646
12.370000000000001,0.2838810030265087,0.4,-0.29166220992248915
12.375,-0.06558418329725468,0.3929926823802121,-0.28732221667559826
12.38,0.23926513251645076,0.3748683047932392,-0.27483100504955854
12.385,0.8413653813088968,0.34613969657295796,-0.25458005609815415
12.39,0.24572387228599177,0.3076196775480454,-0.22715587869059667
12.395,-0.11745477318192121,0.26039805936385885,-0.19334274618481717
12.4,0.2691101410111819,0.20581081041248975,-0.1540713301202301
12.405000000000001,0.7008220801826734,0.14540225687556838,-0.11044598143112204
12.41,-0.19040079080031108,0.08088138940769507,-0.06374451742090605
12.415000000000001,-0.4586471636175514,0.01407351174806246,-0.015291740231469104
12.42,-0.02110853797105547,-0.053131400675824475,0.033586087866733214
12.425,0.45491605158213155,-0.11883217102231436,0.08148595806437908
12.43,-0.32138727325001387,-0.18117020733577271,0.12703189488384214
12.435,-0.7490059382765876,-0.23838208310464346,0.16894072345823785
12.44,-0.12764873689778586,-0.28884942445125644,0.2060717857189661
12.445,0.2046920230402393,-0.3311446925607548,0.2373569624719386
12.450000000000001,-0.46923254547010296,-0.36407156612206815,0.26188795238323836
12.455,-1.0126563353512976,-0.38669878136590996,0.27898383605030463
12.46,-0.3057268287975148,-0.39838647241711783,0.2882064630595316
12.465,0.03950797175927717,-0.39880426689253917,0.289284943183626
12.47,-0.43401473890050246,-0.38794062496624654,0.2821576522419947
12.475,-0.942562548613323,-0.36610315788911596,0.26703980741468253
12.48,-0.38365876259315157,-0.33390991717905694,0.24441137321193113
12.485,0.02183698203218648,-0.2922719011692146,0.21489768573059448
12.49,-0.36533318756137717,-0.2423672740862266,0.17930235504640618
12.495000000000001,-0.774717741610599,-0.18560802729739895,0.1386513351614686
12.5,-0.0001677517769175657,-0.12360002618166177,0.09413145989217134
12.505,0.42850834527654613,-0.05809757319441694,0.04699838076019916
12.51,-0.03609929424717051,0.009046227183026908,-0.0014695778823517367
12.515,-0.5213180786896852,0.07593189717996938,-0.049871042489197284
12.52,0.31384915964314025,0.1406673247320933,-0.09680211880621875
12.525,0.9357095211423603,0.2014212922872611,-0.14095141252600998
12.530000000000001,0.30352714642713385,0.25647528097069544,-0.1811102445407164
12.535,-0.13062726342393788,0.3042720845074351,-0.21613261592320815
12.540000000000001,0.4665479196699006,0.34345985761441944,-0.24499238239435622
12.545,0.826462745560582,0.372930352798746,-0.26689492327594416
12.55,0.13188226271424053,0.391850263973617,-0.2812658025784858
12.555,-0.21458949470128869,0.3996847903751067,-0.28768811368445885
12.56,0.403779662799564,0.39621275440999326,-0.2859376217730794
12.565,0.9070441033336735,0.38153284605725424,-0.27609325601962525
12.57,0.38227814627839835,0.356060817520841,-0.258478241665016
12.575000000000001,-0.09874879292296662,0.32051770788417705,-0.23358117061884653
12.58,0.36433236358764115,0.2759094313021535,-0.2020645867682266
12.585,0.7324500206359821,0.2234983066037836,-0.16484312372297452
12.59,0.09472834834335536,0.164767334155045,-0.12301885629168174
12.595,-0.4938520028078215,0.10137823099651598,-0.07774731458706242
12.6,0.30792359689856597,0.03512441182095338,-0.030273776544464802
12.605,0.5241533144947084,-0.03211975370257799,0.01802780001974246
12.61,-0.3118017485399692,-0.09845197146270537,0.06576022555695107
12.615,-0.6537721654879405,-0.1619958408414477,0.11158537914952697
12.620000000000001,-0.07103637678755201,-0.2209539373928635,0.15425334497828486
12.625,0.17056272566795244,-0.27365865848472665,0.19254574893963464
12.63,-0.4127705129000193,-0.31861939349306984,0.22533699342414676
12.635,-0.7816307958327882,-0.3545646842034395,0.25172099455535846
12.64,-0.169565809543584,-0.3804781828849889,0.2709995505721975
12.645,0.12186680949400075,-0.3956273910489576,0.28261260059786286
12.65,-0.4001196171679915,-0.3995843662141235,0.2862073239277882
12.655000000000001,-0.8724809941361611,-0.3922378112937779,0.28168330242494005
12.66,-0.22762331459898924,-0.37379620506189387,0.26921759443561116
12.665000000000001,0.18012022646184062,-0.34478188564798024,0.2491775259819623
12.67,-0.43880485058222063,-0.3060162549786976,0.22206376042138243
12.675,-0.7815403013659341,-0.2585965232868778,0.18868264049313366
12.68,0.005454612344369558,-0.2038646521376271,0.1500121060493744
12.685,0.39742874463736644,-0.1433693751059009,0.10713455310102755
12.69,-0.2281397698092505,-0.07882237103728261,0.06123676715314781
12.695,-0.39299207259780156,-0.012049830195279027,0.013630670016277595
12.700000000000001,0.27438216919657726,0.055059216132890124,-0.03431202000753023
12.705,0.6478837350245414,0.12060634051787598,-0.0812335959883489
12.71,0.07836141534175192,0.18273742659348488,-0.1258530960062311
12.715,-0.2707487645098845,0.2396951190993749,-0.1668911397298367
12.72,0.271056151524942,0.28986853294537346,-0.20315593386324726
12.725,0.8681132614146174,0.3318388151302985,-0.23364561604590717
12.73,0.33820188823283115,0.3644192707779409,-0.2575309805871605
12.735,-0.32169640699633867,0.38668891843655145,-0.2741351518844156
12.74,0.47731005851667035,0.3980185257700341,-0.28293964750193057
12.745000000000001,0.8266685951887216,0.3980883895844085,-0.2837358781681386
12.75,0.2868082794476364,0.38689735775866446,-0.2765168575717828
12.755,0.03846703059015222,0.36476283847317326,-0.2615054930925346
12.76,0.5471460910507092,0.33231179713827935,-0.23909159833419844
12.765,0.7385409827625692,0.2904629964050852,-0.20991904856142174
12.77,-0.014549502073672893,0.2404009823748619,-0.1748506039460094
12.775,-0.5969924189943573,0.18354255360436847,-0.13487639317497635
12.780000000000001,0.2560715540689188,0.12149666212760808,-0.09109034063175883
12.785,0.5330856716160874,0.056018881463144835,-0.04474255320454629
12.790000000000001,-0.2778313765427379,-0.011038269799711837,0.0028100980673931497
12.795,-0.6536262865610267,-0.0777777430900854,0.05024410734796697
12.8,0.16627201988624102,-0.14231163050348555,0.09624221182874981
12.805,0.339678826975475,-0.2028145724893932,0.13950302122713157
12.81,-0.21414125174705514,-0.25757539162313875,0.17876241109497681
12.815,-0.7416074250589253,-0.30504549181937796,0.21293171473064457
12.82,-0.13215711281168382,-0.3438826539788524,0.2410726944171105
12.825000000000001,0.06287418009803153,-0.37298898942019676,0.2623972300268442
12.83,-0.5861104360559413,-0.3915419778422353,0.2762555348018116
12.835,-0.8611641054832562,-0.39901771230794564,0.28227720754845664
12.84,-0.18367854380036105,-0.3952056942964288,0.2803457909873172
12.845,0.16700883803650068,-0.3802147609930222,0.27049939857606486
12.85,-0.32589465827894326,-0.35446997791162355,0.252983233406136
12.855,-1.0396586851416219,-0.3187005855672893,0.22830969396202777
12.86,-0.21203176943967889,-0.27391934200813667,0.19722907920938143
12.865,0.384319276148416,-0.22139384641288684,0.16060605785569407
12.870000000000001,-0.2893180017858574,-0.1626106557783779,0.1194370311509451
12.875,-0.49473770645427007,-0.09923321054388562,0.07491522194077145
12.88,0.20749241718977968,-0.03305476006211721,0.028316622878224843
12.885,0.46316140801555433,0.03405237982184752,-0.0190344909127391
12.89,-0.05132137949960508,0.10018980117625875,-0.0658366335133757
12.895,-0.3116772643366881,0.1634867114561566,-0.11076081117597701
12.9,0.4338070501361715,0.222152854532116,-0.15249088695310686
12.905000000000001,0.7572455873241233,0.27452914815940865,-0.18987020696064885
12.91,0.2772456601448916,0.31913460552543227,-0.22187907949961347
12.915000000000001,-0.1943004792169435,0.35470821378487216,-0.24759859202102527
12.92,0.5903218670956101,0.38024458530004274,-0.2662850641712814
12.925,0.8114199839535354,0.39502237360399994,-0.2774063539668323
12.93,0.4025691347495541,0.39862465090454663,-0.2807040194791705
12.935,-0.16220200140856483,0.3909506714514606,-0.2760729614962525
12.94,0.5231562223403631,0.3722186888568989,-0.2636166205099793
12.945,0.8444234398680421,0.3429597485924837,-0.24370370190153473
12.950000000000001,0.2587720346472058,0.30400263222220547,-0.21693010263218818
12.955,-0.23973090011817078,0.2564503802439748,-0.1840585598362176
12.96,0.2718882288033165,0.20164905862254023,-0.14597768841642728
12.965,0.6823280583916858,0.1411496534642226,-0.10378090553800318
12.97,0.10005617566537117,0.07666417260488184,-0.05871370564088323
12.975,-0.3240669325910652,0.010017196661266796,-0.012020073613137939
12.98,-0.11060942457732936,-0.056905749297093855,0.03500062233826
12.985,0.3371735849159988,-0.12221154250050602,0.08101475505562594
12.99,-0.28436170654815335,-0.1840530182446208,0.1246801069645771
12.995000000000001,-0.7364155464376595,-0.24068121951289442,0.1647684036572388
13.0,-0.23184670648568184,-0.2904948624229751,0.20019949913048832
13.005,0.14557175527301475,-0.3320856183989135,0.22996376524546827
13.01,-0.5611967434991716,-0.36427793248174134,0.2531733766186485
13.015,-0.7832382830288247,-0.3861622519181457,0.26920137673188854
13.02,-0.34745287844206646,-0.39712072572960394,0.27762637115485883
13.025,-0.012809801060815473,-0.39684464908015876,0.2782076816148352
13.030000000000001,-0.6320815031996454,-0.3853431598971498,0.27089195238234226
13.035,-0.7939043868266162,-0.3629429427432272,0.25590827471770494
13.040000000000001,-0.3746084511229006,-0.330278949384198,0.233727323498962
13.045,0.10303141229617985,-0.2882763996461021,0.20496386597011967
13.05,-0.5449197900999234,-0.2381245728153279,0.1703981448089656
13.055,-0.821364407894086,-0.1812431320311933,0.1310351199168236
13.06,0.1421461564993418,-0.11924193528024306,0.0880074517793118
13.065,0.487708598236822,-0.053875470759050664,0.042542005511736564
13.07,-0.29275493997378643,0.013006793685853474,-0.004122310529010155
13.075000000000001,-0.49300340843186713,0.07951274189499753,-0.05064905195199425
13.08,0.3420950459507953,0.1437611406972821,-0.09569000720719044
13.085,0.6997891363642194,0.20393485659939117,-0.1379862782965556
13.09,0.056989749650073085,0.25833225238014346,-0.17636824084244113
13.095,-0.2089901701552151,0.30541530978894943,-0.2097503996150808
13.1,0.35330286989630383,0.34385311735625673,-0.23715639860170673
13.105,0.8789880942750401,0.37255949362544966,-0.25782724590973244
13.11,0.34216640247723884,0.39072368218888354,-0.2712087903861907
13.115,-0.01741803118419183,0.3978332510568048,-0.27692423603624367
13.120000000000001,0.5408574918452016,0.3936885495484175,-0.2747792669805874
13.125,0.8676432859717148,0.3784083148267352,-0.26486001670014575
13.13,0.3176412867084456,0.35242627063876264,-0.24748603119544021
13.135,-0.12587271008394557,0.3164788156835472,-0.2231322706659001
13.14,0.43257011687204705,0.27158415110120726,-0.1924691980895617
13.145,0.8015157469792749,0.2190134387254503,-0.1563679439949755
13.15,0.13420867660776936,0.16025480711890952,-0.11589374869334186
13.155000000000001,-0.3753535242363938,0.09697122464412346,-0.07218099429898749
13.16,0.24423632236582582,0.030953432189721963,-0.026431214456094
13.165000000000001,0.38140538888154835,-0.03593073222458474,0.020042447818870886
13.17,-0.040356268925358124,-0.10178918284799116,0.06589169496650049
13.175,-0.588201479094066,-0.1647591141826079,0.10983678414569391
13.18,-0.2314369991314672,-0.22305969314059437,0.15066956662576791
13.185,0.364101490636853,-0.2750424248241807,0.18722689373061943
13.19,-0.49563734495617234,-0.31923776740291276,0.21843334385545443
13.195,-0.9537292864007614,-0.3543966778817695,0.24343323941493747
13.200000000000001,-0.16999853249378896,-0.3795259141508056,0.2615519158967163
13.205,0.15140870366958464,-0.3939160955163316,0.2722832292543261
13.21,-0.3764755781125193,-0.3971617289248975,0.2752728840691513
13.215,-0.9307134577038769,-0.3891726355042809,0.2704679095051147
13.22,-0.17785985429281395,-0.37017645541908206,0.2580464833715271
13.225,0.018800974241455493,-0.3407121614873135,0.23834864460740637
13.23,-0.5273585735338888,-0.3016147663833161,0.21189957772276008
13.235,-0.7901046940812811,-0.2539916573649108,0.17946396981948
13.24,0.07956091537524898,-0.19919122926130164,0.14199962412386835
13.245000000000001,0.27802698029133754,-0.13876470424605927,0.10056300000180936
13.25,-0.2899727109324215,-0.0744222195356044,0.056284772382202794
13.255,-0.6796989664375843,-0.007984426155669393,0.01043897018650254
13.26,0.10567177894811675,0.058669031275851116,-0.03566303892091409
13.265,0.742574773896881,0.123652695772922,-0.08070447186027413
13.27,0.07488916905959649,0.1851286354658257,-0.12345659736111474
13.275,-0.20646982284740664,0.2413584284130272,-0.1626972073072781
13.280000000000001,0.25025099004268087,0.2907523243059776,-0.19729103192375708
13.285,0.8418837409047168,0.33191419273020917,-0.22626473985037426
13.290000000000001,0.36860138420425076,0.3636809870623052,-0.24884744065903944
13.295,-0.11801148535636519,0.3851556084377895,-0.2643883421052243
13.3,0.5583391597701582,0.39573224111593963,-0.2724161998513275
13.305,0.8567583201934079,0.39511344370246165,-0.27272905254913965
13.31,0.3311627590651757,0.3833185140354882,-0.2653519959188397
13.315,-0.15670230471907776,0.36068289248960705,-0.2504811582058587
13.32,0.25535571042407945,0.32784862201741966,-0.22852444034853767
13.325000000000001,0.7895311499722313,0.2857461362543287,-0.20010238116438298
13.33,-0.007820056040228923,0.2355678923007142,-0.16606976551942765
13.335,-0.3517538635640616,0.17873459542939132,-0.127378255138758
13.34,0.17694149728173914,0.11685497242140304,-0.08508771319454084
13.345,0.4371966519228695,0.05168023258806201,-0.04040757555249986
13.35,-0.03417994583139781,-0.014945494363191293,0.0053656222863319985
13.355,-0.4304098434527527,-0.08113734085855087,0.050932539370426036
13.36,-0.09866786497290801,-0.14502302772325842,0.09504936918430751
13.365,0.21982531711171593,-0.20479582541391556,0.13646100399881597
13.370000000000001,-0.3474329769192228,-0.2587656520265691,0.1739709198884373
13.375,-0.5665995428093181,-0.3054068628551627,0.2065231410977351
13.38,-0.2984317818227659,-0.3434013801141982,0.23322918595830866
13.385,0.2703053734890084,-0.3716759434977084,0.25333369990435256
13.39,-0.4861518558323838,-0.38943242877767664,0.2662441412917663
13.395,-0.7944882650094327,-0.3961703779309178,0.27160103299687016
13.4,-0.302201757176112,-0.3917011047692297,0.2692984021418107
13.405000000000001,0.22580249026017346,-0.3761529784872621,0.25939764517467107
13.41,-0.35894518846583684,-0.34996773718998186,0.2421412313481472
13.415000000000001,-0.9204888513997324,-0.31388793725076525,0.21803370601865726
13.42,-0.2601208400872346,-0.26893589510091,0.18780851387603964
13.425,0.21749923626394652,-0.21638471866937548,0.1523074361650307
13.43,-0.3023927181506816,-0.15772224937114196,0.11250484331497583
13.435,-0.45919993173211465,-0.09460893595782766,0.06953024893804556
13.44,0.09103019105177375,-0.02883083303250729,0.024643997965930406
13.445,0.4437719324215382,0.03775094525996263,-0.02089208955281923
13.450000000000001,-0.026408457081238804,0.10325288580945456,-0.06582524458585613
13.455,-0.47312224435343053,0.16582236127128333,-0.10889016983324144
13.46,0.289212107154143,0.22369003144913197,-0.14881649689373833
13.465,0.6804565921851302,0.2752198790922555,-0.18449414902015907
13.47,0.2690776931698785,0.318955465059435,-0.2149515708080541
13.475,-0.1718453334531082,0.3536610950150962,-0.2393246710692391
13.48,0.3197473353823312,0.3783567340154504,-0.25688362430054934
13.485,0.9955717791241172,0.3923456824270597,-0.26715852318654926
13.49,0.16867887248331417,0.3952342315851426,-0.26989731615849805
13.495000000000001,-0.05792558255778768,0.3869427446349596,-0.2650112107964839
13.5,0.45534550169633703,0.367707850684319,-0.252612434188788
13.505,0.9479959742638604,0.33807569185625486,-0.23306359017660222
13.51,0.26870685483056456,0.29888641595499416,-0.20697350672258305
13.515,-0.20720723832355814,0.2512503550820539,-0.17505077313226544
13.52,0.19327135273277563,0.19651656565965692,-0.13819194842633833
13.525,0.5965673605065018,0.13623462128489774,-0.09743179619886362
13.530000000000001,0.03925164958181,0.07211074054540359,-0.05396119595393597
13.535,-0.556641424615224,0.005959491982345088,-0.009023444238590955
13.540000000000001,-0.02313170206854246,-0.060347556727837405,0.036176466126446566
13.545,0.20323778118470165,-0.12493479211861587,0.08032688154541087
13.55,-0.2542761942972885,-0.18597561249553826,0.12215416681149918
13.555,-0.8840363876948846,-0.2417440887464788,0.16048111062141532
13.56,-0.19938790959189825,-0.2906637672376454,0.19427318296956675
13.565,0.4289745723876424,-0.3313522347660906,0.2225602692373344
13.57,-0.2648299028482072,-0.36266018570017144,0.24450980392779578
13.575000000000001,-0.8643054465815866,-0.38370388721745396,0.25951471676298504
13.58,-0.2767404374526049,-0.3938901255332656,0.2671924198574735
13.585,-0.015317621585216268,-0.39293292890360165,0.2673252404416777
13.59,-0.4500472635997753,-0.38086159595844155,0.25987115909533115
13.595,-0.7141493820238438,-0.35801980398382804,0.2450671621001831
13.6,-0.03180547110456011,-0.3250558241610458,0.22336049284423845
13.605,0.13809331028170452,-0.28290412234593226,0.19537128435904824
13.61,-0.5225630271745747,-0.23275886761542278,0.1618516472483851
13.615,-0.627597983761741,-0.17604009962809752,0.12376278508227176
13.620000000000001,0.07453944265040775,-0.11435351337289078,0.08223136209573124
13.625,0.4129176920448346,-0.049445000246348784,0.0384195168004638
13.63,-0.15622291386138454,0.016848767492160074,-0.006477590122534213
13.635,-0.4773512106347715,0.0826523101700226,-0.05116656447694156
13.64,0.14240575618591128,0.1461044012636243,-0.09434839874273657
13.645,0.8977519346453664,0.20541071382921305,-0.13482059758177622
13.65,0.11543080199516059,0.2588945635850574,-0.17147791998182915
13.655000000000001,-0.19234271636097977,0.3050443135786513,-0.2032733860801494
13.66,0.2611692053495381,0.3425561001145635,-0.22927569183902807
13.665000000000001,0.9994716951467532,0.3703706722553144,-0.2487555419135903
13.67,0.3563728263057354,0.38770330398422176,-0.2612201531437367
13.675,-0.12683856027548573,0.3940659343074276,-0.26630038063407735
13.68,0.5636881930801803,0.3892809106167734,-0.26382719322293147
13.685,0.8364285346495528,0.37348594830538895,-0.25387934422213115
13.69,0.05729189098500609,0.34713016819624487,-0.2367838823690658
13.695,-0.21680139127106046,0.31096132577593383,-0.21302188759527266
13.700000000000001,0.36774408255784463,0.2660045953797472,-0.18322479484581705
13.705,0.7223153426398213,0.21353351130047413,-0.1482545617503235
13.71,0.1133646503373328,0.1550338895399333,-0.10914451792318508
13.715,-0.5233119318990198,0.09216175231760215,-0.06699395970963756
13.72,-0.06975878887371242,0.02669644688692149,-0.022956735015509565
13.725,0.46988486247114275,-0.03950971409684697,0.021705707691324006
13.73,-0.20836422702655197,-0.10458386530048057,0.0657089362957219
13.735,-0.7423648343544332,-0.16668557140023485,0.10780970943510258
13.74,-0.04793388098484819,-0.2240588808054346,0.146852738490256
13.745000000000001,0.2112865605325449,-0.2750819780979026,0.18173255089057816
13.75,-0.2424685656053318,-0.31831303112173576,0.21142887188155074
13.755,-0.8919882337750559,-0.3525309366160564,0.23510927120684816
13.76,-0.4119605138024078,-0.37676981288632555,0.2521478931741531
13.765,-0.1149020480916878,-0.390346265156018,0.26205924122129043
13.77,-0.4196365864607924,-0.3928786539105803,0.2645247247664319
13.775,-0.7446290015946309,-0.38429782294631637,0.25949467830617895
13.780000000000001,-0.32295054931871686,-0.364848985554808,0.2471585923591075
13.785,0.04100624265305913,-0.3350847174694921,0.22785472464891443
13.790000000000001,-0.4136080983254561,-0.29584925679407836,0.20209676389052475
13.795,-0.6030516755913662,-0.24825455700410531,0.1706318523388174
13.8,-0.10306308660615579,-0.1936487723102419,0.13438678727851525
13.805,0.4574069617846655,-0.13357806859853177,0.09437911689764406
13.81,-0.1774897333831702,-0.06974284177250917,0.05171336888743149
13.815,-0.5954192111727835,-0.0039495832849048415,0.0075989493546528555
13.82,0.18467444725821958,0.0619402445016404,-0.03667686475714848
13.825000000000001,0.5953706734698683,0.12606287620721035,-0.0798645565180895
13.83,0.04182400904418565,0.18660496434049056,-0.12078652964151117
13.835,-0.03754042075600966,0.24185486182102683,-0.15827389852656884
13.84,0.38205148893068097,0.29025101575571505,-0.19124342660429725
13.845,0.9034514412584818,0.33042610416450063,-0.2187609020780489
13.85,0.07060875903828623,0.3612456680945937,-0.24008940758374733
13.855,-0.08042176595112777,0.38184014757340257,-0.2546348120652786
13.86,0.6194718097511015,0.3916294167031713,-0.2619480956267081
13.865,0.9338553789309103,0.3903391256036617,-0.26183301831256567
13.870000000000001,0.35457825717103325,0.3780083888461046,-0.2543486263873986
13.875,-0.23113910582134917,0.3549886049284496,-0.23969009371181438
13.88,0.5771299387575664,0.32193344228465715,-0.21823496989619737
13.885,0.6410969072845562,0.2797802772011262,-0.19061077255425649
13.89,0.15608641214496227,0.22972361075991088,-0.15764276100687666
13.895,-0.23188928549498522,0.17318121870732506,-0.12025810303570678
13.9,0.2330871191119891,0.11175399354189969,-0.07947450506299845
13.905000000000001,0.3918812390186706,0.047180616325852416,-0.03645900131096887
13.91,-0.12096973118790968,-0.018711658288941835,0.007528929472405167
13.915000000000001,-0.42416716510706054,-0.08405871068566739,0.05126111053531539
13.92,-0.044060082606777295,-0.14701229521859302,0.09353556295663415
13.925,0.1886933906251285,-0.2057923173277342,0.13315216657199186
13.93,-0.4179062785387482,-0.2587371701265833,0.1689472307936481
13.935,-0.6629076481567635,-0.3043507070127292,0.1999325810853276
13.94,-0.15805335772134543,-0.3413445223592167,0.22525856391736335
13.945,0.26647282050068655,-0.36867434539905664,0.24421908743692336
13.950000000000001,-0.44735681094488106,-0.3855695192367823,0.2562320937628764
13.955,-1.0283791702035752,-0.3915547327864085,0.26096941374306737
13.96,-0.3243182013264732,-0.38646339279398045,0.25835591652548656
13.965,-0.045406950832284576,-0.37044225974455075,0.24845050242736508
13.97,-0.4933166284914372,-0.343947218678813,0.23150171243701947
13.975,-0.9869769009449945,-0.30773030675751384,0.20799772350640974
13.98,-0.2568396273326544,-0.26281836671485087,0.17866495461345963
13.985,0.44625854697990575,-0.210483932142043,0.14431222627540802
13.99,-0.2683137096801025,-0.15220917013985694,0.10588932607907516
13.995000000000001,-0.6328592826854164,-0.08964390306909609,0.06448270011168894
14.0,-0.04091219812109143,-0.02455889836444628,0.02130609148397766
14.005,0.6107264694174017,0.04120425106382285,-0.022429747229406855
14.01,-0.2515748866343837,0.1057852372017178,-0.06552896278860167
14.015,-0.25758176391403553,0.1673576634832747,-0.10675777334762966
14.02,0.32130139389638934,0.22418069869979443,-0.1449090215392986
14.025,0.5310049768290663,0.2746482973383591,-0.17892395077188614
14.030000000000001,0.22928451088296936,0.31733459463532854,-0.20788105753257316
14.035,-0.21554630285293114,0.351034193198783,-0.23093743281395807
14.040000000000001,0.3725962530151714,0.37479620289057153,-0.24744590717881063
14.045,0.8429959832374339,0.38795107266275203,-0.25691801870722597
14.05,0.45609940018106665,0.3901294571938196,-0.25914236110507183
14.055,-0.253876897538674,0.38127258668809955,-0.25405487843991686
14.06,0.5880944132972779,0.36163384870100695,-0.24177076306580003
14.065,0.8072144701194692,0.33177153952513905,-0.22263666423902864
14.07,0.21580242403926064,0.2925329924815378,-0.1972478495116511
14.075000000000001,-0.2843108167171007,0.2450305343393845,-0.16631189158199974
14.08,0.5061342102315601,0.19060995213713905,-0.1306699973658856
14.085,0.6270166942230581,0.1308123643679672,-0.09134828528807201
14.09,-0.03237683985679923,0.06733057683664659,-0.04950199689143955
14.095,-0.49831512533451333,0.0019611592290219937,-0.006296690768676013
14.1,-0.04094151857911971,-0.06344640083545654,0.03708101797118644
14.105,0.40390601376804036,-0.12704202718575472,0.0793948578319056
14.11,-0.2679011079502932,-0.18702738724843412,0.11940724728041366
14.115,-0.8661541464536531,-0.24170674661354222,0.1559969677645745
14.120000000000001,-0.31250459703491135,-0.2895349078574129,0.18817301821585303
14.125,0.13717143803299642,-0.32916087832780144,0.21501993728857816
14.13,-0.481791534331133,-0.35946603277864714,0.23574956865373847
14.135,-0.9781835041070286,-0.37959569280289335,0.24977420558691782
14.14,-0.3037383535967722,-0.38898323152777375,0.2567614110545289
14.145,0.11900909001559706,-0.3873660237230346,0.2564928228985535
14.15,-0.5826684974687785,-0.3747927923340205,0.24895595851228344
14.155000000000001,-0.8785311677497116,-0.35162214595135866,0.23436624793414998
14.16,-0.32260479625651584,-0.31851235097641,0.21318236058328913
14.165000000000001,0.12090811747134805,-0.27640263018321004,0.18600073222302008
14.17,-0.23135862199773352,-0.22648651900008848,0.15355262021198038
14.175,-0.7483025281770399,-0.1701780353608741,0.11677769793219506
14.18,-0.0605629364790864,-0.10907162205904775,0.07675014932730172
14.185,0.5769015355982631,-0.04489699643899343,0.03459381875523472
14.19,-0.13759926793929145,0.020529813991052692,-0.008536207931075962
14.195,-0.4432858096491388,0.08535786390015357,-0.05140552347879107
14.200000000000001,0.1854632672573034,0.1477536560037731,-0.09276163377199376
14.205,0.8465851814012658,0.20595299889969595,-0.13145856072577228
14.21,0.09899424177017138,0.25831089008900904,-0.1664308920432082
14.215,-0.1462175139101457,0.3033480136716125,-0.19667324114762172
14.22,0.30611972161488715,0.3397925383622244,-0.22131981769244177
14.225,0.8585845812199573,0.3666160347817432,-0.2396683341222129
14.23,0.14127289177883048,0.3830624976635143,-0.2512542406776983
14.235,-0.310807111957909,0.38866965394421993,-0.2557522278914462
14.24,0.5039357311524582,0.38328195615522986,-0.2529833725242422
14.245000000000001,0.8282033456672017,0.3670548959040014,-0.2430524114475883
14.25,0.25438269742497566,0.3404505178740432,-0.22627599950023697
14.255,-0.3151130249618716,0.3042242637239973,-0.20313497776276523
14.26,0.3839230388017507,0.2594035204885192,-0.17423753843008444
14.265,0.7595684067519108,0.2072584826384059,-0.14041941095892008
14.27,-0.07522563891647288,0.1492661542153205,-0.10268477815557112
14.275,-0.3695470962862748,0.08706851127246099,-0.06208946948898448
14.280000000000001,0.20321467034978188,0.022426009754582026,-0.019737768199660485
14.285,0.4037294769857947,-0.04283224472111329,0.023149732190355807
14.290000000000001,-0.3450703806410991,-0.10686025467037426,0.06532178753945304
14.295,-0.5861195581163754,-0.1678473514993949,0.10561187373339204
14.3,-0.27881419166922466,-0.22406940190382177,0.14290776645992534
14.305,0.20157335958582784,-0.2739375517186151,0.17615513944409236
14.31,-0.4800188846528413,-0.3160431291064161,0.2043640154073338
14.315,-0.7340532452318145,-0.3491974380123077,0.22675830272643224
14.32,-0.3896090487952617,-0.3724653177250357,0.24274726961989465
14.325000000000001,0.11095143869963503,-0.38519152105154886,0.25188298848852053
14.33,-0.4230022363478204,-0.38701916703331757,0.253863020595352
14.335,-1.0471952370038835,-0.37789974854153463,0.2486491798655816
14.34,-0.19478495914588906,-0.3580944141328183,0.2364390526817432
14.345,0.23153281379171725,-0.3281664904596879,0.21756423303658057
14.35,-0.4554712687785254,-0.2889654593236818,0.1925296642264728
14.355,-0.6964564448778903,-0.24160284512376304,0.16205530875658564
14.36,-0.30400630224675007,-0.1874206971544081,0.1270421192259022
14.365,0.3663870056090629,-0.12795356047881803,0.08847603774880439
14.370000000000001,0.08951066910049925,-0.06488501303246368,0.04740538346704181
14.375,-0.5658607690077369,-1.3261607625386626e-15,0.005019667914212344
14.38,0.3737774957496398,0.06486568497119256,-0.03744853636410376
14.385,0.8135674781660786,0.1278773418489233,-0.0788265041567662
14.39,0.013344916391629963,0.1872532598791914,-0.11796429628954758
14.395,-0.14246302976802483,0.24131509887808372,-0.1537577427174933
14.4,0.2942438635035283,0.2885353314734654,-0.18514420233908488
14.405000000000001,0.8660193524216736,0.32758040518159337,-0.21126418990249388
14.41,0.36491882371402123,0.3573484046821679,-0.2314128576421718
14.415000000000001,-0.2602649507356812,0.3770001505957625,-0.24501829127829897
14.42,0.4157878656228631,0.3859828570540511,-0.2516649220787396
14.425,0.9775368710941342,0.3840456811094165,-0.25117293473918545
14.43,0.206423017494791,0.37124672659184416,-0.2436082574732357
14.435,-0.08947611238620212,0.3479513068847246,-0.22916103445527738
14.44,0.4458796541560961,0.31482151841309647,-0.20823401773186653
14.445,0.7266614936858646,0.272797422419313,-0.18141645274719198
14.450000000000001,0.13544970802051698,0.22307036989018228,-0.149513310938071
14.455,-0.36452778776052974,0.1670492265860054,-0.11341752945184014
14.46,0.08963021528693269,0.10632045572799964,-0.07411388686905662
14.465,0.41768113159161785,0.04260318935801619,-0.032733058086923374
14.47,-0.18683079873901404,-0.02229943920548825,0.009517758752095987
14.475,-0.4999523302999882,-0.08655132401801485,0.05144619410418773
14.48,-0.0830294115416325,-0.148335332105017,0.09191785540129746
14.485,0.4335813425160121,-0.2059046963476746,0.12977533463043703
14.49,-0.2910354323566131,-0.2576324020934469,0.16391271489656378
14.495000000000001,-0.6741911453225805,-0.3020571711269455,0.19338427647926704
14.5,-0.1307815260104183,-0.3379247433215845,0.2173830733858833
14.505,0.04152487728554244,-0.3642232897116497,0.2352294708659095
14.51,-0.38052988195544735,-0.3802119570932496,0.24638710935736435
14.515,-0.9950200569953037,-0.385441738864291,0.25055188444088233
14.52,-0.1780050548800503,-0.37976808413442953,0.24765762222492524
14.525,0.0833923639780696,-0.3633548910210983,0.2377759227195694
14.530000000000001,-0.3237827638701105,-0.3366697738759932,0.22116543127209015
14.535,-0.769341871763634,-0.300470741056661,0.19828768557490212
14.540000000000001,-0.16682590841544592,-0.2557846627867111,0.1698509461113169
14.545,0.21068529546610937,-0.20387814076329797,0.13663926421725678
14.55,-0.24229311630839614,-0.1462216059103768,0.09957198127849012
14.555,-0.8329720127391588,-0.08444766197208516,0.05969626480406991
14.56,0.20719786804714885,-0.020304855085921503,0.018198239595350114
14.565,0.6073389555505584,0.044391821512189976,-0.02378288834078927
14.57,0.03325046489309365,0.10781228656180271,-0.0650810651323803
14.575000000000001,-0.31008961710185223,0.16816314026600943,-0.10452290608198192
14.58,0.21206298017847056,0.22373837968403176,-0.14095370903327048
14.585,0.671296447581091,0.272967625802355,-0.17335625304408775
14.59,0.24882287201025616,0.31446049890527683,-0.20086252920733844
14.595,-0.27418078765751186,0.3470458882563736,-0.22267971938205225
14.6,0.5117100328048617,0.36980500692841917,-0.23816304424419443
14.605,0.7315972007120755,0.3820972987770559,-0.2468808538981095
14.61,0.21818665122818906,0.3835784670445674,-0.24863861390875291
14.615,-0.1998038510795085,0.3742101171717013,-0.24337513044028097
14.620000000000001,0.49822994093936523,0.35426074376822236,-0.23121743043552617
14.625,0.6423568481704238,0.3242980366278467,-0.21251569182921773
14.63,0.15019992807216404,0.28517272623936735,-0.1878506752791597
14.635,-0.2809621419704088,0.23799442849602714,-0.15789472463480947
14.64,0.25880004368932313,0.1841001744737857,-0.123475337620244
14.645,0.6194539126709105,0.12501651784307652,-0.08557598942768285
14.65,-0.06266344154403808,0.06241629385519448,-0.045304484144400706
14.655000000000001,-0.5241633034936453,-0.0019287452146294595,-0.0038063724955483456
14.66,-0.049090096410750864,-0.06619807704594693,0.03779464578858973
14.665000000000001,0.326542641627046,-0.12857391928479295,0.07830984482349397
14.67,-0.24845992863336006,-0.18729264511052884,0.11655157343985363
14.675,-0.6332832755998099,-0.2406946500310531,0.15145500110950608
14.68,-0.21709868571487806,-0.28727125986890395,0.18207198582687012
14.685,0.3706138847668241,-0.3257073540618338,0.2075396736848151
14.69,-0.42899729081636095,-0.354918500039705,0.2270900940639202
14.695,-0.7398792211999894,-0.37408155010353733,0.24019886649723649
14.700000000000001,-0.10330840069793906,-0.38265783750421956,0.24652686940805507
14.705,0.1377439944678448,-0.3804083180513895,0.24588661003445736
14.71,-0.18948451580892478,-0.3674002316349325,0.2382665218667699
14.715,-0.8502826647042541,-0.3440050980581327,0.22391072162981554
14.72,-0.19123527978036325,-0.31088810676762896,0.20325495828071988
14.725,0.2216880821878845,-0.26898920348445093,0.17688317481151125
14.73,-0.2794470352094913,-0.21949641150619012,0.1455079849182139
14.735,-0.5334287709188549,-0.16381214492610524,0.11002237539272855
14.74,-0.003978797967686826,-0.10351346899590969,0.07148308790937385
14.745000000000001,0.5208761728591211,-0.04030743375353255,0.03096096158711637
14.75,-0.04342491770882795,0.024017253982429463,-0.010433316267195474
14.755,-0.2534303412631004,0.08764085200025562,-0.05151127408340399
14.76,0.2855849314588516,0.14876406480427323,-0.09106761376277818
14.765,0.6368999354177395,0.2056589299243136,-0.1280113421657151
14.77,0.24264407921662537,0.25671766924953515,-0.16133463174033533
14.775,-0.2858404932179964,0.3004981242641347,-0.19008626388574956
14.780000000000001,0.3553615677211749,0.33576449116095897,-0.21341656745904344
14.785,0.851606326312087,0.36152220519785994,-0.2306765592606173
14.790000000000001,0.5006943676865315,0.37704598955199153,-0.24142804603177317
14.795,-0.11508810049249008,0.38190027761758516,-0.24535897956847022
14.8,0.4530749507674872,0.3759514336921361,-0.2423248383485876
14.805,0.693889450602393,0.3593714291892518,-0.23243045905808282
14.81,0.042678277153746835,0.3326328733276851,-0.2159934040984043
14.815,-0.27741119773197487,0.2964955418332059,-0.19348147874549787
14.82,0.555090473407605,0.25198478763222437,-0.16549113211399533
14.825000000000001,0.6346273294890367,0.2003624470141944,-0.13281734655152344
14.83,-0.03426531831175683,0.1430910668051183,-0.0964452752946855
14.835,-0.3260537874249764,0.08179246673374845,-0.0573913412657245
14.84,0.34364197810439523,0.018201811059354377,-0.016719945374482167
14.845,0.5404397220637557,-0.045881509851477834,0.02440961059920944
14.85,-0.07467431500424208,-0.10864479752714958,0.06479818401163431
14.855,-0.5525224702452016,-0.1683133220814327,0.10330840355310666
14.86,-0.05188232678839674,-0.22320050705634698,0.1388923162631696
14.865,0.20341800470707772,-0.2717556032740576,0.17053065690823704
14.870000000000001,-0.35759170282009584,-0.31260750407560245,0.19729879422363192
14.875,-0.7454542371642842,-0.34460346394415536,0.21844912855215592
14.88,-0.2257847031188617,-0.366841627108711,0.23343913644889017
14.885,0.028429191245976038,-0.3786964482013238,0.24183082835379485
14.89,-0.45793268962181904,-0.37983628842274647,0.24335141307194058
14.895,-0.7248259988339761,-0.37023269224962263,0.23797911387989307
14.9,-0.17199063041247073,-0.35016108521863787,0.22590996835735563
14.905000000000001,0.1284498064539797,-0.3201928760813363,0.2074681991789862
14.91,-0.4173829386736338,-0.2811791897679619,0.18315128090902505
14.915000000000001,-0.7072622061181213,-0.234226694252936,0.15366878229533437
14.92,-0.12095021768482717,-0.18066620788442575,0.11988301704179324
14.925,0.32103217157456115,-0.12201497771077824,0.08275413407458647
14.93,-0.03750133466354261,-0.05993369804492177,0.04328457625757128
14.935,-0.42833134013701724,0.0038205130954557585,0.0026142421202166722
14.94,0.1314985859899363,0.06744384812967236,-0.03808722635414768
14.945,0.547258658224174,0.12913684690072436,-0.0776530594761117
14.950000000000001,0.10750281169897152,0.1871552924195045,-0.11501736539910802
14.955,-0.3430777586995396,0.2398595257923317,-0.14911725966351957
14.96,0.29521252666910125,0.2857607859892126,-0.17894735124346978
14.965,0.8169390152403451,0.32356326476726993,-0.20368120953839175
14.97,0.27584547430131606,0.3522006887371502,-0.22266263240976517
14.975,-0.06077160281176941,0.37086639579438063,-0.23535646355965584
14.98,0.39559185149698345,0.37903605753068137,-0.24135861165161382
14.985,0.8561454702718614,0.37648240756316875,-0.24051666082814335
14.99,0.18168104819862158,0.3632815620739538,-0.23289480899189227
14.995000000000001,-0.28412316611122945,0.33981075682627027,-0.21871159103011842
15.0,0.4136031005520877,0.3067375677823221,-0.19832948127980332
15.005,0.8020487535612211,0.2650009233198503,-0.17234337821572926
15.01,0.19147859307812734,0.21578444811652675,-0.14152681607584805
15.015,-0.22330469450642534,0.16048289548198477,-0.10674693290900913
15.02,0.2066871460962471,0.10066262014287351,-0.06894785677120989
15.025,0.5289975252582921,0.038017211709943294,-0.02921595913166499
15.030000000000001,-0.057730858062288365,-0.025680454466226105,0.011276428190057133
15.035,-0.4260668877930572,-0.08862839146868128,0.051414478455021735
15.040000000000001,0.0940649382938186,-0.14904647999270246,0.09008652732515789
15.045,0.33654130781888525,-0.2052268102584749,0.1262031033490552
15.05,-0.38482819480782127,-0.25558196294207686,0.1586960024557316
15.055,-0.7641511409598449,-0.2986898642298857,0.1866604361791739
15.06,-0.26731348022042156,-0.333333947510518,0.2093500080228615
15.065,0.20558373056967177,-0.35853748744198993,0.22611486000811168
15.07,-0.55008535763957,-0.3735911373921499,0.2364511427468671
15.075000000000001,-0.8324347247547753,-0.37807289385837134,0.24007916583536457
15.08,-0.15146270685432728,-0.37185992597129974,0.23693923143012635
15.085,0.21080711049216116,-0.35513193849977487,0.22712122442023572
15.09,-0.3934285470166492,-0.3283659763811455,0.2108595385883489
15.095,-0.7050921331412596,-0.29232282091982004,0.188633467137358
15.1,-0.0899220057087014,-0.24802536557933,0.16112579267316338
15.105,0.23220816802028846,-0.1967295860128098,0.12909427602554185
15.11,-0.1624977430700356,-0.1398889282265954,0.09340613059343525
15.115,-0.7181082631771862,-0.07911312463734468,0.055092088313722615
15.120000000000001,0.04419505986875703,-0.01612260501764221,0.015284038728502989
15.125,0.5652913368231267,0.04730020651116456,-0.02491243888992118
15.13,-0.09222433633527963,0.1093613296829074,-0.06439988662091098
15.135,-0.33536592440632185,0.16830597416876972,-0.10205128132336462
15.14,0.2997729344657699,0.2224681580488207,-0.13676170109222752
15.145,0.7581312840318826,0.27031779561893093,-0.16756268237427038
15.15,0.19048005327268935,0.3105039235932267,-0.19362544688394345
15.155000000000001,-0.018252411168432903,0.341892844491971,-0.2142073084918232
15.16,0.4645397043088471,0.36360011024058075,-0.22869793731021779
15.165000000000001,0.8027797498707505,0.37501544364739087,-0.23669502442339613
15.17,0.19314096802177988,0.37581989552871725,-0.2380122356355881
15.175,-0.16652740325153076,0.3659947551376009,-0.23262136670486144
15.18,0.5222882088550517,0.34582196500068546,-0.22062635470505615
15.185,0.8274943748764024,0.31587603166710343,-0.20239574278347142
15.19,0.08605887459214984,0.2770076644216291,-0.17847473203625083
15.195,-0.3748333878433774,0.23031960790620398,-0.14954179531815057
15.200000000000001,0.28196396519406397,0.17713535521798102,-0.11638468359774233
15.205,0.5797153905701748,0.11896162916955946,-0.07994363269287835
15.21,-0.010673352493639265,0.05744569532918767,-0.041292248711374865
15.215,-0.3563761851587069,-0.005671283761862396,-0.0015245273496130424
15.22,0.12727946894013908,-0.06860353228533637,0.03827624906530072
15.225,0.423625249051657,-0.12957118773796983,0.07697753224753086
15.23,-0.39545356187119735,-0.1868506407838591,0.11345058136320679
15.235,-0.6537660100135346,-0.2388232645645276,0.14666931630848626
15.24,-0.3155143482895246,-0.28402115577048775,0.17574133404837403
15.245000000000001,0.15994414675375834,-0.3211685948334041,0.19983452199268187
15.25,-0.3085541019988846,-0.3492180541880663,0.21823542044007235
15.255,-0.8318282741519532,-0.3673797382172146,0.23044130355145595
15.26,-0.2996965370375997,-0.375143821848241,0.23614586650271988
15.265,0.2066930106698785,-0.37229476161786673,0.2351862049816094
15.27,-0.49895849601052233,-0.3589172774994116,0.227557764806805
15.275,-0.8819947100409877,-0.3353938395420051,0.2134835803496904
15.280000000000001,-0.19124443052887244,-0.30239373372718564,0.19339900574620025
15.285,0.3443290945465834,-0.260854019606298,0.167877650566772
15.290000000000001,-0.20664625291219252,-0.21195292150607942,0.13760580569740632
15.295,-0.734840102491541,-0.15707640889806065,0.10345358874297411
15.3,0.0977074170319441,-0.09777891388047266,0.06643022074149538
15.305,0.5786841095090943,-0.035739299184355776,0.027570434014777188
15.31,-0.09951279614240749,0.02728667598112566,-0.012058340794923097
15.315,-0.39667788588079167,0.08951604635754548,-0.05133089656505817
15.32,0.24192298780899904,0.1491890809940741,-0.08909507702077205
15.325000000000001,0.7345819899769455,0.20461904652727353,-0.12428890422285266
15.33,0.31297350643960953,0.2542398860941609,-0.15597457424692943
15.335,-0.2897299794903695,0.2966504661022935,-0.18323398917267922
15.34,0.5744282526915991,0.33065414069386656,-0.20526965544681314
15.345,0.9502827264325826,0.35529251667743184,-0.22147020669266884
15.35,0.3375632700785121,0.36987246618658115,-0.23141788666689986
15.355,0.004494273545000926,0.3739856256945663,-0.23483372243237396
15.36,0.48101988620770153,0.3675198328433886,-0.23158686546590837
15.365,0.7193374305110307,0.3506621808070102,-0.2217719266225193
15.370000000000001,0.14724382637671446,0.3238936071376218,-0.2057250612580393
15.375,-0.12468936860663077,0.28797517352809593,-0.18388444020384892
15.38,0.2495799098011171,0.24392642788698318,-0.1568344957812377
15.385,0.6547881346282843,0.19299646392160896,-0.12535863071087894
15.39,0.03838180384881018,0.13662849973179972,-0.09039319630886418
15.395,-0.44231938809560256,0.07641897990551036,-0.05290804761236247
15.4,0.008526903573404585,0.014072360108981158,-0.013934380101313796
15.405000000000001,0.16134240457427898,-0.04864714517857192,0.025415665278050205
15.41,-0.21173189730886655,-0.10996548575353374,0.0639948458003688
15.415000000000001,-0.5989936244462785,-0.1681489568558763,0.10071048601468303
15.42,-0.10756763625993762,-0.22155321894409302,0.1345777358983233
15.425,0.1966892681884151,-0.2686697700271204,0.16463588718753885
15.43,-0.28830879668617837,-0.3081685571181698,0.18998346858978257
15.435,-0.7323667925862252,-0.3389355231140474,0.20992607453031412
15.44,-0.3061535266867689,-0.36010402914307393,0.22394450262963278
15.445,-0.007668602664204938,-0.37107926608930747,0.23163361367292462
15.450000000000001,-0.5843875585031373,-0.3715549676634617,0.23274315959430447
15.455,-1.0331774133171523,-0.3615219554236596,0.22724827240246936
15.46,-0.3065029981699316,-0.34126827737542964,0.21536558535758762
15.465,0.3733026090194005,-0.3113709396556543,0.19741118614100456
15.47,-0.5234353625914546,-0.2726794685969983,0.1738575197026478
15.475,-0.77391363234043,-0.22629177145262647,0.14540547058420736
15.48,-0.2056579247827387,-0.1735229817032098,0.11289151661295672
15.485000000000001,0.23860299765575643,-0.11586817302150142,0.07722633194947985
15.49,-0.2217869989489728,-0.05495999903292627,0.03937490043362858
15.495000000000001,-0.4195293507270017,0.007477540896967472,0.00043509926367914144
15.5,0.2668283546129422,0.06967790053424931,-0.038476355191697724
15.505,0.562913301778221,0.129881968989587,-0.07624446036280863
15.51,0.005053578120535196,0.18638782205169518,-0.11185614460435639
15.515,-0.2916986424937222,0.23759883553349131,-0.14428913343627048
15.52,0.21415059648656762,0.28206880043353405,-0.17259325048238677
15.525,0.9046484259094536,0.31854276508195817,-0.19597773028501606
15.530000000000001,0.23168288391726738,0.3459924508281774,-0.21382374574075394
15.535,0.0030556115042427168,0.36364524179441293,-0.22562912496322535
15.540000000000001,0.5160469468993615,0.371005931390352,-0.2310176925703443
15.545,1.0351694982735278,0.3678706134994351,-0.2298671402336052
15.55,0.14627970381008035,0.3543323286900615,-0.2222342774080984
15.555,-0.11080553386679853,0.33077830917687384,-0.20833550972641487
15.56,0.3679785862214387,0.2978789039525224,-0.18853144265292282
15.565,0.8326617885584475,0.2565685008035345,-0.16340167914999437
15.57,0.009018853030396595,0.2080189881606087,-0.13369771848303996
15.575000000000001,-0.2886776675354979,0.15360651051888513,-0.10025298633811522
15.58,0.22242833354296954,0.09487246053991066,-0.06396754210669482
15.585,0.6487044744309081,0.03347981356937396,-0.025890200112667038
15.59,-0.051884201004973596,-0.028833958418401768,0.012858671979322174
15.595,-0.5503011861347897,-0.09030606020634302,0.051196756131996694
15.6,0.03492897552810306,-0.14919824232531692,0.08808311269056593
15.605,0.4431046763581753,-0.2038459548350943,0.12246510385298061
15.610000000000001,-0.22492364518495855,-0.25270539590247026,0.1533337077825664
15.615,-0.7885300133199111,-0.29439712531471196,0.17981981183532408
15.620000000000001,-0.349422832727712,-0.3277450107868639,0.20122416799078102
15.625,0.1711805485165362,-0.35180940745372813,0.21693954217234976
15.63,-0.6945526409896196,-0.3659136345147127,0.226493361839673
15.635,-0.8293639050926096,-0.36966300298575727,0.22961390979066182
15.64,-0.14658297148113053,-0.3629558595196789,0.22626575154233508
15.645,0.30579715243322314,-0.34598633730759576,0.2165396242926797
15.65,-0.2641923537674162,-0.3192387397701678,0.20067902659585624
15.655000000000001,-0.7604882240329381,-0.28347371944465766,0.1791406759601613
15.66,-0.22790115016790208,-0.23970664647706738,0.1525769760147649
15.665000000000001,0.41292435553143875,-0.18917878187760678,0.12173875455152632
15.67,-0.14849463418059897,-0.1333220739517392,0.08745856137352513
15.675,-0.5610032341477957,-0.0737185763390959,0.050717911054982356
15.68,0.14347660772262266,-0.01205563779317599,0.012591584417132677
15.685,0.6248291131989486,0.049921867060310016,-0.025832620842856754
15.69,-0.12772543978682155,0.11046091359504029,-0.06352738692925974
15.695,-0.38453213831092103,0.16784991243081168,-0.09940645422056818
15.700000000000001,0.23542451404864595,0.22046710147499124,-0.13242692050746172
15.705,0.719747382017131,0.2668263765309586,-0.1616581262797151
15.71,0.32890903408149424,0.30561926528186456,-0.18632233237910992
15.715,0.0307482713152879,0.33575185909805905,-0.2057127333816218
15.72,0.30869572886283075,0.35637566024439243,-0.21924329910650409
15.725,0.85887776807573,0.36691147461315765,-0.22655225503556412
15.73,0.32601210018306004,0.3670656771896642,-0.2274775542597972
15.735000000000001,-0.11080739383045424,0.3568383934831155,-0.22198688487710228
15.74,0.26851103911137314,0.3365233690079351,-0.21019102736514253
15.745000000000001,0.7359764201944565,0.30669953410075035,-0.19245484327962847
15.75,0.234416681406733,0.2682145062506415,-0.1693155322874512
15.755,-0.3035450542855931,0.2221605000605886,-0.14142200044646513
15.76,0.23284844780716465,0.16984332950321898,-0.10952631365594978
15.765,0.5957398241926143,0.1127453822182766,-0.07454328288578839
15.77,-0.1729508757283852,0.05248361571784334,-0.03750609090179525
15.775,-0.4102848153332726,-0.00923623428864873,0.0005415135182334858
15.780000000000001,0.13898022560832146,-0.07066793661543824,0.03857140524131569
15.785,0.4017762847245741,-0.13007417164042173,0.07550038467130506
15.790000000000001,-0.19145470057936537,-0.18577566473132293,0.1102371267562037
15.795,-0.6910360118245134,-0.23619865647570132,0.14182115554346855
15.8,-0.35073946624045904,-0.27991936778129906,0.16938420346419342
15.805,0.129481664600484,-0.3157042034999415,0.19215788464512337
15.81,-0.40360332639111635,-0.34254455931305205,0.209448818198138
15.815,-1.0664872981711593,-0.35968524975804045,0.2207860539077164
15.82,-0.39117644555004577,-0.36664575613069,0.22590414438897163
15.825000000000001,0.05739085424321616,-0.3632336964368168,0.22464256651337616
15.83,-0.355403681605861,-0.3495501398260682,0.21700712823110604
15.835,-0.7736837444291086,-0.32598661878244917,0.20323326044760778
15.84,-0.20793520794986506,-0.29321392723652523,0.18374117482065577
15.845,0.22149555112289915,-0.2521630250572402,0.1590817846847755
15.85,-0.2361160960866308,-0.20399859250810196,0.1299246666190534
15.855,-0.5740069149270773,-0.15008598590431427,0.09710704670285841
15.860000000000001,-0.04100018448232697,-0.09195253202093978,0.06158957662815009
15.865,0.5556529965797856,-0.03124425851151938,0.024368918611608257
15.870000000000001,-0.09863216031984277,0.030320713797035173,-0.013531064157657726
15.875,-0.480589175664987,0.09100079699518145,-0.051033628952644
15.88,0.38686623750000604,0.149080204324956,-0.08703820591436935
15.885,0.8384315749311142,0.20291746676345737,-0.12053306645109961
15.89,0.2096690068149863,0.25099182604246745,-0.15062323870610533
15.895,-0.2158869424651224,0.291946192864453,-0.17644711560132947
15.9,0.38732499691799716,0.3246254568116964,-0.1972243069226106
15.905000000000001,0.824247468639833,0.34810906646089135,-0.21240383630337198
15.91,0.0859370241487718,0.3617369607633031,-0.22158897411170922
15.915000000000001,-0.23258918318430616,0.365128121216101,-0.2245158721416415
15.92,0.4065486169916891,0.3581912233951207,-0.22107979382542767
15.925,0.7493306294090414,0.34112709011739534,-0.21137038830487265
15.93,0.21764087437061724,0.31442288052195744,-0.19571717329028
15.935,-0.12817790216185404,0.27883818313178715,-0.17455788701749234
15.94,0.20058501265045886,0.23538340987579934,-0.14844944874528157
15.945,0.7066692660531496,0.18529110563428172,-0.11816164419554182
15.950000000000001,0.05046832748764224,0.12998098797567495,-0.08458080629291383
15.955,-0.5780431556757274,0.07101970872295953,-0.04864269544913233
15.96,0.027157744918228775,0.010076477832086322,-0.01133542156344258
15.965,0.5449956766996142,-0.05112419341761825,0.026279813417463778
15.97,-0.3064788641753119,-0.11085129201077291,0.06309481293652776
15.975,-0.6581950569688273,-0.16741626461666548,0.09807588535878382
15.98,-0.23539010855249073,-0.2192207559484659,0.13028761318517185
15.985000000000001,0.40733853079252424,-0.2648017743838992,0.1587986851470616
15.99,-0.37091090334073223,-0.30287300855194355,0.18277502325039288
15.995000000000001,-0.8422162697360448,-0.3323611280349492,0.20153967858126948
16.0,-0.27549101208464505,-0.3524360437366685,0.21461947187674074
16.005,0.14324462599057458,-0.36253427477868677,0.22164246455131176
16.01,-0.526179735364364,-0.36237476415284736,0.2223663793205378
16.015,-0.7740712088897898,-0.35196669923835294,0.21678798891802212
16.02,-0.0870491534981388,-0.3316091196313651,0.205110435345355
16.025,0.18805082253595728,-0.3018823271240918,0.18766878338401946
16.03,-0.29071991696941313,-0.263631344534285,0.16489247107781252
16.035,-0.5408880531255955,-0.21794189486566817,0.1374633356187499
16.04,-0.01818277427988335,-0.16610958362162873,0.10618912856277227
16.045,0.18393544831500488,-0.10960315902582532,0.0719554363325218
16.05,0.045275110806519185,-0.05002289200487924,0.03568817585540318
16.055,-0.2464576385487273,0.010944744655285867,-0.0015707129449838433
16.06,0.08294875386430385,0.07157481443400918,-0.038728902605203765
16.065,0.5712390370448286,0.13015272115370655,-0.07474896146872798
16.07,0.14221008514472758,0.18502269815591946,-0.10865265897329615
16.075,-0.1967617272442038,0.23463461126051147,-0.13946527398876224
16.080000000000002,0.4504594902820349,0.2775877525197624,-0.1662921419936853
16.085,0.5627687525422498,0.3126703874998864,-0.18836970239075326
16.09,0.31179317174673077,0.33889393950204755,-0.20512624177826377
16.095,-0.1001329174409959,0.355520846340409,-0.21609101569085154
16.1,0.40084361374429234,0.3620853047059143,-0.22090844763040443
16.105,0.8948471874272229,0.3584063186772577,-0.2194688844554884
16.11,0.29692567466327247,0.3445926868806225,-0.21184386990927642
16.115000000000002,-0.1770695494404954,0.32103979097786756,-0.19825491176318027
16.12,0.47032664681473135,0.28841828011905396,-0.1790441172348692
16.125,0.8863563129889873,0.24765497516666612,-0.1547770407336812
16.13,0.00921863252091018,0.1999065364058414,-0.1261785607554225
16.135,-0.2712996815665374,0.14652664288074244,-0.09403877095279299
16.14,0.18057524251670143,0.08902761466629643,-0.0592506512274117
16.145,0.5642331219063483,0.029037566128872955,-0.022797114619853648
16.15,-0.03777319714440631,-0.03174569587709943,0.01424285382491608
16.155,-0.5006697949922327,-0.09160272342821707,0.05083561206925699
16.16,-0.13092332420312547,-0.14884106858551938,0.08598113314594276
16.165,0.20339007529596334,-0.20184313805837226,0.11868307325786338
16.17,-0.4528256716832983,-0.24911190834186792,0.14798137002433703
16.175,-0.747693052536474,-0.2893132093372514,0.17305149534609046
16.18,-0.29906684181960014,-0.32131338212843386,0.19324762282697922
16.185,0.05206996656516,-0.3442112479847256,0.20796428532902544
16.19,-0.3434869245031253,-0.3573634870601012,0.21676936756100657
16.195,-0.8752415807682741,-0.3604027120835935,0.2194197570822215
16.2,-0.3217628245244379,-0.3532477292856675,0.21589032921364254
16.205000000000002,0.3301668826898664,-0.33610570002134654,0.20627149617341392
16.21,-0.32040501394621146,-0.30946614576599674,0.19080977291111928
16.215,-0.8655986672744052,-0.27408696988914744,0.1699480292499996
16.22,0.006711946869533747,-0.23097289532699922,0.14432168842298376
16.225,0.33549307522550853,-0.18134693159472126,0.11465073297148351
16.23,-0.1992948511369123,-0.1266156814475621,0.0817359783793513
16.235,-0.5606144069588186,-0.06832947135638151,0.04652848457901899
16.240000000000002,0.143655110165245,-0.008138435899375544,0.010057395086715434
16.245,0.6308066726455079,0.052254199922612925,-0.026648003916510486
16.25,0.03555529856508269,0.11114031777722998,-0.06259712035628676
16.255,-0.3616561286164317,0.16685521861167182,-0.09676554144847649
16.26,0.3827230596621177,0.21782468427681212,-0.12814427960190516
16.265,0.7917763656121504,0.262609457690982,-0.15585749810224184
16.27,0.07961097108964252,0.29994588471545314,-0.17916851218527574
16.275,-0.31608801241532125,0.32878157007436803,-0.19740405726491064
16.28,0.21876357715719139,0.34830504122037464,-0.2100300902529833
16.285,0.7767629762396608,0.3579685840062232,-0.21668587482140322
16.29,0.36786394419240676,0.35750360754848626,-0.21723694701940888
16.295,-0.11758651423197891,0.34692810728076995,-0.21165766134225464
16.3,0.43077251167810177,0.3265460188928544,-0.20007463381417476
16.305,0.7664760549033389,0.29693848530893463,-0.1828238076943249
16.31,0.18962500949298552,0.2589472875774277,-0.1604481128004641
16.315,-0.182545942357691,0.21365091205994063,-0.1335633204271781
16.32,0.17501202315983505,0.16233393435354163,-0.10290295958292668
16.325,0.5337244721521375,0.10645058908278422,-0.06934584730191612
16.330000000000002,-0.0878313658651863,0.04758355872607256,-0.03387631829570849
16.335,-0.510087017527715,-0.012600850631672059,0.002506961123418883
16.34,0.0007850603579863114,-0.07239987709844996,0.03881313015812673
16.345,0.34432185915913205,-0.13012247913198033,0.07400365494834471
16.35,-0.3831645330006148,-0.18413715698175076,0.10704992549016189
16.355,-0.7371092467740299,-0.2329180670354655,0.13702166114632305
16.36,-0.2544241460506083,-0.27508812562310364,0.16312119222523058
16.365000000000002,0.29754283787000835,-0.3094578846126267,0.18460316702404297
16.37,-0.30337085690368304,-0.3350590813084588,0.20081483835328479
16.375,-0.805357104745484,-0.3511719163260347,0.21132728148146765
16.38,-0.42796489801525717,-0.35734529097028384,0.21588643574008928
16.385,0.24009989499489437,-0.35340943514948064,0.21435134419780855
16.39,-0.425933455232752,-0.3394805723563594,0.20673307123267412
16.395,-0.6711175083589999,-0.31595749364094694,0.1932489794473454
16.4,-0.29972622449333386,-0.2835101414056798,0.1743453287142756
16.405,0.5263557876002976,-0.2430605297964312,0.15053549131417074
16.41,-0.40101886400577225,-0.19575654505290518,0.12246861395171053
16.415,-0.7372076591527961,-0.1429393702992796,0.09094551984417626
16.42,0.09947117748857204,-0.08610545921668106,0.05689975252494206
16.425,0.7220815917165077,-0.026864136766158665,0.021292330129281726
16.43,-0.09517933594792466,0.03310797171162023,-0.014916036568675248
16.435,-0.5064703585380971,0.09211439257654727,-0.050682184150896106
16.44,0.20695119375505122,0.14848679412880758,-0.08496408405004792
16.445,0.7976783255422555,0.20063215742439122,-0.11679365337066962
16.45,0.1344722600236657,0.2470777939228672,-0.1453290945251657
16.455000000000002,-0.38384013310658366,0.2865129377778109,-0.1697460059203428
16.46,0.44388981076746503,0.31782573808440745,-0.1893152469686071
16.465,0.6675916972876165,0.3401346070817252,-0.20349363581344873
16.47,0.2675806216298433,0.35281304045403683,-0.21193375154154875
16.475,-0.05666743315833922,0.35550721094168286,-0.2143897953244943
16.48,0.4088177857692787,0.34814584121337505,-0.2107544481965798
16.485,0.8744959705567364,0.3309420805646165,-0.20114992411834484
16.490000000000002,-0.02285929391668251,0.3043873363032384,-0.18589486178377568
16.495,-0.28148491364388345,0.26923723825761664,-0.16540485797299762
16.5,0.44183795542737525,0.22649013725803693,-0.14023354264534005
16.505,0.5835673347203711,0.17735874941008675,-0.11110755031736289
16.51,0.03527831328254276,0.12323575153759195,-0.07888825754532076
16.515,-0.39332292253368606,0.06565430385676928,-0.0444742146038976
16.52,0.11716641352022511,0.006244618936570686,-0.008805973459943824
16.525,0.5248736264173164,-0.05331219273023187,0.02709067368719323
16.53,-0.30194523557636266,-0.11133169380168251,0.062159388510514016
16.535,-0.5875268813157132,-0.16617376164565037,0.09542998388435636
16.54,-0.18877810941152973,-0.21628895289530423,0.12600639881764605
16.545,0.33197831598414096,-0.2602622803012259,0.15300734973296473
16.55,-0.35559517033050586,-0.2968531650210608,0.17563203818026893
16.555,-0.7576371105428623,-0.3250304362749241,0.1932626578559115
16.56,-0.2676757151416918,-0.3440013909342203,0.20543673493974898
16.565,0.041740079260385365,-0.353234094109003,0.21180306009134067
16.57,-0.41008657325513104,-0.3524722933757897,0.21215118868428917
16.575,-0.8925373480389713,-0.34174252851195774,0.20648823016218884
16.580000000000002,-0.29578714951880847,-0.3213532395502464,0.19502061236903462
16.585,0.27336845116752834,-0.2918859023799774,0.1780550074951491
16.59,-0.465378061115358,-0.25417844659587957,0.15604376027888692
16.595,-0.5489282958408027,-0.20930142845169442,0.129632032927418
16.6,-0.06581605971692664,-0.1585276364502445,0.09960063231299812
16.605,0.290114726736206,-0.1032959925085517,0.06678344555860924
16.61,-0.08498032352156762,-0.045170772544995005,0.03208914946745284
16.615000000000002,-0.44949283585936634,0.014202697796294067,-0.003495079174856038
16.62,0.20011807856450858,0.07314461745346017,-0.03892532273495599
16.625,0.7115038413692447,0.1299882358847786,-0.07321340691563563
16.63,0.03776585750895933,0.18312698598048127,-0.10542810028396218
16.635,-0.2658832730050118,0.23105989108636238,-0.1346526071604828
16.64,0.29616717741816034,0.2724339627630291,-0.16001461015301602
16.645,0.8008274049744336,0.3060823916623729,-0.18081733676116157
16.65,0.143931331493844,0.3310574534934323,-0.19651984995285435
16.655,-0.17107685844571885,0.34665720206799244,-0.206660444189717
16.66,0.5891165326991938,0.3524451976078271,-0.21092563291447364
16.665,0.9291553056321731,0.34826271586139385,-0.20921337765443054
16.67,0.5369957197716435,0.3342330965262684,-0.2016103592220366
16.675,-0.19324301409003652,0.31075811197270975,-0.1883251443775782
16.68,0.3987610049450365,0.27850646301670806,-0.1697077313317962
16.685,0.461891433146396,0.2383947311091828,-0.14629105664536557
16.69,0.30069963564239716,0.19156132949904223,-0.11878454313069982
16.695,-0.23698037266577873,0.13933419366311847,-0.08794940373313592
16.7,0.26137297198031617,0.0831931279951362,-0.0546299231030553
16.705000000000002,0.6112984808031073,0.02472787641681153,-0.019777716353029166
16.71,0.02667771064726239,-0.03440689502744926,0.01557597859165834
16.715,-0.6976397812716296,-0.09253842879609646,0.05045079563060718
16.72,-0.0753556828136284,-0.14802319426731542,0.08389410213825817
16.725,0.2981962580167126,-0.199293355396985,0.11494779442527991
16.73,-0.4378104577476039,-0.24490107381358872,0.14270754960591248
16.735,-0.7937535579573217,-0.2835593954372445,0.1663842989742943
16.740000000000002,-0.2679407006760155,-0.3141785659799019,0.1853753530235312
16.745,0.08087530046737468,-0.33589675055891277,0.19910934325766722
16.75,-0.49854459748932056,-0.34810429145167754,0.20717890153149832
16.755,-1.0003845910589375,-0.3504608212239413,0.20937143546844375
16.76,-0.3413444474573168,-0.3429047508872424,0.2056731640424635
16.765,0.06765324295390257,-0.3256548686461664,0.19617200150455477
16.77,-0.39646149549418136,-0.2992040080690967,0.18110928243729255
16.775,-0.5363767896199065,-0.2643049688392316,0.16092506717798355
16.78,-0.23552835240596595,-0.2219490922702823,0.1362331217644853
16.785,0.2099260570852894,-0.17333810131014213,0.10771485596817254
16.79,-0.07051589229309357,-0.1198500049444573,0.07615709891897797
16.795,-0.4962939632659948,-0.06300003437645703,0.0424575516490358
16.8,0.16266081928832168,-0.004397718377913731,0.007610818023787322
16.805,0.3556427381177055,0.054298686168003873,-0.027403279443560056
16.81,-0.025492830157738816,0.11142911833726449,-0.061645324905219095
16.815,-0.24168470175939247,0.16537866400583515,-0.09413037181416722
16.82,0.2829527729272153,0.21462320554896502,-0.12389608929242227
16.825,0.7370721773921549,0.257772479972965,-0.15012870934861794
16.830000000000002,0.38953904321215405,0.2936093290196604,-0.1721127639926414
16.835,-0.11650523749108305,0.32112403311643395,-0.1892279238288257
16.84,0.4963682614159325,0.3395427606631918,-0.200952800454625
16.845,0.9310691421712023,0.3483493310863645,-0.2069670582886393
16.85,0.18423206548608145,0.3472996796131699,-0.20714886927182702
16.855,-0.14720287430117895,0.3364286184552124,-0.20149524275922295
16.86,0.32480709263266294,0.3160487071819307,-0.19011860341121453
16.865000000000002,0.6581732682011519,0.28674126833816577,-0.17336165340047455
16.87,0.1022956193286588,0.24933980649760215,-0.15174895227273472
16.875,-0.1446016934343526,0.20490630366326515,-0.1258677399918243
16.88,0.17957672730034632,0.1547010651582207,-0.09642347345077946
16.885,0.6057127125136781,0.10014697220964366,-0.06426483031586365
16.89,-0.01726210072018991,0.04278915517795767,-0.030344591466589195
16.895,-0.50801409185551,-0.0157487696283352,0.004390025482168949
16.9,0.07533133524940779,-0.07381066001795998,0.03900344615432188
16.905,0.46527820725113966,-0.1297547038401505,0.07249643977237995
16.91,-0.28570614373961367,-0.18199984508935582,0.10387928313344649
16.915,-0.7720757919822641,-0.2290704673633231,0.13229073642766295
16.92,-0.3178638669059851,-0.2696380718234865,0.15696515967203842
16.925,0.23129830857764766,-0.30255877247237595,0.1771926946421385
16.93,-0.31463671237111884,-0.32690555047884984,0.1923691465099434
16.935,-0.9195681880630402,-0.34199435806810535,0.20207546022328401
16.94,-0.12972972617699052,-0.34740333692290487,0.20608405729125276
16.945,0.22766424532659985,-0.34298461117120355,0.20427494091321285
16.95,-0.2948900724107555,-0.3288683253317615,0.19666932485272903
16.955000000000002,-0.7311043810250468,-0.30545881709817274,0.18349795201849364
16.96,-0.171461078407676,-0.27342303734937107,0.16517232689204223
16.965,0.1434051303726418,-0.2336715489867081,0.14221339359137067
16.97,-0.33872728839278277,-0.18733264591446752,0.11521543925460706
16.975,-0.5453369464459826,-0.13572032777813708,0.08497129888250753
16.98,-0.013729548379348255,-0.0802970394621119,0.05236728029968214
16.985,0.5826795517195997,-0.022632231936454195,0.01833529992251065
16.990000000000002,-0.06717748879818106,0.03564208133276686,-0.016214439101623568
16.995,-0.3276905769341041,0.09287751384179468,-0.050291564604743925
17.0,0.15668603696494238,0.14745593409790314,-0.08290163871954903
17.005,0.5988870672076019,0.19783521326726644,-0.1131138718977415
17.01,0.19270565931793124,0.24259279903105663,-0.14013620160712462
17.015,-0.20244699818156503,0.28046588442677334,-0.1631801249201201
17.02,0.6080932156464904,0.31038703740760765,-0.18157495565726908
17.025,0.9467554989891951,0.33151428584089976,-0.1948039286397815
17.03,0.24626393819326214,0.3432548100154349,-0.20253076124871167
17.035,-0.13982438363643018,0.3452815759773642,-0.20454029043445784
17.04,0.4986113098700143,0.3375424430219776,-0.2007383495766153
17.045,0.7849882978334151,0.32026149176934027,-0.19125535153700052
17.05,0.037359504375371444,0.29393253941069614,-0.17639161674979192
17.055,-0.2584122944837637,0.25930502969886005,-0.1565659543010312
17.06,0.23324112009882214,0.2173627008191218,-0.1323061190865067
17.065,0.5814907438125793,0.1692956383238089,-0.10431057303276337
17.07,0.015051967300412653,0.11646650707701652,-0.07341554380856292
17.075,-0.42901274429570574,0.06037192036631283,-0.04047457506500543
17.080000000000002,0.11511728749872094,0.0026000413586480726,-0.006403553729204652
17.085,0.425798535744971,-0.05521438194871369,0.027837454200210963
17.09,-0.408230070670754,-0.11143627518660518,0.06123539808454537
17.095,-0.5822983109267632,-0.16447648048874364,0.09285788371789976
17.1,-0.22313225985654378,-0.21283667593190972,0.1218520147084245
17.105,0.15203091134551489,-0.2551517018236635,0.14738886803899987
17.11,-0.26393318611675,-0.29022809814264494,0.16870721486053394
17.115000000000002,-0.8339557421091455,-0.3170777652390817,0.1852302436667412
17.12,-0.10383426201082768,-0.33494579841431366,0.1965275820540352
17.125,0.28461136313842217,-0.3433317122889794,0.20226812376016517
17.13,-0.33218470450466225,-0.34200345824521405,0.2022580045606833
17.135,-0.8202215339054806,-0.33100384238166447,0.19651411025525098
17.14,-0.1128460362494734,-0.310649166565394,0.18525074474295983
17.145,0.14466120273643324,-0.28152013521215863,0.16876643377653563
17.150000000000002,-0.3295747518628752,-0.24444528914925356,0.14750224343937726
17.155,-0.7402615301202365,-0.20047743912798213,0.122077310847573
17.16,-0.0004650311738513546,-0.15086376928574619,0.093230780951327
17.165,0.15642362866589132,-0.0970104595257501,0.061801371617631426
17.17,-0.20412816555902064,-0.04044283034227252,0.0286212944431766
17.175,-0.5105639736413025,0.017237860287199737,-0.0053600716772337935
17.18,0.17094239588897997,0.0743997442449803,-0.03912771746896454
17.185,0.31495419730841434,0.1294265117392209,-0.0717510554797511
17.19,-0.06272192889389624,0.18076311468620898,-0.10234443962873083
17.195,-0.30731442851125046,0.22695971266691115,-0.13002395817707513
17.2,0.5657360593057028,0.2667126195212429,-0.15397539110221375
17.205000000000002,0.8760309167360778,0.2989010941489187,-0.17355137784531297
17.21,0.2109229974599334,0.3226189372515693,-0.18822615638618356
17.215,-0.14652713712655635,0.33720000321668087,-0.1975757172862456
17.22,0.5205782419213418,0.3422369089253717,-0.20131070943850138
17.225,0.8359293574902729,0.337592414065226,-0.19932700092871597
17.23,0.12184454317728813,0.32340315508483997,-0.19173822076625108
17.235,-0.24738388811764617,0.3000756313587268,-0.17874720784136458
17.240000000000002,0.26653735950165713,0.26827456131361155,-0.16068711405322617
17.245,0.8695522880028251,0.22890394200009687,-0.13808491286467386
17.25,-0.09676385810520227,0.18308135177609552,-0.1116340358820904
17.255,-0.22432942248624327,0.13210622657509158,-0.08205323408036677
17.26,0.22557140674247816,0.07742301027533362,-0.05015384061675002
17.265,0.48355515613994376,0.020580224165281942,-0.01685523691833028
17.27,-0.36327930717320855,-0.03681338465299568,0.01687206854493684
17.275000000000002,-0.5133645059647904,-0.09313437410234165,0.05007543393651083
17.28,0.06320775902654366,-0.1467905285783134,0.08187559239675356
17.285,0.19748177800614436,-0.19626587203474222,0.11132774219363166
17.29,-0.33261659739407023,-0.24016350013857568,0.13758883532859706
17.295,-0.7961411357142145,-0.27724502130772904,0.1599101195372438
17.3,-0.2627183523805183,-0.3064654930208322,0.17773032862251925
17.305,0.16590215780426648,-0.32700286780419935,0.19051733209051136
17.31,-0.42502027257132463,-0.33828111912516623,0.1978775466967781
17.315,-0.821076754733228,-0.3399863966249812,0.19963082977568783
17.32,-0.41759702213510225,-0.33207575763081004,0.1957558330359368
17.325,0.10482424700245269,-0.3147782320971929,0.1863723943883705
17.330000000000002,-0.42227616707895527,-0.28858819509056743,0.1716947486805024
17.335,-0.649052332117553,-0.2542512385061974,0.15216492253024305
17.34,-0.3147901151194974,-0.21274294574074856,0.12837599440033812
17.345,0.5696155535326644,-0.16524117354198295,0.10098583726662298
17.35,-0.14346079906518738,-0.11309262855585547,0.07074653857976446
17.355,-0.6266893665026171,-0.057774687014035035,0.03850985021209037
17.36,0.08723668285193463,-0.0008535400163244103,0.0052342590543081454
17.365000000000002,0.5207138538209096,0.05606014981798843,-0.028135750486525713
17.37,0.10587270971770632,0.11135682482796042,-0.060708535181927634
17.375,-0.3142086665185475,0.16347355223745197,-0.09155786548833557
17.38,0.17178495962062634,0.21093820016499545,-0.11975692741099894
17.385,0.8562871127613125,0.2524110210761971,-0.14453449882813738
17.39,0.14085883338820152,0.28672246805562934,-0.16522171066233463
17.395,-0.3217272569802141,0.31290617647286434,-0.1812372175486345
17.400000000000002,0.30506019921827154,0.330226180946118,-0.19209625992958476
17.405,0.7091622818453298,0.33819760106311575,-0.19749381715151845
17.41,0.31101928291383424,0.33660021446568544,-0.19732850011562397
17.415,-0.0245739683276065,0.3254845373899816,-0.19159877945620915
17.42,0.4937663900947388,0.3051702448729953,-0.180431482646604
17.425,0.5888132740403874,0.2762369795814834,-0.16415532710569186
17.43,0.18543968297597854,0.23950781345968966,-0.1432715050701012
17.435,-0.12712366606199768,0.19602583403946347,-0.11838245383925064
17.44,0.25454649383346223,0.14702452144321576,-0.09014191980666793
17.445,0.4949047754993608,0.0938927573506801,-0.059351280389839924
17.45,-0.15074080620127073,0.03813545855039309,-0.026940183490104144
17.455000000000002,-0.6422841050711582,-0.018669049113392216,0.006186921834752444
17.46,0.04665101480857127,-0.07491370902288312,0.03914205653823658
17.465,0.3534024348798429,-0.12900819955828055,0.07097143822914478
17.47,-0.17667632544928863,-0.17942390105725461,0.10074252408867648
17.475,-0.8249454696806875,-0.22473709248901078,0.12763286150533934
17.48,-0.09898670908791529,-0.2636691571531165,0.15090931722061843
17.485,0.40353241788959415,-0.2951226619896128,0.16990973232782242
17.490000000000002,-0.16495481451737434,-0.3182122924295432,0.18407339520423577
17.495,-0.7826590770196922,-0.3322897707842358,0.19300357490712192
17.5,-0.08846485823036909,-0.33696205682204267,0.19649462721830832
17.505,0.3309137583166534,-0.332102319570297,0.19443941205988896
17.51,-0.6118468194888655,-0.3178533741144998,0.18685729528425227
17.515,-0.6681585392041335,-0.2946234904456322,0.17399235636232363
17.52,-0.06607078299837046,-0.26307469719444915,0.15623906643676008
17.525000000000002,0.31086036345616264,-0.224103915282874,0.1340966424811387
17.53,-0.1488868641898173,-0.17881745911964006,0.10816346075864548
17.535,-0.6126703331975022,-0.12849963024315933,0.07917624344546242
17.54,-0.08129637958580672,-0.07457629498317347,0.048006768892988126
17.545,0.2136696869681495,-0.018574479071707808,0.015513127199586307
17.55,0.008362443711672926,0.03792087580272924,-0.017410935286662956
17.555,-0.41995430601009764,0.09331176888510972,-0.04982935587710762
17.56,0.3572970810544421,0.14603234113846697,-0.08078065072909599
17.565,0.6966632130376222,0.19459314136680578,-0.10940885737846698
17.57,0.04543824268386085,0.23762320628093667,-0.1349508968339491
17.575,-0.494599783941529,0.27390876564707484,-0.1566635533245074
17.580000000000002,0.46561903383984427,0.30242747978473866,-0.1739019702275014
17.585,1.0644631113225345,0.32237724365544096,-0.1861981855063198
17.59,0.18566573465334385,0.3331987460010788,-0.19324238887886944
17.595,-0.0918128199924193,0.33459114907370746,-0.19483222563638405
17.6,0.3939893988856071,0.3265204494231493,-0.19088060354110098
17.605,0.8222907815042072,0.30922028745457864,-0.18152098091131824
17.61,0.17944665369996798,0.28318518716522223,-0.1670669416670852
17.615000000000002,-0.24143961361651564,0.24915642156995169,-0.14791404633077207
17.62,0.26018557206993564,0.2081009077753025,-0.12457607701429574
17.625,0.696727243452234,0.16118373256639562,-0.09771255332115165
17.63,0.07408362363344496,0.10973508917025576,-0.0681423826502427
17.635,-0.43484603877075767,0.05521256347705769,-0.03667444901125904
17.64,0.15621900805473762,-0.0008401610103097295,-0.004179207491517046
17.645,0.4585038927341094,-0.05683700955224689,0.02841967483714151
17.650000000000002,-0.2931013919636433,-0.11119439640211178,0.06016349043729922
17.655,-0.7093187169300676,-0.16237600892636683,0.09016350142859557
17.66,-0.044748902996614326,-0.20893622909851933,0.11761210955448684
17.665,0.25406106407282225,-0.2495609651140891,0.141724701725002
17.67,-0.5524146944087875,-0.28310473982495626,0.1617840589375026
17.675,-0.724735718160493,-0.30862298921823833,0.17723512666512922
17.68,-0.05020732201747585,-0.32539866023532976,0.18769094349857837
17.685,0.05963503043206969,-0.3329623589767426,0.19285147466369992
17.69,-0.44642151149588977,-0.33110548317616334,0.19251350648958526
17.695,-0.7720437042067974,-0.31988597157239873,0.18671958651945625
17.7,-0.18335895512978942,-0.2996265118276237,0.17568590440781048
17.705000000000002,0.12059694878078742,-0.2709052620189782,0.1596950876704208
17.71,-0.3385481761320484,-0.2345393524297147,0.13918462511510335
17.715,-0.8695230866273038,-0.19156163839966475,0.11474411348294579
17.72,0.02524809855767965,-0.143191365596405,0.08710542356163407
17.725,0.3908081829724301,-0.09079958085589511,0.05704383383874007
17.73,-0.13681500002528413,-0.03587026986479548,0.025366711671730373
17.735,-0.6555740120582972,0.020041676755438952,-0.007012551952261108
17.740000000000002,0.13836604804653946,0.07535447834242338,-0.0391340125465677
17.745,0.6745814682450256,0.12850421410506233,-0.07011149587268832
17.75,0.16312182522133456,0.17798904202944776,-0.09910819397483427
17.755,-0.38384228148298727,0.2224116365039485,-0.1252913289139508
17.76,0.26683974213600353,0.2605186454908827,-0.1478794059666201
17.765,0.7768454815719635,0.29123605306116807,-0.16625697152926908
17.77,0.21917962067492475,0.31369944955763507,-0.17993841425180584
17.775000000000002,-0.18128478022169403,0.327278356254041,-0.18853708918428458
17.78,0.37025408602103377,0.3315939200218702,-0.19177156933729272
17.785,0.8741570745167049,0.32652948142361243,-0.1895689920268547
17.79,0.16026478242433007,0.31223372149222944,-0.1820340924504517
17.795,-0.02644460262646514,0.2891163025169881,-0.1693703610337393
17.8,0.19029243236252727,0.2578361304882057,-0.1519034010216811
17.805,0.7512586176040911,0.2192825754528246,-0.13013553403093955
17.81,0.11791702252801121,0.17455018499980557,-0.10473521013342267
17.815,-0.3716290466286263,0.12490760980917906,-0.07641283636279927
17.82,0.28828674641699614,0.07176162347268189,-0.04593363483260836
17.825,0.3431600582803683,0.016617257022908127,-0.014165810387937438
17.830000000000002,-0.27799627147061934,-0.03896482210539128,0.017945330760593448
17.835,-0.5764263539845573,-0.09341247968427865,0.04952151836488386
17.84,-0.06675883349926998,-0.14518658278343402,0.07969030240193216
17.845,0.14862200428718128,-0.1928245085440853,0.10758794798016844
17.85,-0.3777504346438957,-0.2349814637024734,0.1323947241498333
17.855,-0.7562445490314776,-0.27046844756687954,0.15341925591196592
17.86,-0.18566650879018332,-0.29828578676275425,0.1701085628788214
17.865000000000002,0.1977372322391283,-0.31765129592807806,0.18199121604901639
17.87,-0.5591306999831088,-0.3280222710820631,0.18869939645744208
17.875,-0.8792083103652955,-0.32911069727883224,0.19005326346655232
17.88,-0.22078217469536932,-0.32089124443239575,0.18605038786952052
17.885,0.2666915985662154,-0.30360182941264047,0.17680317462458156
17.89,-0.32873934586582865,-0.2777367328812578,0.16254189003746883
17.895,-0.6956093366490295,-0.2440324699085732,0.14368691457362104
17.900000000000002,-0.002358526563897012,-0.20344681823053443,0.12080405544358223
17.905,0.482615171852135,-0.1571316012822368,0.09454011284032521
17.91,-0.395015368429838,-0.1063999994181282,0.06560560628697881
17.915,-0.452577583366255,-0.05268931702624664,0.034826259111493035
17.92,0.03554919075350635,0.002479738786767355,0.0031192810903620106
17.925,0.4664672762541173,0.057546114227517875,-0.028629153898913875
17.93,0.021413455690588945,0.11095258050169138,-0.05957728985980939
17.935,-0.3909778129413267,0.16118977125813197,-0.08882812632960592
17.94,0.11001385044327382,0.2068388404290336,-0.11551374264069274
17.945,0.8312714699192958,0.24661153485816617,-0.13889122212726748
17.95,0.11940084506659993,0.27938654993387035,-0.15834891787407207
17.955000000000002,-0.43110902273126545,0.30424114223723236,-0.17332676435531144
17.96,0.46830335841781245,0.32047710796076956,-0.18337577058490012
17.965,0.744898496091653,0.3276403957265231,-0.18821569208000302
17.97,0.238331881732046,0.32553380289522793,-0.18774860510617605
17.975,-0.1798726150217272,0.3142224003945331,-0.18198509343105054
17.98,0.24181604569704834,0.2940315369546144,-0.1710608195415544
17.985,0.7717762990425259,0.2655374835943098,-0.1552880800960237
17.990000000000002,0.022884912944055175,0.22955098731072013,-0.13516475464958863
17.995,-0.5314647786283487,0.18709420330527685,-0.11125390825094332
18.0,0.12203350376679846,0.13937166206586726,-0.08419925960520268
18.005,0.5511457863796989,0.0877360959393654,-0.05476554086741519
18.01,-0.2948880643991091,0.033650094720657324,-0.023828549628523023
18.015,-0.3493663474297114,-0.021355322830852744,0.0077326761620304585
18.02,0.14280766829211028,-0.07572404805889439,0.03907772892422837
18.025000000000002,0.414820850200165,-0.1279189052394488,0.06930812139688075
18.03,-0.26297711109903393,-0.17646511274029514,0.09751150959121291
18.035,-0.37292837372703064,-0.2199919537073175,0.12292873428975845
18.04,-0.23041155232825922,-0.25727147884415574,0.14486151746530815
18.045,0.20093867067609528,-0.2872531484902989,0.16269363508645
18.05,-0.3769791698365061,-0.30909343669896117,0.17588783486762302
18.055,-0.6930428220708358,-0.3221795630812689,0.18408376045680228
18.06,-0.22621598376481528,-0.3261466847580434,0.18708589517967386
18.065,0.2780527591315664,-0.3208880661176608,0.1848155999357701
18.07,-0.2615058553663874,-0.30655794296561184,0.17728716853438156
18.075,-0.744353030983449,-0.2835670044347382,0.16474941824769712
18.080000000000002,-0.03963946345096819,-0.2525706248523298,0.14758501464326945
18.085,0.4131902528201046,-0.21445018272326766,0.12628327216332821
18.09,-0.31237240977352987,-0.17028799929394056,0.10139365612899887
18.095,-0.8897549483616223,-0.12133660928994922,0.07365450453341682
18.1,-0.13241367162120793,-0.06898323628864399,0.04388310287096806
18.105,0.6393304379122787,-0.01471048028396179,0.012909372378175894
18.11,0.021485058190438215,0.03994566847817387,-0.018430057957454248
18.115000000000002,-0.3315159780420795,0.09343930036866915,-0.04923086323893669
18.12,0.16949084978625192,0.1442583116461403,-0.0785860751966561
18.125,0.5740560711514882,0.19096714737387438,-0.10567555499783289
18.13,0.07521600489848623,0.23224735375239974,-0.1297798733677735
18.135,-0.15591149964185658,0.26693479431676215,-0.15020463922696317
18.14,0.4681946184964027,0.2940524794890453,-0.16633974335446508
18.145,1.0245689371658662,0.31283808366924704,-0.17774719426644314
18.150000000000002,0.18631159364321256,0.32276537485022155,-0.18414128186105821
18.155,-0.18665036246841765,0.3235589543720981,-0.18534366590487633
18.16,0.43370935472831496,0.3152018939942363,-0.18127658991768633
18.165,0.877110256280329,0.2979360585857684,-0.17207045630256074
18.17,0.14739937911748272,0.27225510972519645,-0.15802987159954934
18.175,-0.19706482312011106,0.2388903924966396,-0.1395501242737634
18.18,0.2973784726554173,0.1987901089218875,-0.11711417888115581
18.185,0.47202310801649106,0.1530923710864448,-0.09137598216529455
18.19,-0.07416889735985605,0.10309289975105107,-0.06310171229087201
18.195,-0.31916176409591823,0.0502082852090274,-0.033080116734450965
18.2,0.16151928701850143,-0.0040641478984784875,-0.002128240197792668
18.205000000000002,0.3085791612346146,-0.058188734683726956,0.028873784412191083
18.21,-0.26325452962313023,-0.11063492270812705,0.059003764298876195
18.215,-0.5707298791256339,-0.15992055373969663,0.08743082206992249
18.22,0.08153245449337884,-0.20465375061975247,0.1133812685184705
18.225,0.17920386597740434,-0.2435722254781002,0.13611346763670715
18.23,-0.24855614164608347,-0.27557889918352124,0.15495606927027034
18.235,-0.7977883139315721,-0.29977282691266266,0.16938432204169152
18.240000000000002,-0.24818424437294967,-0.3154745580820374,0.17903253601593835
18.245,0.00470796591717898,-0.3222452168208128,0.18362433631201883
18.25,-0.697896870057503,-0.3198987671883702,0.18299028111150378
18.255,-0.9618217540433149,-0.3085071204113016,0.17717832203616757
18.26,0.08686656050198188,-0.2883979440605486,0.16637343400737153
18.265,0.16887254382789513,-0.2601452395737739,0.15089565479511827
18.27,-0.4196774018832421,-0.2245529590084906,0.1311430957062472
18.275000000000002,-0.6943853123951466,-0.1826321286061193,0.107690252543486
18.28,0.05915185477018406,-0.13557213009835467,0.08123643016705305
18.285,0.45952087863565816,-0.08470695551608079,0.05252744958921514
18.29,-0.1067088500370732,-0.03147739291979964,0.022326079115160043
18.295,-0.36410009713174557,0.022609785035602077,-0.008497030212094888
18.3,0.3066212627762118,0.07602447368094381,-0.03902183548059786
18.305,0.6381312480151027,0.12725652267219628,-0.06840744587116439
18.31,0.24515019638400437,0.1748584315203785,-0.09585416826723966
18.315,-0.07486505852731745,0.21748624720011833,-0.12058162088273636
18.32,0.35692932393274196,0.25393750831230805,-0.14184933805734495
18.325,0.9359730474881593,0.28318516451081704,-0.15907397373649473
18.330000000000002,0.3242593563212727,0.3044065143851766,-0.17180851276224046
18.335,-0.34946757394722006,0.3170063464613039,-0.1796895307478143
18.34,0.5108322851870791,0.3206336324262283,-0.18245170673156255
18.345,0.7303846547958183,0.31519130443342663,-0.1800439004559519
18.35,0.01915176711133748,0.30083884422342677,-0.17256656678145565
18.355,-0.20897247096987404,0.27798761525273,-0.16023433215538901
18.36,0.22897871669766737,0.24728907430315245,-0.14335408841181718
18.365000000000002,0.6571021710505205,0.20961620033681772,-0.12242184225581784
18.37,0.12673378244031747,0.16603866997916206,-0.09806876445638228
18.375,-0.35368978923664696,0.11779248553956066,-0.0709842588183391
18.38,0.1948006164806058,0.0662449179337119,-0.041888029412049096
18.385,0.4597628305067798,0.012855758841122875,-0.011625623483689373
18.39,-0.30321864810232524,-0.040864019802448893,0.018922914872634936
18.395,-0.491740049048132,-0.09339502823042672,0.04889319351226227
18.400000000000002,-0.12638272227855896,-0.1432524329511564,0.07747220640296022
18.405,0.24765373544233588,-0.18902792705493254,0.10385190302568037
18.41,-0.2724165274768137,-0.2294295103837239,0.12724133876185217
18.415,-0.7971741653309743,-0.26331795589663126,0.1470013371150483
18.42,-0.16015350058764355,-0.28973893297639053,0.16260972169996474
18.425,0.12256687832104857,-0.30794988188616057,0.17362194493740016
18.43,-0.43151488120208153,-0.31744088258882625,0.17968998055609312
18.435,-0.9249910514636984,-0.31794893145615877,0.18065542113185676
18.44,-0.19616929205366465,-0.3094652261905806,0.17652843470383853
18.445,0.1697065510253578,-0.2922352572657443,0.16743576837210072
18.45,-0.21376798436651684,-0.26675170775700335,0.15358333024913198
18.455000000000002,-0.8224174111975819,-0.2337403668187863,0.13539201099017448
18.46,-0.10309418332130485,-0.1941394595204575,0.11341666981378298
18.465,0.48331160424056285,-0.14907298169596375,0.08826157469803342
18.47,-0.43270279833750974,-0.09981879764120184,0.06061011379667948
18.475,-0.5150638301544779,-0.04777240613645355,0.03126096780366738
18.48,0.23207316417913923,0.005592597787828873,0.001075886846458827
18.485,0.502601469364573,0.05876624511309652,-0.029090105449724384
18.490000000000002,0.027690774137004562,0.11024491782410706,-0.05843462388540825
18.495,-0.11305225209731093,0.15857386770696494,-0.08611556825462065
18.5,0.42127837141125546,0.20238832661573164,-0.11131250142129427
18.505,0.6528170441720584,0.24045204645173157,-0.13332469029266417
18.51,0.16700145170928693,0.271692180514361,-0.15157449920299262
18.515,-0.25743206387198786,0.29522952203068503,-0.16553398394954386
18.52,0.5238375311282142,0.3104032475875982,-0.17477817641425503
18.525000000000002,0.6262657566620357,0.3167894691302472,-0.17905296372410234
18.53,0.12882480265490795,0.3142130737244966,-0.17829182316500614
18.535,0.046774752746805204,0.3027525204358656,-0.17250069554241249
18.54,0.34602815153525557,0.2827374630639853,-0.1618149515343356
18.545,0.7507366090719236,0.2547392704460733,-0.1465490117493595
18.55,0.18599144554365588,0.21955471686226283,-0.12717406522304697
18.555,-0.28406425051738393,0.1781833080622249,-0.10423434745845647
18.56,0.18450374736725636,0.13179888813189994,-0.0783488261871613
18.565,0.6237271169593643,0.08171633376033761,-0.050252209215917
18.57,-0.10407264753387908,0.029354280893543517,-0.020785079138749617
18.575,-0.4931878790394069,-0.0238050596198019,0.009235087153894485
18.580000000000002,0.026238271981822686,-0.07625785912304855,0.038990182086783065
18.585,0.4079146424280047,-0.12652121329714902,0.06762695888614138
18.59,-0.37858370721366696,-0.1731750658660577,0.09429418653961927
18.595,-0.6403899829120064,-0.21490232861725153,0.11826607991248084
18.6,-0.06948566902522296,-0.2505260642456853,0.13889092128926125
18.605,0.25625319126111473,-0.27904268230817036,0.15559031747393634
18.61,-0.4624128523204881,-0.29965021198740105,0.1678419114445167
18.615000000000002,-0.845740891062133,-0.31177085518669,0.17533274774346
18.62,-0.1734569747746509,-0.3150671857342846,0.17788503500419736
18.625,0.26694951544439904,-0.30945154057018565,0.17541727645879945
18.63,-0.4470138357397159,-0.2950883416109953,0.16795915130789396
18.635,-0.7206951542254585,-0.2723892870803872,0.15575194377925838
18.64,-0.23138609302782615,-0.24200155278964677,0.1391735139174942
18.645,0.2599178912680587,-0.2047893414495794,0.11868745596683836
18.650000000000002,-0.341423159518021,-0.16180930600585874,0.09483502837232427
18.655,-0.46905232088021714,-0.11428054590699449,0.06830689710823544
18.66,-0.12603519077323583,-0.06355002825497702,0.039886522616117595
18.665,0.5014452815321582,-0.011054414640342528,0.010385775794882882
18.67,-0.03125563890273544,0.0417206245055984,-0.019400380689035643
18.675,-0.5007812032389957,0.09328245583743598,-0.04863000225717274
18.68,0.20760006241974338,0.14217369935394616,-0.0764369914624134
18.685,0.6242106292239803,0.18701342097797888,-0.1020360164723886
18.69,-0.052943726416655484,0.2265361371517076,-0.1247519273806755
18.695,-0.04871369006951093,0.2596275297576684,-0.14393806353207317
18.7,0.4588194225264587,0.28535586340734337,-0.1590104761958089
18.705000000000002,0.6055462687782929,0.3029982193188282,-0.1695655026139342
18.71,0.17902502326664713,0.31206080715772483,-0.17533080590298192
18.715,-0.100747380080902,0.31229278416408657,-0.1761442398360791
18.72,0.37259007068776184,0.30369319486981855,-0.1719479812833602
18.725,0.9613264359410216,0.2865108395120698,-0.162875193424483
18.73,0.173292658441351,0.26123707935248314,-0.14923797205609737
18.735,-0.33887417512211737,0.22859178685764925,-0.13140645097444165
18.740000000000002,0.3765175275259434,0.1895028424329881,-0.10985163087497433
18.745,0.5983976334408257,0.1450797616562928,-0.08519558753607899
18.75,-0.0022245341142556746,0.09658220258030784,-0.058176522012030836
18.755,-0.6334132282576372,0.04538424699304569,-0.029543760760253147
18.76,0.19542701822659297,-0.007064531528130801,-8.112963098958449e-05
18.765,0.255063648133502,-0.05928010970528538,0.029367069282792847
18.77,-0.14119179546858726,-0.10978600475346179,0.05793549693106212
18.775000000000002,-0.6996727643684277,-0.157155024569129,0.08483218208612324
18.78,-0.09458124468646,-0.20004959734667416,0.10932701061271469
18.785,0.3348883941378932,-0.23725954098563476,0.1307222648547368
18.79,-0.34501970280668315,-0.26773620578151686,0.14837394485516892
18.795,-1.020192990638802,-0.2906220271408066,0.16179804414186835
18.8,-0.15950236610719365,-0.30527465548411636,0.170658115354294
18.805,0.3942493230918934,-0.31128498439393204,0.1746995387246466
18.81,-0.32204895360449637,-0.3084885710605916,0.17377086282144194
18.815,-0.7492718876915636,-0.2969701302739526,0.16790849601902427
18.82,-0.35853613477789364,-0.2770609792978313,0.15732758869975694
18.825,0.2325934969195217,-0.24932951039739204,0.14232719033818741
18.830000000000002,-0.394043483712347,-0.2145649649236658,0.12329631586710128
18.835,-0.6262780290062308,-0.17375497212144217,0.10077817254797032
18.84,-0.039550880340894795,-0.12805749186863316,0.0754506860857268
18.845,0.5422308207043754,-0.07876795840607775,0.04802497879396241
18.85,-0.05601898749575736,-0.027282557326670027,0.019249098422931953
18.855,-0.4541395231138531,0.0249413231520162,-0.010055585886923605
18.86,0.3121337643973534,0.07642634636095538,-0.039046273666902394
18.865000000000002,0.5160717988009524,0.1257170190163201,-0.06687754371497205
18.87,-0.023184387361814995,0.1714208384807423,-0.09281948872822873
18.875,-0.2650275092467429,0.2122476321997326,-0.1161246818521771
18.88,0.3359767871942934,0.2470459779366504,-0.13610273642398354
18.885,0.7488862350273924,0.27483567670208564,-0.1521972264612412
18.89,-0.02238390231260784,0.29483536256687254,-0.16400075554766838
18.895,-0.3016304120175129,0.30648447166943077,-0.17116968873227745
18.900000000000002,0.5519435744041854,0.3094589527550802,-0.17346817881784818
18.905,0.914265277895298,0.30368027897590244,-0.1708389965926598
18.91,0.06457021128940002,0.28931751040896,-0.1634069232500654
18.915,0.06777981144694306,0.26678235344217976,-0.15137471370932057
18.92,0.3222826570135662,0.23671736126569942,-0.1350515836163526
18.925,0.7554269875476513,0.1999776135874335,-0.11490109502459657
18.93,0.03375656788097968,0.15760639788568817,-0.09154512844279643
18.935,-0.36083152508201916,0.11080558381494608,-0.0656400753427073
18.94,0.23598613808584495,0.060901532016076065,-0.03786988587577254
18.945,0.6474743826911429,0.009307504327926435,-0.009046005058697145
18.95,-0.13369707542742165,-0.0425163592834839,0.01998115591838722
18.955000000000002,-0.45014860384732286,-0.09310436363705436,0.048405074381314535
18.96,-0.11459502018718085,-0.14102671162091882,0.07546098456954138
18.965,0.3309246740291567,-0.1849299154489832,0.10037039804735857
18.97,-0.3200214515439149,-0.22357502371871962,0.12239690457747915
18.975,-0.6918043857511766,-0.25587258460831136,0.14092551120025185
18.98,0.004637571042013011,-0.2809133585551412,0.15547534232466084
18.985,0.09875830109698053,-0.29799391460384356,0.16562553996588925
18.990000000000002,-0.4326093629291781,-0.306636389866986,0.17105757565767585
18.995,-0.6390316281262957,-0.30660185707869103,0.17163164112044585
19.0,-0.12679751457894123,-0.2978969263494146,0.16738014077424296
19.005,0.1264266581771613,-0.2807733988130646,0.1584132347754862
19.01,-0.35105218759877216,-0.25572098647314945,0.1449468374071678
19.015,-0.6156039116867692,-0.22345330863698548,0.12737729286629795
19.02,-0.17384759163942143,-0.1848875653329276,0.10624811227174842
19.025000000000002,0.28643486202685187,-0.14111846666345737,0.08214956985189421
19.03,-0.22770999764232056,-0.09338715911643158,0.05572328524643262
19.035,-0.656663490827306,-0.043046030863502845,0.027732603042919805
19.04,0.07225522325072578,0.008479605954562243,-0.0009902152410936327
19.045,0.5152029110968779,0.059731870285027334,-0.029642712315701557
19.05,-0.002884251651697825,0.10926156198212744,-0.05746345891020764
19.055,-0.469459263594209,0.1556691392466787,-0.08364713714498927
19.06,0.2915594413773346,0.19764426501001633,-0.10741095615393828
19.065,0.6040533636970015,0.2340028048109326,-0.1281066799430918
19.07,0.20633619263870973,0.2637202315178287,-0.14517690458256682
19.075,0.026225504582274406,0.2859604945453064,-0.1581407402070629
19.080000000000002,0.3568869605024718,0.3000995400965363,-0.1665949076867706
19.085,0.753719876117025,0.30574282076585074,-0.1703202071013214
19.09,0.0008100537950478937,0.30273630325202505,-0.1692413918831269
19.095,0.0005485913150303223,0.2911706671310404,-0.16339942248275224
19.1,0.24836180666627888,0.27137858039792895,-0.152919506009916
19.105,0.655630327252154,0.2439251333547138,-0.1381045403952654
19.11,0.1942046058516157,0.20959170585375952,-0.11942751822636162
19.115000000000002,-0.2369756911476523,0.16935372843337101,-0.09740152578076558
19.12,0.35470609293318167,0.12435297026553037,-0.07262377410355075
19.125,0.6502038393303757,0.07586514120483867,-0.04579634993221305
19.13,-0.18292342255299462,0.025263727231555372,-0.017726676805855907
19.135,-0.48435383434631346,-0.026018915498950843,0.01080056387022969
19.14,-0.020842750838806046,-0.07653210593341292,0.03902053288212648
19.145,0.32937580562071317,-0.12484787501876758,0.06613314646926263
19.150000000000002,-0.3453367313925331,-0.16960133336588856,0.09132664497848056
19.155,-0.7388409327845289,-0.20952922851152397,0.11389854818184934
19.16,-0.26298915646055177,-0.24350560256039955,0.13324982800631935
19.165,0.1505412340285231,-0.27057354370667097,0.14883137961949736
19.17,-0.4028833253909271,-0.2899721362629303,0.16016437981969434
19.175,-0.9446490536798658,-0.30115785020225805,0.16694435862873686
19.18,-0.11672982695784365,-0.30381976897041163,0.16902219956137193
19.185,0.286263162893555,-0.29788822897811973,0.16632813324466797
19.19,-0.5958251398447493,-0.2835366307843205,0.15890640493465058
19.195,-0.7243407180699089,-0.26117637524701015,0.1469818914126868
19.2,-0.04968706957360869,-0.23144507237796508,0.13094099290041775
19.205000000000002,0.22865914318251557,-0.1951883607910464,0.11122748646497073
19.21,-0.15381584259510675,-0.15343585610615515,0.08836364118566235
19.215,-0.6993134242131955,-0.10737191236463584,0.06300846308966833
19.22,0.17289163618933653,-0.05830202675066457,0.03592017627691403
19.225,0.40660780184825684,-0.007615840574715188,0.007855191906088821
19.23,-0.003833261140002757,0.043252214895932395,-0.020429502151064163
19.235,-0.4437419784198223,0.09286351326111864,-0.0481285678632594
19.240000000000002,0.13283863302039978,0.13981591961933967,-0.07441782909604525
19.245,0.7161251944179501,0.18278341832204392,-0.09856030135006243
19.25,0.06364196457949967,0.22055356187265993,-0.11991916716911963
19.255,-0.16618932994891827,0.2520616833518968,-0.13787113190740974
19.26,0.31600116743321716,0.27642090697942134,-0.15189339323481024
19.265,0.764301410818381,0.29294711089140324,-0.16159256953094922
19.27,0.16182711138816497,0.30117813952660005,-0.1667349840490719
19.275000000000002,-0.35424756336389035,0.30088672610267037,-0.1671728233015403
19.28,0.35956051050804283,0.2920867639023114,-0.162860668525667
19.285,0.5373054613959877,0.2750327534268632,-0.15393457251134887
19.29,0.5205515105707171,0.2502124455781378,-0.14068382755354872
19.295,-0.4905399910067906,0.21833289343497309,-0.12348823377777533
19.3,0.413674896978974,0.1803003114565151,-0.10278710779825796
19.305,0.5336810629307831,0.13719431580826943,-0.07918357506598299
19.31,0.11493218499882021,0.09023727802884672,-0.05338159581337931
19.315,-0.3403693071850443,0.04075966196573664,-0.026114271102937046
19.32,0.10095592038764808,-0.009837673075728373,0.001893875554453815
19.325,0.40377055395688405,-0.06012313488262199,0.029838057251075807
19.330000000000002,-0.3659213532812333,-0.10867490361707746,0.05688229687374877
19.335,-0.5193333747870185,-0.1541211337779724,0.08228400649958768
19.34,-0.04646535510214425,-0.19517871612962756,0.10535407603492997
19.345,0.30632221536712545,-0.23068950436749125,0.12544320600490258
19.35,-0.3263919951589849,-0.25965298371707685,0.14193964389705682
19.355,-0.7915027411062285,-0.2812544599685008,0.15438710391340804
19.36,-0.03892127645796911,-0.2948879747456782,0.16248545462987127
19.365000000000002,0.4018322391483861,-0.30017330248287727,0.16599751746053393
19.37,-0.3716402254452954,-0.2969665523820517,0.16479508664667528
19.375,-0.6726239832767689,-0.28536407979559597,0.15891187914451402
19.38,-0.2821102588595901,-0.26569960088746813,0.14855906413897513
19.385,0.2858342304560297,-0.23853459670993155,0.13402589079136643
19.39,-0.32524061312905983,-0.20464228255222994,0.11569788662102848
19.395,-0.7288523610193356,-0.16498560020961298,0.09409949312334981
19.400000000000002,-0.06278200906836168,-0.12068985954750858,0.06989096126323686
19.405,0.22241113488546616,-0.07301080663712976,0.04374122159277762
19.41,-0.12073469732685659,-0.02329902455549183,0.016355291549626873
19.415,-0.41509276990693594,0.02703832395017703,-0.011482031100035327
19.42,0.21601756917742404,0.07657732823605891,-0.03894230986296761
19.425,0.708655176278495,0.12391760847721095,-0.06526319149465606
19.43,0.021533347643046263,0.16772190194355516,-0.08974235667742875
19.435,-0.3721492846780977,0.2067538378016326,-0.11167340304667694
19.44,0.3421372813326582,0.23991283338599292,-0.13040284117356124
19.445,0.7407812361186271,0.26626512700608773,-0.14541503739180647
19.45,0.1767295661637992,0.28507007227376047,-0.15631367221694453
19.455000000000002,-0.20330300107222515,0.29580095353001234,-0.1628026016103498
19.46,0.3822990161145145,0.29815973739061175,-0.16465332147805156
19.465,0.7400707973768716,0.29208534731084557,-0.1618424168263823
19.47,0.00996689946249285,0.27775523151777404,-0.1544790274651545
19.475,-0.13191227137232836,0.25558018447726455,-0.14276439884462008
19.48,0.4129404958944037,0.22619257288119243,-0.12700128831289295
19.485,0.6843237910482687,0.1904283035601979,-0.10764412883775047
19.490000000000002,-0.010434569609814537,0.14930304747921574,-0.08528575998472114
19.495,-0.49925873371790463,0.10398339606672223,-0.06055823771902049
19.5,0.30616563796021984,0.055753768986944854,-0.03410679412985285
19.505,0.37855533094884797,0.005980012062630877,-0.006709955730001824
19.51,-0.2495314772016758,-0.04392928297278158,0.02082162896086986
19.515,-0.6809709258609471,-0.09256264148461685,0.04773821424497504
19.52,-0.2549169419223265,-0.13854562358719988,0.0732965534267626
19.525000000000002,0.2707802932082082,-0.18057966753134355,0.0967749539973409
19.53,-0.30391879730873445,-0.2174787610665171,0.11746556714850173
19.535,-0.7677107108226163,-0.2482029051817609,0.13480364312906892
19.54,-0.13634912340343353,-0.27188742604048804,0.14833014908555883
19.545,0.08435825525824675,-0.2878673089756831,0.15767326779713742
19.55,-0.3120328116733284,-0.295695869746998,0.16252744484895107
19.555,-1.0192262933093899,-0.29515723886690287,0.16275956964130595
19.56,-0.08865400344115737,-0.2862723101248157,0.1584146101017186
19.565,0.32692682935873224,-0.2692979895070366,0.14961272092092345
19.57,-0.4115617808193856,-0.24471977028685465,0.13656307927917044
19.575,-0.7536129225793512,-0.2132378487782167,0.11964555004789462
19.580000000000002,-0.07748213626230482,-0.17574717777178464,0.09938341650263913
19.585,0.4439910537657087,-0.13331202584618626,0.07634743299194566
19.59,-0.3429952100858461,-0.08713576573659411,0.05115409174123369
19.595,-0.37327823242045727,-0.03852674937510942,0.024527577719082906
19.6,0.17216374164630505,0.011138762694392228,-0.0027459892196119466
19.605,0.535292210273042,0.06045556717919836,-0.029905849733806757
19.61,-0.15983449162204247,0.10802927594322345,-0.05622203161490984
19.615000000000002,-0.2536523925789273,0.15251574107149235,-0.08093891293137974
19.62,0.23315955319812828,0.19265903238475238,-0.10331792835947912
19.625,0.6568630099983124,0.22732689439077003,-0.12273362033747223
19.63,0.1610624015857446,0.2555426816689053,-0.13868463182949875
19.635,-0.10840824110095365,0.2765128719547741,-0.1507107566649998
19.64,0.2535131533100456,0.2896493818678249,-0.15843748981069927
19.645,0.7636151220454102,0.29458605773259045,-0.16166214661042091
19.650000000000002,0.14652902955641509,0.2911888791002658,-0.16033952831590956
19.655,-0.17858185604037236,0.27955959069689934,-0.1545037088608735
19.66,0.43274432471841523,0.2600326645623425,-0.14427438352844593
19.665,0.6638276751920013,0.2331656828332801,-0.12996176645452234
19.67,-0.017215814696477594,0.1997234176265933,-0.11201237735865122
19.675,-0.3106448225711861,0.16065606253644588,-0.09092799848459988
19.68,0.31415034925502316,0.11707223534182197,-0.06726268553120845
19.685,0.7275103538094282,0.07020751896802767,-0.04170085172216567
19.69,-0.19220987414155885,0.02138943340116691,-0.015007566753578037
19.695,-0.5174289430840858,-0.028000168422434225,0.012065534340459675
19.7,-0.015935945417718436,-0.07656421555730791,0.03880188503928641
19.705000000000002,0.4977834704351223,-0.12292993762801739,0.064423656124179
19.71,-0.27903165009351305,-0.16578766919437748,0.08817997038751359
19.715,-0.6667724221529568,-0.20392784301349356,0.10939745566054683
19.72,-0.07751505848649765,-0.2362751272768458,0.12752414145400706
19.725,0.3789019935056758,-0.2619187433833314,0.14204458712702114
19.73,-0.37148456376309635,-0.28013810948328327,0.1525155276259374
19.735,-0.7534187003501961,-0.29042308779944487,0.15864321867722964
19.740000000000002,-0.17700924729461853,-0.29248826683105944,0.16030201919071085
19.745,0.2538574932492351,-0.2862808786293952,0.1574356979635376
19.75,-0.3892851518207041,-0.2719821316070627,0.15010434642937276
19.755,-0.8272735251617296,-0.250001925702194,0.13852437628417444
19.76,-0.28133958578367846,-0.22096710388794014,0.12305471746398738
19.765,0.3789544360782351,-0.18570357670382284,0.10414149520538009
19.77,-0.248111736044395,-0.14521282952539571,0.08227037321307352
19.775000000000002,-0.6511105130948803,-0.10064348079398547,0.05808246711862691
19.78,0.16338936146482358,-0.053258698929137094,0.032294625960131294
19.785,0.4914204784642248,-0.00440040220696457,0.005628216519667822
19.79,0.21525117020395584,0.044548743769455355,-0.021194901363555833
19.795,-0.47725073585921185,0.09220445479418424,-0.04740291095386668
19.8,0.09899058514578164,0.13721997565559627,-0.07222333570878976
19.805,0.6989305078513017,0.17832413951188775,-0.09496040393401677
19.81,0.18652059878526028,0.21435726348695888,-0.11501545237280236
19.815,-0.17639931083987764,0.24430386685963756,-0.1318138180739116
19.82,0.4250300981812123,0.26732128877434636,-0.14483892814363142
19.825,0.8467211192077406,0.2827633989967097,-0.15374572055096988
19.830000000000002,0.06559507114259117,0.2901987345623507,-0.1583135684379965
19.835,-0.1427561886422421,0.2894225532608131,-0.15841753637474992
19.84,0.3331006279198835,0.28046246727907953,-0.15401522376885596
19.845,0.663856072178731,0.26357750211328357,-0.14524789072898184
19.85,0.3381677594273657,0.23925061189663555,-0.13240979856308946
19.855,-0.2578288186752216,0.20817486732169838,-0.11585124081658307
19.86,0.24308103350807225,0.17123371112420796,-0.09600154265680966
19.865000000000002,0.4617759313164429,0.12947584359135286,-0.07345197723623138
19.87,-0.08873022846568997,0.08408545203155825,-0.04886850076693515
19.875,-0.36303408462652953,0.03634862932102481,-0.022941724097998835
19.88,0.1469136209412817,-0.012383066168538098,0.0036369207614721376
19.885,0.3634152395160646,-0.06073087677372875,0.030098819176202947
19.89,-0.056987556381231874,-0.10732785445936362,0.05565941894220438
19.895,-0.6083891351826141,-0.1508575087830732,0.07960209476068925
19.900000000000002,-0.012565220346893669,-0.19009100120595235,0.10130453787798104
19.905,0.192590599190778,-0.2239218349149116,0.12012783753766702
19.91,-0.14257249182865842,-0.25139706087671787,0.13551192845888604
19.915,-0.9197095956885897,-0.271744120042359,0.14703403100331341
19.92,-0.19767676341747628,-0.28439256563830906,0.15441075864109516
19.925,0.2559377374016077,-0.28899005479607126,0.15742824192554736
19.93,-0.22965159477015723,-0.2854121612561358,0.15596871736252033
19.935,-0.6542420190152642,-0.27376573593237163,0.15008017050267422
19.94,-0.13389345899596825,-0.254385724777544,0.13997960852837932
19.945,0.19319694955379618,-0.22782553847946485,0.1259511221814605
19.95,-0.36463330278640776,-0.19484125080483128,0.10834087554397155
19.955000000000002,-0.5454486250974835,-0.1563700767398355,0.08766855576891008
19.96,0.01133843908937296,-0.11350374302932634,0.0645629458428123
19.965,0.3004449353948182,-0.06745750773304302,0.03966757617904684
19.97,-0.13168768781479037,-0.019535707935608163,0.013661922512339289
19.975,-0.6064484080238312,0.028905187680519,-0.01272620007522068
19.98,0.06439941092941553,0.0764949748077377,-0.0387088778943889
19.985,0.5916670403969015,0.12188847120322173,-0.06355917661211175
19.990000000000002,-0.04229954385235285,0.16380353979566256,-0.08659939695395077
19.995,-0.24873354422977512,0.20105730244395825,-0.10718680570429727
20.0,0.2778131477679308,0.2325995215005795,-0.12470026833898755
20.005,0.7934476693792936,0.25754220713787696,
20.01,0.17741193263277139,0.2751846157862054,
20.015,-0.34062301716141713,0.28503293595328055,
20.02,0.5810849219276208,0.28681410842362237,
20.025000000000002,0.7226609242321094,0.2804833941010458,
20.03,0.3616869542884463,0.26622547984179873,
20.035,-0.3089157854341592,0.2444490955160542,
20.04,0.2948898535880683,0.21577529905476248,
20.045,0.8093940961124952,0.18101976519694693,
20.05,0.15348413984553105,0.141169582991514,
20.055,-0.4837363135042259,0.09735522204589736,
20.06,0.1397374916908574,0.05081846367811576,
20.065,0.42753477665089545,0.002877206684657189,
20.07,-0.043206827813735936,-0.04511185481598214,
20.075,-0.6455164670937164,-0.09179162452422135,
20.080000000000002,-0.06504680839985898,-0.13584298159789607,
20.085,0.2598337248161289,-0.17602205750034994,
20.09,-0.3320661999673781,-0.21119535866013447,
20.095,-0.7467791540538696,-0.24037174320206234,
20.1,-0.2617215687402418,-0.262730349669797,
20.105,0.2717551772792618,-0.2776436907694253,
20.11,-0.19141489606128953,-0.2846952624458998,
20.115000000000002,-0.7373616896195512,-0.2836911741652695,
20.12,-0.2892017238734329,-0.2746654756999242,
20.125,0.23271693986745773,-0.2578790342029124,
20.13,-0.3331401946282784,-0.233811997855374,
20.135,-0.7158477808552632,-0.20315006371528244,
20.14,-0.12717602422210036,-0.166764942457443,
20.145,0.62191205769955,-0.12568957652877696,
20.150000000000002,-0.21739894498750134,-0.08108881622296261,
20.155,-0.6386141333727552,-0.0342263861319144,
20.16,0.27344858981778614,0.01357092124798266,
20.165,0.6503356806323227,0.06095081022016888,
20.17,-0.017647428737340126,0.10657374135802836,
20.175,-0.4268480582005687,0.14915080329774252,
20.18,0.538356830477732,0.1874801261350898,
20.185,0.9132665730007571,0.22048080770591807,
20.19,0.1328773925362577,0.2472233950885391,
20.195,-0.37030519949487134,0.26695606175874426,
20.2,0.5913168732078977,0.2791257431590214,
20.205000000000002,0.8115222703759769,0.28339363653792227,
20.21,-0.020558547347670153,0.27964463071022516,
20.215,-0.2122104139690989,0.2679904033547532,
20.22,0.38398457004288067,0.2487661027310841,
20.225,0.7439172795461348,0.2225207121849445,
20.23,0.05509432496374295,0.19000137439061732,
20.235,-0.3790419694573075,0.15213212289896424,
20.240000000000002,0.23432762127002188,0.10998762640224298,
20.245,0.39971062439558336,0.06476269173700189,
20.25,-0.1014654146293207,0.01773839105969829,
20.255,-0.5680764726673991,-0.02975422651570125,
20.26,0.04896609905612068,-0.07637181089813086,
20.265,0.26319090003882456,-0.12079670818428,
20.27,-0.3143831973490373,-0.1617742042464828,
20.275000000000002,-0.5819192837864833,-0.19814796205449645,
20.28,-0.18397747548050303,-0.22889265186748964,
20.285,0.25210075615785543,-0.25314285352764565,
20.29,-0.31853327174484036,-0.27021741616090494,
20.295,-0.9050441688115494,-0.27963858963189,
20.3,-0.129171497743319,-0.2811453904379619,
20.305,0.17408909934463812,-0.2747008281559588,
20.31,-0.5445958456203774,-0.26049279244119594,
20.315,-0.7831618994036309,-0.23892857999657072,
20.32,-0.13245836736871294,-0.21062322080270152,
20.325,0.13593704293443823,-0.17638193814064604,
20.330000000000002,-0.443656844105746,-0.1371772425942979,
20.335,-0.7151910492948885,-0.09412131161229975,
20.34,0.11123754069551364,-0.04843443906790515,
20.345,0.5543514237429078,-0.001410449835659679,
20.35,-0.002134501779411921,0.04561994040531167,
20.355,-0.4337661493747809,0.09132678252134935,
20.36,0.13372619776412709,0.13441850278172937,
20.365000000000002,0.8064460487294319,0.17367839970787413,
20.37,0.11366070963061478,0.20799899760320095,
20.375,-0.28179150057492863,0.23641328679926632,
20.38,0.37489352619664124,0.2581219693871712,
20.385,0.8216056923972125,0.27251594279415003,
20.39,0.22617360929659203,0.2791933887838149,
20.395,-0.15027040309920592,0.2779709884652807,
20.400000000000002,0.32410881299515054,0.2688889503516291,
20.405,0.791922687307026,0.25220971369509654,
20.41,-0.01014299402390284,0.2284103682841146,
20.415,-0.5093895927222359,0.19816900955283778,
20.42,0.4074709524749299,0.16234541920361273,
20.425,0.4199630297557335,0.12195662173405533,
20.43,0.08203205824525811,0.07814801177510614,
20.435,-0.42415313799226595,0.03216087190249144,
20.44,0.13193531515672932,-0.014702797925675602,
20.445,0.5299739849830366,-0.06111714278654569,
20.45,-0.3109528275996968,-0.10576996341522185,
20.455000000000002,-0.6001846326370038,-0.1473998137986203,
20.46,-0.11603564929576118,-0.18483163694682017,
20.465,0.23784963615646668,-0.2170099321389495,
20.47,-0.24075698212224939,-0.24302851747037513,
20.475,-0.907539553167811,-0.2621560484817293,
20.48,-0.19349279382010953,-0.27385657426734,
20.485,0.012085280333261228,-0.2778045533129458,
20.490000000000002,-0.3407379063558937,-0.27389390840238714,
20.495,-0.7420361177442134,-0.26224086880614744,
20.5,-0.10900455542045057,-0.24318052383703714,
20.505,0.2012926141747715,-0.21725718975129193,
20.51,-0.23923672909202645,-0.1852088668547192,
20.515,-0.6745118557169452,-0.14794623059957512,
20.52,0.07248835038973563,-0.10652675471477534,
20.525000000000002,0.453298899530881,-0.062124701643527014,
20.53,-0.1666177965590457,-0.015997831905768665,
20.535,-0.45975225752868965,0.030548223825135414,
20.54,0.12999693958098804,0.07619692072339822,
20.545,0.5446220418426609,0.11965803784962495,
20.55,0.0725660989560723,0.15970414496669633,
20.555,-0.30877677813461835,0.1952052674383442,
20.56,0.43371866860722885,0.22516077021628964,
20.565,0.8572191849223811,0.2487275612691764,
20.57,0.33213933856088945,0.26524381953856285,
20.575,-0.28327892223877477,0.2742475796435451,
20.580000000000002,0.4075481398391872,0.27548965148466376,
20.585,0.8156648661806019,0.2689405134792165,
20.59,0.23622058508644794,0.2547909888421963,
20.595,-0.31143431092200125,0.23344669027566134,
20.6,0.3306191041557123,0.2055163946648626,
20.605,0.6921011789051038,0.171794680917796,
20.61,0.058389810444272855,0.13323932607836492,
20.615000000000002,-0.4534174699395884,0.09094410271779682,
20.62,0.060161018821269716,0.046107750192717026,
20.625,0.4756204167661291,1.1992160412489536e-14,
20.63,-0.17827023869975667,-0.046074381870212504,
20.635,-0.5503269718082783,-0.09081251730007564,
20.64,0.034155168591408325,-0.1329502583014877,
20.645,0.2626471466849913,-0.17129790735836709,
20.650000000000002,-0.2539415620243016,-0.20477380652998445,
20.655,-0.709029665545242,-0.23243484699074252,
20.66,-0.08615102712334877,-0.25350303845724576,
20.665,0.25615839120096623,-0.26738739000019546,
20.67,-0.4098922274008355,-0.27370048687161924,
20.675,-0.7401725572236744,-0.27226929841667646,
20.68,-0.21166897378055574,-0.26313991561691447,
20.685,0.14631705681225715,-0.2465760886958115,
20.69,-0.504912735963312,-0.22305161064085982,
20.695,-0.7056231612215181,-0.19323676649579927,
20.7,-0.0006398947268988764,-0.15797923593233654,
20.705000000000002,0.34562107414521154,-0.11827999318613419,
20.71,-0.18751905424056312,-0.07526488951717167,
20.715,-0.5204887737634215,-0.030152724951497324,
20.72,0.1517244396632424,0.015779285244679045,
20.725,0.5022849923857725,0.06123167089098176,
20.73,-0.20289665645515714,0.1049194702586006,
20.735,-0.40590603272564274,0.14560855640579573,
20.740000000000002,0.2601165956635251,0.18215049953050755,
20.745,0.4586758568260422,0.2135149805331675,
20.75,0.19363209667730286,0.23881884095054173,
20.755,-0.14529935129419203,0.2573509502088494,
20.76,0.2679634485863194,0.2685921900220393,
20.765,0.7287300336235608,0.272229994356172,
20.77,0.23551632543094986,0.2681670377529193,
20.775000000000002,-0.4308660016677115,0.2565238305820896,
20.78,0.4670854350561168,0.2376351522758814,
20.785,0.7257620463270094,0.21204042790451522,
20.79,0.08333710957235616,0.18046832465315135,
20.795,-0.3952939548300083,0.14381600801439529,
20.8,0.18634952921704018,0.10312364820825626,
20.805,0.5744388880080098,0.05954490122967009,
20.81,-0.010149726148528873,0.014314202228612719,
20.815,-0.42948988872921395,-0.03128820153977418,
20.82,-0.009868025859888552,-0.07597248771229642,
20.825,0.36044253219106176,-0.11847574009039562,
20.830000000000002,-0.07379741940481235,-0.1575976423588547,
20.835,-0.6888805778364094,-0.19223437544700428,
20.84,-0.23654298098506732,-0.22140976126635953,
20.845,0.32651272457186775,-0.24430277412932733,
20.85,-0.40129574973411375,-0.2602706445150774,
20.855,-0.8117973413278596,-0.26886690506188704,
20.86,-0.056327722001455915,-0.2698538721692672,
20.865000000000002,0.07980713216239721,-0.2632092143216054,
20.87,-0.3672049866403706,-0.24912642572192456,
20.875,-0.7763732339015494,-0.2280091963100908,
20.88,-0.19575197030903319,-0.2004598418507497,
20.885,0.2524825834796843,-0.16726212563209714,
20.89,-0.2427528594646819,-0.12935896167336736,
20.895,-0.47359265450954335,-0.08782563372562507,
20.900000000000002,-0.02106928705197824,-0.04383929069405879,
20.905,0.41044899121620226,0.0013544161491713513,
20.91,-0.09857916747448664,0.04647660860053024,
20.915,-0.40087014797616444,0.09025137065486609,
20.92,0.28489795026811526,0.13144182727067133,
20.925,0.6380508929438432,0.16888509258587062,
20.93,-0.12144582163067821,0.20152510012005506,
20.935,-0.19847562104185967,0.22844238812064865,
20.94,0.5152065358999736,0.24887999999786198,
20.945,0.6361520041286923,0.2622647702730202,
20.95,0.24187240964858442,0.2682233974947057,
20.955000000000002,-0.21829756122701222,0.26659285343791905,
20.96,0.41101841893700497,0.2574248383969051,
20.965,1.097863222247109,0.2409841609674387,
20.97,0.16598098722235824,0.2177410926128196,
20.975,-0.27036806205057795,0.18835791765854348,
20.98,0.22903923074079288,0.15367006334489342,
20.985,0.6539888887730443,0.1146623475541496,
20.990000000000002,0.02511464025908207,0.07244101949966472,
20.995,-0.5494254562291805,0.028202387136764304,
21.0,0.12402001226266474,-0.016801079006230842,
21.005,0.4436867120250407,-0.06129620517098118,
21.01,-0.2610823353693308,-0.10402513298433254,
21.015,-0.6564273126015499,-0.1437808783697289,
21.02,-0.13218144432006967,-0.17944142553150405,
21.025000000000002,0.17382140214960307,-0.2100013929581196,
21.03,-0.4940941310584194,-0.2346003777631841,
21.035,-0.6182087456422851,-0.25254717927646264,
21.04,-0.06741657361910686,-0.2633392199196062,
21.045,0.2866289818566197,-0.2666766177203374,
21.05,-0.20127303054792428,-0.2624705164695635,
21.055,-0.9268959387006974,-0.2508454422051171,
21.06,-0.07708436503605293,-0.23213562380605626,
21.065,0.1533989480632876,-0.20687538621656862,
21.07,-0.18817176077415715,-0.17578389235769357,
21.075,-0.6427547653310427,-0.1397446693934705,
21.080000000000002,-0.08836720105318877,-0.09978050218910833,
21.085,0.18943715824881183,-0.05702440737657787,
21.09,-0.1445250931635379,-0.012687511750612269,
21.095,-0.40450674301330797,0.03197525434953536,
21.1,0.24379487323543425,0.07570067690472664,
21.105,0.715054777767955,0.11725298596909875,
21.11,0.1464044131822858,0.1554587808227837,
21.115000000000002,-0.26836560667414283,0.18924016548025857,
21.12,0.2847122677801872,0.21764515885443236,
21.125,0.6513418932769113,0.2398745216403373,
21.13,0.18405289434120783,0.2553042439506034,
21.135,-0.06412252660712747,0.26350306100711995,
21.14,0.411192969916888,0.26424450526356486,
21.145,0.695349254312389,0.2575131582033329,
21.150000000000002,0.20696223729950203,0.24350492933445622,
21.155,-0.25619765879187606,0.22262135893559562,
21.16,0.2903718830810284,0.19545811011174985,
21.165,0.4149034977306578,0.16278797991429808,
21.17,0.021748198050230677,0.12553891402985848,
21.175,-0.1914539603098986,0.08476765047509802,
21.18,-0.010493367539922874,0.041629740874587914,
21.185,0.4370490272372315,-0.002653200219739529,
21.19,-0.1813742612632807,-0.04682808975567003,
21.195,-0.6457440089945344,-0.08964583469546387,
21.2,-0.14628931528555794,-0.1298966512544907,
21.205000000000002,0.5349725881415551,-0.16644424618581932,
21.21,-0.28145847529158496,-0.19825789435957597,
21.215,-0.6061493096041659,-0.22444150709594268,
21.22,-0.35197965258795916,-0.24425887148411318,
21.225,0.16612115630464602,-0.2571543498130249,
21.23,-0.340905772324247,-0.26276845715206654,
21.235,-0.7061608962492987,-0.26094788039527567,
21.240000000000002,-0.13736652109301845,-0.2517496595975648,
21.245,0.17720669089063773,-0.2354394177237223,
21.25,-0.3678041014545307,-0.21248369331997288,
21.255,-0.7345208137039787,-0.18353659733955452,
21.26,-0.010132969617684173,-0.1494211756943616,
21.265,0.5967429625235007,-0.11110600853564685,
21.27,-0.22137102278393178,-0.06967771156791454,
21.275000000000002,-0.6614862139174594,-0.026310120089079278,
21.28,0.06329756061043149,0.01776897032660324,
21.285,0.7167556127472927,0.06131256414569667,
21.29,-0.07981962499085353,0.10308974309511883,
21.295,-0.36975152826567714,0.14192046230520824,
21.3,0.4725533803936851,0.1767088817513265,
21.305,0.5533659214430457,0.2064742915253958,
21.31,0.06509051265865748,0.23037875821769274,
21.315,-0.31527770701366026,0.24775071306827173,
21.32,0.444796766995439,0.25810381789240117,
21.325,0.6696103442283703,0.26115057882236864,
21.330000000000002,0.2501801669116811,0.25681032683035154,
21.335,-0.2872103962637099,0.2452113435843328,
21.34,0.3682275072374954,0.22668707691742057,
21.345,0.7216850991640612,0.20176655737176663,
21.35,0.12169562396983098,0.171159291180508,
21.355,-0.45747209214870466,0.1357350610440001,
21.36,0.06201629151802718,0.09649920973344879,
21.365000000000002,0.4835025834224521,0.0545641088627441,
21.37,0.07152995090591513,0.01111762251976218,
21.375,-0.348828818622807,-0.03261054017907583,
21.38,0.07526169073917588,-0.07538363052128846,
21.385,0.3878456512559073,-0.11599283849927888,
21.39,-0.33001991337506514,-0.15329145471345484,
21.395,-0.5947069019107318,-0.18622725044437727,
21.400000000000002,-0.09015462048809475,-0.21387216157401495,
21.405,0.20433775270116353,-0.23544843896982096,
21.41,-0.2425182924450621,-0.2503505285001373,
21.415,-0.8021641268346031,-0.2581620651651326,
21.42,-0.11460756135361311,-0.2586675044578045,
21.425,0.19000877971248048,-0.25185806608212874,
21.43,-0.20134892324552525,-0.23793182623894188,
21.435,-0.5649090550768253,-0.21728796028509736,
21.44,-0.2432444005819765,-0.1905153029896786,
21.445,0.43498326966542367,-0.15837555417590263,
21.45,-0.456185746536829,-0.12178160871130926,
21.455000000000002,-0.713311896805362,-0.08177162732418485,
21.46,0.05463257715991637,-0.039479584702334175,
21.465,0.695954815550337,0.0038968696083049184,
21.47,-0.05451011098816332,0.04713032662864603,
21.475,-0.3880571234695699,0.08899834927519099,
21.48,0.09743937406264926,0.12831803682538073,
21.485,0.9153165294187153,0.16397944521594854,
21.490000000000002,0.22366640475643357,0.19497691896367256,
21.495,-0.1905714950509798,0.22043745026988681,
21.5,0.2153834683798677,0.23964526560720453,
21.505,0.856043702773484,0.2520619473727928,
21.51,0.21568979431389912,0.2573415249801387,
21.515,-0.09753645592560506,0.2553401124469484,
21.52,0.4756178018155417,0.24611982407474176,
21.525000000000002,0.9216986832458414,0.2299468618270006,
21.53,0.1515802730171275,0.20728383290999722,
21.535,-0.2014110825630285,0.1787765191779169,
21.54,0.2863643937851694,0.14523547671042775,
21.545,0.376962999403301,0.10761298982035208,
21.55,-0.12780144596390464,0.0669760347207357,
21.555,-0.3438855235610861,0.024476020424955613,
21.56,0.1229582134195435,-0.018683834992715084,
21.565,0.4822588485774302,-0.061282568433140366,
21.57,-0.1325154759186093,-0.10211601173291018,
21.575,-0.5992104828883702,-0.14003083045222312,
21.580000000000002,0.01278338248930977,-0.17395709930742836,
21.585,0.21258695614921996,-0.2029384941784843,
21.59,-0.3150445751770654,-0.2261592487209001,
21.595,-0.7386046992259825,-0.24296711575194518,
21.6,-0.022430379703846925,-0.25289168713820914,
21.605,0.24320189913719803,-0.25565755765800574,
21.61,-0.29602101872326253,-0.2511919645092328,
21.615000000000002,-0.8613761179661097,-0.2396266906338836,
21.62,-0.10137651765920631,-0.22129418240345322,
21.625,0.2522971889034486,-0.19671799585627114,
21.63,-0.2921107198219053,-0.1665978459716333,
21.635,-0.4629155803340088,-0.13178968587497156,
21.64,0.24408006455801773,-0.09328138308924246,
21.645,0.6958112773944672,-0.05216468402456575,
21.650000000000002,-0.09908424015899109,-0.009604262335600548,
21.655,-0.2062540564824668,0.03319527136810116,
21.66,0.27076709126357823,0.07502346399138578,
21.665,0.5131554539630407,0.11469825362399365,
21.67,0.10073939404416389,0.15109937423351388,
21.675,-0.08062839078628492,0.1831999873832798,
21.68,0.17587092965262108,0.2100956478354731,
21.685,0.5334889358029441,0.23102978597550372,
21.69,0.09128646891229447,0.2454149891170645,
21.695,-0.33969870631149796,0.25284948309687744,
21.7,0.28039541339320384,0.25312835175497683,
21.705000000000002,0.7180680285817433,0.2462491810537884,
21.71,0.07862805113002089,0.23241197249246046,
21.715,-0.3057300102833872,0.21201333264711808,
21.72,0.3279793623129807,0.18563510752531898,
21.725,0.7015493567644548,0.15402778738651784,
21.73,0.07396837572072315,0.1180891553143443,
21.735,-0.4169802434731923,0.07883878696390878,
21.740000000000002,0.08798849108112214,0.03738912576519931,
21.745,0.38785314658179276,-0.005086045849861246,
21.75,-0.2631203211903097,-0.04738484562211041,
21.755,-0.2981597106656141,-0.08831129978238518,
21.76,-0.006783294105867574,-0.12670915822406414,
21.765,0.10892662986614682,-0.16149456044306226,
21.77,-0.306628849057872,-0.19168662938883455,
21.775000000000002,-0.7438487021537427,-0.2164351296722968,
21.78,-0.4025414813446131,-0.2350444102559358,
21.785,0.19011590168660758,-0.24699295741748856,
21.79,-0.25365743873492597,-0.2519480084313625,
21.795,-0.7164247217359495,-0.24977481650891153,
21.8,0.07392143553766997,-0.24054030910725013,
21.805,0.19444723507391154,-0.2245110404612532,
21.81,-0.3034913137761945,-0.20214550062016023,
21.815,-0.7460409910689328,-0.17408100281158467,
21.82,-0.091718392870534,-0.14111552410231143,
21.825,0.24316354817942687,-0.10418501674912982,
21.830000000000002,-0.05667427615987823,-0.06433683531807462,
21.835,-0.6452609923321585,-0.022700033994269928,
21.84,0.23641647059868817,0.019546623570430046,
21.845,0.616291678528105,0.06120803548544155,
21.85,0.11099066379548216,0.10110656918211887,
21.855,-0.5622448460177989,0.13811534895244593,
21.86,0.31250862155851244,0.17119008255262982,
21.865000000000002,0.6392570014011234,0.19939852799502106,
21.87,-0.059085845996345976,0.22194676907727057,
21.875,-0.3835858505230574,0.23820155908104013,
21.88,0.42940747073420693,0.2477081038288993,
21.885,0.71403338315691,0.25020278474136143,
21.89,0.2615395913770688,0.2456204660087701,
21.895,-0.11590590870453635,0.23409618342025126,
21.900000000000002,0.2664360714285309,0.2159611714257481,
21.905,0.6162541094017934,0.19173334514629825,
21.91,-0.0569662359413986,0.16210251076326943,
21.915,-0.12932365070693372,0.1279107265784982,
21.92,0.21341781965921525,0.09012837384337027,
21.925,0.5062902295925522,0.04982661734395677,
21.93,0.03407726537749334,0.00814703729517764,
21.935,-0.5149585042257345,-0.03373070651450457,
21.94,-0.05628809593433989,-0.07462226240749671,
21.945,0.278281437325147,-0.11337208137409119,
21.95,-0.14238082851369782,-0.14888607125354006,
21.955000000000002,-0.5524264744519649,-0.1801624877871992,
21.96,-0.21618382168246159,-0.20632019036381535,
21.965,0.3108034911279322,-0.22662346547450812,
21.97,-0.43948960025667666,-0.24050271856982364,
21.975,-0.725170480981562,-0.24757045238814188,
21.98,-0.14249392187531565,-0.24763208356578634,
21.985,0.2738626388673384,-0.24069129565081868,
21.990000000000002,-0.21203477230330883,-0.22694978137788643,
21.995,-0.7372205972753898,-0.20680138583805585,
22.0,-0.21005269172970703,-0.1808208205015433,
22.005,0.42047627897090967,-0.14974727144757463,
22.01,-0.2847559362410079,-0.11446336928754056,
22.015,-0.36758594400409844,-0.0759701190694833,
22.02,-0.09791689832292833,-0.035358502232757945,
22.025000000000002,0.498667419803201,0.006221443761516222,
22.03,-0.0867731296377601,0.04759319179663094,
22.035,-0.3898873500264434,0.08758701526860056,
22.04,0.18559756727514404,0.12507306011139677,
22.045,0.7237191197247387,0.1589932636319941,
22.05,0.06410709988238916,0.18839121844522427,
22.055,-0.5052987479207165,0.2124391386083218,
22.06,0.4425678281256711,0.23046116765327943,
22.065,0.7555758212003777,0.24195237225174804,
22.07,0.07316449614665044,0.24659288776000954,
22.075,-0.17407425420127365,0.24425681940277288,
22.080000000000002,0.4687807287412279,0.23501565146421682,
22.085,0.606169791698835,0.2191360723517764,
22.09,0.17779113868409518,0.19707228137890043,
22.095,-0.36475341186816046,0.16945299910995296,
22.1,0.43210049430388153,0.13706355271138645,
22.105,0.6475393636813876,0.10082354673508034,
22.11,-0.0185933398957635,0.06176075419856784,
22.115000000000002,-0.41322038652464643,0.020981969216135595,
22.12,0.1117059290458054,-0.020358352220393672,
22.125,0.3929422394112248,-0.06109077480894522,
22.13,-0.41260739031346866,-0.10006396462051498,
22.135,-0.5536890712404987,-0.13617723212968608,
22.14,0.11267730088057931,-0.1684116177560569,
22.145,0.21865929757086602,-0.19585864201407308,
22.150000000000002,-0.5987877823683542,-0.21774590909250421,
22.155,-0.7784565662919489,-0.23345884229795694,
22.16,-0.16606464039646238,-0.24255793974407194,
22.165,0.3288718235060503,-0.24479106582394433,
22.17,-0.30459589258465397,-0.2401004347616542,
22.175,-0.7628293407304337,-0.22862409290532973,
22.18,0.09660938714044043,-0.2106918621411359,
22.185,0.2683452524956624,-0.1868158634666407,
22.19,-0.47779727091580515,-0.15767589293274722,
22.195,-0.7484297840319647,-0.12410006751637592,
22.2,-0.11784286870461431,-0.08704129191754845,
22.205000000000002,0.5231133313551334,-0.04755021502160617,
22.21,-0.09911243790113683,-0.006745443509305133,
22.215,-0.6233712647039996,0.03421814293924381,
22.22,0.016015249709581222,0.07418207737684561,
22.225,0.6345412745838669,0.11201706718690307,
22.23,0.22613462863198214,0.1466549050527394,
22.235,-0.4021250917540875,0.17711862758492095,
22.240000000000002,0.3154871787980204,0.20255007015169257,
22.245,0.7207908230441028,0.22223404075504352,
22.25,0.225302633116023,0.23561843201085753,
22.255,-0.3051374708473904,0.2423297056880895,
22.26,0.33331606181306256,0.24218331556069847,
22.265,0.7956106142748383,0.23518877780165584,
22.27,0.11043857678821065,0.22154924973420995,
22.275000000000002,-0.2914584254498329,0.20165563315813878,
22.28,0.1895371238396508,0.176075373291508,
22.285,0.6989155802590818,0.14553627423195598,
22.29,-0.19770940410285998,0.11090579251416255,
22.295,-0.320457553366667,0.07316639784893773,
22.3,0.1922139019181235,0.03338770087973168,
22.305,0.3134309114869927,-0.007303861334295961,
22.31,-0.065064490997717,-0.0477569229562863,
22.315,-0.424177983276347,-0.08682776688706924,
22.32,-0.005262656950088471,-0.12341266039660455,
22.325,0.3838199877481834,-0.15647903467511212,
22.330000000000002,-0.13361552230149892,-0.18509462751753708,
22.335,-0.6578238610743642,-0.2084537666461405,
22.34,0.12117976754996782,-0.22590005268007116,
22.345,0.3508126403881925,-0.23694480315473576,
22.35,-0.30953329429669263,-0.24128073936570532,
22.355,-0.7881225517967664,-0.23879053274347914,
22.36,-0.17827176121631522,-0.22954997313018352,
22.365000000000002,0.35985581297226404,-0.21382567359849275,
22.37,-0.4880309405614436,-0.1920673810169039,
22.375,-0.6854628629250701,-0.16489511405024798,
22.38,-0.020444285951139743,-0.13308149638022662,
22.385,0.18737880604785528,-0.0975297885110331,
22.39,-0.34406016392584765,-0.059248242765102634,
22.395,-0.6959094565784567,-0.01932150955386636,
22.400000000000002,0.1350885995721542,0.021120094179717074,
22.405,0.5421301683350106,0.06093258363609325,
22.41,0.005107876714016246,0.09899066609645837,
22.415,-0.5880663145938378,0.13421954676452036,
22.42,0.31154483345844175,0.16562528154646572,
22.425,0.66255090847596,0.19232281960198555,
22.43,-0.009694189729650138,0.21356094450437157,
22.435,-0.2915567315596535,0.22874341117299607,
22.44,0.31946951617726177,0.23744568387382625,
22.445,0.9402848143022521,0.2394268054455212,
22.45,0.23733666716664337,0.23463606595989514,
22.455000000000002,-0.06010014342213024,0.22321428634947985,
22.46,0.39219011778949614,0.20548968495906578,
22.465,0.6723061554133554,0.1819684481878996,
22.47,0.046698648453548014,0.1533202760515602,
22.475,-0.2514858332796368,0.12035931537781362,
22.48,0.05311823616252091,0.08402102345374896,
22.485,0.720611498409894,0.045335619589981654,
22.490000000000002,-0.18249223656073973,0.005398878035909978,
22.495,-0.4666853048060593,-0.034658909735149644,
22.5,0.027883659862117632,-0.07370492424165719,
22.505,0.48369399535436053,-0.1106358533689019,
22.51,-0.2973448594233147,-0.1444090679743878,
22.515,-0.7201380556887762,-0.17407205682455598,
22.52,-0.08787320547000754,-0.19878928988418315,
22.525000000000002,0.42242367501979716,-0.2178657523586178,
22.53,-0.31049773943287934,-0.2307664866351422,
22.535,-0.744919866411216,-0.2371315926829956,
22.54,-0.08728580749152126,-0.23678626633299726,
22.545,0.2695409905992545,-0.2297455955107401,
22.55,-0.3169157910217622,-0.2162139829535125,
22.555,-0.6623219474854499,-0.19657921599792022,
22.56,-0.03021187179062368,-0.1714013553794007,
22.565,0.378285092298422,-0.1413967613558336,
22.57,-0.20632277392319104,-0.10741771272252885,
22.575,-0.9173022111279405,-0.07042819854725123,
22.580000000000002,-0.012780187129262655,-0.031476570222754616,
22.585,0.5069211642235293,0.00833417032887167,
22.59,-0.04167439744300238,0.04787760423659335,
22.595,-0.44996711871312967,0.0860357666182309,
22.6,0.11111632908128923,0.12173075312815647,
22.605,0.7062528212460546,0.1539551685598385,
22.61,0.12749503642450286,0.1818005574042889,
22.615000000000002,-0.4395024474274939,0.2044830140140066,
22.62,0.24380851276886029,0.22136525041611876,
22.625,0.7594709241042708,0.23197450056350777,
22.63,0.004323464133976523,0.2360157580431436,
22.635,-0.2662265748317312,0.2333799766222939,
22.64,0.4187998105497771,0.22414700574882232,
22.645,0.6986560628306905,0.2085831821877899,
22.650000000000002,-0.012383016944835956,0.18713365015331057,
22.655,-0.10695201270708898,0.16040963130420471,
22.66,0.22366808559792561,0.12917100860300318,
22.665,0.6607064064522117,0.09430472026301845,
22.67,-0.1125930346861399,0.05679957809380304,
22.675,-0.49177015460607665,0.017718225177270928,
22.68,0.24218485599392278,-0.02183297186979569,
22.685,0.43065204719810457,-0.0607352430194437,
22.69,-0.057737770820254206,-0.09788906071180722,
22.695,-0.6448646394604534,-0.1322452163541433,
22.7,-0.14014411705707597,-0.16283444912038325,
22.705000000000002,0.5367050633073769,-0.1887947903691823,
22.71,-0.3656877696260313,-0.20939585226477786,
22.715,-0.4947442876113199,-0.2240593762127946,
22.72,-0.2614940512881513,-0.23237546303325185,
22.725,0.39145494557980837,-0.23411402936709141,
22.73,-0.3989995840218262,-0.22923117016843625,
22.735,-0.7186326464404504,-0.21787025143565977,
22.740000000000002,-0.008315145073072239,-0.20035770649300755,
22.745,0.37015921069180474,-0.17719365892835742,
22.75,-0.30105890360104126,-0.14903764148534712,
22.755,-0.6107282601209933,-0.11668981866965972,
22.76,0.06989226143928406,-0.08106824764773396,
22.765,0.5252393518740514,-0.043182823618285966,
22.77,-0.26249303469747814,-0.00410664907510745,
22.775000000000002,-0.5339724833059907,0.03505436136370404,
22.78,0.27643242124776274,0.07319277964166347,
22.785,0.7170714646257687,0.10923098068560844,
22.79,0.024000500524546053,0.142151590990816,
22.795,-0.36035980440980386,0.1710262090485899,
22.8,0.27208989985013077,0.19504158685174428,
22.805,0.6813686080368344,0.21352253415906672,
22.81,0.04776026337673142,0.22595090046471444,
22.815,-0.2714065211893042,0.23198010104977698,
22.82,0.18383278659840202,0.23144477992474025,
22.825,0.797496891905253,0.22436534031682173,
22.830000000000002,0.0334939613247022,0.21094721870656527,
22.835,-0.2130652530215919,0.19157492715930086,
22.84,0.2833947676505737,0.16680103661813458,
22.845,0.747985593383619,0.13733041674576849,
22.85,0.3248090020657407,0.10400018178375184,
22.855,-0.3571478066996433,0.067755912961359,
22.86,0.17495582152444442,0.02962483281923961,
22.865000000000002,0.45865050085699627,-0.009313307535125515,
22.87,-0.19459092261677213,-0.04795680316236275,
22.875,-0.6085985115745847,-0.08521316625909575,
22.88,0.09981017239440783,-0.12003001143603752,
22.885,0.17981676350847786,-0.15142478217266808,
22.89,-0.3318938228425631,-0.17851247878434434,
22.895,-0.7476552029152682,-0.20053060542642231,
22.900000000000002,-0.16383477710960814,-0.2168606329286157,
22.905,0.304673032209575,-0.22704537334320582,
22.91,-0.43490677767091135,-0.23080177818456504,
22.915,-0.6677791601373624,-0.2280288021381988,
22.92,-0.050158967377930075,-0.21881011384353705,
22.925,0.4351038177578491,-0.2034115812441356,
22.93,-0.28585007439634175,-0.18227360682092963,
22.935,-0.6153031750563431,-0.155998533597754,
22.94,-0.05898837512586762,-0.12533348201826586,
22.945,0.25371811834816005,-0.09114910670804885,
22.95,-0.11851788322011783,-0.05441487711819485,
22.955000000000002,-0.6114775786418365,-0.016171583857824485,
22.96,0.20829452008733174,0.022498149592490743,
22.965,0.6539584517164654,0.060500514319105685,
22.97,-0.07486663485856897,0.09676145499275858,
22.975,-0.36659670990620646,0.13025702534853068,
22.98,0.33757901064798523,0.1600423022171981,
22.985,0.49465593093295995,0.1852780416513347,
22.990000000000002,0.13652388260851456,0.20525432519553838,
22.995,-0.22568838935545857,0.21941053007053843,
23.0,0.24725011658828028,0.22735106152944057,
23.005,0.6660671438273922,0.22885640593423406,
23.01,0.12539242334957296,0.22388919577743233,
23.015,-0.2366613901227797,0.21259511917357155,
23.02,0.3414603049173754,0.1952986522678012,
23.025000000000002,0.9932988033300968,0.17249373942245338,
23.03,0.05347986613510655,0.14482968880711214,
23.035,-0.19828865718701322,0.11309268609903807,
23.04,0.23458392678898848,0.07818345258525124,
23.045,0.5620983626557754,0.04109168255945405,
23.05,0.12863104408411355,0.0028679854684519586,
23.055,-0.4828340153733776,-0.03540587176539895,
23.06,0.02196188522824037,-0.07264757939406975,
23.065,0.35227764785041876,-0.10780489006410165,
23.07,-0.06058179773802157,-0.13988534917322268,
23.075,-0.602658421063086,-0.16798431036906938,
23.080000000000002,-0.12058934319056923,-0.1913104453674688,
23.085,0.08837730192218538,-0.20920802876445863,
23.09,-0.42421003738204544,-0.2211753702939034,
23.095,-0.6069968091803537,-0.22687887643233023,
23.1,-0.31916516689745145,-0.2261623472653537,
23.105,0.08911601569274308,-0.21905124958464822,
23.11,-0.39291840617686846,-0.20575184945554634,
23.115000000000002,-0.3564870763617749,-0.1866452329523309,
23.12,-0.05209980269599304,-0.16227638828596544,
23.125,0.22464068883743268,-0.13333866206103048,
23.13,-0.2579768893524132,-0.10065403295397556,
23.135,-0.5116077910161583,-0.06514976401866374,
23.14,0.013988430249002065,-0.02783209677448499,
23.145,0.4627108077734302,0.01024226665563658,
23.150000000000002,-0.12345255371534325,0.04799608514561626,
23.155,-0.37273629291954374,0.08436205665559116,
23.16,0.11305960656706554,0.11831299051357368,
23.165,0.47258012720808384,0.14889082093917896,
23.17,0.12320566869097405,0.17523364232015887,
23.175,-0.16612139151008132,0.19660000335860306,
23.18,0.47414608240556666,0.21238977533637363,
23.185,0.6505674779750656,0.22216100718150278,
23.19,0.19032385921985862,0.2256422939797191,
23.195,-0.20929844065924963,0.22274031282867207,
23.2,0.35223962119288776,0.2135423168706828,
23.205000000000002,0.8538341056778601,0.19831352108082564,
23.21,0.13524254375288575,0.1774894578905563,
23.215,-0.3913110521411032,0.15166352290451626,
23.22,0.16220461266320374,0.12157006680246488,
23.225,0.5525237030292676,0.08806351517100255,
23.23,-0.00383718339908945,0.052094109939000204,
23.235,-0.48967742738113545,0.014680961139933177,
23.240000000000002,0.09819780227637358,-0.023116826778950703,
23.245,0.4030482158563522,-0.060230136056046796,
23.25,-0.14218712914807807,-0.09561007543049524,
23.255,-0.8140567505450744,-0.12825762335587731,
23.26,0.052715459904529194,-0.15725183686328606,
23.265,0.31694319741904214,-0.18177582956704463,
23.27,-0.24698075657933063,-0.2011397860403934,
23.275000000000002,-0.7013694548371435,-0.21480036418920398,
23.28,0.028118349991624297,-0.22237593992040725,
23.285,0.1915708088656716,-0.2236572664171547,
23.29,-0.3190350039392719,-0.2186132503451703,
23.295,-0.5912901862148854,-0.20739168563989102,
23.3,-0.25832592006671107,-0.19031492824148197,
23.305,0.20972298672866474,-0.16787063821612136,
23.31,-0.2248407041334872,-0.14069785508180596,
23.315,-0.7387849183969745,-0.10956880390496238,
23.32,0.09696395857343745,-0.07536695013349201,
23.325,0.35264589462464424,-0.03906192678513911,
23.330000000000002,-0.04293493284222372,-0.001682045542800747,
23.335,-0.4827783955451628,0.0357148289519179,
23.34,0.0993854120332478,0.07207121666787848,
23.345,0.607675710180293,0.10635992439428968,
23.35,0.06526101881690771,0.13761306706221677,
23.355,-0.4276562828375051,0.16494938824906247,
23.36,0.3520923745348311,0.18759910870440732,
23.365000000000002,0.5274719711635527,0.2049256022667869,
23.37,0.23567113781795607,0.21644328882898126,
23.375,-0.2815439948030879,0.22183124148186903,
23.38,0.4307068801159053,0.22094212657051637,
23.385,0.7340380758603484,0.21380622768298868,
23.39,-0.06054065536233369,0.20063044381053394,
23.395,-0.46099665449804206,0.18179229412579764,
23.400000000000002,0.2782659569556874,0.15782910299999756,
23.405,0.6743215577276906,0.12942267502903262,
23.41,0.04371783444734707,0.09737989711547984,
23.415,-0.5702763451163921,0.06260981946891168,
23.42,0.288002443855668,0.02609786650172269,
23.425,0.6679831651183362,-0.011122090776800646,
23.43,-0.18815471542205153,-0.0479970093939564,
23.435,-0.5765922814090209,-0.08348446715812524,
23.44,-0.002822057199959996,-0.11658213062856854,
23.445,0.2187163176963777,-0.14635606529897763,
23.45,-0.2811548387182805,-0.17196708840700056,
23.455000000000002,-0.6754499970469086,-0.1926944207879095,
23.46,0.09534104344005728,-0.20795597117752768,
23.465,0.18760341695678712,-0.21732468214299755,
23.47,-0.4978418536344088,-0.22054047865628876,
23.475,-0.7188809659240758,-0.2175174850488172,
23.48,-0.142963119826451,-0.20834631015868932,
23.485,0.16994312995763158,-0.19329134010593282,
23.490000000000002,-0.06936663722854532,-0.17278311935267712,
23.495,-0.5179650213254303,-0.14740603953040393,
23.5,0.058726628900865316,-0.1178816880199753,
23.505,0.44927058415217347,-0.08504833071277952,
23.51,-0.040145753086301694,-0.049837112306576836,
23.515,-0.3787368107554613,-0.013245649829490376,
23.52,0.15154572443624584,0.023690231757469548,
23.525000000000002,0.6140184653998185,0.059925821106924786,
23.53,-0.08664734904090414,0.09443706917523602,
23.535,-0.42981844478213593,0.12624952931033903,
23.54,0.345859508123909,0.15446587088871386,
23.545,0.42444689513430256,0.17829118966436852,
23.55,0.25470045557457954,0.1970554009347586,
23.555,-0.39614943263631974,0.21023208470799257,
23.56,0.5255887021372161,0.21745325290376397,
23.565,0.7708354145560458,0.21851962437190064,
23.57,0.010208280682811766,0.21340612088139088,
23.575,-0.22658587994082768,0.2022624326083171,
23.580000000000002,0.20902786667679793,0.1854086411978963,
23.585,0.7287769224121337,0.16332602824541395,
23.59,0.20880366757743207,0.1366433330789918,
23.595,-0.34445976971640785,0.10611885219220801,
23.6,0.3113022344950358,0.07261888993829795,
23.605,0.5154153068345703,0.03709317285395274,
23.61,-0.18428701193992314,0.0005479253362033699,
23.615000000000002,-0.37142018212956734,-0.03598263004890972,
23.62,-0.013460260770605345,-0.07146554043000965,
23.625,0.3073161601052339,-0.10489833041611162,
23.63,-0.21439404919670604,-0.13533732393570527,
23.635,-0.8882814403011994,-0.16192427999600792,
23.64,-0.11218461634582536,-0.18391059056835654,
23.645,0.1325935810477058,-0.2006783583637377,
23.650000000000002,-0.3173395620662526,-0.21175776105465874,
23.655,-0.7215443624165876,-0.2168402140009223,
23.66,-0.28729461046484084,-0.21578696274714357,
23.665,0.2688864204074174,-0.20863286609929307,
23.67,-0.26496951504254274,-0.19558526678373747,
23.675,-0.7154148897150945,-0.17701798568772073,
23.68,-0.028484022166169007,-0.1534606135431773,
23.685,0.2824761820236905,-0.12558340674806293,
23.69,-0.3121644975403801,-0.09417821806904034,
23.695,-0.5158596362559876,-0.06013600473665013,
23.7,-0.09746692244699734,-0.024421552776302653,
23.705000000000002,0.5091062440442882,0.011953865391777405,
23.71,-0.03201492964604087,0.04796112520306835,
23.715,-0.39095341927474986,0.0825823652816816,
23.72,0.20708500740462743,0.114839760154308,
23.725,0.5878683764764657,0.14382313701565994,
23.73,-0.05891876125330847,0.16871565657724746,
23.735,-0.2843383845469921,0.18881683342051314,
23.740000000000002,0.30260764503718873,0.2035622471075007,
23.745,0.5096838063651669,0.21253938941804665,
23.75,-0.0877173286361081,0.21549920280202445,
23.755,-0.23899189022830242,0.21236298734552844,
23.76,0.3806101294628087,0.20322448478439337,
23.765,0.6251729305261121,0.18834708463740774,
23.77,-0.08446108111224437,0.16815623551109832,
23.775000000000002,-0.3696173082090938,0.1432272801441534,
23.78,0.13359954103643856,0.11426906198274,
23.785,0.5377389360056131,0.0821037703591742,
23.79,-0.12433536124659522,0.0476435973209151,
23.795,-0.43913098948352797,0.011864868838778485,
23.8,0.05305671022813284,-0.024219616008788802,
23.805,0.3326768161530061,-0.05958925421572843,
23.81,-0.15063348902553927,-0.09324450486899408,
23.815,-0.4892228126571651,-0.12423513559540574,
23.82,-0.03291633500006534,-0.1516870512190841,
23.825,0.34120946044900535,-0.17482694716868985,
23.830000000000002,-0.32916376070902376,-0.19300409231386634,
23.835,-0.8116221909192243,-0.20570862766100256,
23.84,-0.07675148797253165,-0.21258586637154142,
23.845,0.15456515143351354,-0.2134461940654119,
23.85,-0.12833994385742659,-0.2082702931188691,
23.855,-0.5603980991562858,-0.19720954712084154,
23.86,0.15897427374764253,-0.18058161806372122,
23.865000000000002,0.2628751231692683,-0.15886132535333786,
23.87,-0.23201579360798313,-0.1326670884670967,
23.875,-0.6331096305455529,-0.10274332031923604,
23.88,0.14210288873217325,-0.06993927257364328,
23.885,0.4815072887434235,-0.035184934055385475,
23.89,-0.15176056134777674,0.0005353337574966708,
23.895,-0.5715558565575093,0.036210676761629146,
23.900000000000002,0.22531963711961794,0.07083235414319666,
23.905,0.6584826108534904,0.10342226068017313,
23.91,0.07323939021996011,0.13306055897139527,
23.915,-0.33158338394989073,0.15891164097350285,
23.92,0.14763495358420897,0.18024768612078987,
23.925,0.5635666381146336,0.19646915187609687,
23.93,0.16358524902131302,0.207121619858585,
23.935000000000002,-0.1995247631398614,0.21190852422909667,
23.94,0.21420096525206156,0.21069940584832875,
23.945,0.5728147186831359,0.20353346253957053,
23.95,0.04725498938440681,0.19061829899278576,
23.955000000000002,-0.320616019583158,0.1723239156688479,
23.96,0.26967453552337245,0.14917211065790656,
23.965,0.5973728486791615,0.12182159800953712,
23.97,-0.01036659794999599,0.09104926692597427,
23.975,-0.4089627346701354,0.05772811498001153,
23.98,0.130575246596606,0.022802482123816137,
23.985,0.051543342203519825,-0.012738711943180917,
23.990000000000002,-0.09899920573028073,-0.04788996860693547,
23.995,-0.6082124121900402,-0.08165765655295842,
24.0,0.05585377088076639,-0.113088098611949,
24.005,0.5176358146034996,-0.14129450532202387,
24.01,-0.19679649155979922,-0.16548199456880264,
24.015,-0.9040297158718618,-0.1849699914211505,
24.02,-0.095497647664902,-0.19921137695309055,
24.025000000000002,0.21720857089748596,-0.20780784729933927,
24.03,-0.3894081677062634,-0.21052105180820602,
24.035,-0.7069922972598435,-0.20727919887168855,
24.04,-0.15902900285891053,-0.19817894643523207,
24.045,0.24300554548946074,-0.18348252767913842,
24.05,-0.2624793242131426,-0.16361019714156422,
24.055,-0.5718648315677217,-0.13912821480620685,
24.060000000000002,-0.13012576369099008,-0.11073271166997803,
24.065,0.43030399188215157,-0.07922989647830775,
24.07,-0.11708806486020407,-0.04551316639184001,
24.075,-0.3935215455215927,-0.01053777142456156,
24.080000000000002,0.25048120489558545,0.02470624887810927,
24.085,0.5738192733102361,0.05922208980034735,
24.09,-0.12012656933456825,0.09203437360226543,
24.095,-0.4914003380192838,0.12221671211816361,
24.1,0.4030700724006486,0.14891786094572465,
24.105,0.6981676377223771,0.17138572684352207,
24.11,0.06054222870161213,0.18898855128002193,
24.115000000000002,-0.3831341855530308,0.20123267349611207,
24.12,0.1906044466834116,0.20777637366608326,
24.125,0.7367785648379648,0.2084394080053309,
24.13,0.022821717076496467,0.2032079698188504,
24.135,-0.3119135012895399,0.19223494004967892,
24.14,0.28807631980014603,0.17583542420103046,
24.145,0.4989954208334312,0.1544777057964013,
24.150000000000002,0.0066423282719499654,0.1287698760402561,
24.155,-0.4129747810510797,0.09944252138870006,
24.16,0.1451662687024807,0.06732796188915084,
24.165,0.4417625419278072,0.03333663026903961,
24.17,-0.0055687706260598435,-0.0015687378915023168,
24.175,-0.6256500459144176,-0.03640037123565086,
24.18,-0.055257136824525016,-0.07017341469600531,
24.185000000000002,0.5840795374944974,-0.10193377557160849,
24.19,-0.1612012981318181,-0.13078507630095332,
24.195,-0.6368993044689186,-0.15591395253762907,
24.2,0.008718813637385359,-0.17661298256711885,
24.205000000000002,0.4317334076020315,-0.19230060168326057,
24.21,-0.21199368962863868,-0.20253744094403447,
24.215,-0.7222395967458828,-0.20703863130722053,
24.22,-0.24343108910868538,-0.20568172862031464,
24.225,0.2324431571491913,-0.19851003905982292,
24.23,-0.1460451042968096,-0.1857312548626456,
24.235,-0.520935117817519,-0.1677114428799813,
24.240000000000002,0.009195971319272328,-0.14496455985746018,
24.245,0.4416009203159301,-0.11813779468991291,
24.25,-0.06369035473384538,-0.08799315564738236,
24.255,-0.484888699110293,-0.05538582639797915,
24.26,0.1329897323682025,-0.021239905580371074,
24.265,0.4243793647510348,0.013477781853551014,
24.27,-0.13037719981310297,0.047785059362402835,
24.275000000000002,-0.4938035085224599,0.08071218452837293,
24.28,0.17109776371462523,0.1113292597158015,
24.285,0.6477271195332218,0.1387724929011138,
24.29,-0.10897389199503718,0.16226856706670542,
24.295,-0.33291583934159286,0.18115643066291384,
24.3,0.23590599573591475,0.19490589514759749,
24.305,0.7177179421604036,0.20313251641803043,
24.310000000000002,-0.05138386931714092,0.20560834247246654,
24.315,-0.3711287527914209,0.20226822688344526,
24.32,0.23678917024324758,0.19321153330430582,
24.325,0.7218178222007593,0.17869918670674942,
24.330000000000002,0.0768938772570283,0.15914615866570428,
24.335,-0.3198109568701463,0.13510960304592068,
24.34,0.023215086214726205,0.10727298125585816,
24.345,0.4214401763513329,0.07642662935104926,
24.35,0.0498883136117012,0.043445319500570824,
24.355,-0.5019375180075313,0.009263452854117935,
24.36,0.13513588522496994,-0.025151412715924956,
24.365000000000002,0.5539945366514228,-0.058825950032163225,
24.37,-0.17749531776838745,-0.09080858998168403,
24.375,-0.5435196713878355,-0.12019641032894508,
24.38,-0.04518696886260158,-0.14616062617806755,
24.385,0.3307211978054787,-0.1679699624761447,
24.39,-0.33975302725995804,-0.18501124944835515,
24.395,-0.5715314476062741,-0.1968066609412872,
24.400000000000002,0.03195366504324221,-0.20302711107077165,
24.405,0.42906421726209043,-0.2035014336138878,
24.41,-0.26843062055727396,-0.19822108815415895,
24.415,-0.6570146300304256,-0.1873402636965586,
24.42,0.09207471934181302,-0.17117138072471846,
24.425,0.3233562415145864,-0.15017612279049625,
24.43,-0.12565242759569573,-0.12495225502636303,
24.435000000000002,-0.6153687673853725,-0.09621660588694864,
24.44,0.06631521563294616,-0.06478469659846468,
24.445,0.5771720949928967,-0.031547597177934136,
24.45,0.03243858479233587,0.002553334184071983,
24.455000000000002,-0.4078905430575943,0.036553112287136376,
24.46,0.2178705409714697,0.06949043154674142,
24.465,0.3681433826928478,0.10043484538637958,
24.47,-0.11488273980983582,0.1285130499543931,
24.475,-0.3421049077951114,0.1529335297036831,
24.48,0.22250156820678338,0.17300886932425333,
24.485,0.6132199097186473,0.18817510309903895,
24.490000000000002,0.14145228561344728,0.19800755705958975,
24.495,-0.23921791065876447,0.20223273895500227,
24.5,0.33151321396968814,0.2007359431818288,
24.505,0.7995303640289019,0.1935643592733957,
24.51,0.040678377510149244,0.18092559987320078,
24.515,-0.2867283566104135,0.1631816937117788,
24.52,0.28858559942443707,0.1408387173037726,
24.525000000000002,0.6846864793076672,0.11453236225879651,
24.53,0.0028281867930149973,0.08500984977532038,
24.535,-0.3538537211523829,0.0531087068274947,
24.54,-0.0777783274496595,0.019733006859774346,
24.545,0.4557869923954997,-0.014172251013900048,
24.55,-0.1238001978461286,-0.04764789824472444,
24.555,-0.6397034069041064,-0.07974773096778678,
24.560000000000002,-0.1672658785232104,-0.10956525441470705,
24.565,0.3342214624258004,-0.13625928170349197,
24.57,-0.3358897864525529,-0.15907766412702828,
24.575,-0.7536641182371003,-0.17737848351411836,
24.580000000000002,0.05462417999810537,-0.19064810957106215,
24.585,0.5037181061437062,-0.19851561427031308,
24.59,-0.30673878909568797,-0.20076313879748728,
24.595,-0.7409312989555321,-0.19733192336170743,
24.6,-0.17685358179112307,-0.18832383306300352,
24.605,0.2556954741076735,-0.1739983405105101,
24.61,-0.3598292214321399,-0.1547650543879645,
24.615000000000002,-0.7139114901219357,-0.1311720090346141,
24.62,-0.09245286954254862,-0.10389004979148247,
24.625,0.3380047136684879,-0.07369375897731584,
24.63,-0.22933420400213075,-0.04143946480023994,
24.635,-0.5532702541899073,-0.008040957532974147,
24.64,0.2906662061704945,0.0255563984206443,
24.645,0.5322447851584129,0.05840242316969855,
24.650000000000002,0.018167484333066447,0.08956899329639977,
24.655,-0.526762040634437,0.11817626718203045,
24.66,0.12157745803083475,0.143417522681396,
24.665,0.7302433925981273,0.1645819059996157,
24.67,-0.03866347852493199,0.18107445029018215,
24.675,-0.4032595346376029,0.19243280024422935,
24.68,0.3902179313531581,0.19834017256783784,
24.685000000000002,0.5138397158483949,0.1986341890835004,
24.69,0.11659749565847076,0.19331133621205465,
24.695,-0.49504882273327866,0.182526928474624,
24.7,0.2996631846005879,0.16659058089128673,
24.705000000000002,0.5558502120543172,0.14595732214376472,
24.71,0.2171059590594447,0.12121460352278712,
24.715,-0.3904047326227727,0.09306557451669119,
24.72,0.10991320175467605,0.06230910114921421,
24.725,0.7481788256290084,0.029817094871811885,
24.73,-0.0830216588419967,-0.0034902046209716766,
24.735,-0.6703828999060192,-0.03667029197854019,
24.740000000000002,0.19770876870247228,-0.06878506606429874,
24.745,0.4608838056740012,-0.09892735245049798,
24.75,-0.33534498151521874,-0.12624652869259548,
24.755,-0.8568276803778353,-0.1499725285501957,
24.76,-0.313196392719404,-0.16943754778138828,
24.765,0.16793017832110427,-0.18409483970894117,
24.77,-0.29595603190358993,-0.1935340715739426,
24.775000000000002,-0.7793755302641434,-0.19749281039601344,
24.78,-0.06226872372787326,-0.19586381687454146,
24.785,0.22432574583381848,-0.18869794467665646,
24.79,-0.2198187024152459,-0.17620256689754665,
24.795,-0.6339802882226737,-0.1587355780234738,
24.8,-0.2770856843491242,-0.1367951447978034,
24.805,0.27512287837502186,-0.11100549944897176,
24.810000000000002,-0.3025794619838482,-0.08209918039790118,
24.815,-0.5893154938696845,-0.0508962256688526,
24.82,0.11059881232157322,-0.01828090996209931,
24.825,0.43959046266860646,0.014823314702851918,
24.830000000000002,-0.1287542884599126,0.04747996463294339,
24.835,-0.4654411676603559,0.0787660161496202,
24.84,0.20960811299969673,0.1077979939227579,
24.845,0.5092362671776576,0.13375691860253955,
24.85,0.0532407082883669,0.15591140929153335,
24.855,-0.3171015500584954,0.173638289178469,
24.86,0.17233769116330172,0.186440113818909,
24.865000000000002,0.6552905441412411,0.19395912906388252,
24.87,0.252127907264245,0.19598726702060673,
24.875,-0.3250167052638436,0.19247190079746584,
24.88,0.14350150307772053,0.18351719895401636,
24.885,0.6851182193170033,0.16938104514028351,
24.89,-0.0995623696297209,0.15046761384171023,
24.895,-0.2102677333217881,0.1273158158997612,
24.900000000000002,0.3426943364680573,0.10058394408418608,
24.905,0.6009300406220377,0.0710309561594442,
24.91,-0.1371810250978226,0.03949492759253409,
24.915,-0.5126303287807191,0.006869285625213147,
24.92,0.2399727435484014,-0.025922501357030364,
24.925,0.3646570000072132,-0.057953062127042224,
24.93,-0.32809211785466175,-0.08831734877148723,
24.935000000000002,-0.6107167410377453,-0.11615820903354475,
24.94,0.01292668709260364,-0.14069058230390827,
24.945,0.09863722785496715,-0.16122363626237712,
24.95,-0.1886530445009858,-0.17718021999248035,
24.955000000000002,-0.7790516795566906,-0.18811308581058883,
24.96,-0.02008181821696578,-0.19371742389439445,
24.965,0.22367351893224793,-0.19383935845026792,
24.97,-0.10973965268988964,-0.1884801686568008,
24.975,-0.42643013485178805,-0.1777961187160235,
24.98,0.07094015091332337,-0.16209390560376308,
24.985,0.44425013525864476,-0.14182185702094482,
24.990000000000002,-0.3372981118623225,-0.11755713210417854,
24.995,-0.6829138780305479,-0.08998929026542225,
25.0,-0.028334997601552933,-0.05990069591310607,
25.005,0.6724700735000252,-0.028144315874768535,
25.01,-0.15780667779451926,0.004380460413296281,
25.015,-0.4429686178159658,0.03675329251719394,
25.02,0.22861423305178002,0.06805893105002583,
25.025000000000002,0.38155184368671274,0.09741309327393449,
25.03,0.04824420253765968,0.12398744072695084,
25.035,-0.16908330940983785,0.14703295336611227,
25.04,0.14174453240694845,0.1659010406679089,
25.045,0.6129403045611697,0.1800617946892797,
25.05,0.07058794642601059,0.18911887142255204,
25.055,-0.4644774393704172,0.19282058256242007,
25.060000000000002,0.04629512428627569,0.19106688732161148,
25.065,0.663265529318823,0.18391209013382678,
25.07,0.19075439527318394,0.17156317167406307,
25.075,-0.3573426552044764,0.15437380416476368,
25.080000000000002,0.21985998635693985,0.13283422392713073,
25.085,0.7102606409479317,0.10755725113082565,
25.09,-0.1552209674679939,0.0792608553892813,
25.095,-0.3611510807677628,0.0487477631760995,
25.1,0.14023520041508705,0.016882686255643372,
25.105,0.5697675455791897,-0.015432182909289436,
25.11,-0.18696721743735925,-0.04728271436498139,
25.115000000000002,-0.6620568320234302,-0.07776869931398012,
25.12,-0.016993243270476202,-0.1060292927328568,
25.125,0.47066991083573,-0.13126732088870158,
25.13,-0.3019302417449291,-0.15277176740215379,
25.135,-0.5170461124400266,-0.16993780360409114,
25.14,-0.08678909980426715,-0.18228379892153052,
25.145,0.11343874233555595,-0.18946483291284089,
25.150000000000002,-0.3298668221501162,-0.19128232990798136,
25.155,-0.5778229727765045,-0.18768954717874944,
25.16,-0.0993982333626286,-0.17879276504576674,
25.165,0.34229336464618265,-0.1648481489954624,
25.17,-0.18815445466009356,-0.1462543762880609,
25.175,-0.5692588808387726,-0.12354123922365559,
25.18,-0.0881025833605333,-0.09735455081634858,
25.185000000000002,0.4223944267324558,-0.06843778290048126,
25.19,-0.05908717316641868,-0.037610958715242254,
25.195,-0.43130411507108823,-0.005747399196258777,
25.2,0.022809553730398804,0.0262510176273375,
25.205000000000002,0.594858922949728,0.05747938325941946,
25.21,0.14883930980987184,0.08705534889808919,
25.215,-0.34391767050475314,0.1141440554733124,
25.22,0.24824587581052127,0.13798169919699552,
25.225,0.6130163954547525,0.15789706745645649,
25.23,-0.007972869795873527,0.17333043785148147,
25.235,-0.34257351289807825,0.18384930826499168,
25.240000000000002,0.16520040087213683,0.18916051592654154,
25.245,0.6215057486238137,0.18911840592001236,
25.25,0.020668393329381057,0.1837288215905403,
25.255,-0.300885705830765,0.17314880764614882,
25.26,0.08641089462019924,0.15768203807575162,
25.265,0.6711989028660519,0.13777010188261393,
25.27,0.0349866969851636,0.11397989664405471,
25.275000000000002,-0.3433088802172662,0.0869874897488543,
25.28,0.2263426836725887,0.05755890673351212,
25.285,0.57438903103759,0.02652839262974684,
25.29,-0.3951034137178462,-0.00522523678330567,
25.295,-0.5476417112291125,-0.03680348345472018,
25.3,-0.01488956356934501,-0.06731359042568118,
25.305,0.509991058558691,-0.09589378073054979,
25.310000000000002,-0.10662101892929138,-0.12173759832528575,
25.315,-0.9231097244511385,-0.1441166635474785,
25.32,0.019415829727707695,-0.16240120104138248,
25.325,0.5013197565277092,-0.17607776162828048,
25.330000000000002,-0.24489978174375587,-0.18476363945202773,
25.335,-0.7342427975074393,-0.18821757961061553,
25.34,-0.05849409133980607,-0.186346476729934,
25.345,0.22992732957614592,-0.1792078785597252,
25.35,-0.3568838805127275,-0.16700822745370558,
25.355,-0.5208812135521933,-0.15009689317300887,
25.36,-0.18072352203607064,-0.12895616941257446,
25.365000000000002,0.2807785319330549,-0.10418752043267468,
25.37,-0.17330808835690953,-0.07649446996274367,
25.375,-0.5053805326449948,-0.04666261914746713,
25.38,0.09832205217405661,-0.015537361062644429,
25.385,0.4829858134774278,0.016000076033720893,
25.39,-0.11039954364016223,0.047057577843340345,
25.395,-0.482099948248484,0.07675737922146277,
25.400000000000002,0.2993947889205838,0.10426087160839044,
25.405,0.3736437712396795,0.12879228160422204,
25.41,0.1814299673276974,0.1496605521238253,
25.415,-0.3143163873077171,0.16627880897720404,
25.42,0.12351233151675908,0.17818086453630944,
25.425,0.5997848660015253,0.18503429440838734,
25.43,0.11071947749562322,0.18664972034556548,
25.435000000000002,-0.22790152665079402,0.1829860402154659,
25.44,0.25170099905555077,0.17415146068750045,
25.445,0.6149407562068461,0.16040030710082814,
25.45,0.12037853107750168,0.14212570440916378,
25.455000000000002,-0.3804232324697276,0.1198483397678401,
25.46,0.1305829063289598,0.09420162794264607,
25.465,0.5371152753917743,0.06591370215472388,
25.47,0.1582484850337939,0.03578674237315377,
25.475,-0.46684643804987397,0.004674227906868986,
25.48,0.23965682289801526,-0.026543240671897828,
25.485,0.40601769237614205,-0.056982865349896356,
25.490000000000002,-0.2796419728663335,-0.08578461482979377,
25.495,-0.6286419177243214,-0.11213552308724331,
25.5,0.0705316595871307,-0.13529263583274154,
25.505,0.4472949659362361,-0.15460395721512443,
25.51,-0.41979106088574614,-0.1695268062174927,
25.515,-0.7089126838482146,-0.1796430659582524,
25.52,0.0182262720452534,-0.1846708974202723,
25.525000000000002,0.14304478124754857,-0.18447258948009918,
25.53,-0.4228820619958719,-0.17905832664929391,
25.535,-0.7490056941396204,-0.1685857715641044,
25.54,-0.18760511956124315,-0.15335547769491942,
25.545,0.4611731970305839,-0.13380226564042252,
25.55,-0.19218630081848856,-0.11048281039075505,
25.555,-0.6574083381160175,-0.08405979386811427,
25.560000000000002,0.00562995942280288,-0.05528307386505363,
25.565,0.3173073268431218,-0.0249684044713536,
25.57,-0.031038116236088327,0.006025688152550479,
25.575,-0.3514637573124463,0.03682221916752533,
25.580000000000002,0.1870711588506547,0.06655055907294069,
25.585,0.4068255027869124,0.09437104625728561,
25.59,-0.0722019570033759,0.11949870230343534,
25.595,-0.4033568615899005,0.14122538024994158,
25.6,0.4048873304484125,0.1589397209086977,
25.605,0.7007196285478118,0.17214435486816648,
25.61,0.031087953598883444,0.18046986618725044,
25.615000000000002,-0.40376505208276153,0.18368512577767265,
25.62,0.3477047338164393,0.18170370547016235,
25.625,0.8288122271349274,0.17458619483769552,
25.63,-0.011598060623562473,0.16253835886148793,
25.635,-0.38214742935094914,0.1459051921864446,
25.64,0.15063552924142565,0.1251610416941577,
25.645,0.6299124971593884,0.10089608014521086,
25.650000000000002,0.15415139836002306,0.0737995165733995,
25.655,-0.4445854504651351,0.04464002104909006,
25.66,0.15621641251405047,0.014243919777358319,
25.665,0.3043174401022248,-0.016528220944715562,
25.67,-0.19299496043759298,-0.04680595837345522,
25.675,-0.5719944532726997,-0.07573359481626454,
25.68,0.1010901296826271,-0.1024943605474549,
25.685000000000002,0.33109454390899073,-0.12633347472053122,
25.69,-0.3178304643848966,-0.14657943318383465,
25.695,-0.46139164805431876,-0.16266292281507913,
25.7,-0.08517242133256168,-0.17413282963320745,
25.705000000000002,0.3268361418265757,-0.1806688905915372,
25.71,-0.3552375634535266,-0.18209063425787897,
25.715,-0.5015225874545556,-0.17836236083684714,
25.72,0.06030555487904912,-0.16959402420252215,
25.725,0.48312184054785223,-0.15603799460782009,
25.73,-0.42088786235001485,-0.13808179723568934,
25.735,-0.5197317646820074,-0.1162370354625367,
25.740000000000002,-0.006992449999287123,-0.09112481540399653,
25.745,0.36658112125921194,-0.06345808696538527,
25.75,-0.006193164326212877,-0.03402140344411428,
25.755,-0.6203377259933701,-0.003648674284195136,
25.76,0.02678151742367191,0.026800458177694126,
25.765,0.519995137332644,0.05646494878120104,
25.77,0.10990929794220283,0.08450669783686454,
25.775000000000002,-0.46815885334341634,0.11013422914810843,
25.78,0.21970525246172753,0.13262502882234065,
25.785,0.6091321816693349,0.15134591439071643,
25.79,0.09874085352542339,0.16577086000795543,
25.795,-0.3213076986679345,0.1754957759431505,
25.8,0.3319503859849878,0.18024982713678306,
25.805,0.6336930946348677,0.17990297382893472,
25.810000000000002,0.0061968863806001195,0.17446952436932053,
25.815,-0.19550215921361352,0.16410760326693624,
25.82,0.2707467819950924,0.14911455312517669,
25.825,0.6041996451254372,0.12991840406711927,
25.830000000000002,0.06505391841807674,0.10706565533580095,
25.835,-0.4422550963184194,0.08120571781662031,
25.84,0.1678518710102685,0.05307246033854897,
25.845,0.6490255196244121,0.02346338411548072,
25.85,-0.08296732288590833,-0.006782983707182125,
25.855,-0.6427493165230209,-0.03681083659914836,
25.86,-0.09275864444788219,-0.06577130281211732,
25.865000000000002,0.5272389241311832,-0.09284644206522757,
25.87,-0.1225035395193161,-0.11727234640212997,
25.875,-0.6172345829995136,-0.1383606928034622,
25.88,-0.10228865660177693,-0.15551813949295,
25.885,0.40088130941297084,-0.16826301938679422,
25.89,-0.43324478015403506,-0.17623886104509529,
25.895,-0.8837030723344996,-0.17922435760733324,
25.900000000000002,-0.015150702930734561,-0.17713950496707387,
25.905,0.10743926968313844,-0.17004773900850845,
25.91,-0.2785919715943743,-0.15815401501001944,
25.915,-0.6451366357084306,-0.14179888711153402,
25.92,-0.13542887593820144,-0.12144875879512756,
25.925,0.30427393942393705,-0.09768258344761727,
25.93,-0.08033399246984065,-0.07117539420537837,
25.935000000000002,-0.5891601737791519,-0.04267913160342996,
25.94,0.18060234636007336,-0.013001313544340226,
25.945,0.4406229612656291,0.01701784736807381,
25.95,-0.07973825601920388,0.04652923071795083,
25.955000000000002,-0.327300008513742,0.0746988259823322,
25.96,0.2521990274263357,0.10073130171548786,
25.965,0.5691797009158984,0.12389246015986258,
25.97,0.21723931948613145,0.14352994333653815,
25.975,-0.23145552074209869,0.15909160667272998,
25.98,0.201565853704476,0.17014104269392474,
25.985,0.5122689755005121,0.1763698183532991,
25.990000000000002,0.05530762730950692,0.1776060828842797,
25.995,-0.32742754766432525,0.17381930599486858,
26.0,0.5174099431235768,0.16512101585536687,
26.005,0.5476886622336119,0.1517615195584188,
26.01,0.15645942606824711,0.1341227023468818,
26.015,-0.6221326710057661,0.11270711269834643,
26.02,0.13117516609486324,0.08812364519357689,
26.025000000000002,0.4904718785417015,0.061070229022544255,
26.03,-0.049931276973918824,0.03231401428965903,
26.035,-0.27752144174306764,0.0026696185957678004,
26.04,0.15332624339918183,-0.027023949275212063,
26.045,0.28038442489153836,-0.05592703487836597,
26.05,-0.11218485283057049,-0.08322308080932504,
26.055,-0.6436309201090233,-0.10814169523229594,
26.060000000000002,-0.21330681586971617,-0.12998039454014174,
26.065,0.41416638331153477,-0.1481244065226652,
26.07,-0.3319695435346205,-0.16206397580494245,
26.075,-0.6554249603880459,-0.17140868444066856,
26.080000000000002,-0.0783458773955452,-0.17589838537864821,
26.085,0.25481321690680053,-0.1754104426536679,
26.09,-0.26818460944702777,-0.16996307685752993,
26.095,-0.6888740057335965,-0.1597147247535774,
26.1,-0.024778628380355952,-0.1449594346846868,
26.105,0.19829862518843389,-0.12611843149906,
26.11,-0.16748286481251898,-0.10372809291104304,
26.115000000000002,-0.6486912437880437,-0.0784246804713506,
26.12,-0.12556005067924125,-0.050926259783390215,
26.125,0.4627307048747513,-0.02201232369407162,
26.13,-0.17554111120481677,0.007498303317872691,
26.135,-0.3112888591065769,0.03677065324597394,
26.14,0.10507414990458937,0.0649772385072963,
26.145,0.6535824420314318,0.09132144335677454,
26.150000000000002,0.012511905674463253,0.11506002154927174,
26.155,-0.540872191677141,0.13552406489512114,
26.16,0.1951037337047108,0.15213785115833983,
26.165,0.5927694709875196,0.1644350402367782,
26.17,0.10936593233064043,0.17207176301788293,
26.175,-0.10775932293655296,0.17483623557309938,
26.18,0.2805792320230396,0.17265462993164782,
26.185000000000002,0.7961387070117261,0.1655930387640803,
26.19,0.1794978919307788,0.15385548190107112,
26.195,-0.4043512590326585,0.13777801458156252,
26.2,0.18792261036611393,0.1178191074999958,
26.205000000000002,0.5190008967895818,0.09454657399071864,
26.21,-0.07470139776643045,0.06862141707664962,
26.215,-0.5345267997111074,0.04077905587208946,
26.22,0.013481592378006139,0.011808464522311045,
26.225,0.4973408597033727,-0.017470184587072512,
26.23,-0.19243641334044234,-0.04622873985119763,
26.235,-0.5650810664884899,-0.07365449438296197,
26.240000000000002,0.030996580681718316,-0.09897315234209872,
26.245,0.5760445805071363,-0.12147068866342428,
26.25,-0.282419732844411,-0.14051348506131553,
26.255,-0.7052980944487298,-0.15556617447759644,
26.26,-0.21909563567711604,-0.1662066914441742,
26.265,0.3071239456544833,-0.17213810528655482,
26.27,-0.3383938527795835,-0.17319690444122077,
26.275000000000002,-0.6614506586400756,-0.16935750080533116,
26.28,0.048444397070535994,-0.16073283012739958,
26.285,0.40498089603699017,-0.14757103494747634,
26.29,-0.15087846504694347,-0.1302483273788778,
26.295,-0.5109833942924882,-0.10925823695628473,
26.3,0.1794590371650739,-0.08519755080910767,
26.305,0.5343575536649665,-0.05874934667287503,
26.310000000000002,-0.16820207283190947,-0.030663601098337073,
26.315,-0.33796560217074356,-0.0017359233502644074,
26.32,0.026931986744068097,0.02721498200400186,
26.325,0.6946086178255108,0.05537048540860005,
26.330000000000002,-0.041614343218363006,0.08193517980111995,
26.335,-0.4909640285843264,0.10615935076065262,
26.34,0.19518962558178338,0.12736013455713846,
26.345,0.5377798865729195,0.14494076700620614,
26.35,0.15699566504930024,0.15840738055262615,
26.355,-0.47435752794499964,0.16738287681744723,
26.36,0.16804305908261097,0.17161748496235976,
26.365000000000002,0.8093792133954161,0.1709957102854519,
26.37,0.03214781684554138,0.16553947979837436,
26.375,-0.34700699101429033,0.15540739924287128,
26.38,0.3682737051897831,0.14089014603517222,
26.385,0.49633223191245923,0.12240213186662877,
26.39,-0.07525468024474968,0.10046967404936241,
26.395,-0.3299652983669436,0.07571601320122949,
26.400000000000002,0.15423123193745544,0.04884360373656402,
26.405,0.5457115549993644,0.020614180361444842,
26.41,-0.12035923991742817,-0.008172833791842402,
26.415,-0.33220281972107985,-0.036702965370140915,
26.42,0.00814293420431643,-0.06416973428634835,
26.425,0.5062177713134253,-0.08979745054312409,
26.43,-0.4086185757988968,-0.11286312000790424,
26.435000000000002,-0.5536898379972268,-0.13271684052651447,
26.44,-0.06282282044657056,-0.14880011300474236,
26.445,0.27026482689359704,-0.16066155155948247,
26.45,-0.3339590773955953,-0.16796955084876325,
26.455000000000002,-0.5538066988474444,-0.17052155512488448,
26.46,-0.02547159757942874,-0.16824966996472168,
26.465,0.3558804052677594,-0.16122246127878664,
26.47,-0.194660271992873,-0.14964289414928553,
26.475,-0.7084936392014543,-0.1338424732414149,
26.48,0.13422571457787646,-0.1142717538818427,
26.485,0.3344413012424456,-0.09148749537038471,
26.490000000000002,-0.10438423578582853,-0.06613682279283112,
26.495,-0.554944535849472,-0.03893884786189495,
26.5,0.09666061304233933,-0.010664270758234897,
26.505,0.4084933272653319,0.017886458434610782,
26.51,0.06352236720608127,0.04590579989881739,
26.515,-0.4544524529260848,0.0726019643743934,
26.52,0.007496750820437853,0.09722128757859322,
26.525000000000002,0.6362083610544347,0.11906950650845026,
26.53,-0.07543793626090686,0.13753133700187603,
26.535,-0.32121198582945476,0.15208780050560253,
26.54,0.3743261221392783,0.1623308121378555,
26.545,0.7591963062708316,0.16797462001304253,
26.55,0.06302149647759615,0.16886377519784365,
26.555,-0.3870208874825568,0.16497741005723796,
26.560000000000002,0.3151479149082004,0.1564297073334163,
26.565,0.7399521658679663,0.14346655011790876,
26.57,-0.17640448489056793,0.12645845087619878,
26.575,-0.3274809793385344,0.10588996280976502,
26.580000000000002,0.20145577990180513,0.08234587612427155,
26.585,0.45283267932190446,0.05649459241121953,
26.59,-0.10686315163852439,0.029069149788378656,
26.595,-0.417851193073144,0.0008464374476616252,
26.6,-0.010600265805143977,-0.02737481102922254,
26.605,0.43442180754721244,-0.05479662222551575,
26.61,-0.06684240935307643,-0.08064434560813916,
26.615000000000002,-0.703692424678464,-0.10418853646196023,
26.62,0.05230473658209242,-0.12476554088810754,
26.625,0.40862996176024763,-0.14179620197133375,
26.63,-0.26342671034734677,-0.1548021598702528,
26.635,-0.5964931511530338,-0.16341928709456888,
26.64,-0.13123870247481012,-0.1674078816516698,
26.645,0.3059104388771466,-0.16665933276027212,
26.650000000000002,-0.28305694596761966,-0.16119907382800192,
26.655,-0.49432085792643016,-0.15118574253874534,
26.66,-0.1996088121604146,-0.13690657521627403,
26.665,0.2961366476040397,-0.11876916908648281,
26.67,-0.28664631430744536,-0.09728984864202465,
26.675,-0.6574890816506428,-0.07307896812364424,
26.68,-0.12714527723920702,-0.046823568467454085,
26.685000000000002,0.6202508947467595,-0.019267881496687674,
26.69,2.0865371596932164e-05,0.008807765436476437,
26.695,-0.6400694780468671,0.036609046423148106,
26.7,0.15267910285194264,0.06335010986552414,
26.705000000000002,0.5422319478523165,0.0882757914564745,
26.71,0.01914356847354312,0.11068293941029413,
26.715,-0.30367282511732757,0.1299402497517812,
26.72,0.274093438562146,0.14550605214392798,
26.725,0.822847603728813,0.15694354519042053,
26.73,0.15247575739603825,0.16393305272039668,
26.735,-0.25254605866671137,0.16628095718461944,
26.740000000000002,0.4741154309014952,0.163925060561022,
26.745,0.7681398378042378,0.156936224409547,
26.75,-0.023760278006232954,0.145516246061064,
26.755,-0.2608306984752783,0.12999203439197643,
26.76,0.23550960801196957,0.11080625321203451,
26.765,0.5865886664309694,0.0885047000236005,
26.77,-0.08073520595052076,0.06372077997979923,
26.775000000000002,-0.3823728051202411,0.037157516680559895,
26.78,0.00121645715994554,0.009567610695293431,
26.785,0.5410752044029556,-0.01826788855788292,
26.79,-0.05968779155404019,-0.04556169324863288,
26.795,-0.6274463421585392,-0.07154254398427796,
26.8,-0.06041805747566174,-0.09547700331317704,
26.805,0.3022546457987311,-0.11669016007637895,
26.810000000000002,-0.2390432384473946,-0.13458466015486512,
26.815,-0.6565826326650761,-0.14865752701190135,
26.82,0.02608838936605143,-0.15851429841120002,
26.825,0.33139342668724303,-0.16388008200792795,
26.830000000000002,-0.39104767078443603,-0.16460721999111205,
26.835,-0.7018035090327681,-0.160679349119593,
26.84,-0.10067951216399787,-0.15221174461079134,
26.845,0.4268939706044787,-0.139447941520975,
26.85,-0.11199203010510193,-0.12275273251942749,
26.855,-0.42533794752139253,-0.10260174333098644,
26.86,-0.1359197669059622,-0.0795678837094641,
26.865000000000002,0.47358285409466355,-0.05430505988269568,
26.87,-0.15613819475161636,-0.027529611495503627,
26.875,-0.5301978190736583,4.9095360253363605e-15,
26.88,0.04470994896269148,0.02750467559225735,
26.885,0.5165272428724449,0.05420672704565558,
26.89,0.049484491033366024,0.07935186537359233,
26.895,-0.2777476661839551,0.1022305077578606,
26.900000000000002,0.22615002611090693,0.12219780105698604,
26.905,0.663812859459072,0.13869179688177788,
26.91,0.20646029498438273,0.1512492659951255,
26.915,-0.28819717030683456,0.159518707007154,
26.92,0.1623687270011233,0.16327018407518631,
26.925,0.7587762104305118,0.16240171831229636,
26.93,0.10399931672591374,0.1569420553053063,
26.935000000000002,-0.29111746901014446,0.1470497337736125,
26.94,0.36120907443513445,0.13300848505757332,
26.945,0.5351525902104035,0.11521909684794185,
26.95,0.077197328926086,0.09418797442408677,
26.955000000000002,-0.6624079304867533,0.07051272583919203,
26.96,0.16128499534862017,0.04486518134500927,
26.965,0.5183846085102085,0.017972329526275387,
26.97,-0.08300103133337544,-0.00940428891496014,
26.975,-0.45086799368831254,-0.036490145665203505,
26.98,0.2505074391030613,-0.06251963696815464,
26.985,0.43001434935944005,-0.08675772355286449,
26.990000000000002,-0.15802228324469517,-0.10852068667864703,
26.995,-0.7319142282632076,-0.1271954142020368,
27.0,-0.10186939233545907,-0.14225667266843373,
27.005,0.20035298605189614,-0.15328187887236358,
27.01,-0.4374138670111224,-0.15996295547739184,
27.015,-0.46738482335140996,-0.16211493811517952,
27.02,-0.06477752362244585,-0.15968109354098833,
27.025000000000002,0.1614363862226632,-0.15273440729449217,
27.03,-0.17989618504414895,-0.14147540209985465,
27.035,-0.7734058686294364,-0.12622635202614918,
27.04,5.014733442665342e-05,-0.10742205928396267,
27.045,0.30904482348588036,-0.08559745757745679,
27.05,-0.08215893780515204,-0.06137239542357886,
27.055,-0.6628421203075716,-0.03543403226810258,
27.060000000000002,0.11996279463064659,-0.008517347335979577,
27.065,0.6105381244740782,0.01861568593772407,
27.07,-0.09306806691983438,0.04519766981983958,
27.075,-0.42092303550694526,0.07047748594763358,
27.080000000000002,0.27789185718055376,0.09374151894062013,
27.085,0.8078118505600796,0.11433380027491057,
27.09,0.13095111819036098,0.13167450381565887,
27.095,-0.2044843938002087,0.14527627152911302,
27.1,0.28548876398731715,0.15475790972431389,
27.105,0.5779041649127633,0.15985507094358617,
27.11,0.07147213424381905,0.16042762220561968,
27.115000000000002,-0.38333683245886097,0.15646349427362335,
27.12,0.1739074434664375,0.14807890631106543,
27.125,0.5559066336328123,0.13551496287305706,
27.13,-0.0019168327846965372,0.11913072276020531,
27.135,-0.35348457676130773,0.09939293893291679,
27.14,0.2631966515695338,0.07686276263167634,
27.145,0.5996051400424287,0.0521797904219642,
27.150000000000002,-0.06773499644560861,0.026043907669115116,
27.155,-0.5271091892096282,-0.0008045561565321597,
27.16,0.13108411209883364,-0.027605797679474204,
27.165,0.32600164505176327,-0.053602041346158015,
27.17,-0.18063122358338116,-0.07805896421415134,
27.175,-0.5854156841181045,-0.10028643806831641,
27.18,0.1382323718751095,-0.11965800298436409,
27.185000000000002,0.25296149845003507,-0.13562852286342258,
27.19,-0.3984640005603084,-0.1477495253698603,
27.195,-0.7345542545575492,-0.15568179463331286,
27.2,-0.14150961325849307,-0.15920486315081742,
27.205000000000002,0.29047614632501517,-0.1582231373255472,
27.21,-0.451697600642184,-0.15276848650818922,
27.215,-0.49677516749027895,-0.1429992255602109,
27.22,-0.15432064271853504,-0.129195522998869,
27.225,0.5065093913549982,-0.11175136782469196,
27.23,-0.1762573763224084,-0.09116332531763888,
27.235,-0.6919248248726299,-0.06801640267245032,
27.240000000000002,-0.12387652946258405,-0.04296742677354644,
27.245,0.4289191418118954,-0.016726406389108495,
27.25,-0.07714181579576099,0.009963592375306838,
27.255,-0.3195839364497724,0.03634748696622213,
27.26,0.04670961022106501,0.061679539828325386,
27.265,0.7253632875639654,0.08524443610091069,
27.27,0.1829401148907692,0.1063774818336688,
27.275000000000002,-0.379765804984475,0.12448335240268374,
27.28,0.1675246316604918,0.13905286232400696,
27.285,0.718654992227959,0.14967728409168965,
27.29,0.06808754424673805,0.15605981340239308,
27.295,-0.34128146681070703,0.15802385918600675,
27.3,0.35965004698608866,0.15551792693673028,
27.305,0.6259161130513722,0.14861696037872305,
27.310000000000002,0.13429152936243793,0.13752010676774445,
27.315,-0.19075062817608301,0.12254497228699518,
27.32,0.20243511254279312,0.10411853318079929,
27.325,0.50458358915365,0.0827649626800071,
27.330000000000002,-0.09967186060757932,0.05909072074456572,
27.335,-0.3446066298437554,0.03376733072764658,
27.34,0.012441113752202335,0.007512332081611385,
27.345,0.37274939644568716,-0.018931050646269966,
27.35,-0.2771013425310326,-0.044814946477655035,
27.355,-0.4914030067197688,-0.06940798879234084,
27.36,-0.12096049916658586,-0.09201598008438854,
27.365000000000002,0.48369239906897604,-0.11200148681614047,
27.37,-0.20516854705695292,-0.1288018112886947,
27.375,-0.8814980494884405,-0.14194483384546816,
27.38,-0.044177048272255645,-0.15106227940695724,
27.385,0.4105345481253928,-0.15590003557329413,
27.39,-0.35651715206821444,-0.15632523324216432,
27.395,-0.6646010881305715,-0.15232989249716145,
27.400000000000002,-0.16074980866966151,-0.14403103382259616,
27.405,0.322614548232228,-0.1316672547386405,
27.41,-0.26109499010643944,-0.11559187189383871,
27.415,-0.4237692938834728,-0.09626282567566169,
27.42,-0.21087477313338704,-0.07422963576148693,
27.425,0.3655174939526819,-0.05011777915580266,
27.43,-0.1675555811885658,-0.024610934800241378,
27.435000000000002,-0.8896249040982448,0.0015684012393771625,
27.44,0.050777173593626074,0.027679380393627512,
27.445,0.538081815600112,0.052983766373243174,
27.45,0.04604164995581511,0.07676680686158277,
27.455000000000002,-0.3408142955050392,0.09835742203655172,
27.46,0.253579085462043,0.11714713970180762,
27.465,0.6630447201670018,0.13260724277128472,
27.47,-0.06238116874333177,0.14430364588769432,
27.475,-0.3797838205279746,0.15190908261046626,
27.48,0.3225283685099195,0.1552122610386718,
27.485,0.613169946107117,0.15412373176855687,
27.490000000000002,-0.009159678685712463,0.14867830528208367,
27.495,-0.36720555333960436,0.13903395358057632,
27.5,0.04790083417847857,0.1254672303482098,
27.505,0.46269414402707676,0.10836534234067906,
27.51,-0.07298893685447666,0.08821509926176879,
27.515,-0.4190391270340258,0.06558905744567459,
27.52,0.0994103605208303,0.04112925172083619,
27.525000000000002,0.5311663202605592,0.015528977665157668,
27.53,-0.10200391754467046,-0.010486858835195123,
27.535,-0.6337194259218606,-0.036182267775364284,
27.54,0.10934742651717383,-0.060830995770838,
27.545,0.4402494052289301,-0.08373705235261422,
27.55,-0.23762154933887084,-0.10425436169165248,
27.555,-0.6204358007279759,-0.12180498488913248,
27.560000000000002,0.0028840788094590397,-0.13589539889645696,
27.565,0.348715724335016,-0.14613037355286423,
27.57,-0.0625570455349142,-0.15222405656472593,
27.575,-0.7300383813760318,-0.15400795555785524,
27.580000000000002,-0.08645698431396615,-0.1514355943574044,
27.585,0.4537002150275238,-0.1445837148944594,
27.59,-0.28196227024345255,-0.13364999393190702,
27.595,-0.7456302122143578,-0.1189473423770206,
27.6,0.08740990272806551,-0.10089495151632347,
27.605,0.5454882289998427,-0.08000634234051984,
27.61,-0.3174186949585765,-0.05687475863165903,
27.615000000000002,-0.34803057427250306,-0.03215631927916964,
27.62,0.15422546507520143,-0.006551408268010911,
27.625,0.5896891915234405,0.01921516982662372,
27.63,0.028205173789316917,0.04441470658258437,
27.635,-0.429274758670585,0.06833519796718703,
27.64,0.24948104819877126,0.0903014612686945,
27.645,0.6515134097789488,0.1096941923539902,
27.650000000000002,-0.03153403756996184,0.12596742537006939,
27.655,-0.4227185168550457,0.1386639026746704,
27.66,0.11908944877395747,0.14742792232481655,
27.665,0.48565390806969566,0.15201530217482606,
27.67,0.03555697353842649,0.15230018149821936,
27.675,-0.32795390129597823,0.14827847072674907,
27.68,0.25988778291039805,0.14006785485173276,
27.685000000000002,0.7480574238219945,0.12790435356785199,
27.69,0.03551227988274393,0.11213553859794273,
27.695,-0.298706909220447,0.09321060306556678,
27.7,-0.0518516118904775,0.07166756661334765,
27.705000000000002,0.6401991545956766,0.04811798069318326,
27.71,-0.11024459067406753,0.023229568802467654,
27.715,-0.3886343684682894,-0.0022927055691979816,
27.72,0.06514954494239514,-0.02772660651443632,
27.725,0.2962787636506486,-0.052353063251250886,
27.73,-0.21501474761778078,-0.07547649931456824,
27.735,-0.4419766750627212,-0.09644447867357454,
27.740000000000002,0.1729596791679529,-0.11466611389692045,
27.745,0.49345630783634986,-0.12962871700394793,
27.75,-0.2534039636483615,-0.1409122238092155,
27.755,-0.49610842025289903,-0.148200985956326,
27.76,-0.1526872249535487,-0.15129259964319786,
27.765,0.2378499259567445,-0.15010352413572878,
27.77,-0.06432758087944153,-0.14467133416661443,
27.775000000000002,-0.5692299481817524,-0.13515354563933255,
27.78,0.10152675260744684,-0.12182305100602456,
27.785,0.3507430978670076,-0.10506029651852929,
27.79,-0.035451698964428194,-0.08534242555591948,
27.795,-0.5830137764857775,-0.06322969781129459,
27.8,0.14155722407222238,-0.03934957086204822,
27.805,0.436326104318839,-0.014378896387910562,
27.810000000000002,0.04464248910744322,0.01097526380614141,
27.815,-0.5614724062882854,0.03599565824618047,
27.82,0.22898160481731344,0.0599751358593765,
27.825,0.4006519726757689,0.08223663169275784,
27.830000000000002,0.17182489980563648,0.10215228345143929,
27.835,-0.42210106541064885,0.11916113912697401,
27.84,0.07758317644087062,0.13278495632301354,
27.845,0.6673064763045706,0.14264164830578663,
27.85,0.13463226175300164,0.14845599875986815,
27.855,-0.13901599820890445,0.15006734480816838,
27.86,0.3776691837555256,0.14743401385803215,
27.865000000000002,0.8138904184820496,0.14063439182172552,
27.87,-0.04050012560359606,0.12986459562340694,
27.875,-0.2450652563644415,0.11543281894619131,
27.88,0.21972798519967895,0.09775051417584515,
27.885,0.4512635078471985,0.07732066280572784,
27.89,0.08252615642784808,0.054723468660481424,
27.895,-0.41419771750036055,0.03059988085755524,
27.900000000000002,0.1083619986247345,0.005633414415544511,
27.905,0.5467921202897282,-0.01946921587980416,
27.91,0.03754156836241228,-0.04399809966299573,
27.915,-0.5841460779328138,-0.06726020700639772,
27.92,0.12546229656011987,-0.08859896853878924,
27.925,0.3884227080972786,-0.10741280648335948,
27.93,-0.17861348453226628,-0.12317209360958017,
27.935000000000002,-0.5386250574998082,-0.13543406202940894,
27.94,-0.10107235340699532,-0.1438552421817594,
27.945,0.11891937841588743,-0.14820108257308826,
27.95,-0.2049089719629957,-0.1483524808824044,
27.955000000000002,-0.6108249771702328,-0.14430904462206548,
27.96,0.01879641645507263,-0.13618899218856315,
27.965,0.30237991675748627,-0.12422570021553775,
27.97,-0.12658979677504875,-0.10876099796433897,
27.975,-0.46568840216648516,-0.09023540137361898,
27.98,0.1499059839099596,-0.06917556574480596,
27.985,0.5334391572221531,-0.04617931442597782,
27.990000000000002,-0.17294024273779446,-0.021898669066496297,
27.995,-0.2520492601603291,0.0029786368735586983,
28.0,0.30990435743927736,0.02774863723453468,
28.005,0.5016004761127861,0.05171105318356367,
28.01,-0.0378471239768038,0.07418909049556859,
28.015,-0.31381893392989035,0.0945485544216729,
28.02,0.1888097254429942,0.11221574229373693,
28.025000000000002,0.6575215312546019,0.1266936090741919,
28.03,0.05334753282983104,0.13757575036320233,
28.035,-0.4797059910312994,0.14455780951117445,
28.04,0.13543918423572052,0.14744598868450515,
28.045,0.3912257536887652,0.14616242591805667,
28.05,-0.1242065881186935,0.1407472890251823,
28.055,-0.33231872161803183,0.13135753020770358,
28.060000000000002,0.21876610778133215,0.11826233968174138,
28.065,0.6679057522693475,0.10183542993721957,
28.07,-0.01486397985707262,0.0825443717428336,
28.075,-0.27283099028468105,0.06093728616679927,
28.080000000000002,-0.008010541998404383,0.037627271361545256,
28.085,0.6875277513452615,0.013275006559729258,
28.09,-0.056513408651487504,-0.011429973141580032,
28.095,-0.3979430920012127,-0.035788800506031296,
28.1,0.12994646267763596,-0.059113045604920846,
28.105,0.4917239026104116,-0.08074417176388932,
28.11,-0.32829812354158405,-0.10007212817259255,
28.115000000000002,-0.5364209392933355,-0.11655255424223182,
28.12,-0.012312744670576276,-0.1297221105383136,
28.125,0.08671682633737984,-0.13921150453983425,
28.13,-0.2628941413007091,-0.14475584505736938,
28.135,-0.6363829139827905,-0.1462020350177192,
28.14,0.036321744314929294,-0.1435129963349443,
28.145,0.4632690916578236,-0.13676861035435903,
28.150000000000002,-0.360136216768714,-0.1261633503340591,
28.155,-0.6532598571929148,-0.11200067598538155,
28.16,0.11764750692908545,-0.09468435158334497,
28.165,0.38069354731785776,-0.07470693599642879,
28.17,-0.1853104007061135,-0.0526357727192136,
28.175,-0.6624321967960444,-0.029096878375705595,
28.18,0.11667779841009944,-0.004757187211708608,
28.185000000000002,0.4555452734165485,0.019694344844932685,
28.19,0.07172996815773842,0.04356624120091185,
28.195,-0.4390835386657773,0.06618405872430953,
28.2,0.102828166116599,0.08690944202795224,
28.205000000000002,0.5720966889725622,0.10515813960387542,
28.21,0.015725865441570563,0.12041647335932858,
28.215,-0.25775488491379395,0.13225579730957793,
28.22,0.24202648724348375,0.14034453847326137,
28.225,0.6443240494265091,0.14445748176014997,
28.23,0.031129748425663156,0.14448203888420189,
28.235,-0.4474719187299134,0.14042132685602854,
28.240000000000002,0.07019627176203627,0.1323939719824456,
28.245,0.8420877406002,0.1206306479679597,
28.25,-0.0653060652825153,0.10546744905013948,
28.255,-0.5116515558414296,0.08733628849845476,
28.26,0.23974281273098358,0.06675259673848424,
28.265,0.5971434485248097,0.0443006694623565,
28.27,0.06927002205958785,0.020617082207615635,
28.275000000000002,-0.6655700647308763,-0.0036273578293105043,
28.28,-0.23099319132925264,-0.027746611058185783,
28.285,0.5789597636439381,-0.05105881773639808,
28.29,-0.5000297311721069,-0.0729055739089511,
28.295,-0.5125468889772234,-0.0926705261368015,
28.3,-0.08355466727844738,-0.10979675987265623,
28.305,0.29803742045523257,-0.12380249094431928,
28.310000000000002,-0.297160196551542,-0.13429461804414713,
28.315,-0.6444678861138095,-0.14097975501736162,
28.32,-0.014938474322656603,-0.1436724333580077,
28.325,0.2357157907772138,-0.14230024562491858,
28.330000000000002,-0.1126113562644533,-0.13690578720117674,
28.335,-0.6791537516225123,-0.12764534448296966,
28.34,-0.12498049314425311,-0.11478436962872694,
28.345,0.37535388143975285,-0.0986898728241286,
28.35,-0.11291904210871755,-0.07981995005547582,
28.355,-0.6341577665532694,-0.05871074517544067,
28.36,0.14748744277812487,-0.035961217312947436,
28.365000000000002,0.509616573430694,-0.012216146388067277,
28.37,-0.07534381646400326,0.01185214109369457,
28.375,-0.49524957444116885,0.035562808058655124,
28.38,0.20579616182505525,0.05824576572799999,
28.385,0.558904719807442,0.07926061056370698,
28.39,0.020525482557292488,0.09801470414625167,
28.395,-0.38080626813306,0.11397988556740567,
28.400000000000002,0.18948458621255237,0.12670734506476222,
28.405,0.5378977189992934,0.13584024005812187,
28.41,-0.1384935223945616,0.1411236989740299,
28.415,-0.4264214559069626,0.1424119324382937,
28.42,0.36935139963626284,0.13967225346996487,
28.425,0.6220407671784778,0.1329858958953169,
28.43,-0.0009657715928825666,0.12254561083648181,
28.435000000000002,-0.5231571116461212,0.10865011225010945,
28.44,0.193998419423157,0.0916955315199393,
28.445,0.6697445678538656,0.07216412552853414,
28.45,-0.17591702871896253,0.05061056006362218,
28.455000000000002,-0.5723596452981071,0.027646158672700386,
28.46,0.2655644064811887,0.0039215642423632,
28.465,0.5672847419984575,-0.019891694959304304,
28.47,-0.28392572272819805,-0.04312021252153927,
28.475,-0.47383763789305683,-0.06510774643487398,
28.48,0.15519960428822982,-0.08523375846978815,
28.485,0.26412426592716853,-0.10293092665114134,
28.490000000000002,-0.2204407873604338,-0.1177011366159201,
28.495,-0.5238503656417444,-0.1291295011160802,
28.5,-0.09971859845719776,-0.13689601310536897,
28.505,0.3885753742840875,-0.14078450513040072,
28.51,-0.27893727458810735,-0.14068866421926304,
28.515,-0.5403986301139816,-0.13661493495301544,
28.52,-0.13512766216392538,-0.12868223155094088,
28.525000000000002,0.38831764630455906,-0.11711847010153892,
28.53,-0.3076900062844485,-0.10225402197304197,
28.535,-0.6450873683686393,-0.0845122763979501,
28.54,0.0013116243619835516,-0.06439758178960457,
28.545,0.5119499491890824,-0.042480909213810175,
28.55,-0.17911495897871244,-0.019383645524238765,
28.555,-0.45819449582659877,0.004240023827784214,
28.560000000000002,0.1135193468191077,0.02772164285133005,
28.565,0.41643129371086823,0.05039739919764424,
28.57,-0.03635266724166178,0.07162688929598647,
28.575,-0.4780107410309329,0.09081120399029863,
28.580000000000002,0.1497286829467049,0.10740982393391184,
28.585,0.7450820147573544,0.12095584813439018,
28.59,-0.004104746808214654,0.13106912661841708,
28.595,-0.20850293536908052,0.13746692785155376,
28.6,0.3280368748313472,0.13997184160073353,
28.605,0.5020206357796477,0.1385166963777336,
28.61,0.2727898802420966,0.13314635522344687,
28.615000000000002,-0.49730311140756966,0.12401634198745881,
28.62,0.308815854720893,0.11138833992188564,
28.625,0.4931582879393726,0.09562269280598494,
28.63,0.042905347647035214,0.07716812345125994,
28.635,-0.40008234777689633,0.05654896291455622,
28.64,0.11320577122290776,0.034350253857610584,
28.645,0.37148999321343734,0.011201151259541594,
28.650000000000002,-0.07785294411446989,-0.012242908565518497,
28.655,-0.5991613826461275,-0.03531876530913977,
28.66,-0.019062287709330203,-0.05737429296784892,
28.665,0.42449315990650494,-0.07778682851266394,
28.67,-0.2917106795312222,-0.09598075015991434,
28.675,-0.5105065444124641,-0.11144370900898415,
28.68,0.03378391153248489,-0.1237410563566072,
28.685000000000002,0.39216721511018243,-0.13252806044500004,
28.69,-0.24634340604921512,-0.13755956928859378,
28.695,-0.5793731696160018,-0.13869684876038313,
28.7,0.029418943746104848,-0.13591140524449827,
28.705000000000002,0.4092810754376297,-0.12928568760398593,
28.71,-0.2662911446585896,-0.11901065155092293,
28.715,-0.5340080975816683,-0.10538025823884958,
28.72,-0.1424858091114482,-0.08878306551679092,
28.725,0.3605201101032453,-0.06969115234116062,
28.73,0.016801007593269815,-0.04864669202221579,
28.735,-0.6591561715579801,-0.02624655616492602,
28.740000000000002,0.029344926349395214,-0.0031253864879219485,
28.745,0.4787545487462343,0.02006238538577128,
28.75,-0.07008937173937463,0.042661060777788175,
28.755,-0.5314899087906373,0.06403221519094551,
28.76,0.0949386861082854,0.08357273365468981,
28.765,0.6049950995714193,0.1007318306985182,
28.77,0.026648505812072787,0.1150265746631079,
28.775000000000002,-0.41543637288029345,0.12605547880092294,
28.78,0.3040796438716784,0.13350977669320657,
28.785,0.6748760600888912,0.13718206534774713,
28.79,0.09345440377898419,0.1369720740697596,
28.795,-0.4148057205299731,0.1328893986967545,
28.8,0.16471247255543656,0.1250531267451259,
28.805,0.5689443552492526,0.11368836699728016,
28.810000000000002,0.06498527523281103,0.0991197845739653,
28.815,-0.2574680007717679,0.08176232711266429,
28.82,0.08425493063597511,0.06210940692070632,
28.825,0.4509155907922546,0.040718875655543094,
28.830000000000002,-0.06598462393461947,0.018197190185276532,
28.835,-0.33424871976646015,-0.004817780948762668,
28.84,0.1004508558715939,-0.027674823031443876,
28.845,0.47056862226781915,-0.049727801003313886,
28.85,-0.3337780296419683,-0.07035392428313579,
28.855,-0.7410925293486477,-0.08897133428990983,
28.86,0.061603679067701075,-0.10505551800921874,
28.865000000000002,0.4283997501948662,-0.11815408461129187,
28.87,-0.11499186207564226,-0.1278994888504955,
28.875,-0.5125444657713417,-0.13401934342444968,
28.88,0.01642512626671025,-0.1363440309819307,
28.885,0.3424114018759117,-0.1348114030954569,
28.89,-0.2264035937611616,-0.12946843608262656,
28.895,-0.4286366160429298,-0.1204697997296578,
28.900000000000002,-0.15675081650921668,-0.10807338230112976,
28.905,0.371874809768556,-0.09263290124162994,
28.91,-0.10042283452564696,-0.0745878112558661,
28.915,-0.4607398876189949,-0.054450797672233646,
28.92,0.1954943128369124,-0.03279321100003966,
28.925,0.5544955256605222,-0.01022885646807295,
28.93,0.050902844514987416,0.01260340154499119,
28.935000000000002,-0.48383369169223905,0.03505772720221308,
28.94,0.1777088064382296,0.056499580932366095,
28.945,0.6258217965663224,0.07632365048947803,
28.95,-0.16496490378737252,0.09397093865825942,
28.955000000000002,-0.314393965333966,0.10894452524164835,
28.96,0.14066901721601419,0.12082355890699539,
28.965,0.6820573677334383,0.12927508493938783,
28.97,0.09671193041232103,0.13406337651354436,
28.975,-0.11538252289207285,0.13505650799907076,
28.98,0.2256009858354316,0.13222998704374578,
28.985,0.7202405156518956,0.12566734551724743,
28.990000000000002,0.021204585836929718,0.11555767548159829,
28.995,-0.5774704611126856,0.10219018274868397,
29.0,0.1341786352084911,0.08594591484527642,
29.005,0.6792749984487888,0.06728689995287736,
29.01,-0.1340627313105195,0.04674300637167992,
29.015,-0.3811607982226535,0.024896896218181277,
29.02,0.04709444485524992,0.0023675005988720373,
29.025000000000002,0.4100700734177092,-0.020207515095730127,
29.03,-0.33392269291074356,-0.042189799021064296,
29.035,-0.6934269845833483,-0.06295836303871581,
29.04,0.08332132688179296,-0.08192712482964028,
29.045,0.5544639671344619,-0.09856144643210467,
29.05,-0.18070712066368516,-0.11239320252156698,
29.055,-0.44272491191868346,-0.12303395376358575,
29.060000000000002,-0.0904612820459591,-0.13018585455246962,
29.065,0.3174152399904439,-0.13364998886114032,
29.07,-0.22217875610800022,-0.13333190093847608,
29.075,-0.7381223760613757,-0.12924416712825393,
29.080000000000002,-0.01343685337484414,-0.1215059388931012,
29.085,0.4861879634934312,-0.11033947283334447,
29.09,-0.26911388078506054,-0.09606374866976793,
29.095,-0.40984685888553263,-0.07908535840266406,
29.1,0.059298082363295514,-0.05988692684451161,
29.105,0.45604606625052774,-0.039013393278858936,
29.11,-0.1544255931086671,-0.017056544162399375,
29.115000000000002,-0.6175009455272901,0.005361764129077997,
29.12,0.29011164895539604,0.027607216886953598,
29.125,0.7534670158705654,0.04905098822455642,
29.13,-0.10472296900330746,0.06908751602035515,
29.135,-0.3722625613674527,0.08715160222072194,
29.14,0.14591101534095763,0.1027343556254987,
29.145,0.5894382377243113,0.11539752746664077,
29.150000000000002,0.10664938298539493,0.12478583596071456,
29.155,-0.462842842393377,0.130636933262204,
29.16,0.13475232100053786,0.1327887352348572,
29.165,0.6243147046729622,0.1311839092908931,
29.17,-0.10319526431192996,0.12587139609913464,
29.175,-0.18581011333799247,0.11700492494921438,
29.18,0.2144567843109198,0.10483856760284604,
29.185000000000002,0.5687111618068591,0.08971945915852175,
29.19,0.11676356530005126,0.07207789443783241,
29.195,-0.5865506141063377,0.05241508241188009,
29.2,0.22824814421317768,0.03128890713795001,
29.205000000000002,0.5303199933811763,0.009298099712420727,
29.21,-0.02578560931065223,-0.01293472970856176,
29.215,-0.60793742964371,-0.03478071896422299,
29.22,0.05830027882141104,-0.05562254098358708,
29.225,0.4082033653987416,-0.07487184783226522,
29.23,-0.09971900583801055,-0.0919858788014342,
29.235,-0.5320080664302221,-0.106482763734837,
29.240000000000002,-0.04049537282253078,-0.11795509012664668,
29.245,0.4233375649340497,-0.12608135202591284,
29.25,0.05455972852692609,-0.13063495903897893,
29.255,-0.6896616208844107,-0.13149055301554133,
29.26,-0.18165675058126102,-0.12862745637051318,
29.265,0.4396533700272323,-0.12213015726507298,
29.27,-0.265454749583292,-0.11218582074411228,
29.275000000000002,-0.4861760057344321,-0.09907889903006374,
29.28,-0.021470313404885297,-0.08318299612576179,
29.285,0.362100142972935,-0.06495021936682883,
29.29,-0.095186931520296,-0.0448983214007952,
29.295,-0.5035696734988055,-0.023595998257467356,
29.3,-0.0006815560531263161,-0.001646760965114576,
29.305,0.4922889788725555,0.02032816189667784,
29.310000000000002,-0.29538556617988243,0.04170740635091094,
29.315,-0.3960348813042598,0.061887042282654375,
29.32,0.25450427113966134,0.08029763304081139,
29.325,0.60907555978066,0.09642030350214191,
29.330000000000002,0.145575785299154,0.10980136321208983,
29.335,-0.49456853236488885,0.12006507250373553,
29.34,0.2659244027261026,0.1269241923967905,
29.345,0.7043398507770552,0.1301880220840651,
29.35,0.05005762687416143,0.1297676991345129,
29.355,-0.36247119589391574,0.12567861515349185,
29.36,0.23524909411907688,0.11803988134235038,
29.365000000000002,0.5858736146790351,0.1070708618771325,
29.37,-0.06166355845529237,0.09308487591747225,
29.375,-0.35606534280927415,0.07648024901856866,
29.38,0.21136183136523903,0.057728969493961224,
29.385,0.49811766300055227,0.03736327275373615,
29.39,-0.0925878418974384,0.015960534922833076,
29.395,-0.5093662163113839,-0.005873095513596823,
29.400000000000002,0.24534234118156742,-0.027519864016439927,
29.405,0.5269908568112793,-0.04836788810869258,
29.41,-0.254724942748108,-0.06782845280656517,
29.415,-0.7831759700885708,-0.08535263450661007,
29.42,0.13710557856562314,-0.10044678392486872,
29.425,0.542640206615359,-0.11268643139089068,
29.43,-0.23748697574943312,-0.12172822282508367,
29.435000000000002,-0.530253280380704,-0.12731955078331925,
29.44,0.06722518235177197,-0.12930561044595543,
29.445,0.5015390220224948,-0.1276336834961351,
29.45,-0.2016753757861579,-0.12235453140248397,
29.455000000000002,-0.6376066518120379,-0.11362086146675368,
29.46,0.22667098814621472,-0.10168291180051658,
29.465,0.2889805155782218,-0.08688128281393825,
29.47,-0.19387946167089282,-0.06963722053397171,
29.475,-0.6124383305277669,-0.05044062892376077,
29.48,-0.03652069392960293,-0.029836152323756717,
29.485,0.512938925939857,-0.008407723377494462,
29.490000000000002,-0.12493184914683127,0.013237985182754467,
29.495,-0.46754873532377433,0.034488735940528335,
29.5,0.09120608490416149,0.05474404315310936,
29.505,0.4687758044446623,0.07343214030407803,
29.51,-0.025344421592908575,0.09002611942257915,
29.515,-0.2966070108974658,0.10405878661670082,
29.52,0.15501697420959948,0.11513581500301524,
29.525000000000002,0.5710318874558271,0.12294682475562922,
29.53,-0.16660709389430509,0.1272740789628969,
29.535,-0.37116381736680054,0.127998551690908,
29.54,0.29293308578564725,0.12510319918708254,
29.545,0.6075879963106667,0.11867334440065372,
29.55,-0.05305284818119391,0.1088941667044912,
29.555,-0.2233270670565743,0.09604537056157662,
29.560000000000002,0.2371081771678177,0.0804931865753068,
29.565,0.5461204965086446,0.06267993364394005,
29.57,0.08020440037788895,0.04311143968105321,
29.575,-0.5548119941403301,0.022342678629891727,
29.580000000000002,0.2038479939239165,0.0009620315922337869,
29.585,0.394935100692866,-0.02042538159382977,
29.59,-0.11618041583793423,-0.041214828136029606,
29.595,-0.6123829120066249,-0.06081906075754846,
29.6,-0.045804057156600866,-0.07868490541816038,
29.605,0.3336231035321504,-0.09430886975375531,
29.61,-0.27701855784006774,-0.10725133183888158,
29.615000000000002,-0.6852762666581409,-0.11714890943961882,
29.62,-0.12703461636111327,-0.1237246617534832,
29.625,0.47407047832589233,-0.12679583725300056,
29.63,-0.18416826307805492,-0.12627895090771876,
29.635,-0.7311800524226817,-0.12219204977961917,
29.64,-0.08405991493345404,-0.11465410562097592,
29.645,0.35497657507010577,-0.10388155439725609,
29.650000000000002,0.0767537239053077,-0.09018208331011064,
29.655,-0.592289172357563,-0.07394584362686561,
29.66,0.07999300131339938,-0.055634340238364846,
29.665,0.2946695529553004,-0.03576731431803517,
29.67,-0.005293794068811371,-0.014907991897770291,
29.675,-0.4022128452611503,0.0063528829760506784,
29.68,0.16888638506108636,0.02741377787824148,
29.685000000000002,0.42291712252488534,0.04767939066828425,
29.69,0.0017685146328275947,0.06657747569926153,
29.695,-0.5325765138254335,0.0835750019929324,
29.7,0.15038031259372575,0.09819318714501149,
29.705000000000002,0.4614297261078852,0.1100209829511057,
29.71,-0.09146324185102654,0.11872663292772552,
29.715,-0.3387904728486442,0.12406697678408213,
29.72,0.3157328775854811,0.12589424091696136,
29.725,0.6163699955399795,0.1241601253346089,
29.73,0.18564560920341666,0.11891707404092507,
29.735,-0.4156318398800925,0.11031669565802989,
29.740000000000002,-0.009797362748397487,0.09860538167473049,
29.745,0.6207893723561574,0.08411724890082249,
29.75,-0.10349987783160793,0.06726460824458445,
29.755,-0.40976088604280636,0.04852623168094092,
29.76,0.10363625378414493,0.028433751273786386,
29.765,0.37405043132682836,0.007556576612932547,
29.77,-0.1970709185255876,-0.013514241452753876,
29.775000000000002,-0.42679202368598806,-0.03418274352012108,
29.78,0.023576248653827014,-0.05386491708281835,
29.785,0.17102321230283962,-0.07200519802101345,
29.79,-0.16181967713887802,-0.08809215188670788,
29.795,-0.37320512858864413,-0.1016728923807238,
29.8,-0.19596340511790716,-0.1123658305480708,
29.805,0.37947915418972167,-0.11987139580748318,
29.810000000000002,-0.2916792408737653,-0.12398042762179634,
29.815,-0.5342529243577097,-0.1245800027683791,
29.82,0.1609911787153872,-0.121656535902903,
29.825,0.4154916252368952,-0.11529606836382054,
29.830000000000002,-0.16676632416231046,-0.10568173974968216,
29.835,-0.6441319324291241,-0.09308851646435103,
29.84,-0.11443489462186354,-0.07787532891362942,
29.845,0.2842490729052339,-0.06047484216256809,
29.85,-0.1277644372245511,-0.04138115156082539,
29.855,-0.5234249310237732,-0.02113575323600048,
29.86,-0.061247905752834064,-0.0003121877972134565,
29.865000000000002,0.5572181040634355,0.020500207275922833,
29.87,-0.050323846674606536,0.040712976299832136,
29.875,-0.36971554803023843,0.059755183103680644,
29.88,0.16128812775329893,0.0770895374020737,
29.885,0.5727714261588697,0.0922275543397753,
29.89,0.07381071614754685,0.10474331949892364,
29.895,-0.3546797251208206,0.11428547150149862,
29.900000000000002,0.2530791132163122,0.12058706510953143,
29.905,0.5850326044683938,0.12347303797921863,
29.91,-0.02347085988302597,0.12286507224824753,
29.915,-0.3766825791774766,0.11878371599760479,
29.92,0.2430411549548972,0.11134770723670802,
29.925,0.465187555313163,0.10077052221489446,
29.93,0.0442191379009607,0.08735424832392442,
29.935000000000002,-0.4493269279254053,0.07148095740780669,
29.94,0.26261900651956743,0.053601825803357685,
29.945,0.4552223351280358,0.03422431090972879,
29.95,-0.370474048056749,0.013897748739749706,
29.955000000000002,-0.5864968314890291,-0.006802218798215354,
29.96,0.056699418455557274,-0.02728994544204677,
29.965,0.4319639350733587,-0.046986349312668256,
29.97,-0.19766289291233075,-0.06533528010614213,
29.975,-0.37883240751094177,-0.08181922215101782,
29.98,0.11236154319974453,-0.09597388996407152,
29.985,0.30309719438710925,-0.10740130467955636,
29.990000000000002,-0.3222057219503784,-0.115780983075906,
29.995,-0.48952587193698993,-0.12087892464528634,
30.0,-0.012373152386429179,-0.12255414471483828,
30.005,0.22304230282432314,-0.12076257125639045,
30.01,-0.17080312090308422,-0.11555819773943582,
30.015,-0.6441210883079932,-0.10709146207149581,
30.02,-0.07893434963466686,-0.09560490013155501,
30.025000000000002,0.32831716693988583,-0.08142619941716578,
30.03,-0.2304570958633949,-0.06495885171693001,
30.035,-0.5540044956500458,-0.046670671416567694,
30.04,0.09563404605496134,-0.02708050613974406,
30.045,0.5274222207542475,-0.006743517222208253,
30.05,-0.09910592621163494,0.013764552407696688,
30.055,-0.5168049892985117,0.03386367714004349,
30.060000000000002,0.21417958655819308,0.052985952986508905,
30.065,0.5037196721490298,0.07059164334165784,
30.07,0.10192545788897388,0.08618441285259613,
30.075,-0.306999266668175,0.09932531944009554,
30.080000000000002,0.23127239181989018,0.10964517004277981,
30.085,0.5923874628045849,0.11685489230133234,
30.09,-0.0066195358712074215,0.12075363083477789,
30.095,-0.2843886076008462,0.12123434137908012,
30.1,0.12683935287190234,0.11828672702514467,
30.105,0.5775843926358384,0.11199743609601132,
30.11,-0.11159917317893787,0.10254751870809141,
30.115000000000002,-0.4863552705864197,0.09020721657525735,
30.12,0.17122634379063634,0.07532823594580017,
30.125,0.57654658298019,0.05833372458214118,
30.13,-0.13261861521670928,0.039706238399091126,
30.135,-0.4838450760786263,0.019974039943510467,
30.14,-0.012427683116077504,-0.0003038822644770851,
30.145,0.3755151345136201,-0.020553648716020907,
30.150000000000002,-0.11078342260079435,-0.0402027296642298,
30.155,-0.6388598454868044,-0.058696132041805626,
30.16,0.031402179838690675,-0.07551207491159005,
30.165,0.3761552981216088,-0.09017671071900146,
30.17,-0.07246430162461548,-0.10227747702341382,
30.175,-0.5308654548149663,-0.1114747025090023,
30.18,-0.1603965840990439,-0.11751114079947936,
30.185000000000002,0.4500475388766211,-0.12021916450775383,
30.19,-0.18846385549509398,-0.11952541836697993,
30.195,-0.6206815065625908,-0.1154528023284282,
30.2,-0.025509783501771674,-0.10811973113178014,
30.205000000000002,0.4651920246653914,-0.09773669391311794,
30.21,-0.27852526604557853,-0.08460021373505035,
30.215,-0.858207611089565,-0.0690843803441484,
30.22,-0.12263571916378563,-0.051630197911121535,
30.225,0.301411696898291,-0.032733051057169796,
30.23,-0.26606366232665607,-0.012928645382568982,
30.235,-0.4046307069365743,0.007222178496973791,
30.240000000000002,0.23678708353589972,0.02714932693390843,
30.245,0.7867428245207982,0.04628958151668142,
30.25,0.0345680000236801,0.06410251735650123,
30.255,-0.4434501758095552,0.08008576150579477,
30.26,0.12085273091416686,0.09378916071384226,
30.265,0.5780050568581337,0.10482745898009534,
30.27,-0.1306142607990854,0.11289112788737127,
30.275000000000002,-0.5368478430591164,0.11775504527232106,
30.28,0.12962447605135707,0.11928477892382267,
30.285,0.4514051266470574,0.11744029995284866,
30.29,0.011184367934574516,0.1122770233233008,
30.295,-0.1637148030676204,0.10394414870729166,
30.3,0.22895566644313428,0.09268035118777473,
30.305,0.5602126305664115,0.07880694621691497,
30.310000000000002,-0.1679125979661259,0.06271872453391074,
30.315,-0.32744011318129557,0.04487271843880729,
30.32,0.059943199652129464,0.025775219057096968,
30.325,0.6784364709492632,0.005967413374106099,
30.330000000000002,-0.09352551063008316,-0.013989951512577307,
30.335,-0.6766301291053205,-0.03353244236272237,
30.34,-0.1558713559573598,-0.0521079026281462,
30.345,0.2866561057481047,-0.06919205271681379,
30.35,-0.17723615757498562,-0.08430328693977157,
30.355,-0.6495899002695443,-0.09701624953474941,
30.36,-0.04372894530114184,-0.10697380708610374,
30.365000000000002,0.2786877622904732,-0.11389708037295432,
30.37,-0.31185095725559053,-0.11759325387392823,
30.375,-0.5777617586388077,-0.11796094426623938,
30.38,0.0411278179982264,-0.11499297848822354,
30.385,0.31993734658061956,-0.10877650532410686,
30.39,-0.2587739271421221,-0.0994904399380841,
30.395,-0.5157843026179413,-0.08740031619649027,
30.400000000000002,-0.05022819885380682,-0.07285069483931553,
30.405,0.16547157149011296,-0.056255344527435504,
30.41,-0.0656304230325849,-0.03808547555379441,
30.415,-0.41750495942887605,-0.018856360796806037,
30.42,0.18206768939937187,0.000887276229183278,
30.425,0.37563798011711724,0.020586691878788567,
30.43,-0.14117720116515273,0.0396849343457677,
30.435000000000002,-0.3813246953569534,0.05764258964521364,
30.44,0.10542097947653337,0.07395301645432158,
30.445,0.719333179348249,0.08815663954261829,
30.45,-0.026882211094167496,0.09985389855733057,
30.455000000000002,-0.3440460443068956,0.10871648734085555,
30.46,0.03683257919043319,0.11449656764621781,
30.465,0.7008787357434438,0.11703369869677889,
30.47,0.07987224405505156,0.11625928887178348,
30.475,-0.48363942728601195,0.11219844604930432,
30.48,0.1243685081781247,0.10496917681093741,
30.485,0.5582121887064019,0.09477895972183521,
30.490000000000002,-0.10477587906784616,0.0819187921235991,
30.495,-0.4980546251223804,0.06675488121743965,
30.5,0.14462013868121637,0.049718216657101785,
30.505,0.5566175063762177,0.03129232154174728,
30.51,0.004796972754965071,0.0119995299161358,
30.515,-0.37058497197819396,-0.007613819788724887,
30.52,-0.07077396038070602,-0.02699285566761338,
30.525000000000002,0.4362620332652775,-0.045589869521591546,
30.53,-0.1012019247707783,-0.06287979625016686,
30.535,-0.5795928387749463,-0.07837503798729187,
30.54,0.19034777128305863,-0.09163921446539114,
30.545,0.3766930382646664,-0.10229945185887979,
30.55,-0.13710715997360778,-0.11005686405938642,
30.555,-0.4494438381109897,-0.11469493178037156,
30.560000000000002,0.02485331549878557,-0.11608554461327279,
30.565,0.4373964141209105,-0.11419253746589682,
30.57,-0.08307370802494221,-0.1090726238237866,
30.575,-0.590706884353958,-0.10087370197483632,
30.580000000000002,0.16202089996514288,-0.08983058464031626,
30.585,0.22669123809953579,-0.07625827525960283,
30.59,-0.36649554330797574,-0.0605429834245114,
30.595,-0.623399675410612,-0.04313113569811285,
30.6,-0.05286622114150423,-0.024516694483952883,
30.605,0.42701958378740296,-0.005227145148160627,
30.61,-0.07265349855186394,0.014191451098142682,
30.615000000000002,-0.5246472512234452,0.03318991501931084,
30.62,0.1453179038805733,0.05123148031319455,
30.625,0.7196076274363097,0.06780695849872441,
30.63,-0.09979848682507933,0.08244910930262231,
30.635,-0.45915281901301724,0.09474581099588412,
30.64,0.2345986313696013,0.10435165945612297,
30.645,0.7313514942569526,0.1109976695210858,
30.650000000000002,-0.019380789382095615,0.1144988061731872,
30.655,-0.18427302259681438,0.1147591347218024,
30.66,0.2766191016099066,0.11177444667789223,
30.665,0.577668325980733,0.10563228952953091,
30.67,-0.005468825819916978,0.09650940210167604,
30.675,-0.4603952377947651,0.08466663053887477,
30.68,0.023835448732506967,0.07044147111195899,
30.685000000000002,0.5951482194204718,0.05423845300920547,
30.69,-0.12646499535502015,0.036517635139570064,
30.695,-0.5474096172098412,0.017781544034837577,
30.7,-0.07460111269571018,-0.001439076302241724,
30.705000000000002,0.6058784681849231,-0.020600298525743802,
30.71,-0.21396566521695862,-0.03916040419860631,
30.715,-0.4703777847304382,-0.056595198605748034,
30.72,0.02231429450097086,-0.0724128151782096,
30.725,0.27222104551135884,-0.08616759143175765,
30.73,-0.30591371936977324,-0.09747262498264882,
30.735,-0.587422801996545,-0.10601065590551564,
30.740000000000002,-0.1747783550770638,-0.11154296936531959,
30.745,0.24350040350392754,-0.1139160687300884,
30.75,-0.3335608694924937,-0.11306593265403604,
30.755,-0.687063696799362,-0.10901973811551138,
30.76,0.00208421810639442,-0.10189500315921958,
30.765,0.25587041751520767,-0.0918961760951306,
30.77,-0.06898353455587232,-0.07930877008161463,
30.775000000000002,-0.5966376843566504,-0.06449121132836698,
30.78,0.04437897470555255,-0.04786463363817135,
30.785,0.6195474214954693,-0.0299009098466239,
30.79,-0.20833906156810025,-0.011109260288002597,
30.795,-0.3694618633160953,0.007978181681710354,
30.8,0.1789823682857599,0.026821437954900523,
30.805,0.3187065892502239,0.04488796106404596,
30.810000000000002,-0.16794080784644982,0.06166768458272246,
30.815,-0.3424340191414011,0.07668742320707411,
30.82,0.255263826006682,0.08952421599094094,
30.825,0.7290119252981361,0.09981723648623587,
30.830000000000002,0.07890696828260862,0.10727793442836929,
30.835,-0.319971980322481,0.11169812393594472,
30.84,0.19062562329230198,0.1129557915344419,
30.845000000000002,0.5864233098784192,0.11101846200648893,
30.85,-0.046359577444720385,0.10594402928167812,
30.855,-0.506923503606508,0.0978790313453535,
30.86,0.00797752866403001,0.0870544204364396,
30.865000000000002,0.3485283949627159,0.0737789505750581,
30.87,-0.10915031469631317,0.05843037171160395,
30.875,-0.39038616041470786,0.04144468162155311,
30.88,0.24505760822781936,0.02330374134294212,
30.885,0.4136278711695775,0.004521605925251298,
30.89,-0.23933899072633966,-0.014370041759794137,
30.895,-0.5162096793979684,-0.03283694141330223,
30.900000000000002,0.07822789415634579,-0.05035736388914961,
30.905,0.5373452600249592,-0.06643685070879234,
30.91,-0.11733444868836365,-0.08062216811367806,
30.915,-0.6288848487794656,-0.09251408187273458,
30.92,-0.040990725171726236,-0.10177859279044638,
30.925,0.45518663198293957,-0.10815631673615618,
30.93,-0.28975296558226665,-0.11146974578744394,
30.935000000000002,-0.6086670774002763,-0.11162818724894724,
30.94,0.02223727454313275,-0.1086302431647229,
30.945,0.43918653448618244,-0.1025637626185148,
30.95,-0.27307714077787043,-0.09360327063939257,
30.955000000000002,-0.648542059546452,-0.08200494887521069,
30.96,-0.031965298604429024,-0.06809931234656823,
30.965,0.4403342747758217,-0.05228179159609603,
30.970000000000002,-0.2004469728011441,-0.03500148856820113,
30.975,-0.5796867046987069,-0.016748425929732882,
30.98,0.15078735919493177,0.0019603481722132833,
30.985,0.46521993560851604,0.020595405911152206,
30.990000000000002,-0.022056780633932613,0.03862992129889365,
30.995,-0.4582496581102825,0.05555456349167542,
31.0,0.06327980865028203,0.07089188086529645,
31.005,0.544757346568731,0.08420976964916897,
31.01,-0.047692119356744195,0.09513364719085704,
31.015,-0.36085688230895735,0.10335698692058391,
31.02,0.1457040892431672,0.10864991874323959,
31.025000000000002,0.4653738113766205,0.11086565357488024,
31.03,0.11407604118501143,0.10994455249919084,
31.035,-0.3220872140810891,0.10591572779280577,
31.04,0.2121108938944656,0.09889613296502267,
31.045,0.6151026593100966,0.08908716999724935,
31.05,-0.2192811211197732,0.07676891214089329,
31.055,-0.3405463291780385,0.062292107956060785,
31.060000000000002,0.07621513374551944,0.04606819484652971,
31.065,0.415220200610268,0.028557606404514775,
31.07,-0.07705244953903755,0.010256705842577757,
31.075,-0.5238797941927577,-0.008316283687242092,
31.080000000000002,-0.04562563395832356,-0.026635953087883652,
31.085,0.4494122464078806,-0.04418457012856248,
31.09,-0.16157743057864787,-0.060466710645118896,
31.095000000000002,-0.5094569842979717,-0.07502324466100449,
31.1,0.23777332537370144,-0.08744428260562098,
31.105,0.18153950662355722,-0.09738071659583114,
31.11,-0.24727991349791822,-0.10455403182894032,
31.115000000000002,-0.5267148429471497,-0.10876411236545327,
31.12,0.07135599490866221,-0.1098948225587485,
31.125,0.33797509615184906,-0.10791720849635965,
31.13,-0.22679287059890876,-0.10289023126369912,
31.135,-0.47989475067057386,-0.09495901371513545,
31.14,0.020444167419951392,-0.08435065276048183,
31.145,0.39963043184442326,-0.07136771795868226,
31.150000000000002,-0.11543818179245201,-0.05637962251186545,
31.155,-0.6055519312243927,-0.03981211272789414,
31.16,0.0983186275011183,-0.022135174978561233,
31.165,0.5321650431716488,-0.0038497036331015706,
31.17,-0.18667034596148485,0.01452669185734578,
31.175,-0.39051260538078225,0.03247433857834447,
31.18,-0.035451138238939556,0.04948619575255364,
31.185000000000002,0.6081649999707017,0.06508217876348675,
31.19,-0.13558353406918944,0.07882270695789362,
31.195,-0.39863578306448477,0.09032109292629704,
31.2,0.09811190140191083,0.09925442409310942,
31.205000000000002,0.6458597054294446,0.10537263041992616,
31.21,-0.12165323661991492,0.10850548361313542,
31.215,-0.5312893281797295,0.10856733196341567,
31.220000000000002,0.20809124656016093,0.10555943916115462,
31.225,0.5953673436517959,0.09956986330851925,
31.23,-0.10001931309414093,0.09077088196198234,
31.235,-0.5279332055204358,0.07941403841895317,
31.240000000000002,0.1947106644187489,0.0658229516476553,
31.245,0.6194018539326486,0.05038409535210184,
31.25,-0.03020771741943549,0.033535808884830355,
31.255,-0.45937919163021373,0.015755852456945618,
31.26,0.05990545820090484,-0.002452140052447414,
31.265,0.41185216291531157,-0.02057292656130072,
31.27,0.08347169133420687,-0.038094236466223785,
31.275000000000002,-0.45245248550367106,-0.05452125199478591,
31.28,-0.030572026363178323,-0.06939058186781387,
31.285,0.46767554079277196,-0.08228333266800267,
31.29,-0.33503023059555925,-0.09283690921019339,
31.295,-0.5778864746961437,-0.10075521150876066,
31.3,-0.10180191841508351,-0.10581694159916195,
31.305,0.34487987929794894,-0.10788178719651752,
31.310000000000002,-0.23499025356166647,-0.10689430943452292,
31.315,-0.6789801567176497,-0.10288542701481228,
31.32,-0.058080603598665625,-0.09597145716359991,
31.325,0.39723360305571787,-0.0863507429122939,
31.330000000000002,-0.2541042000184422,-0.0742979644360367,
31.335,-0.5806719434285628,-0.06015629757122259,
31.34,0.07828815308698553,-0.04432764334306635,
31.345000000000002,0.4929762216440461,-0.027261206656692617,
31.35,-0.1812527564094692,-0.009440748708846649,
31.355,-0.48228823410760174,0.008629125141346894,
31.36,0.2549352415384744,0.026437253387441313,
31.365000000000002,0.3313769012309562,0.04348037771985712,
31.37,0.02979854672625601,0.05927736469654246,
31.375,-0.5932649201432493,0.07338278785931016,
31.38,0.27418843434992357,0.08539948689313952,
31.385,0.6435003637745355,0.09498974972728245,
31.39,0.05786445311690362,0.10188480276064726,
31.395,-0.3080090017080225,0.10589234254129712,
31.400000000000002,0.20046475183553814,0.10690189786959403,
31.405,0.7697171470391517,0.10488787284646106,
31.41,0.03481878562795951,0.0999101871061279,
31.415,-0.38152107920026196,0.09211249749430912,
31.42,0.17531617222338297,0.08171805385240825,
31.425,0.4333951269532482,0.06902330841195081,
31.43,-0.0052094225409491796,0.05438946170183136,
31.435000000000002,-0.5605658027296636,0.038232186036093026,
31.44,0.10699111838590253,0.021009818941305637,
31.445,0.42163214689481715,0.0032103618567215875,
31.45,-0.003561700466543645,-0.014662347108307876,
31.455000000000002,-0.4027641202619584,-0.032102894585051965,
31.46,0.131699696047763,-0.048618583859245175,
31.465,0.46604567616696746,-0.0637433531578746,
31.470000000000002,-0.16929352188275726,-0.07705092714036124,
31.475,-0.5987261408308908,-0.08816683049434315,
31.48,0.0012212243138157164,-0.0967789250747586,
31.485,0.45851470367709907,-0.10264617410511274,
31.490000000000002,-0.1304746034507407,-0.10560538738112185,
31.495,-0.5080661800654072,-0.10557575874599934,
31.5,0.08224916364011954,-0.10256106971562635,
31.505,0.3598052877311914,-0.09664949924516457,
31.51,-0.2298359856554339,-0.08801104737373007,
31.515,-0.6470948757583892,-0.07689264794320289,
31.52,0.13326541870963143,-0.06361111085417936,
31.525000000000002,0.5574906755445592,-0.048544095553107486,
31.53,-0.26843330465979576,-0.032119372912486024,
31.535,-0.5371884587094906,-0.014802680807985977,
31.54,0.0726761088543542,0.002915481841519538,
31.545,0.5793149239548824,0.020533748130111037,
31.55,-0.026986419377765462,0.03755406981741543,
31.555,-0.496167713350491,0.0534957961649713,
31.560000000000002,-0.032167214752948814,0.0679092469870686,
31.565,0.6259546333912578,0.08038839664039298,
31.57,-0.0626905259518529,0.09058231119287177,
31.575,-0.323029208994172,0.0982050166178268,
31.580000000000002,0.048380759765888876,0.1030435205400009,
31.585,0.6655507024778204,0.10496376254146805,
31.59,0.12473453272934562,0.10391432682671467,
31.595000000000002,-0.4583836996860111,0.09992781447890309,
31.6,0.27868890983743005,0.09311983881534004,
31.605,0.6147493312503053,0.0836856745924015,
31.61,-0.09786714217486876,0.07189465811679911,
31.615000000000002,-0.42921077726147194,0.0580824988169555,
31.62,0.1606882919291488,0.04264172172288891,
31.625,0.6890759791296047,0.02601051293466876,
31.63,-0.13295585330230442,0.008660285046231944,
31.635,-0.45316303523064166,-0.008917684628505852,
31.64,0.13767174243716318,-0.026226164311834117,
31.645,0.3852900788279144,-0.04277603265146663,
31.650000000000002,-0.1688468160689691,-0.058100100409262015,
31.655,-0.4675615460917457,-0.0717662983853453,
31.66,0.06974841990286726,-0.08338985931883316,
31.665,0.3978143515991689,-0.09264415031829126,
31.67,-0.29828569743580624,-0.09926985087047965,
31.675,-0.5719024434399806,-0.10308221855533035,
31.68,0.23977292469681755,-0.10397623891926296,
31.685000000000002,0.35696674232939035,-0.10192951598481037,
31.69,-0.23412025694870192,-0.09700282389942484,
31.695,-0.5720712568642095,-0.08933830643535688,
31.7,0.07563961801109341,-0.07915537757218875,
31.705000000000002,0.38562383993196614,-0.06674444134240728,
31.71,-0.292344056870694,-0.05245861066340282,
31.715,-0.6281368723026934,-0.036703661279851925,
31.720000000000002,0.16408600054646597,-0.019926506609420226,
31.725,0.5571131284581194,-0.002602520822887294,
31.73,-0.12335628037253027,0.014777930267212695,
31.735,-0.567277486360685,0.03172336889184932,
31.740000000000002,0.18587958423705872,0.04775510273520461,
31.745,0.6677054746955474,0.062420747106448564,
31.75,-0.08079012834069572,0.0753069899093068,
31.755,-0.3566883147030334,0.08605123923235,
31.76,0.39016689706195423,0.09435182533260578,
31.765,0.6476205424993805,0.0999764699835207,
31.77,0.06602848360148593,0.10276878543223547,
31.775000000000002,-0.3398266695949612,0.10265262115803866,
31.78,0.33511713705407686,0.09963413765682007,
31.785,0.6224473985670783,0.09380155086339888,
31.79,0.017656906340500517,0.08532255674142827,
31.795,-0.3049678107382794,0.07443951115394841,
31.8,0.15701987222403563,0.061462503522130056,
31.805,0.367030505070951,0.04676052219527142,
31.810000000000002,-0.12702369388472146,0.03075096321607551,
31.815,-0.2036835112106946,0.013887780755895258,
31.82,-0.07120927478125681,-0.0033513843938705935,
31.825,0.364587350751696,-0.020478733325245496,
31.830000000000002,-0.10373328413417877,-0.037010111348445965,
31.835,-0.4729296437292996,-0.052478693630391565,
31.84,0.07160756704025455,-0.06644816729568524,
31.845000000000002,0.504244577386783,-0.07852503776889569,
31.85,-0.2058324687335341,-0.08836971226725106,
31.855,-0.6542673240662478,-0.09570604827190721,
31.86,0.03154439029080648,-0.10032909851766013,
31.865000000000002,0.3785902767884176,-0.10211083529915617,
31.87,-0.4156067129318137,-0.10100369424129084,
31.875,-0.6147321572387576,-0.09704183949370598,
31.88,-0.07354859868427176,-0.09034011683234862,
31.885,0.5419900050739648,-0.08109072655819725,
31.89,-0.10348176849250995,-0.06955771252368186,
31.895,-0.5146997611183936,-0.056069425270218756,
31.900000000000002,0.044005909088675535,-0.041009174385596425,
31.905,0.46394321656554294,-0.024804336175800887,
31.91,-0.2362256194339671,-0.007914226158041172,
31.915,-0.2279233034450719,0.009182919500431088,
31.92,0.1711848063789197,0.026003484619770575,
31.925,0.6466259348737353,0.042072152347405606,
31.93,-0.09510558994446036,0.05693533628451012,
31.935000000000002,-0.34547617105570244,0.07017398388440473,
31.94,0.04764794388266186,0.08141539073372357,
31.945,0.6536048956961149,0.09034369265192586,
31.95,-0.030453587600284104,0.09670874025895243,
31.955000000000002,-0.4480838513721116,0.10033310668927212,
31.96,0.32696511049668775,0.10111703216196384,
31.965,0.6422802161602331,0.09904116764606619,
31.970000000000002,-0.17519354067165566,0.09416704222685374,
31.975,-0.2849562509280691,0.08663524321509607,
31.98,0.1212617025727081,0.07666136272384531,
31.985,0.4686048273368138,0.06452982753626872,
31.990000000000002,-0.06428481120195367,0.05058578882173324,
31.995,-0.4554605611991337,0.03522530293948895,
32.0,0.18379777415956558,0.018884082658594818,
32.005,0.4695673648646375,0.002025138267249997,
32.01,-0.10627773877476274,-0.014874340884397461,
32.015,-0.3954742907101023,-0.03133649273513768,
32.02,0.1426177555962318,-0.046896294485570166,
32.025,0.5371032588214779,-0.06111469814111581,
32.03,-0.09352726256119744,-0.07359101859643878,
32.035000000000004,-0.6189342365932539,-0.08397422473446518,
32.04,-0.11770238057395811,-0.09197281537673378,
32.045,0.3224394024919735,-0.09736300225095523,
32.05,-0.39591069697592557,-0.09999497028543691,
32.055,-0.6059162211699138,-0.09979704013121748,
32.06,-0.05829123412444946,-0.09677761730031698,
32.065,0.34838709387347183,-0.0910248750060026,
32.07,-0.27220305274949763,-0.08270418192234565,
32.075,-0.582232013206665,-0.07205334983090765,
32.08,0.14103587739686713,-0.0593758376898959,
32.085,0.43214528069774705,-0.04503210630728566,
32.09,-0.08693249648039897,-0.029429369897248998,
32.095,-0.4885618446322821,-0.013010035882756218,
32.1,0.07426252697758895,0.0037608388929374656,
32.105000000000004,0.6016326189517375,0.020408719898453095,
32.11,-0.009344652603594579,0.036463021540968164,
32.115,-0.4838338578957585,0.05147040880135115,
32.12,0.1398251942122627,0.06500759790377762,
32.125,0.8529471379277467,0.07669329458356222,
32.13,0.04010896514562802,0.08619893326015272,
32.135,-0.42705641063606414,0.09325791466086594,
32.14,0.4466661920346666,0.09767308219730333,
32.145,0.7050304440799574,0.09932222745301782,
32.15,-0.03210831375031867,0.09816147107549078,
32.155,-0.34017084546034315,0.09422642559068628,
32.160000000000004,0.18281617192858934,0.08763110946649187,
32.165,0.6016247323985261,0.07856464536472182,
32.17,0.03512333805457332,0.06728583813978299,
32.175,-0.36814135626875727,0.05411578799665097,
32.18,0.10130062656690504,0.03942874962145379,
32.185,0.49413003369591313,0.02364149748290665,
32.19,0.05146485818661444,0.007201499481636832,
32.195,-0.5394025774165754,-0.00942576548247532,
32.2,0.03151142036550945,-0.02576998658307289,
32.205,0.3534754342407388,-0.0413693236535638,
32.21,-0.311685382061834,-0.055783457038661,
32.215,-0.5791045147236789,-0.06860601598385287,
32.22,0.07892040652183559,-0.07947603477312516,
32.225,0.21062398185436879,-0.0880881136647069,
32.230000000000004,-0.1786269056328022,-0.09420099861722181,
32.235,-0.6195168296029646,-0.09764433879123069,
32.24,0.037566109531557465,-0.09832343257359612,
32.245,0.33768690422417097,-0.09622182993449728,
32.25,-0.24042174003582018,-0.09140171966960887,
32.255,-0.5278142007575393,-0.08400209278280137,
32.26,0.01161446767673699,-0.07423473615217933,
32.265,0.5809883437309354,-0.062378171916374514,
32.27,-0.14603587890111316,-0.04876971598711583,
32.275,-0.523892242972771,-0.03379588210251632,
32.28,0.0720627866807661,-0.017881404389361043,
32.285000000000004,0.39100278021894314,-0.0014771901920832735,
32.29,0.16205591600951674,0.014952455137941629,
32.295,-0.4729479852303152,0.030942969554404245,
32.3,0.00034411182836682763,0.04604266979970095,
32.305,0.5974589038836647,0.05982550966630288,
32.31,0.06500851952476687,0.07190310067693965,
32.315,-0.45349930944204475,0.08193565603877973,
32.32,0.17834180403932903,0.08964154950878547,
32.325,0.6178624888427096,0.0948052202769517,
32.33,-0.06021823628130932,0.09728320200809398,
32.335,-0.4828547458769902,0.09700810744250953,
32.34,0.15956955778871476,0.09399045792952196,
32.345,0.6662798352993049,0.08831830831188742,
32.35,-0.12697411380599855,0.08015467996412862,
32.355000000000004,-0.30958115589448015,0.06973287674866162,
32.36,0.1639969425154938,0.05734981843867279,
32.365,0.602583287746681,0.04335758207828866,
32.37,0.0017797381660230038,0.028153392230281446,
32.375,-0.3990983681785967,0.012168344678573114,
32.38,-0.040664960680745474,-0.004144816319403819,
32.385,0.4070413767813271,-0.020324520694648046,
32.39,-0.05441761362131351,-0.035913431989577936,
32.395,-0.6191741700718644,-0.05047137405682433,
32.4,0.06796614675187902,-0.06358775966963269,
32.405,0.23487972916764654,-0.07489317012726214,
32.410000000000004,-0.2517994698991845,-0.08406975929398572,
32.415,-0.4992334664744704,-0.09086018907464194,
32.42,0.06675269003370055,-0.0950748451449846,
32.425,0.4965416609792175,-0.09659713063062067,
32.43,-0.410725540545978,-0.095386689975572,
32.435,-0.49288318461254454,-0.09148047391168478,
32.44,-0.07260990124011282,-0.08499161757125606,
32.445,0.3728113952499853,-0.07610616564545111,
32.45,-0.12446984398255712,-0.06507773933128147,
32.455,-0.5909995236576213,-0.05222029791050864,
32.46,0.0704180820995913,-0.037899201524747385,
32.465,0.3899161383991557,-0.02252082953783412,
32.47,0.034837296441494844,-0.006521049463229383,
32.475,-0.372076519601259,0.00964713636097583,
32.480000000000004,0.276042082650466,0.0255264162440883,
32.485,0.6267567168326524,0.04066810365647619,
32.49,0.016938647174398067,0.05464481495875868,
32.495,-0.3684624746675681,0.0670625321461095,
32.5,0.22967046774861874,0.07757171015332848,
32.505,0.5693908243248662,0.08587711562091012,
32.51,0.019776788154620334,0.09174612020242798,
32.515,-0.4339013408200241,0.09501521546715229,
32.52,0.0492548835324305,0.09559456696837637,
32.525,0.46740279651130845,0.09347048067155703,
32.53,-0.03912922173831014,0.0887057140904652,
32.535000000000004,-0.46916926943465803,0.08143762548693462,
32.54,0.08478472785728877,0.07187421562436111,
32.545,0.5242982290787735,0.060288176097740356,
32.55,0.03034098530720715,0.04700911451253961,
32.555,-0.38973696822062537,0.032414178163019544,
32.56,-0.0070649817516912905,0.016917342921321354,
32.565,0.37501901601621757,0.0009576715226132832,
32.57,0.02909740943195318,-0.015013125732850971,
32.575,-0.5687467229417822,-0.03054347544827838,
32.58,0.06508918293876462,-0.045194708950008815,
32.585,0.33635406208154284,-0.05855345247122865,
32.59,-0.08335488649044039,-0.07024328975093445,
32.595,-0.5458715982030341,-0.07993536802100713,
32.6,0.13336930224282284,-0.08735764855901425,
32.605000000000004,0.37086366915227675,-0.09230254160690851,
32.61,-0.3636290364010801,-0.09463271139756284,
32.615,-0.6473658521068864,-0.09428488898464826,
32.62,-0.07348570674100412,-0.0912715870621598,
32.625,0.13828312785241853,-0.08568067038603823,
32.63,-0.24138483696426868,-0.0776727960886471,
32.635,-0.43639546875954943,-0.06747679839036708,
32.64,0.09720650981573006,-0.055383150259489304,
32.645,0.4374672526638518,-0.041735688812108464,
32.65,-0.23960824022201826,-0.026921840149196765,
32.655,-0.36796558721782674,-0.011361621519920507,
32.660000000000004,0.31619868017008673,0.004504267007553349,
32.665,0.5453741557487648,0.02022692375454765,
32.67,-0.2190719150126807,0.03536194604667386,
32.675,-0.35436498839891534,0.04948199091207106,
32.68,0.1151200825932478,0.06218884085586053,
32.685,0.5480128776830062,0.0731246340522991,
32.69,-0.06754734810069402,0.08198194226334149,
32.695,-0.30999026828089077,0.0885124126889682,
32.7,0.04464173266024861,0.09253373084279627,
32.705,0.3526632637059106,0.09393470926228867,
32.71,0.06046424972178216,0.0926783600491015,
32.715,-0.2808671649039882,0.08880286638375182,
32.72,0.16649362101045578,0.0824204276492474,
32.725,0.6001913868366533,0.07371401294641662,
32.730000000000004,-0.01682809923051004,0.06293211688825703,
32.735,-0.27019125751807216,0.050381667950965194,
32.74,0.18592945305419653,0.03641929174469958,
32.745,0.4298783124299244,0.02144117787829858,
32.75,-0.08102149914414641,0.005871838325472879,
32.755,-0.4461416982067151,-0.009847923745530075,
32.76,0.1057874565893797,-0.02527349371311717,
32.765,0.6110217745231897,-0.0399690205066372,
32.77,-0.07909947801837683,-0.05351973122711345,
32.775,-0.41474494472719736,-0.0655436374556637,
32.78,0.010185528435355848,-0.07570230286957379,
32.785000000000004,0.5761805555990276,-0.08371036865832997,
32.79,-0.09848203114706856,-0.08934356865821369,
32.795,-0.5107268100104054,-0.09244500909559974,
32.8,0.09844724620521715,-0.092929537122025,
32.805,0.29553000984877853,-0.09078607653874207,
32.81,-0.35778099896244914,-0.08607786670715993,
32.815,-0.691084223654475,-0.07894059999223213,
32.82,0.10799180933891468,-0.06957851250832399,
32.825,0.32705120372015256,-0.058258540751829804,
32.83,-0.23441956220542326,-0.04530271127776527,
32.835,-0.5088427322065776,-0.031078980370004117,
32.84,0.28586905229996135,-0.01599078426284587,
32.845,0.5349023081448764,-0.00046559666888135306,
32.85,-0.10556884071431075,0.015057181861651992,
32.855000000000004,-0.6052388892709284,0.030138659657892804,
32.86,0.05633006796862866,0.044352862782961466,
32.865,0.6239011406489179,0.05729876619925285,
32.87,-0.14917766613077793,0.06861160744877166,
32.875,-0.4320442404912197,0.07797316368051388,
32.88,0.11342871657336419,0.08512070248746047,
32.885,0.5097742275856139,0.08985435480402443,
32.89,-0.027777452591256135,0.09204270298281274,
32.895,-0.5047389699559064,0.09162642784201197,
32.9,0.10157411703979724,0.08861991351311416,
32.905,0.35059723544433263,0.08311076676256382,
32.910000000000004,-0.06499454874639994,0.07525726647140442,
32.915,-0.42660217517067905,0.0652838174652433,
32.92,0.08299989030541872,0.05347453923816092,
32.925,0.4956659675998125,0.04016517271824919,
32.93,-0.12573954388110714,0.0257335355950448,
32.935,-0.5623070608823681,0.010588797536382087,
32.94,0.07523063196450899,-0.004840120283129622,
32.945,0.40586646409024685,-0.020116692466117688,
32.95,-0.10673109121497737,-0.03480913948188299,
32.955,-0.7113646431121536,-0.048502631166246195,
32.96,-0.021821091827396145,-0.06081099873159578,
32.965,0.42019463475380037,-0.07138762463079293,
32.97,-0.24191873828904864,-0.07993520319572457,
32.975,-0.6273924193861333,-0.08621409720862089,
32.980000000000004,-0.07092947291892471,-0.09004905553923054,
32.985,0.31002408203572857,-0.09133410355728695,
32.99,-0.23823574680415563,-0.0900354698823626,
32.995,-0.5974749968214565,-0.08619246869212732,
33.0,-0.028918911134759098,-0.07991631469660102,
33.005,0.49398342006880513,-0.07138690636180588,
33.01,-0.2683619373541368,-0.0608476703772481,
33.015,-0.5806938667710739,-0.04859861508543805,
33.02,0.14720767514231814,-0.03498779108378854,
33.025,0.3499095586283657,-0.020401402046713455,
33.03,-0.1452154864391658,-0.005252846735327621,
33.035000000000004,-0.49625881779408726,0.010028996900040946,
33.04,0.18151828637259984,0.02501191350210349,
33.045,0.33242663467243705,0.03927257424398925,
33.05,0.1426850626416727,0.05240849721427382,
33.055,-0.5593788061677853,0.06404940634188311,
33.06,0.1242802851858513,0.07386766829878386,
33.065,0.6690224259459442,0.08158751321044855,
33.07,-0.12544158433534802,0.0869927796871274,
33.075,-0.3326887649778772,0.08993296667399424,
33.08,0.25586279776330406,0.09032742271081541,
33.085,0.43598493499862445,0.08816755602592508,
33.09,0.03320320595993018,0.08351700496648756,
33.095,-0.4824877142405251,0.07650976599819088,
33.1,0.05694405336009803,0.06734633425906154,
33.105000000000004,0.4773684103171787,0.056287967790650775,
33.11,-0.2868961458177284,0.043649239509965077,
33.115,-0.4621655420664461,0.02978908923394746,
33.12,0.14027189612497767,0.015100630264482693,
33.125,0.6309009310719447,9.255801762054111e-16,
33.13,-0.1885927200174905,-0.015085429221604288,
33.135,-0.5040212526433614,-0.029729145073801613,
33.14,0.05389626387480985,-0.04351755370054307,
33.145,0.261794166267707,-0.05606166077484867,
33.15,-0.2244474390715837,-0.06700804526194758,
33.155,-0.537206777750648,-0.07604881632254962,
33.160000000000004,0.013182184903867161,-0.08293027285485155,
33.165,0.3955615243869306,-0.08746002213812566,
33.17,0.010049192966312792,-0.08951235785450207,
33.175,-0.27479388386358566,-0.08903174718143596,
33.18,0.008226117596891347,-0.08603433026389787,
33.185,0.463851106262636,-0.08060739167152771,
33.19,-0.16703418885877003,-0.07290682082768898,
33.195,-0.6670679350798219,-0.06315263524096047,
33.2,-0.06392188910529868,-0.05162269506842629,
33.205,0.30326700998735634,-0.03864478854966788,
33.21,0.03313137904673688,-0.024587313732439327,
33.215,-0.39857016500680215,-0.00984882137250822,
33.22,0.17523142445872297,0.005153284176576843,
33.225,0.4979173160245854,0.0199945657600174,
33.230000000000004,-0.14208205431026882,0.03425556115326539,
33.235,-0.5958099105205924,0.04753363802903285,
33.24,0.29137236119625887,0.05945436112170202,
33.245,0.4891936227723712,0.06968205068161532,
33.25,-0.10766458119732114,0.07792923450068218,
33.255,-0.4850423603519332,0.08396472737435197,
33.26,0.11382045515770393,0.08762011094219557,
33.265,0.49414692314741937,0.08879443230622804,
33.27,-0.0037371654031183033,0.08745699037245513,
33.275,-0.42408702590261677,0.08364813306174629,
33.28,0.2396164916312295,0.0774780448551756,
33.285000000000004,0.43951684883660835,0.06912356098182612,
33.29,-0.016920771432302258,0.058823100316003955,
33.295,-0.35764858664722626,0.04686986215030849,
33.3,0.07823851329629433,0.033603480952719804,
33.305,0.5808520554437683,0.019400376619282227,
33.31,-0.13021918366918042,0.0046630743789396545,
33.315,-0.47408542267075937,-0.010191202637137475,
33.32,0.12091426039718206,-0.024742344890418072,
33.325,0.3062438772404983,-0.03857923762366626,
33.33,-0.14968034063303082,-0.05131137574014066,
33.335,-0.575684454603615,-0.06257988423887438,
33.34,0.1336310410346616,-0.07206763321020558,
33.345,0.3283693222815472,-0.07950816231009451,
33.35,-0.22425496398887754,-0.08469316358125906,
33.355000000000004,-0.6731619304655105,-0.0874783125040785,
33.36,-0.00431628944907414,-0.08778728407535606,
33.365,0.2902931569727139,-0.08561384219497353,
33.37,-0.11042756116757477,-0.081021945229359,
33.375,-0.6580953120425711,-0.07414386676973753,
33.38,0.03312540928951414,-0.06517638672344787,
33.385,0.461408369217308,-0.05437516238097715,
33.39,-0.032995710592118394,-0.04204744045089501,
33.395,-0.3960152736154911,-0.028543317800392806,
33.4,0.03870749561338596,-0.01424579946386291,
33.405,0.6432234336432453,0.00044006376253870544,
33.410000000000004,-0.021739763510598267,0.015098650083368427,
33.415,-0.4805550267542976,0.029315528763532512,
33.42,0.06221891761474073,0.042689176630460526,
33.425,0.2643760833565957,0.05484231778826485,
33.43,-0.1072363883732552,0.06543256630191217,
33.435,-0.46494632280360493,0.07416207164046526,
33.44,0.1953347441783528,0.08078589516848635,
33.445,0.6398693404303181,0.08511888212817553,
33.45,0.06672161632073527,0.08704083633156122,
33.455,-0.41011440057596626,0.08649985296701282,
33.46,0.26007949602180247,0.08351371714859829,
33.465,0.5449009409025721,0.07816933062002218,
33.47,0.05917224306289805,0.07062018481573303,
33.475,-0.30658456729982153,0.06108195370134616,
33.480000000000004,0.22524430739280707,0.049826332903479126,
33.485,0.5828897103326787,0.03717330109627562,
33.49,-0.026426398445797323,0.0234820240437441,
33.495,-0.44704571555417216,0.009140659852290678,
33.5,0.032098310533382364,-0.00544464520597627,
33.505,0.6232632077654284,-0.019861258345042095,
33.51,-0.023720773259136123,-0.03370173368746853,
33.515,-0.5292258917744431,-0.04657532722553378,
33.52,-0.08853607304335338,-0.0581190279038844,
33.525,0.25489781247390486,-0.0680077934164235,
33.53,-0.13684517511652888,-0.07596370211166471,
33.535000000000004,-0.45153196416685715,-0.0817637633391956,
33.54,0.0810622063474693,-0.08524616676187502,
33.545,0.35512656430664347,-0.08631479551800197,
33.55,-0.16141643189483595,-0.08494187738334535,
33.555,-0.6295789318370326,-0.0811687008570566,
33.56,0.0350729545983197,-0.07510437788257533,
33.565,0.42642483472660064,-0.06692269016331391,
33.57,-0.2923333612896727,-0.056857110180588366,
33.575,-0.6275624386516284,-0.045194139538309835,
33.58,0.16099295036742847,-0.0322651546911403,
33.585,0.43930881009188366,-0.018436992123168447,
33.59,-0.0974296443919742,-0.00410154045047463,
33.595,-0.44320351357879106,0.010335365270812344,
33.6,0.10833863223046894,0.02446543231915404,
33.605000000000004,0.6329173195683631,0.03788945693979688,
33.61,-0.1766921543896792,0.05022860230300246,
33.615,-0.4305598219004489,0.061135089183903826,
33.62,0.2096828345998037,0.07030199768709881,
33.625,0.42476550073379465,0.07747190377920472,
33.63,0.057602020525286624,0.08244410761738251,
33.635,-0.37605454707498953,0.0850802507240265,
33.64,0.045046348574883266,0.08530816481762266,
33.645,0.6102641716335409,0.08312384526792055,
33.65,-0.05750851575519503,0.07859149527681786,
33.655,-0.6158882326035375,0.07184164149015061,
33.660000000000004,0.24421683019685192,0.06306737627372776,
33.665,0.5078565177043648,0.05251883479848784,
33.67,0.1707786729065025,0.04049606487971848,
33.675,-0.6506563891914733,0.027340492799016475,
33.68,0.11943351618924894,0.013425227829373183,
33.685,0.582648212773488,-0.0008555192269103228,
33.69,0.0251670625234653,-0.015097603406526137,
33.695,-0.47521999570681456,-0.028898382516517326,
33.7,0.030703425109024768,-0.04186809998411328,
33.705,0.3512863976907561,-0.05364089183821319,
33.71,-0.19331597076206475,-0.06388510698875398,
33.715,-0.6252400626805356,-0.07231264970159819,
33.72,0.02409077820197776,-0.07868708110837436,
33.725,0.4201905249962772,-0.08283025194499793,
33.730000000000004,-0.007896914445556666,-0.0846272804720042,
33.735,-0.5400560434254132,-0.08402973650755255,
33.74,0.03540970569508213,-0.08105694336569533,
33.745,0.47483449898541435,-0.07579536279716863,
33.75,-0.33008741826324833,-0.06839608226703135,
33.755,-0.6326645349423099,-0.05907047753911676,
33.76,0.15678780586200547,-0.0480841750552764,
33.765,0.23236501374932036,-0.035749486543228536,
33.77,-0.13969470158244102,-0.022416531308581754,
33.775,-0.4913304201920892,-0.008463298553241069,
33.78,0.1528435273841912,0.005715068223983308,
33.785000000000004,0.5239081498676229,0.01971746097953766,
33.79,0.16688824727752494,0.0331481541668185,
33.795,-0.39349200244064275,0.04562798807847453,
33.8,0.18255400497223032,0.05680507245466024,
33.805,0.6644671257833135,0.06636470820739179,
33.81,0.03654458018595251,0.07403824752476555,
33.815,-0.5860646737008018,0.07961064291974149,
33.82,0.06659569988329034,0.08292647311024565,
33.825,0.5995770290352876,0.08389427689917532,
33.83,-0.17694044224820749,0.08248907423466795,
33.835,-0.33585221813829513,0.07875300500964608,
33.84,0.15537771136281975,0.07279406944991616,
33.845,0.3873532647951715,0.06478300763276056,
33.85,0.01809709247911246,0.05494840825462304,
33.855000000000004,-0.6044473203602072,0.04357018674193358,
33.86,0.18255635416650826,0.03097161876225143,
33.865,0.4334722497161426,0.017510155849394176,
33.87,-0.06158165460173177,0.003567284060793147,
33.875,-0.41087819607599246,-0.010462286622367268,
33.88,0.043815593238641384,-0.024181795810589424,
33.885,0.3620759255515465,-0.03720365284569743,
33.89,-0.21274055288112245,-0.04916038627630586,
33.895,-0.6562059426086754,-0.05971501335588317,
33.9,-0.03489423417447357,-0.06857053696257716,
33.905,0.4137149160693562,-0.07547830230925806,
33.910000000000004,-0.13472459873801135,-0.08024497832247492,
33.915,-0.5787793886846176,-0.0827379676943884,
33.92,0.09972225903360733,-0.08288909423938255,
33.925,0.38781316628632245,-0.08069646504859802,
33.93,-0.29271319240611143,-0.07622445664626903,
33.935,-0.530549045601613,-0.06960182744587094,
33.94,0.16437575249126019,-0.061018011779321715,
33.945,0.4710612694645465,-0.050717702131055004,
33.95,-0.309935519161288,-0.03899387450021524,
33.955,-0.6211902602880168,-0.02617945567613926,
33.96,0.07101939453769399,-0.012637869409391381,
33.965,0.49429986485003075,0.0012472700823179398,
33.97,-0.20810035329087784,0.015083024997900756,
33.975,-0.5137597210371454,0.028478253403741896,
33.980000000000004,0.1147551479901958,0.04105466660089209,
33.985,0.6261334680343459,0.052457511833181904,
33.99,-0.14602282077018258,0.06236557867162651,
33.995,-0.49278028607971536,0.07050024684036003,
34.0,0.21466789161555352,0.07663332063859726,
34.005,0.501196365323406,0.08059342968050477,
34.01,-0.11440967002955395,0.08227081643535065,
34.015,-0.392760040764387,0.08162037684499232,
34.02,0.20577819785575305,0.07866286982470025,
34.025,0.4616420692190669,0.07348426331255156,
34.03,-0.012971895943157577,0.06623323725331053,
34.035000000000004,-0.698013821843423,0.05711691599319855,
34.04,0.13662274296648186,0.046394952550595094,
34.045,0.5937195838212621,0.034372133702324593,
34.05,0.009920357419699714,0.02138971647637825,
34.055,-0.5093485557204004,0.007815742296055618,
34.06,0.20500154502356097,-0.005965396323901136,
34.065,0.3876524959330045,-0.01956384077485606,
34.07,-0.06000191515723007,-0.03259529482091394,
34.075,-0.5439689467241385,-0.04469188456730258,
34.08,-0.01290471681650436,-0.05551254304497302,
34.085,0.471918919197196,-0.06475262627922838,
34.09,-0.3785714248156803,-0.07215248973829261,
34.095,-0.5106262414316021,-0.07750478372775345,
34.1,-0.08177204609480826,-0.08066026276385814,
34.105000000000004,0.28936749124260097,-0.08153194618346538,
34.11,-0.1819189636715521,-0.08009751403168912,
34.115,-0.42996070820385945,-0.07639987228262236,
34.12,0.25592373443616856,-0.07054587327654296,
34.125,0.3464184817807809,-0.06270322943112779,
34.13,-0.07878658295562518,-0.05309570932950713,
34.135,-0.5346090780096068,-0.04199675376153012,
34.14,-0.041155678541782134,-0.029721693829307196,
34.145,0.516681616401715,-0.01661879256808431,
34.15,0.08711108588854531,-0.0030593645721525963,
34.155,-0.3814494762433229,0.010572746075070904,
34.160000000000004,0.2830344278241164,0.02389203140978307,
34.165,0.4291687329222814,0.03652222116884965,
34.17,-0.26207428978587655,0.04810691207306875,
34.175000000000004,-0.41834705018085666,0.058319624555484,
34.18,0.20043165368518667,0.06687300317261734,
34.185,0.6739998764700761,0.07352690143690674,
34.19,-0.19653969353817885,0.07809512361536793,
34.195,-0.3002716191154968,0.08045063424469054,
34.2,0.0877055911172998,0.0805290896297824,
34.205,0.4839784256693785,0.07833059318628366,
34.21,-0.25063951870675294,0.07391962680698508,
34.215,-0.4250473965194938,0.06742316205241046,
34.22,0.3726726369242418,0.05902700642606477,
34.225,0.4621769346370808,0.048970489840210664,
34.230000000000004,0.027880035892526543,0.03753964320064542,
34.235,-0.34612982404168013,0.025059063518154137,
34.24,0.3220801199558488,0.011882696893830081,
34.245,0.37051026472288123,-0.0016161989146083523,
34.25,-0.11043463562041761,-0.015055627708430412,
34.255,-0.6087067426225631,-0.028055664349571158,
34.26,0.14008005778233523,-0.04024919467778335,
34.265,0.4334976811453697,-0.051292282251658855,
34.27,-0.2163296149791111,-0.06087386918316459,
34.275,-0.559432461115453,-0.06872453746192855,
34.28,-0.1965051285829254,-0.07462408400862235,
34.285000000000004,0.5706364024779804,-0.07840769648948329,
34.29,0.07430212124876794,-0.07997055670375137,
34.295,-0.6920451420552746,-0.07927074299171467,
34.300000000000004,0.051621623964561464,-0.07633035133613364,
34.305,0.4675453020728951,-0.07123480527690369,
34.31,0.10579151821993513,-0.06413037599917754,
34.315,-0.6097367631152354,-0.05521998453947167,
34.32,-0.10483908385272371,-0.044757406552407356,
34.325,0.5443155314457992,-0.033040045124392396,
34.33,-0.21266104980430348,-0.020400477438890025,
34.335,-0.39101551695423126,-0.007197015556143011,
34.34,0.1804325596620695,0.006196450799970492,
34.345,0.6851594292165666,0.019401041527767615,
34.35,0.016210841177679264,0.032043603720688596,
34.355000000000004,-0.6349321211048877,0.043767256363621825,
34.36,-0.003466830751930855,0.05424146418672601,
34.365,0.6206079080654746,0.06317135632779936,
34.37,-0.08013261879076243,0.07030602709712756,
34.375,-0.5291070985090994,0.07544558518733772,
34.38,0.013210913398741836,0.07844675329619981,
34.385,0.452688597466978,0.07922686131857114,
34.39,-0.04977281751503451,0.07776612184444956,
34.395,-0.4748188164941435,0.07410812538030297,
34.4,0.12395919658661747,0.06835854311060097,
34.405,0.6991627218387785,0.06068207570947936,
34.410000000000004,0.0005082754412271476,0.051297736264465724,
34.415,-0.4404780448258697,0.040472602386117724,
34.42,0.03627719313119658,0.02851421572171589,
34.425000000000004,0.43665569153442796,0.015761845152907426,
34.43,-0.20385426395676576,0.0025768618641428664,
34.435,-0.5988081081774331,-0.010667500673301168,
34.44,0.06594266789048633,-0.023596711645171263,
34.445,0.43574905750759385,-0.03584553371921488,
34.45,-0.1806405946959025,-0.04706834027797886,
34.455,-0.6123326073995687,-0.05694886762821029,
34.46,0.1578282008842467,-0.06520912702917486,
34.465,0.3282237568450051,-0.07161722541894903,
34.47,-0.12134979946057736,-0.07599387483003489,
34.475,-0.6310129146202537,-0.078217407787256,
34.480000000000004,-0.10065724514944092,-0.07822715840955818,
34.485,0.4653509162515118,-0.07602511528938892,
34.49,-0.2591224680706233,-0.07167580118345189,
34.495,-0.6259340775006597,-0.06530438473012196,
34.5,0.07973224243426569,-0.057093079391501746,
34.505,0.4358244795218236,-0.04727593318900007,
34.51,-0.27993209072690944,-0.036132158194329404,
34.515,-0.5619106748131479,-0.02397818987287233,
34.52,-0.02734850958025682,-0.011158702093900224,
34.525,0.5540172322064759,0.001963167080807454,
34.53,-0.20731791298464777,0.015016101664966348,
34.535000000000004,-0.5455290926750532,0.027631114713338463,
34.54,0.11752276867663781,0.03945197868336456,
34.545,0.4942012512836124,0.050145284361882196,
34.550000000000004,-0.08932240354187108,0.05940984432968795,
34.555,-0.3334569839454956,0.06698517576001815,
34.56,0.07055830863726555,0.0726588236493506,
34.565,0.5738286163397992,0.07627231860968703,
34.57,-0.12919527051201124,0.07772560216859746,
34.575,-0.16156808690051505,0.07697979602430514,
34.58,0.2722975371523636,0.07405823865306745,
34.585,0.5509772080482835,0.06904576173356579,
34.59,-0.016314197371151043,0.06208622864903647,
34.595,-0.4599967859036619,0.05337840644339521,
34.6,0.22829401812497055,0.04317028965469527,
34.605000000000004,0.46585160207894544,0.031752038100070094,
34.61,-0.18547331881798892,0.01944772970936918,
34.615,-0.4891782290587652,0.0066061628026448495,
34.62,0.07231713001968518,-0.006409031157346224,
34.625,0.35657489948574844,-0.01922968407837149,
34.63,-0.019604065447822727,-0.03149350547330079,
34.635,-0.5006512826535711,-0.04285431984236262,
34.64,0.011095129992964553,-0.05299183793107104,
34.645,0.4258588805255754,-0.061620686067960756,
34.65,-0.09973305051734584,-0.06849843904549083,
34.655,-0.5227592262470067,-0.07343243044256631,
34.660000000000004,0.09112503873089046,-0.07628514908569976,
34.665,0.4957710488583367,-0.0769780705173287,
34.67,-0.2295738644063151,-0.07549381674380407,
34.675000000000004,-0.7320146297549055,-0.07187658491137469,
34.68,0.055021040330397175,-0.06623083456386596,
34.685,0.4139761504989422,-0.05871827238363665,
34.69,-0.20255391161702097,-0.04955322141467479,
34.695,-0.5413931679946529,-0.03899650735487382,
34.7,0.1080084739211613,-0.027348036297509773,
34.705,0.5733696144330587,-0.014938275120972348,
34.71,-0.019426516878028037,-0.0021188765362905935,
34.715,-0.6416451135591971,0.01074728526220668,
34.72,0.12784967962548746,0.023296386005683206,
34.725,0.4879784705243584,0.035173939089357974,
34.730000000000004,-0.00539262954045034,0.046044808747341986,
34.735,-0.35741901385159497,0.055602665832078006,
34.74,0.17457682800346075,0.06357861941612945,
34.745,0.6617355775185126,0.06974878101090264,
34.75,-0.09454740527186825,0.07394054862578867,
34.755,-0.3702654435600533,0.07603743430455966,
34.76,0.03232060609681073,0.0759823001389816,
34.765,0.7173376163716048,0.07377891289698742,
34.77,0.07405527429196003,0.0694917750346155,
34.775,-0.47725753038544094,0.06324423863812723,
34.78,0.1055324560954497,0.055214957384653957,
34.785000000000004,0.36830827329831345,0.045632778544221285,
34.79,0.06042185829749427,0.03477022104806168,
34.795,-0.6954011071657058,0.022935725475718483,
34.800000000000004,0.26537941083758615,0.010464896345934461,
34.805,0.6421046660237064,-0.0022890146382461675,
34.81,-0.42875615217060703,-0.014965114533532317,
34.815,-0.4219393481859105,-0.02720508087848031,
34.82,0.10991598207290948,-0.03866329025545667,
34.825,0.3704936735215113,-0.04901657740170731,
34.83,0.006971026345682703,-0.05797334931916046,
34.835,-0.5415562694992915,-0.06528179735186301,
34.84,0.11266642604796147,-0.07073697596826094,
34.845,0.43476103448956194,-0.07418654926585533,
34.85,-0.34100811941251774,-0.07553504408910038,
34.855000000000004,-0.6875810877664914,-0.07474649104101838,
34.86,0.002829415092085036,-0.07184538037192736,
34.865,0.4248501987637337,-0.06691590744891697,
34.87,-0.3051012230828505,-0.06009953089647694,
34.875,-0.724292063433971,-0.051590914182541484,
34.88,0.11439500829564192,-0.04163236705835154,
34.885,0.4126749550919131,-0.0305069455562633,
34.89,-0.2151884632841606,-0.01853040701464731,
34.895,-0.44860556441991023,-0.006042248770263606,
34.9,0.07680564816848916,0.006603915167576931,
34.905,0.4246447732405049,0.019050366690485765,
34.910000000000004,-0.03162037268270215,0.030945401915955403,
34.915,-0.4958306550385285,0.04195326906866256,
34.92,0.03570220885596556,0.0517636451194738,
34.925000000000004,0.4980774148052738,0.060100383712822704,
34.93,0.0813271218445569,0.06672928779191853,
34.935,-0.672135186094079,0.07146468816042063,
34.94,0.22727235659274816,0.0741746432051581,
34.945,0.6297394218418071,0.07478461417985426,
34.95,-0.1259281023145724,0.07327951370164941,
34.955,-0.2943343582459366,0.06970407121338672,
34.96,0.2171346275804999,0.06416150680880466,
34.965,0.507417291173618,0.056810552656080454,
34.97,-0.1735662583682822,0.04786090793510846,
34.975,-0.35812729706481267,0.037567257406582566,
34.980000000000004,0.19342543898333672,0.026222024209130074,
34.985,0.5332311736560875,0.014147063093856275,
34.99,-0.09162999218027396,0.0016845300521013094,
34.995,-0.46077955216894145,-0.010812812664103895,
35.0,0.2964928481879529,-0.022991581431825503,
35.005,0.44508682327814475,-0.03450776344550738,
35.01,-0.07536809746944784,-0.04503643367684667,
35.015,-0.49297534029698553,-0.054280922151352044,
35.02,-0.023987153083609637,-0.06198117291103631,
35.025,0.38900580224848097,-0.0679210591530424,
35.03,-0.0926023436636702,-0.07193444878946395,
35.035000000000004,-0.5744825492105964,-0.07390985021612527,
35.04,0.08349958994032441,-0.07379350839634716,
35.045,0.43897572258224105,-0.07159086531556755,
35.050000000000004,-0.06505259682045593,-0.0673663451968817,
35.055,-0.4992529194218297,-0.0612414722743001,
35.06,0.09059093929844036,-0.05339137605790526,
35.065,0.3842889439665417,-0.04403978456076947,
35.07,-0.1315500256631524,-0.033452648605610445,
35.075,-0.5478323589987961,-0.021930578886849076,
35.08,0.13648913606879737,-0.009800310844934424,
35.085,0.42179848704432027,0.0025945603236195622,
35.09,-0.11136161002179118,0.014903311810683604,
35.095,-0.30045244499337365,0.02677801684723379,
35.1,0.14020466003994494,0.03788337908153411,
35.105000000000004,0.568263345540036,0.047906199719170324,
35.11,0.044222698065917616,0.05656421012883222,
35.115,-0.44027221260525307,0.06361402083362933,
35.12,0.18314610908939796,0.0688579630480218,
35.125,0.7081393598235802,0.07214963046295267,
35.13,-0.06630140086215833,0.07339796592907441,
35.135,-0.42901270843601713,0.07256977898987617,
35.14,0.13232030334523945,0.06969062470004503,
35.145,0.5818081477775183,0.06484402056932924,
35.15,0.05688958067679179,0.05816902548397628,
35.155,-0.3694161886316055,0.04985625074683512,
35.160000000000004,0.04239647099538723,0.04014241763536228,
35.165,0.46855764102185027,0.029303616854790906,
35.17,0.08554278927678147,0.01764746180629739,
35.175000000000004,-0.3161520079221817,0.005504358668830096,
35.18,0.1011705554968736,-0.006781858965651928,
35.185,0.60546802644756,-0.018863665451939456,
35.19,-0.055308879085495546,-0.030399672807223967,
35.195,-0.46123412629504307,-0.041064276760012196,
35.2,0.18821607200808121,-0.05055684658876123,
35.205,0.33931357799482265,-0.0586101993868312,
35.21,-0.24515422564413625,-0.06499811988985463,
35.215,-0.554526005147137,-0.0695417142336311,
35.22,0.018779688575435466,-0.07211441919822294,
35.225,0.3752278699089404,-0.07264552669305707,
35.230000000000004,-0.33395083037541373,-0.07112212536234529,
35.235,-0.42285439500008337,-0.06758940604587751,
35.24,0.13810784724650124,-0.06214932414560707,
35.245,0.46842048002209963,-0.05495765841258654,
35.25,-0.26270068185308265,-0.04621955096768682,
35.255,-0.5860067230621868,-0.036183656223996385,
35.26,0.1481478097396527,-0.025135065578848134,
35.265,0.5995423662129676,-0.013387209185530309,
35.27,-0.03608471400387397,-0.0012729648291050176,
35.275,-0.4806946594909674,0.010864773888077767,
35.28,0.029804501489599636,0.022682802818225573,
35.285000000000004,0.6363422302403713,0.03384731130827853,
35.29,0.06570557254363682,0.0440433106375747,
35.295,-0.36976494491111167,0.05298352055767817,
35.300000000000004,0.048432284717725586,0.06041646323525595,
35.305,0.41274079268347363,0.06613353656784404,
35.31,0.13211399269133656,0.06997486793447605,
35.315,-0.4903650305491405,0.07183378413075314,
35.32,0.19887804606605092,0.07165977253350876,
35.325,0.5759714237148752,0.06945985132805438,
35.33,-0.13506886425271802,0.06529831169822235,
35.335,-0.3841303185474137,0.05929484094885408,
35.34,0.10001776888113713,0.05162108129865565,
35.345,0.47559614475593265,0.04249572325497188,
35.35,-0.009338120157730764,0.0321782738129925,
35.355000000000004,-0.454650146438811,0.020961677045401632,
35.36,0.21239456803143075,0.00916399691264374,
35.365,0.5776705957314492,-0.0028806015778066333,
35.37,-0.06827062463873962,-0.014831317140069392,
35.375,-0.5649282487324653,-0.02635035483913037,
35.38,0.03802776522307602,-0.03711247376146601,
35.385,0.4850987253319674,-0.046814169874370606,
35.39,-0.11068903739778635,-0.055182234814505765,
35.395,-0.5550940827275406,-0.0619814492593265,
35.4,0.2036375458582232,-0.06702119425268992,
35.405,0.48442799284153626,-0.07016079467377932,
35.410000000000004,0.020741251789590756,-0.07131344507786416,
35.415,-0.44795416997913856,-0.07044860837397447,
35.42,-0.035211241044202674,-0.06759282109700605,
35.425000000000004,0.41321576035417584,-0.06282888415208837,
35.43,-0.2727490032330484,-0.0562934635801876,
35.435,-0.5696690330513386,-0.048173170823493344,
35.44,-0.14380284116130704,-0.03869923488834658,
35.445,0.5329359385308969,-0.02814091849959753,
35.45,0.02543647779215046,-0.01679786569615933,
35.455,-0.2775664329211926,-0.0049915983355482965,
35.46,0.030145948021134985,0.006943597184924735,
35.465,0.44060713101452303,0.018670134691903217,
35.47,-0.10069910806627894,0.02985667651448707,
35.475,-0.44273830244642176,0.04018749522353687,
35.480000000000004,0.15779066602078626,0.04937138433105777,
35.485,0.4034503207909923,0.05714986647494269,
35.49,-0.06679419587581237,0.06330446773727427,
35.495,-0.3199893103669996,0.06766285338783996,
35.5,0.010260271243975966,0.07010365274822505,
35.505,0.5255076046990271,0.07055983811361714,
35.51,-0.15478464372124684,0.06902056369205034,
35.515,-0.5459337986112723,0.06553141415928779,
35.52,0.1640407928026639,0.06019305744634467,
35.525,0.4446533206667332,0.0531583415010284,
35.53,0.07566827427155295,0.04462791871867159,
35.535000000000004,-0.5290956886103981,0.034844523279754444,
35.54,0.08896080793959758,0.024086064589814396,
35.545,0.5594051539753249,0.012657733322318461,
35.550000000000004,-0.05380924666609779,0.0008833442792472314,
35.555,-0.47803876425716557,-0.010903838369545513,
35.56,0.10169475191576333,-0.02237053352582144,
35.565,0.520385337938922,-0.033192866322090876,
35.57,-0.10837648931923904,-0.04306551558034641,
35.575,-0.5643437737270995,-0.05171032722030855,
35.58,0.08607882581872511,-0.058884150635084065,
35.585,0.4581725164132655,-0.06438567727252584,
35.59,-0.32007231804747516,-0.06806108910145359,
35.595,-0.47000118463996027,-0.06980835848961313,
35.6,0.20085017167120717,-0.0695800793146878,
35.605000000000004,0.5047873390329014,-0.06738475078180464,
35.61,-0.1610770844770822,-0.06328647925042394,
35.615,-0.34107211794147485,-0.05740310813871296,
35.62,0.12744641244181829,-0.049902830407627385,
35.625,0.40510599656066193,-0.040999380973879236,
35.63,-0.17043124081300243,-0.030945946451658376,
35.635,-0.5168409517760563,-0.020027965746431047,
35.64,0.13992939926921605,-0.008555026205216573,
35.645,0.5951417777905976,0.0031479146127630555,
35.65,-0.11226881703453953,0.01474973265109808,
35.655,-0.3428405406503961,0.0259225058913948,
35.660000000000004,-0.09641411045584156,0.03635078265203054,
35.665,0.5235238523827903,0.04574048770336774,
35.67,-0.02485516879086378,0.05382721476313967,
35.675000000000004,-0.5668220073176412,0.06038367154619906,
35.68,0.18813668242060777,0.06522606774551175,
35.685,0.5084277301593754,0.06821926642587643,
35.69,0.015017390328722062,0.06928055446111629,
35.695,-0.35242004166726515,0.06838192684035081,
35.7,0.28059166962842186,0.06555082179651535,
35.705,0.5061827275057664,0.06086928757727973,
35.71,0.0052847258152421625,0.05447160604197489,
35.715,-0.44666646007636557,0.04654044187375375,
35.72,-0.01726015255822843,0.037301627811760406,
35.725,0.588964406382178,0.027017734758769757,
35.730000000000004,-0.02626347459287651,0.015980609821739388,
35.735,-0.3317902998693876,0.004503094334161532,
35.74,-0.10146265978814925,-0.007089843126235522,
35.745,0.5507029142169358,-0.018470307413171703,
35.75,-0.010236731121220574,-0.02931675069620547,
35.755,-0.49104823941511266,-0.03932305726829036,
35.76,-0.03225971287378344,-0.0482071826097625,
35.765,0.5470125231098013,-0.05571910291011487,
35.77,-0.11602321868684984,-0.06164785099864067,
35.775,-0.4968334990458514,-0.06582744069738015,
35.78,-0.01496233126598985,-0.06814151324449386,
35.785000000000004,0.4522160073172589,-0.06852657574025915,
35.79,0.03763507415467614,-0.06697374151228659,
35.795,-0.4840183526360687,-0.06352892474638831,
35.800000000000004,-0.013902260901962324,-0.05829148548321131,
35.805,0.3966007932583614,-0.051411364898976034,
35.81,-0.1187555905317206,-0.043084793432952635,
35.815,-0.40160778387239504,-0.03354869459014307,
35.82,0.13399074105997677,-0.023073943998282956,
35.825,0.4041735104073608,-0.011957675499744474,
35.83,-0.10586804441748482,-0.0005148528037535455,
35.835,-0.3917913667235881,0.010930654236814353,
35.84,0.21589752803926848,0.022055235901453363,
35.845,0.5166025855818364,0.03254469201261302,
35.85,-0.011463775338475798,0.042103105808745045,
35.855000000000004,-0.5236739589135568,0.050461191666726427,
35.86,0.10533668579247873,0.05738388119651371,
35.865,0.5573892379868185,0.06267693401019463,
35.87,0.016240786717312425,0.06619238726495294,
35.875,-0.36769865841589544,0.06783269110549925,
35.88,0.27532017908315837,0.06755341444449751,
35.885,0.5583304509426624,0.0653644460620421,
35.89,0.12730604897340203,0.06132965862617701,
35.895,-0.4828093708878891,0.05556504672945959,
35.9,0.2217643358555624,0.048235393170690234,
35.905,0.36588021828742506,0.03954955926695924,
35.910000000000004,-0.13258587312026732,0.029754533785743404,
35.915,-0.5596275552518166,0.019128410045859297,
35.92,0.16997713694989627,0.00797249086500673,
35.925000000000004,0.4917040250868683,-0.003397254516567115,
35.93,-0.17023429819810143,-0.014659139317446106,
35.935,-0.49116220559137946,-0.025494860459893784,
35.94,0.07860298212768714,-0.03559849469260751,
35.945,0.5473650621606378,-0.04468513534489766,
35.95,-0.03590810473997702,-0.05249892589077505,
35.955,-0.49430931208756446,-0.05882026380935399,
35.96,-0.14689536155931165,-0.06347197192221302,
35.965,0.4594489872348841,-0.06632426379242899,
35.97,-0.05833682787878955,-0.06729836404684678,
35.975,-0.41162645705955564,-0.06636868265839045,
35.980000000000004,0.01128657177391075,-0.06356348321526997,
35.985,0.22926870772434751,-0.05896402784722607,
35.99,-0.09402464532997731,-0.05270222456781834,
35.995,-0.5322358483185725,-0.04495684510776769,
36.0,0.13638516641131135,-0.03594842166116955,
36.005,0.5902151107949098,-0.02593296820652693,
36.01,-0.12898193135595123,-0.015194705146493383,
36.015,-0.5939093783063932,-0.004037994005266217,
36.02,0.19593753111415,0.0072212889582942965,
36.025,0.5320643139085842,0.018264695736799137,
36.03,0.10660175906797392,0.02878021297780553,
36.035000000000004,-0.4184647693523615,0.03847107709273757,
36.04,0.23203963519798904,0.04706414903265743,
36.045,0.5306305549353297,0.05431761240115786,
36.050000000000004,0.0914050107891972,0.060027777952382025,
36.055,-0.34040426474848295,0.06403480301374757,
36.06,0.08705382839245582,0.06622716525108246,
36.065,0.4124026657220244,0.06654476558090901,
36.07,0.12671823422464645,0.06498057392384736,
36.075,-0.4996840621880342,0.06158077278263155,
36.08,0.05239384055098139,0.05644339614746222,
36.085,0.5795809308569345,0.04971550377687727,
36.09,0.14785964904604237,0.041588972271614996,
36.095,-0.31478839134468134,0.03229502338258945,
36.1,0.14183975930024517,0.022097645572669397,
36.105000000000004,0.6293966523758987,0.011286095981105464,
36.11,-0.09056886617436598,0.0001666957461260903,
36.115,-0.45565457497370315,-0.010945848601588239,
36.12,0.3598268595165448,-0.021737351803226987,
36.125,0.47043606744651245,-0.03190303253125947,
36.13,-0.04341810636501046,-0.041156120921366675,
36.135,-0.5830677177054856,-0.049235947895103084,
36.14,-0.1158942810987812,-0.05591528809609358,
36.145,0.3663243930119306,-0.061006749603175016,
36.15,-0.2537057858067246,-0.06436803075053749,
36.155,-0.557399012834029,-0.06590589660331572,
36.160000000000004,0.10946582516891516,-0.0655787639908361,
36.165,0.2840550352400686,-0.06339782345680102,
36.17,0.014267032606652491,-0.059426667927475696,
36.175000000000004,-0.5677608948588259,-0.053779440151259794,
36.18,0.2825353795050031,-0.04661755283051074,
36.185,0.49064524807239257,-0.0381450756661697,
36.19,-0.15803385121506802,-0.02860292112894397,
36.195,-0.4222240788379274,-0.01826199459846018,
36.2,0.2782438291559748,-0.007415503620739405,
36.205,0.3388687329224209,0.003629355393510092,
36.21,-0.176997881358487,0.014560097332587433,
36.215,-0.39023071704078877,0.025067789019070655,
36.22,0.23494833719146163,0.03485578021197271,
36.225,0.4056364046598334,0.0436480782303989,
36.230000000000004,-0.09139289375166676,0.05119712978740625,
36.235,-0.46827750342841024,0.05729079062862309,
36.24,0.2153516294466613,0.061758286763418505,
36.245,0.46997159578755177,0.06447499979171858,
36.25,0.05209326764551066,0.0653659422520195,
36.255,-0.21704331131879634,0.06440782609358144,
36.26,0.16078980806300402,0.06162966725490446,
36.265,0.617507057160356,0.05711191077981975,
36.27,0.13921130691935485,0.0509841027489312,
36.275,-0.3933118325206966,0.0434211763640391,
36.28,0.13398824059490985,0.03463845863628106,
36.285000000000004,0.3335784058344768,0.024885540191147536,
36.29,0.03848707217490362,0.014439182699576562,
36.295,-0.31690753011428624,0.003595465471886635,
36.300000000000004,0.09244062331010473,-0.007338605946125182,
36.305,0.3429731371783082,-0.018053791357391873,
36.31,-0.16503812368066065,-0.028247361620274827,
36.315,-0.5989104267679166,-0.03763165114706413,
36.32,0.12008567002294337,-0.04594217558324226,
36.325,0.30462632682614843,-0.052945085603233244,
36.33,-0.20178595290181073,-0.058443746766966204,
36.335,-0.5834431432343911,-0.062284260310736375,
36.34,0.018066373639388858,-0.0643597698825888,
36.345,0.6473281931769578,-0.06461343372004956,
36.35,-0.14930492732459913,-0.06303997962688343,
36.355000000000004,-0.5339885542366306,-0.059685800261532355,
36.36,0.04899427792965774,-0.054647587565173406,
36.365,0.5632079942731693,-0.04806954646285546,
36.37,-0.018653916487268406,-0.040139268098673846,
36.375,-0.45861551566994346,-0.031082380682473983,
36.38,0.2955885208647457,-0.021156130464158027,
36.385,0.4054819200297247,-0.010642075441945387,
36.39,-0.15588136057328286,0.00016190069312711962,
36.395,-0.5192368128947655,0.010950027870953482,
36.4,0.07166963169266352,0.02141730312973155,
36.405,0.6196568620123357,0.03126811338635791,
36.410000000000004,0.024204435180871245,0.04022458372331841,
36.415,-0.30182042646165264,0.04803441544009991,
36.42,0.3294732441130915,0.05447799279019755,
36.425000000000004,0.5684280651336223,0.05937455823178837,
36.43,-0.06768288384292914,0.0625872825664481,
36.435,-0.46321940039788445,0.0640270877666678,
36.44,0.2704396432900963,0.06365511570811752,
36.445,0.5334101483657666,0.06148377441922123,
36.45,-0.06589720795842681,0.057576333751277645,
36.455,-0.5145797241848382,0.05204508341508585,
36.46,-0.0010932388163184537,0.045048106964055076,
36.465,0.5870414918486554,0.03678476438029973,
36.47,-0.0821073580694085,0.027490012336333938,
36.475,-0.4252956217680435,0.017427723933815663,
36.480000000000004,0.03225419696127413,0.006883197840078736,
36.485,0.4412539385871877,-0.003844930535662922,
36.49,0.04939431927113369,-0.014453146500320872,
36.495,-0.6889410374987601,-0.02464164265969993,
36.5,0.2091585623367149,-0.034122791715691304,
36.505,0.4535492578273276,-0.042629266038369175,
36.51,-0.22603660650757074,-0.049921574810669264,
36.515,-0.6736999024311515,-0.055794806250200196,
36.52,0.06337328406006162,-0.060084385109841036,
36.525,0.5082241657883937,-0.06267068369942683,
36.53,-0.022564712423274333,-0.06348235725462134,
36.535000000000004,-0.5029529504668008,-0.06249831068205321,
36.54,0.03905459237951813,-0.05974824250289101,
36.545,0.36956825400483173,-0.05531175210185858,
36.550000000000004,-0.3231017462104309,-0.049316037024106606,
36.555,-0.5316334495276122,-0.041932246899055545,
36.56,0.03564019987621618,-0.03337059848331292,
36.565,0.6059861081090793,-0.023874391233394864,
36.57,-0.14525016763548818,-0.013713093759532093,
36.575,-0.4578090090239303,-0.0031746976037068143,
36.58,0.06805792482103022,0.007442444704605583,
36.585,0.5652564286090039,0.017838066006903096,
36.59,-0.23740371643982552,0.02771847618051107,
36.595,-0.5079749346212888,0.03680485897079168,
36.6,0.08264019792971986,0.04484113961124834,
36.605000000000004,0.5073598452203991,0.05160120123296163,
36.61,0.14719017181021915,0.056895246708457206,
36.615,-0.35013018944150576,0.06057512695000555,
36.62,0.15552936028718495,0.0625384860915969,
36.625,0.6840192824674388,0.06273160759138109,
36.63,-0.16316267488940134,0.061150882142641555,
36.635,-0.5363151975246493,0.057842857330892866,
36.64,0.27727727408860486,0.05290286911594606,
36.645,0.48865344213131157,0.04647229531511762,
36.65,-0.0634309577159793,0.03873451018283938,
36.655,-0.3664107129716493,0.029909655824549047,
36.660000000000004,-0.03552619432670886,0.020248379513873253,
36.665,0.3046648700588209,0.010024715064689367,
36.67,-0.1717634037263453,-0.00047168957650811633,
36.675000000000004,-0.5193650411959809,-0.010943778078324681,
36.68,0.16373039215986715,-0.021095492351857457,
36.685,0.6476700554628322,-0.030640142160109088,
36.69,-0.07530817020504801,-0.03930850110777212,
36.695,-0.529129404965845,-0.04685640039339811,
36.7,0.0546039754075953,-0.05307160614520739,
36.705,0.5142312921880798,-0.05777978664174608,
36.71,-0.045358649858173755,-0.060849401653793614,
36.715,-0.5699146624696293,-0.06219537679518446,
36.72,-0.10915499320828412,-0.06178146026597171,
36.725,0.35989268900242155,-0.059621196732803666,
36.730000000000004,-0.05483830407422493,-0.05577749225827416,
36.735,-0.5811770945679341,-0.05036078405488055,
36.74,0.022317693422491985,-0.04352586827174215,
36.745,0.681067382773706,-0.03546747690893547,
36.75,-0.08512785251811328,-0.026414730226245138,
36.755,-0.5907454044086204,-0.016624622674449068,
36.76,0.22761047224224992,-0.006374727538367449,
36.765,0.7770919368348387,0.004044672623283955,
36.77,-0.2566285905695028,0.014338806638028306,
36.775,-0.5509197815534363,0.02421675368306568,
36.78,0.08778139830002296,0.033399664654058,
36.785000000000004,0.7394310173516385,0.041628633613616885,
36.79,0.16183756751085007,0.048671997130033624,
36.795,-0.5413545890205791,0.054331855725666955,
36.800000000000004,0.15697984452014027,0.05844963386366029,
36.805,0.5113848507227499,0.060910522278003636,
36.81,-0.10448026274115962,0.06164667821600614,
36.815,-0.4741005823310168,0.06063909441117746,
36.82,0.29428580355499423,0.05791808533791412,
36.825,0.4346410871441553,0.05356237844797054,
36.83,-0.14912470317493043,0.04769683754413744,
36.835,-0.4355988601915213,0.040488884092788245,
36.84,0.15027996550158762,0.03214371902209884,
36.845,0.582421219752425,0.022898481360505513,
36.85,-0.26811027885573385,0.013015509986270324,
36.855000000000004,-0.4171270311444422,0.0027748999435764942,
36.86,0.0049664525977593825,-0.007533435474740208,
36.865,0.4027872249142558,-0.017617971925249748,
36.87,-0.23495279276328868,-0.027193818162440604,
36.875,-0.4542398551040528,-0.03599076400557446,
36.88,-0.015542756594050494,-0.04376090478361758,
36.885,0.44665168952589485,-0.05028562713007109,
36.89,-0.11079921534783643,-0.05538175928254847,
36.895,-0.39929878831939586,-0.05890671287072752,
36.9,0.16415552794135557,-0.060762471872028836,
36.905,0.47958807108281326,-0.06089831716064658,
36.910000000000004,-0.004949330659359687,-0.05931221094218717,
36.915,-0.34387170825982616,-0.05605080333548426,
36.92,-0.010110888362260033,-0.051208062360017285,
36.925000000000004,0.45372943560165513,-0.044922567507474885,
36.93,0.015216949467719627,-0.03737354481946347,
36.935,-0.6622033417627019,-0.028775756894136875,
36.94,0.10133946005934338,-0.01937339350104411,
36.945,0.5474523439631368,-0.009433136587180993,
36.95,-0.12506193800055806,0.0007634033814399851,
36.955,-0.38806464918281136,0.010927665230875398,
36.96,-0.021856937769710035,0.020772303045656058,
36.965,0.5526604772603465,0.030019309211167702,
36.97,0.028725001599031637,0.03840786490779056,
36.975,-0.37633500337718334,0.04570169638023073,
36.980000000000004,0.17481695746771825,0.05169572951079918,
36.985,0.473866351545979,0.056221855283359226,
36.99,-0.33897936018582,0.0591536440591302,
36.995,-0.3247474681549526,0.06040987647704579,
37.0,0.11533381133185226,0.05995679238838928,
37.005,0.5566434996586257,0.05780899558484566,
37.01,-0.06959205478544922,0.05402899015032674,
37.015,-0.37386647502488096,0.04872536298135295,
37.02,-0.04419616843747023,0.04204966528359968,
37.025,0.43670568757336037,0.03419208258142758,
37.03,-0.09857955487042691,0.02537601693686823,
37.035000000000004,-0.43317157765135333,0.015851735700491983,
37.04,0.1336425268804186,0.005889267347281416,
37.045,0.4670602996769901,-0.004229253951021691,
37.050000000000004,-0.17068934650431927,-0.014217577990817742,
37.055,-0.5381580642931904,-0.023793436190760155,
37.06,-0.003740803420341901,-0.032686518170238016,
37.065,0.48196334937321134,-0.040646101852319726,
37.07,-0.028428877605730853,-0.047448121723069926,
37.075,-0.4982284146628983,-0.052901475991049975,
37.08,0.02435211652777608,-0.056853395119340594,
37.085,0.5924498872784132,-0.059193720927065235,
37.09,-0.3667422267446593,-0.059857976418067255,
37.095,-0.6016553613038295,-0.05882914081121864,
37.1,-0.08002489243746722,-0.05613808094509098,
37.105000000000004,0.3062506874786708,-0.051862628270637014,
37.11,-0.20561983545501214,-0.04612532895107055,
37.115,-0.4336086799297528,-0.03908993207543035,
37.12,0.03927885721013627,-0.030956716602656906,
37.125,0.4441540898274019,-0.02195679038017254,
37.13,-0.09028143111787995,-0.012345523504992024,
37.135,-0.46138877180410004,-0.002395302599662987,
37.14,0.21892148025050043,0.007612188419952462,
37.145,0.39598553414600685,0.017393942336190002,
37.15,-0.17816870785158545,0.026673631658422833,
37.155,-0.4949731973370764,0.03518941438350528,
37.160000000000004,0.049029698532319727,0.04270132199692794,
37.165,0.7077542034638447,0.04899802126770031,
37.17,-0.04766861845229638,0.05390275931373123,
37.175000000000004,-0.41798165016930133,0.05727832470683472,
37.18,0.12655468387210494,0.05903088538257511,
37.185,0.55750704985716,0.05911259602328537,
37.19,0.06301788762610093,0.057522902487110145,
37.195,-0.35272000807274234,0.05430850777134919,
37.2,0.09527900839062318,0.049562001879269645,
37.205,0.44209223690881894,0.043419195733441246,
37.21,-0.12434584343676755,0.036055235877876346,
37.215,-0.44695650031866285,0.027679611102593746,
37.22,0.07709988683822694,0.018530193336350576,
37.225,0.44456675775792703,0.008866482308988302,
37.230000000000004,-0.24899020042778336,-0.0010377541810037587,
37.235,-0.4530780501802821,-0.010902235671581191,
37.24,0.06354149154933615,-0.020448100424835677,
37.245,0.49922613060100907,-0.02940578836221588,
37.25,-0.24964021167207318,-0.03752265271905869,
37.255,-0.5424169606173177,-0.044570085493475825,
37.26,0.18082781651578603,-0.05034995573847981,
37.265,0.4495884175749531,-0.054700179385488025,
37.27,-0.13410920222968484,-0.05749926403305149,
37.275,-0.5209920245433041,-0.0586697012809561,
37.28,0.052392078550971125,-0.058180111908011534,
37.285000000000004,0.48249419816904804,-0.056046084553166155,
37.29,-0.2849183958151052,-0.05232968556168449,
37.295,-0.34560605694907864,-0.0471376552526302,
37.300000000000004,0.027452819845109507,-0.04061834298775071,
37.305,0.4167099512525631,-0.032957469025452234,
37.31,-0.31575309416761194,-0.0243728342222795,
37.315,-0.4592157913737354,-0.015108128265074506,
37.32,0.0938548974654682,-0.0054260124464623714,
37.325,0.410535154157231,0.00439932667737404,
37.33,-0.2039431278167916,0.014089941654596767,
37.335,-0.3506331699890931,0.02337198666900025,
37.34,0.1295450364490032,0.031983455828764266,
37.345,0.5701174101188535,0.03968157855350704,
37.35,-0.10742117683791033,0.046249663325610396,
37.355000000000004,-0.5081364885895139,0.051503196888243966,
37.36,0.2227261367374153,0.05529502722718774,
37.365,0.45855866214213575,0.05751948475862939,
37.37,0.18548472499115537,0.058115326319599196,
37.375,-0.5753443629639761,0.05706741996279255,
37.38,0.21344625825882754,0.05440712424598496,
37.385,0.5105822851395916,0.05021135266660237,
37.39,-0.026737581166630976,0.04460035107754539,
37.395,-0.377942213271646,0.03773425228016356,
37.4,0.21892054674468972,0.029808506496040506,
37.405,0.4473692345336821,0.02104831809872295,
37.410000000000004,-0.013875975085493052,0.011702246945983114,
37.415,-0.42348751337366003,0.0020351561060352563,
37.42,-0.16615323442448054,-0.007679293940262508,
37.425000000000004,0.4904579026651108,-0.017166391926749083,
37.43,-0.14467830513336724,-0.026158143980159917,
37.435,-0.47209483089348764,-0.03440084369096396,
37.44,-0.11769682538757426,-0.041662230252192185,
37.445,0.4364365196305402,-0.04773803271312407,
37.45,-0.25736254096577266,-0.052457715964340595,
37.455,-0.47926288444024623,-0.05568926683519131,
37.46,0.11295951529176891,-0.05734288599414285,
37.465,0.38465619527128886,-0.057373482421340695,
37.47,-0.18874839631615653,-0.055781901187061146,
37.475,-0.6537258423596355,-0.05261485115683287,
37.480000000000004,0.25761289272197385,-0.0479635360371957,
37.485,0.3538389473956315,-0.04196102883369369,
37.49,-0.2615784353243351,-0.03477846527903131,
37.495,-0.460267861271215,-0.026620165101728106,
37.5,0.07044090407413109,-0.017717820204659375,
37.505,0.5337178236663457,-0.008323915058619727,
37.51,-0.005622972216387741,0.0012954338505303438,
37.515,-0.2637294542815071,0.010868016453741542,
37.52,0.23638937859410764,0.02012323187196874,
37.525,0.44581378029967494,0.028799737572340542,
37.53,-0.1419312330772006,0.036652828693857574,
37.535000000000004,-0.41169898847904607,0.04346133918650653,
37.54,0.14558968380352888,0.04903387014764969,
37.545,0.4295604385783314,0.05321416996706342,
37.550000000000004,0.1604730698328121,0.055885515058371985,
37.555,-0.5022484425330529,0.056973968371644014,
37.56,0.18483416251699453,0.05645042474009816,
37.565,0.5343590302437862,0.054331386510911794,
37.57,-0.14067794294124483,0.05067844886906262,
37.575,-0.3513026681586743,0.04559651076673327,
37.58,0.17023196868826895,0.03923076338585926,
37.585,0.581305444732751,0.03176254257015658,
37.59,-0.06467205290403616,0.0234041636918893,
37.595,-0.480423771461297,0.014392886063652266,
37.6,0.26859869965484623,0.004984178461504867,
37.605000000000004,0.6377596815315156,-0.004555523095021616,
37.61,0.025488668138599194,-0.013956360006470936,
37.615,-0.6115877228870609,-0.022952684566483986,
37.62,-0.03663107659956197,-0.03129056632415572,
37.625,0.5815901805763678,-0.03873495923797184,
37.63,-0.10958184173437752,-0.04507632733726866,
37.635,-0.46724730902111294,-0.050136542131240795,
37.64,-0.17519772826405208,-0.053773885792567255,
37.645,0.3737325423234501,-0.05588701960089579,
37.65,-0.13190557374425027,-0.05641780653601263,
37.655,-0.5207490545555605,-0.05535290942471841,
37.660000000000004,-0.009192230863810144,-0.05272412074828778,
37.665,0.4262326312688668,-0.048607416124274994,
37.67,-0.19516675918946702,-0.04312075957118723,
37.675000000000004,-0.6034172843707218,-0.03642072392686401,
37.68,0.08053448963189953,-0.028698023224009814,
37.685,0.38028612762990716,-0.020172084487700873,
37.69,-0.017062898546649365,-0.011084813443691855,
37.695,-0.5413533507499808,-0.0016937312546772964,
37.7,0.23797850119958536,0.007735323001986143,
37.705,0.4211300808698046,0.016935717329163023,
37.71,-0.11751718310829373,0.025647566278440753,
37.715,-0.27955323839682095,0.03362507170848807,
37.72,0.16111233795248922,0.040643457493478224,
37.725,0.3694296714968751,0.046505302540793124,
37.730000000000004,-0.06526591515998373,0.05104609369596191,
37.735,-0.39003408374817544,0.05413884235794093,
37.74,0.264404575043436,0.05569763526510361,
37.745,0.5906678336887601,0.05568002018387722,
37.75,-0.06360747466223932,0.054088160278631205,
37.755,-0.45608425942483166,0.050968725825087574,
37.76,0.04060417776810987,0.04641152766263369,
37.765,0.45511369426451376,0.04054693235195046,
37.77,-0.10412227519010633,0.03354213340781506,
37.775,-0.3186428074530354,0.02559638524125693,
37.78,0.25372238503058164,0.01693533566066294,
37.785000000000004,0.6029104869892062,0.00780461812509691,
37.79,-0.05464996960346085,-0.0015371142981023555,
37.795,-0.597657972393997,-0.010825515726021027,
37.800000000000004,0.1993157259395815,-0.01979802746711642,
37.805,0.3480598695499031,-0.02820129959374973,
37.81,-0.08686520685070162,-0.035798344307028926,
37.815,-0.594066543286779,-0.042375219126165466,
37.82,0.032845828068220825,-0.047747051441191915,
37.825,0.44655242501092846,-0.051763234789044855,
37.83,-0.04670973227413432,-0.054311650811252325,
37.835,-0.5872349146481084,-0.055321798552776164,
37.84,0.17041642652591082,-0.05476674378043668,
37.845,0.32213176383832737,-0.05266383445400426,
37.85,-0.03546271134181974,-0.049074163425241075,
37.855000000000004,-0.5782027863597073,-0.04410079488074617,
37.86,0.11002506878213794,-0.03788580598046817,
37.865,0.5312526556266268,-0.030606228587973558,
37.87,-0.32651899652016253,-0.022469006997534756,
37.875,-0.33679890240394184,-0.013705115261472217,
37.88,0.21442171192428364,-0.00456300133108008,
37.885,0.529795803779941,0.004698455919538792,
37.89,-0.07682568537746545,0.013817277140972924,
37.895,-0.2847594879031977,0.022535792865244802,
37.9,0.17861497116669522,0.030607924169805067,
37.905,0.574807191857543,0.03780612793525278,
37.910000000000004,0.01094775600971664,0.0439278106839324,
37.915,-0.45484103215824506,0.048801030219387476,
37.92,0.3840113507023279,0.052289324613842204,
37.925000000000004,0.5402429191838296,0.05429553293404842,
37.93,-0.06373815176568019,0.054764500746389805,
37.935,-0.4041559878131041,0.053684595086553745,
37.94,0.10890649453058855,0.05108798731972093,
37.945,0.5308372143439911,0.0470496971972356,
37.95,-0.029755966807261773,0.04168542644853363,
37.955,-0.3790128961301073,0.03514824444110524,
37.96,0.13969546605798533,0.02762422083149856,
37.965,0.4456968370215415,0.01932712980239236,
37.97,-0.10501614363805858,0.01049237659831996,
37.975,-0.36964618062237126,0.001370318901717619,
37.980000000000004,0.23851801115463997,-0.007780827481229789,
37.985,0.47007053525385245,-0.016702297603682137,
37.99,-0.133147329567311,-0.02514209415145531,
37.995,-0.6719942991863055,-0.032862105126768314,
38.0,-0.03880708643768404,-0.039644821410921065,
38.005,0.3570741272226921,-0.0452994646995178,
38.01,-0.0915627234385293,-0.04966735317579028,
38.015,-0.6551944247475071,-0.05262635402214266,
38.02,0.14368351526653225,-0.054094297847990996,
38.025,0.36507104828389103,-0.05403125959494756,
38.03,-0.14200831925536228,-0.05244064262998053,
38.035000000000004,-0.45699995346094613,-0.04936903664257078,
38.04,0.1630921068104076,-0.04490485466193861,
38.045,0.4420349270857381,-0.03917578902354837,
38.050000000000004,-0.3058096427936215,-0.03234515946452136,
38.055,-0.32797434358943234,-0.02460725777348548,
38.06,0.17589399012589602,-0.016181821681181804,
38.065,0.383830922876145,-0.007307795156758433,
38.07,-0.12226609509688055,0.0017634477156857073,
38.075,-0.26408845211389237,0.010775223126548104,
38.08,0.1573433746588527,0.019472800513045795,
38.085,0.29956552539882153,0.027610602612846563,
38.09,-0.10907857697279395,0.03495913909431629,
38.095,-0.5281569882383799,0.04131147800724964,
38.1,0.23193410179032964,0.04648907257254313,
38.105000000000004,0.4942780552283623,0.05034677924939888,
38.11,-0.1245967555184885,0.0527769260584848,
38.115,-0.2851618655706916,0.0537123171410178,
38.12,0.06717875346641161,0.05312808973132424,
38.125,0.6113861006092368,0.05104237225565511,
38.13,-0.07547787580670948,0.04751572622077901,
38.135,-0.2938628393724225,0.04264938896103645,
38.14,0.09445259639744075,0.036582368198364565,
38.145,0.6633559318859282,0.02948747177943947,
38.15,-0.03390254385861195,0.021566385971858157,
38.155,-0.32800057453199416,0.013043942481966726,
38.160000000000004,0.2009970150264922,0.004161737146170914,
38.165,0.7133959642907418,-0.004828718594697399,
38.17,-0.051836607676144834,-0.013673119310569075,
38.175000000000004,-0.5611096419734599,-0.022121558643601085,
38.18,0.004401235306084054,-0.029935590367014677,
38.185,0.5274052569387325,-0.03689495793954475,
38.19,-0.11142019179556709,-0.042803802638787275,
38.195,-0.44328302993318686,-0.04749617529991829,
38.2,0.10603835093862687,-0.050840696561786775,
38.205,0.4017187608009031,-0.052744234761466294,
38.21,-0.14228757740551007,-0.05315449853167742,
38.215,-0.6269693984733778,-0.05206147194998576,
38.22,0.09048023240151934,-0.04949765289045585,
38.225,0.2310018488655652,-0.04553708910788044,
38.230000000000004,-0.08553553630490382,-0.04029324058303152,
38.235,-0.48450976868711754,-0.0339157298128638,
38.24,0.06784674048762106,-0.026586073106019348,
38.245,0.5055642278899871,-0.018512514656081485,
38.25,-0.08232193661434285,-0.009924110403126579,
38.255,-0.5545298562118145,-0.0010642297501276216,
38.26,0.1368426441881534,0.00781634051910685,
38.265,0.5480833799923994,0.016466494721412855,
38.27,-0.1584120719249364,0.024641908241066338,
38.275,-0.3316991898323701,0.03211193823921177,
38.28,0.3471449432843005,0.03866613020961072,
38.285000000000004,0.5885562358584497,0.04412014683543369,
38.29,0.039290818490670454,0.04832095213028165,
38.295,-0.40264056734524184,0.05115110507964171,
38.300000000000004,0.06994093153142994,0.05253204233109809,
38.305,0.4578873731927786,0.052426258192991515,
38.31,0.04280818811760545,0.050838321475352624,
38.315,-0.36890043412382445,0.0478147016579386,
38.32,0.14366847691011658,0.04344241056391568,
38.325,0.3953570871917226,0.03784649920115515,
38.33,-0.14815649716734275,0.031186481759450838,
38.335,-0.44987103057259265,0.023651789008750326,
38.34,0.3374059943860388,0.015456380677415064,
38.345,0.33710906119415296,0.006832670030263448,
38.35,-0.16291400880971163,-0.001975066849465495,
38.355000000000004,-0.5641423402510759,-0.01071761018428258,
38.36,0.13513162797326952,-0.01914784805595967,
38.365,0.5335547286151342,-0.027027760875320012,
38.37,-0.0815492094595626,-0.034135141363695186,
38.375,-0.6860363338628813,-0.040269860329533794,
38.38,0.05051127052266773,-0.045259501566321615,
38.385,0.5718624115772781,-0.04896420722369044,
38.39,-0.14316982325287997,-0.05128059749409637,
38.395,-0.5603237992404432,-0.052144654774793624,
38.4,0.10125523803407921,-0.05153349185951375,
38.405,0.4494090099497567,-0.04946595535199965,
38.410000000000004,-0.23484984457712194,-0.04600204847800087,
38.415,-0.3569277832006318,-0.04124119086887895,
38.42,0.005736008076676256,-0.035319365754287214,
38.425000000000004,0.4007966868174331,-0.028405236404876397,
38.43,-0.08230515247420045,-0.02069534272174369,
38.435,-0.26271779650437693,-0.01240851475942318,
38.44,0.0037514722730441086,-0.003779661963760837,
38.445,0.4124295836297833,0.004946885611988066,
38.45,-0.1012692986318805,0.0135242953691906,
38.455,-0.4370875988384979,0.021710213630722498,
38.46,-0.0057773674691828335,0.029273613054491155,
38.465,0.6953811786480524,0.036001312535384015,
38.47,-0.10295215031576099,0.041703985603292026,
38.475,-0.462165961788753,0.04622148798192127,
38.480000000000004,0.17920268185092483,0.049427354403219305,
38.485,0.3898909501904761,0.051232338419536484,
38.49,-0.08516357547619818,0.05158689614765514,
38.495,-0.30054071653562475,0.05048254484299543,
38.5,0.3065149109479665,0.04795205908832773,
38.505,0.6667702420116619,0.04406850028566578,
38.51,-0.3529498688338528,0.0389431081312357,
38.515,-0.5426033632350796,0.03272211489874565,
38.52,0.09563065428517376,0.02558257374768133,
38.525,0.663521248796755,0.01772732005319196,
38.53,-0.016917632581332432,0.009379209140271402,
38.535000000000004,-0.4680493744957348,0.000774794111433003,
38.54,0.20900415587631643,-0.00784237688710536,
38.545,0.7342400076843244,-0.016228654045933835,
38.550000000000004,-0.1298876911810214,-0.02414717481673926,
38.555,-0.34925499346486866,-0.03137455361124233,
38.56,0.05196221797167755,-0.03770718334505356,
38.565,0.2695188754649812,-0.0429669710725812,
38.57,-0.10688141646547293,-0.04700634614836194,
38.575,-0.5892709885820011,-0.04971240009004497,
38.58,0.1412208781094888,-0.051010042018307306,
38.585,0.3082409047642876,-0.050864081505336556,
38.59,-0.07805740056387207,-0.04928018108341389,
38.595,-0.5459231846463962,-0.04630465268530892,
38.6,0.0887902927766763,-0.04202310500162762,
38.605000000000004,0.37701804066555245,-0.036557981221624944,
38.61,-0.29668968430822334,-0.03006505795466385,
38.615,-0.7023493968645683,-0.02272900542537414,
38.62,0.18177824929332964,-0.014758135470250455,
38.625,0.43124902662434533,-0.006378486692387983,
38.63,-0.041068616593440105,0.0021725852867967,
38.635,-0.4244931994732043,0.010653130726253342,
38.64,0.05240997432216499,0.018823451401177416,
38.645,0.5906168062226114,0.026452875295211054,
38.65,-0.07472164460292316,0.03332626888036671,
38.655,-0.3210904016573006,0.03925010313891293,
38.660000000000004,0.14292807886314146,0.0440579022942953,
38.665,0.594735061359916,0.047614921853772474,
38.67,-0.14273817579992396,0.04982192451820497,
38.675000000000004,-0.5005714152989529,0.05061794816115328,
38.68,0.2330192195826189,0.049981988689872844,
38.685,0.5465479000605128,0.04793355136291784,
38.69,-0.05713140057804622,0.044532056181413204,
38.695,-0.5046790267231394,0.03987511538560522,
38.7,0.03222007258631071,0.03409573295885511,
38.705,0.5130153455065783,0.027358506466597755,
38.71,-0.025766194827111583,0.01985493967988457,
38.715,-0.40240233673483605,0.011797999458955072,
38.72,-0.014029782837738081,0.0034160715975288768,
38.725,0.5661498597380231,-0.0050535128428471875,
38.730000000000004,-0.2970644833772148,-0.013371197217560443,
38.735,-0.5251067683176284,-0.02130197475208296,
38.74,0.1377592664845206,-0.02862202813825429,
38.745,0.5690909253576197,-0.03512504569377108,
38.75,-0.23834026953354326,-0.040628035849603186,
38.755,-0.556833374504785,-0.0449764761037492,
38.76,-0.05127843949765714,-0.048048651571458025,
38.765,0.46195792171697764,-0.04975906132918824,
38.77,-0.15265821480493877,-0.050060797236147384,
38.775,-0.5257255779357829,-0.04894682907057308,
38.78,0.12569978874327306,-0.04645016081059591,
38.785000000000004,0.5450486199715459,-0.042642854843869676,
38.79,-0.3283747702325314,-0.03763395290112957,
38.795,-0.4808781414831558,-0.03156635367168503,
38.800000000000004,-0.054492327975571395,-0.024612736493389367,
38.805,0.3701156097572238,-0.016970647384842687,
38.81,-0.11262444155627527,-0.008856887247861248,
38.815,-0.6418069716631872,-0.0005013616485589575,
38.82,0.06467178720772283,0.007859433360812818,
38.825,0.5050170598306497,0.015989104812797684,
38.83,-0.019290583164529612,0.023658046346864345,
38.835,-0.4895949850440887,0.030649922726956852,
38.84,0.07747226832126698,0.03676777222646352,
38.845,0.6602917111317054,0.04183955475267525,
38.85,-0.08160125704988805,0.04572298943651554,
38.855000000000004,-0.44105622227725905,0.04830954566953909,
38.86,0.1808859659303908,0.04952747565031325,
38.865,0.5070028701585128,0.049343803721331195,
38.87,0.09123736062714657,0.047765217363234296,
38.875,-0.330761816925408,0.044837835825952084,
38.88,0.1020541414130117,0.04064586413506976,
38.885,0.5981962501190283,0.0353091717178606,
38.89,-0.1086702690455834,0.02897986525634146,
38.895,-0.37455362854853563,0.021837953737358314,
38.9,-0.09259925912961517,0.014086229231710249,
38.905,0.48395105400071364,0.005944508977055014,
38.910000000000004,-0.08444343618062344,-0.002356597757990352,
38.915,-0.5214964226615761,-0.010582221289365139,
38.92,0.12155848900040983,-0.01849987662286501,
38.925000000000004,0.39664772174775764,-0.02588603404785564,
38.93,-0.14244180731658226,-0.032532429525728594,
38.935,-0.6721717713104525,-0.03825193673363764,
38.94,-0.042675125187343774,-0.04288383520854981,
38.945,0.4811190728109158,-0.046298326286884156,
38.95,-0.16799985352397567,-0.04840016996099945,
38.955,-0.5491034225955569,-0.04913134076399443,
38.96,-0.051274360851158746,-0.048472628638304635,
38.965,0.49312674441862975,-0.046444140651705365,
38.97,-0.08612009148205291,-0.043104690548341304,
38.975,-0.5472511122931284,-0.0385500945809832,
38.980000000000004,0.01815857706692503,-0.03291042297445298,
38.985,0.4216326354054303,-0.026346285845296642,
38.99,-0.15739345758845144,-0.019044259617996082,
38.995,-0.5925596297629699,-0.011211584166321783,
39.0,0.22329911259633511,-0.003070281387921779,
39.005,0.43599991698013996,0.005149137881668025,
39.01,-0.19005525693168307,0.01321420024919037,
39.015,-0.5233057541935643,0.020897044665532077,
39.02,-0.04085721127152335,0.02798085990224566,
39.025,0.5753320610123697,0.03426600273975953,
39.03,-0.04009361844091223,0.03957562422589669,
39.035000000000004,-0.4122758650430706,0.043760645455894864,
39.04,0.13210776300644678,0.04670394288612514,
39.045,0.460354903486598,0.048323625692071354,
39.050000000000004,-0.05354061324162952,0.04857531347778876,
39.055,-0.26723706347739096,0.04745335100555302,
39.06,0.006683232983739344,0.04499092673613108,
39.065,0.5230858929234611,0.041259092998691384,
39.07,-0.09014956703247669,0.03636471666643594,
39.075,-0.39076643871628847,0.030447419421650607,
39.08,0.054461700295286616,0.023675595198443353,
39.085,0.39558424300810474,0.016241618389345538,
39.09,-0.05422513064228706,0.00835637916086119,
39.095,-0.5395553588324421,0.00024330110180018278,
39.1,0.04579272305356068,-0.007867989100756962,
39.105000000000004,0.46437178649763144,-0.01574816060602715,
39.11,-0.21655939984956232,-0.023174662057125234,
39.115,-0.442303865035257,-0.029938006613230313,
39.12,-0.08021796697559488,-0.035847680888743065,
39.125,0.45136551635562083,-0.04073751113560953,
39.13,-0.06380166040396996,-0.04447033552781879,
39.135,-0.5570809294655715,-0.04694185118817451,
39.14,-0.011204625026948765,-0.048083528070296526,
39.145,0.38751767226356215,-0.04786450830747863,
39.15,-0.17367083937438238,-0.04629243841141301,
39.155,-0.6128368111207476,-0.04341321193198611,
39.160000000000004,0.07274018668091894,-0.039309631018407946,
39.165,0.45648284853846627,-0.03409902587927995,
39.17,-0.2032756232779389,-0.02792990056136957,
39.175000000000004,-0.603594230682922,-0.02097770092315139,
39.18,0.048941915572381124,-0.013439825395262325,
39.185,0.34295076514327205,-0.005530020400046674,
39.19,-0.1658784063326516,0.002527680451077279,
39.195,-0.4095909117412937,0.010505301535352536,
39.2,0.018285154620180245,0.018177375067229974,
39.205,0.5839750026343916,0.025327313146793713,
39.21,-0.13856029508734583,0.03175352193128517,
39.215,-0.46628912023382035,0.037275085336940954,
39.22,0.140869964804601,0.04173685803364917,
39.225,0.48812547026321823,0.045013824367524734,
39.230000000000004,-0.04862697009712798,0.04701460075457137,
39.235,-0.5497809781780916,0.047683983436745216,
39.24,0.08635902387697544,0.04700447058731041,
39.245,0.5900019211078815,0.044996716827236466,
39.25,0.01928113451264657,0.04171890844353893,
39.255,-0.3244836618378403,0.03726507812858695,
39.26,0.17544784942800218,0.03176240802261661,
39.265,0.5436848199611601,0.02536759839366583,
39.27,-0.12863920470445442,0.018262405624377354,
39.275,-0.6651300771954034,0.010648476550307344,
39.28,0.16982135074641228,0.002741625953502345,
39.285000000000004,0.4757974222120152,-0.005234280398077339,
39.29,-0.22345753696766116,-0.01305366379608041,
39.295,-0.5113350758661109,-0.02049561228745571,
39.300000000000004,0.09817179696965958,-0.027350121599674572,
39.305,0.39501811827109146,-0.03342402099205024,
39.31,-0.16346666725331513,-0.03854641682590146,
39.315,-0.6343249332024711,-0.04257350046124171,
39.32,0.016577562676683637,-0.04539258522465865,
39.325,0.4604067748083345,-0.04692525913422395,
39.33,0.10821758355041314,-0.047129565189509094,
39.335,-0.4826613510768971,-0.04600114862296212,
39.34,-0.05974734933275796,-0.043573339781531766,
39.345,0.48271692458937765,-0.039916171434259275,
39.35,-0.07069517143777472,-0.03513435943031468,
39.355000000000004,-0.4785919784927637,-0.029364304910776375,
39.36,-0.00852637986732363,-0.022770203878986428,
39.365,0.5296321206735779,-0.01553937508080208,
39.37,-0.23250752749172374,-0.007876939128212825,
39.375,-0.3530729692399427,2.9701921438449773e-15,
39.38,-0.10980871237160143,0.007868506038808556,
39.385,0.4407201813007,0.015506119830788728,
39.39,-0.04280934537423757,0.022697148475771405,
39.395,-0.47475774898903994,0.02923875644191813,
39.4,0.17350011121195397,0.0349466866342386,
39.405,0.4772583065270177,0.0396604500623659,
39.410000000000004,-0.04367481902705598,0.0432478379470134,
39.415,-0.3336168346595451,0.04560862941814802,
39.42,0.2772902741546801,0.046677390836926964,
39.425000000000004,0.4673160667523132,0.04642528856775405,
39.43,-0.03805009718042544,0.04486086500385532,
39.435,-0.3797116864093832,0.0420297570156836,
39.44,0.11618768233922273,0.038013365915329014,
39.445,0.603921463315184,0.032926517664461974,
39.45,0.039743385291478736,0.026914180561295326,
39.455,-0.40840222115275154,0.020147334218278527,
39.46,0.07546948227479505,0.01281810753757106,
39.465,0.28149909475481016,0.005134323933527096,
39.47,0.021739211681543212,-0.0026863913379205273,
39.475,-0.587895335094581,-0.010422774667948748,
39.480000000000004,0.11735727433247979,-0.017856183848653243,
39.485,0.5557560307551858,-0.024776777004368884,
39.49,-0.2002559557619842,-0.030989436087821433,
39.495,-0.4133324291858554,-0.036319267737205,
39.5,-0.09699662846728441,-0.04061652641941243,
39.505,0.44169977398809196,-0.04376082128423233,
39.51,-0.07422083660070272,-0.04566448855522517,
39.515,-0.4566385183507615,-0.046275035002478565,
39.52,0.22681696446941457,-0.045576584407442514,
39.525,0.5865077290015387,-0.043590287191978154,
39.53,0.002298614900894967,-0.04037368274114026,
39.535000000000004,-0.604581671086617,-0.03601903357156776,
39.54,0.11123082841602502,-0.030650679546155975,
39.545,0.4046027794470108,-0.024421487990663363,
39.550000000000004,-0.12622136116236377,-0.017508501048816478,
39.555,-0.498512792187406,-0.010107904200185439,
39.56,0.1082750777040359,-0.002429458925739908,
39.565,0.583177426560993,0.005309442496973756,
39.57,-0.24044329333184644,0.012889931573087219,
39.575,-0.6232017335095447,0.02009785330857968,
39.58,0.008938331235894076,0.02672981602550352,
39.585,0.5968056002436797,0.03259893037560377,
39.59,-0.04621918558294399,0.037540075624024914,
39.595,-0.3984895029168329,0.04141454481457146,
39.6,0.08212217103625437,0.044113938147906415,
39.605000000000004,0.6929160444555491,0.04556319529990921,
39.61,-0.12979373985049575,0.045722681869753215,
39.615,-0.5922980884482965,0.044589271981150036,
39.62,0.2862960374485721,0.04219639750456455,
39.625,0.40032524485060156,0.03861306361705754,
39.63,-0.05146382509673759,0.03394185964193671,
39.635,-0.5452374594075785,0.028316022486088718,
39.64,0.09643785708021899,0.021895636717872,
39.645,0.581785077601705,0.014863079648304698,
39.65,-0.1463453654196803,0.007417841008352563,
39.655,-0.4809528999553811,-0.00022913564153155083,
39.660000000000004,-0.008863429485412452,-0.007861429268940665,
39.665,0.491278810822879,-0.01526326618164404,
39.67,0.006707357077733438,-0.022225619965685218,
39.675000000000004,-0.4997114638041905,-0.028552114110421335,
39.68,0.0917894631943226,-0.034064560645124996,
39.685,0.4818645088529376,-0.038607978581734995,
39.69,-0.07665219601206835,-0.042054950833595284,
39.695,-0.5956717524113205,-0.04430919713547657,
39.7,0.0511521907968417,-0.045308262787491345,
39.705,0.2097980662981811,-0.045025248152176234,
39.71,-0.0997824768758645,-0.043469531035366334,
39.715,-0.509990251025874,-0.040686462607705635,
39.72,0.027316453775278644,-0.036756046565819316,
39.725,0.5682969555139058,-0.03179063996903058,
39.730000000000004,-0.27136913410355534,-0.02593174180688301,
39.735,-0.37034408234138594,-0.019345961074747203,
39.74,0.09060351482800857,-0.01222027923425429,
39.745,0.4741499438889726,-0.004756741762448725,
39.75,-0.1457198423068325,0.0028332705099356065,
39.755,-0.44760536053082595,0.01033502785110004,
39.76,0.10939058870384404,0.017536526338083513,
39.765,0.44553061461479215,0.024234478976453214,
39.77,-0.10620720635337784,0.03024005393055736,
39.775,-0.2258522545319561,0.03538419789685101,
39.78,0.025684039593028243,0.03952239455606944,
39.785000000000004,0.4411571239168928,0.04253872417340051,
39.79,-0.11799801755043615,0.0443491103187575,
39.795,-0.28706709118298457,0.04490366278428706,
39.800000000000004,0.041711248862549385,0.0441880514277162,
39.805,0.5774977657092673,0.04222387313914941,
39.81,-0.10922416876187177,0.039068002637337985,
39.815,-0.5530647028997324,0.03481094654212038,
39.82,0.3151515681159416,0.029574248329413667,
39.825,0.35004458169810804,0.023507018559116646,
39.83,-0.09185521977060604,0.016781689417434548,
39.835,-0.44732845423287093,0.009589114440348719,
39.84,0.0700435241138499,0.002133152669025418,
39.845,0.5623640708265306,-0.005375109085008148,
39.85,0.061175669508413605,-0.012723332120169281,
39.855000000000004,-0.5457234570872038,-0.019703930699300293,
39.86,-0.04509597825588571,-0.026119936070221506,
39.865,0.35661098052424384,-0.03179055400792149,
39.87,-0.10267563151610518,-0.03655625907736188,
39.875,-0.5079514737627843,-0.04028328208304099,
39.88,0.10783368035141487,-0.04286736448198726,
39.885,0.4074461629342563,-0.04423667439823357,
39.89,-0.050109103346754315,-0.04435380269431064,
39.895,-0.45505728869077655,-0.043216783652779034,
39.9,0.09961971095025784,-0.04085911245811738,
39.905,0.4984855329966468,-0.037348760062898466,
39.910000000000004,-0.10208340544764594,-0.03278621436903048,
39.915,-0.4985140464270877,-0.02730160415294148,
39.92,0.04981698490072324,-0.021050988037051122,
39.925000000000004,0.5402990742312166,-0.014211914328251135,
39.93,-0.15562480183075,-0.006978378045391462,
39.935,-0.5631289675019356,0.0004446816344654113,
39.94,0.11512914500702244,0.00784718744121343,
39.945,0.6491348316431271,0.015019869105424802,
39.95,-0.07151917788727039,0.021760179243043822,
39.955,-0.4840209388698044,0.02787801280109243,
39.96,0.06858786291225069,0.03320106856752494,
39.965,0.5066055008260849,0.037579701542342046,
39.97,0.09366545452799428,0.04089112952487771,
39.975,-0.4982043441098326,0.04304287567739096,
39.980000000000004,0.09772370023330781,0.04397535055378367,
39.985,0.3492251545178697,0.04366350151653201,
39.99,-0.10242074175624923,0.04211748391020052,
39.995,-0.3889232484882592,0.0393823360674522,
40.0,0.03372904726676906,0.03553666840764934,
40.005,0.3963769054839581,0.030690404752098745,
40.01,-0.17330172048444648,0.024981640736007407,
40.015,-0.38904007154747505,0.018572709089960202,
40.02,0.07648275074046665,0.01164556389190554,
40.025,0.6134736259018055,0.004396615024697252,
40.03,-0.15277895783534307,-0.0029688405221650073,
40.035000000000004,-0.3696188509335679,-0.010242432627167675,
40.04,0.14209294427070218,-0.017218612643504206,
40.045,0.590922047857844,-0.02370046189108579,
40.050000000000004,-0.16679107319196523,-0.02950524990087261,
40.055,-0.5646987811907305,-0.03446958553097264,
40.06,0.1275617380695856,-0.03845401575330216,
40.065,0.31852356372583274,-0.041346942682171324,
40.07,-0.14998307164701663,-0.04306774883111567,
40.075,-0.6106492162323391,-0.043569043088624144,
40.08,-0.13767497906445036,-0.04283796485791553,
40.085,0.2789812734778668,-0.040896510502028735,
40.09,-0.0585044430242136,-0.03780087391688778,
40.095,-0.4473034744916038,-0.03363982093766831,
40.1,0.05630544649611521,-0.028532144579313596,
40.105000000000004,0.4758411623100886,-0.02262327404959662,
40.11,-0.1443165598431912,-0.016081134319917936,
40.115,-0.437580369307012,-0.009091374124411022,
40.12,0.04672920067428654,-0.0018520979876738008,
40.125,0.6069700346409833,0.005431748242138662,
40.13,-0.055838885427794124,0.012554179241780417,
40.135,-0.7051603660197245,0.01931399520412006,
40.14,0.16120094988942518,0.025520465255099663,
40.145,0.5063976790621155,0.030998708759825168,
40.15,-0.12894887839405478,0.035594622695892315,
40.155,-0.30354299079318997,0.039179216269474175,
40.160000000000004,0.1133470376096051,0.041652230858525895,
40.165,0.48832302644335585,0.04294494370500387,
40.17,-0.20690019191089992,0.04302207696550621,
40.175000000000004,-0.4869295611861358,0.041882759108615567,
40.18,0.3433417860675859,0.03956051249777803,
40.185,0.5411811257700969,0.03612226855961094,
40.19,-0.15198240843311328,0.03166643942953486,
40.195,-0.32372159054073135,0.026320101611981086,
40.2,0.11896926230148966,0.020235372238998177,
40.205,0.24590719473291672,0.01358508125211804,
40.21,0.02926391177164882,0.006557862627710857,
40.215,-0.18947618932732352,-0.0006471959408861835,
40.22,0.1647152185993056,-0.007826193157810577,
40.225,0.38524889482304353,-0.014776184258556844,
40.230000000000004,-0.284344893748474,-0.021300917882554102,
40.235,-0.3490798858129266,-0.02721637751995988,
40.24,-0.0726493872049962,-0.032355971068189354,
40.245,0.494512003619825,-0.03657522215137284,
40.25,-0.13392187705501005,-0.03975583110075284,
40.255,-0.47487115405878777,-0.04180899145767988,
40.26,0.03544180244910942,-0.04267786903329648,
40.265,0.43271109989265827,-0.04233917433604749,
40.27,-0.15260415273718342,-0.04080378488648573,
40.275,-0.5949142023136869,-0.03811640084852232,
40.28,0.021743355494279408,-0.03435424475541383,
40.285000000000004,0.5951609873834854,-0.029624843123990937,
40.29,-0.24018142435047038,-0.02406295366771614,
40.295,-0.528084000749863,-0.017826725907447133,
40.300000000000004,0.00021648995779468064,-0.011093204558566685,
40.305,0.36535968287510845,-0.0040533035369309115,
40.31,-0.23997722606973196,0.00309360674424134,
40.315,-0.4832825742722242,0.010145345334416432,
40.32,0.29024390960714075,0.016902640081780336,
40.325,0.3620847638660355,0.023174758561250536,
40.33,-0.23950769323277066,0.02878489148520302,
40.335,-0.5389943353622175,0.0335751366569358,
40.34,0.10552720477395516,0.03741094298477462,
40.345,0.5062120274992679,0.04018488949232024,
40.35,-0.0838654335856137,0.041819693196740185,
40.355000000000004,-0.2797210270372543,0.04227036164419371,
40.36,0.2140514026801709,0.04152543016557588,
40.365,0.5827226497268524,0.03960724985838866,
40.37,-0.03808113517233179,0.03657131917642574,
40.375,-0.5153300616343064,0.032504679056897995,
40.38,0.03094357143706461,0.02752341797026206,
40.385,0.510735089069599,0.021769358393130003,
40.39,-0.30486083750939363,0.015406019271627651,
40.395,-0.5555072583730682,0.008613969410724018,
40.4,-0.052902178653343505,0.0015857038214088606,
40.405,0.6522118215521041,-0.005479811597143877,
40.410000000000004,-0.20853268863437113,-0.012382772442615635,
40.415,-0.36439315786079907,-0.0189281858250913,
40.42,0.014269623398832965,-0.024931378249374022,
40.425000000000004,0.4416712793702569,-0.03022320579149522,
40.43,-0.2138581370832459,-0.034654819582007404,
40.435,-0.4666564145351102,-0.03810185233999254,
40.44,0.15112212055770108,-0.04046790821535484,
40.445,0.4999062329709787,-0.041687258022180096,
40.45,-0.1139627394006339,-0.0417266645173664,
40.455,-0.376652415130678,-0.040586287056924665,
40.46,0.0058371807085519645,-0.0382996410458592,
40.465,0.48237462922970226,-0.034932614348294456,
40.47,-0.07557947579369706,-0.030581569485029877,
40.475,-0.3309884771597929,-0.025370586262309883,
40.480000000000004,0.21172176316064595,-0.019447923719679697,
40.485,0.3356006515886336,-0.012981802271831112,
40.49,-0.004845652255088337,-0.006155626030985093,
40.495,-0.6559912732289902,0.0008372190052068277,
40.5,0.18440747355399267,0.007798843370192439,
40.505,0.5374405060215626,0.014532453958004078,
40.51,0.02534640112808119,0.02084791680920714,
40.515,-0.3476080205142253,0.0265671256151034,
40.52,0.026382731063669965,0.031529024364706365,
40.525,0.4714129086720926,0.03559414250142648,
40.53,-0.17624054099301537,0.03864851489208101,
40.535000000000004,-0.5667099275365042,0.040606876442087665,
40.54,0.10466077046174908,0.04141504181813245,
40.545,0.6450112070560727,0.04105140387562457,
40.550000000000004,-0.009050472776374004,0.03952750937731732,
40.555,-0.3984074151857867,0.036887696722188675,
40.56,0.2564888296646856,0.033207806940162975,
40.565,0.46325210060433375,0.028593005398133933,
40.57,-0.21986391238101036,0.023174776765121426,
40.575,-0.5346054881239037,0.017107179091908276,
40.58,0.1654673847515994,0.010562463714698433,
40.585,0.23696199319566258,0.0037261855075213565,
40.59,-0.23111047884706018,-0.003208057716895345,
40.595,-0.3702710237283119,-0.010044107522875476,
40.6,-0.005561413734842851,-0.01658879364179563,
40.605000000000004,0.43572014187926955,-0.022657392281909546,
40.61,-0.1783214608979885,-0.02807883973176071,
40.615,-0.693745956389834,-0.03270055411590417,
40.62,0.050599174786121866,-0.03639272939956,
40.625,0.3300756797082025,-0.03905198080702439,
40.63,-0.21996571714727278,-0.04060423928677401,
40.635,-0.4579623261911525,-0.04100681399885042,
40.64,0.09350882062198207,-0.04024956541032664,
40.645,0.3158133034277407,-0.03835515679281477,
40.65,-0.13743932046449558,-0.035378378007358054,
40.655,-0.5941282401260732,-0.03140456169815963,
40.660000000000004,0.14291816245030925,-0.026547137655463335,
40.665,0.45515374419896254,-0.02094439542517791,
40.67,-0.14418140064159657,-0.014755547552599627,
40.675000000000004,-0.6335808305870765,-0.00815620552120927,
40.68,0.10914500276067306,-0.001333396931132729,
40.685,0.4599103488490333,0.0055197347060548605,
40.69,0.011737728449211489,0.012209397359116898,
40.695,-0.406534958732918,0.01854663029395299,
40.7,0.1334927828151974,0.024352641369524954,
40.705,0.6798171443027351,0.029463851064515014,
40.71,-0.14749378942045746,0.033736500940712594,
40.715,-0.4331213034177602,0.037050696717703044,
40.72,0.29899290274713114,0.039313772259613876,
40.725,0.6076860207738101,0.04046288009720351,
40.730000000000004,-0.07443392475713434,0.0404667360792592,
40.735,-0.50791416798881,0.03932646974111683,
40.74,0.2751446913811506,0.037075557314658975,
40.745,0.49838049139621415,0.03377884026599263,
40.75,-0.24089217212547992,0.02953065809884796,
40.755,-0.4203899224579848,0.02445214917347538,
40.76,0.052872284038434206,0.0186877967554146,
40.765,0.4374330937716744,0.012401318764931786,
40.77,-0.07384578534036729,0.0057710181472312785,
40.775,-0.5371232645178258,-0.0010152740932022326,
40.78,0.04854839388541733,-0.007765519776498763,
40.785000000000004,0.5428610364984621,-0.014288907625493006,
40.79,-0.04778289913671494,-0.020401246776598027,
40.795,-0.5526156540295895,-0.02593016727529427,
40.800000000000004,0.08033624697748892,-0.03071998073012739,
40.805,0.3302953214130222,-0.03463606406666379,
40.81,-0.19178030152565909,-0.03756864295429183,
40.815,-0.532847901369209,-0.039435868585812626,
40.82,0.18010180166144024,-0.040186101583941765,
40.825,0.4288018263771436,-0.03979933931918053,
40.83,0.06729366318386457,-0.038287747211183894,
40.835,-0.5423116679197948,-0.03569527996157822,
40.84,0.15971737501758443,-0.032096404412167344,
40.845,0.4946477785634311,-0.027593961109636102,
40.85,-0.07360858741619801,-0.022316225969405107,
40.855000000000004,-0.46996051139308626,-0.01641325598071863,
40.86,0.019451928713072823,-0.010052623046513158,
40.865,0.573619863701037,-0.0034146572384585075,
40.87,0.0006016767260412048,0.003312665513023529,
40.875,-0.30632499645980293,0.00993904636775253,
40.88,0.1615500238271301,0.01627724643843068,
40.885,0.4732451099086971,0.02214837731144277,
40.89,-0.06737557019022952,0.0273869497455711,
40.895,-0.5136852425467678,0.03184553806740113,
40.9,0.26462348498960414,0.03539892880202282,
40.905,0.6206777621790511,0.037947636802321494,
40.910000000000004,-0.07334389934217972,0.039420690149249794,
40.915,-0.3219354502357505,0.0397776058768603,
40.92,0.023641605030872502,0.03900950153809083,
40.925000000000004,0.5174914208650948,0.03713931211953241,
40.93,0.005860860491991818,0.03422110714114021,
40.935,-0.40751777737580874,0.030338528223059998,
40.94,0.060985315266751536,0.02560239224718471,
40.945,0.6609321517974485,0.02014752878332902,
40.95,0.016840052611751453,0.014128942025651032,
40.955,-0.2720568739624905,0.0077174064852194085,
40.96,-0.029869389012297215,0.0010946215759794207,
40.965,0.6109706176421456,-0.005551937432415637,
40.97,-0.3095446176994023,-0.012034326186208399,
40.975,-0.4351449627907942,-0.018169445533009178,
40.980000000000004,-0.03860777848775959,-0.023784213061020257,
40.985,0.4673184165787776,-0.028720445830748287,
40.99,-0.20015589269857448,-0.03283931656150016,
40.995,-0.4797457219368142,-0.03602525774391094,
41.0,0.05808676575731167,-0.038189203895104024,
41.005,0.48277073047742913,-0.039271081004342616,
41.01,-0.23949395659913394,-0.03924147360038618,
41.015,-0.5097652468680623,-0.03810242319819963,
41.02,0.11167924962399266,-0.0358873364916021,
41.025,0.48383533365768916,-0.0326600068522658,
41.03,-0.09022625335018847,-0.028512777761238922,
41.035000000000004,-0.4783001235283649,-0.0235639010286538,
41.04,0.155115310469024,-0.017954165365777937,
41.045,0.40413971028699436,-0.011842891421292322,
41.050000000000004,-0.11233466207213612,-0.005403407201646321,
41.055,-0.36168443934412353,0.001181867636956777,
41.06,0.11987466003322503,0.007726589218277011,
41.065,0.6225392326416995,0.014045762224579284,
41.07,0.02196501413710511,0.019960968831715345,
41.075,-0.189159249565164,0.025305406009238248,
41.08,0.29452223782659004,0.02992858897292512,
41.085,0.6312453156737227,0.033700588169737276,
41.09,-0.07442073060553,0.036515680507883556,
41.095,-0.4999941694903538,0.038295312235064084,
41.1,0.1790330193477515,0.038990290441097884,
41.105000000000004,0.4049065086272488,0.0385821420604817,
41.11,-0.001291023933361328,0.037083602854212604,
41.115,-0.5543167226480454,0.03453822348911374,
41.12,0.2540770847345364,0.031019104809473647,
41.125,0.599810730153819,0.026626799003129684,
41.13,-0.1772049760157693,0.02148643690736435,
41.135,-0.5445568664496134,0.015744163513993534,
41.14,0.17532126288793165,0.009562983203544421,
41.145,0.4384834220558569,0.003118132817415892,
41.15,0.020252616065342656,-0.0034078861021390374,
41.155,-0.40136848497244226,-0.009830475079907227,
41.160000000000004,-0.045440435778553126,-0.01596816015718991,
41.165,0.5112189027455883,-0.021647719337719813,
41.17,-0.21996164681320307,-0.026709071162614274,
41.175000000000004,-0.40701211565166595,-0.031009786457827006,
41.18,0.12160083767038635,-0.03442909610140629,
41.185,0.4341477248778176,-0.03687128204495696,
41.19,-0.1633020977438568,-0.038268356383264604,
41.195,-0.47318724300518333,-0.03858195349876546,
41.2,0.17410327908908732,-0.03780438263756483,
41.205,0.41075943754538785,-0.03595881206829712,
41.21,-0.14389757154645194,-0.03309858055928165,
41.215,-0.4175483809746239,-0.029305656587653717,
41.22,-0.010525331931703606,-0.024688289768299804,
41.225,0.4655386258703038,-0.01937792178072864,
41.230000000000004,-0.24260968590726972,-0.013525444935487133,
41.235,-0.3015675968436312,-0.007296914870158708,
41.24,-0.01320237988341562,-0.0008688391832551729,
41.245,0.42457638317623786,0.005576824328494273,
41.25,0.015545185381045892,0.011857818098612721,
41.255,-0.47551461749570256,0.017796738104519174,
41.26,0.08535209258197285,0.02322604436282544,
41.265,0.6572980613186679,0.027992787098593604,
41.27,-0.06954089399873001,0.031962915273164264,
41.275,-0.5250597427152218,0.03502504610839124,
41.28,0.04502498962697386,0.037093589615744396,
41.285000000000004,0.6134610263536482,0.03811114049012726,
41.29,-0.10042533193277861,0.03805007053739127,
41.295,-0.43467879447368796,0.03691327748042888,
41.300000000000004,0.05410359260348365,0.03473406988866617,
41.305,0.593317484898546,0.03157519242229944,
41.31,0.004875323268590498,0.02752701988410547,
41.315,-0.43386172676650403,0.0227049720413145,
41.32,0.2135608437395149,0.017246223154749885,
41.325,0.3861749197579644,0.011305800013280576,
41.33,-0.0727600387654103,0.005052179458550288,
41.335,-0.2921772752145536,-0.0013374895846234463,
41.34,0.11300730884731869,-0.007682404075822461,
41.345,0.33476114758489306,-0.01380322269024725,
41.35,-0.08937380669863523,-0.019527134766413518,
41.355000000000004,-0.4345720454425851,-0.024692739105976517,
41.36,0.05806987880668325,-0.029154594893092245,
41.365,0.5587911122950134,-0.03278731642058438,
41.37,-0.10376806855681434,-0.03548909634738403,
41.375,-0.5171470257862313,-0.037184558494516635,
41.38,-0.11489842241122138,-0.03782686025021033,
41.385,0.4037248866383891,-0.0373989859577501,
41.39,-0.04879556514969168,-0.03591419559671515,
41.395,-0.5156778643725263,-0.03341561698969805,
41.4,-0.05829888685230572,-0.029974993994601323,
41.405,0.5392355881774514,-0.025690626992063544,
41.410000000000004,-0.09670451360028656,-0.020684564774615263,
41.415,-0.37867727899943554,-0.015099128045066627,
41.42,0.022749661186105552,-0.009092863542077266,
41.425000000000004,0.394867789939395,-0.0028360438014886917,
41.43,-0.03677774759129049,0.0034941597171333516,
41.435,-0.3314754586028675,0.009718693312629928,
41.44,0.26405427206418763,0.0156616854892523,
41.445,0.4603625283283492,0.021155415928882107,
41.45,-0.17869913475813606,0.02604504860346304,
41.455,-0.5121904641038248,0.03019299546402462,
41.46,0.23483117616449323,0.033482787732580135,
41.465,0.6710981605143126,0.03582234587828855,
41.47,0.0011793303579643519,0.03714655647907087,
41.475,-0.5411581371721305,0.03741908386598599,
41.480000000000004,-0.07837182776092932,0.03663336616128333,
41.485,0.6224750281770948,0.034812768435641954,
41.49,0.0007639657721199081,0.03200988957062075,
41.495,-0.4373542187310182,0.0283050433436027,
41.5,0.23197570303830575,0.023803957577451323,
41.505,0.5555111516029204,0.018634757257436282,
41.51,-0.07916288443711952,0.012944317690601108,
41.515,-0.28130306028413754,0.006894091500350258,
41.52,0.1826291346926412,0.0006555280123529788,
41.525,0.5222600492573677,-0.0055947850166403156,
41.53,-0.02157790021731982,-0.011680119666467502,
41.535000000000004,-0.46194537778347966,-0.017428604648584537,
41.54,0.01689471163742568,-0.02267807935510311,
41.545,0.5634831347363162,-0.027280668077603057,
41.550000000000004,-0.16081468864755943,-0.031106945372565045,
41.555,-0.5264297161794669,-0.034049575250090273,
41.56,0.08567966745891002,-0.036026321866818395,
41.565,0.4117490179068889,-0.036982347284838596,
41.57,-0.12027680944959003,-0.03689173210725137,
41.575,-0.271957147349713,-0.03575817684243503,
41.58,0.22445528482990781,-0.03361486505850422,
41.585,0.5246145136400198,-0.030523493108758088,
41.59,-0.06856081919772244,-0.026572494767544808,
41.595,-0.4901310344898405,-0.021874511847464834,
41.6,0.11463194869142924,-0.01656318313184425,
41.605000000000004,0.4946434539989201,-0.010789343151143056,
41.61,-0.0686038712172766,-0.004716738917926984,
41.615,-0.6983304485391286,0.001482613753846582,
41.62,0.26610696105645176,0.007633302661414102,
41.625,0.43473426400520104,0.013561482350603655,
41.63,-0.08268869125794708,0.01909978755556759,
41.635,-0.4045453795841582,0.024092058076797224,
41.64,0.1311548868273495,0.028397741715261344,
41.645,0.5337693212310461,0.03189585112834388,
41.65,-0.143007455693917,0.03448836322030494,
41.655,-0.6568287336409854,0.03610296556248561,
41.660000000000004,0.25869144641588193,0.03669507290398589,
41.665,0.5432167839712663,0.0362490575542269,
41.67,-0.04868675994080623,0.03477865970619869,
41.675000000000004,-0.49164765917190995,0.03232656699193231,
41.68,0.2764542507493894,0.02896317606175332,
41.685,0.5058407495691777,0.02478457209174536,
41.69,-0.06347910309646544,0.01990978419651751,
41.695,-0.4501023546235599,0.014477395133455119,
41.7,-0.012485496574485687,0.008641601855966526,
41.705,0.3680165813627,0.0025678388938140174,
41.71,-0.04769975139814202,-0.003571911222603932,
41.715,-0.42148715726973646,-0.009603987564232036,
41.72,0.04284213579944044,-0.015357962556815243,
41.725,0.4074756384973593,-0.020671456969247267,
41.730000000000004,-0.23716758361338944,-0.0253947221071907,
41.735,-0.6713690768679961,-0.02939485991279396,
41.74,0.10609945880982138,-0.03255956204916809,
41.745,0.3192686875830508,-0.034800262777831235,
41.75,-0.012506628557328467,-0.03605461712590466,
41.755,-0.6500788055452177,-0.03628823501219769,
41.76,-0.019567204025743176,-0.03549562311341625,
41.765,0.4042279874557779,-0.03370030870383572,
41.77,-0.1600118997186295,-0.03095414285808179,
41.775,-0.4905585745031905,-0.02733580361149049,
41.78,0.06636862589806836,-0.02294854226980115,
41.785000000000004,0.5313881130768858,-0.017917237411552777,
41.79,-0.2458565543832323,-0.012384840629752732,
41.795,-0.4693609051959145,-0.006508315165545013,
41.800000000000004,0.1225742315169792,-0.0004541828137829182,
41.805,0.42105280342117324,0.005606194569882161,
41.81,-0.22316043361436394,0.011501465264698751,
41.815,-0.41164975827162775,0.01706513230953112,
41.82,0.04552290409311032,0.022140255590237988,
41.825,0.49926528377005175,0.026583878601983326,
41.83,-0.09034831843956077,0.030271055028430527,
41.835,-0.3801656924281903,0.033098361729707114,
41.84,0.3212454074810345,0.03498679937567721,
41.845,0.5655374323896089,0.035883999381943706,
41.85,-0.05073267634331513,0.03576567550750297,
41.855000000000004,-0.32559958266763783,0.03463627989601932,
41.86,0.23251625146511257,0.032528845879447835,
41.865,0.43211811803793626,0.029504022874688663,
41.87,-0.09770840966380778,0.025648331540357616,
41.875,-0.5074342514254675,0.02107168937560444,
41.88,0.0231183526181645,0.015904277515286114,
41.885,0.42172809742781514,0.010292838025038994,
41.89,-0.022454977986873445,0.004396507003937747,
41.895,-0.7292885228881678,-0.001617698187913537,
41.9,-0.01934580870645902,-0.0075796096098611045,
41.905,0.5634904921707717,-0.013320723340557505,
41.910000000000004,-0.16247630561041793,-0.018678961781951872,
41.915,-0.5784694542590391,-0.023503249079305743,
41.92,0.008452079598303967,-0.027657770499696557,
41.925000000000004,0.43255041437501807,-0.031025795687541147,
41.93,-0.12508719149395545,-0.03351295817749753,
41.935,-0.5575751720730178,-0.03504989903550268,
41.94,0.03239448712980004,-0.03559420057735351,
41.945,0.6447458269216908,-0.0351315562667545,
41.95,-0.11444018414224072,-0.03367614454908558,
41.955,-0.5966583079730373,-0.031270196919569775,
41.96,0.01892442818940927,-0.027982773316595596,
41.965,0.37611156744942226,-0.023907780328162355,
41.97,-0.006874432474212572,-0.019161289068657328,
41.975,-0.5105543446664722,-0.013878229321701003,
41.980000000000004,0.07618708572358407,-0.008208554096386426,
41.985,0.6157061708073284,-0.0023129836142046097,
41.99,-0.20882238265788627,0.0036415504837635348,
41.995,-0.5230140412122034,0.009486631575926082,
42.0,0.08392327284332239,0.015057121328525106,
42.005,0.6780932986334632,0.020195825080344794,
42.01,-0.2425212155848882,0.02475792754602428,
42.015,-0.5224157554947402,0.02861507367724546,
42.02,0.21338210169924002,0.03165897969032686,
42.025,0.5247347297340951,0.033804472677978974,
42.03,-0.0362921129889004,0.03499187348933771,
42.035000000000004,-0.5153827358574868,0.03518865622342978,
42.04,0.008712780487443679,0.03439033820638265,
42.045,0.41965782307394056,0.03262057612960716,
42.050000000000004,-0.026817167273589286,0.02993046649707319,
42.055,-0.5237950317826553,0.026397071028474602,
42.06,0.2895791729756738,0.022121209555467446,
42.065,0.51564830518931,0.017224583612064952,
42.07,-0.28661205222608205,0.011846312774583308,
42.075,-0.47745996283508985,0.006138982320491765,
42.08,0.23572580011819125,0.00026431448436532826,
42.085,0.43887257721489026,-0.005611413891229852,
42.09,-0.2266332319853012,-0.011322077475836233,
42.095,-0.4645954135891107,-0.01670639915071289,
42.1,0.21799573960515353,-0.021612504507823926,
42.105000000000004,0.2737438129018385,-0.025902205533759045,
42.11,0.052782814274898844,-0.029454892661245992,
42.115,-0.505079712964921,-0.0321709255754239,
42.12,-0.06320420452522066,-0.03397442745347807,
42.125,0.6682887846138963,-0.03481540428725305,
42.13,0.0037836427307940262,-0.03467113010575863,
42.135,-0.48411575150242003,-0.033546759734674594,
42.14,0.20450334737986375,-0.031475152611559545,
42.145,0.6114023195575788,-0.02851591349954102,
42.15,-0.33397503176846294,-0.02475367807652322,
42.155,-0.1940727362390319,-0.020295692696106784,
42.160000000000004,0.05625368576993988,-0.015268757518748961,
42.165,0.6468806661915748,-0.009815620135294642,
42.17,0.0037662860984506424,-0.0040909222464577556,
42.175000000000004,-0.555601990591643,0.0017431855137180902,
42.18,-0.13761016367297482,0.007521636265651727,
42.185,0.29973422353635887,0.013081117007174998,
42.19,-0.10953805674046488,0.018264684048100558,
42.195,-0.2348284370653119,0.02292619332392511,
42.2,0.22199612521872947,0.026934420531912737,
42.205,0.38780657764012727,0.03017675493965623,
42.21,0.04935119325818365,0.03256236289636678,
42.215,-0.5336489934054972,0.03402473218394763,
42.22,0.04251424809747977,0.03452352594767875,
42.225,0.4871622249097784,0.03404569454433763,
42.230000000000004,-0.12880816958292662,0.03260581468316029,
42.235,-0.7619103955702113,0.03024564711525839,
42.24,0.037093639573311056,0.027032926230729927,
42.245,0.5416377210190788,0.023059416624551455,
42.25,-0.05337672197666399,0.018438292378906082,
42.255,-0.3865181801357145,0.013300913897944872,
42.26,0.11315088129233036,0.007793094081842052,
42.265,0.43869261337800297,0.002070959965009012,
42.27,0.001509852860015854,-0.003703472735210047,
42.275,-0.48905154128975276,-0.0093668867246442,
42.28,0.14156441416419763,-0.014759282024937368,
42.285000000000004,0.4457417927913334,-0.01972849602751805,
42.29,-0.06487090508010981,-0.02413449702140163,
42.295,-0.5887814089623625,-0.02785333005099247,
42.300000000000004,-0.0016160874361736723,-0.03078060392237127,
42.305,0.32792315386261317,-0.0328344212713246,
42.31,-0.1940138007340328,-0.03395766945979786,
42.315,-0.5854079217291949,-0.034119608228727075,
42.32,0.16001958477342945,-0.033316709988265754,
42.325,0.38768066904827525,-0.03157272980471771,
42.33,-0.048523974612565364,-0.02893800394756591,
42.335,-0.519844010412299,-0.02548799767214992,
42.34,0.05280511109403438,-0.021321144117440738,
42.345,0.49842325509274504,-0.01655603619492636,
42.35,-0.02337409196393428,-0.011328051569830314,
42.355000000000004,-0.4913804798555455,-0.005785506776771165,
42.36,0.2585743288810496,-8.544971950032182e-05,
42.365,0.4752253533177968,0.005610790090895303,
42.37,0.12471856471540006,0.011142167485983344,
42.375,-0.5087538893010664,0.01635247455780319,
42.38,-0.0929192041565505,0.02109475183376161,
42.385,0.4064282406286118,0.025235433146269172,
42.39,-0.05103406488671179,0.028658107300158827,
42.395,-0.5185021285383247,0.03126679060308166,
42.4,-0.041681478657802765,0.03298861826949419,
42.405,0.6116849793310443,0.03377587923953961,
42.410000000000004,-0.09333633315660758,0.03360733760038365,
42.415,-0.6081247277107784,0.03248880402977996,
42.42,0.14501395161584832,0.03045294192566486,
42.425000000000004,0.4287931071824833,0.02755831454029682,
42.43,-0.020555997272773224,0.023887700889607757,
42.435,-0.514074784819945,0.01954572885202173,
42.44,-0.03384872795761814,0.014655893123394971,
42.445,0.33846375609381674,0.009357043012332634,
42.45,-0.017492361187971463,0.0037994399568943766,
42.455,-0.41424851490603576,-0.0018595033006914804,
42.46,0.1467080098780021,-0.007459681066396104,
42.465,0.4314119630996875,-0.01284282430645408,
42.47,0.015459361396096088,-0.017856973375219774,
42.475,-0.4630547190523245,-0.02236076746346889,
42.480000000000004,0.1491667271899542,-0.026227429691738243,
42.485,0.2526126229880881,-0.029348335511177073,
42.49,-0.2563752693785777,-0.031636063978236935,
42.495,-0.38494514015331005,-0.03302684620027406,
42.5,-0.04859346769687534,-0.03348234238681146,
42.505,0.44768769840347244,-0.03299069799856514,
42.51,-0.07681732142712804,-0.03156684992269649,
42.515,-0.6027679488623114,-0.029252074838595855,
42.52,0.18968731621307272,-0.02611279337276251,
42.525,0.593059183890639,-0.022238664667489454,
42.53,-0.17908492799430364,-0.017740026012470083,
42.535000000000004,-0.3973472630163587,-0.012744750645641909,
42.54,0.10675288364374776,-0.007394613199682139,
42.545,0.6079343529331468,-0.0018412660930383934,
42.550000000000004,-0.06242065645150083,0.003758058948827415,
42.555,-0.5127730000990689,0.009245002410162744,
42.56,0.03660298206666959,0.014464555513968736,
42.565,0.6809230281639721,0.019269439112226287,
42.57,-0.06029500873910211,0.023524259241914636,
42.575,-0.46546282254127713,0.027109322100984934,
42.58,0.21745603667067825,0.02992400095639507,
42.585,0.5380960108779317,0.03188956028204045,
42.59,-0.056945502488783814,0.032951357873891085,
42.595,-0.4567419478387905,0.03308036336313999,
42.6,0.05462827590212942,0.03227395094286485,
42.605000000000004,0.5006715596748809,0.030555944690286566,
42.61,-0.17221200408450307,0.027975916021754695,
42.615,-0.5648677861403655,0.024607753962546927,
42.62,0.0481053355732249,0.020547549450848385,
42.625,0.4177955189279448,0.015910854244198257,
42.63,0.16545835303831333,0.010829392612617469,
42.635,-0.5512339592280718,0.005447319388073037,
42.64,0.22497337117038646,-8.286933647689388e-05,
42.645,0.5436084637329415,-0.005604656860938934,
42.65,-0.054741412258233146,-0.010961935473595346,
42.655,-0.43095126015994967,-0.016003419630651262,
42.660000000000004,0.22506360631234476,-0.020586917963917806,
42.665,0.6756608059379451,-0.02458334348870128,
42.67,-0.19843097148441105,-0.02788034891795258,
42.675000000000004,-0.3952453630207433,-0.03038548471201928,
42.68,0.042640738644608614,-0.03202879109939295,
42.685,0.379419626670732,-0.0327647514042368,
42.69,-0.04446440838799788,-0.032573552154104665,
42.695,-0.6064276466164213,-0.03146161510036396,
42.7,-0.020248627048582175,-0.029461386907312887,
42.705,0.48687976391461474,-0.026630393269591615,
42.71,0.034221855617196414,-0.023049585006877135,
42.715,-0.4859357279773007,-0.018821023672803274,
42.72,0.12406651856879898,-0.014064972836639914,
42.725,0.5484868041688307,-0.008916477927424183,
42.730000000000004,-0.07440636275350782,-0.003521531899283111,
42.735,-0.5061111443821372,0.0019670644199699973,
42.74,0.10879071021189572,0.007394029921850922,
42.745,0.3661067115469203,0.012605996191499255,
42.75,-0.19244721777691357,0.01745584158925368,
42.755,-0.5075944509370925,0.0218068439661521,
42.76,-0.02207976038377042,0.025536534802577466,
42.765,0.4048453711284957,0.028540146129118073,
42.77,0.015357798946417586,0.030733553221188144,
42.775,-0.4626294745533325,0.032055630421361225,
42.78,0.1187873925435246,0.03246995412662571,
42.785000000000004,0.4704574731287501,0.031965805507664695,
42.79,-0.08804685516745492,0.03055844537809544,
42.795,-0.34346773144174764,0.02828865424028423,
42.800000000000004,0.13773654766857635,0.025221551317768317,
42.805,0.4924172866152075,0.021444726754412613,
42.81,-0.057266354814765746,0.017065740541740208,
42.815,-0.5241776361663497,0.012209059581855445,
42.82,0.07556910563321957,0.00701252010041827,
42.825,0.486025997508003,0.0016234159486206868,
42.83,-0.09240043736264703,-0.0038056762002036584,
42.835,-0.4514311864904431,-0.009121216436495825,
42.84,0.32203916367932794,-0.014173043696231178,
42.845,0.3893934165705785,-0.01881861755039467,
42.85,-0.26962000541487147,-0.02292703988382365,
42.855000000000004,-0.5533677900424462,-0.02638274299986812,
42.86,-0.058653993420907435,-0.02908874024304023,
42.865,0.28481527971317033,-0.030969347714590117,
42.87,-0.19914065380346468,-0.031972300710036865,
42.875,-0.4841929371403467,-0.03207020570472388,
42.88,0.23436319395295813,-0.03126128756418566,
42.885,0.4983147842336807,-0.029569411626697878,
42.89,-0.23537228821676787,-0.027043380829160336,
42.895,-0.3837772084237373,-0.023755528544072837,
42.9,0.05807600288688713,-0.019799647685065543,
42.905,0.4806152195145312,-0.015288315359570868,
42.910000000000004,-0.00038418150549156954,-0.010349689372091943,
42.915,-0.6652804520013837,-0.005123867729953466,
42.92,0.1078509758314633,0.00024108544118943214,
42.925000000000004,0.5576337098661992,0.0055933348466821525,
42.93,0.03468351880363884,0.01078157099087116,
42.935,-0.45737535224764037,0.015659287563706818,
42.94,0.10105471040001057,0.02008891833269619,
42.945,0.5436902115047929,0.023945716732247144,
42.95,-0.18446295324405085,0.02712126874495165,
42.955,-0.5745121930058285,0.029526540157768996,
42.96,0.14859766583589232,0.031094372548945176,
42.965,0.4907676574310342,0.031781358041782844,
42.97,-0.20915456316966552,0.03156904050223158,
42.975,-0.3840242409969276,0.030464409958157537,
42.980000000000004,0.35368994065228065,0.028499677037441863,
42.985,0.5506698555426547,0.025731334592550167,
42.99,-0.18044119959282393,0.02223853382479039,
42.995,-0.38539062597198526,0.018120821572656785,
43.0,0.04473908571825713,0.013495303439170768,
43.005,0.40695536337526,0.008493313595594581,
43.01,0.06199917766830108,0.0032566859576567764,
43.015,-0.4853264507311168,-0.002066267403021007,
43.02,0.03622420257540623,-0.007324956588310454,
43.025,0.5204961193780658,-0.01237077399189608,
43.03,-0.14598761312211672,-0.017061293694406263,
43.035000000000004,-0.7251112725478985,-0.021264291472546396,
43.04,0.09286806047137267,-0.024861471961648396,
43.045,0.3996330871292718,-0.02775179791510945,
43.050000000000004,-0.0938415546733187,-0.029854327869558602,
43.055,-0.5243525687868076,-0.03111048252637994,
43.06,0.18555641797347164,-0.03148567639963431,
43.065,0.5082849525714721,-0.030970269295882605,
43.07,-0.13002269523496857,-0.02957981147182294,
43.075,-0.4885969250388823,-0.02735457631418034,
43.08,0.07596687514704759,-0.02435839453694762,
43.085,0.531229322950158,-0.020676823623962136,
43.09,0.004002097660126179,-0.01641470500235364,
43.095,-0.48335048317820317,-0.011693178685409025,
43.1,0.11630488867247273,-0.006646240385804184,
43.105000000000004,0.3737285300295186,-0.0014169389426019919,
43.11,-0.11738252770652836,0.0038466780329006614,
43.115,-0.5899847901963523,0.008995755387009677,
43.12,0.1597178712058011,0.013884839880261835,
43.125,0.5338522147971939,0.018375988836986278,
43.13,0.10247929299625352,0.02234266193461426,
43.135,-0.3352988005360008,0.025673286338680747,
43.14,0.09227397392226624,0.028274394745387173,
43.145,0.3231046475654911,0.030073248079116863,
43.15,0.027280689623335574,0.031019869259891017,
43.155,-0.4041287212660575,0.031088431187137045,
43.160000000000004,0.03319958918577051,0.03027796040704522,
43.165,0.47941765028154104,0.028612337320803247,
43.17,0.04818675801391255,0.02613959370086973,
43.175000000000004,-0.5019933323856602,0.02293052814896028,
43.18,0.35671598377285113,0.01907667939041618,
43.185,0.6214067240529668,0.014687715411792103,
43.19,-0.15112611805019752,0.009888312900649666,
43.195,-0.7030766052883217,0.004814615775195699,
43.2,0.1928386707701748,-0.00038962660552720684,
43.205,0.4494861452068698,-0.005577132014548325,
43.21,-0.08486204598675308,-0.01060125333758956,
43.215,-0.6350526301468826,-0.015320124015136327,
43.22,0.17634039583514893,-0.019600663766925708,
43.225,0.3305854237580553,-0.02332233149863022,
43.230000000000004,0.058884130234093834,-0.02638051956280843,
43.235,-0.5066485935477325,-0.028689493802711713,
43.24,0.04984310858080543,-0.030184796754437637,
43.245,0.408786370595806,-0.03082504665209765,
43.25,-0.19337918594300182,-0.03059308203711136,
43.255,-0.3274114256756653,-0.029496420329645934,
43.26,0.10733541118030585,-0.02756701815143637,
43.265,0.4450431169016319,-0.02486034094414089,
43.27,-0.19209584027904786,-0.021453768947524723,
43.275,-0.7463522266818431,-0.01744438533491371,
43.28,0.00545740706998251,-0.012946209721400988,
43.285000000000004,0.4914835455532327,-0.008086955871762818,
43.29,-0.10632634106094661,-0.003004405800502649,
43.295,-0.5136808578126818,0.002157496799122069,
43.300000000000004,0.10817026326936913,0.007252723037860478,
43.305,0.5027105367306932,0.012137289784132236,
43.31,-0.16944012724102347,0.01667332823420364,
43.315,-0.500450066297258,0.02073297513693246,
43.32,0.21407707657460368,0.024201976851849393,
43.325,0.5605247089402873,0.026982904658914442,
43.33,-0.1421825239506792,0.02899789084134559,
43.335,-0.4774758809973564,0.030190808711571638,
43.34,0.05803252817953901,0.03052883555618446,
43.345,0.4196169376399546,0.030003354989786436,
43.35,0.0464627881829068,0.028630173932255233,
43.355000000000004,-0.5601377270774646,0.02644904882893792,
43.36,0.05480608657101756,0.02352253526897513,
43.365,0.4268311509900609,0.019934194270869635,
43.37,-0.03024790322836256,0.015786206656893873,
43.375,-0.5925664895459091,0.011196463616235781,
43.38,-0.06194526364250972,0.006295216291829437,
43.385,0.5372346182489882,0.0012213796020654113,
43.39,-0.09904370986323412,-0.003881404820075792,
43.395,-0.5341573704859189,-0.0088688349930814,
43.4,0.2246363165076307,-0.013600029147685239,
43.405,0.5833212671454068,-0.017941505097204217,
43.410000000000004,-0.17128012433556553,-0.021770946020183538,
43.415,-0.5763062018255933,-0.024980646420744892,
43.42,0.20220831056440575,-0.02748054119113158,
43.425000000000004,0.4907714465733822,-0.029200732594703502,
43.43,-0.3421281700824408,-0.030093444276937904,
43.435,-0.5477217072185133,-0.03013434768936182,
43.44,0.17139840481965163,-0.029323224115395688,
43.445,0.36843239024360913,-0.027683944312080756,
43.45,0.034059841932209095,-0.025263767094519843,
43.455,-0.5200693245335736,-0.022131977443874726,
43.46,0.18189796168933772,-0.018377903370773628,
43.465,0.525646948478944,-0.014108368287285098,
43.47,-0.15846701701630297,-0.009444651537852922,
43.475,-0.45323442090523725,-0.00451904356551511,
43.480000000000004,0.13128208152634022,0.0005289064446145504,
43.485,0.5710379045474621,0.005556344015819353,
43.49,0.022157581791020554,0.010421151927155332,
43.495,-0.4224629173803517,0.014985967464721382,
43.5,0.13148014523240592,0.019122060825354614,
43.505,0.45640415899578113,0.022712965171554432,
43.51,-0.22770794935532604,0.025657755978979818,
43.515,-0.4605758319539917,0.02787388734579795,
43.52,0.3041236704391694,0.02929950556108348,
43.525,0.7456014942649806,0.029895175096612898,
43.53,0.10108794876081367,0.029644968870320962,
43.535000000000004,-0.4937413664022525,0.02855689265669626,
43.54,0.11264920163651773,0.026662632378211933,
43.545,0.48997211564373583,0.024016632168453022,
43.550000000000004,-0.20084826884813894,0.020694530010012153,
43.555,-0.39227651066353364,0.016790995883924242,
43.56,0.14417988495289993,0.01241703421070956,
43.565,0.29258537226726444,0.007696827441188498,
43.57,-0.06419408598243066,0.0027642105433586138,
43.575,-0.35321778066788545,-0.0022411235311337696,
43.58,0.13143659568871513,-0.007177579822200216,
43.585,0.563992787768354,-0.011905666753126784,
43.59,-0.20808753782808842,-0.01629193764033588,
43.595,-0.3411190254644757,-0.02021275695353489,
43.6,0.018022639246412,-0.02355778503608145,
43.605000000000004,0.4127854672309616,-0.026233083072406058,
43.61,-0.07351319020356266,-0.028163750934616334,
43.615,-0.5243200036315229,-0.029296023843224925,
43.62,0.06300334310869997,-0.02959876915967033,
43.625,0.48147227126250125,-0.02906434165303641,
43.63,-0.08300737375233319,-0.0277087737670292,
43.635,-0.6538051807819218,-0.025571296240748904,
43.64,0.06737788914510709,-0.02271320337471243,
43.645,0.5050503856314675,-0.019216095746755476,
43.65,-0.04431207369966128,-0.015179550747511122,
43.655,-0.7065713834573408,-0.010718287426941163,
43.660000000000004,0.04609321520362858,-0.005958906367498278,
43.665,0.36839632000953454,-0.0010362972255691066,
43.67,-0.07413494709553681,0.003910184122995959,
43.675000000000004,-0.3863773350345799,0.00874066049605064,
43.68,0.28074115480268114,0.013318688708238583,
43.685,0.6759370559825403,0.017515113424517968,
43.69,-0.045592205031547664,0.02121171071618118,
43.695,-0.6937577896940517,0.02430451853740288,
43.7,0.11194798210364611,0.026706760304939427,
43.705,0.4931537773564286,0.02835127937169416,
43.71,-0.013294297918722588,0.02919241610359858,
43.715,-0.4431678320244969,0.029207275103992847,
43.72,0.07540404015904253,0.02839634742986652,
43.725,0.4103772417693394,0.026783470919284347,
43.730000000000004,-0.1444074460564374,0.024415130481596322,
43.735,-0.44446007383381964,0.02135911886109789,
43.74,0.04089796709600038,0.017702596443534734,
43.745,0.41329684384300314,0.013549605623207315,
43.75,0.0347032107590309,0.009018110608214816,
43.755,-0.53162291507126,0.004236646880691547,
43.76,0.16590313266320236,-0.0006593245279319538,
43.765,0.5157005320441975,-0.00553125454585643,
43.77,0.005666315988327826,-0.010241426644754208,
43.775,-0.5735436989496858,-0.014656849560694999,
43.78,0.0026323089782732227,-0.01865301212423443,
43.785000000000004,0.539588119330828,-0.022117394191750378,
43.79,-0.2479130739006162,-0.02495263468283498,
43.795,-0.6496845477647718,-0.027079267532388415,
43.800000000000004,0.106756692587537,-0.0284379486806407,
43.805,0.5475485536207926,-0.028991111699201644,
43.81,-0.16825752293583515,-0.02872400587406265,
43.815,-0.587020405674352,-0.02764508807725964,
43.82,0.33168302218655954,-0.0257857580608306,
43.825,0.38019180333332636,-0.02319944538152019,
43.83,-0.17266639745851092,-0.019960074486917903,
43.835,-0.5752770646064423,-0.01615995204565569,
43.84,-0.08668979052052023,-0.01190713689058081,
43.845,0.409725777637081,-0.007322367505125656,
43.85,-0.30958426482844376,-0.0025356344100280503,
43.855000000000004,-0.31415066696265415,0.002317505248958762,
43.86,0.1909529893500135,0.007099766430767227,
43.865,0.3887763663168047,0.011676019544718572,
43.87,-0.07292995776759256,0.015917108569470012,
43.875,-0.3701319246061158,0.01970349606804798,
43.88,0.09455693963258732,0.022928632234580748,
43.885,0.40449119893650803,0.025501953024844322,
43.89,-0.19083494922676258,0.027351423014000564,
43.895,-0.45154134621878333,0.028425551590102356,
43.9,0.18451931482682568,0.028694826061127,
43.905,0.5656459642892905,0.028152521801039145,
43.910000000000004,-0.07018973388284167,0.02681486721740516,
43.915,-0.5477205002179889,0.024720559588704737,
43.92,0.07123474890012706,0.021929646176606327,
43.925000000000004,0.42353452015606974,0.018521802948210302,
43.93,0.0924651634451266,0.01459406023878829,
43.935,-0.519994670937382,0.010258040267766999,
43.94,0.0007799539836812943,0.005636785150400078,
43.945,0.4732645408994096,0.0008612655385407365,
43.95,-0.1182115834803283,-0.003933331045933002,
43.955,-0.5391380149735031,-0.008611427002255572,
43.96,0.07661858453548201,-0.013040888244835864,
43.965,0.6472935796026109,-0.01709675620584008,
43.97,-0.22565418082022487,-0.020664772844093616,
43.975,-0.5382214149816146,-0.023644599226520555,
43.980000000000004,0.15495115043914198,-0.025952637021976907,
43.985,0.4374796766082555,-0.027524373574215052,
43.99,-0.12830348927854449,-0.0283161847781134,
43.995,-0.5346663311231863,-0.02830654538546759,
44.0,-0.07962451094362469,-0.027496613176014435,
44.005,0.5566981252897044,-0.02591017116903445,
44.01,-0.14787545148039416,-0.023592930218477706,
44.015,-0.604582583759315,-0.0206112124157533,
44.02,-0.020337510170290465,-0.01705005320822485,
44.025,0.45041172772970284,-0.013010776534081787,
44.03,-0.2296952904631679,-0.008608112113671062,
44.035000000000004,-0.36680563834088875,-0.0039669369057424835,
44.04,0.2064701105264142,0.0007812667279363519,
44.045,0.3736141983183861,0.005502135698565719,
44.050000000000004,-0.08873027931845054,0.010062228197498663,
44.055,-0.5922292650759194,0.014332795455554543,
44.06,0.23534077533585246,0.018193416649311702,
44.065,0.6012278706829376,0.021535394336144858,
44.07,-0.17911667580915155,0.02426481468409658,
44.075,-0.4922493632615489,0.026305186345194066,
44.08,0.28102666800620324,0.02759958382940055,
44.085,0.546511614251693,0.0281122353273024,
44.09,-0.15257524514112272,0.027829510703129046,
44.095,-0.44457633261865703,0.026760282387593034,
44.1,0.3554234053913806,0.024935649660068896,
44.105000000000004,0.3996793905092444,0.02240803481904212,
44.11,-0.11375828367620301,0.01924967748886612,
44.115,-0.4395218949550668,0.015550570298313061,
44.12,-0.054780606455287484,0.011415894912746902,
44.125,0.49967614619537093,0.006963031462791769,
44.13,-0.332172305308419,0.002318226393343743,
44.135,-0.4450988410743761,-0.002386986680225996,
44.14,-0.0008144139771596578,-0.007019511642805647,
44.145,0.4371774674565484,-0.011448454609134668,
44.15,-0.06827406210951484,-0.015548822228317239,
44.155,-0.42258425984716347,-0.01920504907493125,
44.160000000000004,0.12743010713426128,-0.02231425458604509,
44.165,0.5068020104672813,-0.02478913776036287,
44.17,0.042662154538252284,-0.026560428178350498,
44.175000000000004,-0.5182784875272681,-0.02757882453650523,
44.18,0.25913092201237997,-0.02781636645450898,
44.185,0.5697010852672257,-0.027267201396896895,
44.19,-0.27844357356599403,-0.025947725695008667,
44.195,-0.5296009373092103,-0.02389609637421098,
44.2,0.09456271936382561,-0.02117112828420564,
44.205,0.551376181297029,-0.017850608393440364,
44.21,-0.01661433066277157,-0.014029075551893977,
44.215,-0.5088376441543415,-0.009815129085883112,
44.22,0.08196482451954905,-0.005328342839720518,
44.225,0.48233574340916896,-0.0006958723494191494,
44.230000000000004,-0.17240359521550155,0.00395114858707559,
44.235,-0.419171916228407,0.008481319831019667,
44.24,0.08149556133551802,0.012766690248632341,
44.245,0.4513840505930208,0.016686371434171187,
44.25,0.0075851500755651155,0.02012994775245256,
44.255,-0.45868612531479397,0.023000586514363184,
44.26,0.38735266138993646,0.025217760683523507,
44.265,0.6379986766711183,0.02671950756394811,
44.27,-0.15162491989429933,0.02746416012241365,
44.275,-0.5189383074910204,0.027431502579539593,
44.28,0.3122251663116347,0.026623318234580126,
44.285000000000004,0.3695386095095221,0.025063314707761526,
44.29,-0.1987641224656548,0.022796429402574595,
44.295,-0.4545857754611292,0.01988753551028851,
44.300000000000004,0.2205877696476328,0.016419585804953868,
44.305,0.5265108378861586,0.012491247331139904,
44.31,-0.1833399206682622,0.008214094421862307,
44.315,-0.586364036102027,0.0037094398969972,
44.32,0.033159841264831104,-0.0008951055665903159,
44.325,0.64906154388143,-0.0054692483156894975,
44.33,-0.0317369613467697,-0.009883698456474401,
44.335,-0.46142978709007454,-0.014013824131151601,
44.34,0.07175833609961867,-0.017743170054558725,
44.345,0.4276063473842461,-0.020966740981858214,
44.35,-0.09550296995930481,-0.023593957534498278,
44.355000000000004,-0.2909944936959703,-0.025551201177291035,
44.36,0.0747331684219798,-0.0267838768476628,
44.365,0.5172749516312785,-0.02725793545445826,
44.37,-0.1483859081750129,-0.026960813798759843,
44.375,-0.534345783288345,-0.025901765987342163,
44.38,-0.012714345192327638,-0.024111577642323977,
44.385,0.5255171570624461,-0.021641671670342786,
44.39,-0.080518520922816,-0.018562631547240038,
44.395,-0.48768294754383573,-0.014962184514100177,
44.4,0.3404275489259711,-0.010942702303274213,
44.405,0.37271087308966244,-0.006618290590231101,
44.410000000000004,-0.2657786109898906,-0.0021115499160476374,
44.415,-0.42640742947808086,0.0024498999777837465,
44.42,0.05390907262325562,0.00693703387328416,
44.425000000000004,0.680025676872599,0.011223070535425601,
44.43,-0.048710156874327316,0.015187054687014569,
44.435,-0.4291018243498783,0.01871727030094119,
44.44,0.26744607934226255,0.021714388893131334,
44.445,0.4373290064193757,0.02409426409845351,
44.45,-0.0007455367849190098,0.025790293910535902,
44.455,-0.401588250223702,0.02675528427711031,
44.46,0.06067510229004967,0.02696276191388572,
44.465,0.4280489641646623,0.0264076998299224,
44.47,-0.14517883577209167,0.025106635702306326,
44.475,-0.4609975489781705,0.023097180425715114,
44.480000000000004,0.12964761931867494,0.020436931407047984,
44.485,0.439001980838021,0.017201821988649373,
44.49,-0.24245319505807786,0.013483954291162687,
44.495,-0.7098025657584381,0.00938897732004738,
44.5,0.14084603752058822,0.00503308496765768,
44.505,0.5788889236430192,0.0005397192071757034,
44.51,-0.14508281186028704,-0.003963927985082777,
44.515,-0.3666217834482062,-0.0083505148553533,
44.52,0.07380300650828107,-0.012496150344242356,
44.525,0.6675439281055973,-0.01628389300896462,
44.53,-0.1351588616629707,-0.01960704958386695,
44.535000000000004,-0.4766669712539992,-0.022372180141601403,
44.54,-0.04469388252712289,-0.024501725215567382,
44.545,0.45143771267297433,-0.025936181026225687,
44.550000000000004,-0.04966512108816001,-0.026635761812135846,
44.555,-0.490906963641087,-0.026581502835252797,
44.56,-0.04915875250491354,-0.025775773495096594,
44.565,0.2961216071838289,-0.024242186698300208,
44.57,-0.16752280436864894,-0.0220249077149064,
44.575,-0.40277750876777735,-0.019187382727515176,
44.58,-0.02053819242948241,-0.015810523663870417,
44.585,0.5165324540788877,-0.011990401235355889,
44.59,0.0022941449031030417,-0.007835511950917716,
44.595,-0.4737441531405857,-0.003463696847674952,
44.6,0.060157139426117105,0.001001200559440425,
44.605000000000004,0.42920712388846716,0.005432842330688309,
44.61,-0.06071059310385973,0.009705970790656873,
44.615,-0.35304843172582634,0.01369994871304241,
44.62,0.07004683798716813,0.01730216494810751,
44.625,0.6799362375619981,0.020411209355471777,
44.63,0.11321913289927664,0.022939727533358822,
44.635,-0.43821857956161103,0.024816874988128984,
44.64,0.14458914814339272,0.02599030180173886,
44.645,0.6077966737855703,0.026427612205442697,
44.65,-0.0048855084808048475,0.02611725837560926,
44.655,-0.41452677429391216,0.025068843808756198,
44.660000000000004,0.11572509533390633,0.02331282835312472,
44.665,0.6181366141278355,0.020899643899789808,
44.67,-0.07345417500764748,0.017898246388642947,
44.675000000000004,-0.4764534212263952,0.014394145693171585,
44.68,0.04773743689695072,0.010486969663712464,
44.685,0.4698173244890391,0.0062876317170559755,
44.69,0.03535694288869418,0.0019151824924093178,
44.695,-0.45536842209057316,-0.0025065650635012347,
44.7,0.14912055865609014,-0.006852541512368207,
44.705,0.46210717021808945,-0.010999958376914937,
44.71,-0.15467503892239634,-0.014831777181274867,
44.715,-0.5492165193569688,-0.01824001207529353,
44.72,0.28168026474420593,-0.021128772853003658,
44.725,0.3985650452976355,-0.02341696261831644,
44.730000000000004,-0.16016264317913972,-0.025040554210345203,
44.735,-0.38679427800977795,-0.025954381494670234,
44.74,0.07135719184391075,-0.0261333954137353,
44.745,0.4876544914048303,-0.02557334987797698,
44.75,-0.02904794406367202,-0.024290898738097134,
44.755,-0.5089842645491658,-0.02232310175004975,
44.76,0.1532837203836652,-0.019726354156129576,
44.765,0.5447711195132857,-0.016574770785326192,
44.77,-0.07166353331834219,-0.01295807096415972,
44.775,-0.3298728402972785,-0.00897902459134779,
44.78,0.2363842999640262,-0.004750532069778329,
44.785000000000004,0.49673494248625455,-0.00039242106070200793,
44.79,-0.08558114776803362,0.003971949060992504,
44.795,-0.2889311898136608,0.008219178835374652,
44.800000000000004,0.15520266396107157,0.012229317605114776,
44.805,0.4772442143879546,0.015889251024543097,
44.81,-0.03723783203915407,0.019095891528237856,
44.815,-0.3580288575711994,0.021759081774120437,
44.82,0.187307835887155,0.02380412929119287,
44.825,0.33626228938245656,0.02517390107940709,
44.83,0.03629005739759636,0.02583041942988007,
44.835,-0.3978584136811478,0.02575591440057469,
44.84,-0.055892092001513,0.024953303794054502,
44.845,0.4591501278839794,0.02344608770235952,
44.85,-0.11157096781851411,0.02127766125025707,
44.855000000000004,-0.3027024055006607,0.018510065613339507,
44.86,0.195038505792133,0.015222213246622138,
44.865,0.3443991966784001,0.011507638085093107,
44.87,-0.03326473721013182,0.0074718348516478565,
44.875,-0.5106866933922416,0.003229263153697238,
44.88,0.11649175976562975,-0.0010998985567007924,
44.885,0.4808097006660066,-0.005393157106951765,
44.89,-0.06390186622896611,-0.009529170392605358,
44.895,-0.4100525989352878,-0.013391176774415443,
44.9,0.19694244364295654,-0.016870291165705157,
44.905,0.5365548156618782,-0.01986857476823623,
44.910000000000004,-0.33926059061615094,-0.022301791917828565,
44.915,-0.6132908821134886,-0.02410177644343159,
44.92,0.19478258325613376,-0.025218341069528194,
44.925000000000004,0.4265886560843759,-0.02562067638508039,
44.93,-0.09251007544898313,-0.025298200393029394,
44.935,-0.5116436717122137,-0.02426083523126324,
44.94,0.09025124289339256,-0.022538703877463533,
44.945,0.3885794330169133,-0.020181256056906936,
44.95,-0.04099544987793213,-0.017255848700172105,
44.955,-0.3897432727597519,-0.013845821690865187,
44.96,0.058046093522674605,-0.010048123867948972,
44.965,0.544700777247365,-0.005970556901711285,
44.97,-0.14299901112720229,-0.0017287153910999387,
44.975,-0.4261347250125135,0.00255728996814319,
44.980000000000004,0.011401365042179104,0.006766233258315088,
44.985,0.5693558128193488,0.010779201967647027,
44.99,0.02002644775723341,0.014482956403375276,
44.995,-0.5096195370393658,0.01777312498690821,
45.0,-0.05923459678151238,0.02055714527348526,
45.005,0.6377915601695775,,
45.01,-0.15566727196770824,,
45.015,-0.6388913199902104,,
45.02,0.16319439507720707,,
45.025,0.63630883887394,,
45.03,-0.052056367799023874,,
45.035000000000004,-0.40951413255758207,,
45.04,0.10281795085039035,,
45.045,0.554588062204278,,
45.050000000000004,-0.0772589885436605,,
45.055,-0.5311891667301133,,
45.06,0.011226153884617923,,
45.065,0.5154261482627327,,
45.07,-0.07264410937326929,,
45.075,-0.4820778134988843,,
45.08,-0.049331855781002965,,
45.085,0.528699822790089,,
45.09,-0.2237817432639247,,
45.095,-0.5051246959015834,,
45.1,0.0378564991766929,,
45.105000000000004,0.541379276783982,,
45.11,-0.1903672183375024,,
45.115,-0.5691004390219638,,
45.12,0.14800262424845703,,
45.125,0.34121061022458343,,
45.13,-0.06306673933099462,,
45.135,-0.33046273711631247,,
45.14,0.18028946901112453,,
45.145,0.47420049397780323,,
45.15,-0.17498972068608326,,
45.155,-0.5228707844813206,,
45.160000000000004,0.09430271466174786,,
45.165,0.5498970569706173,,
45.17,-0.013975993261195807,,
45.175000000000004,-0.3879941068722058,,
45.18,0.21096468173062866,,
45.185,0.4633560800943222,,
45.19,-0.12951029061178093,,
45.195,-0.3961454236712832,,
45.2,0.31339248063252517,,
45.205,0.46356359461606034,,
45.21,-0.10514251837542782,,
45.215,-0.4522758354461386,,
45.22,0.2027770929798962,,
45.225,0.5713825687269202,,
45.230000000000004,-0.12547495842788198,,
45.235,-0.55769052518086,,
45.24,0.18916660729614754,,
45.245,0.6339572038269994,,
45.25,-0.04963595520091327,,
45.255,-0.4603883604678957,,
45.26,0.03367679081685607,,
45.265,0.59550170087423,,
45.27,0.007407205077467935,,
45.275,-0.5956334008433526,,
45.28,0.02050971860755138,,
45.285000000000004,0.5106981186603996,,
45.29,-0.1502587110878095,,
45.295,-0.4165763756160364,,
45.300000000000004,0.1803776934520712,,
45.305,0.514284986241993,,
45.31,-0.19236158661430225,,
45.315,-0.48207046575532886,,
45.32,0.1376090812198358,,
45.325,0.39370022529729864,,
45.33,-0.12333734301676684,,
45.335,-0.400632153326234,,
45.34,0.12639970381024374,,
45.345,0.35619142543632476,,
45.35,-0.08988097967795224,,
45.355000000000004,-0.5168357894631763,,
45.36,0.01949306206646409,,
45.365,0.5911363684615176,,
45.37,-0.20807397579246073,,
45.375,-0.5161964181806967,,
45.38,0.20977021437652582,,
45.385,0.6752033793122822,,
45.39,-0.13316877683787012,,
45.395,-0.5669445641608915,,
45.4,0.26292964989563605,,
45.405,0.5419669881448451,,
45.410000000000004,-0.11817966715837522,,
45.415,-0.5125237263203666,,
45.42,0.01771242084079383,,
45.425000000000004,0.4450549097754452,,
45.43,-0.09661060975002296,,
45.435,-0.45132524568974974,,
45.44,-0.002377467722889534,,
45.445,0.5495225386394493,,
45.45,-0.2720513652869263,,
45.455,-0.3219519040389817,,
45.46,0.2943150861334548,,
45.465,0.6344491865645303,,
45.47,-0.11011949119755338,,
45.475,-0.5489238059537342,,
45.480000000000004,0.10230325402470364,,
45.485,0.5655775499436598,,
45.49,-0.0624407619148036,,
45.495,-0.5438834843117664,,
45.5,0.13288776026205001,,
45.505,0.442611407450242,,
45.51,-0.3577151829668596,,
45.515,-0.5050886744029283,,
45.52,0.04845748700324619,,
45.525,0.48052850792846574,,
45.53,0.02282120198566652,,
45.535000000000004,-0.5327967099042512,,
45.54,-0.02706514590448085,,
45.545,0.4537226453761623,,
45.550000000000004,-0.11569812628764042,,
45.555,-0.5117980586494331,,
45.56,0.03935725029784974,,
45.565,0.41091887422709694,,
45.57,-0.0869189344904958,,
45.575,-0.49904434472273596,,
45.58,-0.0053783529599074065,,
45.585,0.4518985718351768,,
45.59,-0.07418251053527108,,
45.595,-0.6616386338268613,,
45.6,0.16779076910126467,,
45.605000000000004,0.4708526739031759,,
45.61,-0.29826105995345986,,
45.615,-0.4471033129915573,,
45.62,0.10411362473522842,,
45.625,0.5279096284342695,,
45.63,-0.08346890813479967,,
45.635,-0.4155831288175245,,
45.64,0.02187134018439235,,
45.645,0.5013619294290389,,
45.65,-0.044393939008869704,,
45.655,-0.5262488439844624,,
45.660000000000004,0.08976774771940979,,
45.665,0.6752361780102957,,
45.67,-0.08437002244496963,,
45.675000000000004,-0.4419833388623997,,
45.68,0.11935226270278937,,
45.685,0.5265954335265053,,
45.69,-0.10309673198296024,,
45.695,-0.5188916125505915,,
45.7,-0.03178932216672914,,
45.705,0.49990521847105,,
45.71,-0.35267902854439104,,
45.715,-0.5672799845725969,,
45.72,-0.04423842353183913,,
45.725,0.41751290458670076,,
45.730000000000004,-0.10389826084285504,,
45.735,-0.5017249823713776,,
45.74,0.16225470149317653,,
45.745,0.49163572075320366,,
45.75,-0.09052156378289428,,
45.755,-0.3273837028319405,,
45.76,0.08363052747515631,,
45.765,0.3891237595337526,,
45.77,0.01586946226835083,,
45.775,-0.4535519161517707,,
45.78,0.005372918643398464,,
45.785000000000004,0.2071214286393392,,
45.79,-0.12999360465341436,,
45.795,-0.4928321249428962,,
45.800000000000004,0.06401118354695456,,
45.805,0.4954409740057951,,
45.81,-0.21933209403543463,,
45.815,-0.4173175610573333,,
45.82,0.045831984621502855,,
45.825,0.5420835744263464,,
45.83,-0.26983571003724577,,
45.835,-0.5646960573870415,,
45.84,0.10974759906085667,,
45.845,0.4752699064719401,,
45.85,-0.07126252482379794,,
45.855000000000004,-0.5445091215190324,,
45.86,0.019325589175720956,,
45.865,0.4129769705767436,,
45.87,-0.04645450609694876,,
45.875,-0.4855040706043351,,
45.88,0.12825035025896764,,
45.885,0.5498921536497035,,
45.89,-0.04275875971955986,,
45.895,-0.3446070336673204,,
45.9,0.10101093587536321,,
45.905,0.6843416128129891,,
45.910000000000004,-0.18913564894061863,,
45.915,-0.4196091486485247,,
45.92,0.0253478378341674,,
45.925000000000004,0.49505182177574514,,
45.93,-0.1685200559165084,,
45.935,-0.502004912170723,,
45.94,0.10591830150551787,,
45.945,0.5265774788169865,,
45.95,-0.19743454383314799,,
45.955,-0.7030360019317663,,
45.96,0.24769398712253465,,
45.965,0.45332352571149426,,
45.97,-0.11847103863386618,,
45.975,-0.5139697235166124,,
45.980000000000004,0.06708332416127294,,
45.985,0.5361041481119426,,
45.99,-0.13966892335660525,,
45.995,-0.3510734356393709,,
46.0,-0.07547173340463442,,
46.005,0.4964068208811338,,
46.01,-0.0782608737116276,,
46.015,-0.55600684024415,,
46.02,0.1357160360004155,,
46.025,0.6377720613338098,,
46.03,-0.052381466053162566,,
46.035000000000004,-0.39602199016887246,,
46.04,0.09758382070663131,,
46.045,0.5414191035482103,,
46.050000000000004,-0.2119964807146064,,
46.055,-0.2936314441493072,,
46.06,0.07366091095091032,,
46.065,0.2850205953486215,,
46.07,-0.0811799731818574,,
46.075,-0.4362009733762097,,
46.08,0.30015724741137634,,
46.085,0.518460827967996,,
46.09,-0.14105105350043953,,
46.095,-0.5976706389982073,,
46.1,0.23350529386515245,,
46.105000000000004,0.3371465178386248,,
46.11,-0.053902455014764164,,
46.115,-0.4698927250061633,,
46.12,0.20134672506753593,,
46.125,0.5485117183152014,,
46.13,-0.08449824045323366,,
46.135,-0.7190886603817027,,
46.14,0.023668011754396423,,
46.145,0.34969475703146957,,
46.15,-0.0650437243662925,,
46.155,-0.3844482562996373,,
46.160000000000004,0.13108675850579912,,
46.165,0.41225675910071014,,
46.17,0.03858678327795445,,
46.175000000000004,-0.6001703504916642,,
46.18,0.17688457768006274,,
46.185,0.509824803307856,,
46.19,0.06453260507955486,,
46.195,-0.6874017908316734,,
46.2,0.12379750100177841,,
46.205,0.4267993947627129,,
46.21,-0.15400459215095244,,
46.215,-0.5536055649594274,,
46.22,0.08493005791285782,,
46.225,0.4478009819249362,,
46.230000000000004,-0.09650301489694131,,
46.235,-0.5313764653172346,,
46.24,0.028949856954242542,,
46.245,0.44399576331732515,,
46.25,-0.2773552765052011,,
46.255,-0.5747320772404558,,
46.26,0.15453416122069977,,
46.265,0.5573268772958287,,
46.27,-0.01737922375650809,,
46.275,-0.6695682069117105,,
46.28,-0.05345409130855046,,
46.285000000000004,0.5646889763522351,,
46.29,-0.16280431019456698,,
46.295,-0.46748609559541165,,
46.300000000000004,0.18748037582893298,,
46.305,0.5257378992216272,,
46.31,-0.09169765257821975,,
46.315,-0.6329232666553727,,
46.32,0.15251401948974713,,
46.325,0.4243950084287893,,
46.33,0.01309216662331368,,
46.335,-0.42763360374310744,,
46.34,-0.013335399520532004,,
46.345,0.4647330957315404,,
46.35,-0.14587608727735618,,
46.355000000000004,-0.4007492169186344,,
46.36,0.10680848729280089,,
46.365,0.6081720896820875,,
46.37,-0.28131833648101,,
46.375,-0.42444789832199986,,
46.38,0.24091785580197317,,
46.385,0.46241231147647816,,
46.39,0.05588270450428302,,
46.395,-0.5273759838115905,,
46.4,-0.1660324328277848,,
46.405,0.4839878908657054,,
46.410000000000004,-0.05522860509242458,,
46.415,-0.5804504278625787,,
46.42,0.24999619273575396,,
46.425000000000004,0.33855288410785545,,
46.43,-0.07209377341994834,,
46.435,-0.5059088228756431,,
46.44,0.15168044530674563,,
46.445,0.500199096870636,,
46.45,0.001276573854436941,,
46.455,-0.468222151004275,,
46.46,0.09702674645573232,,
46.465,0.5399288848146697,,
46.47,-0.24106692662389237,,
46.475,-0.3945295901670241,,
46.480000000000004,0.16663905552038044,,
46.485,0.7111402615066109,,
46.49,-0.21730054467961163,,
46.495,-0.44513668647468974,,
46.5,0.18214560775464322,,
46.505,0.495188654909547,,
46.51,-0.19810828103588807,,
46.515,-0.5076554483086863,,
46.52,0.33570606079038284,,
46.525,0.6765509870857764,,
46.53,-0.06834245159473656,,
46.535000000000004,-0.5605093080887764,,
46.54,-0.11406758796089699,,
46.545,0.3996265772743507,,
46.550000000000004,-0.21465485095307307,,
46.555,-0.4747256778335654,,
46.56,0.19670689940456268,,
46.565,0.43496789987231727,,
46.57,0.0064342864495784136,,
46.575,-0.4856964044979967,,
46.58,0.09703644070113739,,
46.585,0.4330327442747182,,
46.59,-0.21969635496456708,,
46.595,-0.4735268323668856,,
46.6,0.001607332756634966,,
46.605000000000004,0.5442534571632189,,
46.61,-0.11595523936859606,,
46.615,-0.5703583061739725,,
46.62,0.12107246402305617,,
46.625,0.5191965151686694,,
46.63,-0.030740199689780007,,
46.635,-0.3104472880563346,,
46.64,0.18185520090770516,,
46.645,0.49228935045957584,,
46.65,-0.13755356720160078,,
46.655,-0.44491963510680776,,
46.660000000000004,0.16508667138794797,,
46.665,0.5284881013217357,,
46.67,-0.03651181854176193,,
46.675000000000004,-0.36135485123799904,,
46.68,0.09877515576335419,,
46.685,0.4926434533555136,,
46.69,-0.006862902945947963,,
46.695,-0.5766477270410693,,
46.7,0.16303405298897333,,
46.705,0.4498892167615865,,
46.71,-0.04921226643965908,,
46.715,-0.4048220044926824,,
46.72,0.3362395167229766,,
46.725,0.6007860447356858,,
46.730000000000004,-0.05288376834657327,,
46.735,-0.41566747571392915,,
46.74,0.1930314171066484,,
46.745,0.46975726124369177,,
46.75,-0.23712308528304915,,
46.755,-0.47740348638280167,,
46.76,0.12960050440318396,,
46.765,0.6025626108732751,,
46.77,-0.08007277342211745,,
46.775,-0.5139257108465125,,
46.78,0.09163752975771594,,
46.785000000000004,0.33192549925270065,,
46.79,-0.13324946650044314,,
46.795,-0.6027156657315209,,
46.800000000000004,0.0044686737818645655,,
46.805,0.4865621459826508,,
46.81,-0.18040792726068422,,
46.815,-0.5606562237266131,,
46.82,-0.08824096228298516,,
46.825,0.3134434078522754,,
46.83,-0.030456946741071564,,
46.835,-0.42812277375875524,,
46.84,0.09632912484761341,,
46.845,0.48748883995494513,,
46.85,-0.0021770373320707526,,
46.855000000000004,-0.6096699692278038,,
46.86,0.05973091617737919,,
46.865,0.45867703885767175,,
46.87,-0.18248759674454362,,
46.875,-0.33335286848795165,,
46.88,0.19086290000230596,,
46.885,0.5183620783707973,,
46.89,-0.04470237998022508,,
46.895,-0.4290448548632906,,
46.9,0.17836807984151148,,
46.905,0.44185544857571923,,
46.910000000000004,0.03305474664466282,,
46.915,-0.28337662700710803,,
46.92,0.18267021943048695,,
46.925000000000004,0.41249594821796187,,
46.93,-0.10674772524107709,,
46.935,-0.6161125517928765,,
46.94,0.22534933638329963,,
46.945,0.5025929880131428,,
46.95,-0.19593706656697282,,
46.955,-0.6493675248089783,,
46.96,-0.10802038586916189,,
46.965,0.5236410868139553,,
46.97,-0.19189954148437827,,
46.975,-0.5440249087238407,,
46.980000000000004,0.24086857164366646,,
46.985,0.34790971691170286,,
46.99,-0.04941370766533766,,
46.995,-0.3943082014234483,,
47.0,0.1277416881687798,,
47.005,0.5665816603214221,,
47.01,-0.11985531359932099,,
47.015,-0.5079370013061845,,
47.02,0.19268307018371675,,
47.025,0.507011892631528,,
47.03,-0.17577451857987259,,
47.035000000000004,-0.3936917704543541,,
47.04,-0.0013571466392062054,,
47.045,0.5961202822490358,,
47.050000000000004,0.09714210276079929,,
47.055,-0.5062749083491425,,
47.06,-0.01966457735973881,,
47.065,0.5107591410432442,,
47.07,-0.21868931592547325,,
47.075,-0.5260735744562554,,
47.08,-0.0007680022652429841,,
47.085,0.4964488146938204,,
47.09,-0.12289305007918662,,
47.095,-0.4882793493735484,,
47.1,0.18760311106601746,,
47.105000000000004,0.2440544831023245,,
47.11,-0.11392002431419179,,
47.115,-0.4787169761276225,,
47.12,0.187375846107667,,
47.125,0.3671325600538548,,
47.13,-0.12310340415361631,,
47.135,-0.44231691955615543,,
47.14,0.18634573997060727,,
47.145,0.4828021208050853,,
47.15,-0.09224432100537555,,
47.155,-0.41470788086029886,,
47.160000000000004,0.10247435247447238,,
47.165,0.37210095597572634,,
47.17,-0.1844118900503457,,
47.175000000000004,-0.4842762500129865,,
47.18,0.11860045072699127,,
47.185,0.3533105951115316,,
47.19,-0.18309291324973836,,
47.195,-0.377532215108177,,
47.2,0.19272183781475316,,
47.205,0.5044937092819546,,
47.21,-0.20785279595180559,,
47.215,-0.6410633499893156,,
47.22,0.1245635478559147,,
47.225,0.5637843820521988,,
47.230000000000004,-0.1521718739207781,,
47.235,-0.4496737714724162,,
47.24,0.2942319314526912,,
47.245,0.37068602172225334,,
47.25,0.12780593418726743,,
47.255,-0.5949415124834619,,
47.26,0.24589460888557424,,
47.265,0.4116008300681824,,
47.27,-0.07959788194508591,,
47.275,-0.3918342773199609,,
47.28,0.09034722582748175,,
47.285000000000004,0.3631794697523476,,
47.29,-0.05298868888744248,,
47.295,-0.3787359713182398,,
47.300000000000004,0.15143528168560824,,
47.305,0.550857583714665,,
47.31,0.08508455960836686,,
47.315,-0.48396788291338066,,
47.32,0.07339704938928422,,
47.325,0.6936684966939171,,
47.33,-0.030275625080105714,,
47.335,-0.4726525835012358,,
47.34,0.23310028240748382,,
47.345,0.34851520274858694,,
47.35,-0.08250647686875508,,
47.355000000000004,-0.3872545588381992,,
47.36,0.08916032194820875,,
47.365,0.43640131204916244,,
47.37,0.010739074385196085,,
47.375,-0.3274765709520745,,
47.38,0.06390319798698199,,
47.385,0.5502626748338351,,
47.39,-0.2327449516025501,,
47.395,-0.6835629734237788,,
47.4,0.16738542454744523,,
47.405,0.48528093914046794,,
47.410000000000004,-0.1591480793056846,,
47.415,-0.5081638549793542,,
47.42,0.08215987068715239,,
47.425000000000004,0.5445327238891287,,
47.43,-0.09641519483371326,,
47.435,-0.2658406923994847,,
47.44,0.2829082346057242,,
47.445,0.6026538234712031,,
47.45,0.027550736334255477,,
47.455,-0.44390017960044065,,
47.46,-0.008537850974987882,,
47.465,0.3600332132275055,,
47.47,-0.10433267746421859,,
47.475,-0.2930476811396785,,
47.480000000000004,0.09797590264158798,,
47.485,0.33603331534181397,,
47.49,-0.1440887172095204,,
47.495,-0.48240721237493006,,
47.5,0.07119042107338147,,
47.505,0.5156578665205424,,
47.51,-0.08856790159133054,,
47.515,-0.5684818933925347,,
47.52,0.20674853284894334,,
47.525,0.3975354189480143,,
47.53,-0.23864867836804604,,
47.535000000000004,-0.45504822342993256,,
47.54,0.0769424186948867,,
47.545,0.3899418800495618,,
47.550000000000004,-0.04747846781699365,,
47.555,-0.4436465489049363,,
47.56,0.12405916385301557,,
47.565,0.5619809145040011,,
47.57,-0.12872047983788099,,
47.575,-0.4287483129076721,,
47.58,0.05811013460908767,,
47.585,0.44748269607186236,,
47.59,-0.05207554868898461,,
47.595,-0.508748030099395,,
47.6,0.20284568276847956,,
47.605000000000004,0.3986174412370829,,
47.61,-0.18230172115906046,,
47.615,-0.5562627952963545,,
47.62,0.061701989301525095,,
47.625,0.5535612294970096,,
47.63,-0.1957621738001702,,
47.635,-0.4507714154255056,,
47.64,0.14815708592671506,,
47.645,0.48002561968643837,,
47.65,-0.1770637006733652,,
47.655,-0.4826803187299999,,
47.660000000000004,0.1190382810085305,,
47.665,0.3528772148754064,,
47.67,-0.0864673488040398,,
47.675000000000004,-0.3967412174241768,,
47.68,0.0386704029137126,,
47.685,0.44372416587970953,,
47.69,-0.10886759543979324,,
47.695,-0.37328614578603814,,
47.7,0.2977111451129396,,
47.705,0.6232844176045926,,
47.71,-0.17691439859260086,,
47.715,-0.3891036861986602,,
47.72,0.15785205321687412,,
47.725,0.33231126982093206,,
47.730000000000004,-0.14269374272226973,,
47.735,-0.4785466645224823,,
47.74,0.053424837066979314,,
47.745,0.39203702288038167,,
47.75,-0.12503558676471072,,
47.755,-0.5456409143069243,,
47.76,0.20074379007058574,,
47.765,0.6504251301792883,,
47.77,-0.11858313589417853,,
47.775,-0.5083206576817277,,
47.78,-0.05934507206390702,,
47.785000000000004,0.5860160950038833,,
47.79,-0.043894843674420356,,
47.795,-0.3210243183010435,,
47.800000000000004,0.011180709089920235,,
47.805,0.4156842494236608,,
47.81,0.002213022843581103,,
47.815,-0.5068362497440844,,
47.82,0.15401456449117484,,
47.825,0.38807074319352813,,
47.83,0.09439477054760884,,
47.835,-0.37935829765604867,,
47.84,0.11264267576299661,,
47.845,0.273768998602856,,
47.85,-0.08062827570587781,,
47.855000000000004,-0.3972052891593837,,
47.86,0.049491180478385896,,
47.865,0.4097956198220933,,
47.870000000000005,-0.007337897352978073,,
47.875,-0.5941600460974535,,
47.88,0.20197616991334355,,
47.885,0.22283822199853248,,
47.89,-0.11053025284248284,,
47.895,-0.467746955116522,,
47.9,0.16864412583269628,,
47.905,0.3855980822912556,,
47.910000000000004,0.01981398310000146,,
47.915,-0.399664583952199,,
47.92,0.03434710582383524,,
47.925000000000004,0.4011855855792406,,
47.93,-0.31942034427977783,,
47.935,-0.501307264543398,,
47.94,0.07988612358833347,,
47.945,0.5124352710410014,,
47.95,0.013342190942630408,,
47.955,-0.5036513342783745,,
47.96,0.2213237111043172,,
47.965,0.5563182340280745,,
47.97,-0.057444338699476995,,
47.975,-0.5416831865645906,,
47.980000000000004,0.17689515370433884,,
47.985,0.44806595898207496,,
47.99,-0.08902220975210481,,
47.995000000000005,-0.3844956780259793,,
48.0,0.10044358068031613,,
48.005,0.4434876728344906,,
48.01,-0.20664190920530684,,
48.015,-0.5182034076292862,,
48.02,0.13609056329884633,,
48.025,0.5903374760176202,,
48.03,0.04069812312142104,,
48.035000000000004,-0.6004459402181656,,
48.04,0.26981381606130933,,
48.045,0.5977555157570695,,
48.050000000000004,-0.1554206768405117,,
48.055,-0.5456166157345157,,
48.06,0.07155700408573551,,
48.065,0.5375272295332721,,
48.07,-0.11608514377812684,,
48.075,-0.5422817881745371,,
48.08,-0.00014832616450509428,,
48.085,0.5230415974660491,,
48.09,-0.05337500870090088,,
48.095,-0.5316567364927401,,
48.1,0.03620886609384323,,
48.105000000000004,0.5516500158565497,,
48.11,-0.03915404529522633,,
48.115,-0.46955271643220226,,
48.120000000000005,0.2697333097865183,,
48.125,0.40282111885365357,,
48.13,-0.14110132343158588,,
48.135,-0.4088577764883399,,
48.14,0.10175463073506433,,
48.145,0.43509117068346553,,
48.15,-0.1347652699187108,,
48.155,-0.5135605006893751,,
48.160000000000004,0.0506535395063072,,
48.165,0.6070632514174723,,
48.17,-0.18888777450359706,,
48.175000000000004,-0.41994651061552374,,
48.18,0.1641239304459356,,
48.185,0.5755058768442762,,
48.19,-0.19245929447665078,,
48.195,-0.4409312770390921,,
48.2,0.03364574086235898,,
48.205,0.39611292370892226,,
48.21,-0.22983146011280622,,
48.215,-0.685069429559679,,
48.22,0.1636026876913969,,
48.225,0.35140616087374643,,
48.230000000000004,-0.29582813224313137,,
48.235,-0.6798575282888035,,
48.24,0.14341242039261423,,
48.245000000000005,0.3526233137839029,,
48.25,0.06715581931830271,,
48.255,-0.4710059645239724,,
48.26,-0.024191870913142927,,
48.265,0.2953945652637402,,
48.27,-0.02371491715284489,,
48.275,-0.5193689206893755,,
48.28,0.13712141158777522,,
48.285000000000004,0.5008735857099175,,
48.29,0.024884913832907293,,
48.295,-0.5802985064944506,,
48.300000000000004,0.17099981175608725,,
48.305,0.4830747899483138,,
48.31,-0.2527954515785522,,
48.315,-0.31807672969596124,,
48.32,0.07445085314898436,,
48.325,0.35672365784518156,,
48.33,-0.19157009958063964,,
48.335,-0.4456476166219483,,
48.34,-0.08337341743420859,,
48.345,0.322554583352229,,
48.35,-0.048617551311948795,,
48.355000000000004,-0.4147418816594423,,
48.36,0.10490878755113509,,
48.365,0.6562592892758597,,
48.370000000000005,-0.09855927758732529,,
48.375,-0.4967465688671948,,
48.38,0.09077389612550305,,
48.385,0.4516174401170612,,
48.39,-0.002983872752105418,,
48.395,-0.4238663111450166,,
48.4,0.16584801169740462,,
48.405,0.5777848735425183,,
48.410000000000004,-0.19225701380971405,,
48.415,-0.6912976148898513,,
48.42,0.24740229651471324,,
48.425000000000004,0.3531949731142228,,
48.43,-0.11219865608774131,,
48.435,-0.7197336719387397,,
48.44,0.12787420017394183,,
48.445,0.4455718995106653,,
48.45,-0.11645935197126352,,
48.455,-0.3691469967199292,,
48.46,0.057555478098137366,,
48.465,0.506248841463744,,
48.47,0.07311684195041185,,
48.475,-0.4545643879908827,,
48.480000000000004,0.21710513076453042,,
48.485,0.5893417262267726,,
48.49,0.06864774803172616,,
48.495000000000005,-0.38297864765449885,,
48.5,-0.006789266768579744,,
48.505,0.34106856860167134,,
48.51,-0.10845547383479223,,
48.515,-0.46107871128262273,,
48.52,0.07969617425293557,,
48.525,0.4390794179976843,,
48.53,-0.040468892007352666,,
48.535000000000004,-0.49997490915337506,,
48.54,0.08045510065560303,,
48.545,0.39414027770364324,,
48.550000000000004,-0.2279318722344742,,
48.555,-0.6197454517823994,,
48.56,0.11620058129735134,,
48.565,0.4230205600964444,,
48.57,-0.017889485466311555,,
48.575,-0.3868802283339664,,
48.58,0.25423631206373104,,
48.585,0.4878651552195519,,
48.59,-0.07579199112397365,,
48.595,-0.3921513305976833,,
48.6,0.0872593053123665,,
48.605000000000004,0.5344097971952138,,
48.61,-0.20619690191068063,,
48.615,-0.35277235641253873,,
48.620000000000005,-0.09861557783060987,,
48.625,0.41705746781032066,,
48.63,-0.17092824786585412,,
48.635,-0.40228996797442007,,
48.64,-0.013519783887334921,,
48.645,0.3132614787489286,,
48.65,-0.019810192326192633,,
48.655,-0.5497309725352858,,
48.660000000000004,-0.05083105366931932,,
48.665,0.5310951049758491,,
48.67,-0.14578123801555257,,
48.675000000000004,-0.5074713138378016,,
48.68,0.057348486538589545,,
48.685,0.36344919343859117,,
48.69,-0.09206237796821563,,
48.695,-0.47419339650110093,,
48.7,-0.0004581580336159019,,
48.705,0.48879101782014284,,
48.71,-0.15769445541422245,,
48.715,-0.4919307309578877,,
48.72,0.2500215945925343,,
48.725,0.330542585785226,,
48.730000000000004,-0.006142046665844211,,
48.735,-0.5576104183051304,,
48.74,0.06141178625345066,,
48.745000000000005,0.3714287602082959,,
48.75,-0.19706187319050508,,
48.755,-0.4289246064431188,,
48.76,0.06282378131387852,,
48.765,0.35180682760507503,,
48.77,-0.13888569136155504,,
48.775,-0.4638542947178967,,
48.78,0.015825216945049514,,
48.785000000000004,0.5038012766046253,,
48.79,-0.021727099731779165,,
48.795,-0.4595662577407497,,
48.800000000000004,0.1013861789509606,,
48.805,0.5461326539696547,,
48.81,-0.05019073880225225,,
48.815,-0.4292640679620179,,
48.82,0.09491068870976117,,
48.825,0.5146546964644735,,
48.83,0.13223565195380504,,
48.835,-0.4057837089788902,,
48.84,0.1741553480497097,,
48.845,0.3616310686070038,,
48.85,-0.10875399073090328,,
48.855000000000004,-0.38935185432471836,,
48.86,0.11475894698060846,,
48.865,0.4263928367732437,,
48.870000000000005,-0.21175708596849874,,
48.875,-0.5111046234885128,,
48.88,0.10880822965931947,,
48.885,0.3966713689072625,,
48.89,-0.008892749193624094,,
48.895,-0.4550164935137878,,
48.9,0.21787504419345852,,
48.905,0.4663132269567131,,
48.910000000000004,-0.14885512932408204,,
48.915,-0.6270246819018319,,
48.92,0.33253024675469645,,
48.925000000000004,0.4586217257577593,,
48.93,-0.1695716566237479,,
48.935,-0.4966225946636218,,
48.94,0.033088722259574474,,
48.945,0.5483046236479311,,
48.95,0.006304840741355247,,
48.955,-0.27271329712251335,,
48.96,0.08102458664670562,,
48.965,0.3957774764771709,,
48.97,-0.14400618260740616,,
48.975,-0.5189235532193222,,
48.980000000000004,0.21664862392576856,,
48.985,0.5253225511709788,,
48.99,-0.07605612812791324,,
48.995000000000005,-0.5731875267224651,,
49.0,0.15299029613860968,,
49.005,0.46349214882841594,,
49.01,-0.04492844842257568,,
49.015,-0.4930973197553038,,
49.02,0.09105407642873165,,
49.025,0.4953694953095821,,
49.03,-0.15345650132607427,,
49.035000000000004,-0.47034251976660335,,
49.04,0.26808267551718634,,
49.045,0.6505795634832026,,
49.050000000000004,-0.16372519269567537,,
49.055,-0.47195083087522494,,
49.06,0.2272574323763098,,
49.065,0.30434594926796255,,
49.07,-0.20096734932898092,,
49.075,-0.47764986039257973,,
49.08,4.377006532815808e-05,,
49.085,0.41118942005801645,,
49.09,-0.201435032297956,,
49.095,-0.5364305021482185,,
49.1,0.18488467244491336,,
49.105000000000004,0.4705323961242185,,
49.11,-0.08373331254329408,,
49.115,-0.48087125989331214,,
49.120000000000005,0.09321017161227213,,
49.125,0.4600667268623865,,
49.13,0.059748413965064515,,
49.135,-0.5003666660712404,,
49.14,0.10940935808957028,,
49.145,0.339318413316386,,
49.15,-0.20141959708279195,,
49.155,-0.5371836783538664,,
49.160000000000004,0.3590276394723329,,
49.165,0.49219548528235446,,
49.17,-0.2745988108995946,,
49.175000000000004,-0.4883760527994616,,
49.18,0.06279539861471042,,
49.185,0.708567122963507,,
49.19,-0.18336650452405032,,
49.195,-0.49818819821789634,,
49.2,0.06199945650657296,,
49.205,0.5545453627421737,,
49.21,-0.17489539629904644,,
49.215,-0.2849625729226178,,
49.22,0.22807249538453211,,
49.225,0.42306105777478514,,
49.230000000000004,-0.09816568815709882,,
49.235,-0.4622722357386864,,
49.24,0.16187402845110976,,
49.245000000000005,0.4813018206549825,,
49.25,0.14743899841891933,,
49.255,-0.5500228858338411,,
49.26,0.08753674402495211,,
49.265,0.4316707815639396,,
49.27,-0.08999298469148923,,
49.275,-0.3926631475289988,,
49.28,0.27819486244822333,,
49.285000000000004,0.4529749025579669,,
49.29,-0.29601623414118877,,
49.295,-0.4336190022855769,,
49.300000000000004,0.22308026267424325,,
49.305,0.6085626464730656,,
49.31,-0.04378668854419181,,
49.315,-0.4181272094817783,,
49.32,0.24369226677012418,,
49.325,0.5364683106226062,,
49.33,-0.05381019349379354,,
49.335,-0.49686003548207097,,
49.34,0.24976191059540892,,
49.345,0.4843684830414281,,
49.35,0.006118994285774448,,
49.355000000000004,-0.7209095930545864,,
49.36,0.14205281789004037,,
49.365,0.5360985123792398,,
49.370000000000005,-0.15379766082334656,,
49.375,-0.5285976365998991,,
49.38,0.10362156035036516,,
49.385,0.4322678822032969,,
49.39,-0.2973188335348246,,
49.395,-0.3466364146823786,,
49.4,0.14987428145394638,,
49.405,0.5088700370757882,,
49.410000000000004,-0.07509762352647498,,
49.415,-0.35886180770290377,,
49.42,0.12336046591221855,,
49.425000000000004,0.4652503422006281,,
49.43,-0.16111579073354151,,
49.435,-0.6212913476648801,,
49.44,0.022232987265989476,,
49.445,0.4472805942071879,,
49.45,-0.18646474521950906,,
49.455,-0.6792912596297033,,
49.46,0.22628377476964998,,
49.465,0.4409329916217976,,
49.47,-0.02494277038708334,,
49.475,-0.6939706905111196,,
49.480000000000004,0.11403560941728018,,
49.485,0.5256966275777958,,
49.49,-0.069628920200144,,
49.495000000000005,-0.4942283477556729,,
49.5,0.13958505168686583,,
49.505,0.35727823876555836,,
49.51,-0.03316944891304374,,
49.515,-0.6718470453979715,,
49.52,0.12857282261735356,,
49.525,0.37662829737826103,,
49.53,-0.10551155129562682,,
49.535000000000004,-0.27840407064853023,,
49.54,-0.06804595728629004,,
49.545,0.32099152680736903,,
49.550000000000004,-0.13839407626592065,,
49.555,-0.44967691518244884,,
49.56,0.07860168681344852,,
49.565,0.27163372173480427,,
49.57,-0.11523377329656198,,
49.575,-0.37989201910217707,,
49.58,0.146279948123357,,
49.585,0.5769023215159261,,
49.59,0.08989721765860088,,
49.595,-0.41642353033292556,,
49.6,0.14041172572217983,,
49.605000000000004,0.5988421150592201,,
49.61,-0.05666639721928573,,
49.615,-0.7667941996140778,,
49.620000000000005,0.10039135635034852,,
49.625,0.3487673768437689,,
49.63,0.0013239996833966233,,
49.635,-0.3011882739250643,,
49.64,0.16550242604951318,,
49.645,0.4325978841847138,,
49.65,-0.12923202983284046,,
49.655,-0.3430277889542695,,
49.660000000000004,0.08793975196577453,,
49.665,0.4206884813236712,,
49.67,-0.14909428030568095,,
49.675000000000004,-0.20821947298677368,,
49.68,0.04779018824096192,,
49.685,0.4168485791126833,,
49.69,-0.12386862247874265,,
49.695,-0.4556999760736057,,
49.7,0.17854960591804836,,
49.705,0.48836253083083114,,
49.71,0.013580883810245803,,
49.715,-0.61630511860205,,
49.72,0.13562844494563145,,
49.725,0.6595930602320259,,
49.730000000000004,-0.3628841476056889,,
49.735,-0.5568498597306418,,
49.74,0.07069091219047172,,
49.745000000000005,0.5792020427291302,,
49.75,-0.0066032196703001145,,
49.755,-0.46736520217755795,,
49.76,0.18600787124946866,,
49.765,0.38222425977141594,,
49.77,-0.20894132205430305,,
49.775,-0.7206471787741022,,
49.78,0.04604109318862266,,
49.785000000000004,0.4157010765653732,,
49.79,-0.04295885643000172,,
49.795,-0.2701643316059643,,
49.800000000000004,0.2570240383760651,,
49.805,0.5913410802193935,,
49.81,-0.06938958162340433,,
49.815,-0.47828756749976997,,
49.82,0.12135912500421908,,
49.825,0.5103351030574311,,
49.83,-0.024214683621781627,,
49.835,-0.4900374354768658,,
49.84,0.13395319797356103,,
49.845,0.3819025053228907,,
49.85,-0.018158921457414615,,
49.855000000000004,-0.5736480170425234,,
49.86,0.036634442687349805,,
49.865,0.521523183368481,,
49.870000000000005,0.04561394736428363,,
49.875,-0.36215043522028134,,
49.88,0.21140558067239623,,
49.885,0.5065927530118641,,
49.89,-0.12429304759759383,,
49.895,-0.6885396158188206,,
49.9,0.2809810042521403,,
49.905,0.47759897547521774,,
49.910000000000004,-0.244499044085247,,
49.915,-0.34855798083551337,,
49.92,0.18315663308392024,,
49.925000000000004,0.6795628386560371,,
49.93,-0.050147121121287996,,
49.935,-0.5310014797168886,,
49.94,0.0583644714854047,,
49.945,0.3969932032586719,,
49.95,-0.2232497556511484,,
49.955,-0.5297359172100861,,
49.96,0.14541789825692772,,
49.965,0.5248543239488568,,
49.97,-0.1450552641990686,,
49.975,-0.5311987570402236,,
49.980000000000004,0.18347627333841676,,
49.985,0.488496469686481,,
49.99,-0.2782776388700161,,
49.995000000000005,-0.5733944156613452,,
50.0,0.15154370076221385,,
50.005,0.40296517286500033,,
50.01,-0.1994556624598976,,
50.015,-0.42079546643350846,,
50.02,0.1653454524563379,,
50.025,0.34919720581055447,,
50.03,0.054030558044990615,,
50.035000000000004,-0.5673538337763785,,
50.04,0.04399155626406501,,
50.045,0.6807318911518612,,
50.050000000000004,-0.1876434847598695,,
50.055,-0.38891373345723557,,
50.06,0.028331907203804185,,
50.065,0.5138948418059446,,
50.07,-0.23713984572774302,,
50.075,-0.47517618267879197,,
50.08,0.16694619370665148,,
50.085,0.437730305591441,,
50.09,-0.036279157022408554,,
50.095,-0.5098031817037671,,
50.1,0.3712793549381437,,
50.105000000000004,0.436189861193858,,
50.11,-0.10536700383730191,,
50.115,-0.5612529534261136,,
50.120000000000005,0.2859749559778826,,
50.125,0.7253788006936466,,
50.13,-0.41128064999547287,,
50.135,-0.5591905659339146,,
50.14,-0.004571877005747835,,
50.145,0.6180516618537575,,
50.15,-0.20307806010599017,,
50.155,-0.4647046373686173,,
50.160000000000004,-0.03991385408825056,,
50.165,0.4344618493228399,,
50.17,-0.11606461515857032,,
50.175000000000004,-0.49880606590550636,,
50.18,0.031379512445310495,,
50.185,0.2708381273394407,,
50.19,-0.195645460696663,,
50.195,-0.36052656142701334,,
50.2,-0.011106876930940285,,
50.205,0.4356189997596972,,
50.21,-0.05094671069833087,,
50.215,-0.5119563360964517,,
50.22,-0.036510900804066077,,
50.225,0.3510022984893232,,
50.230000000000004,0.005231439913362848,,
50.235,-0.49834794819498124,,
50.24,0.29857805785730374,,
50.245000000000005,0.6149082533182698,,
50.25,0.1493432388943523,,
50.255,-0.5713745792611772,,
50.26,-0.022597922664559594,,
50.265,0.3515045035688178,,
50.27,-0.1640938410071554,,
50.275,-0.6351923660581035,,
50.28,0.037905176622628,,
50.285000000000004,0.24973433851612925,,
50.29,-0.14605041899838284,,
50.295,-0.4742697259610157,,
50.300000000000004,0.095245028240617,,
50.305,0.6128231060376605,,
50.31,-0.2509069580179283,,
50.315,-0.548992470516692,,
50.32,0.1589619324131079,,
50.325,0.40677025919480236,,
50.33,-0.03694275517731391,,
50.335,-0.5351603351206994,,
50.34,0.0076477224796902415,,
50.345,0.39084558532707186,,
50.35,-0.2034913784517331,,
50.355000000000004,-0.5943904543681663,,
50.36,0.09615962197877607,,
50.365,0.3766178074551194,,
50.370000000000005,-0.2389562247186753,,
50.375,-0.4940671257799416,,
50.38,0.21857954221313602,,
50.385,0.5055018494432343,,
50.39,-0.1415098973350363,,
50.395,-0.5945151652805939,,
50.4,0.07643542809043918,,
50.405,0.6175870015290879,,
50.410000000000004,-0.08389766502505779,,
50.415,-0.45528635064002726,,
50.42,0.16797930897844876,,
50.425000000000004,0.3650165113899418,,
50.43,-0.10245311606508961,,
50.435,-0.275263881960513,,
50.44,0.10285868819700796,,
50.445,0.2651279327937219,,
50.45,-0.04241194654942845,,
50.455,-0.4398679362497783,,
50.46,-0.01363918871805235,,
50.465,0.41920881994768555,,
50.47,-0.1851245951197586,,
50.475,-0.4818702029415822,,
50.480000000000004,-0.040391791530170695,,
50.485,0.6774884520528894,,
50.49,0.012228683295197357,,
50.495000000000005,-0.5102338008886922,,
50.5,0.20990829026079122,,
50.505,0.4895485789844472,,
50.51,-0.01508513980318782,,
50.515,-0.5675027737491726,,
50.52,0.057774381160045456,,
50.525,0.36395360291458845,,
50.53,-0.24747373800543243,,
50.535000000000004,-0.5984887183179326,,
50.54,0.2142336228312168,,
50.545,0.5296753754580341,,
50.550000000000004,-0.00672776968621272,,
50.555,-0.45410574977513096,,
50.56,0.19468414259575648,,
50.565,0.3159962400361846,,
50.57,-0.10546274643056468,,
50.575,-0.6172917465963053,,
50.58,0.06492731259701544,,
50.585,0.5972386223198829,,
50.59,-0.19816134226032167,,
50.595,-0.5215728681329365,,
50.6,0.19628538544750382,,
50.605000000000004,0.40714817000991677,,
50.61,-0.17754553275611706,,
50.615,-0.5920509752233842,,
50.620000000000005,0.02121538154930752,,
50.625,0.4961538479365545,,
50.63,-0.17521534333574998,,
50.635,-0.6268697385987507,,
50.64,-0.04045654621068448,,
50.645,0.4361876675446487,,
50.65,-0.28368463157139223,,
50.655,-0.6818555654458192,,
50.660000000000004,0.08454208228463514,,
50.665,0.4430034131549669,,
50.67,-0.036095066178974664,,
50.675000000000004,-0.4770978103345992,,
50.68,0.16560783197189016,,
50.685,0.5869974951436503,,
50.69,-0.1331460629535239,,
50.695,-0.5915080118972007,,
50.7,0.1264589543398869,,
50.705,0.3757323362087662,,
50.71,-0.16978055603412912,,
50.715,-0.44967566392182984,,
50.72,0.005542840414990549,,
50.725,0.40472762920892746,,
50.730000000000004,-0.09896958244009316,,
50.735,-0.4236746218958061,,
50.74,0.19393784927844746,,
50.745000000000005,0.5843466196079175,,
50.75,0.04935008702355777,,
50.755,-0.4546251694664545,,
50.76,0.07186082492429816,,
50.765,0.4357885924259731,,
50.77,-0.08698063071568315,,
50.775,-0.3812010248586274,,
50.78,0.12851571541794246,,
50.785000000000004,0.5585807056564843,,
50.79,-0.1031516208483271,,
50.795,-0.26553668788860507,,
50.800000000000004,0.18854462647936931,,
50.805,0.5542031715020003,,
50.81,-0.021868633996619105,,
50.815,-0.4760074325848875,,
50.82,0.16095791327889852,,
50.825,0.5738365283406441,,
50.83,-0.004990814541383337,,
50.835,-0.39876460258826013,,
50.84,0.20965278259529713,,
50.845,0.2135143619816074,,
50.85,-0.06405014665542258,,
50.855000000000004,-0.5712697552625892,,
50.86,0.24534290569785017,,
50.865,0.465385725505109,,
50.870000000000005,0.0656242270612533,,
50.875,-0.36283315641411773,,
50.88,0.2832284303613017,,
50.885,0.4506438917216536,,
50.89,-0.3380224318096857,,
50.895,-0.45515780401107375,,
50.9,-0.10174228011788321,,
50.905,0.5688368892940758,,
50.910000000000004,-0.09568733576187224,,
50.915,-0.440887094234388,,
50.92,0.14815807703367945,,
50.925000000000004,0.48736648470212957,,
50.93,-0.13650445436034353,,
50.935,-0.8203019098609055,,
50.94,0.07147338002050013,,
50.945,0.42271534038301084,,
50.95,-0.08896701159552235,,
50.955,-0.36930912136757843,,
50.96,0.32061699794247245,,
50.965,0.6460712861936672,,
50.97,-0.11185954528600964,,
50.975,-0.37901120995117765,,
50.980000000000004,0.043532324202954165,,
50.985,0.4938556637513694,,
50.99,-0.1647667858610362,,
50.995000000000005,-0.3902887054640488,,
51.0,0.2117534788899174,,
51.005,0.641551113944133,,
51.01,-0.08607309704753888,,
51.015,-0.4087751808636534,,
51.02,0.2318894947887029,,
51.025,0.57051119179289,,
51.03,-0.2696084861112378,,
51.035000000000004,-0.29931366172977003,,
51.04,-0.0645218783853669,,
51.045,0.48825471913524227,,
51.050000000000004,-0.09293772206340127,,
51.055,-0.6673812720754088,,
51.06,0.022211366500597532,,
51.065,0.40962658230290117,,
51.07,0.02771080873396875,,
51.075,-0.5376743843433959,,
51.08,0.046255654855622476,,
51.085,0.5576210561695891,,
51.09,-0.1392946278948911,,
51.095,-0.5236773826653418,,
51.1,0.16727428002302677,,
51.105000000000004,0.5032382496391326,,
51.11,0.1230994212601575,,
51.115,-0.4422827977873881,,
51.120000000000005,0.16812438943475008,,
51.125,0.6838362102125816,,
51.13,-0.24289878001049908,,
51.135,-0.44804081311228894,,
51.14,0.12918845109664784,,
51.145,0.590942845636426,,
51.15,0.03361029172800138,,
51.155,-0.47307783091526423,,
51.160000000000004,0.14679411488127384,,
51.165,0.5635708060886251,,
51.17,-0.21336629377034938,,
51.175000000000004,-0.5487419297602562,,
51.18,0.31657737384512,,
51.185,0.34167892926272225,,
51.19,-0.04472363410962399,,
51.195,-0.2627380823000466,,
51.2,-0.04272573077223871,,
51.205,0.5258541098718517,,
51.21,-0.04136862832413765,,
51.215,-0.4036501998741927,,
51.22,0.12247461902049836,,
51.225,0.3661208651837156,,
51.230000000000004,-0.05301313219096495,,
51.235,-0.5859028069893648,,
51.24,0.022030707904489605,,
51.245000000000005,0.5943389080104446,,
51.25,-0.1350306036827377,,
51.255,-0.45786849978156663,,
51.26,0.19648416830782417,,
51.265,0.7101160186218145,,
51.27,-0.02126932646801155,,
51.275,-0.4525281578848051,,
51.28,0.0020588317240562287,,
51.285000000000004,0.37747663923520364,,
51.29,-0.1772440914835256,,
51.295,-0.3884648528205885,,
51.300000000000004,0.22616041679063537,,
51.305,0.4928546194811823,,
51.31,-0.28930295365427305,,
51.315,-0.466835104488033,,
51.32,0.044269386960708944,,
51.325,0.43607045507857267,,
51.33,-0.21257413289066068,,
51.335,-0.46962482202264305,,
51.34,0.07237515745701005,,
51.345,0.397691195745376,,
51.35,-0.15895281196714917,,
51.355000000000004,-0.31124112643253354,,
51.36,0.14583150749549037,,
51.365,0.42707746324911705,,
51.370000000000005,-0.1614991001683686,,
51.375,-0.5926697852584126,,
51.38,0.045000526749157235,,
51.385,0.6005617183931772,,
51.39,-0.3372614984346048,,
51.395,-0.44283758910734977,,
51.4,0.03179328635006383,,
51.405,0.6224238240025314,,
51.410000000000004,-0.15868022285918243,,
51.415,-0.4687517267764286,,
51.42,0.2403174588634398,,
51.425000000000004,0.46035097073598097,,
51.43,-0.12580187970830056,,
51.435,-0.4927358680951806,,
51.44,0.06905857219402337,,
51.445,0.612379945918429,,
51.45,-0.12689562747037714,,
51.455,-0.3658695807708287,,
51.46,0.05384196841795322,,
51.465,0.4737796700222325,,
51.47,-0.12290780132586897,,
51.475,-0.4614267535393108,,
51.480000000000004,0.10658765020120439,,
51.485,0.5134037663349635,,
51.49,-0.07437310268920229,,
51.495000000000005,-0.5082264411125296,,
51.5,0.03250821022857801,,
51.505,0.4982987710463584,,
51.51,-0.19654439548893687,,
51.515,-0.6059920387822518,,
51.52,0.32866721685605793,,
51.525,0.42351679960349486,,
51.53,-0.31410499870255404,,
51.535000000000004,-0.5288673860558222,,
51.54,0.3820764598770205,,
51.545,0.6021077435467241,,
51.550000000000004,0.029185077187549216,,
51.555,-0.6036505088601609,,
51.56,-0.025538983444528762,,
51.565,0.38865460477730723,,
51.57,-0.1985354070737953,,
51.575,-0.34351806998205003,,
51.58,0.06941406233831185,,
51.585,0.486482363176845,,
51.59,-0.04292362996952935,,
51.595,-0.5657037764186343,,
51.6,0.2695412050779638,,
51.605000000000004,0.5198430997638385,,
51.61,-0.057383098411064634,,
51.615,-0.6597308647253719,,
51.620000000000005,0.1733343901730059,,
51.625,0.3711059917182611,,
51.63,-0.1639748123590641,,
51.635,-0.5056651445468147,,
51.64,0.046596793847833,,
51.645,0.29347167485980696,,
51.65,-0.23870879673170564,,
51.655,-0.534606648810597,,
51.660000000000004,0.05787243605203036,,
51.665,0.5634484040853891,,
51.67,-0.24131330706869855,,
51.675000000000004,-0.4809102404218487,,
51.68,0.11910730008259532,,
51.685,0.5550551481108816,,
51.69,-0.12263888478841456,,
51.695,-0.43336247410770645,,
51.7,0.309794378084504,,
51.705,0.6069581007502904,,
51.71,-0.12353564604115652,,
51.715,-0.49199866143429305,,
51.72,0.06239499727585403,,
51.725,0.5544201296167334,,
51.730000000000004,0.11696688641564991,,
51.735,-0.527320443924826,,
51.74,0.1209350012220668,,
51.745000000000005,0.5208669501756866,,
51.75,-0.15856838290067715,,
51.755,-0.6055425866582904,,
51.76,-0.022294265682092126,,
51.765,0.7174945045578196,,
51.77,-0.09694474999805074,,
51.775,-0.23961519933531056,,
51.78,0.07788257635796549,,
51.785000000000004,0.48453426747504375,,
51.79,-0.1378702644981598,,
51.795,-0.5310122040564086,,
51.800000000000004,-0.0003374578741326406,,
51.805,0.34815160120445543,,
51.81,-0.14881542119212765,,
51.815,-0.3678980427963642,,
51.82,0.14644322526726716,,
51.825,0.5623117109623288,,
51.83,-0.2893251737657941,,
51.835,-0.3678072481882531,,
51.84,0.0727566701051316,,
51.845,0.5417198426449581,,
51.85,-0.0681274141849358,,
51.855000000000004,-0.5278720787318782,,
51.86,0.18556759163021352,,
51.865,0.6662036757684574,,
51.870000000000005,-0.07643113708057317,,
51.875,-0.5979454737058056,,
51.88,-0.06625797789671477,,
51.885,0.463866070300402,,
51.89,-0.048113482062443196,,
51.895,-0.46503887420537116,,
51.9,0.1902810546727155,,
51.905,0.49974691521697356,,
51.910000000000004,-0.038229677404853016,,
51.915,-0.42052187025041365,,
51.92,0.2109917552269806,,
51.925000000000004,0.494512839523069,,
51.93,-0.05096847011415283,,
51.935,-0.44444664638975034,,
51.94,-0.044393081948439106,,
51.945,0.5057994573672626,,
51.95,-0.08828841095024983,,
51.955,-0.5865580585237831,,
51.96,0.21885851928858674,,
51.965,0.3648795728038502,,
51.97,0.051496473255716685,,
51.975,-0.3139992853994779,,
51.980000000000004,0.011386832858915938,,
51.985,0.4795771340826932,,
51.99,-0.025769553767624367,,
51.995000000000005,-0.45751411282133764,,
52.0,0.0720361257251109,,
52.005,0.35153681728539254,,
52.01,-0.19742121626087503,,
52.015,-0.47913389082626856,,
52.02,0.07540379841038197,,
52.025,0.5363290757867171,,
52.03,0.004416003572955365,,
52.035000000000004,-0.5485680112728145,,
52.04,0.21375709493980483,,
52.045,0.5915296567688283,,
52.050000000000004,-0.08519736839036979,,
52.055,-0.44373292920949386,,
52.06,0.3575738035315042,,
52.065,0.5575044838066823,,
52.07,-0.06095739883151874,,
52.075,-0.6104585863720566,,
52.08,0.1974339263703344,,
52.085,0.47706525391272525,,
52.09,-0.020228428683331898,,
52.095,-0.5452981024715138,,
52.1,-0.077128390144903,,
52.105000000000004,0.42089903720827815,,
52.11,0.052360098359606894,,
52.115,-0.5411314474053124,,
52.120000000000005,0.19664506878448876,,
52.125,0.5038889878578813,,
52.13,0.03012518797602072,,
52.135,-0.5975355960382425,,
52.14,0.23110291946434017,,
52.145,0.5087332136408674,,
52.15,0.05505182596086877,,
52.155,-0.6350875503922118,,
52.160000000000004,0.07738089670284765,,
52.165,0.5527822234985632,,
52.17,-0.15205502790726722,,
52.175000000000004,-0.497430322633718,,
52.18,0.07768876058717075,,
52.185,0.5358593515861589,,
52.19,-0.3216847480379159,,
52.195,-0.6515490012462863,,
52.2,0.040221862475639164,,
52.205,0.4952353712865586,,
52.21,-0.12892395202038545,,
52.215,-0.5894171922945814,,
52.22,0.2483757489091245,,
52.225,0.46946696392719767,,
52.230000000000004,-0.033880789815902215,,
52.235,-0.4636071952999981,,
52.24,0.03346471502579018,,
52.245000000000005,0.44819187944645983,,
52.25,-0.2023913679511638,,
52.255,-0.40268603817982973,,
52.26,0.25731701782977134,,
52.265,0.4560923777954044,,
52.27,-0.038977411888978464,,
52.275,-0.5372411600412214,,
52.28,0.17074391448955423,,
52.285000000000004,0.434092451030826,,
52.29,-0.13133014444394916,,
52.295,-0.4968327078234317,,
52.300000000000004,0.295312490921377,,
52.305,0.6067820849816925,,
52.31,-0.04055020442095715,,
52.315,-0.36685896376280186,,
52.32,0.20792819781042282,,
52.325,0.39516571381883275,,
52.33,-0.19737175916848723,,
52.335,-0.5557285438798324,,
52.34,0.02679544039142756,,
52.345,0.5271750651899202,,
52.35,-0.12532440063323158,,
52.355000000000004,-0.418839598910383,,
52.36,0.04866777815085464,,
52.365,0.5422129187105507,,
52.370000000000005,-0.08439225122883312,,
52.375,-0.42603980931365604,,
52.38,0.2892102859320966,,
52.385,0.2299280971531616,,
52.39,-0.03954392680422246,,
52.395,-0.4616761850318192,,
52.4,-0.155956834428711,,
52.405,0.4571533273845256,,
52.410000000000004,0.06694114655801991,,
52.415,-0.4510251071238101,,
52.42,0.15409417771660586,,
52.425000000000004,0.3001061849430001,,
52.43,-0.10181103627711162,,
52.435,-0.4896135799654831,,
52.44,0.17204842835684508,,
52.445,0.36542277714698873,,
52.45,-0.13366040857671974,,
52.455,-0.49428732607131237,,
52.46,0.14668898127149188,,
52.465,0.47546698351521477,,
52.47,-0.11298505302142149,,
52.475,-0.5682459949674383,,
52.480000000000004,0.14734506480609114,,
52.485,0.4415100452154964,,
52.49,-0.157350020632573,,
52.495000000000005,-0.4329171704624396,,
52.5,0.13830557600365848,,
52.505,0.6422588267554615,,
52.51,-0.26689879504171016,,
52.515,-0.5037691143519938,,
52.52,0.1431720034946964,,
52.525,0.5006265405876238,,
52.53,-0.0797557966648252,,
52.535000000000004,-0.40156877839252536,,
52.54,0.25864303285496093,,
52.545,0.5539970068915923,,
52.550000000000004,-0.165781406868649,,
52.555,-0.5767490856610163,,
52.56,0.2194857764941216,,
52.565,0.4942748562839911,,
52.57,-0.21878833867966746,,
52.575,-0.6364705789308611,,
52.58,0.10720834077063224,,
52.585,0.44990398206055926,,
52.59,-0.35821075209764547,,
52.595,-0.4765490037672497,,
52.6,0.3530799648701715,,
52.605000000000004,0.5116330753637308,,
52.61,-0.113196384867042,,
52.615,-0.5369611939058998,,
52.620000000000005,0.15786507923472407,,
52.625,0.5816546935295824,,
52.63,-0.1436273271478959,,
52.635,-0.5071066802981686,,
52.64,0.22383323034477132,,
52.645,0.5356570356578672,,
52.65,0.11106404182364771,,
52.655,-0.4892703456406477,,
52.660000000000004,-0.023505582706533676,,
52.665,0.7621900931031003,,
52.67,-0.2289167859870028,,
52.675000000000004,-0.43310997180316807,,
52.68,0.10931749774135399,,
52.685,0.34871430998283576,,
52.69,-0.12587174634380421,,
52.695,-0.36040311450209656,,
52.7,0.013336923543951898,,
52.705,0.4957417745275497,,
52.71,-0.1481416965023431,,
52.715,-0.3772782127111575,,
52.72,0.2440339438129377,,
52.725,0.41399310360328406,,
52.730000000000004,-0.14101481122392096,,
52.735,-0.6176806643266668,,
52.74,0.25080503673503723,,
52.745000000000005,0.3186499313036053,,
52.75,0.1431570717156806,,
52.755,-0.4189092936867448,,
52.76,0.005154747495014073,,
52.765,0.36330330551204354,,
52.77,-0.10547998491534859,,
52.775,-0.502996460304373,,
52.78,0.0865937454847413,,
52.785000000000004,0.5272163274813794,,
52.79,-0.1438662218417487,,
52.795,-0.33381246249176283,,
52.800000000000004,0.07635259067811123,,
52.805,0.5189988316512799,,
52.81,-0.10656379718465578,,
52.815,-0.3238533105670828,,
52.82,0.062039691392736476,,
52.825,0.6033995628758942,,
52.83,-0.14580117352912236,,
52.835,-0.5689663905294142,,
52.84,0.22641475088041313,,
52.845,0.5508005715582338,,
52.85,-0.09788924150963167,,
52.855000000000004,-0.5256036287726167,,
52.86,0.22690128686172167,,
52.865,0.596050794062025,,
52.870000000000005,-0.10952196412565189,,
52.875,-0.2350796391756983,,
52.88,0.0026346738326852442,,
52.885,0.4237527539857113,,
52.89,-0.10440791395868698,,
52.895,-0.5542045240118505,,
52.9,0.1760898484706398,,
52.905,0.45232125784190513,,
52.910000000000004,-0.13436192979943018,,
52.915,-0.34130163203751585,,
52.92,-0.04168047438912588,,
52.925000000000004,0.5450165735350414,,
52.93,-0.13447366214851675,,
52.935,-0.44540550935668877,,
52.94,0.06059168345347843,,
52.945,0.3566201593874896,,
52.95,-0.029208489654753284,,
52.955,-0.4980879836354594,,
52.96,0.1563046034624611,,
52.965,0.5606599011528604,,
52.97,-0.2746706103261309,,
52.975,-0.3640247894739278,,
52.980000000000004,0.10728083473753842,,
52.985,0.5398903260158758,,
52.99,-0.06188269043071601,,
52.995000000000005,-0.6206695094694037,,
53.0,0.08813656153196177,,
53.005,0.6035714643514256,,
53.01,-0.13041801763697902,,
53.015,-0.3147996287072444,,
53.02,0.1797649825459866,,
53.025,0.539018728157145,,
53.03,-0.1676440913690488,,
53.035000000000004,-0.5328652339061141,,
53.04,0.15169527234638308,,
53.045,0.4628375625961037,,
53.050000000000004,-0.16991682201882274,,
53.055,-0.2772580018457994,,
53.06,0.019125980680603727,,
53.065,0.5801379593167846,,
53.07,-0.0639088264890654,,
53.075,-0.38435200689276383,,
53.08,0.1110761618513136,,
53.085,0.3267058165095844,,
53.09,-0.06826577233859793,,
53.095,-0.45457239686859685,,
53.1,0.05142831859020968,,
53.105000000000004,0.31981019318539783,,
53.11,-0.040435713824202704,,
53.115,-0.36711515766280833,,
53.120000000000005,0.25987077608632636,,
53.125,0.4477411769725237,,
53.13,-0.21725837745350368,,
53.135,-0.40542186476396397,,
53.14,-0.02158084315218045,,
53.145,0.43366957722663,,
53.15,-0.11662779475075255,,
53.155,-0.4016401753625428,,
53.160000000000004,0.23477391173166062,,
53.165,0.48793179786843377,,
53.17,-0.1110673509155452,,
53.175000000000004,-0.35835553319450464,,
53.18,0.22248265119623045,,
53.185,0.5980366289370296,,
53.19,-0.1396532136004822,,
53.195,-0.3802551637640836,,
53.2,0.07271368372859474,,
53.205,0.6397209379406741,,
53.21,-0.1952183983746359,,
53.215,-0.44958067269021096,,
53.22,0.21872913545954586,,
53.225,0.5497404247250809,,
53.230000000000004,-0.04902523163660752,,
53.235,-0.41471171588465494,,
53.24,0.1292772436165699,,
53.245000000000005,0.5922450084737729,,
53.25,-0.042690008985116185,,
53.255,-0.24098765971858402,,
53.26,-0.110097932235254,,
53.265,0.40417408602048754,,
53.27,-0.1669990837807712,,
53.275,-0.4314681514280447,,
53.28,0.0051451881885407474,,
53.285000000000004,0.4615408556099822,,
53.29,-0.18288203884025633,,
53.295,-0.4737874899198493,,
53.300000000000004,0.15324417441496405,,
53.305,0.35075001476724904,,
53.31,-0.17101390029342217,,
53.315,-0.29714174613129035,,
53.32,0.015705891484814105,,
53.325,0.5168794265557631,,
53.33,-0.13419454070050965,,
53.335,-0.49780367872775655,,
53.34,0.07530728106648674,,
53.345,0.43884485523262257,,
53.35,0.024502987190724468,,
53.355000000000004,-0.5613682582995525,,
53.36,-0.05001803627549069,,
53.365,0.3016323291852399,,
53.370000000000005,-0.01876278676585011,,
53.375,-0.34176980898435644,,
53.38,0.04393705729509441,,
53.385,0.3675694580045795,,
53.39,-0.00910803255146593,,
53.395,-0.43995039653125007,,
53.4,0.12922179440353593,,
53.405,0.53609032757346,,
53.410000000000004,-0.12371290300970428,,
53.415,-0.5762862661392645,,
53.42,0.13630218093917512,,
53.425000000000004,0.4941121439911683,,
53.43,0.0317408798567617,,
53.435,-0.4740523063543614,,
53.44,0.0892840924462845,,
53.445,0.5005487280133427,,
53.45,0.037963695891419694,,
53.455,-0.6193454638810599,,
53.46,0.05690829683752108,,
53.465,0.39316288596534554,,
53.47,-0.12300693958102935,,
53.475,-0.5363701840247517,,
53.480000000000004,0.17383950758133726,,
53.485,0.4049874848520972,,
53.49,-0.19104961313626895,,
53.495000000000005,-0.44004469266606366,,
53.5,0.10239970874198218,,
53.505,0.5467316987756068,,
53.51,-0.2845413413336611,,
53.515,-0.33821897257507694,,
53.52,-0.14437935405987018,,
53.525,0.37472573814579113,,
53.53,0.028686948806638857,,
53.535000000000004,-0.694160518363281,,
53.54,0.24194407932864276,,
53.545,0.4191001453204385,,
53.550000000000004,-0.059300679006784145,,
53.555,-0.5028705516414079,,
53.56,0.21433057013259377,,
53.565,0.564147357000945,,
53.57,0.010238318127311755,,
53.575,-0.38920647867636243,,
53.58,0.11375797607967848,,
53.585,0.5379779171227267,,
53.59,-0.13316492585382608,,
53.595,-0.3451788819676038,,
53.6,0.02506964419440602,,
53.605000000000004,0.4953041258450601,,
53.61,-0.13332966454793613,,
53.615,-0.6061802954976909,,
53.620000000000005,0.08627107354471927,,
53.625,0.4900324088579141,,
53.63,-0.24501157311949162,,
53.635,-0.472214812888606,,
53.64,0.19873577349480767,,
53.645,0.5037689512961911,,
53.65,-0.11139705318377816,,
53.655,-0.4735709574808399,,
53.660000000000004,0.05509740436392575,,
53.665,0.6095652617556708,,
53.67,-0.1541170936418377,,
53.675000000000004,-0.4496457620830721,,
53.68,0.014274521933712397,,
53.685,0.4641501989564256,,
53.69,-0.09047012142362859,,
53.695,-0.5351041218716437,,
53.7,0.15572490034429518,,
53.705,0.5461970544392876,,
53.71,-0.08084603715370949,,
53.715,-0.5434218697962877,,
53.72,-0.018740795120230566,,
53.725,0.18787446669471364,,
53.730000000000004,-0.11774435157135786,,
53.735,-0.46530545628990605,,
53.74,0.021439051409748597,,
53.745000000000005,0.4891136825450357,,
53.75,0.04247593875955692,,
53.755,-0.3750609703644806,,
53.76,0.17628514434455356,,
53.765,0.5794897782701127,,
53.77,-0.10865537196028544,,
53.775,-0.49541241188342133,,
53.78,0.16560728024942328,,
53.785000000000004,0.4942092318590166,,
53.79,-0.1091842332439547,,
53.795,-0.42244235124021023,,
53.800000000000004,0.09026470984373583,,
53.805,0.3902582502323571,,
53.81,-0.03474891298232183,,
53.815,-0.5021584612677455,,
53.82,-0.013901208286475925,,
53.825,0.4858187270966486,,
53.83,-0.0745023051238976,,
53.835,-0.3628202349133383,,
53.84,-0.00871134685882305,,
53.845,0.5352037822509683,,
53.85,0.1752582226104075,,
53.855000000000004,-0.37147460779727726,,
53.86,0.14075902022502593,,
53.865,0.5935118155254976,,
53.870000000000005,-0.2205584722407728,,
53.875,-0.5677545468568199,,
53.88,0.13699772479431088,,
53.885,0.5280675558535105,,
53.89,-0.08000711124311025,,
53.895,-0.5341360524867907,,
53.9,0.07222352750973618,,
53.905,0.4625490127771728,,
53.910000000000004,-0.19167936458993956,,
53.915,-0.5021847081652084,,
53.92,0.050907238183147935,,
53.925000000000004,0.5250955247454774,,
53.93,-0.13592788003009665,,
53.935,-0.32999685942745105,,
53.94,0.05282109569848995,,
53.945,0.6513305033792691,,
53.95,-0.001627553802488177,,
53.955,-0.580097929813987,,
53.96,0.1674725231473817,,
53.965,0.48382835678481273,,
53.97,-0.1267338193959553,,
53.975,-0.7191480526074908,,
53.980000000000004,0.10850701298009899,,
53.985,0.39611130951784634,,
53.99,0.07503634383975702,,
53.995000000000005,-0.38528569062362905,,
54.0,0.16381640592668917,,
54.005,0.4916062504728982,,
54.01,-0.2085508751424645,,
54.015,-0.6056089258374296,,
54.02,0.07880595888130526,,
54.025,0.3886021193214226,,
54.03,-0.24316138775498006,,
54.035000000000004,-0.22153130586956432,,
54.04,-0.22640717727713439,,
54.045,0.48596610115220606,,
54.050000000000004,-0.05881574703313615,,
54.055,-0.5055082948813825,,
54.06,-0.1301327399884561,,
54.065,0.47281826841641894,,
54.07,-0.14767371549495772,,
54.075,-0.4633600919182804,,
54.08,0.15908066428010187,,
54.085,0.4852706590671302,,
54.09,-0.22043439352965272,,
54.095,-0.5110186623071832,,
54.1,0.0994784057283503,,
54.105000000000004,0.5389211878929209,,
54.11,-0.06148080162270016,,
54.115,-0.5266702784439042,,
54.120000000000005,0.019078269906885797,,
54.125,0.40946601448219455,,
54.13,-0.008762424057471144,,
54.135,-0.6523593587575762,,
54.14,0.17696443648260823,,
54.145,0.4365951677243558,,
54.15,0.07154083677547154,,
54.155,-0.43640229450282253,,
54.160000000000004,0.06983720904946111,,
54.165,0.45626797813249287,,
54.17,-0.19776131354535575,,
54.175000000000004,-0.45154655196711097,,
54.18,0.06970407351142222,,
54.185,0.39905156707136324,,
54.19,-0.2263832817744048,,
54.195,-0.571930306017019,,
54.2,0.10077434518142596,,
54.205,0.28051868362760013,,
54.21,-0.20341955342730506,,
54.215,-0.260243553876055,,
54.22,0.03878591167162154,,
54.225,0.6349714050282721,,
54.230000000000004,0.006636436220141165,,
54.235,-0.6451498265556599,,
54.24,0.1156545812404249,,
54.245000000000005,0.4308253296291394,,
54.25,-0.014089218311353971,,
54.255,-0.5655130019092546,,
54.26,0.14134383135833034,,
54.265,0.5697174897292121,,
54.27,-0.1095328987592844,,
54.275,-0.5219156791743642,,
54.28,0.213980513535565,,
54.285000000000004,0.476054229944115,,
54.29,-0.23121889186353464,,
54.295,-0.37197616059961713,,
54.300000000000004,0.13841089042587368,,
54.305,0.6633504907170062,,
54.31,-0.12933022244546177,,
54.315,-0.5609957979672405,,
54.32,-0.041506111366562154,,
54.325,0.5321453746191817,,
54.33,-0.10873915609483226,,
54.335,-0.5068714419472062,,
54.34,0.21133068433632002,,
54.345,0.5419966810966571,,
54.35,0.03734103021767329,,
54.355000000000004,-0.3471584698029899,,
54.36,0.14662899142742494,,
54.365,0.5115850781061768,,
54.370000000000005,-0.2393762755845611,,
54.375,-0.38664246211119424,,
54.38,0.2976968220710642,,
54.385,0.346793429586124,,
54.39,-0.09076016474604333,,
54.395,-0.6273268346657804,,
54.4,0.1674212264006265,,
54.405,0.4096786061782864,,
54.410000000000004,-0.0882336624855406,,
54.415,-0.485032722446594,,
54.42,-0.008464511938806651,,
54.425000000000004,0.4637522157339691,,
54.43,-0.22468378814924866,,
54.435,-0.2519925674427371,,
54.44,-0.008054697451194567,,
54.445,0.47277443528224794,,
54.45,-0.09913373787854488,,
54.455,-0.41308555988142903,,
54.46,0.24768274534710488,,
54.465,0.5498691196443731,,
54.47,-0.03908704226435135,,
54.475,-0.6331776651327803,,
54.480000000000004,0.04087934746990418,,
54.485,0.43225143623430085,,
54.49,-0.09853422082326725,,
54.495000000000005,-0.2683636025956414,,
54.5,0.13486469157792808,,
54.505,0.4676288793164645,,
54.51,-0.1124744755452921,,
54.515,-0.5997796156990635,,
54.52,0.06080945147209878,,
54.525,0.41424186844788285,,
54.53,0.13176122185949712,,
54.535000000000004,-0.5415904607063392,,
54.54,0.18993859693103624,,
54.545,0.38463264509763834,,
54.550000000000004,-0.00025656181618000096,,
54.555,-0.543842470508186,,
54.56,0.3201985167856996,,
54.565,0.3812177099070674,,
54.57,-0.0998090541853836,,
54.575,-0.49219196506186397,,
54.58,0.1347052412050749,,
54.585,0.5656105777740439,,
54.59,-0.13200778715749958,,
54.595,-0.4278684808695689,,
54.6,0.07041533325536874,,
54.605000000000004,0.611850829499755,,
54.61,-0.016836248125228326,,
54.615,-0.2921038412011191,,
54.620000000000005,0.10001548371074773,,
54.625,0.5262851259158505,,
54.63,-0.23535563387226888,,
54.635,-0.3176836828884207,,
54.64,0.1946232473615389,,
54.645,0.6004606418459706,,
54.65,0.18016394067033087,,
54.655,-0.44183238799645463,,
54.660000000000004,0.18682901637862104,,
54.665,0.5759176508129968,,
54.67,-0.1069666159495655,,
54.675000000000004,-0.49294267250894325,,
54.68,0.022115771074152663,,
54.685,0.5988670043341947,,
54.69,-0.10248659201768467,,
54.695,-0.275831194007214,,
54.7,0.2238191687657235,,
54.705,0.43978449457709384,,
54.71,-0.23219797809357903,,
54.715,-0.3727228183885018,,
54.72,0.09794206896563382,,
54.725,0.5130172339525243,,
54.730000000000004,0.0016642863545759667,,
54.735,-0.5298908566372158,,
54.74,0.19407265784129268,,
54.745000000000005,0.45460929664569305,,
54.75,-0.20331709314502924,,
54.755,-0.4964002198874562,,
54.76,0.3290595452421168,,
54.765,0.5669566682487928,,
54.77,-0.07457009590513174,,
54.775,-0.4912410284978099,,
54.78,0.08501995057666306,,
54.785000000000004,0.5720570583492246,,
54.79,-0.06197851445614192,,
54.795,-0.4342218490060139,,
54.800000000000004,0.1467591593615085,,
54.805,0.44867822984487077,,
54.81,-0.06513826766061245,,
54.815,-0.6048523070335797,,
54.82,-0.03466560067849782,,
54.825,0.6452433446026105,,
54.83,-0.11671604415455533,,
54.835,-0.5911013417384057,,
54.84,-0.02078746563544813,,
54.845,0.42450206553419095,,
54.85,-0.01705902132382124,,
54.855000000000004,-0.4193424502538546,,
54.86,0.15935230364720898,,
54.865,0.41449297253611617,,
54.870000000000005,-0.16366343560941746,,
54.875,-0.6772460800634035,,
54.88,0.0885400650592819,,
54.885,0.4578598193449243,,
54.89,-0.1926952209142464,,
54.895,-0.510827519361212,,
54.9,0.14929195466019204,,
54.905,0.31487278147327413,,
54.910000000000004,-0.2520492680807822,,
54.915,-0.4401055303619862,,
54.92,-0.009461662808923951,,
54.925000000000004,0.527539192418495,,
54.93,-0.1786582200075267,,
54.935,-0.39279947713079066,,
54.94,-0.1515913789091946,,
54.945,0.5530643740613707,,
54.95,-0.021395995238087842,,
54.955,-0.4607105420941714,,
54.96,0.18727599442031162,,
54.965,0.565594955735174,,
54.97,-0.029387230421430544,,
54.975,-0.631024189192664,,
54.980000000000004,0.008282413387286802,,
54.985,0.4133007418200008,,
54.99,-0.045354713953533,,
54.995000000000005,-0.5182136330930265,,
55.0,0.09137210600215051,,
55.005,0.4292535734711409,,
55.01,-0.0878772495409857,,
55.015,-0.47174169238454783,,
55.02,0.2044252146010469,,
55.025,0.5674725329817217,,
55.03,-0.2662691234425868,,
55.035000000000004,-0.40127411668519813,,
55.04,0.04101666658686676,,
55.045,0.6244489085215444,,
55.050000000000004,-0.010981518062373005,,
55.055,-0.4473168798279559,,
55.06,0.1292945399241241,,
55.065,0.45822209755736965,,
55.07,-0.06744494507016725,,
55.075,-0.4777274406583903,,
55.08,0.04906936735267749,,
55.085,0.5464855678437911,,
55.09,-0.16507301138152525,,
55.095,-0.5939754433606887,,
55.1,0.2274517774406497,,
55.105000000000004,0.5222892248626309,,
55.11,-0.2463471056129285,,
55.115,-0.6169780767811237,,
55.120000000000005,0.1765924082532624,,
55.125,0.5248537942931021,,
55.13,-0.10812589524624187,,
55.135,-0.5407343386305644,,
55.14,0.0715343935959307,,
55.145,0.49154442401040405,,
55.15,-0.05471164663453528,,
55.155,-0.4296744812475224,,
55.160000000000004,0.008525825009220667,,
55.165,0.4419572965086923,,
55.17,0.020994195993763648,,
55.175000000000004,-0.5664973109420699,,
55.18,0.18608207815984537,,
55.185,0.4071188463029834,,
55.19,0.009503021065878414,,
55.195,-0.39486615047489015,,
55.2,0.043335664539565846,,
55.205,0.5682392917640942,,
55.21,0.08996245961039925,,
55.215,-0.4443479229079686,,
55.22,0.058360369640921395,,
55.225,0.4434941682566639,,
55.230000000000004,-0.05016890890999238,,
55.235,-0.5362406648343336,,
55.24,0.08180821877928152,,
55.245000000000005,0.42524962718187154,,
55.25,-0.12973914862468278,,
55.255,-0.4173081196815058,,
55.26,0.13799988536299507,,
55.265,0.593664439205926,,
55.27,0.14291410779148295,,
55.275,-0.3273402027869383,,
55.28,-0.01124770684357429,,
55.285000000000004,0.38893130652884794,,
55.29,-0.19202282403695103,,
55.295,-0.5804819779736923,,
55.300000000000004,0.03652618807840924,,
55.305,0.3709159930708225,,
55.31,-0.10459369092336611,,
55.315,-0.5475372484220415,,
55.32,0.0574635154402774,,
55.325,0.6288711724998983,,
55.33,-0.17561310107072642,,
55.335,-0.423415120746978,,
55.34,0.07686549183104197,,
55.345,0.4632155116751593,,
55.35,-0.034890001411415114,,
55.355000000000004,-0.5381297030792646,,
55.36,-0.06865522943997296,,
55.365,0.5332321470262804,,
55.370000000000005,-0.19876395257562565,,
55.375,-0.4895919655058002,,
55.38,0.17166035569079363,,
55.385,0.5373547843548453,,
55.39,-0.17102248144529866,,
55.395,-0.4088305849274313,,
55.4,0.11930316403027853,,
55.405,0.48440255608359606,,
55.410000000000004,-0.008550708777693941,,
55.415,-0.6311278023111221,,
55.42,0.031034789156848222,,
55.425000000000004,0.6410508325212757,,
55.43,-0.1095650068157246,,
55.435,-0.4685286458986534,,
55.44,0.18140980019560637,,
55.445,0.5611109075782166,,
55.45,-0.005051955982928472,,
55.455,-0.6191286129598469,,
55.46,0.15957846438622653,,
55.465,0.3898118180660748,,
55.47,-0.38519203535958135,,
55.475,-0.47400241952067534,,
55.480000000000004,0.15754865446435556,,
55.485,0.5633457808322624,,
55.49,-0.18180521895810905,,
55.495000000000005,-0.3417344568859563,,
55.5,-0.13603334345660278,,
55.505,0.5057778256324236,,
55.51,-0.1933051169713258,,
55.515,-0.5382782994354068,,
55.52,0.007463863028346021,,
55.525,0.4647971317794284,,
55.53,-0.016687735073801405,,
55.535000000000004,-0.5217875225616626,,
55.54,0.15298103181540024,,
55.545,0.2610872740645069,,
55.550000000000004,-0.10292488410203017,,
55.555,-0.41811128519259966,,
55.56,0.20702566689765547,,
55.565,0.522351860895332,,
55.57,-0.07867306543109967,,
55.575,-0.5079314358306795,,
55.58,0.2847920936892148,,
55.585,0.6385891125325146,,
55.59,-0.06805954606280717,,
55.595,-0.5109408519065811,,
55.6,0.10602120767995622,,
55.605000000000004,0.5245328670937232,,
55.61,-0.020955100045001576,,
55.615,-0.6254871667820053,,
55.620000000000005,-0.10025251891378512,,
55.625,0.33646572938205266,,
55.63,-0.023892860468255908,,
55.635,-0.6248928843721464,,
55.64,-0.039401780487019644,,
55.645,0.3944475764222951,,
55.65,-0.07192703215551663,,
55.655,-0.5197108097586908,,
55.660000000000004,-0.009551726231578753,,
55.665,0.4620158757671379,,
55.67,-0.1197352215902183,,
55.675000000000004,-0.5335220212964872,,
55.68,-0.11176845978938475,,
55.685,0.6088630331097034,,
55.69,-0.13906722935699256,,
55.695,-0.44020213194980096,,
55.7,0.003906950742667115,,
55.705,0.49965573289795234,,
55.71,-0.13781190689900302,,
55.715,-0.5123570690012894,,
55.72,0.1680796027204378,,
55.725,0.5070562209922608,,
55.730000000000004,-0.14106951957356673,,
55.735,-0.5808909718446185,,
55.74,0.22253018253608078,,
55.745000000000005,0.4332246652744841,,
55.75,-0.1312702589071776,,
55.755,-0.5188839885801668,,
55.76,0.09719033726068513,,
55.765,0.5415343450574556,,
55.77,-0.047785078333369646,,
55.775,-0.5927539994241882,,
55.78,0.07192488958521051,,
55.785000000000004,0.6186327073432186,,
55.79,-0.032003998198088204,,
55.795,-0.24883510579205376,,
55.800000000000004,0.07778773939301724,,
55.805,0.6544172431367592,,
55.81,-0.09392714919794812,,
55.815,-0.5849803632905712,,
55.82,0.17234481221771308,,
55.825,0.4869532718411126,,
55.83,-0.06939611514782816,,
55.835,-0.31996714517537816,,
55.84,0.0677069604764598,,
55.845,0.3906130799126018,,
55.85,-0.07386381767936243,,
55.855000000000004,-0.36211085389439707,,
55.86,0.09106895173792545,,
55.865,0.3548937031341777,,
55.870000000000005,-0.11911753141619025,,
55.875,-0.5469294842770472,,
55.88,0.03210003473964379,,
55.885,0.5700149885993993,,
55.89,-0.1368893733385884,,
55.895,-0.5855684745466863,,
55.9,0.31444085461974847,,
55.905,0.4775661726932169,,
55.910000000000004,-0.06258761156845125,,
55.915,-0.45124489067191464,,
55.92,-0.18161958101345052,,
55.925000000000004,0.4727624821002281,,
55.93,-0.10478552478139494,,
55.935,-0.5085480251511044,,
55.94,0.23837390973821362,,
55.945,0.35122441430934237,,
55.95,-0.20440087320004147,,
55.955,-0.41075918972772274,,
55.96,0.1268829489429606,,
55.965,0.60665382204208,,
55.97,-0.011192403262128739,,
55.975,-0.5510289551277967,,
55.980000000000004,0.21345622074172643,,
55.985,0.47594083691820127,,
55.99,-0.023723530578430282,,
55.995000000000005,-0.6752487157782423,,
56.0,-0.01335176943594435,,
56.005,0.5627473138849136,,
56.01,-0.06447210123148703,,
56.015,-0.46340230986051373,,
56.02,0.14685958548319705,,
56.025,0.8447928862327476,,
56.03,-0.1744543252434328,,
56.035000000000004,-0.43818524812047543,,
56.04,0.00774746070226856,,
56.045,0.4710104309458461,,
56.050000000000004,-0.18047375793674697,,
56.055,-0.5172235002661637,,
56.06,0.09916466362677562,,
56.065,0.44575097908503747,,
56.07,-0.18936379448306156,,
56.075,-0.4398310987575626,,
56.08,-0.04719971349481464,,
56.085,0.6276465839119783,,
56.09,0.0966738832568458,,
56.095,-0.4662776844132524,,
56.1,0.2193425395499456,,
56.105000000000004,0.4291051980755286,,
56.11,0.002255877860537797,,
56.115,-0.5137125606668472,,
56.120000000000005,0.13612735140790094,,
56.125,0.4115594963795055,,
56.13,-0.17823950479700318,,
56.135,-0.2805577952217977,,
56.14,0.0884670995513755,,
56.145,0.5904761254334565,,
56.15,-0.07353786344810295,,
56.155,-0.45646979158418566,,
56.160000000000004,0.006169533613163011,,
56.165,0.4327136438244939,,
56.17,-0.06718027268187604,,
56.175000000000004,-0.6141925331965704,,
56.18,0.33917492317116577,,
56.185,0.39994474597959156,,
56.19,-0.05831291047202989,,
56.195,-0.5523336304579538,,
56.2,0.061038305975368384,,
56.205,0.37977355764015003,,
56.21,-0.04535206113633575,,
56.215,-0.5159769733862352,,
56.22,0.025604345280675206,,
56.225,0.4314547999147629,,
56.230000000000004,-0.19989616580141412,,
56.235,-0.45245591890065606,,
56.24,0.08959629318224628,,
56.245000000000005,0.6348875233834551,,
56.25,0.004973737734329256,,
56.255,-0.4898234697480912,,
56.26,0.1135611959460944,,
56.265,0.5665699976499989,,
56.27,-0.07460387228327828,,
56.275,-0.3436413219041957,,
56.28,-0.06173497354666575,,
56.285000000000004,0.4889763849930977,,
56.29,-0.16646336750889634,,
56.295,-0.508680755724373,,
56.300000000000004,0.048383885779500854,,
56.305,0.5937165840544235,,
56.31,-0.11883379932246692,,
56.315,-0.3705781775383221,,
56.32,0.13787678598891803,,
56.325,0.48379880023654787,,
56.33,0.009463463393719396,,
56.335,-0.3830167527117146,,
56.34,0.18629833355968828,,
56.345,0.5197030117466791,,
56.35,-0.005710135562143642,,
56.355000000000004,-0.5502088429171159,,
56.36,0.0798717683564143,,
56.365,0.5173611314078796,,
56.370000000000005,-0.2714299158171734,,
56.375,-0.5041583652199225,,
56.38,0.23297330399294797,,
56.385,0.6153647179053766,,
56.39,0.07828951852800152,,
56.395,-0.6217811315118218,,
56.4,0.1769145072879843,,
56.405,0.39813828757686437,,
56.410000000000004,-0.06975338205444903,,
56.415,-0.5257332143709699,,
56.42,-0.008593289942537496,,
56.425000000000004,0.4936740757463324,,
56.43,-0.1779938846998173,,
56.435,-0.45661855488984504,,
56.44,0.036287953607980455,,
56.445,0.6049693862834375,,
56.45,-0.22465572314208043,,
56.455,-0.6340326705476308,,
56.46,0.0029386132689663558,,
56.465,0.5758546473653992,,
56.47,-0.07221584269889321,,
56.475,-0.48956614721720926,,
56.480000000000004,0.16562574540472483,,
56.485,0.5304743259295546,,
56.49,-0.1559309864808847,,
56.495000000000005,-0.40784041531172277,,
56.5,0.09820844038186118,,
56.505,0.39697148602872057,,
56.51,-0.17383619105003123,,
56.515,-0.4267777966767448,,
56.52,0.18449939314124303,,
56.525,0.4549350192562844,,
56.53,-0.31223349639170905,,
56.535000000000004,-0.6439532113245703,,
56.54,0.11690588122785024,,
56.545,0.4750677251843134,,
56.550000000000004,-0.17016469186773603,,
56.555,-0.4276181176633593,,
56.56,0.11185333947166723,,
56.565,0.42230490399391024,,
56.57,-0.15257579025467244,,
56.575,-0.49214923082516915,,
56.58,0.20002903894836516,,
56.585,0.39538455509087034,,
56.59,-0.21085918110791174,,
56.595,-0.42151316881108286,,
56.6,0.13844854415481453,,
56.605000000000004,0.29175646082989565,,
56.61,-0.09581452455019798,,
56.615,-0.41915326941560144,,
56.620000000000005,0.1820972413343987,,
56.625,0.5133896022828444,,
56.63,-0.0858808808601296,,
56.635,-0.5737005703440072,,
56.64,0.150547921087548,,
56.645,0.5206860735434994,,
56.65,-0.19577430969220955,,
56.655,-0.4335095335782171,,
56.660000000000004,0.11948288083258748,,
56.665,0.40073429188520837,,
56.67,-0.15003036720410762,,
56.675000000000004,-0.4737278007471353,,
56.68,-0.0567148804342901,,
56.685,0.3733966419757574,,
56.69,-0.2862191715810869,,
56.695,-0.4941309615543681,,
56.7,0.05804315111416976,,
56.705,0.4937872127037127,,
56.71,-0.1809978306389448,,
56.715,-0.4288481115673036,,
56.72,0.14226956536849614,,
56.725,0.4376816650151124,,
56.730000000000004,0.035007036954182,,
56.735,-0.6182588321268819,,
56.74,0.3148201937255065,,
56.745000000000005,0.35806927990017745,,
56.75,-0.19785405762476382,,
56.755,-0.5485550976206146,,
56.76,0.18490531003087898,,
56.765,0.45186432179809677,,
56.77,-0.08493085383768653,,
56.775,-0.4458911809982735,,
56.78,0.16935328027648755,,
56.785000000000004,0.319229039644511,,
56.79,-0.0985650366713739,,
56.795,-0.49748123464646216,,
56.800000000000004,0.09552583675714625,,
56.805,0.6039614295984602,,
56.81,-0.1647561370403928,,
56.815,-0.5731533834746667,,
56.82,0.15732121035205401,,
56.825,0.3091988145095792,,
56.83,-0.1212360844015628,,
56.835,-0.5514046678218019,,
56.84,0.04630558295902632,,
56.845,0.5529673482069575,,
56.85,-0.015290560822023902,,
56.855000000000004,-0.5997120900530581,,
56.86,0.11878261312841655,,
56.865,0.5037319400335344,,
56.870000000000005,-0.2748812251478315,,
56.875,-0.4197654941075563,,
56.88,0.2001004732802666,,
56.885,0.5534932759025954,,
56.89,-0.12278553194581729,,
56.895,-0.5394886535227421,,
56.9,0.2275762007568398,,
56.905,0.5566262887815396,,
56.910000000000004,-0.21169751025269506,,
56.915,-0.4459191367359455,,
56.92,0.20590769349308735,,
56.925000000000004,0.5420566694297912,,
56.93,-0.011772759040129227,,
56.935,-0.4896548471795447,,
56.94,0.07360749514260999,,
56.945,0.42485988551583265,,
56.95,-0.09021737656009896,,
56.955,-0.39467580725067625,,
56.96,0.157185020375236,,
56.965,0.7457311507440967,,
56.97,-0.1408455195922511,,
56.975,-0.4548912956973846,,
56.980000000000004,-0.06394488546351561,,
56.985,0.5974661827544454,,
56.99,-0.0537071592994132,,
56.995000000000005,-0.45704974299413564,,
57.0,-0.09149348250715544,,
57.005,0.5905193353610532,,
57.01,-0.22528898611970255,,
57.015,-0.43025293681119126,,
57.02,-0.08161363140810127,,
57.025,0.3470620286215662,,
57.03,-0.047238482308669984,,
57.035000000000004,-0.4751397252687889,,
57.04,0.14679107220556906,,
57.045,0.38360947798852485,,
57.050000000000004,-0.06486037254810073,,
57.055,-0.42934388716114386,,
57.06,0.13217747650887468,,
57.065,0.5424212776838416,,
57.07,-0.08089486084111831,,
57.075,-0.19665889411081766,,
57.08,0.11640230479458442,,
57.085,0.5979008971757153,,
57.09,-0.0323897138895481,,
57.095,-0.46094343486441164,,
57.1,0.10799859972192329,,
57.105000000000004,0.4555444331833729,,
57.11,-0.2512969504814909,,
57.115,-0.45594194054410947,,
57.120000000000005,0.16155700063493356,,
57.125,0.44905191399257616,,
57.13,-0.17228314483438428,,
57.135,-0.5733577216253325,,
57.14,0.20255392590889038,,
57.145,0.4367310594424018,,
57.15,-0.07232968835913395,,
57.155,-0.29120854672336427,,
57.160000000000004,-0.11122338220087614,,
57.165,0.6425813537301772,,
57.17,-0.06533714617376321,,
57.175000000000004,-0.6091743651352781,,
57.18,0.18310728722824043,,
57.185,0.44882314844649335,,
57.19,-0.19752905491961503,,
57.195,-0.3863064248037227,,
57.2,0.2905280290716684,,
57.205,0.36660362592904155,,
57.21,-0.17174426798369075,,
57.215,-0.4438960478724524,,
57.22,0.018317619883467945,,
57.225,0.6404803374110423,,
57.230000000000004,-0.04635390134808615,,
57.235,-0.3970768136710397,,
57.24,0.2231082497723827,,
57.245000000000005,0.6134835327334851,,
57.25,-0.25964508690335314,,
57.255,-0.40444230447309093,,
57.26,0.1633105441467959,,
57.265,0.4039389492406926,,
57.27,-0.04926025462532568,,
57.275,-0.5424838003985376,,
57.28,0.46564299339682014,,
57.285000000000004,0.3714921997434613,,
57.29,-0.04838375388779918,,
57.295,-0.7652090306725301,,
57.300000000000004,0.1778708782546543,,
57.305,0.39700408123809655,,
57.31,-0.2999260406115398,,
57.315,-0.4773019221785773,,
57.32,-0.07081575271341164,,
57.325,0.5372516836548049,,
57.33,-0.24030706483504738,,
57.335,-0.5284203052130862,,
57.34,0.1098932754832458,,
57.345,0.3420120847775417,,
57.35,-0.04123556740215446,,
57.355000000000004,-0.6439932025785329,,
57.36,-0.1394255855766348,,
57.365,0.5131310171982872,,
57.370000000000005,-0.12088950371706753,,
57.375,-0.6850930275937906,,
57.38,0.14687678915661911,,
57.385,0.4540992012159511,,
57.39,0.05815514606042051,,
57.395,-0.41058688121410064,,
57.4,-0.0023566082513273162,,
57.405,0.5338897779448581,,
57.410000000000004,-0.08407222281339838,,
57.415,-0.493228340864772,,
57.42,0.0941928366588145,,
57.425000000000004,0.5453277399748444,,
57.43,0.085770995333064,,
57.435,-0.6459008716059561,,
57.44,-0.05788391924802762,,
57.445,0.6089832490647741,,
57.45,-0.13852577471099203,,
57.455,-0.6340032785455202,,
57.46,0.1012907016226671,,
57.465,0.36083664203136506,,
57.47,-0.2200194912811055,,
57.475,-0.41636943208099,,
57.480000000000004,-0.0035168397678675273,,
57.485,0.29479693170674626,,
57.49,-0.06942267912808248,,
57.495000000000005,-0.5025645978623513,,
57.5,0.11130645115345753,,
57.505,0.47018325809417766,,
57.51,-0.26420770374993896,,
57.515,-0.45602324348744,,
57.52,0.016233485370120426,,
57.525,0.3745875827938951,,
57.53,-0.047046868645357204,,
57.535000000000004,-0.5286039755867282,,
57.54,0.22199320908512726,,
57.545,0.4068349621843822,,
57.550000000000004,-0.0698348906169691,,
57.555,-0.48241914834240746,,
57.56,0.23505729865843927,,
57.565,0.582745025153,,
57.57,-0.1906582755226494,,
57.575,-0.44826501968735105,,
57.58,0.14733876220236183,,
57.585,0.4304174928597224,,
57.59,-0.11874194117762099,,
57.595,-0.5544098976188379,,
57.6,0.1878427163113685,,
57.605000000000004,0.5821936174854712,,
57.61,-0.12934163224786144,,
57.615,-0.4759766364624563,,
57.620000000000005,-0.03428813733211211,,
57.625,0.5803383302371471,,
57.63,-0.20263459889376145,,
57.635,-0.3101621191563735,,
57.64,0.1067184395312971,,
57.645,0.48775846439084003,,
57.65,-0.04788235906611691,,
57.655,-0.4525735844901687,,
57.660000000000004,0.11726224722125378,,
57.665,0.4917408809557248,,
57.67,-0.09043974049923163,,
57.675000000000004,-0.535950334562147,,
57.68,0.1745058535720705,,
57.685,0.7553475004608196,,
57.69,-0.22784178489643414,,
57.695,-0.5918838604481234,,
57.7,0.24596420252429535,,
57.705,0.2998846552141024,,
57.71,-0.13054297689009992,,
57.715,-0.47493392463154244,,
57.72,0.10671349386287386,,
57.725,0.5434463494069797,,
57.730000000000004,-0.14032251060521694,,
57.735,-0.48919051166425465,,
57.74,0.25662861414265786,,
57.745000000000005,0.5332824416655325,,
57.75,-0.1457846874414829,,
57.755,-0.5326436017916222,,
57.76,0.16596251239601634,,
57.765,0.43213564580373653,,
57.77,-0.05447150812822403,,
57.775,-0.5109375126482161,,
57.78,0.09438073584452823,,
57.785000000000004,0.41816817419100305,,
57.79,-0.19731499575354589,,
57.795,-0.5288366782935344,,
57.800000000000004,0.07135334916026448,,
57.805,0.6330192320951112,,
57.81,-0.018757613340469242,,
57.815,-0.4721089925929197,,
57.82,0.014951974934958201,,
57.825,0.46093714362863275,,
57.83,-0.25091763192103167,,
57.835,-0.26961895269269115,,
57.84,0.2249360856552266,,
57.845,0.47853751715050635,,
57.85,-0.09716766368574233,,
57.855000000000004,-0.5581085467497882,,
57.86,-0.07496628544609786,,
57.865,0.39392793513064206,,
57.870000000000005,-0.02133434047443139,,
57.875,-0.3681349442787805,,
57.88,0.05701027253400411,,
57.885,0.4071117037376432,,
57.89,-0.13080424164392263,,
57.895,-0.4131943735818253,,
57.9,0.013528372013954779,,
57.905,0.4098927156850027,,
57.910000000000004,-0.05975600614773352,,
57.915,-0.47598126531606627,,
57.92,0.2506950319052931,,
57.925000000000004,0.7753362527045147,,
57.93,-0.10518923585363199,,
57.935,-0.5022996562778403,,
57.94,0.15528547730992395,,
57.945,0.6520425799562826,,
57.95,0.0032636103681325246,,
57.955,-0.3903701838624132,,
57.96,-0.07195763603895368,,
57.965,0.3244348975680523,,
57.97,-0.13064257482593344,,
57.975,-0.4597095052683087,,
57.980000000000004,0.00369157235979746,,
57.985,0.5632286657424357,,
57.99,-0.05033422703511632,,
57.995000000000005,-0.4968474281273916,,
58.0,-0.06818888967208186,,
58.005,0.5124792745069106,,
58.01,0.0827386561138098,,
58.015,-0.49760875219809253,,
58.02,0.24528452850626284,,
58.025,0.7622063244122727,,
58.03,-0.19474438472757472,,
58.035000000000004,-0.31457608709936097,,
58.04,0.022395268714159228,,
58.045,0.42357234287503,,
58.050000000000004,-0.08228330479938417,,
58.055,-0.4367631824497059,,
58.06,-0.00442684124371151,,
58.065,0.5325188286004997,,
58.07,-0.2940489402225144,,
58.075,-0.4071570161380393,,
58.08,0.07100843109817329,,
58.085,0.6187667570660775,,
58.09,-0.2507208615582025,,
58.095,-0.4166495575131888,,
58.1,0.1756123867949751,,
58.105000000000004,0.4947784148618684,,
58.11,-0.18604509874485076,,
58.115,-0.49382024532212054,,
58.120000000000005,0.11250756145421545,,
58.125,0.573112828311951,,
58.13,-0.0757836916325057,,
58.135,-0.4044001352877604,,
58.14,0.16804134189784303,,
58.145,0.44529801736854735,,
58.15,-0.08553266079548247,,
58.155,-0.648796604755778,,
58.160000000000004,-0.009892006713404053,,
58.165,0.43984376445246487,,
58.17,-0.08942120220405965,,
58.175000000000004,-0.539905906411411,,
58.18,0.09783255701188309,,
58.185,0.4024131126318,,
58.19,-0.18474729383862576,,
58.195,-0.5089337625982746,,
58.2,0.0057948320073897,,
58.205,0.4872187245869594,,
58.21,-0.17125161855445048,,
58.215,-0.3840767632736036,,
58.22,0.12354542547100275,,
58.225,0.44463017157408447,,
58.230000000000004,-0.024092058069391464,,
58.235,-0.4383260774858402,,
58.24,0.0917977724376452,,
58.245000000000005,0.49051916680684005,,
58.25,-0.22252593537100818,,
58.255,-0.3713415412048569,,
58.26,-0.1261991308541001,,
58.265,0.4457726102719163,,
58.27,-0.07168357194475468,,
58.275,-0.3482903036144209,,
58.28,0.19763472557868755,,
58.285000000000004,0.6981023145386477,,
58.29,-0.07954051218950836,,
58.295,-0.5590971448195411,,
58.300000000000004,0.16023293272022937,,
58.305,0.39965662468461316,,
58.31,-0.12056254209429323,,
58.315,-0.5536851074273231,,
58.32,0.10412643952641756,,
58.325,0.45298392647593133,,
58.33,-0.09980384703445629,,
58.335,-0.5406262315282699,,
58.34,0.17951816371204687,,
58.345,0.4185526670548196,,
58.35,-0.038125059807069026,,
58.355000000000004,-0.5319914458038453,,
58.36,0.1311979247635049,,
58.365,0.49901550268102984,,
58.370000000000005,-0.013371708500589302,,
58.375,-0.5355090491308953,,
58.38,0.15283986095603228,,
58.385,0.3852824362967373,,
58.39,0.04315967683203603,,
58.395,-0.36788172992128604,,
58.4,0.0673796237614474,,
58.405,0.53442788007228,,
58.410000000000004,-0.1694494193224314,,
58.415,-0.45093365054204776,,
58.42,0.09718296704343846,,
58.425000000000004,0.5454532683374074,,
58.43,-0.021124549834634868,,
58.435,-0.43841094705730077,,
58.44,-0.05329127044169127,,
58.445,0.5418059797137689,,
58.45,-0.25409956835032077,,
58.455,-0.4954638350432051,,
58.46,0.17464734637699963,,
58.465,0.39793081576089306,,
58.47,-0.14795327020656868,,
58.475,-0.4065319236083221,,
58.480000000000004,0.09831419034540677,,
58.485,0.6991524652173757,,
58.49,0.03770769033718277,,
58.495000000000005,-0.37097214065344863,,
58.5,0.2003045227541329,,
58.505,0.5977974957445321,,
58.51,-0.06074749409242478,,
58.515,-0.4067468808375021,,
58.52,0.09132148384186838,,
58.525,0.5900940485632123,,
58.53,-0.1672152102532891,,
58.535000000000004,-0.49226936940443244,,
58.54,0.01349218822123438,,
58.545,0.37976350696632577,,
58.550000000000004,-0.12885232224921697,,
58.555,-0.5154727080842244,,
58.56,-0.08999777611795988,,
58.565,0.39964181803292015,,
58.57,-0.19929720851309563,,
58.575,-0.4362208603030372,,
58.58,0.11513669475017138,,
58.585,0.42970851642641394,,
58.59,-0.3226118332534043,,
58.595,-0.4819533840756348,,
58.6,-0.04077514280516763,,
58.605000000000004,0.5177997200037062,,
58.61,-0.26417681482763283,,
58.615,-0.378591631358279,,
58.620000000000005,0.2636272089393955,,
58.625,0.6351292913132762,,
58.63,-0.11412152904692426,,
58.635,-0.28948405311960146,,
58.64,0.25100801431889486,,
58.645,0.622772938048429,,
58.65,-0.045745717314909416,,
58.655,-0.46493454695880343,,
58.660000000000004,-0.12405655446859469,,
58.665,0.4327397062452604,,
58.67,0.008584246218630631,,
58.675000000000004,-0.49948010585508384,,
58.68,-0.02766645198761941,,
58.685,0.5248082132391877,,
58.69,-0.08178080474659165,,
58.695,-0.5973250338601833,,
58.7,0.005221811350607189,,
58.705,0.1936548726694221,,
58.71,-0.17319193393917626,,
58.715,-0.5033653110735157,,
58.72,0.15688763466543398,,
58.725,0.6437450912916206,,
58.730000000000004,-0.14002217499801006,,
58.735,-0.5164446517431247,,
58.74,0.026108462759849918,,
58.745000000000005,0.4136283126431647,,
58.75,-0.15118046477292896,,
58.755,-0.35070687669561695,,
58.76,0.12805817209374684,,
58.765,0.4173696382566934,,
58.77,-0.11540511669012442,,
58.775,-0.3186782791520212,,
58.78,0.2013803899749118,,
58.785000000000004,0.6109781422407692,,
58.79,-0.018418641270872588,,
58.795,-0.42849826780566114,,
58.800000000000004,0.12944822240724477,,
58.805,0.5620552130884997,,
58.81,-0.03303391595965896,,
58.815,-0.5701121653877419,,
58.82,7.85161305816573e-05,,
58.825,0.5255479196477625,,
58.83,0.09394901004467615,,
58.835,-0.3728558076939434,,
58.84,0.09886046990359462,,
58.845,0.4371750102650559,,
58.85,0.054636808020582905,,
58.855000000000004,-0.2254625773848139,,
58.86,-0.1949179045474711,,
58.865,0.5447579717502576,,
58.870000000000005,-0.10902083244700568,,
58.875,-0.44561773044732855,,
58.88,0.059180149899743045,,
58.885,0.49295709736663323,,
58.89,-0.17684018371897098,,
58.895,-0.5840748973097898,,
58.9,-0.06131251432183758,,
58.905,0.46151598982201836,,
58.910000000000004,-0.15458788208943844,,
58.915,-0.5543598458070538,,
58.92,-0.06656404962281404,,
58.925000000000004,0.5364190995857508,,
58.93,-0.056240449810798385,,
58.935,-0.5503628835346495,,
58.94,0.23291652566978482,,
58.945,0.48107205183439067,,
58.95,-0.13034013897310065,,
58.955,-0.4500167745011063,,
58.96,0.20023647405204453,,
58.965,0.5488853520351124,,
58.97,0.05864571476976438,,
58.975,-0.36739086213274974,,
58.980000000000004,0.19911082590911486,,
58.985,0.5082414374086702,,
58.99,-0.08126912593829533,,
58.995000000000005,-0.5034842611301502,,
59.0,0.18429933004231874,,
59.005,0.5809095171068774,,
59.01,-0.07811743254338926,,
59.015,-0.5264393086632334,,
59.02,0.09487311253175593,,
59.025,0.5191187292234497,,
59.03,-0.11863113316974096,,
59.035000000000004,-0.47950925367304714,,
59.04,0.13714585683137892,,
59.045,0.567972717910791,,
59.050000000000004,-0.22513717366320748,,
59.055,-0.613862806548137,,
59.06,0.09203902856484458,,
59.065,0.33205732298341756,,
59.07,-0.050355962866969285,,
59.075,-0.4486335328205405,,
59.08,0.16924259778542966,,
59.085,0.4510960528683145,,
59.09,0.10009469137048102,,
59.095,-0.4732939030326318,,
59.1,0.06214440658979313,,
59.105000000000004,0.6055699544894179,,
59.11,-0.09406251602851917,,
59.115,-0.3918971686893709,,
59.120000000000005,0.021874820510279766,,
59.125,0.5331662640599794,,
59.13,-0.1228200259048537,,
59.135,-0.6073263825926954,,
59.14,-0.03909974733334558,,
59.145,0.5463125439546633,,
59.15,-0.004703894501299072,,
59.155,-0.4218202444507345,,
59.160000000000004,0.07385472665540652,,
59.165,0.5128742978739322,,
59.17,-0.08275381874773263,,
59.175000000000004,-0.4429026866247247,,
59.18,0.15038761738595247,,
59.185,0.43253741534084456,,
59.19,-0.19793013231919682,,
59.195,-0.6483623109086373,,
59.2,0.03283104678111633,,
59.205,0.4502044412743445,,
59.21,-0.09584933977613694,,
59.215,-0.4650115614699965,,
59.22,0.12869859182469195,,
59.225,0.5193842889377775,,
59.230000000000004,-0.03115235935861818,,
59.235,-0.5187550504832977,,
59.24,0.013789596031949292,,
59.245000000000005,0.4862734240128365,,
59.25,-0.1279227931394957,,
59.255,-0.2569641901371559,,
59.26,0.07212677789698979,,
59.265,0.46566854768463806,,
59.27,-0.04671454619014974,,
59.275,-0.46138645902553166,,
59.28,0.046055958347297164,,
59.285000000000004,0.37880471382941944,,
59.29,-0.10295764933083124,,
59.295,-0.6629123954579902,,
59.300000000000004,0.015618507315941665,,
59.305,0.4203547745704834,,
59.31,-0.014371717469783843,,
59.315,-0.54514010024871,,
59.32,0.11526003897490666,,
59.325,0.5465493343924779,,
59.33,-0.1691275551372296,,
59.335,-0.4245223635209127,,
59.34,0.018155752620424723,,
59.345,0.5510638145170976,,
59.35,-0.06768801093237592,,
59.355000000000004,-0.5935340296224434,,
59.36,0.0743822233217778,,
59.365,0.518773121842612,,
59.370000000000005,0.1527313493211819,,
59.375,-0.40483815337879747,,
59.38,0.03003124202365083,,
59.385,0.32086877245371737,,
59.39,-0.11181588210347723,,
59.395,-0.5465544964528435,,
59.4,0.17737200713866696,,
59.405,0.5235521791977564,,
59.410000000000004,-0.04027584392124209,,
59.415,-0.43613429208897847,,
59.42,0.18786810317306268,,
59.425000000000004,0.5352710578803084,,
59.43,-0.14155604622696277,,
59.435,-0.49823309780387853,,
59.44,0.031508668675792856,,
59.445,0.3530013525304573,,
59.45,0.07220786002368314,,
59.455,-0.4746322295397438,,
59.46,0.20082783254254308,,
59.465,0.32333252455654116,,
59.47,-0.19222481451588458,,
59.475,-0.4911630950756787,,
59.480000000000004,0.03308710754707497,,
59.485,0.5067115243642789,,
59.49,-0.06480721565641612,,
59.495000000000005,-0.6403599105688461,,
59.5,0.1884368522430175,,
59.505,0.3760278657121848,,
59.51,-0.33323850805865396,,
59.515,-0.37675516340486337,,
59.52,0.017809397585189346,,
59.525,0.4662268164437308,,
59.53,-0.22414045330783527,,
59.535000000000004,-0.5402162781563566,,
59.54,-0.1655292159324519,,
59.545,0.4597740317170151,,
59.550000000000004,-0.03223084703539758,,
59.555,-0.5929125401450747,,
59.56,0.0026095710573698083,,
59.565,0.5091263850879499,,
59.57,-0.0733417314271701,,
59.575,-0.5665814987433984,,
59.58,-0.041670654538402505,,
59.585,0.4190794138613427,,
59.59,-0.04376243229312986,,
59.595,-0.3316749629258996,,
59.6,0.18268597562279262,,
59.605000000000004,0.47573734512872173,,
59.61,-0.1895736333855204,,
59.615,-0.6318389277063987,,
59.620000000000005,-0.04494893819002868,,
59.625,0.48319230458461737,,
59.63,-0.10086784057558008,,
59.635,-0.43966685829690977,,
59.64,0.17868852755534015,,
59.645,0.5662029669287891,,
59.65,-0.0848664027778447,,
59.655,-0.6256578344412863,,
59.660000000000004,0.07162363662534554,,
59.665,0.4251993931489141,,
59.67,-0.17093133831552249,,
59.675000000000004,-0.6089435178873334,,
59.68,0.08758835423275974,,
59.685,0.5486126537390756,,
59.69,0.012961952302111973,,
59.695,-0.49684982206062783,,
59.7,0.23055788966870638,,
59.705,0.4752154221277312,,
59.71,0.04651291476033988,,
59.715,-0.5415832400066375,,
59.72,-0.003262402016108251,,
59.725,0.4630242611332635,,
59.730000000000004,0.04670512163904386,,
59.735,-0.480063774185491,,
59.74,0.06841406022104884,,
59.745000000000005,0.33783103876418386,,
59.75,-0.015090909094520419,,
59.755,-0.30337621654862534,,
59.76,0.08127653560081384,,
59.765,0.6548222701500755,,
59.77,-0.07024516010779996,,
59.775,-0.3761740634613705,,
59.78,0.07445161090078692,,
59.785000000000004,0.35205025277070023,,
59.79,-0.20233701937642817,,
59.795,-0.48269638241805124,,
59.800000000000004,0.019613841666942994,,
59.805,0.46722538037377215,,
59.81,-0.13227830634762497,,
59.815,-0.5502117750478601,,
59.82,0.14808239957528194,,
59.825,0.423484472300724,,
59.83,0.023895203589249264,,
59.835,-0.4490391859146231,,
59.84,0.17179902966872257,,
59.845,0.5489610816706187,,
59.85,-0.1298366207001933,,
59.855000000000004,-0.45214742255649376,,
59.86,0.2907018402875465,,
59.865,0.4278754391814501,,
59.870000000000005,-0.08562817836204281,,
59.875,-0.4983047257141153,,
59.88,0.17176269926488014,,
59.885,0.504037719323392,,
59.89,-0.07390101763696408,,
59.895,-0.5848084913042264,,
59.9,0.2336653589783152,,
59.905,0.4432427444657432,,
59.910000000000004,-0.11907292891168712,,
59.915,-0.5160470506233963,,
59.92,0.03709045414237601,,
59.925000000000004,0.43198071155252915,,
59.93,-0.07897808192705162,,
59.935,-0.5993688863308492,,
59.94,0.024817227643990886,,
59.945,0.5846019606341404,,
59.95,-0.21718416647465483,,
59.955,-0.6471458720888232,,
59.96,-0.046925717255950766,,
59.965,0.31218088205244604,,
59.97,0.02505069170553237,,
59.975,-0.5399801728100829,,
59.980000000000004,-0.09774770978275411,,
59.985,0.21723330667657414,,
59.99,-0.04790314661816607,,
59.995000000000005,-0.5523336583054119,,
60.0,-0.03168811230180224,,
