{
  "target": "T101_fig1",
  "params": {
    "J": 3,
    "K": 3,
    "alpha": "1/3",
    "tau": 2,
    "Nk": 61,
    "Nbeta": 61
  },
  "omega_over_pi_range": [
    -0.9549296585513724,
    0.9549296585513722
  ],
  "band_omega_ranges_over_pi": [
    [
      -0.9549296585513724,
      -0.563264275779009
    ],
    [
      -0.28127495840128997,
      0.28127495840129
    ],
    [
      0.5632642757790093,
      0.9549296585513722
    ]
  ],
  "rho_sum_min": 0.9999999999999849,
  "rho_sum_max": 1.0000000000000118,
  "rho_at_k0": [
    1.9858772474983836e-30,
    0.561748248740771,
    0.43825175125922977
  ]
}