{
  "status": "passed",
  "target": "T201_T202_fig2",
  "params": {
    "J": 3,
    "K": 3,
    "T": 1024,
    "Nk": 401
  },
  "band_reported": 0,
  "actual_range": [
    -0.004612737190738403,
    0.003970216897640877
  ],
  "theory_range": [
    -0.004879810331846164,
    0.004670425170044457
  ],
  "correlation_per_band": [
    0.737687372229525,
    0.9211685584852588,
    0.8884422367942458
  ],
  "bottom_band_corr": 0.737687372229525,
  "sum_over_bands_drho_max_abs": 3.368500617328962e-10
}