{
  "status": "passed",
  "target": "T401_fig4",
  "params": {
    "J_range": [
      5.0,
      5.3
    ],
    "N_J": 61,
    "T": 2560,
    "n_sub": 100
  },
  "transition_J_theory_jump": 5.14,
  "chern_below": [
    -3.9999999999999996,
    7.999999999999997,
    -3.9999999999999982
  ],
  "chern_above": [
    7.999999999999995,
    -15.999999999999995,
    7.999999999999996
  ],
  "actual_range": [
    0.920300070655145,
    17.40111115397741
  ],
  "berry_range": [
    1.1362049315867004,
    11.144667501184886
  ],
  "theory_total_range": [
    1.544653750052415,
    19.494023991178842
  ],
  "mean_abs_actual_minus_total": 1.1170051053700771,
  "mean_abs_actual_minus_berry": 4.809494815453038
}