{
  "status": "passed",
  "checks_total": 9,
  "checks_passed": 9,
  "checks": {
    "floquet_unitary": {
      "passed": true,
      "max_unitarity_error": 2.864375403532904e-14
    },
    "undriven_analytic_band": {
      "passed": true,
      "max_band_error": 5.10702591327572e-15
    },
    "populations_sum_to_one": {
      "passed": true,
      "max_sum_deviation": 4.440892098500626e-15
    },
    "k_reflection_symmetry": {
      "passed": true,
      "rho_asym": 5.412337245047638e-15,
      "omega_asym": 1.3322676295501878e-15
    },
    "chern_sum_and_magnitude": {
      "passed": true,
      "chern": [
        -4.000000000000001,
        7.999999999999999,
        -3.9999999999999987
      ],
      "abs_int_sorted": [
        4,
        4,
        8
      ],
      "chern_sum": -4.440892098500626e-16
    },
    "fast_matches_exact_evolution": {
      "passed": true,
      "max_abs_diff": 0.009123626173974607
    },
    "initial_x_is_zero": {
      "passed": true,
      "initial_x": 0.0
    },
    "theory_matches_dynamics_dx": {
      "passed": true,
      "theory_total": 3.081465295857399,
      "berry_only": 4.322384433953163,
      "actual": 3.1548154237434716
    },
    "delta_rho_theory_tracks_actual": {
      "passed": true,
      "correlation_per_band": [
        0.819418610275896,
        0.8883583538889052,
        0.877871983754416
      ]
    }
  }
}