particles,coupling,sector,selector,lower_index,lower_energy,upper_energy,midpoint_offset,spacing
600,1.05,0,midpoint_nearest,1,-300.3963269850477,-299.9507642590678,-0.17354562205775892,0.44556272597992574
700,1.05,0,midpoint_nearest,2,-350.05365487420784,-349.4881056781911,0.22911972380052248,0.5655491960167183
800,1.05,0,midpoint_nearest,2,-400.14182446853346,-399.61938017879845,0.11939767633407428,0.5224442897350059
900,1.05,0,midpoint_nearest,2,-450.2181799613048,-449.73471242552847,0.023553806583322512,0.4834675357763558
1000,1.05,0,midpoint_nearest,2,-500.2844517243732,-499.83759346003274,-0.06102259220295991,0.44685826434044884
1100,1.05,0,midpoint_nearest,2,-550.3418384472952,-549.9303927238353,-0.1361155855652214,0.4114457234599058
1200,1.05,0,midpoint_nearest,2,-600.3915322436517,-600.0147418977909,-0.20313707072136822,0.37679034586074067
1300,1.05,0,midpoint_nearest,3,-650.0917487963716,-649.6199918959134,0.1441296538575898,0.4717569004582174
1400,1.05,0,midpoint_nearest,3,-700.1621223074867,-699.7149003666005,0.06148866295643529,0.44722194088615197
600,1.05,0,straddling,1,-300.3963269850477,-299.9507642590678,-0.17354562205775892,0.44556272597992574
700,1.05,0,straddling,2,-350.05365487420784,-349.4881056781911,0.22911972380052248,0.5655491960167183
800,1.05,0,straddling,2,-400.14182446853346,-399.61938017879845,0.11939767633407428,0.5224442897350059
900,1.05,0,straddling,2,-450.2181799613048,-449.73471242552847,0.023553806583322512,0.4834675357763558
1000,1.05,0,straddling,2,-500.2844517243732,-499.83759346003274,-0.06102259220295991,0.44685826434044884
1100,1.05,0,straddling,2,-550.3418384472952,-549.9303927238353,-0.1361155855652214,0.4114457234599058
1200,1.05,0,straddling,3,-600.0147418977909,-599.5173445217364,0.2339567902363342,0.4973973760545505
1300,1.05,0,straddling,3,-650.0917487963716,-649.6199918959134,0.1441296538575898,0.4717569004582174
1400,1.05,0,straddling,3,-700.1621223074867,-699.7149003666005,0.06148866295643529,0.44722194088615197
600,1.05,0,local_minimum_gap,0,-300.6851996282831,-300.3963269850477,-0.5407633066654398,0.2888726432353792
700,1.05,0,local_minimum_gap,0,-350.7369439961407,-350.44471138262844,-0.5908276893845823,0.292232613512283
800,1.05,0,local_minimum_gap,0,-400.79131639089303,-400.4867554304352,-0.6390359106641199,0.30456096045782033
900,1.05,0,local_minimum_gap,1,-450.52589987698667,-450.2181799613048,-0.3720399191457773,0.30771991568184376
1000,1.05,0,local_minimum_gap,1,-500.564821921245,-500.2844517243732,-0.4246368228091342,0.28037019687184284
1100,1.05,0,local_minimum_gap,1,-550.60547457914,-550.3418384472952,-0.4736565132176338,0.2636361318448053
1200,1.05,0,local_minimum_gap,1,-600.6490191526032,-600.3915322436517,-0.5202756981274206,0.25748690895147774
1300,1.05,0,local_minimum_gap,1,-650.6957973385021,-650.435054321835,-0.5654258301685786,0.26074301666710653
1400,1.05,0,local_minimum_gap,1,-700.7455129391658,-700.4742778081993,-0.6098953736825479,0.2712351309664882
600,1.05,1,midpoint_nearest,1,-300.2134541262158,-299.6585537247481,0.06399607451805878,0.5549004014677053
700,1.05,1,midpoint_nearest,1,-350.2968888046902,-349.7864546283024,-0.041671716496296085,0.5104341763877756
800,1.05,1,midpoint_nearest,1,-400.37109005022273,-399.8969438443527,-0.13401694728770508,0.4741462058700563
900,1.05,1,midpoint_nearest,1,-450.4388729687853,-449.9943872700307,-0.21663011940802335,0.44448569875459043
1000,1.05,1,midpoint_nearest,2,-500.0817084222024,-499.5709635356303,0.17366402108365264,0.5107448865720698
1100,1.05,1,midpoint_nearest,2,-550.1609893528145,-549.6787859601578,0.08011234351386065,0.48220339265662915
1200,1.05,1,midpoint_nearest,2,-600.2338030973577,-599.7771038500194,-0.005453473688589838,0.4566992473382925
1300,1.05,1,midpoint_nearest,2,-650.3014066706986,-649.867482680603,-0.08444467565072955,0.43392399009564997
1400,1.05,1,midpoint_nearest,2,-700.364853393719,-699.9511172158549,-0.15798530478696193,0.41373617786416617
600,1.05,1,straddling,1,-300.2134541262158,-299.6585537247481,0.06399607451805878,0.5549004014677053
700,1.05,1,straddling,1,-350.2968888046902,-349.7864546283024,-0.041671716496296085,0.5104341763877756
800,1.05,1,straddling,1,-400.37109005022273,-399.8969438443527,-0.13401694728770508,0.4741462058700563
900,1.05,1,straddling,1,-450.4388729687853,-449.9943872700307,-0.21663011940802335,0.44448569875459043
1000,1.05,1,straddling,2,-500.0817084222024,-499.5709635356303,0.17366402108365264,0.5107448865720698
1100,1.05,1,straddling,2,-550.1609893528145,-549.6787859601578,0.08011234351386065,0.48220339265662915
1200,1.05,1,straddling,2,-600.2338030973577,-599.7771038500194,-0.005453473688589838,0.4566992473382925
1300,1.05,1,straddling,2,-650.3014066706986,-649.867482680603,-0.08444467565072955,0.43392399009564997
1400,1.05,1,straddling,2,-700.364853393719,-699.9511172158549,-0.15798530478696193,0.41373617786416617
600,1.05,1,local_minimum_gap,0,-300.66223298948455,-300.2134541262158,-0.4378435578502149,0.4487788632687284
700,1.05,1,local_minimum_gap,0,-350.7239064913048,-350.2968888046902,-0.510397647997479,0.4270176866145903
800,1.05,1,local_minimum_gap,0,-400.7841163753141,-400.37109005022273,-0.5776032127683948,0.41302632509137993
900,1.05,1,local_minimum_gap,0,-450.84357824892027,-450.4388729687853,-0.6412256088527784,0.4047052801349764
1000,1.05,1,local_minimum_gap,0,-500.90268898652397,-500.5022170916261,-0.702453039075067,0.40047189489786206
1100,1.05,1,local_minimum_gap,0,-550.9616625479915,-550.5625661283362,-0.7621143381638831,0.39909641965527953
1200,1.05,1,local_minimum_gap,1,-600.6209843408343,-600.2338030973577,-0.42739371909601687,0.3871812434765616
1300,1.05,1,local_minimum_gap,1,-650.6782474571847,-650.3014066706986,-0.4898270639416751,0.3768407864861274
1400,1.05,1,local_minimum_gap,1,-700.7349042428805,-700.364853393719,-0.5498788182997032,0.37005084916143005
600,1.1,0,midpoint_nearest,3,-300.2006740236809,-299.6329349365098,0.0831955199046206,0.5677390871711054
700,1.1,0,midpoint_nearest,3,-350.3805086593018,-349.9104729706671,-0.14549081498444139,0.47003568863470946
800,1.1,0,midpoint_nearest,4,-400.1418586292761,-399.5920325657149,0.13305440250451284,0.5498260635612269
900,1.1,0,midpoint_nearest,4,-450.32677762949885,-449.8541152826267,-0.09044645606275026,0.47266234687214137
1000,1.1,0,midpoint_nearest,5,-500.0812669471888,-499.5427967079996,0.1879681724058173,0.5384702391891665
1100,1.1,0,midpoint_nearest,5,-550.2711343298977,-549.7951400987129,-0.03313721430527039,0.47599423118481354
1200,1.1,0,midpoint_nearest,5,-600.4223272515394,-600.0195010778898,-0.2209141647145998,0.4028261736496006
1300,1.1,0,midpoint_nearest,6,-650.2134524806046,-649.7346541629382,0.025946678228592646,0.47879831766636016
1400,1.1,0,midpoint_nearest,6,-700.3724163223061,-699.9569538008265,-0.16468506156627427,0.4154625214796397
600,1.1,0,straddling,3,-300.2006740236809,-299.6329349365098,0.0831955199046206,0.5677390871711054
700,1.1,0,straddling,3,-350.3805086593018,-349.9104729706671,-0.14549081498444139,0.47003568863470946
800,1.1,0,straddling,4,-400.1418586292761,-399.5920325657149,0.13305440250451284,0.5498260635612269
900,1.1,0,straddling,4,-450.32677762949885,-449.8541152826267,-0.09044645606275026,0.47266234687214137
1000,1.1,0,straddling,5,-500.0812669471888,-499.5427967079996,0.1879681724058173,0.5384702391891665
1100,1.1,0,straddling,5,-550.2711343298977,-549.7951400987129,-0.03313721430527039,0.47599423118481354
1200,1.1,0,straddling,6,-600.0195010778898,-599.4890666563841,0.24571613286298088,0.5304344215056744
1300,1.1,0,straddling,6,-650.2134524806046,-649.7346541629382,0.025946678228592646,0.47879831766636016
1400,1.1,0,straddling,6,-700.3724163223061,-699.9569538008265,-0.16468506156627427,0.4154625214796397
600,1.1,0,local_minimum_gap,2,-300.57545668817244,-300.2006740236809,-0.38806535592664204,0.3747826644915335
700,1.1,0,local_minimum_gap,2,-350.72954984083077,-350.3805086593018,-0.5550292500662977,0.34904118152894625
800,1.1,0,local_minimum_gap,3,-400.5213794217007,-400.1418586292761,-0.3316190254884077,0.37952079242461423
900,1.1,0,local_minimum_gap,3,-450.66157630618756,-450.32677762949885,-0.4941769678432024,0.3347986766887061
1000,1.1,0,local_minimum_gap,3,-500.82665623085967,-500.47135757394244,-0.6490069024010836,0.3552986569172276
1100,1.1,0,local_minimum_gap,4,-550.6035583619253,-550.2711343298977,-0.4373463459114646,0.33242403202757487
1200,1.1,0,local_minimum_gap,4,-600.753514502403,-600.4223272515394,-0.587920876971225,0.33118725086364975
1300,1.1,0,local_minimum_gap,5,-650.5518294696961,-650.2134524806046,-0.3826409751503661,0.33837698909155733
1400,1.1,0,local_minimum_gap,5,-700.689538547453,-700.3724163223061,-0.53097743487956,0.31712222514693167
600,1.1,1,midpoint_nearest,2,-300.4858326372937,-299.94154590070747,-0.2136892690006107,0.5442867365862298
700,1.1,1,midpoint_nearest,3,-350.18997043398707,-349.61453012893634,0.09774971853829584,0.5754403050507335
800,1.1,1,midpoint_nearest,3,-400.40904493204766,-399.8857069849142,-0.14737595848089313,0.5233379471334842
900,1.1,1,midpoint_nearest,4,-450.1237111531835,-449.5685562009501,0.15386632293319735,0.5551549522333517
1000,1.1,1,midpoint_nearest,4,-500.3372283927515,-499.8268047529184,-0.08201657283495933,0.5104236398331068
1100,1.1,1,midpoint_nearest,5,-550.0582716252478,-549.5166298409315,0.21254926691040055,0.5416417843163117
1200,1.1,1,midpoint_nearest,5,-600.2683078591193,-599.766301686873,-0.01730477299611266,0.502006172246297
1300,1.1,1,midpoint_nearest,5,-650.4634436326538,-649.9933447930312,-0.22839421284243144,0.47009883962266485
1400,1.1,1,midpoint_nearest,6,-700.2011768174909,-699.704848070136,0.046987556186536494,0.49632874735493715
600,1.1,1,straddling,2,-300.4858326372937,-299.94154590070747,-0.2136892690006107,0.5442867365862298
700,1.1,1,straddling,3,-350.18997043398707,-349.61453012893634,0.09774971853829584,0.5754403050507335
800,1.1,1,straddling,3,-400.40904493204766,-399.8857069849142,-0.14737595848089313,0.5233379471334842
900,1.1,1,straddling,4,-450.1237111531835,-449.5685562009501,0.15386632293319735,0.5551549522333517
1000,1.1,1,straddling,4,-500.3372283927515,-499.8268047529184,-0.08201657283495933,0.5104236398331068
1100,1.1,1,straddling,5,-550.0582716252478,-549.5166298409315,0.21254926691040055,0.5416417843163117
1200,1.1,1,straddling,5,-600.2683078591193,-599.766301686873,-0.01730477299611266,0.502006172246297
1300,1.1,1,straddling,5,-650.4634436326538,-649.9933447930312,-0.22839421284243144,0.47009883962266485
1400,1.1,1,straddling,6,-700.2011768174909,-699.704848070136,0.046987556186536494,0.49632874735493715
600,1.1,1,local_minimum_gap,1,-301.0095492914895,-300.4858326372937,-0.7476909643916088,0.5237166541958231
700,1.1,1,local_minimum_gap,2,-350.69630386915816,-350.18997043398707,-0.44313715157261413,0.5063334351710864
800,1.1,1,local_minimum_gap,2,-400.9023212217046,-400.40904493204766,-0.6556830768761301,0.49327628965693293
900,1.1,1,local_minimum_gap,3,-450.61219740088575,-450.1237111531835,-0.36795427703464156,0.48848624770226934
1000,1.1,1,local_minimum_gap,3,-500.810334961832,-500.3372283927515,-0.5737816772917768,0.4731065690804712
1100,1.1,1,local_minimum_gap,3,-551.010053183298,-550.5355087492738,-0.7727809662859499,0.4745444340242102
1200,1.1,1,local_minimum_gap,4,-600.7276750684559,-600.2683078591193,-0.49799146378768455,0.45936720933661945
1300,1.1,1,local_minimum_gap,4,-650.9205029174544,-650.4634436326538,-0.6919732750541243,0.4570592848006072
1400,1.1,1,local_minimum_gap,5,-700.6512386429152,-700.2011768174909,-0.42620773020303204,0.4500618254243136
600,1.15,0,midpoint_nearest,5,-300.0939804505445,-299.4598031801157,0.22310818466985438,0.6341772704287791
700,1.15,0,midpoint_nearest,5,-350.43554582013996,-349.9535598009723,-0.1945528105561607,0.4819860191676639
800,1.15,0,midpoint_nearest,6,-400.32928199518807,-399.80823548752886,-0.06875874135846516,0.5210465076592072
900,1.15,0,midpoint_nearest,7,-450.21324080865884,-449.66015808006426,0.06330055563842052,0.5530827285945747
1000,1.15,0,midpoint_nearest,8,-500.086674954153,-499.51053177760417,0.20139663412140862,0.5761431765488396
1100,1.15,0,midpoint_nearest,8,-550.4106860322969,-549.9520515583126,-0.1813687953047065,0.4586344739842616
1200,1.15,0,midpoint_nearest,9,-600.306979797758,-599.812151612955,-0.05956570535647643,0.4948281848030547
1300,1.15,0,midpoint_nearest,10,-650.1933273316952,-649.6689409705695,0.06886584886774472,0.5243863611257211
1400,1.15,0,midpoint_nearest,11,-700.0698455242585,-699.5236086531569,0.20327291129228797,0.5462368711016552
600,1.15,0,straddling,5,-300.0939804505445,-299.4598031801157,0.22310818466985438,0.6341772704287791
700,1.15,0,straddling,5,-350.43554582013996,-349.9535598009723,-0.1945528105561607,0.4819860191676639
800,1.15,0,straddling,6,-400.32928199518807,-399.80823548752886,-0.06875874135846516,0.5210465076592072
900,1.15,0,straddling,7,-450.21324080865884,-449.66015808006426,0.06330055563842052,0.5530827285945747
1000,1.15,0,straddling,8,-500.086674954153,-499.51053177760417,0.20139663412140862,0.5761431765488396
1100,1.15,0,straddling,8,-550.4106860322969,-549.9520515583126,-0.1813687953047065,0.4586344739842616
1200,1.15,0,straddling,9,-600.306979797758,-599.812151612955,-0.05956570535647643,0.4948281848030547
1300,1.15,0,straddling,10,-650.1933273316952,-649.6689409705695,0.06886584886774472,0.5243863611257211
1400,1.15,0,straddling,11,-700.0698455242585,-699.5236086531569,0.20327291129228797,0.5462368711016552
600,1.15,0,local_minimum_gap,4,-300.53839484946343,-300.0939804505445,-0.3161876500039398,0.44441439891892287
700,1.15,0,local_minimum_gap,4,-350.8540075562079,-350.43554582013996,-0.6447766881739199,0.41846173606791126
800,1.15,0,local_minimum_gap,5,-400.72208531356375,-400.32928199518807,-0.5256836543759391,0.39280331837568383
900,1.15,0,local_minimum_gap,6,-450.60939372927464,-450.21324080865884,-0.4113172689667408,0.39615292061580476
1000,1.15,0,local_minimum_gap,7,-500.50873596880825,-500.086674954153,-0.29770546148063204,0.4220610146552417
1100,1.15,0,local_minimum_gap,7,-550.7983782858543,-550.4106860322969,-0.6045321590755748,0.38769225355736125
1200,1.15,0,local_minimum_gap,8,-600.6809454738528,-600.306979797758,-0.49396263580547384,0.37396567609482645
1300,1.15,0,local_minimum_gap,9,-650.5776411854937,-650.1933273316952,-0.385484258594488,0.3843138537985169
1400,1.15,0,local_minimum_gap,9,-700.8776358864238,-700.4820842490745,-0.6798600677491322,0.39555163734928556
600,1.15,1,midpoint_nearest,4,-300.41174051076536,-299.79956799216956,-0.1056542514674561,0.6121725185957985
700,1.15,1,midpoint_nearest,5,-350.26040701353435,-349.6464757864007,0.046558600032483355,0.6139312271336621
800,1.15,1,midpoint_nearest,6,-400.11199360761856,-399.4937195263504,0.19714343301552617,0.6182740812681686
900,1.15,1,midpoint_nearest,6,-450.52242774324407,-449.96456914704834,-0.24349844514620145,0.5578585961957288
1000,1.15,1,midpoint_nearest,7,-500.37848120303937,-499.81712247888606,-0.0978018409626884,0.5613587241533082
1100,1.15,1,midpoint_nearest,8,-550.2369335106005,-549.6692031471301,0.04693167113464369,0.5677303634703321
1200,1.15,1,midpoint_nearest,9,-600.0960590020812,-599.5206689895432,0.19163600418778515,0.5753900125380369
1300,1.15,1,midpoint_nearest,9,-650.4829183119944,-649.9547932958753,-0.2188558039348436,0.5281250161190201
1400,1.15,1,midpoint_nearest,10,-700.3462711806322,-699.8125902532088,-0.07943071692056947,0.5336809274234611
600,1.15,1,straddling,4,-300.41174051076536,-299.79956799216956,-0.1056542514674561,0.6121725185957985
700,1.15,1,straddling,5,-350.26040701353435,-349.6464757864007,0.046558600032483355,0.6139312271336621
800,1.15,1,straddling,6,-400.11199360761856,-399.4937195263504,0.19714343301552617,0.6182740812681686
900,1.15,1,straddling,6,-450.52242774324407,-449.96456914704834,-0.24349844514620145,0.5578585961957288
1000,1.15,1,straddling,7,-500.37848120303937,-499.81712247888606,-0.0978018409626884,0.5613587241533082
1100,1.15,1,straddling,8,-550.2369335106005,-549.6692031471301,0.04693167113464369,0.5677303634703321
1200,1.15,1,straddling,9,-600.0960590020812,-599.5206689895432,0.19163600418778515,0.5753900125380369
1300,1.15,1,straddling,9,-650.4829183119944,-649.9547932958753,-0.2188558039348436,0.5281250161190201
1400,1.15,1,straddling,10,-700.3462711806322,-699.8125902532088,-0.07943071692056947,0.5336809274234611
600,1.15,1,local_minimum_gap,3,-300.99724509527823,-300.41174051076536,-0.7044928030218216,0.5855045845128757
700,1.15,1,local_minimum_gap,4,-350.82813856964236,-350.26040701353435,-0.5442727915883552,0.567731556108015
800,1.15,1,local_minimum_gap,5,-400.67123657614053,-400.11199360761856,-0.3916150918795438,0.5592429685219713
900,1.15,1,local_minimum_gap,5,-451.07645257736243,-450.52242774324407,-0.7994401603032202,0.5540248341183656
1000,1.15,1,local_minimum_gap,6,-500.91660480143156,-500.37848120303937,-0.6475430022354658,0.5381235983921897
1100,1.15,1,local_minimum_gap,7,-550.7659585195107,-550.2369335106005,-0.5014460150555351,0.5290250089102528
1200,1.15,1,local_minimum_gap,8,-600.6221426110802,-600.0960590020812,-0.3591008065807273,0.526083608998988
1300,1.15,1,local_minimum_gap,8,-651.0042086621363,-650.4829183119944,-0.7435634870653303,0.5212903501419532
1400,1.15,1,local_minimum_gap,9,-700.8571405648183,-700.3462711806322,-0.6017058727252333,0.5108693841860941
600,1.2,0,midpoint_nearest,7,-300.0675112733933,-299.39036583430004,0.2710614461533396,0.6771454390932377
700,1.2,0,midpoint_nearest,8,-350.1149783326619,-349.46907467678045,0.20797349527879305,0.6459036558814546
800,1.2,0,midpoint_nearest,9,-400.15803775772474,-399.53903491615563,0.15146366305981473,0.6190028415691131
900,1.2,0,midpoint_nearest,10,-450.1976783028584,-449.6025495353419,0.09988608089986428,0.5951287675164849
1000,1.2,0,midpoint_nearest,11,-500.2345633839821,-499.66109838533134,0.05216911534330393,0.5734649986507634
1100,1.2,0,midpoint_nearest,12,-550.2691708327394,-549.7156812559549,0.007573955652787845,0.5534895767845001
1200,1.2,0,midpoint_nearest,13,-600.3018674328616,-599.7670001445647,-0.03443378871315872,0.5348672882969367
1300,1.2,0,midpoint_nearest,14,-650.3329509984769,-649.8155629650583,-0.07425698176757578,0.5173880334185696
1400,1.2,0,midpoint_nearest,15,-700.3626749537414,-699.8617459523347,-0.11221045303796018,0.5009290014066892
600,1.2,0,straddling,7,-300.0675112733933,-299.39036583430004,0.2710614461533396,0.6771454390932377
700,1.2,0,straddling,8,-350.1149783326619,-349.46907467678045,0.20797349527879305,0.6459036558814546
800,1.2,0,straddling,9,-400.15803775772474,-399.53903491615563,0.15146366305981473,0.6190028415691131
900,1.2,0,straddling,10,-450.1976783028584,-449.6025495353419,0.09988608089986428,0.5951287675164849
1000,1.2,0,straddling,11,-500.2345633839821,-499.66109838533134,0.05216911534330393,0.5734649986507634
1100,1.2,0,straddling,12,-550.2691708327394,-549.7156812559549,0.007573955652787845,0.5534895767845001
1200,1.2,0,straddling,13,-600.3018674328616,-599.7670001445647,-0.03443378871315872,0.5348672882969367
1300,1.2,0,straddling,14,-650.3329509984769,-649.8155629650583,-0.07425698176757578,0.5173880334185696
1400,1.2,0,straddling,15,-700.3626749537414,-699.8617459523347,-0.11221045303796018,0.5009290014066892
600,1.2,0,local_minimum_gap,6,-300.5535748380306,-300.0675112733933,-0.3105430557119462,0.4860635646373339
700,1.2,0,local_minimum_gap,7,-350.5813806954536,-350.1149783326619,-0.3481795140577333,0.46640236279171177
800,1.2,0,local_minimum_gap,8,-400.6089659125426,-400.15803775772474,-0.383501835133643,0.4509281548178592
900,1.2,0,local_minimum_gap,9,-450.6365331940461,-450.1976783028584,-0.41710574845222936,0.4388548911877024
1000,1.2,0,local_minimum_gap,10,-500.6642281948071,-500.2345633839821,-0.44939578939460034,0.4296648108249883
1100,1.2,0,local_minimum_gap,11,-550.6921549727234,-550.2691708327394,-0.4806629027314102,0.42298413998400974
1200,1.2,0,local_minimum_gap,12,-600.7203852431716,-600.3018674328616,-0.5111263380165383,0.41851781030993607
1300,1.2,0,local_minimum_gap,13,-650.7489647576363,-650.3329509984769,-0.540957878056588,0.41601375915934113
1400,1.2,0,local_minimum_gap,14,-700.7779183059712,-700.3626749537414,-0.5702966298563297,0.41524335222982245
600,1.2,1,midpoint_nearest,6,-300.41893743300363,-299.7543448464613,-0.08664113973247822,0.6645925865423123
700,1.2,1,midpoint_nearest,7,-350.46249071953594,-349.8193812787504,-0.1409359991431529,0.6431094407855085
800,1.2,1,midpoint_nearest,8,-400.50401891873645,-399.878314644226,-0.191166781481229,0.62570427451044
900,1.2,1,midpoint_nearest,9,-450.5440274988837,-449.93275185359647,-0.23838967624010365,0.6112756452872077
1000,1.2,1,midpoint_nearest,10,-500.5828571382523,-499.9837392907095,-0.28329821448085113,0.5991178475428001
1100,1.2,1,midpoint_nearest,12,-550.0319959155657,-549.3934223028506,0.28729089079183723,0.6385736127151631
1200,1.2,1,midpoint_nearest,13,-600.0780373973715,-599.4533032404986,0.23432968106499175,0.6247341568729325
1300,1.2,1,midpoint_nearest,14,-650.1222468882074,-649.5099009192149,0.18392609628881473,0.6123459689924857
1400,1.2,1,midpoint_nearest,15,-700.1649176433455,-699.5637463354959,0.13566801057936573,0.6011713078495404
600,1.2,1,straddling,6,-300.41893743300363,-299.7543448464613,-0.08664113973247822,0.6645925865423123
700,1.2,1,straddling,7,-350.46249071953594,-349.8193812787504,-0.1409359991431529,0.6431094407855085
800,1.2,1,straddling,8,-400.50401891873645,-399.878314644226,-0.191166781481229,0.62570427451044
900,1.2,1,straddling,9,-450.5440274988837,-449.93275185359647,-0.23838967624010365,0.6112756452872077
1000,1.2,1,straddling,10,-500.5828571382523,-499.9837392907095,-0.28329821448085113,0.5991178475428001
1100,1.2,1,straddling,12,-550.0319959155657,-549.3934223028506,0.28729089079183723,0.6385736127151631
1200,1.2,1,straddling,13,-600.0780373973715,-599.4533032404986,0.23432968106499175,0.6247341568729325
1300,1.2,1,straddling,14,-650.1222468882074,-649.5099009192149,0.18392609628881473,0.6123459689924857
1400,1.2,1,straddling,15,-700.1649176433455,-699.5637463354959,0.13566801057936573,0.6011713078495404
600,1.2,1,local_minimum_gap,5,-301.06297256694756,-300.41893743300363,-0.7409549999755995,0.6440351339439303
700,1.2,1,local_minimum_gap,6,-351.09320783521173,-350.46249071953594,-0.7778492773738321,0.6307171156757931
800,1.2,1,local_minimum_gap,7,-401.12415600332724,-400.50401891873645,-0.8140874610318178,0.6201370845907945
900,1.2,1,local_minimum_gap,9,-450.5440274988837,-449.93275185359647,-0.23838967624010365,0.6112756452872077
1000,1.2,1,local_minimum_gap,10,-500.5828571382523,-499.9837392907095,-0.28329821448085113,0.5991178475428001
1100,1.2,1,local_minimum_gap,11,-550.620749526669,-550.0319959155657,-0.32637272111742277,0.5887536111032432
1200,1.2,1,local_minimum_gap,12,-600.6578830993205,-600.0780373973715,-0.3679602483459803,0.5798457019490115
1300,1.2,1,local_minimum_gap,13,-650.6943938110882,-650.1222468882074,-0.4083203496477381,0.5721469228807337
1400,1.2,1,local_minimum_gap,14,-700.7303878948453,-700.1649176433455,-0.44765276909538443,0.5654702514998462
600,1.25,0,midpoint_nearest,9,-300.0946835109133,-299.38924686118196,0.2580348139523494,0.7054366497313254
700,1.25,0,midpoint_nearest,10,-350.3295692155514,-349.7217032823614,-0.025636248956402596,0.6078659331899985
800,1.25,0,midpoint_nearest,11,-400.5271190718823,-400.00916491667573,-0.26814199427900576,0.517954155206553
900,1.25,0,midpoint_nearest,13,-450.2500698527835,-449.636121000207,0.05690457350476663,0.6139488525764705
1000,1.25,0,midpoint_nearest,14,-500.4510138275372,-499.9213383871124,-0.18617610732485446,0.5296754404247963
1100,1.25,0,midpoint_nearest,16,-550.1684120785038,-549.5479808427693,0.14180353936342271,0.6204312357344861
1200,1.25,0,midpoint_nearest,17,-600.376281090288,-599.8318449367063,-0.10406301349712521,0.5444361535817279
1300,1.25,0,midpoint_nearest,19,-650.0842673010252,-649.4583096769476,0.22871151101367104,0.6259576240776141
1400,1.25,0,midpoint_nearest,20,-700.3006103146878,-699.7411652567944,-0.020887785741024345,0.5594450578934129
600,1.25,0,straddling,9,-300.0946835109133,-299.38924686118196,0.2580348139523494,0.7054366497313254
700,1.25,0,straddling,10,-350.3295692155514,-349.7217032823614,-0.025636248956402596,0.6078659331899985
800,1.25,0,straddling,12,-400.00916491667573,-399.31647149654947,0.3371817933874013,0.6926934201262611
900,1.25,0,straddling,13,-450.2500698527835,-449.636121000207,0.05690457350476663,0.6139488525764705
1000,1.25,0,straddling,14,-500.4510138275372,-499.9213383871124,-0.18617610732485446,0.5296754404247963
1100,1.25,0,straddling,16,-550.1684120785038,-549.5479808427693,0.14180353936342271,0.6204312357344861
1200,1.25,0,straddling,17,-600.376281090288,-599.8318449367063,-0.10406301349712521,0.5444361535817279
1300,1.25,0,straddling,19,-650.0842673010252,-649.4583096769476,0.22871151101367104,0.6259576240776141
1400,1.25,0,straddling,20,-700.3006103146878,-699.7411652567944,-0.020887785741024345,0.5594450578934129
600,1.25,0,local_minimum_gap,8,-300.6083429260012,-300.0946835109133,-0.3515132184572849,0.5136594150879432
700,1.25,0,local_minimum_gap,9,-350.8201344866869,-350.3295692155514,-0.5748518511191492,0.4905652711355515
800,1.25,0,local_minimum_gap,11,-400.5271190718823,-400.00916491667573,-0.26814199427900576,0.517954155206553
900,1.25,0,local_minimum_gap,12,-450.72362366579176,-450.2500698527835,-0.48684675928763,0.47355381300826593
1000,1.25,0,local_minimum_gap,13,-500.94474193463657,-500.4510138275372,-0.6978778810869244,0.49372810709934356
1100,1.25,0,local_minimum_gap,15,-550.6387621114635,-550.1684120785038,-0.4035870949836635,0.47035003295968636
1200,1.25,0,local_minimum_gap,16,-600.8432139592151,-600.376281090288,-0.6097475247515831,0.4669328689270742
1300,1.25,0,local_minimum_gap,18,-650.5612421632063,-650.0842673010252,-0.32275473211575445,0.47697486218112317
1400,1.25,0,local_minimum_gap,19,-700.7525286929048,-700.3006103146878,-0.5265695037962814,0.45191837821698755
600,1.25,1,midpoint_nearest,8,-300.48350285179407,-299.7740847693908,-0.12879381059246953,0.7094180824032605
700,1.25,1,midpoint_nearest,10,-350.0862562356258,-349.35625723087344,0.2787432667503822,0.7299990047523579
800,1.25,1,midpoint_nearest,11,-400.3731889466921,-399.6869178941428,-0.03005342041745962,0.686271052549273
900,1.25,1,midpoint_nearest,12,-450.645719685855,-449.98865906595563,-0.3171893759052864,0.6570606198993687
1000,1.25,1,midpoint_nearest,14,-500.26905428371794,-499.5974405030475,0.06675260661728544,0.671613780670441
1100,1.25,1,midpoint_nearest,15,-550.5357637607452,-549.8925233092159,-0.21414353498062155,0.6432404515293229
1200,1.25,1,midpoint_nearest,17,-600.1686447965467,-599.506787242433,0.1622839805102103,0.6618575541136806
1300,1.25,1,midpoint_nearest,18,-650.4313712571245,-649.7973304376584,-0.11435084739150625,0.6340408194661222
1400,1.25,1,midpoint_nearest,20,-700.0706234231883,-699.4154467291066,0.2569649238525926,0.6551766940816606
600,1.25,1,straddling,8,-300.48350285179407,-299.7740847693908,-0.12879381059246953,0.7094180824032605
700,1.25,1,straddling,10,-350.0862562356258,-349.35625723087344,0.2787432667503822,0.7299990047523579
800,1.25,1,straddling,11,-400.3731889466921,-399.6869178941428,-0.03005342041745962,0.686271052549273
900,1.25,1,straddling,12,-450.645719685855,-449.98865906595563,-0.3171893759052864,0.6570606198993687
1000,1.25,1,straddling,14,-500.26905428371794,-499.5974405030475,0.06675260661728544,0.671613780670441
1100,1.25,1,straddling,15,-550.5357637607452,-549.8925233092159,-0.21414353498062155,0.6432404515293229
1200,1.25,1,straddling,17,-600.1686447965467,-599.506787242433,0.1622839805102103,0.6618575541136806
1300,1.25,1,straddling,18,-650.4313712571245,-649.7973304376584,-0.11435084739150625,0.6340408194661222
1400,1.25,1,straddling,20,-700.0706234231883,-699.4154467291066,0.2569649238525926,0.6551766940816606
600,1.25,1,local_minimum_gap,7,-301.18386546787343,-300.48350285179407,-0.8336841598337514,0.7003626160793601
700,1.25,1,local_minimum_gap,9,-350.76440858821104,-350.0862562356258,-0.42533241191841853,0.6781523525852435
800,1.25,1,local_minimum_gap,10,-401.03962390093085,-400.3731889466921,-0.7064064238114725,0.6664349542387527
900,1.25,1,local_minimum_gap,12,-450.645719685855,-449.98865906595563,-0.3171893759052864,0.6570606198993687
1000,1.25,1,local_minimum_gap,13,-500.9125556152092,-500.26905428371794,-0.5908049494635748,0.6435013314912794
1100,1.25,1,local_minimum_gap,15,-550.5357637607452,-549.8925233092159,-0.21414353498062155,0.6432404515293229
1200,1.25,1,local_minimum_gap,16,-600.7961177386485,-600.1686447965467,-0.4823812675975887,0.6274729421018037
1300,1.25,1,local_minimum_gap,17,-651.0558305134217,-650.4313712571245,-0.7436008852730538,0.6244592562972002
1400,1.25,1,local_minimum_gap,19,-700.6868526100116,-700.0706234231883,-0.3787380165999821,0.6162291868232614
600,1.3,0,midpoint_nearest,11,-300.15110450062593,-299.42792809552986,0.21048370192210086,0.7231764050960692
700,1.3,0,midpoint_nearest,12,-350.5684944622364,-350.0138352183183,-0.2911648402773608,0.5546592439180813
800,1.3,0,midpoint_nearest,14,-400.4534890614134,-399.87003289910524,-0.1617609802593165,0.5834561623081527
900,1.3,0,midpoint_nearest,16,-450.33861122697374,-449.7214736387344,-0.030042432854088474,0.617137588239359
1000,1.3,0,midpoint_nearest,18,-500.21864251700777,-499.5697519772036,0.10580275289430574,0.6488905398041425
1100,1.3,0,midpoint_nearest,20,-550.091153160466,-549.4160045923073,0.24642112361334512,0.6751485681586473
1200,1.3,0,midpoint_nearest,21,-600.495686675735,-599.9562059247013,-0.2259463002180837,0.5394807510336932
1300,1.3,0,midpoint_nearest,23,-650.3860049618678,-649.8151987315925,-0.10060184673011463,0.5708062302752523
1400,1.3,0,midpoint_nearest,25,-700.2726993824947,-699.6697681879324,0.02876621478640118,0.6029311945623022
600,1.3,0,straddling,11,-300.15110450062593,-299.42792809552986,0.21048370192210086,0.7231764050960692
700,1.3,0,straddling,13,-350.0138352183183,-349.27125855772766,0.3574531119770086,0.7425766605906574
800,1.3,0,straddling,14,-400.4534890614134,-399.87003289910524,-0.1617609802593165,0.5834561623081527
900,1.3,0,straddling,16,-450.33861122697374,-449.7214736387344,-0.030042432854088474,0.617137588239359
1000,1.3,0,straddling,18,-500.21864251700777,-499.5697519772036,0.10580275289430574,0.6488905398041425
1100,1.3,0,straddling,20,-550.091153160466,-549.4160045923073,0.24642112361334512,0.6751485681586473
1200,1.3,0,straddling,21,-600.495686675735,-599.9562059247013,-0.2259463002180837,0.5394807510336932
1300,1.3,0,straddling,23,-650.3860049618678,-649.8151987315925,-0.10060184673011463,0.5708062302752523
1400,1.3,0,straddling,25,-700.2726993824947,-699.6697681879324,0.02876621478640118,0.6029311945623022
600,1.3,0,local_minimum_gap,10,-300.6908803724068,-300.15110450062593,-0.4209924365163715,0.5397758717808756
700,1.3,0,local_minimum_gap,12,-350.5684944622364,-350.0138352183183,-0.2911648402773608,0.5546592439180813
800,1.3,0,local_minimum_gap,13,-401.002313643884,-400.4534890614134,-0.7279013526487006,0.5488245824706155
900,1.3,0,local_minimum_gap,15,-450.85586265011165,-450.33861122697374,-0.5972369385426646,0.5172514231379068
1000,1.3,0,local_minimum_gap,17,-500.7251545750574,-500.21864251700777,-0.47189854603254844,0.5065120580496227
1100,1.3,0,local_minimum_gap,19,-550.6067992553836,-550.091153160466,-0.34897620792480666,0.5156460949176562
1200,1.3,0,local_minimum_gap,20,-601.0304051810225,-600.495686675735,-0.7630459283786877,0.5347185052875147
1300,1.3,0,local_minimum_gap,22,-650.8895326297153,-650.3860049618678,-0.6377687957915441,0.5035276678474929
1400,1.3,0,local_minimum_gap,24,-700.7614585793071,-700.2726993824947,-0.5170789809009193,0.4887591968124525
600,1.3,1,midpoint_nearest,10,-300.583878522028,-299.8325916643327,-0.20823509318034894,0.7512868576952769
700,1.3,1,midpoint_nearest,12,-350.41682073036066,-349.6721722339216,-0.044496482141084925,0.7446484964390834
800,1.3,1,midpoint_nearest,14,-400.25539620511364,-399.51295159287093,0.11582610100771262,0.7424446122427071
900,1.3,1,midpoint_nearest,16,-450.09738155401357,-449.3543606399652,0.2741289030105918,0.7430209140483726
1000,1.3,1,midpoint_nearest,17,-500.6362836937413,-499.94129175379203,-0.28878772376663164,0.6949919399492615
1100,1.3,1,midpoint_nearest,19,-550.4792015695144,-549.786157987274,-0.13267977839427658,0.6930435822404206
1200,1.3,1,midpoint_nearest,21,-600.3255640808235,-599.6313762885546,0.021529815310941558,0.6941877922688491
1300,1.3,1,midpoint_nearest,23,-650.1740350882815,-649.4765938459647,0.1746855328769925,0.6974412423168133
1400,1.3,1,midpoint_nearest,25,-700.0235977903251,-699.3216229737247,0.32738961797508637,0.701974816600341
600,1.3,1,straddling,10,-300.583878522028,-299.8325916643327,-0.20823509318034894,0.7512868576952769
700,1.3,1,straddling,12,-350.41682073036066,-349.6721722339216,-0.044496482141084925,0.7446484964390834
800,1.3,1,straddling,14,-400.25539620511364,-399.51295159287093,0.11582610100771262,0.7424446122427071
900,1.3,1,straddling,16,-450.09738155401357,-449.3543606399652,0.2741289030105918,0.7430209140483726
1000,1.3,1,straddling,17,-500.6362836937413,-499.94129175379203,-0.28878772376663164,0.6949919399492615
1100,1.3,1,straddling,19,-550.4792015695144,-549.786157987274,-0.13267977839427658,0.6930435822404206
1200,1.3,1,straddling,21,-600.3255640808235,-599.6313762885546,0.021529815310941558,0.6941877922688491
1300,1.3,1,straddling,23,-650.1740350882815,-649.4765938459647,0.1746855328769925,0.6974412423168133
1400,1.3,1,straddling,25,-700.0235977903251,-699.3216229737247,0.32738961797508637,0.701974816600341
600,1.3,1,local_minimum_gap,10,-300.583878522028,-299.8325916643327,-0.20823509318034894,0.7512868576952769
700,1.3,1,local_minimum_gap,11,-351.1471221528884,-350.41682073036066,-0.7819714416245347,0.7303014225277593
800,1.3,1,local_minimum_gap,13,-400.96790427837584,-400.25539620511364,-0.6116502417447691,0.7125080732621996
900,1.3,1,local_minimum_gap,15,-450.79849218808016,-450.09738155401357,-0.4479368710468634,0.7011106340665947
1000,1.3,1,local_minimum_gap,17,-500.6362836937413,-499.94129175379203,-0.28878772376663164,0.6949919399492615
1100,1.3,1,local_minimum_gap,18,-551.1673828943663,-550.4792015695144,-0.823292231940286,0.6881813248518256
1200,1.3,1,local_minimum_gap,20,-601.001021800098,-600.3255640808235,-0.6632929404606784,0.6754577192745046
1300,1.3,1,local_minimum_gap,22,-650.8411155990915,-650.1740350882815,-0.5075753436865398,0.667080510810024
1400,1.3,1,local_minimum_gap,24,-700.6862853484871,-700.0235977903251,-0.35494156940603716,0.6626875581620197
600,1.35,0,midpoint_nearest,13,-300.21820861319725,-299.48382764311214,0.14898187184530798,0.7343809700851125
700,1.35,0,midpoint_nearest,15,-350.297993568344,-349.6084699878734,0.046768221891284156,0.6895235804706203
800,1.35,0,midpoint_nearest,17,-400.3717374574682,-399.7220560147241,-0.04689673609618694,0.6496814427441109
900,1.35,0,midpoint_nearest,19,-450.4413509311764,-449.82673418986803,-0.13404256052217534,0.614616741308339
1000,1.35,0,midpoint_nearest,21,-500.5084463678787,-499.9238404682382,-0.2161434180584365,0.5846058996405077
1100,1.35,0,midpoint_nearest,23,-550.5743996801242,-550.0142640967151,-0.2943318884197197,0.5601355834090782
1200,1.35,0,midpoint_nearest,26,-600.0986711007737,-599.400390695429,0.25046910189871596,0.6982804053446898
1300,1.35,0,midpoint_nearest,28,-650.1776575495963,-649.5074632761662,0.157439587118688,0.6701942734301838
1400,1.35,0,midpoint_nearest,30,-700.2518553933861,-699.6095067051294,0.06931895074217209,0.6423486882566749
600,1.35,0,straddling,13,-300.21820861319725,-299.48382764311214,0.14898187184530798,0.7343809700851125
700,1.35,0,straddling,15,-350.297993568344,-349.6084699878734,0.046768221891284156,0.6895235804706203
800,1.35,0,straddling,17,-400.3717374574682,-399.7220560147241,-0.04689673609618694,0.6496814427441109
900,1.35,0,straddling,19,-450.4413509311764,-449.82673418986803,-0.13404256052217534,0.614616741308339
1000,1.35,0,straddling,21,-500.5084463678787,-499.9238404682382,-0.2161434180584365,0.5846058996405077
1100,1.35,0,straddling,24,-550.0142640967151,-549.2877291342394,0.34900338452280266,0.7265349624757391
1200,1.35,0,straddling,26,-600.0986711007737,-599.400390695429,0.25046910189871596,0.6982804053446898
1300,1.35,0,straddling,28,-650.1776575495963,-649.5074632761662,0.157439587118688,0.6701942734301838
1400,1.35,0,straddling,30,-700.2518553933861,-699.6095067051294,0.06931895074217209,0.6423486882566749
600,1.35,0,local_minimum_gap,12,-300.7901847814572,-300.21820861319725,-0.5041966973271883,0.5719761682599369
700,1.35,0,local_minimum_gap,14,-350.86398806166466,-350.297993568344,-0.580990815004327,0.5659944933206589
800,1.35,0,local_minimum_gap,16,-400.93959301944795,-400.3717374574682,-0.6556652384580843,0.5678555619797407
900,1.35,0,local_minimum_gap,18,-451.01696609623383,-450.4413509311764,-0.7291585137051015,0.5756151650574566
1000,1.35,0,local_minimum_gap,21,-500.5084463678787,-499.9238404682382,-0.2161434180584365,0.5846058996405077
1100,1.35,0,local_minimum_gap,23,-550.5743996801242,-550.0142640967151,-0.2943318884197197,0.5601355834090782
1200,1.35,0,local_minimum_gap,25,-600.6403534024997,-600.0986711007737,-0.3695122516367064,0.5416823017260413
1300,1.35,0,local_minimum_gap,27,-650.7071993812352,-650.1776575495963,-0.4424284654157873,0.5295418316388805
1400,1.35,0,local_minimum_gap,29,-700.7755635409868,-700.2518553933861,-0.5137094671864588,0.5237081476007006
600,1.35,1,midpoint_nearest,12,-300.7016606305323,-299.90896983952445,-0.3053152350283881,0.7926907910078285
700,1.35,1,midpoint_nearest,15,-350.0226472422877,-349.1998173893959,0.3887676841582106,0.8228298528918003
800,1.35,1,midpoint_nearest,17,-400.129308605265,-399.3326518008506,0.2690197969421888,0.7966568044143969
900,1.35,1,midpoint_nearest,19,-450.23075036055207,-449.4560471477816,0.15660124583314428,0.7747032127704756
1000,1.35,1,midpoint_nearest,21,-500.3281994039912,-499.57208005009846,0.0498602729551294,0.7561193538927569
1100,1.35,1,midpoint_nearest,23,-550.4225419318143,-549.6821968387584,-0.05236938528628343,0.7403450930559075
1200,1.35,1,midpoint_nearest,25,-600.5144456409049,-599.7874544144976,-0.1509500277012421,0.7269912264073355
1300,1.35,1,midpoint_nearest,27,-650.604429321182,-649.88865806621,-0.2465436936960259,0.715771254971969
1400,1.35,1,midpoint_nearest,29,-700.6929046650386,-699.9864444636097,-0.33967456432412746,0.7064602014288539
600,1.35,1,straddling,12,-300.7016606305323,-299.90896983952445,-0.3053152350283881,0.7926907910078285
700,1.35,1,straddling,15,-350.0226472422877,-349.1998173893959,0.3887676841582106,0.8228298528918003
800,1.35,1,straddling,17,-400.129308605265,-399.3326518008506,0.2690197969421888,0.7966568044143969
900,1.35,1,straddling,19,-450.23075036055207,-449.4560471477816,0.15660124583314428,0.7747032127704756
1000,1.35,1,straddling,21,-500.3281994039912,-499.57208005009846,0.0498602729551294,0.7561193538927569
1100,1.35,1,straddling,23,-550.4225419318143,-549.6821968387584,-0.05236938528628343,0.7403450930559075
1200,1.35,1,straddling,25,-600.5144456409049,-599.7874544144976,-0.1509500277012421,0.7269912264073355
1300,1.35,1,straddling,27,-650.604429321182,-649.88865806621,-0.2465436936960259,0.715771254971969
1400,1.35,1,straddling,29,-700.6929046650386,-699.9864444636097,-0.33967456432412746,0.7064602014288539
600,1.35,1,local_minimum_gap,12,-300.7016606305323,-299.90896983952445,-0.3053152350283881,0.7926907910078285
700,1.35,1,local_minimum_gap,14,-350.79552871936147,-350.0226472422877,-0.4090879808245518,0.7728814770737813
800,1.35,1,local_minimum_gap,16,-400.88707383531295,-400.129308605265,-0.5081912202889498,0.7577652300479372
900,1.35,1,local_minimum_gap,18,-450.9769516995069,-450.23075036055207,-0.6038510300294888,0.7462013389548474
1000,1.35,1,local_minimum_gap,20,-501.065613608897,-500.3281994039912,-0.6969065064441224,0.7374142049058037
1100,1.35,1,local_minimum_gap,22,-551.1533811893968,-550.4225419318143,-0.7879615606054813,0.7308392575824882
1200,1.35,1,local_minimum_gap,24,-601.2404888403826,-600.5144456409049,-0.8774672406436821,0.7260431994776582
1300,1.35,1,local_minimum_gap,27,-650.604429321182,-649.88865806621,-0.2465436936960259,0.715771254971969
1400,1.35,1,local_minimum_gap,29,-700.6929046650386,-699.9864444636097,-0.33967456432412746,0.7064602014288539
600,1.4,0,midpoint_nearest,15,-300.28324215419093,-299.5392950232204,0.08873141129436135,0.7439471309705254
700,1.4,0,midpoint_nearest,17,-350.56794573956,-349.93799222350805,-0.2529689815340248,0.6299535160519554
800,1.4,0,midpoint_nearest,20,-400.2664958311295,-399.54604463034974,0.093729769260392,0.7204512007797348
900,1.4,0,midpoint_nearest,22,-450.5449878574573,-449.9277407080879,-0.23636428277256982,0.6172471493693479
1000,1.4,0,midpoint_nearest,25,-500.24899780713025,-499.5441181395789,0.103442026645439,0.7048796675513245
1100,1.4,0,midpoint_nearest,27,-550.5232982849643,-549.914594245141,-0.2189462650526366,0.6087040398233512
1200,1.4,0,midpoint_nearest,30,-600.2310521643149,-599.5372261076022,0.11586086404145135,0.6938260567126235
1300,1.4,0,midpoint_nearest,32,-650.5024487430094,-649.8996693499676,-0.20105904648846717,0.6027793930418284
1400,1.4,0,midpoint_nearest,35,-700.2128011037648,-699.5271698606939,0.13001451777063266,0.6856312430709295
600,1.4,0,straddling,15,-300.28324215419093,-299.5392950232204,0.08873141129436135,0.7439471309705254
700,1.4,0,straddling,17,-350.56794573956,-349.93799222350805,-0.2529689815340248,0.6299535160519554
800,1.4,0,straddling,20,-400.2664958311295,-399.54604463034974,0.093729769260392,0.7204512007797348
900,1.4,0,straddling,22,-450.5449878574573,-449.9277407080879,-0.23636428277256982,0.6172471493693479
1000,1.4,0,straddling,25,-500.24899780713025,-499.5441181395789,0.103442026645439,0.7048796675513245
1100,1.4,0,straddling,27,-550.5232982849643,-549.914594245141,-0.2189462650526366,0.6087040398233512
1200,1.4,0,straddling,30,-600.2310521643149,-599.5372261076022,0.11586086404145135,0.6938260567126235
1300,1.4,0,straddling,32,-650.5024487430094,-649.8996693499676,-0.20105904648846717,0.6027793930418284
1400,1.4,0,straddling,35,-700.2128011037648,-699.5271698606939,0.13001451777063266,0.6856312430709295
600,1.4,0,local_minimum_gap,14,-300.8946469743966,-300.28324215419093,-0.5889445642937972,0.6114048202056779
700,1.4,0,local_minimum_gap,17,-350.56794573956,-349.93799222350805,-0.2529689815340248,0.6299535160519554
800,1.4,0,local_minimum_gap,19,-400.85754457445654,-400.2664958311295,-0.5620202027930077,0.5910487433270646
900,1.4,0,local_minimum_gap,22,-450.5449878574573,-449.9277407080879,-0.23636428277256982,0.6172471493693479
1000,1.4,0,local_minimum_gap,24,-500.82550166179607,-500.24899780713025,-0.5372497344631597,0.5765038546658161
1100,1.4,0,local_minimum_gap,27,-550.5232982849643,-549.914594245141,-0.2189462650526366,0.6087040398233512
1200,1.4,0,local_minimum_gap,29,-600.7966115001875,-600.2310521643149,-0.513831832251185,0.5655593358726492
1300,1.4,0,local_minimum_gap,31,-651.1050829318988,-650.5024487430094,-0.8037658374540797,0.6026341888893967
1400,1.4,0,local_minimum_gap,34,-700.76989587402,-700.2128011037648,-0.4913484888924131,0.5570947702551621
600,1.4,1,midpoint_nearest,14,-300.8210123014995,-299.9864911919657,-0.4037517467326097,0.8345211095337959
700,1.4,1,midpoint_nearest,17,-350.3922866680075,-349.5572398905951,0.02523672069867189,0.8350467774124013
800,1.4,1,midpoint_nearest,19,-400.7785222406451,-399.9755793765135,-0.37705080857926987,0.8029428641315803
900,1.4,1,midpoint_nearest,22,-450.36604916605637,-449.55853715931835,0.03770683731261215,0.8075120067380226
1000,1.4,1,midpoint_nearest,24,-500.74120566129665,-499.9609396117104,-0.35107263650354525,0.7802660495862597
1100,1.4,1,midpoint_nearest,27,-550.3404647006988,-549.5532700385063,0.05313263039738558,0.787194662192519
1200,1.4,1,midpoint_nearest,29,-600.7070657182807,-599.9442222202692,-0.3256439692750064,0.7628434980114207
1300,1.4,1,midpoint_nearest,32,-650.3153774959587,-649.5440348355336,0.0702938342537891,0.7713426604251481
1400,1.4,1,midpoint_nearest,34,-700.6750837868683,-699.9262222886505,-0.300653037759389,0.7488614982178206
600,1.4,1,straddling,14,-300.8210123014995,-299.9864911919657,-0.4037517467326097,0.8345211095337959
700,1.4,1,straddling,17,-350.3922866680075,-349.5572398905951,0.02523672069867189,0.8350467774124013
800,1.4,1,straddling,19,-400.7785222406451,-399.9755793765135,-0.37705080857926987,0.8029428641315803
900,1.4,1,straddling,22,-450.36604916605637,-449.55853715931835,0.03770683731261215,0.8075120067380226
1000,1.4,1,straddling,24,-500.74120566129665,-499.9609396117104,-0.35107263650354525,0.7802660495862597
1100,1.4,1,straddling,27,-550.3404647006988,-549.5532700385063,0.05313263039738558,0.787194662192519
1200,1.4,1,straddling,29,-600.7070657182807,-599.9442222202692,-0.3256439692750064,0.7628434980114207
1300,1.4,1,straddling,32,-650.3153774959587,-649.5440348355336,0.0702938342537891,0.7713426604251481
1400,1.4,1,straddling,34,-700.6750837868683,-699.9262222886505,-0.300653037759389,0.7488614982178206
600,1.4,1,local_minimum_gap,14,-300.8210123014995,-299.9864911919657,-0.4037517467326097,0.8345211095337959
700,1.4,1,local_minimum_gap,16,-351.21276577303075,-350.3922866680075,-0.8025262205190984,0.8204791050232529
800,1.4,1,local_minimum_gap,19,-400.7785222406451,-399.9755793765135,-0.37705080857926987,0.8029428641315803
900,1.4,1,local_minimum_gap,21,-451.15849494611484,-450.36604916605637,-0.7622720560856351,0.7924457800584719
1000,1.4,1,local_minimum_gap,24,-500.74120566129665,-499.9609396117104,-0.35107263650354525,0.7802660495862597
1100,1.4,1,local_minimum_gap,26,-551.1118638426567,-550.3404647006988,-0.7261642716778169,0.7713991419578861
1200,1.4,1,local_minimum_gap,29,-600.7070657182807,-599.9442222202692,-0.3256439692750064,0.7628434980114207
1300,1.4,1,local_minimum_gap,31,-651.0701102788825,-650.3153774959587,-0.6927438874206473,0.7547327829237247
1400,1.4,1,local_minimum_gap,34,-700.6750837868683,-699.9262222886505,-0.300653037759389,0.7488614982178206
600,1.45,0,midpoint_nearest,17,-300.3373683941353,-299.5806983240694,0.04096664089763635,0.7566700700659226
700,1.45,0,midpoint_nearest,20,-350.23081840746937,-349.4526991804065,0.15824120606202996,0.7781192270628594
800,1.45,0,midpoint_nearest,23,-400.1211905719009,-399.32348670995617,0.2776613590714305,0.7977038619447399
900,1.45,0,midpoint_nearest,25,-450.6384204678432,-450.00768115610384,-0.32305081197353047,0.6307393117393758
1000,1.45,0,midpoint_nearest,28,-500.53643250999613,-499.89031566957254,-0.21337408978433814,0.6461168404235877
1100,1.45,0,midpoint_nearest,31,-550.4372111688991,-549.7695835255981,-0.10339734724857408,0.6676276433009889
1200,1.45,0,midpoint_nearest,34,-600.3380290208239,-599.6461364600653,0.007917259555370038,0.6918925607585606
1300,1.45,0,midpoint_nearest,37,-650.2367401140896,-649.5206044228948,0.1213277315077903,0.7161356911947223
1400,1.45,0,midpoint_nearest,40,-700.1319569294649,-699.3935157402024,0.23726366516643793,0.7384411892625167
600,1.45,0,straddling,17,-300.3373683941353,-299.5806983240694,0.04096664089763635,0.7566700700659226
700,1.45,0,straddling,20,-350.23081840746937,-349.4526991804065,0.15824120606202996,0.7781192270628594
800,1.45,0,straddling,23,-400.1211905719009,-399.32348670995617,0.2776613590714305,0.7977038619447399
900,1.45,0,straddling,26,-450.00768115610384,-449.19342933362134,0.3994447551374378,0.8142518224825039
1000,1.45,0,straddling,28,-500.53643250999613,-499.89031566957254,-0.21337408978433814,0.6461168404235877
1100,1.45,0,straddling,31,-550.4372111688991,-549.7695835255981,-0.10339734724857408,0.6676276433009889
1200,1.45,0,straddling,34,-600.3380290208239,-599.6461364600653,0.007917259555370038,0.6918925607585606
1300,1.45,0,straddling,37,-650.2367401140896,-649.5206044228948,0.1213277315077903,0.7161356911947223
1400,1.45,0,straddling,40,-700.1319569294649,-699.3935157402024,0.23726366516643793,0.7384411892625167
600,1.45,0,local_minimum_gap,16,-300.99186855682933,-300.3373683941353,-0.6646184754823139,0.6545001626940348
700,1.45,0,local_minimum_gap,19,-350.86300315898023,-350.23081840746937,-0.5469107832248028,0.632184751510863
800,1.45,0,local_minimum_gap,22,-400.7462303555842,-400.1211905719009,-0.43371046374255684,0.6250397836832917
900,1.45,0,local_minimum_gap,25,-450.6384204678432,-450.00768115610384,-0.32305081197353047,0.6307393117393758
1000,1.45,0,local_minimum_gap,28,-500.53643250999613,-499.89031566957254,-0.21337408978433814,0.6461168404235877
1100,1.45,0,local_minimum_gap,30,-551.0684748930602,-550.4372111688991,-0.7528430309796477,0.6312637241610446
1200,1.45,0,local_minimum_gap,33,-600.9451117847542,-600.3380290208239,-0.641570402789057,0.6070827639302934
1300,1.45,0,local_minimum_gap,36,-650.830573840828,-650.2367401140896,-0.5336569774588042,0.5938337267384668
1400,1.45,0,local_minimum_gap,39,-700.7237086357696,-700.1319569294649,-0.4278327826173154,0.5917517063047626
600,1.45,1,midpoint_nearest,17,-300.05143640978224,-299.1284687879848,0.4100474011164579,0.9229676217974543
700,1.45,1,midpoint_nearest,19,-350.77351412103275,-349.9128558321266,-0.3431849765796642,0.8606582889061656
800,1.45,1,midpoint_nearest,22,-400.62622546489774,-399.7765680050668,-0.20139673498226784,0.8496574598309508
900,1.45,1,midpoint_nearest,25,-450.48419416437554,-449.64181146070774,-0.0630028125416402,0.8423827036677949
1000,1.45,1,midpoint_nearest,28,-500.34599750345603,-499.5080800293955,0.07296123357423312,0.8379174740605322
1100,1.45,1,midpoint_nearest,31,-550.2105849586728,-549.3750316057234,0.20719171780183387,0.8355533529494323
1200,1.45,1,midpoint_nearest,34,-600.0771649568213,-599.2424335333529,0.34020075491287116,0.8347314234683836
1300,1.45,1,midpoint_nearest,36,-650.740304831666,-649.9451376076944,-0.34272121968024294,0.795167223971589
1400,1.45,1,midpoint_nearest,39,-700.605249463977,-699.8140505602871,-0.20965001213198775,0.7911989036898603
600,1.45,1,straddling,17,-300.05143640978224,-299.1284687879848,0.4100474011164579,0.9229676217974543
700,1.45,1,straddling,19,-350.77351412103275,-349.9128558321266,-0.3431849765796642,0.8606582889061656
800,1.45,1,straddling,22,-400.62622546489774,-399.7765680050668,-0.20139673498226784,0.8496574598309508
900,1.45,1,straddling,25,-450.48419416437554,-449.64181146070774,-0.0630028125416402,0.8423827036677949
1000,1.45,1,straddling,28,-500.34599750345603,-499.5080800293955,0.07296123357423312,0.8379174740605322
1100,1.45,1,straddling,31,-550.2105849586728,-549.3750316057234,0.20719171780183387,0.8355533529494323
1200,1.45,1,straddling,34,-600.0771649568213,-599.2424335333529,0.34020075491287116,0.8347314234683836
1300,1.45,1,straddling,36,-650.740304831666,-649.9451376076944,-0.34272121968024294,0.795167223971589
1400,1.45,1,straddling,39,-700.605249463977,-699.8140505602871,-0.20965001213198775,0.7911989036898603
600,1.45,1,local_minimum_gap,16,-300.9280640671428,-300.05143640978224,-0.48975023846253407,0.8766276573605865
700,1.45,1,local_minimum_gap,19,-350.77351412103275,-349.9128558321266,-0.3431849765796642,0.8606582889061656
800,1.45,1,local_minimum_gap,22,-400.62622546489774,-399.7765680050668,-0.20139673498226784,0.8496574598309508
900,1.45,1,local_minimum_gap,24,-451.3226706136458,-450.48419416437554,-0.9034323890106748,0.8384764492702743
1000,1.45,1,local_minimum_gap,27,-501.1687256292004,-500.34599750345603,-0.7573615663281998,0.8227281257443906
1100,1.45,1,local_minimum_gap,30,-551.0211266445037,-550.2105849586728,-0.6158558015882818,0.8105416858309127
1200,1.45,1,local_minimum_gap,33,-600.8786517672283,-600.0771649568213,-0.4779083620248912,0.8014868104070274
1300,1.45,1,local_minimum_gap,36,-650.740304831666,-649.9451376076944,-0.34272121968024294,0.795167223971589
1400,1.45,1,local_minimum_gap,39,-700.605249463977,-699.8140505602871,-0.20965001213198775,0.7911989036898603
600,1.5,0,midpoint_nearest,19,-300.37346967199085,-299.59744637280886,0.014541977600174505,0.7760232991819862
700,1.5,0,midpoint_nearest,22,-350.4876473800356,-349.7650287122567,-0.1263380461461452,0.7226186677788746
800,1.5,0,midpoint_nearest,25,-400.5983290454249,-399.9168703327885,-0.25759968910671205,0.6814587126364131
900,1.5,0,midpoint_nearest,29,-450.055190506008,-449.2216344745832,0.3615875097044068,0.8335560314247914
1000,1.5,0,midpoint_nearest,32,-500.18190794086956,-499.3944254286209,0.21183331525480753,0.7874825122486868
1100,1.5,0,midpoint_nearest,35,-550.2991871354837,-549.5565174098211,0.0721477273475557,0.7426697256626085
1200,1.5,0,midpoint_nearest,38,-600.4096213952499,-599.7086793297425,-0.05915036249621153,0.7009420655074337
1300,1.5,0,midpoint_nearest,41,-650.516102722224,-649.8513041547159,-0.18370343846993364,0.6647985675081145
1400,1.5,0,midpoint_nearest,44,-700.6215076408955,-699.9846468604791,-0.3030772506872381,0.6368607804164412
600,1.5,0,straddling,19,-300.37346967199085,-299.59744637280886,0.014541977600174505,0.7760232991819862
700,1.5,0,straddling,22,-350.4876473800356,-349.7650287122567,-0.1263380461461452,0.7226186677788746
800,1.5,0,straddling,25,-400.5983290454249,-399.9168703327885,-0.25759968910671205,0.6814587126364131
900,1.5,0,straddling,29,-450.055190506008,-449.2216344745832,0.3615875097044068,0.8335560314247914
1000,1.5,0,straddling,32,-500.18190794086956,-499.3944254286209,0.21183331525480753,0.7874825122486868
1100,1.5,0,straddling,35,-550.2991871354837,-549.5565174098211,0.0721477273475557,0.7426697256626085
1200,1.5,0,straddling,38,-600.4096213952499,-599.7086793297425,-0.05915036249621153,0.7009420655074337
1300,1.5,0,straddling,41,-650.516102722224,-649.8513041547159,-0.18370343846993364,0.6647985675081145
1400,1.5,0,straddling,44,-700.6215076408955,-699.9846468604791,-0.3030772506872381,0.6368607804164412
600,1.5,0,local_minimum_gap,18,-301.06974730539815,-300.37346967199085,-0.7216084886945282,0.6962776334073055
700,1.5,0,local_minimum_gap,21,-351.200234673136,-350.4876473800356,-0.8439410265857532,0.7125872931003983
800,1.5,0,local_minimum_gap,25,-400.5983290454249,-399.9168703327885,-0.25759968910671205,0.6814587126364131
900,1.5,0,local_minimum_gap,28,-450.7091114877435,-450.055190506008,-0.38215099687573684,0.6539209817354958
1000,1.5,0,local_minimum_gap,31,-500.82252347216416,-500.18190794086956,-0.5022157065168358,0.6406155312945998
1100,1.5,0,local_minimum_gap,34,-550.939983414931,-550.2991871354837,-0.6195852752073279,0.6407962794472724
1200,1.5,0,local_minimum_gap,37,-601.0619191904801,-600.4096213952499,-0.7357702928650269,0.6522977952301972
1300,1.5,0,local_minimum_gap,41,-650.516102722224,-649.8513041547159,-0.18370343846993364,0.6647985675081145
1400,1.5,0,local_minimum_gap,44,-700.6215076408955,-699.9846468604791,-0.3030772506872381,0.6368607804164412
600,1.5,1,midpoint_nearest,19,-300.0921986797309,-299.1325347560982,0.38763328208540315,0.9596639236327178
700,1.5,1,midpoint_nearest,22,-350.2578931400826,-349.33133436755304,0.20538624618217227,0.9265587725295745
800,1.5,1,midpoint_nearest,25,-400.4159407991139,-399.51578386761724,0.03413766663442175,0.9001569314966673
900,1.5,1,midpoint_nearest,28,-450.56851167892825,-449.6893493591201,-0.1289305190241521,0.8791623198081311
1000,1.5,1,midpoint_nearest,31,-500.71713358277276,-499.85440967610475,-0.28577162943872736,0.862723906668009
1100,1.5,1,midpoint_nearest,35,-550.0127132798199,-549.1252767592115,0.43100498048431746,0.8874365206083894
1200,1.5,1,midpoint_nearest,38,-600.1656192763502,-599.2982260025866,0.26807736053160625,0.8673932737635823
1300,1.5,1,midpoint_nearest,41,-650.3142297370249,-649.4641103786965,0.11082994213927577,0.8501193583283566
1400,1.5,1,midpoint_nearest,44,-700.4594632272396,-699.6239486875488,-0.04170595739424243,0.8355145396907346
600,1.5,1,straddling,19,-300.0921986797309,-299.1325347560982,0.38763328208540315,0.9596639236327178
700,1.5,1,straddling,22,-350.2578931400826,-349.33133436755304,0.20538624618217227,0.9265587725295745
800,1.5,1,straddling,25,-400.4159407991139,-399.51578386761724,0.03413766663442175,0.9001569314966673
900,1.5,1,straddling,28,-450.56851167892825,-449.6893493591201,-0.1289305190241521,0.8791623198081311
1000,1.5,1,straddling,31,-500.71713358277276,-499.85440967610475,-0.28577162943872736,0.862723906668009
1100,1.5,1,straddling,35,-550.0127132798199,-549.1252767592115,0.43100498048431746,0.8874365206083894
1200,1.5,1,straddling,38,-600.1656192763502,-599.2982260025866,0.26807736053160625,0.8673932737635823
1300,1.5,1,straddling,41,-650.3142297370249,-649.4641103786965,0.11082994213927577,0.8501193583283566
1400,1.5,1,straddling,44,-700.4594632272396,-699.6239486875488,-0.04170595739424243,0.8355145396907346
600,1.5,1,local_minimum_gap,18,-301.01061391442283,-300.0921986797309,-0.5514062970768805,0.9184152346919063
700,1.5,1,local_minimum_gap,21,-351.1594773914806,-350.2578931400826,-0.7086852657815825,0.9015842513979919
800,1.5,1,local_minimum_gap,24,-401.3060683149265,-400.4159407991139,-0.8610045570202374,0.8901275158125941
900,1.5,1,local_minimum_gap,28,-450.56851167892825,-449.6893493591201,-0.1289305190241521,0.8791623198081311
1000,1.5,1,local_minimum_gap,31,-500.71713358277276,-499.85440967610475,-0.28577162943872736,0.862723906668009
1100,1.5,1,local_minimum_gap,34,-550.8629243530173,-550.0127132798199,-0.43781881641859854,0.8502110731974426
1200,1.5,1,local_minimum_gap,37,-601.006717425728,-600.1656192763502,-0.5861683510390776,0.8410981493777854
1300,1.5,1,local_minimum_gap,40,-651.1491367422781,-650.3142297370249,-0.7316832396514883,0.8349070052531715
1400,1.5,1,local_minimum_gap,43,-701.2906463138836,-700.4594632272396,-0.875054770561519,0.8311830866440459
600,1.55,0,midpoint_nearest,21,-300.38492940869816,-299.58086495658074,0.01710281736052366,0.8040644521174158
700,1.55,0,midpoint_nearest,24,-350.73421848748734,-350.0322057984833,-0.3832121429853146,0.7020126890040501
800,1.55,0,midpoint_nearest,28,-400.4028747303334,-399.6331233027258,-0.017999016529586243,0.7697514276076163
900,1.55,0,midpoint_nearest,32,-450.06127589958135,-449.1990172036392,0.36985344838973333,0.8622586959421596
1000,1.55,0,midpoint_nearest,35,-500.4194267766443,-499.67499296380356,-0.047209870223923645,0.7444338128407253
1100,1.55,0,midpoint_nearest,39,-550.0864714080508,-549.2525251210801,0.33050173543460915,0.8339462869706722
1200,1.55,0,midpoint_nearest,42,-600.4350860304868,-599.7106576050637,-0.07287181777519436,0.7244284254230706
1300,1.55,0,midpoint_nearest,46,-650.1091616972874,-649.2980641098773,0.2963870964176749,0.8110975874101314
1400,1.55,0,midpoint_nearest,49,-700.4501189697422,-699.7422037148597,-0.09616134230100215,0.7079152548825505
600,1.55,0,straddling,21,-300.38492940869816,-299.58086495658074,0.01710281736052366,0.8040644521174158
700,1.55,0,straddling,25,-350.0322057984833,-349.13278179204116,0.41750620473777644,0.8994240064421319
800,1.55,0,straddling,28,-400.4028747303334,-399.6331233027258,-0.017999016529586243,0.7697514276076163
900,1.55,0,straddling,32,-450.06127589958135,-449.1990172036392,0.36985344838973333,0.8622586959421596
1000,1.55,0,straddling,35,-500.4194267766443,-499.67499296380356,-0.047209870223923645,0.7444338128407253
1100,1.55,0,straddling,39,-550.0864714080508,-549.2525251210801,0.33050173543460915,0.8339462869706722
1200,1.55,0,straddling,42,-600.4350860304868,-599.7106576050637,-0.07287181777519436,0.7244284254230706
1300,1.55,0,straddling,46,-650.1091616972874,-649.2980641098773,0.2963870964176749,0.8110975874101314
1400,1.55,0,straddling,49,-700.4501189697422,-699.7422037148597,-0.09616134230100215,0.7079152548825505
600,1.55,0,local_minimum_gap,20,-301.117630270435,-300.38492940869816,-0.7512798395665641,0.7327008617368165
700,1.55,0,local_minimum_gap,24,-350.73421848748734,-350.0322057984833,-0.3832121429853146,0.7020126890040501
800,1.55,0,local_minimum_gap,27,-401.11619571409625,-400.4028747303334,-0.7595352222148222,0.7133209837628556
900,1.55,0,local_minimum_gap,31,-450.74405495469614,-450.06127589958135,-0.40266542713874287,0.6827790551147928
1000,1.55,0,local_minimum_gap,34,-501.1191955438013,-500.4194267766443,-0.7693111602227987,0.6997687671570247
1100,1.55,0,local_minimum_gap,38,-550.7547173867184,-550.0864714080508,-0.42059439738454785,0.6682459786676418
1200,1.55,0,local_minimum_gap,41,-601.1247819084005,-600.4350860304868,-0.7799339694436185,0.6896958779136639
1300,1.55,0,local_minimum_gap,45,-650.7658789118361,-650.1091616972874,-0.43752030456175817,0.6567172145487348
1400,1.55,0,local_minimum_gap,48,-701.1320417037475,-700.4501189697422,-0.7910803367449262,0.6819227340052976
600,1.55,1,midpoint_nearest,21,-300.0987074945188,-299.1001306420925,0.4005809316943214,0.9985768524263108
700,1.55,1,midpoint_nearest,24,-350.58668840002184,-349.6380531432259,-0.11237077162388687,0.948635256795967
800,1.55,1,midpoint_nearest,28,-400.1340682726624,-399.17730557000846,0.3443130786645838,0.9567627026539185
900,1.55,1,midpoint_nearest,31,-450.6042737363271,-449.6869078174616,-0.14559077689432343,0.9173659188655279
1000,1.55,1,midpoint_nearest,35,-500.16426720243004,-499.23752722026074,0.29910278865463624,0.9267399821692948
1100,1.55,1,midpoint_nearest,38,-550.6215801239839,-549.7276832955996,-0.17463170979181086,0.8938968283842996
1200,1.55,1,midpoint_nearest,42,-600.191331287944,-599.2877472391484,0.26046073645375145,0.9035840487955511
1300,1.55,1,midpoint_nearest,45,-650.6386441903868,-649.7633571876187,-0.20100068900273982,0.8752870027681183
1400,1.55,1,midpoint_nearest,49,-700.2162873073306,-699.3314086721081,0.22615201028065712,0.8848786352225488
600,1.55,1,straddling,21,-300.0987074945188,-299.1001306420925,0.4005809316943214,0.9985768524263108
700,1.55,1,straddling,24,-350.58668840002184,-349.6380531432259,-0.11237077162388687,0.948635256795967
800,1.55,1,straddling,28,-400.1340682726624,-399.17730557000846,0.3443130786645838,0.9567627026539185
900,1.55,1,straddling,31,-450.6042737363271,-449.6869078174616,-0.14559077689432343,0.9173659188655279
1000,1.55,1,straddling,35,-500.16426720243004,-499.23752722026074,0.29910278865463624,0.9267399821692948
1100,1.55,1,straddling,38,-550.6215801239839,-549.7276832955996,-0.17463170979181086,0.8938968283842996
1200,1.55,1,straddling,42,-600.191331287944,-599.2877472391484,0.26046073645375145,0.9035840487955511
1300,1.55,1,straddling,45,-650.6386441903868,-649.7633571876187,-0.20100068900273982,0.8752870027681183
1400,1.55,1,straddling,49,-700.2162873073306,-699.3314086721081,0.22615201028065712,0.8848786352225488
600,1.55,1,local_minimum_gap,20,-301.05803693032345,-300.0987074945188,-0.5783722124211295,0.9593294358046478
700,1.55,1,local_minimum_gap,24,-350.58668840002184,-349.6380531432259,-0.11237077162388687,0.948635256795967
800,1.55,1,local_minimum_gap,27,-401.0586076881876,-400.1340682726624,-0.5963379804250053,0.9245394155252029
900,1.55,1,local_minimum_gap,31,-450.6042737363271,-449.6869078174616,-0.14559077689432343,0.9173659188655279
1000,1.55,1,local_minimum_gap,34,-501.0636363772781,-500.16426720243004,-0.6139517898540703,0.8993691748480614
1100,1.55,1,local_minimum_gap,38,-550.6215801239839,-549.7276832955996,-0.17463170979181086,0.8938968283842996
1200,1.55,1,local_minimum_gap,41,-601.0712197554448,-600.191331287944,-0.631275521694306,0.8798884675007912
1300,1.55,1,local_minimum_gap,45,-650.6386441903868,-649.7633571876187,-0.20100068900273982,0.8752870027681183
1400,1.55,1,local_minimum_gap,48,-701.0804236317933,-700.2162873073306,-0.6483554695619205,0.86413632446272
600,1.6,0,midpoint_nearest,23,-300.3653498322141,-299.52307059253263,0.055789787626622456,0.8422792396814884
700,1.6,0,midpoint_nearest,27,-350.2515466145335,-349.38781042015796,0.1803214826542785,0.8637361943755195
800,1.6,0,midpoint_nearest,31,-400.13574765917895,-399.2510826825773,0.30658482912190266,0.8846649766016412
900,1.6,0,midpoint_nearest,34,-450.7322211937396,-450.0167071324041,-0.3744641630718206,0.7155140613354547
1000,1.6,0,midpoint_nearest,38,-500.6187133841136,-499.89400422044497,-0.2563588022792942,0.7247091636686491
1100,1.6,0,midpoint_nearest,42,-550.5097104367277,-549.7677839605906,-0.13874719865907537,0.7419264761371096
1200,1.6,0,midpoint_nearest,46,-600.402613178238,-599.6384974023657,-0.02055529030189973,0.7641157758722557
1300,1.6,0,midpoint_nearest,50,-650.2951429109422,-649.5066987733296,0.09907915786402555,0.7884441376126006
1400,1.6,0,midpoint_nearest,54,-700.185526467699,-699.3729221220137,0.22077570514363742,0.8126043456852585
600,1.6,0,straddling,23,-300.3653498322141,-299.52307059253263,0.055789787626622456,0.8422792396814884
700,1.6,0,straddling,27,-350.2515466145335,-349.38781042015796,0.1803214826542785,0.8637361943755195
800,1.6,0,straddling,31,-400.13574765917895,-399.2510826825773,0.30658482912190266,0.8846649766016412
900,1.6,0,straddling,35,-450.0167071324041,-449.11328531016807,0.43500377871390583,0.903421822236055
1000,1.6,0,straddling,38,-500.6187133841136,-499.89400422044497,-0.2563588022792942,0.7247091636686491
1100,1.6,0,straddling,42,-550.5097104367277,-549.7677839605906,-0.13874719865907537,0.7419264761371096
1200,1.6,0,straddling,46,-600.402613178238,-599.6384974023657,-0.02055529030189973,0.7641157758722557
1300,1.6,0,straddling,50,-650.2951429109422,-649.5066987733296,0.09907915786402555,0.7884441376126006
1400,1.6,0,straddling,54,-700.185526467699,-699.3729221220137,0.22077570514363742,0.8126043456852585
600,1.6,0,local_minimum_gap,22,-301.1270499789114,-300.3653498322141,-0.7461999055627757,0.7617001466972511
700,1.6,0,local_minimum_gap,26,-350.98364284483523,-350.2515466145335,-0.617594729684356,0.7320962303017495
800,1.6,0,local_minimum_gap,30,-400.85295785781005,-400.13574765917895,-0.49435275849452864,0.7172101986311077
900,1.6,0,local_minimum_gap,34,-450.7322211937396,-450.0167071324041,-0.3744641630718206,0.7155140613354547
1000,1.6,0,local_minimum_gap,38,-500.6187133841136,-499.89400422044497,-0.2563588022792942,0.7247091636686491
1100,1.6,0,local_minimum_gap,42,-550.5097104367277,-549.7677839605906,-0.13874719865907537,0.7419264761371096
1200,1.6,0,local_minimum_gap,45,-601.1168155140762,-600.402613178238,-0.759714346157125,0.7142023358381948
1300,1.6,0,local_minimum_gap,49,-650.987200330613,-650.2951429109422,-0.6411716207776408,0.6920574196707321
1400,1.6,0,local_minimum_gap,53,-700.8657492758203,-700.185526467699,-0.5256378717597272,0.680222808121357
600,1.6,1,midpoint_nearest,23,-300.0620784343777,-299.02205931111916,0.45793112725152696,1.0400191232585598
700,1.6,1,midpoint_nearest,26,-350.8931149603583,-349.9128373831833,-0.40297617177077427,0.9802775771750021
800,1.6,1,midpoint_nearest,30,-400.73292968361545,-399.7663296996803,-0.24962969164789683,0.9665999839351684
900,1.6,1,midpoint_nearest,34,-450.5786117682728,-449.6217146720225,-0.1001632201476923,0.9568970962503158
1000,1.6,1,midpoint_nearest,38,-500.42868527142485,-499.4784201962393,0.0464472661678883,0.9502650751855413
1100,1.6,1,midpoint_nearest,42,-550.2820574351244,-549.3360478141866,0.19094737534442174,0.9460096209378435
1200,1.6,1,midpoint_nearest,46,-600.1378957326363,-599.1943166572162,0.3338938050737852,0.9435790754200752
1300,1.6,1,midpoint_nearest,49,-650.9040274350496,-649.9955563196293,-0.4497918773394076,0.9084711154202978
1400,1.6,1,midpoint_nearest,53,-700.7567605498984,-699.8545390453089,-0.30564979760367805,0.9022215045895337
600,1.6,1,straddling,23,-300.0620784343777,-299.02205931111916,0.45793112725152696,1.0400191232585598
700,1.6,1,straddling,26,-350.8931149603583,-349.9128373831833,-0.40297617177077427,0.9802775771750021
800,1.6,1,straddling,30,-400.73292968361545,-399.7663296996803,-0.24962969164789683,0.9665999839351684
900,1.6,1,straddling,34,-450.5786117682728,-449.6217146720225,-0.1001632201476923,0.9568970962503158
1000,1.6,1,straddling,38,-500.42868527142485,-499.4784201962393,0.0464472661678883,0.9502650751855413
1100,1.6,1,straddling,42,-550.2820574351244,-549.3360478141866,0.19094737534442174,0.9460096209378435
1200,1.6,1,straddling,46,-600.1378957326363,-599.1943166572162,0.3338938050737852,0.9435790754200752
1300,1.6,1,straddling,49,-650.9040274350496,-649.9955563196293,-0.4497918773394076,0.9084711154202978
1400,1.6,1,straddling,53,-700.7567605498984,-699.8545390453089,-0.30564979760367805,0.9022215045895337
600,1.6,1,local_minimum_gap,22,-301.0612544319404,-300.0620784343777,-0.5616664331590755,0.9991759975627019
700,1.6,1,local_minimum_gap,26,-350.8931149603583,-349.9128373831833,-0.40297617177077427,0.9802775771750021
800,1.6,1,local_minimum_gap,30,-400.73292968361545,-399.7663296996803,-0.24962969164789683,0.9665999839351684
900,1.6,1,local_minimum_gap,34,-450.5786117682728,-449.6217146720225,-0.1001632201476923,0.9568970962503158
1000,1.6,1,local_minimum_gap,37,-501.3717574499359,-500.42868527142485,-0.900221360680348,0.943072178511045
1100,1.6,1,local_minimum_gap,41,-551.2106134105504,-550.2820574351244,-0.7463354228374328,0.9285559754259793
1200,1.6,1,local_minimum_gap,45,-601.0550357133155,-600.1378957326363,-0.5964657229758359,0.9171399806792806
1300,1.6,1,local_minimum_gap,49,-650.9040274350496,-649.9955563196293,-0.4497918773394076,0.9084711154202978
1400,1.6,1,local_minimum_gap,53,-700.7567605498984,-699.8545390453089,-0.30564979760367805,0.9022215045895337
600,1.65,0,midpoint_nearest,25,-300.30839407999514,-299.41609168117844,0.13775711941320878,0.892302398816696
700,1.65,0,midpoint_nearest,29,-350.431407124579,-349.59564602134816,-0.013526572963542094,0.8357611032308228
800,1.65,0,midpoint_nearest,33,-400.54946867058226,-399.7596430738046,-0.15455587219344125,0.7898255967776322
900,1.65,0,midpoint_nearest,37,-450.6659923204398,-449.9103330672717,-0.2881626938557247,0.7556592531680622
1000,1.65,0,midpoint_nearest,42,-500.04942362088644,-499.1372046665983,0.40668585625763853,0.9122189542881642
1100,1.65,0,midpoint_nearest,46,-550.1786077794713,-549.3115911966738,0.25490051192741703,0.8670165827975325
1200,1.65,0,midpoint_nearest,50,-600.2998416893694,-599.476384797848,0.11188675639129997,0.8234568915213458
1300,1.65,0,midpoint_nearest,54,-650.4153933656974,-649.6321221155044,-0.023757740600899524,0.7832712501929109
1400,1.65,0,midpoint_nearest,58,-700.5277092288391,-699.7791017966865,-0.15340551276278802,0.7486074321525393
600,1.65,0,straddling,25,-300.30839407999514,-299.41609168117844,0.13775711941320878,0.892302398816696
700,1.65,0,straddling,29,-350.431407124579,-349.59564602134816,-0.013526572963542094,0.8357611032308228
800,1.65,0,straddling,33,-400.54946867058226,-399.7596430738046,-0.15455587219344125,0.7898255967776322
900,1.65,0,straddling,37,-450.6659923204398,-449.9103330672717,-0.2881626938557247,0.7556592531680622
1000,1.65,0,straddling,42,-500.04942362088644,-499.1372046665983,0.40668585625763853,0.9122189542881642
1100,1.65,0,straddling,46,-550.1786077794713,-549.3115911966738,0.25490051192741703,0.8670165827975325
1200,1.65,0,straddling,50,-600.2998416893694,-599.476384797848,0.11188675639129997,0.8234568915213458
1300,1.65,0,straddling,54,-650.4153933656974,-649.6321221155044,-0.023757740600899524,0.7832712501929109
1400,1.65,0,straddling,58,-700.5277092288391,-699.7791017966865,-0.15340551276278802,0.7486074321525393
600,1.65,0,local_minimum_gap,24,-301.0921905640622,-300.30839407999514,-0.7002923220286448,0.7837964840670679
700,1.65,0,local_minimum_gap,28,-351.22669271594214,-350.431407124579,-0.8290499202605588,0.7952855913631538
800,1.65,0,local_minimum_gap,33,-400.54946867058226,-399.7596430738046,-0.15455587219344125,0.7898255967776322
900,1.65,0,local_minimum_gap,37,-450.6659923204398,-449.9103330672717,-0.2881626938557247,0.7556592531680622
1000,1.65,0,local_minimum_gap,41,-500.7835981383581,-500.04942362088644,-0.4165108796222512,0.7341745174716721
1100,1.65,0,local_minimum_gap,45,-550.9040630834602,-550.1786077794713,-0.5413354314657681,0.7254553039888378
1200,1.65,0,local_minimum_gap,49,-601.0283300249879,-600.2998416893694,-0.6640858571786339,0.7284883356185219
1300,1.65,0,local_minimum_gap,53,-651.1566331009552,-650.4153933656974,-0.78601323332623,0.7412397352578637
1400,1.65,0,local_minimum_gap,58,-700.5277092288391,-699.7791017966865,-0.15340551276278802,0.7486074321525393
600,1.65,1,midpoint_nearest,24,-301.01266257656596,-299.974345054034,-0.49350381529995957,1.0383175225319405
700,1.65,1,midpoint_nearest,29,-350.1504283589346,-349.1007953945558,0.3743881232547892,1.0496329643788158
800,1.65,1,midpoint_nearest,33,-400.3183816111194,-399.29695277959684,0.19233280464186464,1.0214288315225417
900,1.65,1,midpoint_nearest,37,-450.4803848947706,-449.4818909973185,0.018862053955444935,0.9984938974521356
1000,1.65,1,midpoint_nearest,41,-500.6379709279361,-499.658009366249,-0.14799014709257108,0.9799615616871051
1100,1.65,1,midpoint_nearest,45,-550.7922671179416,-549.8270497067551,-0.3096584123484263,0.9652174111864724
1200,1.65,1,midpoint_nearest,49,-600.9441259715348,-599.9903462540639,-0.4672361127993554,0.9537797174709794
1300,1.65,1,midpoint_nearest,54,-650.1489665447806,-649.1794102577438,0.33581159873779143,0.9695562870367667
1400,1.65,1,midpoint_nearest,58,-700.3037932052481,-699.3505664288249,0.17282018296350543,0.9532267764232074
600,1.65,1,straddling,24,-301.01266257656596,-299.974345054034,-0.49350381529995957,1.0383175225319405
700,1.65,1,straddling,29,-350.1504283589346,-349.1007953945558,0.3743881232547892,1.0496329643788158
800,1.65,1,straddling,33,-400.3183816111194,-399.29695277959684,0.19233280464186464,1.0214288315225417
900,1.65,1,straddling,37,-450.4803848947706,-449.4818909973185,0.018862053955444935,0.9984938974521356
1000,1.65,1,straddling,41,-500.6379709279361,-499.658009366249,-0.14799014709257108,0.9799615616871051
1100,1.65,1,straddling,45,-550.7922671179416,-549.8270497067551,-0.3096584123484263,0.9652174111864724
1200,1.65,1,straddling,49,-600.9441259715348,-599.9903462540639,-0.4672361127993554,0.9537797174709794
1300,1.65,1,straddling,54,-650.1489665447806,-649.1794102577438,0.33581159873779143,0.9695562870367667
1400,1.65,1,straddling,58,-700.3037932052481,-699.3505664288249,0.17282018296350543,0.9532267764232074
600,1.65,1,local_minimum_gap,24,-301.01266257656596,-299.974345054034,-0.49350381529995957,1.0383175225319405
700,1.65,1,local_minimum_gap,28,-351.16929276021466,-350.1504283589346,-0.6598605595746676,1.018864401280041
800,1.65,1,local_minimum_gap,32,-401.3232995901853,-400.3183816111194,-0.8208406006523319,1.0049179790659082
900,1.65,1,local_minimum_gap,36,-451.47549788420446,-450.4803848947706,-0.9779413894875688,0.9951129894338351
1000,1.65,1,local_minimum_gap,41,-500.6379709279361,-499.658009366249,-0.14799014709257108,0.9799615616871051
1100,1.65,1,local_minimum_gap,45,-550.7922671179416,-549.8270497067551,-0.3096584123484263,0.9652174111864724
1200,1.65,1,local_minimum_gap,49,-600.9441259715348,-599.9903462540639,-0.4672361127993554,0.9537797174709794
1300,1.65,1,local_minimum_gap,53,-651.0942011621624,-650.1489665447806,-0.6215838534715203,0.9452346173818569
1400,1.65,1,local_minimum_gap,57,-701.2429956588355,-700.3037932052481,-0.7733944320418686,0.939202453587427
600,1.7,0,midpoint_nearest,27,-300.20704549455985,-299.25142345449524,0.2707655254724841,0.9556220400646112
700,1.7,0,midpoint_nearest,31,-350.57889990919523,-349.7531112894916,-0.16600559934340708,0.8257886197036441
800,1.7,0,midpoint_nearest,36,-400.1754760545183,-399.24415639229596,0.290183776592869,0.9313196622223359
900,1.7,0,midpoint_nearest,40,-450.5403050076918,-449.7279550715834,-0.1341300396376255,0.8123499361084328
1000,1.7,0,midpoint_nearest,45,-500.1431434078596,-499.2275245234296,0.3146660343553549,0.9156188844299891
1100,1.7,0,midpoint_nearest,49,-550.5035071669437,-549.6996218547893,-0.10156451086641027,0.8038853121544207
1200,1.7,0,midpoint_nearest,54,-600.110324946126,-599.2054991984373,0.34208792771835306,0.9048257476886192
1300,1.7,0,midpoint_nearest,58,-650.4678899625452,-649.6693109344417,-0.06860044849349833,0.7985790281035179
1400,1.7,0,midpoint_nearest,63,-700.0771417760028,-699.1800207584639,0.3714187327666423,0.8971210175388933
600,1.7,0,straddling,27,-300.20704549455985,-299.25142345449524,0.2707655254724841,0.9556220400646112
700,1.7,0,straddling,31,-350.57889990919523,-349.7531112894916,-0.16600559934340708,0.8257886197036441
800,1.7,0,straddling,36,-400.1754760545183,-399.24415639229596,0.290183776592869,0.9313196622223359
900,1.7,0,straddling,40,-450.5403050076918,-449.7279550715834,-0.1341300396376255,0.8123499361084328
1000,1.7,0,straddling,45,-500.1431434078596,-499.2275245234296,0.3146660343553549,0.9156188844299891
1100,1.7,0,straddling,49,-550.5035071669437,-549.6996218547893,-0.10156451086641027,0.8038853121544207
1200,1.7,0,straddling,54,-600.110324946126,-599.2054991984373,0.34208792771835306,0.9048257476886192
1300,1.7,0,straddling,58,-650.4678899625452,-649.6693109344417,-0.06860044849349833,0.7985790281035179
1400,1.7,0,straddling,63,-700.0771417760028,-699.1800207584639,0.3714187327666423,0.8971210175388933
600,1.7,0,local_minimum_gap,26,-301.0102483811284,-300.20704549455985,-0.6086469378441279,0.8032028865685561
700,1.7,0,local_minimum_gap,31,-350.57889990919523,-349.7531112894916,-0.16600559934340708,0.8257886197036441
800,1.7,0,local_minimum_gap,35,-400.95368071822514,-400.1754760545183,-0.5645783863717497,0.7782046637068447
900,1.7,0,local_minimum_gap,40,-450.5403050076918,-449.7279550715834,-0.1341300396376255,0.8123499361084328
1000,1.7,0,local_minimum_gap,44,-500.90378553492434,-500.1431434078596,-0.5234644713920034,0.7606421270647274
1100,1.7,0,local_minimum_gap,49,-550.5035071669437,-549.6996218547893,-0.10156451086641027,0.8038853121544207
1200,1.7,0,local_minimum_gap,53,-600.8581282299386,-600.110324946126,-0.48422658803224294,0.7478032838126865
1300,1.7,0,local_minimum_gap,57,-651.250041456344,-650.4678899625452,-0.8589657094446466,0.7821514937987786
1400,1.7,0,local_minimum_gap,62,-700.8154379476947,-700.0771417760028,-0.4462898618487543,0.7382961716918999
600,1.7,1,midpoint_nearest,26,-300.9059578584658,-299.82816109039305,-0.3670594744294249,1.0777967680727443
700,1.7,1,midpoint_nearest,31,-350.3454749169632,-349.26981214034976,0.1923564713434871,1.0756627766134557
800,1.7,1,midpoint_nearest,35,-400.84046605417694,-399.8000687229181,-0.3202673885475633,1.0403973312588164
900,1.7,1,midpoint_nearest,40,-450.2997196574421,-449.2559069425194,0.22218670001927876,1.0438127149226943
1000,1.7,1,midpoint_nearest,44,-500.7816657192447,-499.76820895453693,-0.27493733689084365,1.0134567647077688
1100,1.7,1,midpoint_nearest,49,-550.2551845662698,-549.2349529104625,0.2549312616338284,1.0202316558072653
1200,1.7,1,midpoint_nearest,53,-600.7270319899313,-599.7342926432981,-0.23066231661471193,0.9927393466332433
1300,1.7,1,midpoint_nearest,58,-650.211556163165,-649.2097433980863,0.2893502193743416,1.0018127650787392
1400,1.7,1,midpoint_nearest,62,-700.6752617531881,-699.6991377750181,-0.18719976410307027,0.9761239781699942
600,1.7,1,straddling,26,-300.9059578584658,-299.82816109039305,-0.3670594744294249,1.0777967680727443
700,1.7,1,straddling,31,-350.3454749169632,-349.26981214034976,0.1923564713434871,1.0756627766134557
800,1.7,1,straddling,35,-400.84046605417694,-399.8000687229181,-0.3202673885475633,1.0403973312588164
900,1.7,1,straddling,40,-450.2997196574421,-449.2559069425194,0.22218670001927876,1.0438127149226943
1000,1.7,1,straddling,44,-500.7816657192447,-499.76820895453693,-0.27493733689084365,1.0134567647077688
1100,1.7,1,straddling,49,-550.2551845662698,-549.2349529104625,0.2549312616338284,1.0202316558072653
1200,1.7,1,straddling,53,-600.7270319899313,-599.7342926432981,-0.23066231661471193,0.9927393466332433
1300,1.7,1,straddling,58,-650.211556163165,-649.2097433980863,0.2893502193743416,1.0018127650787392
1400,1.7,1,straddling,62,-700.6752617531881,-699.6991377750181,-0.18719976410307027,0.9761239781699942
600,1.7,1,local_minimum_gap,26,-300.9059578584658,-299.82816109039305,-0.3670594744294249,1.0777967680727443
700,1.7,1,local_minimum_gap,30,-351.4062847610722,-350.3454749169632,-0.8758798390176707,1.0608098441089737
800,1.7,1,local_minimum_gap,35,-400.84046605417694,-399.8000687229181,-0.3202673885475633,1.0403973312588164
900,1.7,1,local_minimum_gap,39,-451.3269442795521,-450.2997196574421,-0.8133319684970957,1.0272246221099977
1000,1.7,1,local_minimum_gap,44,-500.7816657192447,-499.76820895453693,-0.27493733689084365,1.0134567647077688
1100,1.7,1,local_minimum_gap,48,-551.2571322958829,-550.2551845662698,-0.756158431076301,1.0019477296131072
1200,1.7,1,local_minimum_gap,53,-600.7270319899313,-599.7342926432981,-0.23066231661471193,0.9927393466332433
1300,1.7,1,local_minimum_gap,57,-651.193469760352,-650.211556163165,-0.7025129617584298,0.9819135971869173
1400,1.7,1,local_minimum_gap,62,-700.6752617531881,-699.6991377750181,-0.18719976410307027,0.9761239781699942
600,1.75,0,midpoint_nearest,29,-300.05218362593484,-299.0200714175156,0.46387247827476585,1.0321122084192211
700,1.75,0,midpoint_nearest,33,-350.69363034458723,-349.8599302106793,-0.2767802776332928,0.8337001339079393
800,1.75,0,midpoint_nearest,38,-400.51843744408166,-399.65963154237323,-0.08903449322747292,0.858805901708422
900,1.75,0,midpoint_nearest,43,-450.3478100052438,-449.45246429904125,0.09986284785748012,0.8953457062025336
1000,1.75,0,midpoint_nearest,48,-500.17499477858695,-499.2401157906396,0.29244471538675043,0.9348789879473429
1100,1.75,0,midpoint_nearest,52,-550.7818889779088,-549.9955267098167,-0.3887078438626759,0.786362268092148
1200,1.75,0,midpoint_nearest,57,-600.610203290708,-599.8075772885838,-0.20889028964597856,0.8026260021241569
1300,1.75,0,midpoint_nearest,62,-650.444772124769,-649.6114244538742,-0.028098289321633274,0.8333476708947956
1400,1.75,0,midpoint_nearest,67,-700.2795731837493,-699.4084433172711,0.1559917494897718,0.8711298664782134
600,1.75,0,straddling,29,-300.05218362593484,-299.0200714175156,0.46387247827476585,1.0321122084192211
700,1.75,0,straddling,33,-350.69363034458723,-349.8599302106793,-0.2767802776332928,0.8337001339079393
800,1.75,0,straddling,38,-400.51843744408166,-399.65963154237323,-0.08903449322747292,0.858805901708422
900,1.75,0,straddling,43,-450.3478100052438,-449.45246429904125,0.09986284785748012,0.8953457062025336
1000,1.75,0,straddling,48,-500.17499477858695,-499.2401157906396,0.29244471538675043,0.9348789879473429
1100,1.75,0,straddling,52,-550.7818889779088,-549.9955267098167,-0.3887078438626759,0.786362268092148
1200,1.75,0,straddling,57,-600.610203290708,-599.8075772885838,-0.20889028964597856,0.8026260021241569
1300,1.75,0,straddling,62,-650.444772124769,-649.6114244538742,-0.028098289321633274,0.8333476708947956
1400,1.75,0,straddling,67,-700.2795731837493,-699.4084433172711,0.1559917494897718,0.8711298664782134
600,1.75,0,local_minimum_gap,28,-300.8814359015342,-300.05218362593484,-0.4668097637345454,0.8292522755993446
700,1.75,0,local_minimum_gap,33,-350.69363034458723,-349.8599302106793,-0.2767802776332928,0.8337001339079393
800,1.75,0,local_minimum_gap,38,-400.51843744408166,-399.65963154237323,-0.08903449322747292,0.858805901708422
900,1.75,0,local_minimum_gap,42,-451.16583157154895,-450.3478100052438,-0.7568207883963396,0.8180215663051627
1000,1.75,0,local_minimum_gap,47,-500.9656165121715,-500.17499477858695,-0.5703056453792215,0.790621733584544
1100,1.75,0,local_minimum_gap,52,-550.7818889779088,-549.9955267098167,-0.3887078438626759,0.786362268092148
1200,1.75,0,local_minimum_gap,57,-600.610203290708,-599.8075772885838,-0.20889028964597856,0.8026260021241569
1300,1.75,0,local_minimum_gap,61,-651.2511029062782,-650.444772124769,-0.8479375155236539,0.8063307815092458
1400,1.75,0,local_minimum_gap,66,-701.0533767107247,-700.2795731837493,-0.6664749472370204,0.7738035269753709
600,1.75,1,midpoint_nearest,28,-300.7357986380895,-299.61643292004203,-0.17611577906575349,1.1193657180474474
700,1.75,1,midpoint_nearest,33,-350.49218655711854,-349.38624808943194,0.060782676724784324,1.1059384676865989
800,1.75,1,midpoint_nearest,38,-400.2568602104411,-399.158433236141,0.29235327670892275,1.0984269743001391
900,1.75,1,midpoint_nearest,43,-450.0270825150417,-448.932050236451,0.5204336242536556,1.0950322785906792
1000,1.75,1,midpoint_nearest,47,-500.8495968110654,-499.8009378848714,-0.3252673479684063,1.0486589261939798
1100,1.75,1,midpoint_nearest,52,-550.618780386989,-549.5770768640862,-0.0979286255376337,1.0417035229028215
1200,1.75,1,midpoint_nearest,57,-600.3932669587143,-599.354561012915,0.12608601418537546,1.038705945799279
1300,1.75,1,midpoint_nearest,62,-650.1715068963508,-649.1327545494804,0.34786927708432813,1.0387523468704103
1400,1.75,1,midpoint_nearest,66,-700.9598429912221,-699.9522498132266,-0.45604640222427406,1.0075931779955454
600,1.75,1,straddling,28,-300.7357986380895,-299.61643292004203,-0.17611577906575349,1.1193657180474474
700,1.75,1,straddling,33,-350.49218655711854,-349.38624808943194,0.060782676724784324,1.1059384676865989
800,1.75,1,straddling,38,-400.2568602104411,-399.158433236141,0.29235327670892275,1.0984269743001391
900,1.75,1,straddling,43,-450.0270825150417,-448.932050236451,0.5204336242536556,1.0950322785906792
1000,1.75,1,straddling,47,-500.8495968110654,-499.8009378848714,-0.3252673479684063,1.0486589261939798
1100,1.75,1,straddling,52,-550.618780386989,-549.5770768640862,-0.0979286255376337,1.0417035229028215
1200,1.75,1,straddling,57,-600.3932669587143,-599.354561012915,0.12608601418537546,1.038705945799279
1300,1.75,1,straddling,62,-650.1715068963508,-649.1327545494804,0.34786927708432813,1.0387523468704103
1400,1.75,1,straddling,66,-700.9598429912221,-699.9522498132266,-0.45604640222427406,1.0075931779955454
600,1.75,1,local_minimum_gap,28,-300.7357986380895,-299.61643292004203,-0.17611577906575349,1.1193657180474474
700,1.75,1,local_minimum_gap,32,-351.59524978630907,-350.49218655711854,-1.043718171713806,1.103063229190525
800,1.75,1,local_minimum_gap,37,-401.3351672958787,-400.2568602104411,-0.7960137531599116,1.0783070854375865
900,1.75,1,local_minimum_gap,42,-451.0876124716521,-450.0270825150417,-0.5573474933469242,1.0605299566104236
1000,1.75,1,local_minimum_gap,47,-500.8495968110654,-499.8009378848714,-0.3252673479684063,1.0486589261939798
1100,1.75,1,local_minimum_gap,52,-550.618780386989,-549.5770768640862,-0.0979286255376337,1.0417035229028215
1200,1.75,1,local_minimum_gap,56,-601.4236868520582,-600.3932669587143,-0.9084769053862374,1.0304198933438329
1300,1.75,1,local_minimum_gap,61,-651.1883853745474,-650.1715068963508,-0.6799461354490859,1.0168784781965314
1400,1.75,1,local_minimum_gap,66,-700.9598429912221,-699.9522498132266,-0.45604640222427406,1.0075931779955454
600,1.8,0,midpoint_nearest,30,-300.70748536003697,-299.83143778226315,-0.2694615711500319,0.8760475777738179
700,1.8,0,midpoint_nearest,35,-350.7701257351855,-349.9165029463156,-0.34331434075056677,0.8536227888699273
800,1.8,0,midpoint_nearest,40,-400.832728022287,-399.99567399489604,-0.41420100859147624,0.8370540273909342
900,1.8,0,midpoint_nearest,46,-450.07018599220913,-449.06621458260776,0.43179971259155536,1.0039714096013768
1000,1.8,0,midpoint_nearest,51,-500.14092681607326,-499.16861219790815,0.3452304930092964,0.9723146181651146
1100,1.8,0,midpoint_nearest,56,-550.2085845524002,-549.2656503467315,0.2628825504341421,0.9429342056687346
1200,1.8,0,midpoint_nearest,61,-600.2737256734607,-599.3581086633925,0.18408283157339156,0.9156170100682175
1300,1.8,0,midpoint_nearest,66,-650.3368379802384,-649.4465551528081,0.10830343347674898,0.8902828274303829
1400,1.8,0,midpoint_nearest,71,-700.3983542983198,-699.5314142286,0.03511573654009226,0.8669400697197034
600,1.8,0,straddling,30,-300.70748536003697,-299.83143778226315,-0.2694615711500319,0.8760475777738179
700,1.8,0,straddling,35,-350.7701257351855,-349.9165029463156,-0.34331434075056677,0.8536227888699273
800,1.8,0,straddling,40,-400.832728022287,-399.99567399489604,-0.41420100859147624,0.8370540273909342
900,1.8,0,straddling,46,-450.07018599220913,-449.06621458260776,0.43179971259155536,1.0039714096013768
1000,1.8,0,straddling,51,-500.14092681607326,-499.16861219790815,0.3452304930092964,0.9723146181651146
1100,1.8,0,straddling,56,-550.2085845524002,-549.2656503467315,0.2628825504341421,0.9429342056687346
1200,1.8,0,straddling,61,-600.2737256734607,-599.3581086633925,0.18408283157339156,0.9156170100682175
1300,1.8,0,straddling,66,-650.3368379802384,-649.4465551528081,0.10830343347674898,0.8902828274303829
1400,1.8,0,straddling,71,-700.3983542983198,-699.5314142286,0.03511573654009226,0.8669400697197034
600,1.8,0,local_minimum_gap,30,-300.70748536003697,-299.83143778226315,-0.2694615711500319,0.8760475777738179
700,1.8,0,local_minimum_gap,35,-350.7701257351855,-349.9165029463156,-0.34331434075056677,0.8536227888699273
800,1.8,0,local_minimum_gap,40,-400.832728022287,-399.99567399489604,-0.41420100859147624,0.8370540273909342
900,1.8,0,local_minimum_gap,45,-450.89557854758186,-450.07018599220913,-0.4828822698955264,0.8253925553727299
1000,1.8,0,local_minimum_gap,50,-500.95887235831117,-500.14092681607326,-0.5498995871922148,0.8179455422379078
1100,1.8,0,local_minimum_gap,55,-551.0227366827587,-550.2085845524002,-0.615660617579465,0.8141521303584796
1200,1.8,0,local_minimum_gap,60,-601.0872467402938,-600.2737256734607,-0.6804862068772763,0.8135210668331183
1300,1.8,0,local_minimum_gap,65,-651.1524377280182,-650.3368379802384,-0.7446378541283138,0.8155997477797428
1400,1.8,0,local_minimum_gap,70,-701.2183145764276,-700.3983542983198,-0.8083344373736736,0.8199602781078283
600,1.8,1,midpoint_nearest,30,-300.4972385086599,-299.33193039106794,0.08541555013607649,1.1653081175919624
700,1.8,1,midpoint_nearest,35,-350.58463406035673,-349.4454359901258,-0.01503502524127498,1.1391980702309183
800,1.8,1,midpoint_nearest,40,-400.6692934261261,-399.55152085187154,-0.11040713899882348,1.117772574254559
900,1.8,1,midpoint_nearest,45,-450.7518543281643,-449.6520044751615,-0.20192940166293738,1.0998498530028087
1000,1.8,1,midpoint_nearest,50,-500.83275799252556,-499.74810265279433,-0.29043032265997226,1.0846553397312277
1100,1.8,1,midpoint_nearest,55,-550.9123245954928,-549.8406708129663,-0.3764977042295641,1.0716537825264822
1200,1.8,1,midpoint_nearest,60,-600.9907951893034,-599.9303361603133,-0.460565674808322,1.060459028990067
1300,1.8,1,midpoint_nearest,66,-650.0175743613444,-648.9365898015113,0.5229179185721478,1.0809845598330412
1400,1.8,1,midpoint_nearest,71,-700.1027564701512,-699.0355686439308,0.4308374429590458,1.0671878262204473
600,1.8,1,straddling,30,-300.4972385086599,-299.33193039106794,0.08541555013607649,1.1653081175919624
700,1.8,1,straddling,35,-350.58463406035673,-349.4454359901258,-0.01503502524127498,1.1391980702309183
800,1.8,1,straddling,40,-400.6692934261261,-399.55152085187154,-0.11040713899882348,1.117772574254559
900,1.8,1,straddling,45,-450.7518543281643,-449.6520044751615,-0.20192940166293738,1.0998498530028087
1000,1.8,1,straddling,50,-500.83275799252556,-499.74810265279433,-0.29043032265997226,1.0846553397312277
1100,1.8,1,straddling,55,-550.9123245954928,-549.8406708129663,-0.3764977042295641,1.0716537825264822
1200,1.8,1,straddling,60,-600.9907951893034,-599.9303361603133,-0.460565674808322,1.060459028990067
1300,1.8,1,straddling,66,-650.0175743613444,-648.9365898015113,0.5229179185721478,1.0809845598330412
1400,1.8,1,straddling,71,-700.1027564701512,-699.0355686439308,0.4308374429590458,1.0671878262204473
600,1.8,1,local_minimum_gap,29,-301.65975197349206,-300.4972385086599,-1.0784952410759843,1.1625134648321591
700,1.8,1,local_minimum_gap,35,-350.58463406035673,-349.4454359901258,-0.01503502524127498,1.1391980702309183
800,1.8,1,local_minimum_gap,40,-400.6692934261261,-399.55152085187154,-0.11040713899882348,1.117772574254559
900,1.8,1,local_minimum_gap,45,-450.7518543281643,-449.6520044751615,-0.20192940166293738,1.0998498530028087
1000,1.8,1,local_minimum_gap,50,-500.83275799252556,-499.74810265279433,-0.29043032265997226,1.0846553397312277
1100,1.8,1,local_minimum_gap,55,-550.9123245954928,-549.8406708129663,-0.3764977042295641,1.0716537825264822
1200,1.8,1,local_minimum_gap,60,-600.9907951893034,-599.9303361603133,-0.460565674808322,1.060459028990067
1300,1.8,1,local_minimum_gap,65,-651.0683565822955,-650.0175743613444,-0.5429654718199117,1.0507822209510778
1400,1.8,1,local_minimum_gap,70,-701.1451569069909,-700.1027564701512,-0.6239566885710701,1.0424004368396709
600,1.85,0,midpoint_nearest,32,-300.4867466111128,-299.53016652585166,-0.008456568482188231,0.9565800852611233
700,1.85,0,midpoint_nearest,37,-350.80199569867176,-349.92196634753236,-0.36198102310208924,0.8800293511393988
800,1.85,0,midpoint_nearest,43,-400.26115678821844,-399.2700965953931,0.23437330819422186,0.99106019282533
900,1.85,0,midpoint_nearest,48,-450.5697703092036,-449.6753202463259,-0.12254527776474333,0.894450062877695
1000,1.85,0,midpoint_nearest,53,-500.87880940302625,-500.0331716266458,-0.45599051483600306,0.8456377763804426
1100,1.85,0,midpoint_nearest,59,-550.3505695180127,-549.419746264123,0.11484210893218005,0.9308232538896846
1200,1.85,0,midpoint_nearest,64,-600.6492223281451,-599.7957697918872,-0.2224960600161694,0.8534525362579188
1300,1.85,0,midpoint_nearest,70,-650.1307491502093,-649.1575013372052,0.3558747562926783,0.97324781300415
1400,1.85,0,midpoint_nearest,75,-700.4337068177405,-699.5479741250762,0.00915952859168101,0.8857326926643054
600,1.85,0,straddling,32,-300.4867466111128,-299.53016652585166,-0.008456568482188231,0.9565800852611233
700,1.85,0,straddling,37,-350.80199569867176,-349.92196634753236,-0.36198102310208924,0.8800293511393988
800,1.85,0,straddling,43,-400.26115678821844,-399.2700965953931,0.23437330819422186,0.99106019282533
900,1.85,0,straddling,48,-450.5697703092036,-449.6753202463259,-0.12254527776474333,0.894450062877695
1000,1.85,0,straddling,54,-500.0331716266458,-499.00455536041096,0.4811365064716142,1.0286162662348488
1100,1.85,0,straddling,59,-550.3505695180127,-549.419746264123,0.11484210893218005,0.9308232538896846
1200,1.85,0,straddling,64,-600.6492223281451,-599.7957697918872,-0.2224960600161694,0.8534525362579188
1300,1.85,0,straddling,70,-650.1307491502093,-649.1575013372052,0.3558747562926783,0.97324781300415
1400,1.85,0,straddling,75,-700.4337068177405,-699.5479741250762,0.00915952859168101,0.8857326926643054
600,1.85,0,local_minimum_gap,31,-301.4339755935128,-300.4867466111128,-0.9603611023127883,0.94722898240002
700,1.85,0,local_minimum_gap,37,-350.80199569867176,-349.92196634753236,-0.36198102310208924,0.8800293511393988
800,1.85,0,local_minimum_gap,42,-401.1356923861457,-400.26115678821844,-0.6984245871821031,0.8745355979272631
900,1.85,0,local_minimum_gap,48,-450.5697703092036,-449.6753202463259,-0.12254527776474333,0.894450062877695
1000,1.85,0,local_minimum_gap,53,-500.87880940302625,-500.0331716266458,-0.45599051483600306,0.8456377763804426
1100,1.85,0,local_minimum_gap,58,-551.2107202887618,-550.3505695180127,-0.7806449033871559,0.860150770749101
1200,1.85,0,local_minimum_gap,64,-600.6492223281451,-599.7957697918872,-0.2224960600161694,0.8534525362579188
1300,1.85,0,local_minimum_gap,69,-650.9564053942385,-650.1307491502093,-0.5435772722239562,0.8256562440291191
1400,1.85,0,local_minimum_gap,74,-701.2887098163669,-700.4337068177405,-0.8612083170537517,0.8550029986264462
600,1.85,1,midpoint_nearest,32,-300.1849228534963,-298.96700475845597,0.42403619402386994,1.217918095040318
700,1.85,1,midpoint_nearest,37,-350.61718894107986,-349.4426819242954,-0.029935432687636876,1.174507016784446
800,1.85,1,midpoint_nearest,42,-401.03603263482046,-399.8881700719948,-0.462101353407661,1.147862562825651
900,1.85,1,midpoint_nearest,48,-450.3125868985731,-449.16205867507614,0.2626772131753796,1.1505282234969627
1000,1.85,1,midpoint_nearest,53,-500.723597232412,-499.6015914223886,-0.1625943274002566,1.1220058100233814
1100,1.85,1,midpoint_nearest,59,-550.0215569152869,-548.884402510245,0.5470202872340906,1.1371544050418834
1200,1.85,1,midpoint_nearest,64,-600.4276280762142,-599.3206646310017,0.12585364639198815,1.1069634452125001
1300,1.85,1,midpoint_nearest,69,-650.8252120619941,-649.7385136577799,-0.28186285988704185,1.0866984042141894
1400,1.85,1,midpoint_nearest,75,-700.1420415449185,-699.0429552329288,0.4075016110764409,1.0990863119897085
600,1.85,1,straddling,32,-300.1849228534963,-298.96700475845597,0.42403619402386994,1.217918095040318
700,1.85,1,straddling,37,-350.61718894107986,-349.4426819242954,-0.029935432687636876,1.174507016784446
800,1.85,1,straddling,42,-401.03603263482046,-399.8881700719948,-0.462101353407661,1.147862562825651
900,1.85,1,straddling,48,-450.3125868985731,-449.16205867507614,0.2626772131753796,1.1505282234969627
1000,1.85,1,straddling,53,-500.723597232412,-499.6015914223886,-0.1625943274002566,1.1220058100233814
1100,1.85,1,straddling,59,-550.0215569152869,-548.884402510245,0.5470202872340906,1.1371544050418834
1200,1.85,1,straddling,64,-600.4276280762142,-599.3206646310017,0.12585364639198815,1.1069634452125001
1300,1.85,1,straddling,69,-650.8252120619941,-649.7385136577799,-0.28186285988704185,1.0866984042141894
1400,1.85,1,straddling,75,-700.1420415449185,-699.0429552329288,0.4075016110764409,1.0990863119897085
600,1.85,1,local_minimum_gap,31,-301.3756879711097,-300.1849228534963,-0.7803054123029938,1.1907651176134095
700,1.85,1,local_minimum_gap,37,-350.61718894107986,-349.4426819242954,-0.029935432687636876,1.174507016784446
800,1.85,1,local_minimum_gap,42,-401.03603263482046,-399.8881700719948,-0.462101353407661,1.147862562825651
900,1.85,1,local_minimum_gap,47,-451.44856421036764,-450.3125868985731,-0.880575554470397,1.1359773117945338
1000,1.85,1,local_minimum_gap,53,-500.723597232412,-499.6015914223886,-0.1625943274002566,1.1220058100233814
1100,1.85,1,local_minimum_gap,58,-551.12747918039,-550.0215569152869,-0.57451804783841,1.1059222651031178
1200,1.85,1,local_minimum_gap,63,-601.5288738407916,-600.4276280762142,-0.9782509585029402,1.1012457645773566
1300,1.85,1,local_minimum_gap,69,-650.8252120619941,-649.7385136577799,-0.28186285988704185,1.0866984042141894
1400,1.85,1,local_minimum_gap,74,-701.2189759404455,-700.1420415449185,-0.6805087426819227,1.0769343955270188
600,1.9,0,midpoint_nearest,34,-300.20622669472124,-299.1348587318131,0.3294572867328043,1.0713679629081412
700,1.9,0,midpoint_nearest,39,-350.78440900500436,-349.8733661743471,-0.3288875896757304,0.9110428306572658
800,1.9,0,midpoint_nearest,45,-400.472850401843,-399.51411338274124,0.006518107707847776,0.9587370191017612
900,1.9,0,midpoint_nearest,51,-450.1656154312239,-449.1328028136762,0.3507908775499118,1.0328126175476768
1000,1.9,0,midpoint_nearest,56,-500.7255419271471,-499.83932460980685,-0.282433268477007,0.8862173173402539
1100,1.9,0,midpoint_nearest,62,-550.4253983103062,-549.4867828043648,0.0439094426644715,0.9386155059413568
1200,1.9,0,midpoint_nearest,68,-600.1236196005349,-599.1127592201449,0.38181058966006276,1.0108603803899996
1300,1.9,0,midpoint_nearest,73,-650.6722613104416,-649.8009674687327,-0.23661438958720282,0.8712938417089617
1400,1.9,0,midpoint_nearest,79,-700.3795438394878,-699.4527158804299,0.08387014004119919,0.9268279590579596
600,1.9,0,straddling,34,-300.20622669472124,-299.1348587318131,0.3294572867328043,1.0713679629081412
700,1.9,0,straddling,39,-350.78440900500436,-349.8733661743471,-0.3288875896757304,0.9110428306572658
800,1.9,0,straddling,45,-400.472850401843,-399.51411338274124,0.006518107707847776,0.9587370191017612
900,1.9,0,straddling,51,-450.1656154312239,-449.1328028136762,0.3507908775499118,1.0328126175476768
1000,1.9,0,straddling,56,-500.7255419271471,-499.83932460980685,-0.282433268477007,0.8862173173402539
1100,1.9,0,straddling,62,-550.4253983103062,-549.4867828043648,0.0439094426644715,0.9386155059413568
1200,1.9,0,straddling,68,-600.1236196005349,-599.1127592201449,0.38181058966006276,1.0108603803899996
1300,1.9,0,straddling,73,-650.6722613104416,-649.8009674687327,-0.23661438958720282,0.8712938417089617
1400,1.9,0,straddling,79,-700.3795438394878,-699.4527158804299,0.08387014004119919,0.9268279590579596
600,1.9,0,local_minimum_gap,33,-301.12997276555353,-300.20622669472124,-0.668099730137385,0.9237460708322942
700,1.9,0,local_minimum_gap,39,-350.78440900500436,-349.8733661743471,-0.3288875896757304,0.9110428306572658
800,1.9,0,local_minimum_gap,44,-401.4164096654843,-400.472850401843,-0.9446300336636568,0.9435592636413048
900,1.9,0,local_minimum_gap,50,-451.0498245792155,-450.1656154312239,-0.6077200052196758,0.8842091479916121
1000,1.9,0,local_minimum_gap,56,-500.7255419271471,-499.83932460980685,-0.282433268477007,0.8862173173402539
1100,1.9,0,local_minimum_gap,61,-551.3280079564956,-550.4253983103062,-0.8767031334009516,0.9026096461894895
1200,1.9,0,local_minimum_gap,67,-600.9825306681677,-600.1236196005349,-0.5530751343512748,0.8589110676327891
1300,1.9,0,local_minimum_gap,73,-650.6722613104416,-649.8009674687327,-0.23661438958720282,0.8712938417089617
1400,1.9,0,local_minimum_gap,78,-701.2524455893597,-700.3795438394878,-0.8159947144238231,0.8729017498718576
600,1.9,1,midpoint_nearest,33,-301.0176427225235,-299.7922237541961,-0.40493323835977435,1.2254189683274035
700,1.9,1,midpoint_nearest,39,-350.58480363067764,-349.3732248123426,0.020985778489887252,1.211578818335056
800,1.9,1,midpoint_nearest,45,-400.16749754433204,-398.9576674942536,0.437417480707154,1.2098300500784376
900,1.9,1,midpoint_nearest,50,-450.92637256014285,-449.7585169850783,-0.3424447726105768,1.16785557506455
1000,1.9,1,midpoint_nearest,56,-500.51566726624367,-499.35297772078957,0.06567750648338233,1.1626895454541
1100,1.9,1,midpoint_nearest,62,-550.1143088095607,-548.9479185369423,0.46888632674847486,1.1663902726184006
1200,1.9,1,midpoint_nearest,67,-600.8480876001961,-599.7174650010695,-0.2827763006328041,1.130622599126582
1300,1.9,1,midpoint_nearest,73,-650.4514906303,-649.3216675421538,0.11342091377309771,1.1298230881461677
1400,1.9,1,midpoint_nearest,79,-700.061075890516,-698.9247856245942,0.5070692424449135,1.1362902659218435
600,1.9,1,straddling,33,-301.0176427225235,-299.7922237541961,-0.40493323835977435,1.2254189683274035
700,1.9,1,straddling,39,-350.58480363067764,-349.3732248123426,0.020985778489887252,1.211578818335056
800,1.9,1,straddling,45,-400.16749754433204,-398.9576674942536,0.437417480707154,1.2098300500784376
900,1.9,1,straddling,50,-450.92637256014285,-449.7585169850783,-0.3424447726105768,1.16785557506455
1000,1.9,1,straddling,56,-500.51566726624367,-499.35297772078957,0.06567750648338233,1.1626895454541
1100,1.9,1,straddling,62,-550.1143088095607,-548.9479185369423,0.46888632674847486,1.1663902726184006
1200,1.9,1,straddling,67,-600.8480876001961,-599.7174650010695,-0.2827763006328041,1.130622599126582
1300,1.9,1,straddling,73,-650.4514906303,-649.3216675421538,0.11342091377309771,1.1298230881461677
1400,1.9,1,straddling,79,-700.061075890516,-698.9247856245942,0.5070692424449135,1.1362902659218435
600,1.9,1,local_minimum_gap,33,-301.0176427225235,-299.7922237541961,-0.40493323835977435,1.2254189683274035
700,1.9,1,local_minimum_gap,39,-350.58480363067764,-349.3732248123426,0.020985778489887252,1.211578818335056
800,1.9,1,local_minimum_gap,44,-401.3524093944331,-400.16749754433204,-0.7599534693825944,1.1849118501010594
900,1.9,1,local_minimum_gap,50,-450.92637256014285,-449.7585169850783,-0.3424447726105768,1.16785557506455
1000,1.9,1,local_minimum_gap,55,-501.67808852362225,-500.51566726624367,-1.096877894932959,1.1624212573785826
1100,1.9,1,local_minimum_gap,61,-551.2553602904625,-550.1143088095607,-0.6848345500116011,1.1410514809017513
1200,1.9,1,local_minimum_gap,67,-600.8480876001961,-599.7174650010695,-0.2827763006328041,1.130622599126582
1300,1.9,1,local_minimum_gap,72,-651.5773831306262,-650.4514906303,-1.0144368804631085,1.1258925003262448
1400,1.9,1,local_minimum_gap,78,-701.1711697891151,-700.061075890516,-0.616122839815489,1.1100938985990751
600,1.95,0,midpoint_nearest,35,-300.7922930504911,-299.83833149872635,-0.3153122746086865,0.9539615517647348
700,1.95,0,midpoint_nearest,41,-350.7147712905379,-349.7654151217643,-0.240093206151073,0.9493561687735905
800,1.95,0,midpoint_nearest,47,-400.64068321987133,-399.69160887553954,-0.16614604770541064,0.949074344331791
900,1.95,0,midpoint_nearest,53,-450.5690734145132,-449.61697592607027,-0.09302467029169748,0.9520974884429165
1000,1.95,0,midpoint_nearest,59,-500.49921343495606,-499.5415803243217,-0.020396879638894916,0.9576331106343332
1100,1.95,0,midpoint_nearest,65,-550.430521785713,-549.4654877386589,0.05199523781402604,0.9650340470541323
1200,1.95,0,midpoint_nearest,71,-600.362522352471,-599.3887641470408,0.12435675024403281,0.973758205430272
1300,1.95,0,midpoint_nearest,77,-650.2948218948703,-649.3114741368038,0.1968519841630041,0.9833477580665431
1400,1.95,0,midpoint_nearest,83,-700.2270973177788,-699.2336794271212,0.2696116275500344,0.9934178906576108
600,1.95,0,straddling,35,-300.7922930504911,-299.83833149872635,-0.3153122746086865,0.9539615517647348
700,1.95,0,straddling,41,-350.7147712905379,-349.7654151217643,-0.240093206151073,0.9493561687735905
800,1.95,0,straddling,47,-400.64068321987133,-399.69160887553954,-0.16614604770541064,0.949074344331791
900,1.95,0,straddling,53,-450.5690734145132,-449.61697592607027,-0.09302467029169748,0.9520974884429165
1000,1.95,0,straddling,59,-500.49921343495606,-499.5415803243217,-0.020396879638894916,0.9576331106343332
1100,1.95,0,straddling,65,-550.430521785713,-549.4654877386589,0.05199523781402604,0.9650340470541323
1200,1.95,0,straddling,71,-600.362522352471,-599.3887641470408,0.12435675024403281,0.973758205430272
1300,1.95,0,straddling,77,-650.2948218948703,-649.3114741368038,0.1968519841630041,0.9833477580665431
1400,1.95,0,straddling,83,-700.2270973177788,-699.2336794271212,0.2696116275500344,0.9934178906576108
600,1.95,0,local_minimum_gap,35,-300.7922930504911,-299.83833149872635,-0.3153122746086865,0.9539615517647348
700,1.95,0,local_minimum_gap,41,-350.7147712905379,-349.7654151217643,-0.240093206151073,0.9493561687735905
800,1.95,0,local_minimum_gap,47,-400.64068321987133,-399.69160887553954,-0.16614604770541064,0.949074344331791
900,1.95,0,local_minimum_gap,53,-450.5690734145132,-449.61697592607027,-0.09302467029169748,0.9520974884429165
1000,1.95,0,local_minimum_gap,58,-501.45538597134754,-500.49921343495606,-0.9772997031518003,0.9561725363914775
1100,1.95,0,local_minimum_gap,64,-551.3623330337929,-550.430521785713,-0.8964274097529596,0.9318112480798391
1200,1.95,0,local_minimum_gap,70,-601.2736352431324,-600.362522352471,-0.8180787978017179,0.911112890661343
1300,1.95,0,local_minimum_gap,76,-651.1887949600751,-650.2948218948703,-0.7418084274727335,0.8939730652048183
1400,1.95,0,local_minimum_gap,82,-701.1074030999498,-700.2270973177788,-0.6672502088642887,0.8803057821710354
600,1.95,1,midpoint_nearest,35,-300.58213720624764,-299.310752824202,0.053554984775189496,1.2713843820456532
700,1.95,1,midpoint_nearest,41,-350.48304573276107,-349.23218504598765,0.14238461062564056,1.2508606867734215
800,1.95,1,midpoint_nearest,47,-400.3872343795274,-399.1528737570532,0.22994593170972166,1.2343606224741848
900,1.95,1,midpoint_nearest,53,-450.2939356969419,-449.07309201736,0.31648614284904397,1.2208436795818898
1000,1.95,1,midpoint_nearest,59,-500.2026200602776,-498.99300169900846,0.4021891203569794,1.209618361269122
1100,1.95,1,midpoint_nearest,65,-550.1129039794442,-548.9127027574955,0.4871966315301961,1.2002012219487597
1200,1.95,1,midpoint_nearest,71,-600.0244992346113,-598.832258815252,0.5716209750682992,1.1922404193593366
1300,1.95,1,midpoint_nearest,76,-651.0896767192899,-649.937182749558,-0.5134297344238803,1.152493969731836
1400,1.95,1,midpoint_nearest,82,-700.9941093947583,-699.8507777802824,-0.42244358752031985,1.1433316144758692
600,1.95,1,straddling,35,-300.58213720624764,-299.310752824202,0.053554984775189496,1.2713843820456532
700,1.95,1,straddling,41,-350.48304573276107,-349.23218504598765,0.14238461062564056,1.2508606867734215
800,1.95,1,straddling,47,-400.3872343795274,-399.1528737570532,0.22994593170972166,1.2343606224741848
900,1.95,1,straddling,53,-450.2939356969419,-449.07309201736,0.31648614284904397,1.2208436795818898
1000,1.95,1,straddling,59,-500.2026200602776,-498.99300169900846,0.4021891203569794,1.209618361269122
1100,1.95,1,straddling,65,-550.1129039794442,-548.9127027574955,0.4871966315301961,1.2002012219487597
1200,1.95,1,straddling,71,-600.0244992346113,-598.832258815252,0.5716209750682992,1.1922404193593366
1300,1.95,1,straddling,76,-651.0896767192899,-649.937182749558,-0.5134297344238803,1.152493969731836
1400,1.95,1,straddling,82,-700.9941093947583,-699.8507777802824,-0.42244358752031985,1.1433316144758692
600,1.95,1,local_minimum_gap,35,-300.58213720624764,-299.310752824202,0.053554984775189496,1.2713843820456532
700,1.95,1,local_minimum_gap,40,-351.73077246106175,-350.48304573276107,-1.1069090969114086,1.2477267283006768
800,1.95,1,local_minimum_gap,46,-401.6120927778422,-400.3872343795274,-0.9996635786848174,1.2248583983147796
900,1.95,1,local_minimum_gap,52,-451.4995680980272,-450.2939356969419,-0.8967518974845916,1.2056324010853245
1000,1.95,1,local_minimum_gap,58,-501.3918802444065,-500.2026200602776,-0.7972501523420306,1.189260184128898
1100,1.95,1,local_minimum_gap,64,-551.2880982240767,-550.1129039794442,-0.7005011017604375,1.1751942446325074
1200,1.95,1,local_minimum_gap,70,-601.1875372825816,-600.0244992346113,-0.606018258596464,1.1630380479703035
1300,1.95,1,local_minimum_gap,76,-651.0896767192899,-649.937182749558,-0.5134297344238803,1.152493969731836
1400,1.95,1,local_minimum_gap,82,-700.9941093947583,-699.8507777802824,-0.42244358752031985,1.1433316144758692
600,2.0,0,midpoint_nearest,37,-300.41728761880285,-299.35330320564077,0.11470458777819204,1.0639844131620748
700,2.0,0,midpoint_nearest,43,-350.59190164568486,-349.59039489543454,-0.09114827055969954,1.0015067502503143
800,2.0,0,midpoint_nearest,49,-400.76467718821397,-399.8063789398141,-0.28552806401404496,0.9582982483998421
900,2.0,0,midpoint_nearest,55,-450.9400678905785,-450.00448885206407,-0.4722783713212948,0.9355790385144473
1000,2.0,0,midpoint_nearest,62,-500.18810956078147,-499.1198495801255,0.34602042954651324,1.0682599806559665
1100,2.0,0,midpoint_nearest,68,-550.3612172778681,-549.3508277220847,0.1439775000235386,1.0103895557834903
1200,2.0,0,midpoint_nearest,74,-600.5282507495633,-599.5674389112787,-0.047844830421013285,0.9608118382845987
1300,2.0,0,midpoint_nearest,80,-650.693625341068,-649.7701847923098,-0.23190506668890976,0.923440548758208
1400,2.0,0,midpoint_nearest,86,-700.8611442095643,-699.9598430910985,-0.41049365033131835,0.9013011184657671
600,2.0,0,straddling,37,-300.41728761880285,-299.35330320564077,0.11470458777819204,1.0639844131620748
700,2.0,0,straddling,43,-350.59190164568486,-349.59039489543454,-0.09114827055969954,1.0015067502503143
800,2.0,0,straddling,49,-400.76467718821397,-399.8063789398141,-0.28552806401404496,0.9582982483998421
900,2.0,0,straddling,56,-450.00448885206407,-448.8738145754544,0.5608482862407982,1.1306742766096818
1000,2.0,0,straddling,62,-500.18810956078147,-499.1198495801255,0.34602042954651324,1.0682599806559665
1100,2.0,0,straddling,68,-550.3612172778681,-549.3508277220847,0.1439775000235386,1.0103895557834903
1200,2.0,0,straddling,74,-600.5282507495633,-599.5674389112787,-0.047844830421013285,0.9608118382845987
1300,2.0,0,straddling,80,-650.693625341068,-649.7701847923098,-0.23190506668890976,0.923440548758208
1400,2.0,0,straddling,86,-700.8611442095643,-699.9598430910985,-0.41049365033131835,0.9013011184657671
600,2.0,0,local_minimum_gap,36,-301.43608864114333,-300.41728761880285,-0.9266881299730585,1.018801022340483
700,2.0,0,local_minimum_gap,43,-350.59190164568486,-349.59039489543454,-0.09114827055969954,1.0015067502503143
800,2.0,0,local_minimum_gap,49,-400.76467718821397,-399.8063789398141,-0.28552806401404496,0.9582982483998421
900,2.0,0,local_minimum_gap,55,-450.9400678905785,-450.00448885206407,-0.4722783713212948,0.9355790385144473
1000,2.0,0,local_minimum_gap,61,-501.12075380980446,-500.18810956078147,-0.6544316852929342,0.9326442490229852
1100,2.0,0,local_minimum_gap,67,-551.3077834013897,-550.3612172778681,-0.834500339628903,0.9465661235215066
1200,2.0,0,local_minimum_gap,74,-600.5282507495633,-599.5674389112787,-0.047844830421013285,0.9608118382845987
1300,2.0,0,local_minimum_gap,80,-650.693625341068,-649.7701847923098,-0.23190506668890976,0.923440548758208
1400,2.0,0,local_minimum_gap,86,-700.8611442095643,-699.9598430910985,-0.41049365033131835,0.9013011184657671
600,2.0,1,midpoint_nearest,37,-300.06251169923075,-298.73072164017736,0.6033833302959692,1.3317900590533895
700,2.0,1,midpoint_nearest,43,-350.3078859795972,-349.014446052624,0.3388339838894012,1.2934399269731784
800,2.0,1,midpoint_nearest,49,-400.5439764898002,-399.2807928297269,0.08761534023642525,1.2631836600732527
900,2.0,1,midpoint_nearest,55,-450.7734348164544,-449.5338969990552,-0.15366590775477107,1.2395378173992526
1000,2.0,1,midpoint_nearest,61,-500.99813754121897,-499.7766628011375,-0.38740017117822845,1.2214747400814758
1100,2.0,1,midpoint_nearest,68,-550.0112689981361,-548.7726922879208,0.6080193569715675,1.238576710215284
1200,2.0,1,midpoint_nearest,74,-600.2394340627374,-599.0238505750481,0.3683576811072271,1.2155834876892868
1300,2.0,1,midpoint_nearest,80,-650.4625600232436,-649.2662589218943,0.13559052743107713,1.1963011013492633
1400,2.0,1,midpoint_nearest,86,-700.6818114947832,-699.5012270923347,-0.09151929355903121,1.1805844024485168
600,2.0,1,straddling,37,-300.06251169923075,-298.73072164017736,0.6033833302959692,1.3317900590533895
700,2.0,1,straddling,43,-350.3078859795972,-349.014446052624,0.3388339838894012,1.2934399269731784
800,2.0,1,straddling,49,-400.5439764898002,-399.2807928297269,0.08761534023642525,1.2631836600732527
900,2.0,1,straddling,55,-450.7734348164544,-449.5338969990552,-0.15366590775477107,1.2395378173992526
1000,2.0,1,straddling,61,-500.99813754121897,-499.7766628011375,-0.38740017117822845,1.2214747400814758
1100,2.0,1,straddling,68,-550.0112689981361,-548.7726922879208,0.6080193569715675,1.238576710215284
1200,2.0,1,straddling,74,-600.2394340627374,-599.0238505750481,0.3683576811072271,1.2155834876892868
1300,2.0,1,straddling,80,-650.4625600232436,-649.2662589218943,0.13559052743107713,1.1963011013492633
1400,2.0,1,straddling,86,-700.6818114947832,-699.5012270923347,-0.09151929355903121,1.1805844024485168
600,2.0,1,local_minimum_gap,36,-301.3600113059808,-300.06251169923075,-0.7112615026057938,1.2974996067500228
700,2.0,1,local_minimum_gap,42,-351.58577280232936,-350.3078859795972,-0.9468293909632735,1.277886822732171
800,2.0,1,local_minimum_gap,49,-400.5439764898002,-399.2807928297269,0.08761534023642525,1.2631836600732527
900,2.0,1,local_minimum_gap,55,-450.7734348164544,-449.5338969990552,-0.15366590775477107,1.2395378173992526
1000,2.0,1,local_minimum_gap,61,-500.99813754121897,-499.7766628011375,-0.38740017117822845,1.2214747400814758
1100,2.0,1,local_minimum_gap,67,-551.2194565632494,-550.0112689981361,-0.6153627806927489,1.2081875651133487
1200,2.0,1,local_minimum_gap,73,-601.4384089849494,-600.2394340627374,-0.8389215238433962,1.1989749222120736
1300,2.0,1,local_minimum_gap,79,-651.6557494301562,-650.4625600232436,-1.0591547266999441,1.1931894069126656
1400,2.0,1,local_minimum_gap,86,-700.6818114947832,-699.5012270923347,-0.09151929355903121,1.1805844024485168
